loaded_uid,ncbi_taxon_id,taxon_rank_level,relative_abundance,scientific_name,run_id
38171.0,816,genus,19.3232,Bacteroides,ERR1073812
38171.0,216851,genus,8.09883,Faecalibacterium,ERR1073812
38171.0,239759,genus,3.12022,Alistipes,ERR1073812
38171.0,838,genus,2.41804,Prevotella,ERR1073812
38171.0,375288,genus,0.950319,Parabacteroides,ERR1073812
38171.0,1730,genus,0.802492,Eubacterium,ERR1073812
38171.0,39948,genus,0.654664,Dialister,ERR1073812
38171.0,577309,genus,0.649385,Paraprevotella,ERR1073812
38171.0,459786,genus,0.628267,Oscillibacter,ERR1073812
38171.0,572511,genus,0.570192,Blautia,ERR1073812
38171.0,1506553,genus,0.295655,Lachnoclostridium,ERR1073812
38171.0,577310,genus,0.269257,Parasutterella,ERR1073812
38171.0,35832,genus,0.248139,Bilophila,ERR1073812
38171.0,1508657,genus,0.23758,Ruminiclostridium,ERR1073812
38171.0,283168,genus,0.211182,Odoribacter,ERR1073812
38171.0,189330,genus,0.163666,Dorea,ERR1073812
38171.0,841,genus,0.158387,Roseburia,ERR1073812
38171.0,33042,genus,0.131989,Coprococcus,ERR1073812
38171.0,561,genus,0.100311,Escherichia,ERR1073812
38171.0,872,genus,0.0950319,Desulfovibrio,ERR1073812
38171.0,1678,genus,0.0791933,Bifidobacterium,ERR1073812
38171.0,244127,genus,0.0686342,Anaerotruncus,ERR1073812
38171.0,1506577,genus,0.0580751,Tyzzerella,ERR1073812
38171.0,286,genus,0.047516,Pseudomonas,ERR1073812
38171.0,1301,genus,0.047516,Streptococcus,ERR1073812
38171.0,1505663,genus,0.0422364,Erysipelatoclostridium,ERR1073812
38171.0,44748,genus,0.0369569,Sporobacter,ERR1073812
38171.0,590,genus,0.0316773,Salmonella,ERR1073812
38171.0,990721,genus,0.0263978,Christensenella,ERR1073812
38171.0,1485,genus,0.0263978,Clostridium,ERR1073812
38171.0,52784,genus,0.0263978,Anaerofilum,ERR1073812
38171.0,1386,genus,0.0211182,Bacillus,ERR1073812
38171.0,1263,genus,0.0211182,Ruminococcus,ERR1073812
38171.0,482,genus,0.0158387,Neisseria,ERR1073812
38171.0,61170,genus,0.0158387,Holdemania,ERR1073812
38171.0,29465,genus,0.0158387,Veillonella,ERR1073812
38171.0,642,genus,0.0105591,Aeromonas,ERR1073812
38171.0,581,genus,0.0105591,Morganella,ERR1073812
38171.0,84108,genus,0.0105591,Slackia,ERR1073812
38171.0,848,genus,0.0105591,Fusobacterium,ERR1073812
38171.0,702,genus,0.0105591,Plesiomonas,ERR1073812
38171.0,53335,genus,0.0105591,Pantoea,ERR1073812
38171.0,830,genus,0.0105591,Butyrivibrio,ERR1073812
38171.0,84567,genus,0.0105591,Pedobacter,ERR1073812
38171.0,100883,genus,0.0105591,Coprobacillus,ERR1073812
38171.0,469,genus,0.0105591,Acinetobacter,ERR1073812
38171.0,998014,genus,0.0105591,Cocleimonas,ERR1073812
38171.0,1548510,genus,0.00527955,Microbacter,ERR1073812
38171.0,32207,genus,0.00527955,Rothia,ERR1073812
38171.0,182709,genus,0.00527955,Oceanobacillus,ERR1073812
38171.0,1350,genus,0.00527955,Enterococcus,ERR1073812
38171.0,413496,genus,0.00527955,Cronobacter,ERR1073812
38171.0,898,genus,0.00527955,Desulfomicrobium,ERR1073812
38171.0,866673,genus,0.00527955,Marinifilum,ERR1073812
38171.0,34037,genus,0.00527955,Rahnella,ERR1073812
38171.0,106633,genus,0.00527955,Thioalkalivibrio,ERR1073812
38171.0,40222,genus,0.00527955,Methylophaga,ERR1073812
38171.0,445,genus,0.00527955,Legionella,ERR1073812
38171.0,40323,genus,0.00527955,Stenotrophomonas,ERR1073812
38171.0,620,genus,0.00527955,Shigella,ERR1073812
38171.0,2093,genus,0.00527955,Mycoplasma,ERR1073812
38171.0,28231,genus,0.00527955,Geobacter,ERR1073812
38171.0,724,genus,0.00527955,Haemophilus,ERR1073812
38171.0,1645,genus,0.00527955,Renibacterium,ERR1073812
38171.0,239934,genus,0.00527955,Akkermansia,ERR1073812
38171.0,79328,genus,0.00527955,Chitinophaga,ERR1073812
38171.0,129337,genus,0.00527955,Geobacillus,ERR1073812
,-1,genus,59.0993,Unknown,ERR1073812
38171.0,816,genus,19.3232,Bacteroides,ERR1073812
38171.0,216851,genus,8.09883,Faecalibacterium,ERR1073812
38171.0,239759,genus,3.12022,Alistipes,ERR1073812
38171.0,838,genus,2.41804,Prevotella,ERR1073812
38171.0,375288,genus,0.950319,Parabacteroides,ERR1073812
38171.0,1730,genus,0.802492,Eubacterium,ERR1073812
38171.0,39948,genus,0.654664,Dialister,ERR1073812
38171.0,577309,genus,0.649385,Paraprevotella,ERR1073812
38171.0,459786,genus,0.628267,Oscillibacter,ERR1073812
38171.0,572511,genus,0.570192,Blautia,ERR1073812
38171.0,1506553,genus,0.295655,Lachnoclostridium,ERR1073812
38171.0,577310,genus,0.269257,Parasutterella,ERR1073812
38171.0,35832,genus,0.248139,Bilophila,ERR1073812
38171.0,1508657,genus,0.23758,Ruminiclostridium,ERR1073812
38171.0,283168,genus,0.211182,Odoribacter,ERR1073812
38171.0,189330,genus,0.163666,Dorea,ERR1073812
38171.0,841,genus,0.158387,Roseburia,ERR1073812
38171.0,33042,genus,0.131989,Coprococcus,ERR1073812
38171.0,561,genus,0.100311,Escherichia,ERR1073812
38171.0,872,genus,0.0950319,Desulfovibrio,ERR1073812
38171.0,1678,genus,0.0791933,Bifidobacterium,ERR1073812
38171.0,244127,genus,0.0686342,Anaerotruncus,ERR1073812
38171.0,1506577,genus,0.0580751,Tyzzerella,ERR1073812
38171.0,1301,genus,0.047516,Streptococcus,ERR1073812
38171.0,286,genus,0.047516,Pseudomonas,ERR1073812
38171.0,1505663,genus,0.0422364,Erysipelatoclostridium,ERR1073812
38171.0,44748,genus,0.0369569,Sporobacter,ERR1073812
38171.0,590,genus,0.0316773,Salmonella,ERR1073812
38171.0,52784,genus,0.0263978,Anaerofilum,ERR1073812
38171.0,990721,genus,0.0263978,Christensenella,ERR1073812
38171.0,1485,genus,0.0263978,Clostridium,ERR1073812
38171.0,1263,genus,0.0211182,Ruminococcus,ERR1073812
38171.0,1386,genus,0.0211182,Bacillus,ERR1073812
38171.0,482,genus,0.0158387,Neisseria,ERR1073812
38171.0,61170,genus,0.0158387,Holdemania,ERR1073812
38171.0,29465,genus,0.0158387,Veillonella,ERR1073812
38171.0,998014,genus,0.0105591,Cocleimonas,ERR1073812
38171.0,642,genus,0.0105591,Aeromonas,ERR1073812
38171.0,581,genus,0.0105591,Morganella,ERR1073812
38171.0,84108,genus,0.0105591,Slackia,ERR1073812
38171.0,848,genus,0.0105591,Fusobacterium,ERR1073812
38171.0,702,genus,0.0105591,Plesiomonas,ERR1073812
38171.0,53335,genus,0.0105591,Pantoea,ERR1073812
38171.0,830,genus,0.0105591,Butyrivibrio,ERR1073812
38171.0,84567,genus,0.0105591,Pedobacter,ERR1073812
38171.0,100883,genus,0.0105591,Coprobacillus,ERR1073812
38171.0,469,genus,0.0105591,Acinetobacter,ERR1073812
38171.0,1645,genus,0.00527955,Renibacterium,ERR1073812
38171.0,239934,genus,0.00527955,Akkermansia,ERR1073812
38171.0,79328,genus,0.00527955,Chitinophaga,ERR1073812
38171.0,129337,genus,0.00527955,Geobacillus,ERR1073812
38171.0,1548510,genus,0.00527955,Microbacter,ERR1073812
38171.0,32207,genus,0.00527955,Rothia,ERR1073812
38171.0,182709,genus,0.00527955,Oceanobacillus,ERR1073812
38171.0,1350,genus,0.00527955,Enterococcus,ERR1073812
38171.0,413496,genus,0.00527955,Cronobacter,ERR1073812
38171.0,898,genus,0.00527955,Desulfomicrobium,ERR1073812
38171.0,866673,genus,0.00527955,Marinifilum,ERR1073812
38171.0,34037,genus,0.00527955,Rahnella,ERR1073812
38171.0,106633,genus,0.00527955,Thioalkalivibrio,ERR1073812
38171.0,40222,genus,0.00527955,Methylophaga,ERR1073812
38171.0,445,genus,0.00527955,Legionella,ERR1073812
38171.0,40323,genus,0.00527955,Stenotrophomonas,ERR1073812
38171.0,620,genus,0.00527955,Shigella,ERR1073812
38171.0,2093,genus,0.00527955,Mycoplasma,ERR1073812
38171.0,28231,genus,0.00527955,Geobacter,ERR1073812
38171.0,724,genus,0.00527955,Haemophilus,ERR1073812
,-1,genus,59.0993,Unknown,ERR1073812
38171.0,816,genus,19.3232,Bacteroides,ERR1073812
38171.0,216851,genus,8.09883,Faecalibacterium,ERR1073812
38171.0,239759,genus,3.12022,Alistipes,ERR1073812
38171.0,838,genus,2.41804,Prevotella,ERR1073812
38171.0,375288,genus,0.950319,Parabacteroides,ERR1073812
38171.0,1730,genus,0.802492,Eubacterium,ERR1073812
38171.0,39948,genus,0.654664,Dialister,ERR1073812
38171.0,577309,genus,0.649385,Paraprevotella,ERR1073812
38171.0,459786,genus,0.628267,Oscillibacter,ERR1073812
38171.0,572511,genus,0.570192,Blautia,ERR1073812
38171.0,1506553,genus,0.295655,Lachnoclostridium,ERR1073812
38171.0,577310,genus,0.269257,Parasutterella,ERR1073812
38171.0,35832,genus,0.248139,Bilophila,ERR1073812
38171.0,1508657,genus,0.23758,Ruminiclostridium,ERR1073812
38171.0,283168,genus,0.211182,Odoribacter,ERR1073812
38171.0,189330,genus,0.163666,Dorea,ERR1073812
38171.0,841,genus,0.158387,Roseburia,ERR1073812
38171.0,33042,genus,0.131989,Coprococcus,ERR1073812
38171.0,561,genus,0.100311,Escherichia,ERR1073812
38171.0,872,genus,0.0950319,Desulfovibrio,ERR1073812
38171.0,1678,genus,0.0791933,Bifidobacterium,ERR1073812
38171.0,244127,genus,0.0686342,Anaerotruncus,ERR1073812
38171.0,1506577,genus,0.0580751,Tyzzerella,ERR1073812
38171.0,286,genus,0.047516,Pseudomonas,ERR1073812
38171.0,1301,genus,0.047516,Streptococcus,ERR1073812
38171.0,1505663,genus,0.0422364,Erysipelatoclostridium,ERR1073812
38171.0,44748,genus,0.0369569,Sporobacter,ERR1073812
38171.0,590,genus,0.0316773,Salmonella,ERR1073812
38171.0,990721,genus,0.0263978,Christensenella,ERR1073812
38171.0,1485,genus,0.0263978,Clostridium,ERR1073812
38171.0,52784,genus,0.0263978,Anaerofilum,ERR1073812
38171.0,1263,genus,0.0211182,Ruminococcus,ERR1073812
38171.0,1386,genus,0.0211182,Bacillus,ERR1073812
38171.0,61170,genus,0.0158387,Holdemania,ERR1073812
38171.0,29465,genus,0.0158387,Veillonella,ERR1073812
38171.0,482,genus,0.0158387,Neisseria,ERR1073812
38171.0,53335,genus,0.0105591,Pantoea,ERR1073812
38171.0,830,genus,0.0105591,Butyrivibrio,ERR1073812
38171.0,84567,genus,0.0105591,Pedobacter,ERR1073812
38171.0,100883,genus,0.0105591,Coprobacillus,ERR1073812
38171.0,469,genus,0.0105591,Acinetobacter,ERR1073812
38171.0,998014,genus,0.0105591,Cocleimonas,ERR1073812
38171.0,642,genus,0.0105591,Aeromonas,ERR1073812
38171.0,581,genus,0.0105591,Morganella,ERR1073812
38171.0,84108,genus,0.0105591,Slackia,ERR1073812
38171.0,848,genus,0.0105591,Fusobacterium,ERR1073812
38171.0,702,genus,0.0105591,Plesiomonas,ERR1073812
38171.0,106633,genus,0.00527955,Thioalkalivibrio,ERR1073812
38171.0,40222,genus,0.00527955,Methylophaga,ERR1073812
38171.0,445,genus,0.00527955,Legionella,ERR1073812
38171.0,40323,genus,0.00527955,Stenotrophomonas,ERR1073812
38171.0,620,genus,0.00527955,Shigella,ERR1073812
38171.0,2093,genus,0.00527955,Mycoplasma,ERR1073812
38171.0,28231,genus,0.00527955,Geobacter,ERR1073812
38171.0,724,genus,0.00527955,Haemophilus,ERR1073812
38171.0,1645,genus,0.00527955,Renibacterium,ERR1073812
38171.0,239934,genus,0.00527955,Akkermansia,ERR1073812
38171.0,79328,genus,0.00527955,Chitinophaga,ERR1073812
38171.0,129337,genus,0.00527955,Geobacillus,ERR1073812
38171.0,1548510,genus,0.00527955,Microbacter,ERR1073812
38171.0,32207,genus,0.00527955,Rothia,ERR1073812
38171.0,182709,genus,0.00527955,Oceanobacillus,ERR1073812
38171.0,1350,genus,0.00527955,Enterococcus,ERR1073812
38171.0,413496,genus,0.00527955,Cronobacter,ERR1073812
38171.0,898,genus,0.00527955,Desulfomicrobium,ERR1073812
38171.0,866673,genus,0.00527955,Marinifilum,ERR1073812
38171.0,34037,genus,0.00527955,Rahnella,ERR1073812
,-1,genus,59.0993,Unknown,ERR1073812
38171.0,816,genus,19.3232,Bacteroides,ERR1073812
38171.0,216851,genus,8.09883,Faecalibacterium,ERR1073812
38171.0,239759,genus,3.12022,Alistipes,ERR1073812
38171.0,838,genus,2.41804,Prevotella,ERR1073812
38171.0,375288,genus,0.950319,Parabacteroides,ERR1073812
38171.0,1730,genus,0.802492,Eubacterium,ERR1073812
38171.0,39948,genus,0.654664,Dialister,ERR1073812
38171.0,577309,genus,0.649385,Paraprevotella,ERR1073812
38171.0,459786,genus,0.628267,Oscillibacter,ERR1073812
38171.0,572511,genus,0.570192,Blautia,ERR1073812
38171.0,1506553,genus,0.295655,Lachnoclostridium,ERR1073812
38171.0,577310,genus,0.269257,Parasutterella,ERR1073812
38171.0,35832,genus,0.248139,Bilophila,ERR1073812
38171.0,1508657,genus,0.23758,Ruminiclostridium,ERR1073812
38171.0,283168,genus,0.211182,Odoribacter,ERR1073812
38171.0,189330,genus,0.163666,Dorea,ERR1073812
38171.0,841,genus,0.158387,Roseburia,ERR1073812
38171.0,33042,genus,0.131989,Coprococcus,ERR1073812
38171.0,561,genus,0.100311,Escherichia,ERR1073812
38171.0,872,genus,0.0950319,Desulfovibrio,ERR1073812
38171.0,1678,genus,0.0791933,Bifidobacterium,ERR1073812
38171.0,244127,genus,0.0686342,Anaerotruncus,ERR1073812
38171.0,1506577,genus,0.0580751,Tyzzerella,ERR1073812
38171.0,1301,genus,0.047516,Streptococcus,ERR1073812
38171.0,286,genus,0.047516,Pseudomonas,ERR1073812
38171.0,1505663,genus,0.0422364,Erysipelatoclostridium,ERR1073812
38171.0,44748,genus,0.0369569,Sporobacter,ERR1073812
38171.0,590,genus,0.0316773,Salmonella,ERR1073812
38171.0,990721,genus,0.0263978,Christensenella,ERR1073812
38171.0,1485,genus,0.0263978,Clostridium,ERR1073812
38171.0,52784,genus,0.0263978,Anaerofilum,ERR1073812
38171.0,1386,genus,0.0211182,Bacillus,ERR1073812
38171.0,1263,genus,0.0211182,Ruminococcus,ERR1073812
38171.0,482,genus,0.0158387,Neisseria,ERR1073812
38171.0,61170,genus,0.0158387,Holdemania,ERR1073812
38171.0,29465,genus,0.0158387,Veillonella,ERR1073812
38171.0,998014,genus,0.0105591,Cocleimonas,ERR1073812
38171.0,642,genus,0.0105591,Aeromonas,ERR1073812
38171.0,581,genus,0.0105591,Morganella,ERR1073812
38171.0,84108,genus,0.0105591,Slackia,ERR1073812
38171.0,848,genus,0.0105591,Fusobacterium,ERR1073812
38171.0,702,genus,0.0105591,Plesiomonas,ERR1073812
38171.0,53335,genus,0.0105591,Pantoea,ERR1073812
38171.0,830,genus,0.0105591,Butyrivibrio,ERR1073812
38171.0,84567,genus,0.0105591,Pedobacter,ERR1073812
38171.0,100883,genus,0.0105591,Coprobacillus,ERR1073812
38171.0,469,genus,0.0105591,Acinetobacter,ERR1073812
38171.0,129337,genus,0.00527955,Geobacillus,ERR1073812
38171.0,1548510,genus,0.00527955,Microbacter,ERR1073812
38171.0,32207,genus,0.00527955,Rothia,ERR1073812
38171.0,182709,genus,0.00527955,Oceanobacillus,ERR1073812
38171.0,1350,genus,0.00527955,Enterococcus,ERR1073812
38171.0,413496,genus,0.00527955,Cronobacter,ERR1073812
38171.0,898,genus,0.00527955,Desulfomicrobium,ERR1073812
38171.0,866673,genus,0.00527955,Marinifilum,ERR1073812
38171.0,34037,genus,0.00527955,Rahnella,ERR1073812
38171.0,106633,genus,0.00527955,Thioalkalivibrio,ERR1073812
38171.0,40222,genus,0.00527955,Methylophaga,ERR1073812
38171.0,445,genus,0.00527955,Legionella,ERR1073812
38171.0,40323,genus,0.00527955,Stenotrophomonas,ERR1073812
38171.0,620,genus,0.00527955,Shigella,ERR1073812
38171.0,2093,genus,0.00527955,Mycoplasma,ERR1073812
38171.0,28231,genus,0.00527955,Geobacter,ERR1073812
38171.0,724,genus,0.00527955,Haemophilus,ERR1073812
38171.0,1645,genus,0.00527955,Renibacterium,ERR1073812
38171.0,239934,genus,0.00527955,Akkermansia,ERR1073812
38171.0,79328,genus,0.00527955,Chitinophaga,ERR1073812
,-1,genus,59.0993,Unknown,ERR1073812
38171.0,816,genus,19.3232,Bacteroides,ERR1073812
38171.0,216851,genus,8.09883,Faecalibacterium,ERR1073812
38171.0,239759,genus,3.12022,Alistipes,ERR1073812
38171.0,838,genus,2.41804,Prevotella,ERR1073812
38171.0,375288,genus,0.950319,Parabacteroides,ERR1073812
38171.0,1730,genus,0.802492,Eubacterium,ERR1073812
38171.0,39948,genus,0.654664,Dialister,ERR1073812
38171.0,577309,genus,0.649385,Paraprevotella,ERR1073812
38171.0,459786,genus,0.628267,Oscillibacter,ERR1073812
38171.0,572511,genus,0.570192,Blautia,ERR1073812
38171.0,1506553,genus,0.295655,Lachnoclostridium,ERR1073812
38171.0,577310,genus,0.269257,Parasutterella,ERR1073812
38171.0,35832,genus,0.248139,Bilophila,ERR1073812
38171.0,1508657,genus,0.23758,Ruminiclostridium,ERR1073812
38171.0,283168,genus,0.211182,Odoribacter,ERR1073812
38171.0,189330,genus,0.163666,Dorea,ERR1073812
38171.0,841,genus,0.158387,Roseburia,ERR1073812
38171.0,33042,genus,0.131989,Coprococcus,ERR1073812
38171.0,561,genus,0.100311,Escherichia,ERR1073812
38171.0,872,genus,0.0950319,Desulfovibrio,ERR1073812
38171.0,1678,genus,0.0791933,Bifidobacterium,ERR1073812
38171.0,244127,genus,0.0686342,Anaerotruncus,ERR1073812
38171.0,1506577,genus,0.0580751,Tyzzerella,ERR1073812
38171.0,286,genus,0.047516,Pseudomonas,ERR1073812
38171.0,1301,genus,0.047516,Streptococcus,ERR1073812
38171.0,1505663,genus,0.0422364,Erysipelatoclostridium,ERR1073812
38171.0,44748,genus,0.0369569,Sporobacter,ERR1073812
38171.0,590,genus,0.0316773,Salmonella,ERR1073812
38171.0,990721,genus,0.0263978,Christensenella,ERR1073812
38171.0,1485,genus,0.0263978,Clostridium,ERR1073812
38171.0,52784,genus,0.0263978,Anaerofilum,ERR1073812
38171.0,1386,genus,0.0211182,Bacillus,ERR1073812
38171.0,1263,genus,0.0211182,Ruminococcus,ERR1073812
38171.0,482,genus,0.0158387,Neisseria,ERR1073812
38171.0,61170,genus,0.0158387,Holdemania,ERR1073812
38171.0,29465,genus,0.0158387,Veillonella,ERR1073812
38171.0,702,genus,0.0105591,Plesiomonas,ERR1073812
38171.0,53335,genus,0.0105591,Pantoea,ERR1073812
38171.0,830,genus,0.0105591,Butyrivibrio,ERR1073812
38171.0,84567,genus,0.0105591,Pedobacter,ERR1073812
38171.0,100883,genus,0.0105591,Coprobacillus,ERR1073812
38171.0,469,genus,0.0105591,Acinetobacter,ERR1073812
38171.0,998014,genus,0.0105591,Cocleimonas,ERR1073812
38171.0,642,genus,0.0105591,Aeromonas,ERR1073812
38171.0,581,genus,0.0105591,Morganella,ERR1073812
38171.0,84108,genus,0.0105591,Slackia,ERR1073812
38171.0,848,genus,0.0105591,Fusobacterium,ERR1073812
38171.0,1350,genus,0.00527955,Enterococcus,ERR1073812
38171.0,413496,genus,0.00527955,Cronobacter,ERR1073812
38171.0,898,genus,0.00527955,Desulfomicrobium,ERR1073812
38171.0,866673,genus,0.00527955,Marinifilum,ERR1073812
38171.0,34037,genus,0.00527955,Rahnella,ERR1073812
38171.0,106633,genus,0.00527955,Thioalkalivibrio,ERR1073812
38171.0,40222,genus,0.00527955,Methylophaga,ERR1073812
38171.0,445,genus,0.00527955,Legionella,ERR1073812
38171.0,40323,genus,0.00527955,Stenotrophomonas,ERR1073812
38171.0,620,genus,0.00527955,Shigella,ERR1073812
38171.0,2093,genus,0.00527955,Mycoplasma,ERR1073812
38171.0,28231,genus,0.00527955,Geobacter,ERR1073812
38171.0,724,genus,0.00527955,Haemophilus,ERR1073812
38171.0,1645,genus,0.00527955,Renibacterium,ERR1073812
38171.0,239934,genus,0.00527955,Akkermansia,ERR1073812
38171.0,79328,genus,0.00527955,Chitinophaga,ERR1073812
38171.0,129337,genus,0.00527955,Geobacillus,ERR1073812
38171.0,1548510,genus,0.00527955,Microbacter,ERR1073812
38171.0,32207,genus,0.00527955,Rothia,ERR1073812
38171.0,182709,genus,0.00527955,Oceanobacillus,ERR1073812
,-1,genus,59.0993,Unknown,ERR1073812
38171.0,816,genus,19.3232,Bacteroides,ERR1073812
38171.0,216851,genus,8.09883,Faecalibacterium,ERR1073812
38171.0,239759,genus,3.12022,Alistipes,ERR1073812
38171.0,838,genus,2.41804,Prevotella,ERR1073812
38171.0,375288,genus,0.950319,Parabacteroides,ERR1073812
38171.0,1730,genus,0.802492,Eubacterium,ERR1073812
38171.0,39948,genus,0.654664,Dialister,ERR1073812
38171.0,577309,genus,0.649385,Paraprevotella,ERR1073812
38171.0,459786,genus,0.628267,Oscillibacter,ERR1073812
38171.0,572511,genus,0.570192,Blautia,ERR1073812
38171.0,1506553,genus,0.295655,Lachnoclostridium,ERR1073812
38171.0,577310,genus,0.269257,Parasutterella,ERR1073812
38171.0,35832,genus,0.248139,Bilophila,ERR1073812
38171.0,1508657,genus,0.23758,Ruminiclostridium,ERR1073812
38171.0,283168,genus,0.211182,Odoribacter,ERR1073812
38171.0,189330,genus,0.163666,Dorea,ERR1073812
38171.0,841,genus,0.158387,Roseburia,ERR1073812
38171.0,33042,genus,0.131989,Coprococcus,ERR1073812
38171.0,561,genus,0.100311,Escherichia,ERR1073812
38171.0,872,genus,0.0950319,Desulfovibrio,ERR1073812
38171.0,1678,genus,0.0791933,Bifidobacterium,ERR1073812
38171.0,244127,genus,0.0686342,Anaerotruncus,ERR1073812
38171.0,1506577,genus,0.0580751,Tyzzerella,ERR1073812
38171.0,286,genus,0.047516,Pseudomonas,ERR1073812
38171.0,1301,genus,0.047516,Streptococcus,ERR1073812
38171.0,1505663,genus,0.0422364,Erysipelatoclostridium,ERR1073812
38171.0,44748,genus,0.0369569,Sporobacter,ERR1073812
38171.0,590,genus,0.0316773,Salmonella,ERR1073812
38171.0,990721,genus,0.0263978,Christensenella,ERR1073812
38171.0,1485,genus,0.0263978,Clostridium,ERR1073812
38171.0,52784,genus,0.0263978,Anaerofilum,ERR1073812
38171.0,1263,genus,0.0211182,Ruminococcus,ERR1073812
38171.0,1386,genus,0.0211182,Bacillus,ERR1073812
38171.0,61170,genus,0.0158387,Holdemania,ERR1073812
38171.0,29465,genus,0.0158387,Veillonella,ERR1073812
38171.0,482,genus,0.0158387,Neisseria,ERR1073812
38171.0,53335,genus,0.0105591,Pantoea,ERR1073812
38171.0,84567,genus,0.0105591,Pedobacter,ERR1073812
38171.0,830,genus,0.0105591,Butyrivibrio,ERR1073812
38171.0,100883,genus,0.0105591,Coprobacillus,ERR1073812
38171.0,469,genus,0.0105591,Acinetobacter,ERR1073812
38171.0,998014,genus,0.0105591,Cocleimonas,ERR1073812
38171.0,581,genus,0.0105591,Morganella,ERR1073812
38171.0,642,genus,0.0105591,Aeromonas,ERR1073812
38171.0,84108,genus,0.0105591,Slackia,ERR1073812
38171.0,848,genus,0.0105591,Fusobacterium,ERR1073812
38171.0,702,genus,0.0105591,Plesiomonas,ERR1073812
38171.0,34037,genus,0.00527955,Rahnella,ERR1073812
38171.0,866673,genus,0.00527955,Marinifilum,ERR1073812
38171.0,106633,genus,0.00527955,Thioalkalivibrio,ERR1073812
38171.0,40222,genus,0.00527955,Methylophaga,ERR1073812
38171.0,445,genus,0.00527955,Legionella,ERR1073812
38171.0,620,genus,0.00527955,Shigella,ERR1073812
38171.0,40323,genus,0.00527955,Stenotrophomonas,ERR1073812
38171.0,2093,genus,0.00527955,Mycoplasma,ERR1073812
38171.0,28231,genus,0.00527955,Geobacter,ERR1073812
38171.0,724,genus,0.00527955,Haemophilus,ERR1073812
38171.0,239934,genus,0.00527955,Akkermansia,ERR1073812
38171.0,1645,genus,0.00527955,Renibacterium,ERR1073812
38171.0,79328,genus,0.00527955,Chitinophaga,ERR1073812
38171.0,129337,genus,0.00527955,Geobacillus,ERR1073812
38171.0,1548510,genus,0.00527955,Microbacter,ERR1073812
38171.0,32207,genus,0.00527955,Rothia,ERR1073812
38171.0,182709,genus,0.00527955,Oceanobacillus,ERR1073812
38171.0,1350,genus,0.00527955,Enterococcus,ERR1073812
38171.0,898,genus,0.00527955,Desulfomicrobium,ERR1073812
38171.0,413496,genus,0.00527955,Cronobacter,ERR1073812
,-1,genus,59.0993,Unknown,ERR1073812
38171.0,816,genus,19.3232,Bacteroides,ERR1073812
38171.0,216851,genus,8.09883,Faecalibacterium,ERR1073812
38171.0,239759,genus,3.12022,Alistipes,ERR1073812
38171.0,838,genus,2.41804,Prevotella,ERR1073812
38171.0,375288,genus,0.950319,Parabacteroides,ERR1073812
38171.0,1730,genus,0.802492,Eubacterium,ERR1073812
38171.0,39948,genus,0.654664,Dialister,ERR1073812
38171.0,577309,genus,0.649385,Paraprevotella,ERR1073812
38171.0,459786,genus,0.628267,Oscillibacter,ERR1073812
38171.0,572511,genus,0.570192,Blautia,ERR1073812
38171.0,1506553,genus,0.295655,Lachnoclostridium,ERR1073812
38171.0,577310,genus,0.269257,Parasutterella,ERR1073812
38171.0,35832,genus,0.248139,Bilophila,ERR1073812
38171.0,1508657,genus,0.23758,Ruminiclostridium,ERR1073812
38171.0,283168,genus,0.211182,Odoribacter,ERR1073812
38171.0,189330,genus,0.163666,Dorea,ERR1073812
38171.0,841,genus,0.158387,Roseburia,ERR1073812
38171.0,33042,genus,0.131989,Coprococcus,ERR1073812
38171.0,561,genus,0.100311,Escherichia,ERR1073812
38171.0,872,genus,0.0950319,Desulfovibrio,ERR1073812
38171.0,1678,genus,0.0791933,Bifidobacterium,ERR1073812
38171.0,244127,genus,0.0686342,Anaerotruncus,ERR1073812
38171.0,1506577,genus,0.0580751,Tyzzerella,ERR1073812
38171.0,286,genus,0.047516,Pseudomonas,ERR1073812
38171.0,1301,genus,0.047516,Streptococcus,ERR1073812
38171.0,1505663,genus,0.0422364,Erysipelatoclostridium,ERR1073812
38171.0,44748,genus,0.0369569,Sporobacter,ERR1073812
38171.0,590,genus,0.0316773,Salmonella,ERR1073812
38171.0,990721,genus,0.0263978,Christensenella,ERR1073812
38171.0,1485,genus,0.0263978,Clostridium,ERR1073812
38171.0,52784,genus,0.0263978,Anaerofilum,ERR1073812
38171.0,1386,genus,0.0211182,Bacillus,ERR1073812
38171.0,1263,genus,0.0211182,Ruminococcus,ERR1073812
38171.0,482,genus,0.0158387,Neisseria,ERR1073812
38171.0,61170,genus,0.0158387,Holdemania,ERR1073812
38171.0,29465,genus,0.0158387,Veillonella,ERR1073812
38171.0,84108,genus,0.0105591,Slackia,ERR1073812
38171.0,848,genus,0.0105591,Fusobacterium,ERR1073812
38171.0,702,genus,0.0105591,Plesiomonas,ERR1073812
38171.0,53335,genus,0.0105591,Pantoea,ERR1073812
38171.0,830,genus,0.0105591,Butyrivibrio,ERR1073812
38171.0,84567,genus,0.0105591,Pedobacter,ERR1073812
38171.0,100883,genus,0.0105591,Coprobacillus,ERR1073812
38171.0,469,genus,0.0105591,Acinetobacter,ERR1073812
38171.0,998014,genus,0.0105591,Cocleimonas,ERR1073812
38171.0,642,genus,0.0105591,Aeromonas,ERR1073812
38171.0,581,genus,0.0105591,Morganella,ERR1073812
38171.0,182709,genus,0.00527955,Oceanobacillus,ERR1073812
38171.0,1350,genus,0.00527955,Enterococcus,ERR1073812
38171.0,413496,genus,0.00527955,Cronobacter,ERR1073812
38171.0,898,genus,0.00527955,Desulfomicrobium,ERR1073812
38171.0,866673,genus,0.00527955,Marinifilum,ERR1073812
38171.0,34037,genus,0.00527955,Rahnella,ERR1073812
38171.0,106633,genus,0.00527955,Thioalkalivibrio,ERR1073812
38171.0,40222,genus,0.00527955,Methylophaga,ERR1073812
38171.0,445,genus,0.00527955,Legionella,ERR1073812
38171.0,40323,genus,0.00527955,Stenotrophomonas,ERR1073812
38171.0,620,genus,0.00527955,Shigella,ERR1073812
38171.0,2093,genus,0.00527955,Mycoplasma,ERR1073812
38171.0,28231,genus,0.00527955,Geobacter,ERR1073812
38171.0,724,genus,0.00527955,Haemophilus,ERR1073812
38171.0,1645,genus,0.00527955,Renibacterium,ERR1073812
38171.0,239934,genus,0.00527955,Akkermansia,ERR1073812
38171.0,79328,genus,0.00527955,Chitinophaga,ERR1073812
38171.0,129337,genus,0.00527955,Geobacillus,ERR1073812
38171.0,1548510,genus,0.00527955,Microbacter,ERR1073812
38171.0,32207,genus,0.00527955,Rothia,ERR1073812
,-1,genus,59.0993,Unknown,ERR1073812
38171.0,816,genus,19.3232,Bacteroides,ERR1073812
38171.0,216851,genus,8.09883,Faecalibacterium,ERR1073812
38171.0,239759,genus,3.12022,Alistipes,ERR1073812
38171.0,838,genus,2.41804,Prevotella,ERR1073812
38171.0,375288,genus,0.950319,Parabacteroides,ERR1073812
38171.0,1730,genus,0.802492,Eubacterium,ERR1073812
38171.0,39948,genus,0.654664,Dialister,ERR1073812
38171.0,577309,genus,0.649385,Paraprevotella,ERR1073812
38171.0,459786,genus,0.628267,Oscillibacter,ERR1073812
38171.0,572511,genus,0.570192,Blautia,ERR1073812
38171.0,1506553,genus,0.295655,Lachnoclostridium,ERR1073812
38171.0,577310,genus,0.269257,Parasutterella,ERR1073812
38171.0,35832,genus,0.248139,Bilophila,ERR1073812
38171.0,1508657,genus,0.23758,Ruminiclostridium,ERR1073812
38171.0,283168,genus,0.211182,Odoribacter,ERR1073812
38171.0,189330,genus,0.163666,Dorea,ERR1073812
38171.0,841,genus,0.158387,Roseburia,ERR1073812
38171.0,33042,genus,0.131989,Coprococcus,ERR1073812
38171.0,561,genus,0.100311,Escherichia,ERR1073812
38171.0,872,genus,0.0950319,Desulfovibrio,ERR1073812
38171.0,1678,genus,0.0791933,Bifidobacterium,ERR1073812
38171.0,244127,genus,0.0686342,Anaerotruncus,ERR1073812
38171.0,1506577,genus,0.0580751,Tyzzerella,ERR1073812
38171.0,286,genus,0.047516,Pseudomonas,ERR1073812
38171.0,1301,genus,0.047516,Streptococcus,ERR1073812
38171.0,1505663,genus,0.0422364,Erysipelatoclostridium,ERR1073812
38171.0,44748,genus,0.0369569,Sporobacter,ERR1073812
38171.0,590,genus,0.0316773,Salmonella,ERR1073812
38171.0,990721,genus,0.0263978,Christensenella,ERR1073812
38171.0,1485,genus,0.0263978,Clostridium,ERR1073812
38171.0,52784,genus,0.0263978,Anaerofilum,ERR1073812
38171.0,1386,genus,0.0211182,Bacillus,ERR1073812
38171.0,1263,genus,0.0211182,Ruminococcus,ERR1073812
38171.0,482,genus,0.0158387,Neisseria,ERR1073812
38171.0,61170,genus,0.0158387,Holdemania,ERR1073812
38171.0,29465,genus,0.0158387,Veillonella,ERR1073812
38171.0,53335,genus,0.0105591,Pantoea,ERR1073812
38171.0,830,genus,0.0105591,Butyrivibrio,ERR1073812
38171.0,84567,genus,0.0105591,Pedobacter,ERR1073812
38171.0,100883,genus,0.0105591,Coprobacillus,ERR1073812
38171.0,469,genus,0.0105591,Acinetobacter,ERR1073812
38171.0,998014,genus,0.0105591,Cocleimonas,ERR1073812
38171.0,642,genus,0.0105591,Aeromonas,ERR1073812
38171.0,581,genus,0.0105591,Morganella,ERR1073812
38171.0,84108,genus,0.0105591,Slackia,ERR1073812
38171.0,848,genus,0.0105591,Fusobacterium,ERR1073812
38171.0,702,genus,0.0105591,Plesiomonas,ERR1073812
38171.0,413496,genus,0.00527955,Cronobacter,ERR1073812
38171.0,898,genus,0.00527955,Desulfomicrobium,ERR1073812
38171.0,866673,genus,0.00527955,Marinifilum,ERR1073812
38171.0,34037,genus,0.00527955,Rahnella,ERR1073812
38171.0,106633,genus,0.00527955,Thioalkalivibrio,ERR1073812
38171.0,40222,genus,0.00527955,Methylophaga,ERR1073812
38171.0,445,genus,0.00527955,Legionella,ERR1073812
38171.0,40323,genus,0.00527955,Stenotrophomonas,ERR1073812
38171.0,620,genus,0.00527955,Shigella,ERR1073812
38171.0,2093,genus,0.00527955,Mycoplasma,ERR1073812
38171.0,28231,genus,0.00527955,Geobacter,ERR1073812
38171.0,724,genus,0.00527955,Haemophilus,ERR1073812
38171.0,1645,genus,0.00527955,Renibacterium,ERR1073812
38171.0,239934,genus,0.00527955,Akkermansia,ERR1073812
38171.0,79328,genus,0.00527955,Chitinophaga,ERR1073812
38171.0,129337,genus,0.00527955,Geobacillus,ERR1073812
38171.0,1548510,genus,0.00527955,Microbacter,ERR1073812
38171.0,32207,genus,0.00527955,Rothia,ERR1073812
38171.0,182709,genus,0.00527955,Oceanobacillus,ERR1073812
38171.0,1350,genus,0.00527955,Enterococcus,ERR1073812
,-1,genus,59.0993,Unknown,ERR1073812
38171.0,816,genus,19.3232,Bacteroides,ERR1073812
38171.0,216851,genus,8.09883,Faecalibacterium,ERR1073812
38171.0,239759,genus,3.12022,Alistipes,ERR1073812
38171.0,838,genus,2.41804,Prevotella,ERR1073812
38171.0,375288,genus,0.950319,Parabacteroides,ERR1073812
38171.0,1730,genus,0.802492,Eubacterium,ERR1073812
38171.0,39948,genus,0.654664,Dialister,ERR1073812
38171.0,577309,genus,0.649385,Paraprevotella,ERR1073812
38171.0,459786,genus,0.628267,Oscillibacter,ERR1073812
38171.0,572511,genus,0.570192,Blautia,ERR1073812
38171.0,1506553,genus,0.295655,Lachnoclostridium,ERR1073812
38171.0,577310,genus,0.269257,Parasutterella,ERR1073812
38171.0,35832,genus,0.248139,Bilophila,ERR1073812
38171.0,1508657,genus,0.23758,Ruminiclostridium,ERR1073812
38171.0,283168,genus,0.211182,Odoribacter,ERR1073812
38171.0,189330,genus,0.163666,Dorea,ERR1073812
38171.0,841,genus,0.158387,Roseburia,ERR1073812
38171.0,33042,genus,0.131989,Coprococcus,ERR1073812
38171.0,561,genus,0.100311,Escherichia,ERR1073812
38171.0,872,genus,0.0950319,Desulfovibrio,ERR1073812
38171.0,1678,genus,0.0791933,Bifidobacterium,ERR1073812
38171.0,244127,genus,0.0686342,Anaerotruncus,ERR1073812
38171.0,1506577,genus,0.0580751,Tyzzerella,ERR1073812
38171.0,286,genus,0.047516,Pseudomonas,ERR1073812
38171.0,1301,genus,0.047516,Streptococcus,ERR1073812
38171.0,1505663,genus,0.0422364,Erysipelatoclostridium,ERR1073812
38171.0,44748,genus,0.0369569,Sporobacter,ERR1073812
38171.0,590,genus,0.0316773,Salmonella,ERR1073812
38171.0,990721,genus,0.0263978,Christensenella,ERR1073812
38171.0,1485,genus,0.0263978,Clostridium,ERR1073812
38171.0,52784,genus,0.0263978,Anaerofilum,ERR1073812
38171.0,1386,genus,0.0211182,Bacillus,ERR1073812
38171.0,1263,genus,0.0211182,Ruminococcus,ERR1073812
38171.0,482,genus,0.0158387,Neisseria,ERR1073812
38171.0,61170,genus,0.0158387,Holdemania,ERR1073812
38171.0,29465,genus,0.0158387,Veillonella,ERR1073812
38171.0,642,genus,0.0105591,Aeromonas,ERR1073812
38171.0,581,genus,0.0105591,Morganella,ERR1073812
38171.0,84108,genus,0.0105591,Slackia,ERR1073812
38171.0,848,genus,0.0105591,Fusobacterium,ERR1073812
38171.0,702,genus,0.0105591,Plesiomonas,ERR1073812
38171.0,53335,genus,0.0105591,Pantoea,ERR1073812
38171.0,830,genus,0.0105591,Butyrivibrio,ERR1073812
38171.0,84567,genus,0.0105591,Pedobacter,ERR1073812
38171.0,100883,genus,0.0105591,Coprobacillus,ERR1073812
38171.0,469,genus,0.0105591,Acinetobacter,ERR1073812
38171.0,998014,genus,0.0105591,Cocleimonas,ERR1073812
38171.0,1548510,genus,0.00527955,Microbacter,ERR1073812
38171.0,32207,genus,0.00527955,Rothia,ERR1073812
38171.0,182709,genus,0.00527955,Oceanobacillus,ERR1073812
38171.0,1350,genus,0.00527955,Enterococcus,ERR1073812
38171.0,413496,genus,0.00527955,Cronobacter,ERR1073812
38171.0,898,genus,0.00527955,Desulfomicrobium,ERR1073812
38171.0,866673,genus,0.00527955,Marinifilum,ERR1073812
38171.0,34037,genus,0.00527955,Rahnella,ERR1073812
38171.0,106633,genus,0.00527955,Thioalkalivibrio,ERR1073812
38171.0,40222,genus,0.00527955,Methylophaga,ERR1073812
38171.0,445,genus,0.00527955,Legionella,ERR1073812
38171.0,40323,genus,0.00527955,Stenotrophomonas,ERR1073812
38171.0,620,genus,0.00527955,Shigella,ERR1073812
38171.0,2093,genus,0.00527955,Mycoplasma,ERR1073812
38171.0,28231,genus,0.00527955,Geobacter,ERR1073812
38171.0,724,genus,0.00527955,Haemophilus,ERR1073812
38171.0,1645,genus,0.00527955,Renibacterium,ERR1073812
38171.0,239934,genus,0.00527955,Akkermansia,ERR1073812
38171.0,79328,genus,0.00527955,Chitinophaga,ERR1073812
38171.0,129337,genus,0.00527955,Geobacillus,ERR1073812
,-1,genus,59.0993,Unknown,ERR1073812
38172.0,216851,genus,10.1137,Faecalibacterium,ERR1074811
38172.0,239759,genus,6.94766,Alistipes,ERR1074811
38172.0,572511,genus,6.76547,Blautia,ERR1074811
38172.0,239934,genus,5.77084,Akkermansia,ERR1074811
38172.0,1678,genus,5.64774,Bifidobacterium,ERR1074811
38172.0,1505663,genus,4.78113,Erysipelatoclostridium,ERR1074811
38172.0,1508657,genus,4.73682,Ruminiclostridium,ERR1074811
38172.0,1730,genus,4.33798,Eubacterium,ERR1074811
38172.0,816,genus,3.56492,Bacteroides,ERR1074811
38172.0,397864,genus,2.02373,Barnesiella,ERR1074811
38172.0,1263,genus,0.950318,Ruminococcus,ERR1074811
38172.0,1506553,genus,0.871535,Lachnoclostridium,ERR1074811
38172.0,33042,genus,0.8026,Coprococcus,ERR1074811
38172.0,1505657,genus,0.8026,Intestinibacter,ERR1074811
38172.0,375288,genus,0.531784,Parabacteroides,ERR1074811
38172.0,189330,genus,0.497316,Dorea,ERR1074811
38172.0,44748,genus,0.492393,Sporobacter,ERR1074811
38172.0,244127,genus,0.36437,Anaerotruncus,ERR1074811
38172.0,904,genus,0.36437,Acidaminococcus,ERR1074811
38172.0,1485,genus,0.324979,Clostridium,ERR1074811
38172.0,207244,genus,0.25112,Anaerostipes,ERR1074811
38172.0,1301,genus,0.246196,Streptococcus,ERR1074811
38172.0,459786,genus,0.236348,Oscillibacter,ERR1074811
38172.0,52784,genus,0.196957,Anaerofilum,ERR1074811
38172.0,1506577,genus,0.147718,Tyzzerella,ERR1074811
38172.0,841,genus,0.128022,Roseburia,ERR1074811
38172.0,1505652,genus,0.108326,Terrisporobacter,ERR1074811
38172.0,283168,genus,0.0935546,Odoribacter,ERR1074811
38172.0,61170,genus,0.064011,Holdemania,ERR1074811
38172.0,990721,genus,0.0443153,Christensenella,ERR1074811
38172.0,61434,genus,0.0344675,Dehalococcoides,ERR1074811
38172.0,1654,genus,0.0344675,Actinomyces,ERR1074811
38172.0,838,genus,0.0295436,Prevotella,ERR1074811
38172.0,172900,genus,0.0246196,Victivallis,ERR1074811
38172.0,420345,genus,0.0196957,Lactonifactor,ERR1074811
38172.0,1386,genus,0.0196957,Bacillus,ERR1074811
38172.0,1380,genus,0.0196957,Atopobium,ERR1074811
38172.0,1870884,genus,0.0147718,Clostridioides,ERR1074811
38172.0,644652,genus,0.0147718,Gordonibacter,ERR1074811
38172.0,1279,genus,0.0147718,Staphylococcus,ERR1074811
38172.0,32207,genus,0.00984785,Rothia,ERR1074811
38172.0,233189,genus,0.00984785,Anaerolinea,ERR1074811
38172.0,482,genus,0.00984785,Neisseria,ERR1074811
38172.0,100883,genus,0.00984785,Coprobacillus,ERR1074811
38172.0,848,genus,0.00984785,Fusobacterium,ERR1074811
38172.0,100175,genus,0.00984785,Papillibacter,ERR1074811
38172.0,963,genus,0.00984785,Herbaspirillum,ERR1074811
38172.0,872,genus,0.00984785,Desulfovibrio,ERR1074811
38172.0,286,genus,0.00984785,Pseudomonas,ERR1074811
38172.0,84111,genus,0.00984785,Eggerthella,ERR1074811
38172.0,497,genus,0.00984785,Psychrobacter,ERR1074811
38172.0,28138,genus,0.00492393,Rikenella,ERR1074811
38172.0,44000,genus,0.00492393,Caldicellulosiruptor,ERR1074811
38172.0,1645,genus,0.00492393,Renibacterium,ERR1074811
38172.0,670486,genus,0.00492393,Dehalogenimonas,ERR1074811
38172.0,1357,genus,0.00492393,Lactococcus,ERR1074811
38172.0,715222,genus,0.00492393,Caldicoprobacter,ERR1074811
38172.0,44249,genus,0.00492393,Paenibacillus,ERR1074811
38172.0,117563,genus,0.00492393,Granulicatella,ERR1074811
38172.0,118747,genus,0.00492393,Bulleidia,ERR1074811
38172.0,467975,genus,0.00492393,Iamia,ERR1074811
38172.0,543311,genus,0.00492393,Parvimonas,ERR1074811
38172.0,1234,genus,0.00492393,Nitrospira,ERR1074811
38172.0,264995,genus,0.00492393,Anaerofustis,ERR1074811
38172.0,29465,genus,0.00492393,Veillonella,ERR1074811
38172.0,846,genus,0.00492393,Oxalobacter,ERR1074811
38172.0,133925,genus,0.00492393,Olsenella,ERR1074811
38172.0,41273,genus,0.00492393,Tissierella,ERR1074811
38172.0,262406,genus,0.00492393,Thermobaculum,ERR1074811
38172.0,577309,genus,0.00492393,Paraprevotella,ERR1074811
38172.0,35832,genus,0.00492393,Bilophila,ERR1074811
38172.0,469,genus,0.00492393,Acinetobacter,ERR1074811
38172.0,187144,genus,0.00492393,Caldithrix,ERR1074811
,-1,genus,37.087,Unknown,ERR1074811
38172.0,216851,genus,10.1137,Faecalibacterium,ERR1074811
38172.0,239759,genus,6.94766,Alistipes,ERR1074811
38172.0,572511,genus,6.76547,Blautia,ERR1074811
38172.0,239934,genus,5.77084,Akkermansia,ERR1074811
38172.0,1678,genus,5.64774,Bifidobacterium,ERR1074811
38172.0,1505663,genus,4.78113,Erysipelatoclostridium,ERR1074811
38172.0,1508657,genus,4.73682,Ruminiclostridium,ERR1074811
38172.0,1730,genus,4.33798,Eubacterium,ERR1074811
38172.0,816,genus,3.56492,Bacteroides,ERR1074811
38172.0,397864,genus,2.02373,Barnesiella,ERR1074811
38172.0,1263,genus,0.950318,Ruminococcus,ERR1074811
38172.0,1506553,genus,0.871535,Lachnoclostridium,ERR1074811
38172.0,33042,genus,0.8026,Coprococcus,ERR1074811
38172.0,1505657,genus,0.8026,Intestinibacter,ERR1074811
38172.0,375288,genus,0.531784,Parabacteroides,ERR1074811
38172.0,189330,genus,0.497316,Dorea,ERR1074811
38172.0,44748,genus,0.492393,Sporobacter,ERR1074811
38172.0,244127,genus,0.36437,Anaerotruncus,ERR1074811
38172.0,904,genus,0.36437,Acidaminococcus,ERR1074811
38172.0,1485,genus,0.324979,Clostridium,ERR1074811
38172.0,207244,genus,0.25112,Anaerostipes,ERR1074811
38172.0,1301,genus,0.246196,Streptococcus,ERR1074811
38172.0,459786,genus,0.236348,Oscillibacter,ERR1074811
38172.0,52784,genus,0.196957,Anaerofilum,ERR1074811
38172.0,1506577,genus,0.147718,Tyzzerella,ERR1074811
38172.0,841,genus,0.128022,Roseburia,ERR1074811
38172.0,1505652,genus,0.108326,Terrisporobacter,ERR1074811
38172.0,283168,genus,0.0935546,Odoribacter,ERR1074811
38172.0,61170,genus,0.064011,Holdemania,ERR1074811
38172.0,990721,genus,0.0443153,Christensenella,ERR1074811
38172.0,1654,genus,0.0344675,Actinomyces,ERR1074811
38172.0,61434,genus,0.0344675,Dehalococcoides,ERR1074811
38172.0,838,genus,0.0295436,Prevotella,ERR1074811
38172.0,172900,genus,0.0246196,Victivallis,ERR1074811
38172.0,1386,genus,0.0196957,Bacillus,ERR1074811
38172.0,1380,genus,0.0196957,Atopobium,ERR1074811
38172.0,420345,genus,0.0196957,Lactonifactor,ERR1074811
38172.0,1279,genus,0.0147718,Staphylococcus,ERR1074811
38172.0,1870884,genus,0.0147718,Clostridioides,ERR1074811
38172.0,644652,genus,0.0147718,Gordonibacter,ERR1074811
38172.0,482,genus,0.00984785,Neisseria,ERR1074811
38172.0,100883,genus,0.00984785,Coprobacillus,ERR1074811
38172.0,848,genus,0.00984785,Fusobacterium,ERR1074811
38172.0,100175,genus,0.00984785,Papillibacter,ERR1074811
38172.0,963,genus,0.00984785,Herbaspirillum,ERR1074811
38172.0,872,genus,0.00984785,Desulfovibrio,ERR1074811
38172.0,286,genus,0.00984785,Pseudomonas,ERR1074811
38172.0,84111,genus,0.00984785,Eggerthella,ERR1074811
38172.0,497,genus,0.00984785,Psychrobacter,ERR1074811
38172.0,32207,genus,0.00984785,Rothia,ERR1074811
38172.0,233189,genus,0.00984785,Anaerolinea,ERR1074811
38172.0,1357,genus,0.00492393,Lactococcus,ERR1074811
38172.0,715222,genus,0.00492393,Caldicoprobacter,ERR1074811
38172.0,44249,genus,0.00492393,Paenibacillus,ERR1074811
38172.0,117563,genus,0.00492393,Granulicatella,ERR1074811
38172.0,118747,genus,0.00492393,Bulleidia,ERR1074811
38172.0,467975,genus,0.00492393,Iamia,ERR1074811
38172.0,543311,genus,0.00492393,Parvimonas,ERR1074811
38172.0,1234,genus,0.00492393,Nitrospira,ERR1074811
38172.0,264995,genus,0.00492393,Anaerofustis,ERR1074811
38172.0,29465,genus,0.00492393,Veillonella,ERR1074811
38172.0,846,genus,0.00492393,Oxalobacter,ERR1074811
38172.0,133925,genus,0.00492393,Olsenella,ERR1074811
38172.0,41273,genus,0.00492393,Tissierella,ERR1074811
38172.0,262406,genus,0.00492393,Thermobaculum,ERR1074811
38172.0,577309,genus,0.00492393,Paraprevotella,ERR1074811
38172.0,35832,genus,0.00492393,Bilophila,ERR1074811
38172.0,469,genus,0.00492393,Acinetobacter,ERR1074811
38172.0,187144,genus,0.00492393,Caldithrix,ERR1074811
38172.0,28138,genus,0.00492393,Rikenella,ERR1074811
38172.0,44000,genus,0.00492393,Caldicellulosiruptor,ERR1074811
38172.0,1645,genus,0.00492393,Renibacterium,ERR1074811
38172.0,670486,genus,0.00492393,Dehalogenimonas,ERR1074811
,-1,genus,37.087,Unknown,ERR1074811
38173.0,216851,genus,25.8385,Faecalibacterium,ERR1075554
38173.0,397864,genus,16.5679,Barnesiella,ERR1075554
38173.0,816,genus,11.1299,Bacteroides,ERR1075554
38173.0,1506553,genus,3.41666,Lachnoclostridium,ERR1075554
38173.0,239759,genus,3.15526,Alistipes,ERR1075554
38173.0,1508657,genus,2.27164,Ruminiclostridium,ERR1075554
38173.0,459786,genus,2.03233,Oscillibacter,ERR1075554
38173.0,572511,genus,1.97342,Blautia,ERR1075554
38173.0,1730,genus,1.45061,Eubacterium,ERR1075554
38173.0,841,genus,1.39538,Roseburia,ERR1075554
38173.0,1505663,genus,0.416038,Erysipelatoclostridium,ERR1075554
38173.0,239934,genus,0.360811,Akkermansia,ERR1075554
38173.0,33042,genus,0.250359,Coprococcus,ERR1075554
38173.0,283168,genus,0.250359,Odoribacter,ERR1075554
38173.0,44748,genus,0.224587,Sporobacter,ERR1075554
38173.0,1506577,genus,0.224587,Tyzzerella,ERR1075554
38173.0,1263,genus,0.20986,Ruminococcus,ERR1075554
38173.0,150022,genus,0.20986,Finegoldia,ERR1075554
38173.0,1301,genus,0.206178,Streptococcus,ERR1075554
38173.0,61170,genus,0.195133,Holdemania,ERR1075554
38173.0,244127,genus,0.191451,Anaerotruncus,ERR1075554
38173.0,838,genus,0.14727,Prevotella,ERR1075554
38173.0,1279,genus,0.132543,Staphylococcus,ERR1075554
38173.0,189330,genus,0.114134,Dorea,ERR1075554
38173.0,165779,genus,0.0920437,Anaerococcus,ERR1075554
38173.0,162289,genus,0.088362,Peptoniphilus,ERR1075554
38173.0,84111,genus,0.0809985,Eggerthella,ERR1075554
38173.0,1017280,genus,0.0478627,Pseudoflavonifractor,ERR1075554
38173.0,52784,genus,0.044181,Anaerofilum,ERR1075554
38173.0,577309,genus,0.044181,Paraprevotella,ERR1075554
38173.0,1716,genus,0.0404992,Corynebacterium,ERR1075554
38173.0,1485,genus,0.0331357,Clostridium,ERR1075554
38173.0,100883,genus,0.0257722,Coprobacillus,ERR1075554
38173.0,375288,genus,0.0257722,Parabacteroides,ERR1075554
38173.0,39948,genus,0.0257722,Dialister,ERR1075554
38173.0,1505657,genus,0.0184087,Intestinibacter,ERR1075554
38173.0,848,genus,0.014727,Fusobacterium,ERR1075554
38173.0,1654,genus,0.014727,Actinomyces,ERR1075554
38173.0,1578,genus,0.014727,Lactobacillus,ERR1075554
38173.0,29465,genus,0.0110452,Veillonella,ERR1075554
38173.0,102106,genus,0.0110452,Collinsella,ERR1075554
38173.0,207244,genus,0.0110452,Anaerostipes,ERR1075554
38173.0,724,genus,0.0073635,Haemophilus,ERR1075554
38173.0,1678,genus,0.0073635,Bifidobacterium,ERR1075554
38173.0,1134403,genus,0.0073635,Melioribacter,ERR1075554
38173.0,670486,genus,0.0073635,Dehalogenimonas,ERR1075554
38173.0,1386,genus,0.0073635,Bacillus,ERR1075554
38173.0,61434,genus,0.0073635,Dehalococcoides,ERR1075554
38173.0,195950,genus,0.0073635,Tannerella,ERR1075554
38173.0,1471399,genus,0.0073635,Draconibacterium,ERR1075554
38173.0,262406,genus,0.0073635,Thermobaculum,ERR1075554
38173.0,346096,genus,0.00368175,Paludibacter,ERR1075554
38173.0,121038,genus,0.00368175,Ferrimicrobium,ERR1075554
38173.0,99906,genus,0.00368175,Alkalibacterium,ERR1075554
38173.0,43996,genus,0.00368175,Catonella,ERR1075554
38173.0,28138,genus,0.00368175,Rikenella,ERR1075554
38173.0,44249,genus,0.00368175,Paenibacillus,ERR1075554
38173.0,1843210,genus,0.00368175,Anaerocolumna,ERR1075554
38173.0,1502725,genus,0.00368175,Effusibacillus,ERR1075554
38173.0,29404,genus,0.00368175,Microlunatus,ERR1075554
38173.0,32207,genus,0.00368175,Rothia,ERR1075554
38173.0,48736,genus,0.00368175,Ralstonia,ERR1075554
38173.0,118966,genus,0.00368175,Anaerorhabdus,ERR1075554
38173.0,1647,genus,0.00368175,Erysipelothrix,ERR1075554
38173.0,836,genus,0.00368175,Porphyromonas,ERR1075554
38173.0,1350,genus,0.00368175,Enterococcus,ERR1075554
38173.0,2735,genus,0.00368175,Verrucomicrobium,ERR1075554
38173.0,904,genus,0.00368175,Acidaminococcus,ERR1075554
38173.0,1505664,genus,0.00368175,Gottschalkia,ERR1075554
38173.0,653683,genus,0.00368175,Anaerosporobacter,ERR1075554
38173.0,84567,genus,0.00368175,Pedobacter,ERR1075554
38173.0,909656,genus,0.00368175,Phocaeicola,ERR1075554
38173.0,1298,genus,0.00368175,Deinococcus,ERR1075554
38173.0,286,genus,0.00368175,Pseudomonas,ERR1075554
38173.0,81466,genus,0.00368175,Aminobacterium,ERR1075554
38173.0,28250,genus,0.00368175,Ornithobacterium,ERR1075554
38173.0,2086,genus,0.00368175,Anaeroplasma,ERR1075554
38173.0,46205,genus,0.00368175,Pseudobutyrivibrio,ERR1075554
,-1,genus,25.9674,Unknown,ERR1075554
38173.0,216851,genus,25.8385,Faecalibacterium,ERR1075554
38173.0,397864,genus,16.5679,Barnesiella,ERR1075554
38173.0,816,genus,11.1299,Bacteroides,ERR1075554
38173.0,1506553,genus,3.41666,Lachnoclostridium,ERR1075554
38173.0,239759,genus,3.15526,Alistipes,ERR1075554
38173.0,1508657,genus,2.27164,Ruminiclostridium,ERR1075554
38173.0,459786,genus,2.03233,Oscillibacter,ERR1075554
38173.0,572511,genus,1.97342,Blautia,ERR1075554
38173.0,1730,genus,1.45061,Eubacterium,ERR1075554
38173.0,841,genus,1.39538,Roseburia,ERR1075554
38173.0,1505663,genus,0.416038,Erysipelatoclostridium,ERR1075554
38173.0,239934,genus,0.360811,Akkermansia,ERR1075554
38173.0,33042,genus,0.250359,Coprococcus,ERR1075554
38173.0,283168,genus,0.250359,Odoribacter,ERR1075554
38173.0,1506577,genus,0.224587,Tyzzerella,ERR1075554
38173.0,44748,genus,0.224587,Sporobacter,ERR1075554
38173.0,1263,genus,0.20986,Ruminococcus,ERR1075554
38173.0,150022,genus,0.20986,Finegoldia,ERR1075554
38173.0,1301,genus,0.206178,Streptococcus,ERR1075554
38173.0,61170,genus,0.195133,Holdemania,ERR1075554
38173.0,244127,genus,0.191451,Anaerotruncus,ERR1075554
38173.0,838,genus,0.14727,Prevotella,ERR1075554
38173.0,1279,genus,0.132543,Staphylococcus,ERR1075554
38173.0,189330,genus,0.114134,Dorea,ERR1075554
38173.0,165779,genus,0.0920437,Anaerococcus,ERR1075554
38173.0,162289,genus,0.088362,Peptoniphilus,ERR1075554
38173.0,84111,genus,0.0809985,Eggerthella,ERR1075554
38173.0,1017280,genus,0.0478627,Pseudoflavonifractor,ERR1075554
38173.0,52784,genus,0.044181,Anaerofilum,ERR1075554
38173.0,577309,genus,0.044181,Paraprevotella,ERR1075554
38173.0,1716,genus,0.0404992,Corynebacterium,ERR1075554
38173.0,1485,genus,0.0331357,Clostridium,ERR1075554
38173.0,375288,genus,0.0257722,Parabacteroides,ERR1075554
38173.0,39948,genus,0.0257722,Dialister,ERR1075554
38173.0,100883,genus,0.0257722,Coprobacillus,ERR1075554
38173.0,1505657,genus,0.0184087,Intestinibacter,ERR1075554
38173.0,848,genus,0.014727,Fusobacterium,ERR1075554
38173.0,1654,genus,0.014727,Actinomyces,ERR1075554
38173.0,1578,genus,0.014727,Lactobacillus,ERR1075554
38173.0,102106,genus,0.0110452,Collinsella,ERR1075554
38173.0,207244,genus,0.0110452,Anaerostipes,ERR1075554
38173.0,29465,genus,0.0110452,Veillonella,ERR1075554
38173.0,1134403,genus,0.0073635,Melioribacter,ERR1075554
38173.0,670486,genus,0.0073635,Dehalogenimonas,ERR1075554
38173.0,1386,genus,0.0073635,Bacillus,ERR1075554
38173.0,61434,genus,0.0073635,Dehalococcoides,ERR1075554
38173.0,195950,genus,0.0073635,Tannerella,ERR1075554
38173.0,1471399,genus,0.0073635,Draconibacterium,ERR1075554
38173.0,262406,genus,0.0073635,Thermobaculum,ERR1075554
38173.0,724,genus,0.0073635,Haemophilus,ERR1075554
38173.0,1678,genus,0.0073635,Bifidobacterium,ERR1075554
38173.0,1502725,genus,0.00368175,Effusibacillus,ERR1075554
38173.0,29404,genus,0.00368175,Microlunatus,ERR1075554
38173.0,32207,genus,0.00368175,Rothia,ERR1075554
38173.0,48736,genus,0.00368175,Ralstonia,ERR1075554
38173.0,118966,genus,0.00368175,Anaerorhabdus,ERR1075554
38173.0,1647,genus,0.00368175,Erysipelothrix,ERR1075554
38173.0,836,genus,0.00368175,Porphyromonas,ERR1075554
38173.0,1350,genus,0.00368175,Enterococcus,ERR1075554
38173.0,2735,genus,0.00368175,Verrucomicrobium,ERR1075554
38173.0,904,genus,0.00368175,Acidaminococcus,ERR1075554
38173.0,1505664,genus,0.00368175,Gottschalkia,ERR1075554
38173.0,653683,genus,0.00368175,Anaerosporobacter,ERR1075554
38173.0,84567,genus,0.00368175,Pedobacter,ERR1075554
38173.0,909656,genus,0.00368175,Phocaeicola,ERR1075554
38173.0,1298,genus,0.00368175,Deinococcus,ERR1075554
38173.0,286,genus,0.00368175,Pseudomonas,ERR1075554
38173.0,81466,genus,0.00368175,Aminobacterium,ERR1075554
38173.0,28250,genus,0.00368175,Ornithobacterium,ERR1075554
38173.0,2086,genus,0.00368175,Anaeroplasma,ERR1075554
38173.0,46205,genus,0.00368175,Pseudobutyrivibrio,ERR1075554
38173.0,346096,genus,0.00368175,Paludibacter,ERR1075554
38173.0,121038,genus,0.00368175,Ferrimicrobium,ERR1075554
38173.0,99906,genus,0.00368175,Alkalibacterium,ERR1075554
38173.0,43996,genus,0.00368175,Catonella,ERR1075554
38173.0,28138,genus,0.00368175,Rikenella,ERR1075554
38173.0,44249,genus,0.00368175,Paenibacillus,ERR1075554
38173.0,1843210,genus,0.00368175,Anaerocolumna,ERR1075554
,-1,genus,25.9674,Unknown,ERR1075554
38173.0,216851,genus,25.8385,Faecalibacterium,ERR1075554
38173.0,397864,genus,16.5679,Barnesiella,ERR1075554
38173.0,816,genus,11.1299,Bacteroides,ERR1075554
38173.0,1506553,genus,3.41666,Lachnoclostridium,ERR1075554
38173.0,239759,genus,3.15526,Alistipes,ERR1075554
38173.0,1508657,genus,2.27164,Ruminiclostridium,ERR1075554
38173.0,459786,genus,2.03233,Oscillibacter,ERR1075554
38173.0,572511,genus,1.97342,Blautia,ERR1075554
38173.0,1730,genus,1.45061,Eubacterium,ERR1075554
38173.0,841,genus,1.39538,Roseburia,ERR1075554
38173.0,1505663,genus,0.416038,Erysipelatoclostridium,ERR1075554
38173.0,239934,genus,0.360811,Akkermansia,ERR1075554
38173.0,33042,genus,0.250359,Coprococcus,ERR1075554
38173.0,283168,genus,0.250359,Odoribacter,ERR1075554
38173.0,1506577,genus,0.224587,Tyzzerella,ERR1075554
38173.0,44748,genus,0.224587,Sporobacter,ERR1075554
38173.0,1263,genus,0.20986,Ruminococcus,ERR1075554
38173.0,150022,genus,0.20986,Finegoldia,ERR1075554
38173.0,1301,genus,0.206178,Streptococcus,ERR1075554
38173.0,61170,genus,0.195133,Holdemania,ERR1075554
38173.0,244127,genus,0.191451,Anaerotruncus,ERR1075554
38173.0,838,genus,0.14727,Prevotella,ERR1075554
38173.0,1279,genus,0.132543,Staphylococcus,ERR1075554
38173.0,189330,genus,0.114134,Dorea,ERR1075554
38173.0,165779,genus,0.0920437,Anaerococcus,ERR1075554
38173.0,162289,genus,0.088362,Peptoniphilus,ERR1075554
38173.0,84111,genus,0.0809985,Eggerthella,ERR1075554
38173.0,1017280,genus,0.0478627,Pseudoflavonifractor,ERR1075554
38173.0,577309,genus,0.044181,Paraprevotella,ERR1075554
38173.0,52784,genus,0.044181,Anaerofilum,ERR1075554
38173.0,1716,genus,0.0404992,Corynebacterium,ERR1075554
38173.0,1485,genus,0.0331357,Clostridium,ERR1075554
38173.0,375288,genus,0.0257722,Parabacteroides,ERR1075554
38173.0,39948,genus,0.0257722,Dialister,ERR1075554
38173.0,100883,genus,0.0257722,Coprobacillus,ERR1075554
38173.0,1505657,genus,0.0184087,Intestinibacter,ERR1075554
38173.0,848,genus,0.014727,Fusobacterium,ERR1075554
38173.0,1654,genus,0.014727,Actinomyces,ERR1075554
38173.0,1578,genus,0.014727,Lactobacillus,ERR1075554
38173.0,102106,genus,0.0110452,Collinsella,ERR1075554
38173.0,207244,genus,0.0110452,Anaerostipes,ERR1075554
38173.0,29465,genus,0.0110452,Veillonella,ERR1075554
38173.0,670486,genus,0.0073635,Dehalogenimonas,ERR1075554
38173.0,1386,genus,0.0073635,Bacillus,ERR1075554
38173.0,61434,genus,0.0073635,Dehalococcoides,ERR1075554
38173.0,1471399,genus,0.0073635,Draconibacterium,ERR1075554
38173.0,195950,genus,0.0073635,Tannerella,ERR1075554
38173.0,262406,genus,0.0073635,Thermobaculum,ERR1075554
38173.0,724,genus,0.0073635,Haemophilus,ERR1075554
38173.0,1678,genus,0.0073635,Bifidobacterium,ERR1075554
38173.0,1134403,genus,0.0073635,Melioribacter,ERR1075554
38173.0,48736,genus,0.00368175,Ralstonia,ERR1075554
38173.0,1647,genus,0.00368175,Erysipelothrix,ERR1075554
38173.0,836,genus,0.00368175,Porphyromonas,ERR1075554
38173.0,118966,genus,0.00368175,Anaerorhabdus,ERR1075554
38173.0,1350,genus,0.00368175,Enterococcus,ERR1075554
38173.0,904,genus,0.00368175,Acidaminococcus,ERR1075554
38173.0,2735,genus,0.00368175,Verrucomicrobium,ERR1075554
38173.0,653683,genus,0.00368175,Anaerosporobacter,ERR1075554
38173.0,1505664,genus,0.00368175,Gottschalkia,ERR1075554
38173.0,84567,genus,0.00368175,Pedobacter,ERR1075554
38173.0,909656,genus,0.00368175,Phocaeicola,ERR1075554
38173.0,1298,genus,0.00368175,Deinococcus,ERR1075554
38173.0,286,genus,0.00368175,Pseudomonas,ERR1075554
38173.0,81466,genus,0.00368175,Aminobacterium,ERR1075554
38173.0,28250,genus,0.00368175,Ornithobacterium,ERR1075554
38173.0,2086,genus,0.00368175,Anaeroplasma,ERR1075554
38173.0,46205,genus,0.00368175,Pseudobutyrivibrio,ERR1075554
38173.0,43996,genus,0.00368175,Catonella,ERR1075554
38173.0,346096,genus,0.00368175,Paludibacter,ERR1075554
38173.0,121038,genus,0.00368175,Ferrimicrobium,ERR1075554
38173.0,99906,genus,0.00368175,Alkalibacterium,ERR1075554
38173.0,44249,genus,0.00368175,Paenibacillus,ERR1075554
38173.0,28138,genus,0.00368175,Rikenella,ERR1075554
38173.0,1843210,genus,0.00368175,Anaerocolumna,ERR1075554
38173.0,1502725,genus,0.00368175,Effusibacillus,ERR1075554
38173.0,32207,genus,0.00368175,Rothia,ERR1075554
38173.0,29404,genus,0.00368175,Microlunatus,ERR1075554
,-1,genus,25.9674,Unknown,ERR1075554
38173.0,216851,genus,25.8385,Faecalibacterium,ERR1075554
38173.0,397864,genus,16.5679,Barnesiella,ERR1075554
38173.0,816,genus,11.1299,Bacteroides,ERR1075554
38173.0,1506553,genus,3.41666,Lachnoclostridium,ERR1075554
38173.0,239759,genus,3.15526,Alistipes,ERR1075554
38173.0,1508657,genus,2.27164,Ruminiclostridium,ERR1075554
38173.0,459786,genus,2.03233,Oscillibacter,ERR1075554
38173.0,572511,genus,1.97342,Blautia,ERR1075554
38173.0,1730,genus,1.45061,Eubacterium,ERR1075554
38173.0,841,genus,1.39538,Roseburia,ERR1075554
38173.0,1505663,genus,0.416038,Erysipelatoclostridium,ERR1075554
38173.0,239934,genus,0.360811,Akkermansia,ERR1075554
38173.0,33042,genus,0.250359,Coprococcus,ERR1075554
38173.0,283168,genus,0.250359,Odoribacter,ERR1075554
38173.0,1506577,genus,0.224587,Tyzzerella,ERR1075554
38173.0,44748,genus,0.224587,Sporobacter,ERR1075554
38173.0,1263,genus,0.20986,Ruminococcus,ERR1075554
38173.0,150022,genus,0.20986,Finegoldia,ERR1075554
38173.0,1301,genus,0.206178,Streptococcus,ERR1075554
38173.0,61170,genus,0.195133,Holdemania,ERR1075554
38173.0,244127,genus,0.191451,Anaerotruncus,ERR1075554
38173.0,838,genus,0.14727,Prevotella,ERR1075554
38173.0,1279,genus,0.132543,Staphylococcus,ERR1075554
38173.0,189330,genus,0.114134,Dorea,ERR1075554
38173.0,165779,genus,0.0920437,Anaerococcus,ERR1075554
38173.0,162289,genus,0.088362,Peptoniphilus,ERR1075554
38173.0,84111,genus,0.0809985,Eggerthella,ERR1075554
38173.0,1017280,genus,0.0478627,Pseudoflavonifractor,ERR1075554
38173.0,577309,genus,0.044181,Paraprevotella,ERR1075554
38173.0,52784,genus,0.044181,Anaerofilum,ERR1075554
38173.0,1716,genus,0.0404992,Corynebacterium,ERR1075554
38173.0,1485,genus,0.0331357,Clostridium,ERR1075554
38173.0,375288,genus,0.0257722,Parabacteroides,ERR1075554
38173.0,39948,genus,0.0257722,Dialister,ERR1075554
38173.0,100883,genus,0.0257722,Coprobacillus,ERR1075554
38173.0,1505657,genus,0.0184087,Intestinibacter,ERR1075554
38173.0,848,genus,0.014727,Fusobacterium,ERR1075554
38173.0,1654,genus,0.014727,Actinomyces,ERR1075554
38173.0,1578,genus,0.014727,Lactobacillus,ERR1075554
38173.0,102106,genus,0.0110452,Collinsella,ERR1075554
38173.0,207244,genus,0.0110452,Anaerostipes,ERR1075554
38173.0,29465,genus,0.0110452,Veillonella,ERR1075554
38173.0,1134403,genus,0.0073635,Melioribacter,ERR1075554
38173.0,670486,genus,0.0073635,Dehalogenimonas,ERR1075554
38173.0,1386,genus,0.0073635,Bacillus,ERR1075554
38173.0,61434,genus,0.0073635,Dehalococcoides,ERR1075554
38173.0,195950,genus,0.0073635,Tannerella,ERR1075554
38173.0,1471399,genus,0.0073635,Draconibacterium,ERR1075554
38173.0,262406,genus,0.0073635,Thermobaculum,ERR1075554
38173.0,724,genus,0.0073635,Haemophilus,ERR1075554
38173.0,1678,genus,0.0073635,Bifidobacterium,ERR1075554
38173.0,29404,genus,0.00368175,Microlunatus,ERR1075554
38173.0,32207,genus,0.00368175,Rothia,ERR1075554
38173.0,48736,genus,0.00368175,Ralstonia,ERR1075554
38173.0,118966,genus,0.00368175,Anaerorhabdus,ERR1075554
38173.0,1647,genus,0.00368175,Erysipelothrix,ERR1075554
38173.0,836,genus,0.00368175,Porphyromonas,ERR1075554
38173.0,1350,genus,0.00368175,Enterococcus,ERR1075554
38173.0,2735,genus,0.00368175,Verrucomicrobium,ERR1075554
38173.0,904,genus,0.00368175,Acidaminococcus,ERR1075554
38173.0,1505664,genus,0.00368175,Gottschalkia,ERR1075554
38173.0,653683,genus,0.00368175,Anaerosporobacter,ERR1075554
38173.0,84567,genus,0.00368175,Pedobacter,ERR1075554
38173.0,909656,genus,0.00368175,Phocaeicola,ERR1075554
38173.0,1298,genus,0.00368175,Deinococcus,ERR1075554
38173.0,286,genus,0.00368175,Pseudomonas,ERR1075554
38173.0,81466,genus,0.00368175,Aminobacterium,ERR1075554
38173.0,28250,genus,0.00368175,Ornithobacterium,ERR1075554
38173.0,2086,genus,0.00368175,Anaeroplasma,ERR1075554
38173.0,46205,genus,0.00368175,Pseudobutyrivibrio,ERR1075554
38173.0,346096,genus,0.00368175,Paludibacter,ERR1075554
38173.0,121038,genus,0.00368175,Ferrimicrobium,ERR1075554
38173.0,99906,genus,0.00368175,Alkalibacterium,ERR1075554
38173.0,43996,genus,0.00368175,Catonella,ERR1075554
38173.0,28138,genus,0.00368175,Rikenella,ERR1075554
38173.0,44249,genus,0.00368175,Paenibacillus,ERR1075554
38173.0,1843210,genus,0.00368175,Anaerocolumna,ERR1075554
38173.0,1502725,genus,0.00368175,Effusibacillus,ERR1075554
,-1,genus,25.9674,Unknown,ERR1075554
38173.0,216851,genus,25.8385,Faecalibacterium,ERR1075554
38173.0,397864,genus,16.5679,Barnesiella,ERR1075554
38173.0,816,genus,11.1299,Bacteroides,ERR1075554
38173.0,1506553,genus,3.41666,Lachnoclostridium,ERR1075554
38173.0,239759,genus,3.15526,Alistipes,ERR1075554
38173.0,1508657,genus,2.27164,Ruminiclostridium,ERR1075554
38173.0,459786,genus,2.03233,Oscillibacter,ERR1075554
38173.0,572511,genus,1.97342,Blautia,ERR1075554
38173.0,1730,genus,1.45061,Eubacterium,ERR1075554
38173.0,841,genus,1.39538,Roseburia,ERR1075554
38173.0,1505663,genus,0.416038,Erysipelatoclostridium,ERR1075554
38173.0,239934,genus,0.360811,Akkermansia,ERR1075554
38173.0,33042,genus,0.250359,Coprococcus,ERR1075554
38173.0,283168,genus,0.250359,Odoribacter,ERR1075554
38173.0,44748,genus,0.224587,Sporobacter,ERR1075554
38173.0,1506577,genus,0.224587,Tyzzerella,ERR1075554
38173.0,1263,genus,0.20986,Ruminococcus,ERR1075554
38173.0,150022,genus,0.20986,Finegoldia,ERR1075554
38173.0,1301,genus,0.206178,Streptococcus,ERR1075554
38173.0,61170,genus,0.195133,Holdemania,ERR1075554
38173.0,244127,genus,0.191451,Anaerotruncus,ERR1075554
38173.0,838,genus,0.14727,Prevotella,ERR1075554
38173.0,1279,genus,0.132543,Staphylococcus,ERR1075554
38173.0,189330,genus,0.114134,Dorea,ERR1075554
38173.0,165779,genus,0.0920437,Anaerococcus,ERR1075554
38173.0,162289,genus,0.088362,Peptoniphilus,ERR1075554
38173.0,84111,genus,0.0809985,Eggerthella,ERR1075554
38173.0,1017280,genus,0.0478627,Pseudoflavonifractor,ERR1075554
38173.0,52784,genus,0.044181,Anaerofilum,ERR1075554
38173.0,577309,genus,0.044181,Paraprevotella,ERR1075554
38173.0,1716,genus,0.0404992,Corynebacterium,ERR1075554
38173.0,1485,genus,0.0331357,Clostridium,ERR1075554
38173.0,375288,genus,0.0257722,Parabacteroides,ERR1075554
38173.0,39948,genus,0.0257722,Dialister,ERR1075554
38173.0,100883,genus,0.0257722,Coprobacillus,ERR1075554
38173.0,1505657,genus,0.0184087,Intestinibacter,ERR1075554
38173.0,848,genus,0.014727,Fusobacterium,ERR1075554
38173.0,1654,genus,0.014727,Actinomyces,ERR1075554
38173.0,1578,genus,0.014727,Lactobacillus,ERR1075554
38173.0,102106,genus,0.0110452,Collinsella,ERR1075554
38173.0,207244,genus,0.0110452,Anaerostipes,ERR1075554
38173.0,29465,genus,0.0110452,Veillonella,ERR1075554
38173.0,724,genus,0.0073635,Haemophilus,ERR1075554
38173.0,1678,genus,0.0073635,Bifidobacterium,ERR1075554
38173.0,1134403,genus,0.0073635,Melioribacter,ERR1075554
38173.0,670486,genus,0.0073635,Dehalogenimonas,ERR1075554
38173.0,1386,genus,0.0073635,Bacillus,ERR1075554
38173.0,61434,genus,0.0073635,Dehalococcoides,ERR1075554
38173.0,195950,genus,0.0073635,Tannerella,ERR1075554
38173.0,1471399,genus,0.0073635,Draconibacterium,ERR1075554
38173.0,262406,genus,0.0073635,Thermobaculum,ERR1075554
38173.0,1843210,genus,0.00368175,Anaerocolumna,ERR1075554
38173.0,1502725,genus,0.00368175,Effusibacillus,ERR1075554
38173.0,29404,genus,0.00368175,Microlunatus,ERR1075554
38173.0,32207,genus,0.00368175,Rothia,ERR1075554
38173.0,48736,genus,0.00368175,Ralstonia,ERR1075554
38173.0,118966,genus,0.00368175,Anaerorhabdus,ERR1075554
38173.0,1647,genus,0.00368175,Erysipelothrix,ERR1075554
38173.0,836,genus,0.00368175,Porphyromonas,ERR1075554
38173.0,1350,genus,0.00368175,Enterococcus,ERR1075554
38173.0,2735,genus,0.00368175,Verrucomicrobium,ERR1075554
38173.0,904,genus,0.00368175,Acidaminococcus,ERR1075554
38173.0,1505664,genus,0.00368175,Gottschalkia,ERR1075554
38173.0,653683,genus,0.00368175,Anaerosporobacter,ERR1075554
38173.0,84567,genus,0.00368175,Pedobacter,ERR1075554
38173.0,909656,genus,0.00368175,Phocaeicola,ERR1075554
38173.0,1298,genus,0.00368175,Deinococcus,ERR1075554
38173.0,286,genus,0.00368175,Pseudomonas,ERR1075554
38173.0,81466,genus,0.00368175,Aminobacterium,ERR1075554
38173.0,28250,genus,0.00368175,Ornithobacterium,ERR1075554
38173.0,2086,genus,0.00368175,Anaeroplasma,ERR1075554
38173.0,46205,genus,0.00368175,Pseudobutyrivibrio,ERR1075554
38173.0,346096,genus,0.00368175,Paludibacter,ERR1075554
38173.0,121038,genus,0.00368175,Ferrimicrobium,ERR1075554
38173.0,99906,genus,0.00368175,Alkalibacterium,ERR1075554
38173.0,43996,genus,0.00368175,Catonella,ERR1075554
38173.0,28138,genus,0.00368175,Rikenella,ERR1075554
38173.0,44249,genus,0.00368175,Paenibacillus,ERR1075554
,-1,genus,25.9674,Unknown,ERR1075554
34055.0,816,genus,19.3207,Bacteroides,ERR1075893
34055.0,239759,genus,10.5308,Alistipes,ERR1075893
34055.0,375288,genus,5.94811,Parabacteroides,ERR1075893
34055.0,1508657,genus,5.82011,Ruminiclostridium,ERR1075893
34055.0,216851,genus,5.77317,Faecalibacterium,ERR1075893
34055.0,459786,genus,2.84178,Oscillibacter,ERR1075893
34055.0,397864,genus,2.35535,Barnesiella,ERR1075893
34055.0,39948,genus,1.69398,Dialister,ERR1075893
34055.0,239934,genus,1.68117,Akkermansia,ERR1075893
34055.0,1730,genus,1.52756,Eubacterium,ERR1075893
34055.0,572511,genus,1.42089,Blautia,ERR1075893
34055.0,44748,genus,1.0198,Sporobacter,ERR1075893
34055.0,1263,genus,0.925926,Ruminococcus,ERR1075893
34055.0,1279388,genus,0.913125,Kandleria,ERR1075893
34055.0,577310,genus,0.874723,Parasutterella,ERR1075893
34055.0,283168,genus,0.678443,Odoribacter,ERR1075893
34055.0,841,genus,0.631507,Roseburia,ERR1075893
34055.0,1506553,genus,0.580304,Lachnoclostridium,ERR1075893
34055.0,904,genus,0.512033,Acidaminococcus,ERR1075893
34055.0,724,genus,0.499232,Haemophilus,ERR1075893
34055.0,244127,genus,0.443762,Anaerotruncus,ERR1075893
34055.0,35832,genus,0.371224,Bilophila,ERR1075893
34055.0,1573535,genus,0.332821,Holdemanella,ERR1075893
34055.0,872,genus,0.302953,Desulfovibrio,ERR1075893
34055.0,33042,genus,0.281618,Coprococcus,ERR1075893
34055.0,1301,genus,0.238949,Streptococcus,ERR1075893
34055.0,1485,genus,0.179211,Clostridium,ERR1075893
34055.0,2147,genus,0.145076,Acholeplasma,ERR1075893
34055.0,1505663,genus,0.128008,Erysipelatoclostridium,ERR1075893
34055.0,836,genus,0.115207,Porphyromonas,ERR1075893
34055.0,1678,genus,0.115207,Bifidobacterium,ERR1075893
34055.0,990721,genus,0.11094,Christensenella,ERR1075893
34055.0,2172,genus,0.0938727,Methanobrevibacter,ERR1075893
34055.0,838,genus,0.0810719,Prevotella,ERR1075893
34055.0,1386,genus,0.0810719,Bacillus,ERR1075893
34055.0,189330,genus,0.072538,Dorea,ERR1075893
34055.0,61170,genus,0.0469363,Holdemania,ERR1075893
34055.0,846,genus,0.0426694,Oxalobacter,ERR1075893
34055.0,172900,genus,0.0298686,Victivallis,ERR1075893
34055.0,2740,genus,0.0256016,Peptococcus,ERR1075893
34055.0,561,genus,0.0256016,Escherichia,ERR1075893
34055.0,207244,genus,0.0213347,Anaerostipes,ERR1075893
34055.0,1380,genus,0.0170678,Atopobium,ERR1075893
34055.0,1654,genus,0.0170678,Actinomyces,ERR1075893
34055.0,286,genus,0.0128008,Pseudomonas,ERR1075893
34055.0,41273,genus,0.0128008,Tissierella,ERR1075893
34055.0,392735,genus,0.0128008,Uliginosibacterium,ERR1075893
34055.0,29465,genus,0.0128008,Veillonella,ERR1075893
34055.0,32636,genus,0.00853388,Halothermothrix,ERR1075893
34055.0,61434,genus,0.00853388,Dehalococcoides,ERR1075893
34055.0,278993,genus,0.00853388,Thermincola,ERR1075893
34055.0,233191,genus,0.00853388,Caldilinea,ERR1075893
34055.0,508459,genus,0.00853388,Cloacibacillus,ERR1075893
34055.0,146813,genus,0.00853388,Dendrosporobacter,ERR1075893
34055.0,156973,genus,0.00853388,Dysgonomonas,ERR1075893
34055.0,53335,genus,0.00853388,Pantoea,ERR1075893
34055.0,898,genus,0.00426694,Desulfomicrobium,ERR1075893
34055.0,346096,genus,0.00426694,Paludibacter,ERR1075893
34055.0,1200657,genus,0.00426694,Saccharofermentans,ERR1075893
34055.0,497,genus,0.00426694,Psychrobacter,ERR1075893
34055.0,914,genus,0.00426694,Nitrosomonas,ERR1075893
34055.0,55079,genus,0.00426694,Aneurinibacillus,ERR1075893
34055.0,312278,genus,0.00426694,Emticicia,ERR1075893
34055.0,864,genus,0.00426694,Pectinatus,ERR1075893
34055.0,36853,genus,0.00426694,Desulfitobacterium,ERR1075893
34055.0,715222,genus,0.00426694,Caldicoprobacter,ERR1075893
34055.0,22,genus,0.00426694,Shewanella,ERR1075893
34055.0,670486,genus,0.00426694,Dehalogenimonas,ERR1075893
34055.0,1870884,genus,0.00426694,Clostridioides,ERR1075893
34055.0,195950,genus,0.00426694,Tannerella,ERR1075893
34055.0,100175,genus,0.00426694,Papillibacter,ERR1075893
34055.0,1573534,genus,0.00426694,Faecalitalea,ERR1075893
34055.0,52784,genus,0.00426694,Anaerofilum,ERR1075893
34055.0,1652133,genus,0.00426694,Halobacteriovorax,ERR1075893
34055.0,173479,genus,0.00426694,Gemmatimonas,ERR1075893
34055.0,44261,genus,0.00426694,Oxobacter,ERR1075893
34055.0,226,genus,0.00426694,Alteromonas,ERR1075893
34055.0,118966,genus,0.00426694,Anaerorhabdus,ERR1075893
34055.0,48463,genus,0.00426694,Prosthecobacter,ERR1075893
34055.0,929509,genus,0.00426694,Solitalea,ERR1075893
34055.0,637,genus,0.00426694,Arsenophonus,ERR1075893
34055.0,32067,genus,0.00426694,Leptotrichia,ERR1075893
34055.0,332248,genus,0.00426694,Truepera,ERR1075893
34055.0,79206,genus,0.00426694,Desulfosporosinus,ERR1075893
34055.0,133925,genus,0.00426694,Olsenella,ERR1075893
34055.0,1481960,genus,0.00426694,Peptoclostridium,ERR1075893
34055.0,28453,genus,0.00426694,Sphingobacterium,ERR1075893
34055.0,482,genus,0.00426694,Neisseria,ERR1075893
34055.0,1716,genus,0.00426694,Corynebacterium,ERR1075893
34055.0,1082702,genus,0.00426694,Lonsdalea,ERR1075893
34055.0,1505657,genus,0.00426694,Intestinibacter,ERR1075893
34055.0,106633,genus,0.00426694,Thioalkalivibrio,ERR1075893
34055.0,150247,genus,0.00426694,Anoxybacillus,ERR1075893
34055.0,70992,genus,0.00426694,Flexithrix,ERR1075893
34055.0,262406,genus,0.00426694,Thermobaculum,ERR1075893
34055.0,84111,genus,0.00426694,Eggerthella,ERR1075893
34055.0,270497,genus,0.00426694,Catabacter,ERR1075893
,-1,genus,30.2697,Unknown,ERR1075893
34055.0,816,genus,19.3207,Bacteroides,ERR1075893
34055.0,239759,genus,10.5308,Alistipes,ERR1075893
34055.0,375288,genus,5.94811,Parabacteroides,ERR1075893
34055.0,1508657,genus,5.82011,Ruminiclostridium,ERR1075893
34055.0,216851,genus,5.77317,Faecalibacterium,ERR1075893
34055.0,459786,genus,2.84178,Oscillibacter,ERR1075893
34055.0,397864,genus,2.35535,Barnesiella,ERR1075893
34055.0,39948,genus,1.69398,Dialister,ERR1075893
34055.0,239934,genus,1.68117,Akkermansia,ERR1075893
34055.0,1730,genus,1.52756,Eubacterium,ERR1075893
34055.0,572511,genus,1.42089,Blautia,ERR1075893
34055.0,44748,genus,1.0198,Sporobacter,ERR1075893
34055.0,1263,genus,0.925926,Ruminococcus,ERR1075893
34055.0,1279388,genus,0.913125,Kandleria,ERR1075893
34055.0,577310,genus,0.874723,Parasutterella,ERR1075893
34055.0,283168,genus,0.678443,Odoribacter,ERR1075893
34055.0,841,genus,0.631507,Roseburia,ERR1075893
34055.0,1506553,genus,0.580304,Lachnoclostridium,ERR1075893
34055.0,904,genus,0.512033,Acidaminococcus,ERR1075893
34055.0,724,genus,0.499232,Haemophilus,ERR1075893
34055.0,244127,genus,0.443762,Anaerotruncus,ERR1075893
34055.0,35832,genus,0.371224,Bilophila,ERR1075893
34055.0,1573535,genus,0.332821,Holdemanella,ERR1075893
34055.0,872,genus,0.302953,Desulfovibrio,ERR1075893
34055.0,33042,genus,0.281618,Coprococcus,ERR1075893
34055.0,1301,genus,0.238949,Streptococcus,ERR1075893
34055.0,1485,genus,0.179211,Clostridium,ERR1075893
34055.0,2147,genus,0.145076,Acholeplasma,ERR1075893
34055.0,1505663,genus,0.128008,Erysipelatoclostridium,ERR1075893
34055.0,836,genus,0.115207,Porphyromonas,ERR1075893
34055.0,1678,genus,0.115207,Bifidobacterium,ERR1075893
34055.0,990721,genus,0.11094,Christensenella,ERR1075893
34055.0,2172,genus,0.0938727,Methanobrevibacter,ERR1075893
34055.0,838,genus,0.0810719,Prevotella,ERR1075893
34055.0,1386,genus,0.0810719,Bacillus,ERR1075893
34055.0,189330,genus,0.072538,Dorea,ERR1075893
34055.0,61170,genus,0.0469363,Holdemania,ERR1075893
34055.0,846,genus,0.0426694,Oxalobacter,ERR1075893
34055.0,172900,genus,0.0298686,Victivallis,ERR1075893
34055.0,561,genus,0.0256016,Escherichia,ERR1075893
34055.0,2740,genus,0.0256016,Peptococcus,ERR1075893
34055.0,207244,genus,0.0213347,Anaerostipes,ERR1075893
34055.0,1380,genus,0.0170678,Atopobium,ERR1075893
34055.0,1654,genus,0.0170678,Actinomyces,ERR1075893
34055.0,29465,genus,0.0128008,Veillonella,ERR1075893
34055.0,286,genus,0.0128008,Pseudomonas,ERR1075893
34055.0,41273,genus,0.0128008,Tissierella,ERR1075893
34055.0,392735,genus,0.0128008,Uliginosibacterium,ERR1075893
34055.0,53335,genus,0.00853388,Pantoea,ERR1075893
34055.0,32636,genus,0.00853388,Halothermothrix,ERR1075893
34055.0,61434,genus,0.00853388,Dehalococcoides,ERR1075893
34055.0,278993,genus,0.00853388,Thermincola,ERR1075893
34055.0,233191,genus,0.00853388,Caldilinea,ERR1075893
34055.0,508459,genus,0.00853388,Cloacibacillus,ERR1075893
34055.0,146813,genus,0.00853388,Dendrosporobacter,ERR1075893
34055.0,156973,genus,0.00853388,Dysgonomonas,ERR1075893
34055.0,1505657,genus,0.00426694,Intestinibacter,ERR1075893
34055.0,106633,genus,0.00426694,Thioalkalivibrio,ERR1075893
34055.0,150247,genus,0.00426694,Anoxybacillus,ERR1075893
34055.0,70992,genus,0.00426694,Flexithrix,ERR1075893
34055.0,262406,genus,0.00426694,Thermobaculum,ERR1075893
34055.0,84111,genus,0.00426694,Eggerthella,ERR1075893
34055.0,270497,genus,0.00426694,Catabacter,ERR1075893
34055.0,898,genus,0.00426694,Desulfomicrobium,ERR1075893
34055.0,346096,genus,0.00426694,Paludibacter,ERR1075893
34055.0,1200657,genus,0.00426694,Saccharofermentans,ERR1075893
34055.0,497,genus,0.00426694,Psychrobacter,ERR1075893
34055.0,914,genus,0.00426694,Nitrosomonas,ERR1075893
34055.0,55079,genus,0.00426694,Aneurinibacillus,ERR1075893
34055.0,312278,genus,0.00426694,Emticicia,ERR1075893
34055.0,864,genus,0.00426694,Pectinatus,ERR1075893
34055.0,36853,genus,0.00426694,Desulfitobacterium,ERR1075893
34055.0,715222,genus,0.00426694,Caldicoprobacter,ERR1075893
34055.0,22,genus,0.00426694,Shewanella,ERR1075893
34055.0,670486,genus,0.00426694,Dehalogenimonas,ERR1075893
34055.0,1870884,genus,0.00426694,Clostridioides,ERR1075893
34055.0,195950,genus,0.00426694,Tannerella,ERR1075893
34055.0,100175,genus,0.00426694,Papillibacter,ERR1075893
34055.0,1573534,genus,0.00426694,Faecalitalea,ERR1075893
34055.0,52784,genus,0.00426694,Anaerofilum,ERR1075893
34055.0,1652133,genus,0.00426694,Halobacteriovorax,ERR1075893
34055.0,173479,genus,0.00426694,Gemmatimonas,ERR1075893
34055.0,44261,genus,0.00426694,Oxobacter,ERR1075893
34055.0,226,genus,0.00426694,Alteromonas,ERR1075893
34055.0,118966,genus,0.00426694,Anaerorhabdus,ERR1075893
34055.0,48463,genus,0.00426694,Prosthecobacter,ERR1075893
34055.0,929509,genus,0.00426694,Solitalea,ERR1075893
34055.0,637,genus,0.00426694,Arsenophonus,ERR1075893
34055.0,32067,genus,0.00426694,Leptotrichia,ERR1075893
34055.0,332248,genus,0.00426694,Truepera,ERR1075893
34055.0,79206,genus,0.00426694,Desulfosporosinus,ERR1075893
34055.0,133925,genus,0.00426694,Olsenella,ERR1075893
34055.0,1481960,genus,0.00426694,Peptoclostridium,ERR1075893
34055.0,28453,genus,0.00426694,Sphingobacterium,ERR1075893
34055.0,482,genus,0.00426694,Neisseria,ERR1075893
34055.0,1716,genus,0.00426694,Corynebacterium,ERR1075893
34055.0,1082702,genus,0.00426694,Lonsdalea,ERR1075893
,-1,genus,30.2697,Unknown,ERR1075893
34055.0,816,genus,19.3207,Bacteroides,ERR1075893
34055.0,239759,genus,10.5308,Alistipes,ERR1075893
34055.0,375288,genus,5.94811,Parabacteroides,ERR1075893
34055.0,1508657,genus,5.82011,Ruminiclostridium,ERR1075893
34055.0,216851,genus,5.77317,Faecalibacterium,ERR1075893
34055.0,459786,genus,2.84178,Oscillibacter,ERR1075893
34055.0,397864,genus,2.35535,Barnesiella,ERR1075893
34055.0,39948,genus,1.69398,Dialister,ERR1075893
34055.0,239934,genus,1.68117,Akkermansia,ERR1075893
34055.0,1730,genus,1.52756,Eubacterium,ERR1075893
34055.0,572511,genus,1.42089,Blautia,ERR1075893
34055.0,44748,genus,1.0198,Sporobacter,ERR1075893
34055.0,1263,genus,0.925926,Ruminococcus,ERR1075893
34055.0,1279388,genus,0.913125,Kandleria,ERR1075893
34055.0,577310,genus,0.874723,Parasutterella,ERR1075893
34055.0,283168,genus,0.678443,Odoribacter,ERR1075893
34055.0,841,genus,0.631507,Roseburia,ERR1075893
34055.0,1506553,genus,0.580304,Lachnoclostridium,ERR1075893
34055.0,904,genus,0.512033,Acidaminococcus,ERR1075893
34055.0,724,genus,0.499232,Haemophilus,ERR1075893
34055.0,244127,genus,0.443762,Anaerotruncus,ERR1075893
34055.0,35832,genus,0.371224,Bilophila,ERR1075893
34055.0,1573535,genus,0.332821,Holdemanella,ERR1075893
34055.0,872,genus,0.302953,Desulfovibrio,ERR1075893
34055.0,33042,genus,0.281618,Coprococcus,ERR1075893
34055.0,1301,genus,0.238949,Streptococcus,ERR1075893
34055.0,1485,genus,0.179211,Clostridium,ERR1075893
34055.0,2147,genus,0.145076,Acholeplasma,ERR1075893
34055.0,1505663,genus,0.128008,Erysipelatoclostridium,ERR1075893
34055.0,1678,genus,0.115207,Bifidobacterium,ERR1075893
34055.0,836,genus,0.115207,Porphyromonas,ERR1075893
34055.0,990721,genus,0.11094,Christensenella,ERR1075893
34055.0,2172,genus,0.0938727,Methanobrevibacter,ERR1075893
34055.0,838,genus,0.0810719,Prevotella,ERR1075893
34055.0,1386,genus,0.0810719,Bacillus,ERR1075893
34055.0,189330,genus,0.072538,Dorea,ERR1075893
34055.0,61170,genus,0.0469363,Holdemania,ERR1075893
34055.0,846,genus,0.0426694,Oxalobacter,ERR1075893
34055.0,172900,genus,0.0298686,Victivallis,ERR1075893
34055.0,2740,genus,0.0256016,Peptococcus,ERR1075893
34055.0,561,genus,0.0256016,Escherichia,ERR1075893
34055.0,207244,genus,0.0213347,Anaerostipes,ERR1075893
34055.0,1654,genus,0.0170678,Actinomyces,ERR1075893
34055.0,1380,genus,0.0170678,Atopobium,ERR1075893
34055.0,41273,genus,0.0128008,Tissierella,ERR1075893
34055.0,392735,genus,0.0128008,Uliginosibacterium,ERR1075893
34055.0,29465,genus,0.0128008,Veillonella,ERR1075893
34055.0,286,genus,0.0128008,Pseudomonas,ERR1075893
34055.0,278993,genus,0.00853388,Thermincola,ERR1075893
34055.0,233191,genus,0.00853388,Caldilinea,ERR1075893
34055.0,508459,genus,0.00853388,Cloacibacillus,ERR1075893
34055.0,156973,genus,0.00853388,Dysgonomonas,ERR1075893
34055.0,146813,genus,0.00853388,Dendrosporobacter,ERR1075893
34055.0,53335,genus,0.00853388,Pantoea,ERR1075893
34055.0,32636,genus,0.00853388,Halothermothrix,ERR1075893
34055.0,61434,genus,0.00853388,Dehalococcoides,ERR1075893
34055.0,173479,genus,0.00426694,Gemmatimonas,ERR1075893
34055.0,44261,genus,0.00426694,Oxobacter,ERR1075893
34055.0,226,genus,0.00426694,Alteromonas,ERR1075893
34055.0,48463,genus,0.00426694,Prosthecobacter,ERR1075893
34055.0,118966,genus,0.00426694,Anaerorhabdus,ERR1075893
34055.0,637,genus,0.00426694,Arsenophonus,ERR1075893
34055.0,929509,genus,0.00426694,Solitalea,ERR1075893
34055.0,32067,genus,0.00426694,Leptotrichia,ERR1075893
34055.0,332248,genus,0.00426694,Truepera,ERR1075893
34055.0,79206,genus,0.00426694,Desulfosporosinus,ERR1075893
34055.0,482,genus,0.00426694,Neisseria,ERR1075893
34055.0,133925,genus,0.00426694,Olsenella,ERR1075893
34055.0,1481960,genus,0.00426694,Peptoclostridium,ERR1075893
34055.0,28453,genus,0.00426694,Sphingobacterium,ERR1075893
34055.0,1716,genus,0.00426694,Corynebacterium,ERR1075893
34055.0,1082702,genus,0.00426694,Lonsdalea,ERR1075893
34055.0,106633,genus,0.00426694,Thioalkalivibrio,ERR1075893
34055.0,1505657,genus,0.00426694,Intestinibacter,ERR1075893
34055.0,262406,genus,0.00426694,Thermobaculum,ERR1075893
34055.0,150247,genus,0.00426694,Anoxybacillus,ERR1075893
34055.0,70992,genus,0.00426694,Flexithrix,ERR1075893
34055.0,84111,genus,0.00426694,Eggerthella,ERR1075893
34055.0,270497,genus,0.00426694,Catabacter,ERR1075893
34055.0,898,genus,0.00426694,Desulfomicrobium,ERR1075893
34055.0,346096,genus,0.00426694,Paludibacter,ERR1075893
34055.0,1200657,genus,0.00426694,Saccharofermentans,ERR1075893
34055.0,497,genus,0.00426694,Psychrobacter,ERR1075893
34055.0,914,genus,0.00426694,Nitrosomonas,ERR1075893
34055.0,55079,genus,0.00426694,Aneurinibacillus,ERR1075893
34055.0,36853,genus,0.00426694,Desulfitobacterium,ERR1075893
34055.0,312278,genus,0.00426694,Emticicia,ERR1075893
34055.0,864,genus,0.00426694,Pectinatus,ERR1075893
34055.0,670486,genus,0.00426694,Dehalogenimonas,ERR1075893
34055.0,1870884,genus,0.00426694,Clostridioides,ERR1075893
34055.0,715222,genus,0.00426694,Caldicoprobacter,ERR1075893
34055.0,22,genus,0.00426694,Shewanella,ERR1075893
34055.0,1573534,genus,0.00426694,Faecalitalea,ERR1075893
34055.0,195950,genus,0.00426694,Tannerella,ERR1075893
34055.0,100175,genus,0.00426694,Papillibacter,ERR1075893
34055.0,52784,genus,0.00426694,Anaerofilum,ERR1075893
34055.0,1652133,genus,0.00426694,Halobacteriovorax,ERR1075893
,-1,genus,30.2697,Unknown,ERR1075893
38174.0,816,genus,37.5151,Bacteroides,ERR1075959
38174.0,216851,genus,13.6212,Faecalibacterium,ERR1075959
38174.0,39948,genus,8.50681,Dialister,ERR1075959
38174.0,239934,genus,6.50953,Akkermansia,ERR1075959
38174.0,239759,genus,6.49484,Alistipes,ERR1075959
38174.0,1730,genus,4.31031,Eubacterium,ERR1075959
38174.0,459786,genus,1.89081,Oscillibacter,ERR1075959
38174.0,577310,genus,1.8541,Parasutterella,ERR1075959
38174.0,1263,genus,1.38782,Ruminococcus,ERR1075959
38174.0,375288,genus,1.28135,Parabacteroides,ERR1075959
38174.0,572511,genus,0.998642,Blautia,ERR1075959
38174.0,1506553,genus,0.737967,Lachnoclostridium,ERR1075959
38174.0,35832,genus,0.613137,Bilophila,ERR1075959
38174.0,1505663,genus,0.613137,Erysipelatoclostridium,ERR1075959
38174.0,841,genus,0.591108,Roseburia,ERR1075959
38174.0,397864,genus,0.528693,Barnesiella,ERR1075959
38174.0,1508657,genus,0.42222,Ruminiclostridium,ERR1075959
38174.0,1505657,genus,0.381834,Intestinibacter,ERR1075959
38174.0,283168,genus,0.363476,Odoribacter,ERR1075959
38174.0,244127,genus,0.282704,Anaerotruncus,ERR1075959
38174.0,44748,genus,0.150531,Sporobacter,ERR1075959
38174.0,61170,genus,0.143188,Holdemania,ERR1075959
38174.0,189330,genus,0.139516,Dorea,ERR1075959
38174.0,1386,genus,0.0991299,Bacillus,ERR1075959
38174.0,1506577,genus,0.0954584,Tyzzerella,ERR1075959
38174.0,1485,genus,0.0954584,Clostridium,ERR1075959
38174.0,1301,genus,0.084444,Streptococcus,ERR1075959
38174.0,52784,genus,0.0587436,Anaerofilum,ERR1075959
38174.0,33042,genus,0.0587436,Coprococcus,ERR1075959
38174.0,838,genus,0.0550721,Prevotella,ERR1075959
38174.0,990721,genus,0.0293718,Christensenella,ERR1075959
38174.0,84111,genus,0.0220289,Eggerthella,ERR1075959
38174.0,392735,genus,0.0220289,Uliginosibacterium,ERR1075959
38174.0,32207,genus,0.0183574,Rothia,ERR1075959
38174.0,482,genus,0.0183574,Neisseria,ERR1075959
38174.0,278993,genus,0.0183574,Thermincola,ERR1075959
38174.0,79206,genus,0.0183574,Desulfosporosinus,ERR1075959
38174.0,724,genus,0.0183574,Haemophilus,ERR1075959
38174.0,848,genus,0.0146859,Fusobacterium,ERR1075959
38174.0,1678,genus,0.0146859,Bifidobacterium,ERR1075959
38174.0,872,genus,0.0146859,Desulfovibrio,ERR1075959
38174.0,233191,genus,0.0110144,Caldilinea,ERR1075959
38174.0,29465,genus,0.0110144,Veillonella,ERR1075959
38174.0,1654,genus,0.0110144,Actinomyces,ERR1075959
38174.0,84108,genus,0.0110144,Slackia,ERR1075959
38174.0,55080,genus,0.00734295,Brevibacillus,ERR1075959
38174.0,1505652,genus,0.00734295,Terrisporobacter,ERR1075959
38174.0,187144,genus,0.00734295,Caldithrix,ERR1075959
38174.0,44249,genus,0.00734295,Paenibacillus,ERR1075959
38174.0,118747,genus,0.00734295,Bulleidia,ERR1075959
38174.0,55079,genus,0.00734295,Aneurinibacillus,ERR1075959
38174.0,102106,genus,0.00734295,Collinsella,ERR1075959
38174.0,286,genus,0.00734295,Pseudomonas,ERR1075959
38174.0,420345,genus,0.00734295,Lactonifactor,ERR1075959
38174.0,233189,genus,0.00734295,Anaerolinea,ERR1075959
38174.0,1350,genus,0.00367148,Enterococcus,ERR1075959
38174.0,713,genus,0.00367148,Actinobacillus,ERR1075959
38174.0,28231,genus,0.00367148,Geobacter,ERR1075959
38174.0,28065,genus,0.00367148,Rhodoferax,ERR1075959
38174.0,2735,genus,0.00367148,Verrucomicrobium,ERR1075959
38174.0,586,genus,0.00367148,Providencia,ERR1075959
38174.0,836,genus,0.00367148,Porphyromonas,ERR1075959
38174.0,32067,genus,0.00367148,Leptotrichia,ERR1075959
38174.0,1716,genus,0.00367148,Corynebacterium,ERR1075959
38174.0,511434,genus,0.00367148,Candidatus Azobacteroides,ERR1075959
38174.0,312278,genus,0.00367148,Emticicia,ERR1075959
38174.0,644652,genus,0.00367148,Gordonibacter,ERR1075959
38174.0,289201,genus,0.00367148,Pontibacillus,ERR1075959
38174.0,904,genus,0.00367148,Acidaminococcus,ERR1075959
38174.0,346096,genus,0.00367148,Paludibacter,ERR1075959
38174.0,795750,genus,0.00367148,Ignavibacterium,ERR1075959
38174.0,61434,genus,0.00367148,Dehalococcoides,ERR1075959
38174.0,909656,genus,0.00367148,Phocaeicola,ERR1075959
38174.0,150247,genus,0.00367148,Anoxybacillus,ERR1075959
38174.0,129337,genus,0.00367148,Geobacillus,ERR1075959
38174.0,28453,genus,0.00367148,Sphingobacterium,ERR1075959
38174.0,577309,genus,0.00367148,Paraprevotella,ERR1075959
38174.0,1372,genus,0.00367148,Planococcus,ERR1075959
38174.0,590,genus,0.00367148,Salmonella,ERR1075959
38174.0,42255,genus,0.00367148,Rubrobacter,ERR1075959
38174.0,1279,genus,0.00367148,Staphylococcus,ERR1075959
38174.0,1578,genus,0.00367148,Lactobacillus,ERR1075959
38174.0,929509,genus,0.00367148,Solitalea,ERR1075959
38174.0,83660,genus,0.00367148,Desulfonispora,ERR1075959
38174.0,262406,genus,0.00367148,Thermobaculum,ERR1075959
38174.0,264995,genus,0.00367148,Anaerofustis,ERR1075959
,-1,genus,9.51647,Unknown,ERR1075959
34066.0,816,genus,42.5575,Bacteroides,ERR1089672
34066.0,375288,genus,4.35687,Parabacteroides,ERR1089672
34066.0,577309,genus,3.7951,Paraprevotella,ERR1089672
34066.0,1506553,genus,3.33319,Lachnoclostridium,ERR1089672
34066.0,577310,genus,3.23748,Parasutterella,ERR1089672
34066.0,1508657,genus,2.49677,Ruminiclostridium,ERR1089672
34066.0,572511,genus,2.42187,Blautia,ERR1089672
34066.0,239759,genus,2.25126,Alistipes,ERR1089672
34066.0,459786,genus,1.85594,Oscillibacter,ERR1089672
34066.0,1263,genus,1.63955,Ruminococcus,ERR1089672
34066.0,1730,genus,1.58961,Eubacterium,ERR1089672
34066.0,841,genus,1.28584,Roseburia,ERR1089672
34066.0,904,genus,1.05697,Acidaminococcus,ERR1089672
34066.0,244127,genus,0.366194,Anaerotruncus,ERR1089672
34066.0,1505657,genus,0.295452,Intestinibacter,ERR1089672
34066.0,1505663,genus,0.241355,Erysipelatoclostridium,ERR1089672
34066.0,216851,genus,0.116516,Faecalibacterium,ERR1089672
34066.0,189330,genus,0.104032,Dorea,ERR1089672
34066.0,838,genus,0.099871,Prevotella,ERR1089672
34066.0,52784,genus,0.0832258,Anaerofilum,ERR1089672
34066.0,1485,genus,0.0832258,Clostridium,ERR1089672
34066.0,100883,genus,0.070742,Coprobacillus,ERR1089672
34066.0,283168,genus,0.070742,Odoribacter,ERR1089672
34066.0,1386,genus,0.0665807,Bacillus,ERR1089672
34066.0,1506577,genus,0.0582581,Tyzzerella,ERR1089672
34066.0,207244,genus,0.0582581,Anaerostipes,ERR1089672
34066.0,1301,genus,0.0499355,Streptococcus,ERR1089672
34066.0,41273,genus,0.0416129,Tissierella,ERR1089672
34066.0,1573534,genus,0.0416129,Faecalitalea,ERR1089672
34066.0,61170,genus,0.0332903,Holdemania,ERR1089672
34066.0,836,genus,0.0332903,Porphyromonas,ERR1089672
34066.0,146813,genus,0.029129,Dendrosporobacter,ERR1089672
34066.0,1678,genus,0.029129,Bifidobacterium,ERR1089672
34066.0,44748,genus,0.029129,Sporobacter,ERR1089672
34066.0,150022,genus,0.029129,Finegoldia,ERR1089672
34066.0,84111,genus,0.029129,Eggerthella,ERR1089672
34066.0,420345,genus,0.0249678,Lactonifactor,ERR1089672
34066.0,990721,genus,0.0208065,Christensenella,ERR1089672
34066.0,165779,genus,0.0166452,Anaerococcus,ERR1089672
34066.0,397864,genus,0.0166452,Barnesiella,ERR1089672
34066.0,239934,genus,0.0166452,Akkermansia,ERR1089672
34066.0,1017280,genus,0.0166452,Pseudoflavonifractor,ERR1089672
34066.0,1279,genus,0.0166452,Staphylococcus,ERR1089672
34066.0,39948,genus,0.0166452,Dialister,ERR1089672
34066.0,1578,genus,0.0166452,Lactobacillus,ERR1089672
34066.0,1471399,genus,0.0166452,Draconibacterium,ERR1089672
34066.0,162289,genus,0.0124839,Peptoniphilus,ERR1089672
34066.0,28453,genus,0.0124839,Sphingobacterium,ERR1089672
34066.0,1378,genus,0.0124839,Gemella,ERR1089672
34066.0,1637257,genus,0.00832258,Mageeibacillus,ERR1089672
34066.0,795750,genus,0.00832258,Ignavibacterium,ERR1089672
34066.0,670486,genus,0.00832258,Dehalogenimonas,ERR1089672
34066.0,286,genus,0.00832258,Pseudomonas,ERR1089672
34066.0,264995,genus,0.00832258,Anaerofustis,ERR1089672
34066.0,909656,genus,0.00832258,Phocaeicola,ERR1089672
34066.0,156973,genus,0.00832258,Dysgonomonas,ERR1089672
34066.0,914,genus,0.00832258,Nitrosomonas,ERR1089672
34066.0,262406,genus,0.00832258,Thermobaculum,ERR1089672
34066.0,267986,genus,0.00416129,Owenweeksia,ERR1089672
34066.0,33042,genus,0.00416129,Coprococcus,ERR1089672
34066.0,100175,genus,0.00416129,Papillibacter,ERR1089672
34066.0,44249,genus,0.00416129,Paenibacillus,ERR1089672
34066.0,1551504,genus,0.00416129,Candidatus Babela,ERR1089672
34066.0,501783,genus,0.00416129,Cloacibacterium,ERR1089672
34066.0,1843210,genus,0.00416129,Anaerocolumna,ERR1089672
34066.0,1234,genus,0.00416129,Nitrospira,ERR1089672
34066.0,1663,genus,0.00416129,Arthrobacter,ERR1089672
34066.0,1134403,genus,0.00416129,Melioribacter,ERR1089672
34066.0,35832,genus,0.00416129,Bilophila,ERR1089672
34066.0,28138,genus,0.00416129,Rikenella,ERR1089672
34066.0,61434,genus,0.00416129,Dehalococcoides,ERR1089672
34066.0,168808,genus,0.00416129,Sneathia,ERR1089672
34066.0,392735,genus,0.00416129,Uliginosibacterium,ERR1089672
34066.0,42837,genus,0.00416129,Ammonifex,ERR1089672
34066.0,46255,genus,0.00416129,Weissella,ERR1089672
34066.0,1618113,genus,0.00416129,Saccharicrinis,ERR1089672
34066.0,469,genus,0.00416129,Acinetobacter,ERR1089672
34066.0,648802,genus,0.00416129,Rummeliibacillus,ERR1089672
34066.0,866673,genus,0.00416129,Marinifilum,ERR1089672
34066.0,1716,genus,0.00416129,Corynebacterium,ERR1089672
34066.0,1652133,genus,0.00416129,Halobacteriovorax,ERR1089672
34066.0,89966,genus,0.00416129,Hymenobacter,ERR1089672
34066.0,1548510,genus,0.00416129,Microbacter,ERR1089672
34066.0,102106,genus,0.00416129,Collinsella,ERR1089672
34066.0,1257,genus,0.00416129,Peptostreptococcus,ERR1089672
34066.0,448125,genus,0.00416129,Dethiosulfatibacter,ERR1089672
34066.0,1243,genus,0.00416129,Leuconostoc,ERR1089672
34066.0,43996,genus,0.00416129,Catonella,ERR1089672
34066.0,133925,genus,0.00416129,Olsenella,ERR1089672
34066.0,830,genus,0.00416129,Butyrivibrio,ERR1089672
,-1,genus,24.8845,Unknown,ERR1089672
34066.0,816,genus,42.5575,Bacteroides,ERR1089672
34066.0,375288,genus,4.35687,Parabacteroides,ERR1089672
34066.0,577309,genus,3.7951,Paraprevotella,ERR1089672
34066.0,1506553,genus,3.33319,Lachnoclostridium,ERR1089672
34066.0,577310,genus,3.23748,Parasutterella,ERR1089672
34066.0,1508657,genus,2.49677,Ruminiclostridium,ERR1089672
34066.0,572511,genus,2.42187,Blautia,ERR1089672
34066.0,239759,genus,2.25126,Alistipes,ERR1089672
34066.0,459786,genus,1.85594,Oscillibacter,ERR1089672
34066.0,1263,genus,1.63955,Ruminococcus,ERR1089672
34066.0,1730,genus,1.58961,Eubacterium,ERR1089672
34066.0,841,genus,1.28584,Roseburia,ERR1089672
34066.0,904,genus,1.05697,Acidaminococcus,ERR1089672
34066.0,244127,genus,0.366194,Anaerotruncus,ERR1089672
34066.0,1505657,genus,0.295452,Intestinibacter,ERR1089672
34066.0,1505663,genus,0.241355,Erysipelatoclostridium,ERR1089672
34066.0,216851,genus,0.116516,Faecalibacterium,ERR1089672
34066.0,189330,genus,0.104032,Dorea,ERR1089672
34066.0,838,genus,0.099871,Prevotella,ERR1089672
34066.0,52784,genus,0.0832258,Anaerofilum,ERR1089672
34066.0,1485,genus,0.0832258,Clostridium,ERR1089672
34066.0,283168,genus,0.070742,Odoribacter,ERR1089672
34066.0,100883,genus,0.070742,Coprobacillus,ERR1089672
34066.0,1386,genus,0.0665807,Bacillus,ERR1089672
34066.0,207244,genus,0.0582581,Anaerostipes,ERR1089672
34066.0,1506577,genus,0.0582581,Tyzzerella,ERR1089672
34066.0,1301,genus,0.0499355,Streptococcus,ERR1089672
34066.0,41273,genus,0.0416129,Tissierella,ERR1089672
34066.0,1573534,genus,0.0416129,Faecalitalea,ERR1089672
34066.0,61170,genus,0.0332903,Holdemania,ERR1089672
34066.0,836,genus,0.0332903,Porphyromonas,ERR1089672
34066.0,146813,genus,0.029129,Dendrosporobacter,ERR1089672
34066.0,1678,genus,0.029129,Bifidobacterium,ERR1089672
34066.0,44748,genus,0.029129,Sporobacter,ERR1089672
34066.0,150022,genus,0.029129,Finegoldia,ERR1089672
34066.0,84111,genus,0.029129,Eggerthella,ERR1089672
34066.0,420345,genus,0.0249678,Lactonifactor,ERR1089672
34066.0,990721,genus,0.0208065,Christensenella,ERR1089672
34066.0,397864,genus,0.0166452,Barnesiella,ERR1089672
34066.0,165779,genus,0.0166452,Anaerococcus,ERR1089672
34066.0,239934,genus,0.0166452,Akkermansia,ERR1089672
34066.0,1017280,genus,0.0166452,Pseudoflavonifractor,ERR1089672
34066.0,1279,genus,0.0166452,Staphylococcus,ERR1089672
34066.0,1578,genus,0.0166452,Lactobacillus,ERR1089672
34066.0,39948,genus,0.0166452,Dialister,ERR1089672
34066.0,1471399,genus,0.0166452,Draconibacterium,ERR1089672
34066.0,162289,genus,0.0124839,Peptoniphilus,ERR1089672
34066.0,1378,genus,0.0124839,Gemella,ERR1089672
34066.0,28453,genus,0.0124839,Sphingobacterium,ERR1089672
34066.0,914,genus,0.00832258,Nitrosomonas,ERR1089672
34066.0,262406,genus,0.00832258,Thermobaculum,ERR1089672
34066.0,1637257,genus,0.00832258,Mageeibacillus,ERR1089672
34066.0,795750,genus,0.00832258,Ignavibacterium,ERR1089672
34066.0,670486,genus,0.00832258,Dehalogenimonas,ERR1089672
34066.0,264995,genus,0.00832258,Anaerofustis,ERR1089672
34066.0,286,genus,0.00832258,Pseudomonas,ERR1089672
34066.0,909656,genus,0.00832258,Phocaeicola,ERR1089672
34066.0,156973,genus,0.00832258,Dysgonomonas,ERR1089672
34066.0,830,genus,0.00416129,Butyrivibrio,ERR1089672
34066.0,133925,genus,0.00416129,Olsenella,ERR1089672
34066.0,100175,genus,0.00416129,Papillibacter,ERR1089672
34066.0,267986,genus,0.00416129,Owenweeksia,ERR1089672
34066.0,33042,genus,0.00416129,Coprococcus,ERR1089672
34066.0,1843210,genus,0.00416129,Anaerocolumna,ERR1089672
34066.0,44249,genus,0.00416129,Paenibacillus,ERR1089672
34066.0,1551504,genus,0.00416129,Candidatus Babela,ERR1089672
34066.0,501783,genus,0.00416129,Cloacibacterium,ERR1089672
34066.0,1663,genus,0.00416129,Arthrobacter,ERR1089672
34066.0,1234,genus,0.00416129,Nitrospira,ERR1089672
34066.0,1134403,genus,0.00416129,Melioribacter,ERR1089672
34066.0,35832,genus,0.00416129,Bilophila,ERR1089672
34066.0,28138,genus,0.00416129,Rikenella,ERR1089672
34066.0,392735,genus,0.00416129,Uliginosibacterium,ERR1089672
34066.0,42837,genus,0.00416129,Ammonifex,ERR1089672
34066.0,61434,genus,0.00416129,Dehalococcoides,ERR1089672
34066.0,168808,genus,0.00416129,Sneathia,ERR1089672
34066.0,46255,genus,0.00416129,Weissella,ERR1089672
34066.0,469,genus,0.00416129,Acinetobacter,ERR1089672
34066.0,1618113,genus,0.00416129,Saccharicrinis,ERR1089672
34066.0,648802,genus,0.00416129,Rummeliibacillus,ERR1089672
34066.0,866673,genus,0.00416129,Marinifilum,ERR1089672
34066.0,1548510,genus,0.00416129,Microbacter,ERR1089672
34066.0,1716,genus,0.00416129,Corynebacterium,ERR1089672
34066.0,1652133,genus,0.00416129,Halobacteriovorax,ERR1089672
34066.0,89966,genus,0.00416129,Hymenobacter,ERR1089672
34066.0,1257,genus,0.00416129,Peptostreptococcus,ERR1089672
34066.0,448125,genus,0.00416129,Dethiosulfatibacter,ERR1089672
34066.0,102106,genus,0.00416129,Collinsella,ERR1089672
34066.0,43996,genus,0.00416129,Catonella,ERR1089672
34066.0,1243,genus,0.00416129,Leuconostoc,ERR1089672
,-1,genus,24.8845,Unknown,ERR1089672
34066.0,816,genus,42.5575,Bacteroides,ERR1089672
34066.0,375288,genus,4.35687,Parabacteroides,ERR1089672
34066.0,577309,genus,3.7951,Paraprevotella,ERR1089672
34066.0,1506553,genus,3.33319,Lachnoclostridium,ERR1089672
34066.0,577310,genus,3.23748,Parasutterella,ERR1089672
34066.0,1508657,genus,2.49677,Ruminiclostridium,ERR1089672
34066.0,572511,genus,2.42187,Blautia,ERR1089672
34066.0,239759,genus,2.25126,Alistipes,ERR1089672
34066.0,459786,genus,1.85594,Oscillibacter,ERR1089672
34066.0,1263,genus,1.63955,Ruminococcus,ERR1089672
34066.0,1730,genus,1.58961,Eubacterium,ERR1089672
34066.0,841,genus,1.28584,Roseburia,ERR1089672
34066.0,904,genus,1.05697,Acidaminococcus,ERR1089672
34066.0,244127,genus,0.366194,Anaerotruncus,ERR1089672
34066.0,1505657,genus,0.295452,Intestinibacter,ERR1089672
34066.0,1505663,genus,0.241355,Erysipelatoclostridium,ERR1089672
34066.0,216851,genus,0.116516,Faecalibacterium,ERR1089672
34066.0,189330,genus,0.104032,Dorea,ERR1089672
34066.0,838,genus,0.099871,Prevotella,ERR1089672
34066.0,1485,genus,0.0832258,Clostridium,ERR1089672
34066.0,52784,genus,0.0832258,Anaerofilum,ERR1089672
34066.0,283168,genus,0.070742,Odoribacter,ERR1089672
34066.0,100883,genus,0.070742,Coprobacillus,ERR1089672
34066.0,1386,genus,0.0665807,Bacillus,ERR1089672
34066.0,207244,genus,0.0582581,Anaerostipes,ERR1089672
34066.0,1506577,genus,0.0582581,Tyzzerella,ERR1089672
34066.0,1301,genus,0.0499355,Streptococcus,ERR1089672
34066.0,41273,genus,0.0416129,Tissierella,ERR1089672
34066.0,1573534,genus,0.0416129,Faecalitalea,ERR1089672
34066.0,61170,genus,0.0332903,Holdemania,ERR1089672
34066.0,836,genus,0.0332903,Porphyromonas,ERR1089672
34066.0,150022,genus,0.029129,Finegoldia,ERR1089672
34066.0,84111,genus,0.029129,Eggerthella,ERR1089672
34066.0,146813,genus,0.029129,Dendrosporobacter,ERR1089672
34066.0,1678,genus,0.029129,Bifidobacterium,ERR1089672
34066.0,44748,genus,0.029129,Sporobacter,ERR1089672
34066.0,420345,genus,0.0249678,Lactonifactor,ERR1089672
34066.0,990721,genus,0.0208065,Christensenella,ERR1089672
34066.0,1578,genus,0.0166452,Lactobacillus,ERR1089672
34066.0,39948,genus,0.0166452,Dialister,ERR1089672
34066.0,1471399,genus,0.0166452,Draconibacterium,ERR1089672
34066.0,397864,genus,0.0166452,Barnesiella,ERR1089672
34066.0,165779,genus,0.0166452,Anaerococcus,ERR1089672
34066.0,239934,genus,0.0166452,Akkermansia,ERR1089672
34066.0,1017280,genus,0.0166452,Pseudoflavonifractor,ERR1089672
34066.0,1279,genus,0.0166452,Staphylococcus,ERR1089672
34066.0,162289,genus,0.0124839,Peptoniphilus,ERR1089672
34066.0,1378,genus,0.0124839,Gemella,ERR1089672
34066.0,28453,genus,0.0124839,Sphingobacterium,ERR1089672
34066.0,914,genus,0.00832258,Nitrosomonas,ERR1089672
34066.0,262406,genus,0.00832258,Thermobaculum,ERR1089672
34066.0,1637257,genus,0.00832258,Mageeibacillus,ERR1089672
34066.0,795750,genus,0.00832258,Ignavibacterium,ERR1089672
34066.0,670486,genus,0.00832258,Dehalogenimonas,ERR1089672
34066.0,264995,genus,0.00832258,Anaerofustis,ERR1089672
34066.0,286,genus,0.00832258,Pseudomonas,ERR1089672
34066.0,909656,genus,0.00832258,Phocaeicola,ERR1089672
34066.0,156973,genus,0.00832258,Dysgonomonas,ERR1089672
34066.0,1257,genus,0.00416129,Peptostreptococcus,ERR1089672
34066.0,448125,genus,0.00416129,Dethiosulfatibacter,ERR1089672
34066.0,102106,genus,0.00416129,Collinsella,ERR1089672
34066.0,43996,genus,0.00416129,Catonella,ERR1089672
34066.0,1243,genus,0.00416129,Leuconostoc,ERR1089672
34066.0,830,genus,0.00416129,Butyrivibrio,ERR1089672
34066.0,133925,genus,0.00416129,Olsenella,ERR1089672
34066.0,100175,genus,0.00416129,Papillibacter,ERR1089672
34066.0,267986,genus,0.00416129,Owenweeksia,ERR1089672
34066.0,33042,genus,0.00416129,Coprococcus,ERR1089672
34066.0,1843210,genus,0.00416129,Anaerocolumna,ERR1089672
34066.0,44249,genus,0.00416129,Paenibacillus,ERR1089672
34066.0,1551504,genus,0.00416129,Candidatus Babela,ERR1089672
34066.0,501783,genus,0.00416129,Cloacibacterium,ERR1089672
34066.0,1663,genus,0.00416129,Arthrobacter,ERR1089672
34066.0,1234,genus,0.00416129,Nitrospira,ERR1089672
34066.0,1134403,genus,0.00416129,Melioribacter,ERR1089672
34066.0,35832,genus,0.00416129,Bilophila,ERR1089672
34066.0,28138,genus,0.00416129,Rikenella,ERR1089672
34066.0,392735,genus,0.00416129,Uliginosibacterium,ERR1089672
34066.0,42837,genus,0.00416129,Ammonifex,ERR1089672
34066.0,61434,genus,0.00416129,Dehalococcoides,ERR1089672
34066.0,168808,genus,0.00416129,Sneathia,ERR1089672
34066.0,46255,genus,0.00416129,Weissella,ERR1089672
34066.0,469,genus,0.00416129,Acinetobacter,ERR1089672
34066.0,1618113,genus,0.00416129,Saccharicrinis,ERR1089672
34066.0,648802,genus,0.00416129,Rummeliibacillus,ERR1089672
34066.0,866673,genus,0.00416129,Marinifilum,ERR1089672
34066.0,1548510,genus,0.00416129,Microbacter,ERR1089672
34066.0,1716,genus,0.00416129,Corynebacterium,ERR1089672
34066.0,1652133,genus,0.00416129,Halobacteriovorax,ERR1089672
34066.0,89966,genus,0.00416129,Hymenobacter,ERR1089672
,-1,genus,24.8845,Unknown,ERR1089672
34066.0,816,genus,42.5575,Bacteroides,ERR1089672
34066.0,375288,genus,4.35687,Parabacteroides,ERR1089672
34066.0,577309,genus,3.7951,Paraprevotella,ERR1089672
34066.0,1506553,genus,3.33319,Lachnoclostridium,ERR1089672
34066.0,577310,genus,3.23748,Parasutterella,ERR1089672
34066.0,1508657,genus,2.49677,Ruminiclostridium,ERR1089672
34066.0,572511,genus,2.42187,Blautia,ERR1089672
34066.0,239759,genus,2.25126,Alistipes,ERR1089672
34066.0,459786,genus,1.85594,Oscillibacter,ERR1089672
34066.0,1263,genus,1.63955,Ruminococcus,ERR1089672
34066.0,1730,genus,1.58961,Eubacterium,ERR1089672
34066.0,841,genus,1.28584,Roseburia,ERR1089672
34066.0,904,genus,1.05697,Acidaminococcus,ERR1089672
34066.0,244127,genus,0.366194,Anaerotruncus,ERR1089672
34066.0,1505657,genus,0.295452,Intestinibacter,ERR1089672
34066.0,1505663,genus,0.241355,Erysipelatoclostridium,ERR1089672
34066.0,216851,genus,0.116516,Faecalibacterium,ERR1089672
34066.0,189330,genus,0.104032,Dorea,ERR1089672
34066.0,838,genus,0.099871,Prevotella,ERR1089672
34066.0,1485,genus,0.0832258,Clostridium,ERR1089672
34066.0,52784,genus,0.0832258,Anaerofilum,ERR1089672
34066.0,283168,genus,0.070742,Odoribacter,ERR1089672
34066.0,100883,genus,0.070742,Coprobacillus,ERR1089672
34066.0,1386,genus,0.0665807,Bacillus,ERR1089672
34066.0,207244,genus,0.0582581,Anaerostipes,ERR1089672
34066.0,1506577,genus,0.0582581,Tyzzerella,ERR1089672
34066.0,1301,genus,0.0499355,Streptococcus,ERR1089672
34066.0,41273,genus,0.0416129,Tissierella,ERR1089672
34066.0,1573534,genus,0.0416129,Faecalitalea,ERR1089672
34066.0,61170,genus,0.0332903,Holdemania,ERR1089672
34066.0,836,genus,0.0332903,Porphyromonas,ERR1089672
34066.0,150022,genus,0.029129,Finegoldia,ERR1089672
34066.0,84111,genus,0.029129,Eggerthella,ERR1089672
34066.0,146813,genus,0.029129,Dendrosporobacter,ERR1089672
34066.0,1678,genus,0.029129,Bifidobacterium,ERR1089672
34066.0,44748,genus,0.029129,Sporobacter,ERR1089672
34066.0,420345,genus,0.0249678,Lactonifactor,ERR1089672
34066.0,990721,genus,0.0208065,Christensenella,ERR1089672
34066.0,1578,genus,0.0166452,Lactobacillus,ERR1089672
34066.0,39948,genus,0.0166452,Dialister,ERR1089672
34066.0,1471399,genus,0.0166452,Draconibacterium,ERR1089672
34066.0,397864,genus,0.0166452,Barnesiella,ERR1089672
34066.0,165779,genus,0.0166452,Anaerococcus,ERR1089672
34066.0,239934,genus,0.0166452,Akkermansia,ERR1089672
34066.0,1017280,genus,0.0166452,Pseudoflavonifractor,ERR1089672
34066.0,1279,genus,0.0166452,Staphylococcus,ERR1089672
34066.0,162289,genus,0.0124839,Peptoniphilus,ERR1089672
34066.0,1378,genus,0.0124839,Gemella,ERR1089672
34066.0,28453,genus,0.0124839,Sphingobacterium,ERR1089672
34066.0,156973,genus,0.00832258,Dysgonomonas,ERR1089672
34066.0,914,genus,0.00832258,Nitrosomonas,ERR1089672
34066.0,262406,genus,0.00832258,Thermobaculum,ERR1089672
34066.0,1637257,genus,0.00832258,Mageeibacillus,ERR1089672
34066.0,795750,genus,0.00832258,Ignavibacterium,ERR1089672
34066.0,670486,genus,0.00832258,Dehalogenimonas,ERR1089672
34066.0,264995,genus,0.00832258,Anaerofustis,ERR1089672
34066.0,286,genus,0.00832258,Pseudomonas,ERR1089672
34066.0,909656,genus,0.00832258,Phocaeicola,ERR1089672
34066.0,1548510,genus,0.00416129,Microbacter,ERR1089672
34066.0,1716,genus,0.00416129,Corynebacterium,ERR1089672
34066.0,1652133,genus,0.00416129,Halobacteriovorax,ERR1089672
34066.0,89966,genus,0.00416129,Hymenobacter,ERR1089672
34066.0,1257,genus,0.00416129,Peptostreptococcus,ERR1089672
34066.0,448125,genus,0.00416129,Dethiosulfatibacter,ERR1089672
34066.0,102106,genus,0.00416129,Collinsella,ERR1089672
34066.0,43996,genus,0.00416129,Catonella,ERR1089672
34066.0,1243,genus,0.00416129,Leuconostoc,ERR1089672
34066.0,830,genus,0.00416129,Butyrivibrio,ERR1089672
34066.0,133925,genus,0.00416129,Olsenella,ERR1089672
34066.0,100175,genus,0.00416129,Papillibacter,ERR1089672
34066.0,267986,genus,0.00416129,Owenweeksia,ERR1089672
34066.0,33042,genus,0.00416129,Coprococcus,ERR1089672
34066.0,1843210,genus,0.00416129,Anaerocolumna,ERR1089672
34066.0,44249,genus,0.00416129,Paenibacillus,ERR1089672
34066.0,1551504,genus,0.00416129,Candidatus Babela,ERR1089672
34066.0,501783,genus,0.00416129,Cloacibacterium,ERR1089672
34066.0,1663,genus,0.00416129,Arthrobacter,ERR1089672
34066.0,1234,genus,0.00416129,Nitrospira,ERR1089672
34066.0,1134403,genus,0.00416129,Melioribacter,ERR1089672
34066.0,35832,genus,0.00416129,Bilophila,ERR1089672
34066.0,28138,genus,0.00416129,Rikenella,ERR1089672
34066.0,392735,genus,0.00416129,Uliginosibacterium,ERR1089672
34066.0,42837,genus,0.00416129,Ammonifex,ERR1089672
34066.0,61434,genus,0.00416129,Dehalococcoides,ERR1089672
34066.0,168808,genus,0.00416129,Sneathia,ERR1089672
34066.0,46255,genus,0.00416129,Weissella,ERR1089672
34066.0,469,genus,0.00416129,Acinetobacter,ERR1089672
34066.0,1618113,genus,0.00416129,Saccharicrinis,ERR1089672
34066.0,648802,genus,0.00416129,Rummeliibacillus,ERR1089672
34066.0,866673,genus,0.00416129,Marinifilum,ERR1089672
,-1,genus,24.8845,Unknown,ERR1089672
34066.0,816,genus,42.5575,Bacteroides,ERR1089672
34066.0,375288,genus,4.35687,Parabacteroides,ERR1089672
34066.0,577309,genus,3.7951,Paraprevotella,ERR1089672
34066.0,1506553,genus,3.33319,Lachnoclostridium,ERR1089672
34066.0,577310,genus,3.23748,Parasutterella,ERR1089672
34066.0,1508657,genus,2.49677,Ruminiclostridium,ERR1089672
34066.0,572511,genus,2.42187,Blautia,ERR1089672
34066.0,239759,genus,2.25126,Alistipes,ERR1089672
34066.0,459786,genus,1.85594,Oscillibacter,ERR1089672
34066.0,1263,genus,1.63955,Ruminococcus,ERR1089672
34066.0,1730,genus,1.58961,Eubacterium,ERR1089672
34066.0,841,genus,1.28584,Roseburia,ERR1089672
34066.0,904,genus,1.05697,Acidaminococcus,ERR1089672
34066.0,244127,genus,0.366194,Anaerotruncus,ERR1089672
34066.0,1505657,genus,0.295452,Intestinibacter,ERR1089672
34066.0,1505663,genus,0.241355,Erysipelatoclostridium,ERR1089672
34066.0,216851,genus,0.116516,Faecalibacterium,ERR1089672
34066.0,189330,genus,0.104032,Dorea,ERR1089672
34066.0,838,genus,0.099871,Prevotella,ERR1089672
34066.0,52784,genus,0.0832258,Anaerofilum,ERR1089672
34066.0,1485,genus,0.0832258,Clostridium,ERR1089672
34066.0,100883,genus,0.070742,Coprobacillus,ERR1089672
34066.0,283168,genus,0.070742,Odoribacter,ERR1089672
34066.0,1386,genus,0.0665807,Bacillus,ERR1089672
34066.0,1506577,genus,0.0582581,Tyzzerella,ERR1089672
34066.0,207244,genus,0.0582581,Anaerostipes,ERR1089672
34066.0,1301,genus,0.0499355,Streptococcus,ERR1089672
34066.0,41273,genus,0.0416129,Tissierella,ERR1089672
34066.0,1573534,genus,0.0416129,Faecalitalea,ERR1089672
34066.0,61170,genus,0.0332903,Holdemania,ERR1089672
34066.0,836,genus,0.0332903,Porphyromonas,ERR1089672
34066.0,1678,genus,0.029129,Bifidobacterium,ERR1089672
34066.0,44748,genus,0.029129,Sporobacter,ERR1089672
34066.0,150022,genus,0.029129,Finegoldia,ERR1089672
34066.0,84111,genus,0.029129,Eggerthella,ERR1089672
34066.0,146813,genus,0.029129,Dendrosporobacter,ERR1089672
34066.0,420345,genus,0.0249678,Lactonifactor,ERR1089672
34066.0,990721,genus,0.0208065,Christensenella,ERR1089672
34066.0,397864,genus,0.0166452,Barnesiella,ERR1089672
34066.0,165779,genus,0.0166452,Anaerococcus,ERR1089672
34066.0,1017280,genus,0.0166452,Pseudoflavonifractor,ERR1089672
34066.0,239934,genus,0.0166452,Akkermansia,ERR1089672
34066.0,1279,genus,0.0166452,Staphylococcus,ERR1089672
34066.0,1578,genus,0.0166452,Lactobacillus,ERR1089672
34066.0,39948,genus,0.0166452,Dialister,ERR1089672
34066.0,1471399,genus,0.0166452,Draconibacterium,ERR1089672
34066.0,162289,genus,0.0124839,Peptoniphilus,ERR1089672
34066.0,1378,genus,0.0124839,Gemella,ERR1089672
34066.0,28453,genus,0.0124839,Sphingobacterium,ERR1089672
34066.0,1637257,genus,0.00832258,Mageeibacillus,ERR1089672
34066.0,795750,genus,0.00832258,Ignavibacterium,ERR1089672
34066.0,670486,genus,0.00832258,Dehalogenimonas,ERR1089672
34066.0,264995,genus,0.00832258,Anaerofustis,ERR1089672
34066.0,286,genus,0.00832258,Pseudomonas,ERR1089672
34066.0,909656,genus,0.00832258,Phocaeicola,ERR1089672
34066.0,156973,genus,0.00832258,Dysgonomonas,ERR1089672
34066.0,914,genus,0.00832258,Nitrosomonas,ERR1089672
34066.0,262406,genus,0.00832258,Thermobaculum,ERR1089672
34066.0,501783,genus,0.00416129,Cloacibacterium,ERR1089672
34066.0,1843210,genus,0.00416129,Anaerocolumna,ERR1089672
34066.0,44249,genus,0.00416129,Paenibacillus,ERR1089672
34066.0,1551504,genus,0.00416129,Candidatus Babela,ERR1089672
34066.0,1234,genus,0.00416129,Nitrospira,ERR1089672
34066.0,1663,genus,0.00416129,Arthrobacter,ERR1089672
34066.0,28138,genus,0.00416129,Rikenella,ERR1089672
34066.0,1134403,genus,0.00416129,Melioribacter,ERR1089672
34066.0,35832,genus,0.00416129,Bilophila,ERR1089672
34066.0,168808,genus,0.00416129,Sneathia,ERR1089672
34066.0,392735,genus,0.00416129,Uliginosibacterium,ERR1089672
34066.0,42837,genus,0.00416129,Ammonifex,ERR1089672
34066.0,61434,genus,0.00416129,Dehalococcoides,ERR1089672
34066.0,46255,genus,0.00416129,Weissella,ERR1089672
34066.0,469,genus,0.00416129,Acinetobacter,ERR1089672
34066.0,1618113,genus,0.00416129,Saccharicrinis,ERR1089672
34066.0,648802,genus,0.00416129,Rummeliibacillus,ERR1089672
34066.0,866673,genus,0.00416129,Marinifilum,ERR1089672
34066.0,89966,genus,0.00416129,Hymenobacter,ERR1089672
34066.0,1548510,genus,0.00416129,Microbacter,ERR1089672
34066.0,1716,genus,0.00416129,Corynebacterium,ERR1089672
34066.0,1652133,genus,0.00416129,Halobacteriovorax,ERR1089672
34066.0,102106,genus,0.00416129,Collinsella,ERR1089672
34066.0,1257,genus,0.00416129,Peptostreptococcus,ERR1089672
34066.0,448125,genus,0.00416129,Dethiosulfatibacter,ERR1089672
34066.0,1243,genus,0.00416129,Leuconostoc,ERR1089672
34066.0,43996,genus,0.00416129,Catonella,ERR1089672
34066.0,133925,genus,0.00416129,Olsenella,ERR1089672
34066.0,830,genus,0.00416129,Butyrivibrio,ERR1089672
34066.0,100175,genus,0.00416129,Papillibacter,ERR1089672
34066.0,267986,genus,0.00416129,Owenweeksia,ERR1089672
34066.0,33042,genus,0.00416129,Coprococcus,ERR1089672
,-1,genus,24.8845,Unknown,ERR1089672
34066.0,816,genus,42.5575,Bacteroides,ERR1089672
34066.0,375288,genus,4.35687,Parabacteroides,ERR1089672
34066.0,577309,genus,3.7951,Paraprevotella,ERR1089672
34066.0,1506553,genus,3.33319,Lachnoclostridium,ERR1089672
34066.0,577310,genus,3.23748,Parasutterella,ERR1089672
34066.0,1508657,genus,2.49677,Ruminiclostridium,ERR1089672
34066.0,572511,genus,2.42187,Blautia,ERR1089672
34066.0,239759,genus,2.25126,Alistipes,ERR1089672
34066.0,459786,genus,1.85594,Oscillibacter,ERR1089672
34066.0,1263,genus,1.63955,Ruminococcus,ERR1089672
34066.0,1730,genus,1.58961,Eubacterium,ERR1089672
34066.0,841,genus,1.28584,Roseburia,ERR1089672
34066.0,904,genus,1.05697,Acidaminococcus,ERR1089672
34066.0,244127,genus,0.366194,Anaerotruncus,ERR1089672
34066.0,1505657,genus,0.295452,Intestinibacter,ERR1089672
34066.0,1505663,genus,0.241355,Erysipelatoclostridium,ERR1089672
34066.0,216851,genus,0.116516,Faecalibacterium,ERR1089672
34066.0,189330,genus,0.104032,Dorea,ERR1089672
34066.0,838,genus,0.099871,Prevotella,ERR1089672
34066.0,52784,genus,0.0832258,Anaerofilum,ERR1089672
34066.0,1485,genus,0.0832258,Clostridium,ERR1089672
34066.0,283168,genus,0.070742,Odoribacter,ERR1089672
34066.0,100883,genus,0.070742,Coprobacillus,ERR1089672
34066.0,1386,genus,0.0665807,Bacillus,ERR1089672
34066.0,207244,genus,0.0582581,Anaerostipes,ERR1089672
34066.0,1506577,genus,0.0582581,Tyzzerella,ERR1089672
34066.0,1301,genus,0.0499355,Streptococcus,ERR1089672
34066.0,41273,genus,0.0416129,Tissierella,ERR1089672
34066.0,1573534,genus,0.0416129,Faecalitalea,ERR1089672
34066.0,836,genus,0.0332903,Porphyromonas,ERR1089672
34066.0,61170,genus,0.0332903,Holdemania,ERR1089672
34066.0,1678,genus,0.029129,Bifidobacterium,ERR1089672
34066.0,44748,genus,0.029129,Sporobacter,ERR1089672
34066.0,150022,genus,0.029129,Finegoldia,ERR1089672
34066.0,84111,genus,0.029129,Eggerthella,ERR1089672
34066.0,146813,genus,0.029129,Dendrosporobacter,ERR1089672
34066.0,420345,genus,0.0249678,Lactonifactor,ERR1089672
34066.0,990721,genus,0.0208065,Christensenella,ERR1089672
34066.0,239934,genus,0.0166452,Akkermansia,ERR1089672
34066.0,1017280,genus,0.0166452,Pseudoflavonifractor,ERR1089672
34066.0,1279,genus,0.0166452,Staphylococcus,ERR1089672
34066.0,1578,genus,0.0166452,Lactobacillus,ERR1089672
34066.0,39948,genus,0.0166452,Dialister,ERR1089672
34066.0,1471399,genus,0.0166452,Draconibacterium,ERR1089672
34066.0,397864,genus,0.0166452,Barnesiella,ERR1089672
34066.0,165779,genus,0.0166452,Anaerococcus,ERR1089672
34066.0,1378,genus,0.0124839,Gemella,ERR1089672
34066.0,28453,genus,0.0124839,Sphingobacterium,ERR1089672
34066.0,162289,genus,0.0124839,Peptoniphilus,ERR1089672
34066.0,909656,genus,0.00832258,Phocaeicola,ERR1089672
34066.0,156973,genus,0.00832258,Dysgonomonas,ERR1089672
34066.0,914,genus,0.00832258,Nitrosomonas,ERR1089672
34066.0,262406,genus,0.00832258,Thermobaculum,ERR1089672
34066.0,1637257,genus,0.00832258,Mageeibacillus,ERR1089672
34066.0,795750,genus,0.00832258,Ignavibacterium,ERR1089672
34066.0,670486,genus,0.00832258,Dehalogenimonas,ERR1089672
34066.0,264995,genus,0.00832258,Anaerofustis,ERR1089672
34066.0,286,genus,0.00832258,Pseudomonas,ERR1089672
34066.0,648802,genus,0.00416129,Rummeliibacillus,ERR1089672
34066.0,866673,genus,0.00416129,Marinifilum,ERR1089672
34066.0,1548510,genus,0.00416129,Microbacter,ERR1089672
34066.0,1716,genus,0.00416129,Corynebacterium,ERR1089672
34066.0,1652133,genus,0.00416129,Halobacteriovorax,ERR1089672
34066.0,89966,genus,0.00416129,Hymenobacter,ERR1089672
34066.0,1257,genus,0.00416129,Peptostreptococcus,ERR1089672
34066.0,448125,genus,0.00416129,Dethiosulfatibacter,ERR1089672
34066.0,102106,genus,0.00416129,Collinsella,ERR1089672
34066.0,43996,genus,0.00416129,Catonella,ERR1089672
34066.0,1243,genus,0.00416129,Leuconostoc,ERR1089672
34066.0,830,genus,0.00416129,Butyrivibrio,ERR1089672
34066.0,133925,genus,0.00416129,Olsenella,ERR1089672
34066.0,100175,genus,0.00416129,Papillibacter,ERR1089672
34066.0,267986,genus,0.00416129,Owenweeksia,ERR1089672
34066.0,33042,genus,0.00416129,Coprococcus,ERR1089672
34066.0,1843210,genus,0.00416129,Anaerocolumna,ERR1089672
34066.0,44249,genus,0.00416129,Paenibacillus,ERR1089672
34066.0,1551504,genus,0.00416129,Candidatus Babela,ERR1089672
34066.0,501783,genus,0.00416129,Cloacibacterium,ERR1089672
34066.0,1663,genus,0.00416129,Arthrobacter,ERR1089672
34066.0,1234,genus,0.00416129,Nitrospira,ERR1089672
34066.0,1134403,genus,0.00416129,Melioribacter,ERR1089672
34066.0,35832,genus,0.00416129,Bilophila,ERR1089672
34066.0,28138,genus,0.00416129,Rikenella,ERR1089672
34066.0,392735,genus,0.00416129,Uliginosibacterium,ERR1089672
34066.0,42837,genus,0.00416129,Ammonifex,ERR1089672
34066.0,61434,genus,0.00416129,Dehalococcoides,ERR1089672
34066.0,168808,genus,0.00416129,Sneathia,ERR1089672
34066.0,46255,genus,0.00416129,Weissella,ERR1089672
34066.0,469,genus,0.00416129,Acinetobacter,ERR1089672
34066.0,1618113,genus,0.00416129,Saccharicrinis,ERR1089672
,-1,genus,24.8845,Unknown,ERR1089672
34066.0,816,genus,42.5575,Bacteroides,ERR1089672
34066.0,375288,genus,4.35687,Parabacteroides,ERR1089672
34066.0,577309,genus,3.7951,Paraprevotella,ERR1089672
34066.0,1506553,genus,3.33319,Lachnoclostridium,ERR1089672
34066.0,577310,genus,3.23748,Parasutterella,ERR1089672
34066.0,1508657,genus,2.49677,Ruminiclostridium,ERR1089672
34066.0,572511,genus,2.42187,Blautia,ERR1089672
34066.0,239759,genus,2.25126,Alistipes,ERR1089672
34066.0,459786,genus,1.85594,Oscillibacter,ERR1089672
34066.0,1263,genus,1.63955,Ruminococcus,ERR1089672
34066.0,1730,genus,1.58961,Eubacterium,ERR1089672
34066.0,841,genus,1.28584,Roseburia,ERR1089672
34066.0,904,genus,1.05697,Acidaminococcus,ERR1089672
34066.0,244127,genus,0.366194,Anaerotruncus,ERR1089672
34066.0,1505657,genus,0.295452,Intestinibacter,ERR1089672
34066.0,1505663,genus,0.241355,Erysipelatoclostridium,ERR1089672
34066.0,216851,genus,0.116516,Faecalibacterium,ERR1089672
34066.0,189330,genus,0.104032,Dorea,ERR1089672
34066.0,838,genus,0.099871,Prevotella,ERR1089672
34066.0,1485,genus,0.0832258,Clostridium,ERR1089672
34066.0,52784,genus,0.0832258,Anaerofilum,ERR1089672
34066.0,283168,genus,0.070742,Odoribacter,ERR1089672
34066.0,100883,genus,0.070742,Coprobacillus,ERR1089672
34066.0,1386,genus,0.0665807,Bacillus,ERR1089672
34066.0,207244,genus,0.0582581,Anaerostipes,ERR1089672
34066.0,1506577,genus,0.0582581,Tyzzerella,ERR1089672
34066.0,1301,genus,0.0499355,Streptococcus,ERR1089672
34066.0,41273,genus,0.0416129,Tissierella,ERR1089672
34066.0,1573534,genus,0.0416129,Faecalitalea,ERR1089672
34066.0,61170,genus,0.0332903,Holdemania,ERR1089672
34066.0,836,genus,0.0332903,Porphyromonas,ERR1089672
34066.0,44748,genus,0.029129,Sporobacter,ERR1089672
34066.0,150022,genus,0.029129,Finegoldia,ERR1089672
34066.0,84111,genus,0.029129,Eggerthella,ERR1089672
34066.0,146813,genus,0.029129,Dendrosporobacter,ERR1089672
34066.0,1678,genus,0.029129,Bifidobacterium,ERR1089672
34066.0,420345,genus,0.0249678,Lactonifactor,ERR1089672
34066.0,990721,genus,0.0208065,Christensenella,ERR1089672
34066.0,1578,genus,0.0166452,Lactobacillus,ERR1089672
34066.0,39948,genus,0.0166452,Dialister,ERR1089672
34066.0,1471399,genus,0.0166452,Draconibacterium,ERR1089672
34066.0,397864,genus,0.0166452,Barnesiella,ERR1089672
34066.0,165779,genus,0.0166452,Anaerococcus,ERR1089672
34066.0,239934,genus,0.0166452,Akkermansia,ERR1089672
34066.0,1017280,genus,0.0166452,Pseudoflavonifractor,ERR1089672
34066.0,1279,genus,0.0166452,Staphylococcus,ERR1089672
34066.0,1378,genus,0.0124839,Gemella,ERR1089672
34066.0,28453,genus,0.0124839,Sphingobacterium,ERR1089672
34066.0,162289,genus,0.0124839,Peptoniphilus,ERR1089672
34066.0,909656,genus,0.00832258,Phocaeicola,ERR1089672
34066.0,156973,genus,0.00832258,Dysgonomonas,ERR1089672
34066.0,914,genus,0.00832258,Nitrosomonas,ERR1089672
34066.0,262406,genus,0.00832258,Thermobaculum,ERR1089672
34066.0,1637257,genus,0.00832258,Mageeibacillus,ERR1089672
34066.0,795750,genus,0.00832258,Ignavibacterium,ERR1089672
34066.0,670486,genus,0.00832258,Dehalogenimonas,ERR1089672
34066.0,264995,genus,0.00832258,Anaerofustis,ERR1089672
34066.0,286,genus,0.00832258,Pseudomonas,ERR1089672
34066.0,866673,genus,0.00416129,Marinifilum,ERR1089672
34066.0,1548510,genus,0.00416129,Microbacter,ERR1089672
34066.0,1716,genus,0.00416129,Corynebacterium,ERR1089672
34066.0,1652133,genus,0.00416129,Halobacteriovorax,ERR1089672
34066.0,89966,genus,0.00416129,Hymenobacter,ERR1089672
34066.0,1257,genus,0.00416129,Peptostreptococcus,ERR1089672
34066.0,448125,genus,0.00416129,Dethiosulfatibacter,ERR1089672
34066.0,102106,genus,0.00416129,Collinsella,ERR1089672
34066.0,43996,genus,0.00416129,Catonella,ERR1089672
34066.0,1243,genus,0.00416129,Leuconostoc,ERR1089672
34066.0,830,genus,0.00416129,Butyrivibrio,ERR1089672
34066.0,133925,genus,0.00416129,Olsenella,ERR1089672
34066.0,100175,genus,0.00416129,Papillibacter,ERR1089672
34066.0,267986,genus,0.00416129,Owenweeksia,ERR1089672
34066.0,33042,genus,0.00416129,Coprococcus,ERR1089672
34066.0,1843210,genus,0.00416129,Anaerocolumna,ERR1089672
34066.0,44249,genus,0.00416129,Paenibacillus,ERR1089672
34066.0,1551504,genus,0.00416129,Candidatus Babela,ERR1089672
34066.0,501783,genus,0.00416129,Cloacibacterium,ERR1089672
34066.0,1663,genus,0.00416129,Arthrobacter,ERR1089672
34066.0,1234,genus,0.00416129,Nitrospira,ERR1089672
34066.0,1134403,genus,0.00416129,Melioribacter,ERR1089672
34066.0,35832,genus,0.00416129,Bilophila,ERR1089672
34066.0,28138,genus,0.00416129,Rikenella,ERR1089672
34066.0,392735,genus,0.00416129,Uliginosibacterium,ERR1089672
34066.0,42837,genus,0.00416129,Ammonifex,ERR1089672
34066.0,61434,genus,0.00416129,Dehalococcoides,ERR1089672
34066.0,168808,genus,0.00416129,Sneathia,ERR1089672
34066.0,46255,genus,0.00416129,Weissella,ERR1089672
34066.0,469,genus,0.00416129,Acinetobacter,ERR1089672
34066.0,1618113,genus,0.00416129,Saccharicrinis,ERR1089672
34066.0,648802,genus,0.00416129,Rummeliibacillus,ERR1089672
,-1,genus,24.8845,Unknown,ERR1089672
34066.0,816,genus,42.5575,Bacteroides,ERR1089672
34066.0,375288,genus,4.35687,Parabacteroides,ERR1089672
34066.0,577309,genus,3.7951,Paraprevotella,ERR1089672
34066.0,1506553,genus,3.33319,Lachnoclostridium,ERR1089672
34066.0,577310,genus,3.23748,Parasutterella,ERR1089672
34066.0,1508657,genus,2.49677,Ruminiclostridium,ERR1089672
34066.0,572511,genus,2.42187,Blautia,ERR1089672
34066.0,239759,genus,2.25126,Alistipes,ERR1089672
34066.0,459786,genus,1.85594,Oscillibacter,ERR1089672
34066.0,1263,genus,1.63955,Ruminococcus,ERR1089672
34066.0,1730,genus,1.58961,Eubacterium,ERR1089672
34066.0,841,genus,1.28584,Roseburia,ERR1089672
34066.0,904,genus,1.05697,Acidaminococcus,ERR1089672
34066.0,244127,genus,0.366194,Anaerotruncus,ERR1089672
34066.0,1505657,genus,0.295452,Intestinibacter,ERR1089672
34066.0,1505663,genus,0.241355,Erysipelatoclostridium,ERR1089672
34066.0,216851,genus,0.116516,Faecalibacterium,ERR1089672
34066.0,189330,genus,0.104032,Dorea,ERR1089672
34066.0,838,genus,0.099871,Prevotella,ERR1089672
34066.0,1485,genus,0.0832258,Clostridium,ERR1089672
34066.0,52784,genus,0.0832258,Anaerofilum,ERR1089672
34066.0,283168,genus,0.070742,Odoribacter,ERR1089672
34066.0,100883,genus,0.070742,Coprobacillus,ERR1089672
34066.0,1386,genus,0.0665807,Bacillus,ERR1089672
34066.0,207244,genus,0.0582581,Anaerostipes,ERR1089672
34066.0,1506577,genus,0.0582581,Tyzzerella,ERR1089672
34066.0,1301,genus,0.0499355,Streptococcus,ERR1089672
34066.0,41273,genus,0.0416129,Tissierella,ERR1089672
34066.0,1573534,genus,0.0416129,Faecalitalea,ERR1089672
34066.0,61170,genus,0.0332903,Holdemania,ERR1089672
34066.0,836,genus,0.0332903,Porphyromonas,ERR1089672
34066.0,84111,genus,0.029129,Eggerthella,ERR1089672
34066.0,146813,genus,0.029129,Dendrosporobacter,ERR1089672
34066.0,1678,genus,0.029129,Bifidobacterium,ERR1089672
34066.0,44748,genus,0.029129,Sporobacter,ERR1089672
34066.0,150022,genus,0.029129,Finegoldia,ERR1089672
34066.0,420345,genus,0.0249678,Lactonifactor,ERR1089672
34066.0,990721,genus,0.0208065,Christensenella,ERR1089672
34066.0,1471399,genus,0.0166452,Draconibacterium,ERR1089672
34066.0,397864,genus,0.0166452,Barnesiella,ERR1089672
34066.0,165779,genus,0.0166452,Anaerococcus,ERR1089672
34066.0,239934,genus,0.0166452,Akkermansia,ERR1089672
34066.0,1017280,genus,0.0166452,Pseudoflavonifractor,ERR1089672
34066.0,1279,genus,0.0166452,Staphylococcus,ERR1089672
34066.0,1578,genus,0.0166452,Lactobacillus,ERR1089672
34066.0,39948,genus,0.0166452,Dialister,ERR1089672
34066.0,162289,genus,0.0124839,Peptoniphilus,ERR1089672
34066.0,1378,genus,0.0124839,Gemella,ERR1089672
34066.0,28453,genus,0.0124839,Sphingobacterium,ERR1089672
34066.0,914,genus,0.00832258,Nitrosomonas,ERR1089672
34066.0,262406,genus,0.00832258,Thermobaculum,ERR1089672
34066.0,1637257,genus,0.00832258,Mageeibacillus,ERR1089672
34066.0,795750,genus,0.00832258,Ignavibacterium,ERR1089672
34066.0,670486,genus,0.00832258,Dehalogenimonas,ERR1089672
34066.0,264995,genus,0.00832258,Anaerofustis,ERR1089672
34066.0,286,genus,0.00832258,Pseudomonas,ERR1089672
34066.0,909656,genus,0.00832258,Phocaeicola,ERR1089672
34066.0,156973,genus,0.00832258,Dysgonomonas,ERR1089672
34066.0,43996,genus,0.00416129,Catonella,ERR1089672
34066.0,1243,genus,0.00416129,Leuconostoc,ERR1089672
34066.0,830,genus,0.00416129,Butyrivibrio,ERR1089672
34066.0,133925,genus,0.00416129,Olsenella,ERR1089672
34066.0,100175,genus,0.00416129,Papillibacter,ERR1089672
34066.0,267986,genus,0.00416129,Owenweeksia,ERR1089672
34066.0,33042,genus,0.00416129,Coprococcus,ERR1089672
34066.0,1843210,genus,0.00416129,Anaerocolumna,ERR1089672
34066.0,44249,genus,0.00416129,Paenibacillus,ERR1089672
34066.0,1551504,genus,0.00416129,Candidatus Babela,ERR1089672
34066.0,501783,genus,0.00416129,Cloacibacterium,ERR1089672
34066.0,1663,genus,0.00416129,Arthrobacter,ERR1089672
34066.0,1234,genus,0.00416129,Nitrospira,ERR1089672
34066.0,1134403,genus,0.00416129,Melioribacter,ERR1089672
34066.0,35832,genus,0.00416129,Bilophila,ERR1089672
34066.0,28138,genus,0.00416129,Rikenella,ERR1089672
34066.0,392735,genus,0.00416129,Uliginosibacterium,ERR1089672
34066.0,42837,genus,0.00416129,Ammonifex,ERR1089672
34066.0,61434,genus,0.00416129,Dehalococcoides,ERR1089672
34066.0,168808,genus,0.00416129,Sneathia,ERR1089672
34066.0,46255,genus,0.00416129,Weissella,ERR1089672
34066.0,469,genus,0.00416129,Acinetobacter,ERR1089672
34066.0,1618113,genus,0.00416129,Saccharicrinis,ERR1089672
34066.0,648802,genus,0.00416129,Rummeliibacillus,ERR1089672
34066.0,866673,genus,0.00416129,Marinifilum,ERR1089672
34066.0,1548510,genus,0.00416129,Microbacter,ERR1089672
34066.0,1716,genus,0.00416129,Corynebacterium,ERR1089672
34066.0,1652133,genus,0.00416129,Halobacteriovorax,ERR1089672
34066.0,89966,genus,0.00416129,Hymenobacter,ERR1089672
34066.0,1257,genus,0.00416129,Peptostreptococcus,ERR1089672
34066.0,448125,genus,0.00416129,Dethiosulfatibacter,ERR1089672
34066.0,102106,genus,0.00416129,Collinsella,ERR1089672
,-1,genus,24.8845,Unknown,ERR1089672
38175.0,283,genus,10.8507,Comamonas,ERR1089686
38175.0,816,genus,4.08501,Bacteroides,ERR1089686
38175.0,838,genus,1.26701,Prevotella,ERR1089686
38175.0,572511,genus,1.18899,Blautia,ERR1089686
38175.0,216851,genus,1.01735,Faecalibacterium,ERR1089686
38175.0,1578,genus,0.296467,Lactobacillus,ERR1089686
38175.0,459786,genus,0.17788,Oscillibacter,ERR1089686
38175.0,239759,genus,0.146673,Alistipes,ERR1089686
38175.0,1678,genus,0.137311,Bifidobacterium,ERR1089686
38175.0,577309,genus,0.102983,Paraprevotella,ERR1089686
38175.0,207244,genus,0.102983,Anaerostipes,ERR1089686
38175.0,375288,genus,0.0624142,Parabacteroides,ERR1089686
38175.0,286,genus,0.0592935,Pseudomonas,ERR1089686
38175.0,1505663,genus,0.0592935,Erysipelatoclostridium,ERR1089686
38175.0,872,genus,0.0592935,Desulfovibrio,ERR1089686
38175.0,44249,genus,0.0499313,Paenibacillus,ERR1089686
38175.0,561,genus,0.0468106,Escherichia,ERR1089686
38175.0,239934,genus,0.0405692,Akkermansia,ERR1089686
38175.0,111142,genus,0.0405692,Alishewanella,ERR1089686
38175.0,1301,genus,0.0405692,Streptococcus,ERR1089686
38175.0,898,genus,0.0374485,Desulfomicrobium,ERR1089686
38175.0,1506553,genus,0.0343278,Lachnoclostridium,ERR1089686
38175.0,189330,genus,0.0312071,Dorea,ERR1089686
38175.0,1485,genus,0.0312071,Clostridium,ERR1089686
38175.0,33042,genus,0.0280864,Coprococcus,ERR1089686
38175.0,93217,genus,0.0249657,Pandoraea,ERR1089686
38175.0,1730,genus,0.021845,Eubacterium,ERR1089686
38175.0,1508657,genus,0.021845,Ruminiclostridium,ERR1089686
38175.0,13687,genus,0.021845,Sphingomonas,ERR1089686
38175.0,1263,genus,0.0156035,Ruminococcus,ERR1089686
38175.0,590,genus,0.0156035,Salmonella,ERR1089686
38175.0,2299,genus,0.0156035,Desulfosarcina,ERR1089686
38175.0,131079,genus,0.0156035,Limnobacter,ERR1089686
38175.0,1827,genus,0.0124828,Rhodococcus,ERR1089686
38175.0,581,genus,0.0124828,Morganella,ERR1089686
38175.0,162289,genus,0.0124828,Peptoniphilus,ERR1089686
38175.0,1386,genus,0.0124828,Bacillus,ERR1089686
38175.0,180541,genus,0.00936213,Salinisphaera,ERR1089686
38175.0,445,genus,0.00936213,Legionella,ERR1089686
38175.0,626,genus,0.00936213,Xenorhabdus,ERR1089686
38175.0,469,genus,0.00936213,Acinetobacter,ERR1089686
38175.0,642,genus,0.00936213,Aeromonas,ERR1089686
38175.0,39948,genus,0.00936213,Dialister,ERR1089686
38175.0,146936,genus,0.00936213,Azonexus,ERR1089686
38175.0,586,genus,0.00624142,Providencia,ERR1089686
38175.0,724,genus,0.00624142,Haemophilus,ERR1089686
38175.0,61434,genus,0.00624142,Dehalococcoides,ERR1089686
38175.0,1357,genus,0.00624142,Lactococcus,ERR1089686
38175.0,244127,genus,0.00624142,Anaerotruncus,ERR1089686
38175.0,620,genus,0.00624142,Shigella,ERR1089686
38175.0,29465,genus,0.00624142,Veillonella,ERR1089686
38175.0,44748,genus,0.00624142,Sporobacter,ERR1089686
38175.0,1645,genus,0.00624142,Renibacterium,ERR1089686
38175.0,283168,genus,0.00624142,Odoribacter,ERR1089686
38175.0,58050,genus,0.00624142,Moritella,ERR1089686
38175.0,649460,genus,0.00624142,Filimonas,ERR1089686
38175.0,702,genus,0.00624142,Plesiomonas,ERR1089686
38175.0,904,genus,0.00624142,Acidaminococcus,ERR1089686
38175.0,2717,genus,0.00624142,Cardiobacterium,ERR1089686
38175.0,47420,genus,0.00624142,Hydrogenophaga,ERR1089686
38175.0,583,genus,0.00624142,Proteus,ERR1089686
38175.0,1134403,genus,0.00312071,Melioribacter,ERR1089686
38175.0,314318,genus,0.00312071,Prolixibacter,ERR1089686
38175.0,203697,genus,0.00312071,Derxia,ERR1089686
38175.0,1549126,genus,0.00312071,Desulfatiglans,ERR1089686
38175.0,1565532,genus,0.00312071,Rouxiella,ERR1089686
38175.0,84108,genus,0.00312071,Slackia,ERR1089686
38175.0,507,genus,0.00312071,Alcaligenes,ERR1089686
38175.0,35832,genus,0.00312071,Bilophila,ERR1089686
38175.0,40323,genus,0.00312071,Stenotrophomonas,ERR1089686
38175.0,1716,genus,0.00312071,Corynebacterium,ERR1089686
38175.0,45654,genus,0.00312071,Desulfonema,ERR1089686
38175.0,32008,genus,0.00312071,Burkholderia,ERR1089686
38175.0,404,genus,0.00312071,Methylobacillus,ERR1089686
38175.0,79328,genus,0.00312071,Chitinophaga,ERR1089686
38175.0,262406,genus,0.00312071,Thermobaculum,ERR1089686
38175.0,118966,genus,0.00312071,Anaerorhabdus,ERR1089686
38175.0,28067,genus,0.00312071,Rubrivivax,ERR1089686
38175.0,160795,genus,0.00312071,Ureibacillus,ERR1089686
38175.0,841,genus,0.00312071,Roseburia,ERR1089686
38175.0,2747,genus,0.00312071,Carnobacterium,ERR1089686
38175.0,226,genus,0.00312071,Alteromonas,ERR1089686
38175.0,35798,genus,0.00312071,Nitrosospira,ERR1089686
38175.0,413496,genus,0.00312071,Cronobacter,ERR1089686
38175.0,1030,genus,0.00312071,Thiothrix,ERR1089686
38175.0,28231,genus,0.00312071,Geobacter,ERR1089686
38175.0,40544,genus,0.00312071,Sutterella,ERR1089686
38175.0,32205,genus,0.00312071,Leptonema,ERR1089686
38175.0,86795,genus,0.00312071,Marmoricola,ERR1089686
38175.0,100175,genus,0.00312071,Papillibacter,ERR1089686
38175.0,1471399,genus,0.00312071,Draconibacterium,ERR1089686
38175.0,836,genus,0.00312071,Porphyromonas,ERR1089686
38175.0,2132,genus,0.00312071,Spiroplasma,ERR1089686
38175.0,29526,genus,0.00312071,Syntrophobacter,ERR1089686
38175.0,1257,genus,0.00312071,Peptostreptococcus,ERR1089686
38175.0,429,genus,0.00312071,Methylobacter,ERR1089686
38175.0,106633,genus,0.00312071,Thioalkalivibrio,ERR1089686
38175.0,397864,genus,0.00312071,Barnesiella,ERR1089686
38175.0,34072,genus,0.00312071,Variovorax,ERR1089686
38175.0,1350,genus,0.00312071,Enterococcus,ERR1089686
38175.0,914,genus,0.00312071,Nitrosomonas,ERR1089686
38175.0,830,genus,0.00312071,Butyrivibrio,ERR1089686
38175.0,305899,genus,0.00312071,Endozoicomonas,ERR1089686
38175.0,84111,genus,0.00312071,Eggerthella,ERR1089686
38175.0,34037,genus,0.00312071,Rahnella,ERR1089686
38175.0,1652133,genus,0.00312071,Halobacteriovorax,ERR1089686
38175.0,1279,genus,0.00312071,Staphylococcus,ERR1089686
38175.0,222,genus,0.00312071,Achromobacter,ERR1089686
,-1,genus,79.1661,Unknown,ERR1089686
38175.0,283,genus,10.8507,Comamonas,ERR1089686
38175.0,816,genus,4.08501,Bacteroides,ERR1089686
38175.0,838,genus,1.26701,Prevotella,ERR1089686
38175.0,572511,genus,1.18899,Blautia,ERR1089686
38175.0,216851,genus,1.01735,Faecalibacterium,ERR1089686
38175.0,1578,genus,0.296467,Lactobacillus,ERR1089686
38175.0,459786,genus,0.17788,Oscillibacter,ERR1089686
38175.0,239759,genus,0.146673,Alistipes,ERR1089686
38175.0,1678,genus,0.137311,Bifidobacterium,ERR1089686
38175.0,207244,genus,0.102983,Anaerostipes,ERR1089686
38175.0,577309,genus,0.102983,Paraprevotella,ERR1089686
38175.0,375288,genus,0.0624142,Parabacteroides,ERR1089686
38175.0,872,genus,0.0592935,Desulfovibrio,ERR1089686
38175.0,286,genus,0.0592935,Pseudomonas,ERR1089686
38175.0,1505663,genus,0.0592935,Erysipelatoclostridium,ERR1089686
38175.0,44249,genus,0.0499313,Paenibacillus,ERR1089686
38175.0,561,genus,0.0468106,Escherichia,ERR1089686
38175.0,239934,genus,0.0405692,Akkermansia,ERR1089686
38175.0,111142,genus,0.0405692,Alishewanella,ERR1089686
38175.0,1301,genus,0.0405692,Streptococcus,ERR1089686
38175.0,898,genus,0.0374485,Desulfomicrobium,ERR1089686
38175.0,1506553,genus,0.0343278,Lachnoclostridium,ERR1089686
38175.0,189330,genus,0.0312071,Dorea,ERR1089686
38175.0,1485,genus,0.0312071,Clostridium,ERR1089686
38175.0,33042,genus,0.0280864,Coprococcus,ERR1089686
38175.0,93217,genus,0.0249657,Pandoraea,ERR1089686
38175.0,1730,genus,0.021845,Eubacterium,ERR1089686
38175.0,1508657,genus,0.021845,Ruminiclostridium,ERR1089686
38175.0,13687,genus,0.021845,Sphingomonas,ERR1089686
38175.0,1263,genus,0.0156035,Ruminococcus,ERR1089686
38175.0,590,genus,0.0156035,Salmonella,ERR1089686
38175.0,2299,genus,0.0156035,Desulfosarcina,ERR1089686
38175.0,131079,genus,0.0156035,Limnobacter,ERR1089686
38175.0,1827,genus,0.0124828,Rhodococcus,ERR1089686
38175.0,581,genus,0.0124828,Morganella,ERR1089686
38175.0,162289,genus,0.0124828,Peptoniphilus,ERR1089686
38175.0,1386,genus,0.0124828,Bacillus,ERR1089686
38175.0,146936,genus,0.00936213,Azonexus,ERR1089686
38175.0,180541,genus,0.00936213,Salinisphaera,ERR1089686
38175.0,445,genus,0.00936213,Legionella,ERR1089686
38175.0,626,genus,0.00936213,Xenorhabdus,ERR1089686
38175.0,469,genus,0.00936213,Acinetobacter,ERR1089686
38175.0,642,genus,0.00936213,Aeromonas,ERR1089686
38175.0,39948,genus,0.00936213,Dialister,ERR1089686
38175.0,583,genus,0.00624142,Proteus,ERR1089686
38175.0,586,genus,0.00624142,Providencia,ERR1089686
38175.0,724,genus,0.00624142,Haemophilus,ERR1089686
38175.0,61434,genus,0.00624142,Dehalococcoides,ERR1089686
38175.0,1357,genus,0.00624142,Lactococcus,ERR1089686
38175.0,244127,genus,0.00624142,Anaerotruncus,ERR1089686
38175.0,620,genus,0.00624142,Shigella,ERR1089686
38175.0,29465,genus,0.00624142,Veillonella,ERR1089686
38175.0,44748,genus,0.00624142,Sporobacter,ERR1089686
38175.0,1645,genus,0.00624142,Renibacterium,ERR1089686
38175.0,283168,genus,0.00624142,Odoribacter,ERR1089686
38175.0,58050,genus,0.00624142,Moritella,ERR1089686
38175.0,649460,genus,0.00624142,Filimonas,ERR1089686
38175.0,702,genus,0.00624142,Plesiomonas,ERR1089686
38175.0,904,genus,0.00624142,Acidaminococcus,ERR1089686
38175.0,2717,genus,0.00624142,Cardiobacterium,ERR1089686
38175.0,47420,genus,0.00624142,Hydrogenophaga,ERR1089686
38175.0,1279,genus,0.00312071,Staphylococcus,ERR1089686
38175.0,222,genus,0.00312071,Achromobacter,ERR1089686
38175.0,1134403,genus,0.00312071,Melioribacter,ERR1089686
38175.0,314318,genus,0.00312071,Prolixibacter,ERR1089686
38175.0,203697,genus,0.00312071,Derxia,ERR1089686
38175.0,1549126,genus,0.00312071,Desulfatiglans,ERR1089686
38175.0,1565532,genus,0.00312071,Rouxiella,ERR1089686
38175.0,84108,genus,0.00312071,Slackia,ERR1089686
38175.0,507,genus,0.00312071,Alcaligenes,ERR1089686
38175.0,35832,genus,0.00312071,Bilophila,ERR1089686
38175.0,40323,genus,0.00312071,Stenotrophomonas,ERR1089686
38175.0,1716,genus,0.00312071,Corynebacterium,ERR1089686
38175.0,45654,genus,0.00312071,Desulfonema,ERR1089686
38175.0,32008,genus,0.00312071,Burkholderia,ERR1089686
38175.0,404,genus,0.00312071,Methylobacillus,ERR1089686
38175.0,79328,genus,0.00312071,Chitinophaga,ERR1089686
38175.0,262406,genus,0.00312071,Thermobaculum,ERR1089686
38175.0,118966,genus,0.00312071,Anaerorhabdus,ERR1089686
38175.0,28067,genus,0.00312071,Rubrivivax,ERR1089686
38175.0,160795,genus,0.00312071,Ureibacillus,ERR1089686
38175.0,841,genus,0.00312071,Roseburia,ERR1089686
38175.0,2747,genus,0.00312071,Carnobacterium,ERR1089686
38175.0,226,genus,0.00312071,Alteromonas,ERR1089686
38175.0,35798,genus,0.00312071,Nitrosospira,ERR1089686
38175.0,413496,genus,0.00312071,Cronobacter,ERR1089686
38175.0,1030,genus,0.00312071,Thiothrix,ERR1089686
38175.0,28231,genus,0.00312071,Geobacter,ERR1089686
38175.0,40544,genus,0.00312071,Sutterella,ERR1089686
38175.0,32205,genus,0.00312071,Leptonema,ERR1089686
38175.0,86795,genus,0.00312071,Marmoricola,ERR1089686
38175.0,100175,genus,0.00312071,Papillibacter,ERR1089686
38175.0,1471399,genus,0.00312071,Draconibacterium,ERR1089686
38175.0,836,genus,0.00312071,Porphyromonas,ERR1089686
38175.0,2132,genus,0.00312071,Spiroplasma,ERR1089686
38175.0,29526,genus,0.00312071,Syntrophobacter,ERR1089686
38175.0,1257,genus,0.00312071,Peptostreptococcus,ERR1089686
38175.0,429,genus,0.00312071,Methylobacter,ERR1089686
38175.0,106633,genus,0.00312071,Thioalkalivibrio,ERR1089686
38175.0,397864,genus,0.00312071,Barnesiella,ERR1089686
38175.0,34072,genus,0.00312071,Variovorax,ERR1089686
38175.0,1350,genus,0.00312071,Enterococcus,ERR1089686
38175.0,914,genus,0.00312071,Nitrosomonas,ERR1089686
38175.0,830,genus,0.00312071,Butyrivibrio,ERR1089686
38175.0,305899,genus,0.00312071,Endozoicomonas,ERR1089686
38175.0,84111,genus,0.00312071,Eggerthella,ERR1089686
38175.0,34037,genus,0.00312071,Rahnella,ERR1089686
38175.0,1652133,genus,0.00312071,Halobacteriovorax,ERR1089686
,-1,genus,79.1661,Unknown,ERR1089686
38175.0,283,genus,10.8507,Comamonas,ERR1089686
38175.0,816,genus,4.08501,Bacteroides,ERR1089686
38175.0,838,genus,1.26701,Prevotella,ERR1089686
38175.0,572511,genus,1.18899,Blautia,ERR1089686
38175.0,216851,genus,1.01735,Faecalibacterium,ERR1089686
38175.0,1578,genus,0.296467,Lactobacillus,ERR1089686
38175.0,459786,genus,0.17788,Oscillibacter,ERR1089686
38175.0,239759,genus,0.146673,Alistipes,ERR1089686
38175.0,1678,genus,0.137311,Bifidobacterium,ERR1089686
38175.0,207244,genus,0.102983,Anaerostipes,ERR1089686
38175.0,577309,genus,0.102983,Paraprevotella,ERR1089686
38175.0,375288,genus,0.0624142,Parabacteroides,ERR1089686
38175.0,1505663,genus,0.0592935,Erysipelatoclostridium,ERR1089686
38175.0,872,genus,0.0592935,Desulfovibrio,ERR1089686
38175.0,286,genus,0.0592935,Pseudomonas,ERR1089686
38175.0,44249,genus,0.0499313,Paenibacillus,ERR1089686
38175.0,561,genus,0.0468106,Escherichia,ERR1089686
38175.0,239934,genus,0.0405692,Akkermansia,ERR1089686
38175.0,111142,genus,0.0405692,Alishewanella,ERR1089686
38175.0,1301,genus,0.0405692,Streptococcus,ERR1089686
38175.0,898,genus,0.0374485,Desulfomicrobium,ERR1089686
38175.0,1506553,genus,0.0343278,Lachnoclostridium,ERR1089686
38175.0,189330,genus,0.0312071,Dorea,ERR1089686
38175.0,1485,genus,0.0312071,Clostridium,ERR1089686
38175.0,33042,genus,0.0280864,Coprococcus,ERR1089686
38175.0,93217,genus,0.0249657,Pandoraea,ERR1089686
38175.0,1508657,genus,0.021845,Ruminiclostridium,ERR1089686
38175.0,1730,genus,0.021845,Eubacterium,ERR1089686
38175.0,13687,genus,0.021845,Sphingomonas,ERR1089686
38175.0,2299,genus,0.0156035,Desulfosarcina,ERR1089686
38175.0,131079,genus,0.0156035,Limnobacter,ERR1089686
38175.0,1263,genus,0.0156035,Ruminococcus,ERR1089686
38175.0,590,genus,0.0156035,Salmonella,ERR1089686
38175.0,162289,genus,0.0124828,Peptoniphilus,ERR1089686
38175.0,1386,genus,0.0124828,Bacillus,ERR1089686
38175.0,1827,genus,0.0124828,Rhodococcus,ERR1089686
38175.0,581,genus,0.0124828,Morganella,ERR1089686
38175.0,626,genus,0.00936213,Xenorhabdus,ERR1089686
38175.0,469,genus,0.00936213,Acinetobacter,ERR1089686
38175.0,642,genus,0.00936213,Aeromonas,ERR1089686
38175.0,39948,genus,0.00936213,Dialister,ERR1089686
38175.0,146936,genus,0.00936213,Azonexus,ERR1089686
38175.0,180541,genus,0.00936213,Salinisphaera,ERR1089686
38175.0,445,genus,0.00936213,Legionella,ERR1089686
38175.0,1645,genus,0.00624142,Renibacterium,ERR1089686
38175.0,283168,genus,0.00624142,Odoribacter,ERR1089686
38175.0,58050,genus,0.00624142,Moritella,ERR1089686
38175.0,702,genus,0.00624142,Plesiomonas,ERR1089686
38175.0,649460,genus,0.00624142,Filimonas,ERR1089686
38175.0,47420,genus,0.00624142,Hydrogenophaga,ERR1089686
38175.0,904,genus,0.00624142,Acidaminococcus,ERR1089686
38175.0,2717,genus,0.00624142,Cardiobacterium,ERR1089686
38175.0,583,genus,0.00624142,Proteus,ERR1089686
38175.0,724,genus,0.00624142,Haemophilus,ERR1089686
38175.0,61434,genus,0.00624142,Dehalococcoides,ERR1089686
38175.0,586,genus,0.00624142,Providencia,ERR1089686
38175.0,620,genus,0.00624142,Shigella,ERR1089686
38175.0,1357,genus,0.00624142,Lactococcus,ERR1089686
38175.0,244127,genus,0.00624142,Anaerotruncus,ERR1089686
38175.0,44748,genus,0.00624142,Sporobacter,ERR1089686
38175.0,29465,genus,0.00624142,Veillonella,ERR1089686
38175.0,118966,genus,0.00312071,Anaerorhabdus,ERR1089686
38175.0,28067,genus,0.00312071,Rubrivivax,ERR1089686
38175.0,262406,genus,0.00312071,Thermobaculum,ERR1089686
38175.0,2747,genus,0.00312071,Carnobacterium,ERR1089686
38175.0,226,genus,0.00312071,Alteromonas,ERR1089686
38175.0,160795,genus,0.00312071,Ureibacillus,ERR1089686
38175.0,841,genus,0.00312071,Roseburia,ERR1089686
38175.0,28231,genus,0.00312071,Geobacter,ERR1089686
38175.0,35798,genus,0.00312071,Nitrosospira,ERR1089686
38175.0,413496,genus,0.00312071,Cronobacter,ERR1089686
38175.0,1030,genus,0.00312071,Thiothrix,ERR1089686
38175.0,86795,genus,0.00312071,Marmoricola,ERR1089686
38175.0,40544,genus,0.00312071,Sutterella,ERR1089686
38175.0,32205,genus,0.00312071,Leptonema,ERR1089686
38175.0,100175,genus,0.00312071,Papillibacter,ERR1089686
38175.0,1471399,genus,0.00312071,Draconibacterium,ERR1089686
38175.0,836,genus,0.00312071,Porphyromonas,ERR1089686
38175.0,2132,genus,0.00312071,Spiroplasma,ERR1089686
38175.0,29526,genus,0.00312071,Syntrophobacter,ERR1089686
38175.0,1257,genus,0.00312071,Peptostreptococcus,ERR1089686
38175.0,1350,genus,0.00312071,Enterococcus,ERR1089686
38175.0,429,genus,0.00312071,Methylobacter,ERR1089686
38175.0,106633,genus,0.00312071,Thioalkalivibrio,ERR1089686
38175.0,397864,genus,0.00312071,Barnesiella,ERR1089686
38175.0,34072,genus,0.00312071,Variovorax,ERR1089686
38175.0,914,genus,0.00312071,Nitrosomonas,ERR1089686
38175.0,34037,genus,0.00312071,Rahnella,ERR1089686
38175.0,1652133,genus,0.00312071,Halobacteriovorax,ERR1089686
38175.0,830,genus,0.00312071,Butyrivibrio,ERR1089686
38175.0,305899,genus,0.00312071,Endozoicomonas,ERR1089686
38175.0,84111,genus,0.00312071,Eggerthella,ERR1089686
38175.0,1279,genus,0.00312071,Staphylococcus,ERR1089686
38175.0,222,genus,0.00312071,Achromobacter,ERR1089686
38175.0,314318,genus,0.00312071,Prolixibacter,ERR1089686
38175.0,1134403,genus,0.00312071,Melioribacter,ERR1089686
38175.0,203697,genus,0.00312071,Derxia,ERR1089686
38175.0,507,genus,0.00312071,Alcaligenes,ERR1089686
38175.0,35832,genus,0.00312071,Bilophila,ERR1089686
38175.0,1549126,genus,0.00312071,Desulfatiglans,ERR1089686
38175.0,1565532,genus,0.00312071,Rouxiella,ERR1089686
38175.0,84108,genus,0.00312071,Slackia,ERR1089686
38175.0,1716,genus,0.00312071,Corynebacterium,ERR1089686
38175.0,45654,genus,0.00312071,Desulfonema,ERR1089686
38175.0,40323,genus,0.00312071,Stenotrophomonas,ERR1089686
38175.0,32008,genus,0.00312071,Burkholderia,ERR1089686
38175.0,404,genus,0.00312071,Methylobacillus,ERR1089686
38175.0,79328,genus,0.00312071,Chitinophaga,ERR1089686
,-1,genus,79.1661,Unknown,ERR1089686
38175.0,283,genus,10.8507,Comamonas,ERR1089686
38175.0,816,genus,4.08501,Bacteroides,ERR1089686
38175.0,838,genus,1.26701,Prevotella,ERR1089686
38175.0,572511,genus,1.18899,Blautia,ERR1089686
38175.0,216851,genus,1.01735,Faecalibacterium,ERR1089686
38175.0,1578,genus,0.296467,Lactobacillus,ERR1089686
38175.0,459786,genus,0.17788,Oscillibacter,ERR1089686
38175.0,239759,genus,0.146673,Alistipes,ERR1089686
38175.0,1678,genus,0.137311,Bifidobacterium,ERR1089686
38175.0,207244,genus,0.102983,Anaerostipes,ERR1089686
38175.0,577309,genus,0.102983,Paraprevotella,ERR1089686
38175.0,375288,genus,0.0624142,Parabacteroides,ERR1089686
38175.0,872,genus,0.0592935,Desulfovibrio,ERR1089686
38175.0,286,genus,0.0592935,Pseudomonas,ERR1089686
38175.0,1505663,genus,0.0592935,Erysipelatoclostridium,ERR1089686
38175.0,44249,genus,0.0499313,Paenibacillus,ERR1089686
38175.0,561,genus,0.0468106,Escherichia,ERR1089686
38175.0,111142,genus,0.0405692,Alishewanella,ERR1089686
38175.0,1301,genus,0.0405692,Streptococcus,ERR1089686
38175.0,239934,genus,0.0405692,Akkermansia,ERR1089686
38175.0,898,genus,0.0374485,Desulfomicrobium,ERR1089686
38175.0,1506553,genus,0.0343278,Lachnoclostridium,ERR1089686
38175.0,189330,genus,0.0312071,Dorea,ERR1089686
38175.0,1485,genus,0.0312071,Clostridium,ERR1089686
38175.0,33042,genus,0.0280864,Coprococcus,ERR1089686
38175.0,93217,genus,0.0249657,Pandoraea,ERR1089686
38175.0,13687,genus,0.021845,Sphingomonas,ERR1089686
38175.0,1730,genus,0.021845,Eubacterium,ERR1089686
38175.0,1508657,genus,0.021845,Ruminiclostridium,ERR1089686
38175.0,131079,genus,0.0156035,Limnobacter,ERR1089686
38175.0,1263,genus,0.0156035,Ruminococcus,ERR1089686
38175.0,590,genus,0.0156035,Salmonella,ERR1089686
38175.0,2299,genus,0.0156035,Desulfosarcina,ERR1089686
38175.0,1827,genus,0.0124828,Rhodococcus,ERR1089686
38175.0,581,genus,0.0124828,Morganella,ERR1089686
38175.0,162289,genus,0.0124828,Peptoniphilus,ERR1089686
38175.0,1386,genus,0.0124828,Bacillus,ERR1089686
38175.0,146936,genus,0.00936213,Azonexus,ERR1089686
38175.0,180541,genus,0.00936213,Salinisphaera,ERR1089686
38175.0,445,genus,0.00936213,Legionella,ERR1089686
38175.0,626,genus,0.00936213,Xenorhabdus,ERR1089686
38175.0,469,genus,0.00936213,Acinetobacter,ERR1089686
38175.0,642,genus,0.00936213,Aeromonas,ERR1089686
38175.0,39948,genus,0.00936213,Dialister,ERR1089686
38175.0,904,genus,0.00624142,Acidaminococcus,ERR1089686
38175.0,2717,genus,0.00624142,Cardiobacterium,ERR1089686
38175.0,47420,genus,0.00624142,Hydrogenophaga,ERR1089686
38175.0,583,genus,0.00624142,Proteus,ERR1089686
38175.0,586,genus,0.00624142,Providencia,ERR1089686
38175.0,724,genus,0.00624142,Haemophilus,ERR1089686
38175.0,61434,genus,0.00624142,Dehalococcoides,ERR1089686
38175.0,1357,genus,0.00624142,Lactococcus,ERR1089686
38175.0,244127,genus,0.00624142,Anaerotruncus,ERR1089686
38175.0,620,genus,0.00624142,Shigella,ERR1089686
38175.0,29465,genus,0.00624142,Veillonella,ERR1089686
38175.0,44748,genus,0.00624142,Sporobacter,ERR1089686
38175.0,1645,genus,0.00624142,Renibacterium,ERR1089686
38175.0,283168,genus,0.00624142,Odoribacter,ERR1089686
38175.0,58050,genus,0.00624142,Moritella,ERR1089686
38175.0,649460,genus,0.00624142,Filimonas,ERR1089686
38175.0,702,genus,0.00624142,Plesiomonas,ERR1089686
38175.0,429,genus,0.00312071,Methylobacter,ERR1089686
38175.0,106633,genus,0.00312071,Thioalkalivibrio,ERR1089686
38175.0,397864,genus,0.00312071,Barnesiella,ERR1089686
38175.0,34072,genus,0.00312071,Variovorax,ERR1089686
38175.0,1350,genus,0.00312071,Enterococcus,ERR1089686
38175.0,914,genus,0.00312071,Nitrosomonas,ERR1089686
38175.0,830,genus,0.00312071,Butyrivibrio,ERR1089686
38175.0,305899,genus,0.00312071,Endozoicomonas,ERR1089686
38175.0,84111,genus,0.00312071,Eggerthella,ERR1089686
38175.0,34037,genus,0.00312071,Rahnella,ERR1089686
38175.0,1652133,genus,0.00312071,Halobacteriovorax,ERR1089686
38175.0,1279,genus,0.00312071,Staphylococcus,ERR1089686
38175.0,222,genus,0.00312071,Achromobacter,ERR1089686
38175.0,1134403,genus,0.00312071,Melioribacter,ERR1089686
38175.0,314318,genus,0.00312071,Prolixibacter,ERR1089686
38175.0,203697,genus,0.00312071,Derxia,ERR1089686
38175.0,1549126,genus,0.00312071,Desulfatiglans,ERR1089686
38175.0,1565532,genus,0.00312071,Rouxiella,ERR1089686
38175.0,84108,genus,0.00312071,Slackia,ERR1089686
38175.0,507,genus,0.00312071,Alcaligenes,ERR1089686
38175.0,35832,genus,0.00312071,Bilophila,ERR1089686
38175.0,40323,genus,0.00312071,Stenotrophomonas,ERR1089686
38175.0,1716,genus,0.00312071,Corynebacterium,ERR1089686
38175.0,45654,genus,0.00312071,Desulfonema,ERR1089686
38175.0,32008,genus,0.00312071,Burkholderia,ERR1089686
38175.0,404,genus,0.00312071,Methylobacillus,ERR1089686
38175.0,79328,genus,0.00312071,Chitinophaga,ERR1089686
38175.0,262406,genus,0.00312071,Thermobaculum,ERR1089686
38175.0,118966,genus,0.00312071,Anaerorhabdus,ERR1089686
38175.0,28067,genus,0.00312071,Rubrivivax,ERR1089686
38175.0,160795,genus,0.00312071,Ureibacillus,ERR1089686
38175.0,841,genus,0.00312071,Roseburia,ERR1089686
38175.0,2747,genus,0.00312071,Carnobacterium,ERR1089686
38175.0,226,genus,0.00312071,Alteromonas,ERR1089686
38175.0,35798,genus,0.00312071,Nitrosospira,ERR1089686
38175.0,413496,genus,0.00312071,Cronobacter,ERR1089686
38175.0,1030,genus,0.00312071,Thiothrix,ERR1089686
38175.0,28231,genus,0.00312071,Geobacter,ERR1089686
38175.0,40544,genus,0.00312071,Sutterella,ERR1089686
38175.0,32205,genus,0.00312071,Leptonema,ERR1089686
38175.0,86795,genus,0.00312071,Marmoricola,ERR1089686
38175.0,100175,genus,0.00312071,Papillibacter,ERR1089686
38175.0,1471399,genus,0.00312071,Draconibacterium,ERR1089686
38175.0,836,genus,0.00312071,Porphyromonas,ERR1089686
38175.0,2132,genus,0.00312071,Spiroplasma,ERR1089686
38175.0,29526,genus,0.00312071,Syntrophobacter,ERR1089686
38175.0,1257,genus,0.00312071,Peptostreptococcus,ERR1089686
,-1,genus,79.1661,Unknown,ERR1089686
38175.0,283,genus,10.8507,Comamonas,ERR1089686
38175.0,816,genus,4.08501,Bacteroides,ERR1089686
38175.0,838,genus,1.26701,Prevotella,ERR1089686
38175.0,572511,genus,1.18899,Blautia,ERR1089686
38175.0,216851,genus,1.01735,Faecalibacterium,ERR1089686
38175.0,1578,genus,0.296467,Lactobacillus,ERR1089686
38175.0,459786,genus,0.17788,Oscillibacter,ERR1089686
38175.0,239759,genus,0.146673,Alistipes,ERR1089686
38175.0,1678,genus,0.137311,Bifidobacterium,ERR1089686
38175.0,207244,genus,0.102983,Anaerostipes,ERR1089686
38175.0,577309,genus,0.102983,Paraprevotella,ERR1089686
38175.0,375288,genus,0.0624142,Parabacteroides,ERR1089686
38175.0,872,genus,0.0592935,Desulfovibrio,ERR1089686
38175.0,286,genus,0.0592935,Pseudomonas,ERR1089686
38175.0,1505663,genus,0.0592935,Erysipelatoclostridium,ERR1089686
38175.0,44249,genus,0.0499313,Paenibacillus,ERR1089686
38175.0,561,genus,0.0468106,Escherichia,ERR1089686
38175.0,239934,genus,0.0405692,Akkermansia,ERR1089686
38175.0,111142,genus,0.0405692,Alishewanella,ERR1089686
38175.0,1301,genus,0.0405692,Streptococcus,ERR1089686
38175.0,898,genus,0.0374485,Desulfomicrobium,ERR1089686
38175.0,1506553,genus,0.0343278,Lachnoclostridium,ERR1089686
38175.0,189330,genus,0.0312071,Dorea,ERR1089686
38175.0,1485,genus,0.0312071,Clostridium,ERR1089686
38175.0,33042,genus,0.0280864,Coprococcus,ERR1089686
38175.0,93217,genus,0.0249657,Pandoraea,ERR1089686
38175.0,1730,genus,0.021845,Eubacterium,ERR1089686
38175.0,1508657,genus,0.021845,Ruminiclostridium,ERR1089686
38175.0,13687,genus,0.021845,Sphingomonas,ERR1089686
38175.0,1263,genus,0.0156035,Ruminococcus,ERR1089686
38175.0,590,genus,0.0156035,Salmonella,ERR1089686
38175.0,2299,genus,0.0156035,Desulfosarcina,ERR1089686
38175.0,131079,genus,0.0156035,Limnobacter,ERR1089686
38175.0,1827,genus,0.0124828,Rhodococcus,ERR1089686
38175.0,581,genus,0.0124828,Morganella,ERR1089686
38175.0,162289,genus,0.0124828,Peptoniphilus,ERR1089686
38175.0,1386,genus,0.0124828,Bacillus,ERR1089686
38175.0,146936,genus,0.00936213,Azonexus,ERR1089686
38175.0,180541,genus,0.00936213,Salinisphaera,ERR1089686
38175.0,445,genus,0.00936213,Legionella,ERR1089686
38175.0,626,genus,0.00936213,Xenorhabdus,ERR1089686
38175.0,469,genus,0.00936213,Acinetobacter,ERR1089686
38175.0,642,genus,0.00936213,Aeromonas,ERR1089686
38175.0,39948,genus,0.00936213,Dialister,ERR1089686
38175.0,583,genus,0.00624142,Proteus,ERR1089686
38175.0,586,genus,0.00624142,Providencia,ERR1089686
38175.0,724,genus,0.00624142,Haemophilus,ERR1089686
38175.0,61434,genus,0.00624142,Dehalococcoides,ERR1089686
38175.0,1357,genus,0.00624142,Lactococcus,ERR1089686
38175.0,244127,genus,0.00624142,Anaerotruncus,ERR1089686
38175.0,620,genus,0.00624142,Shigella,ERR1089686
38175.0,29465,genus,0.00624142,Veillonella,ERR1089686
38175.0,44748,genus,0.00624142,Sporobacter,ERR1089686
38175.0,1645,genus,0.00624142,Renibacterium,ERR1089686
38175.0,283168,genus,0.00624142,Odoribacter,ERR1089686
38175.0,58050,genus,0.00624142,Moritella,ERR1089686
38175.0,649460,genus,0.00624142,Filimonas,ERR1089686
38175.0,702,genus,0.00624142,Plesiomonas,ERR1089686
38175.0,904,genus,0.00624142,Acidaminococcus,ERR1089686
38175.0,2717,genus,0.00624142,Cardiobacterium,ERR1089686
38175.0,47420,genus,0.00624142,Hydrogenophaga,ERR1089686
38175.0,830,genus,0.00312071,Butyrivibrio,ERR1089686
38175.0,305899,genus,0.00312071,Endozoicomonas,ERR1089686
38175.0,84111,genus,0.00312071,Eggerthella,ERR1089686
38175.0,34037,genus,0.00312071,Rahnella,ERR1089686
38175.0,1652133,genus,0.00312071,Halobacteriovorax,ERR1089686
38175.0,1279,genus,0.00312071,Staphylococcus,ERR1089686
38175.0,222,genus,0.00312071,Achromobacter,ERR1089686
38175.0,1134403,genus,0.00312071,Melioribacter,ERR1089686
38175.0,314318,genus,0.00312071,Prolixibacter,ERR1089686
38175.0,203697,genus,0.00312071,Derxia,ERR1089686
38175.0,1549126,genus,0.00312071,Desulfatiglans,ERR1089686
38175.0,1565532,genus,0.00312071,Rouxiella,ERR1089686
38175.0,84108,genus,0.00312071,Slackia,ERR1089686
38175.0,507,genus,0.00312071,Alcaligenes,ERR1089686
38175.0,35832,genus,0.00312071,Bilophila,ERR1089686
38175.0,40323,genus,0.00312071,Stenotrophomonas,ERR1089686
38175.0,1716,genus,0.00312071,Corynebacterium,ERR1089686
38175.0,45654,genus,0.00312071,Desulfonema,ERR1089686
38175.0,32008,genus,0.00312071,Burkholderia,ERR1089686
38175.0,404,genus,0.00312071,Methylobacillus,ERR1089686
38175.0,79328,genus,0.00312071,Chitinophaga,ERR1089686
38175.0,262406,genus,0.00312071,Thermobaculum,ERR1089686
38175.0,118966,genus,0.00312071,Anaerorhabdus,ERR1089686
38175.0,28067,genus,0.00312071,Rubrivivax,ERR1089686
38175.0,160795,genus,0.00312071,Ureibacillus,ERR1089686
38175.0,841,genus,0.00312071,Roseburia,ERR1089686
38175.0,2747,genus,0.00312071,Carnobacterium,ERR1089686
38175.0,226,genus,0.00312071,Alteromonas,ERR1089686
38175.0,35798,genus,0.00312071,Nitrosospira,ERR1089686
38175.0,413496,genus,0.00312071,Cronobacter,ERR1089686
38175.0,1030,genus,0.00312071,Thiothrix,ERR1089686
38175.0,28231,genus,0.00312071,Geobacter,ERR1089686
38175.0,40544,genus,0.00312071,Sutterella,ERR1089686
38175.0,32205,genus,0.00312071,Leptonema,ERR1089686
38175.0,86795,genus,0.00312071,Marmoricola,ERR1089686
38175.0,100175,genus,0.00312071,Papillibacter,ERR1089686
38175.0,1471399,genus,0.00312071,Draconibacterium,ERR1089686
38175.0,836,genus,0.00312071,Porphyromonas,ERR1089686
38175.0,2132,genus,0.00312071,Spiroplasma,ERR1089686
38175.0,29526,genus,0.00312071,Syntrophobacter,ERR1089686
38175.0,1257,genus,0.00312071,Peptostreptococcus,ERR1089686
38175.0,429,genus,0.00312071,Methylobacter,ERR1089686
38175.0,106633,genus,0.00312071,Thioalkalivibrio,ERR1089686
38175.0,397864,genus,0.00312071,Barnesiella,ERR1089686
38175.0,34072,genus,0.00312071,Variovorax,ERR1089686
38175.0,1350,genus,0.00312071,Enterococcus,ERR1089686
38175.0,914,genus,0.00312071,Nitrosomonas,ERR1089686
,-1,genus,79.1661,Unknown,ERR1089686
38175.0,283,genus,10.8507,Comamonas,ERR1089686
38175.0,816,genus,4.08501,Bacteroides,ERR1089686
38175.0,838,genus,1.26701,Prevotella,ERR1089686
38175.0,572511,genus,1.18899,Blautia,ERR1089686
38175.0,216851,genus,1.01735,Faecalibacterium,ERR1089686
38175.0,1578,genus,0.296467,Lactobacillus,ERR1089686
38175.0,459786,genus,0.17788,Oscillibacter,ERR1089686
38175.0,239759,genus,0.146673,Alistipes,ERR1089686
38175.0,1678,genus,0.137311,Bifidobacterium,ERR1089686
38175.0,207244,genus,0.102983,Anaerostipes,ERR1089686
38175.0,577309,genus,0.102983,Paraprevotella,ERR1089686
38175.0,375288,genus,0.0624142,Parabacteroides,ERR1089686
38175.0,286,genus,0.0592935,Pseudomonas,ERR1089686
38175.0,1505663,genus,0.0592935,Erysipelatoclostridium,ERR1089686
38175.0,872,genus,0.0592935,Desulfovibrio,ERR1089686
38175.0,44249,genus,0.0499313,Paenibacillus,ERR1089686
38175.0,561,genus,0.0468106,Escherichia,ERR1089686
38175.0,239934,genus,0.0405692,Akkermansia,ERR1089686
38175.0,111142,genus,0.0405692,Alishewanella,ERR1089686
38175.0,1301,genus,0.0405692,Streptococcus,ERR1089686
38175.0,898,genus,0.0374485,Desulfomicrobium,ERR1089686
38175.0,1506553,genus,0.0343278,Lachnoclostridium,ERR1089686
38175.0,189330,genus,0.0312071,Dorea,ERR1089686
38175.0,1485,genus,0.0312071,Clostridium,ERR1089686
38175.0,33042,genus,0.0280864,Coprococcus,ERR1089686
38175.0,93217,genus,0.0249657,Pandoraea,ERR1089686
38175.0,1730,genus,0.021845,Eubacterium,ERR1089686
38175.0,1508657,genus,0.021845,Ruminiclostridium,ERR1089686
38175.0,13687,genus,0.021845,Sphingomonas,ERR1089686
38175.0,590,genus,0.0156035,Salmonella,ERR1089686
38175.0,2299,genus,0.0156035,Desulfosarcina,ERR1089686
38175.0,131079,genus,0.0156035,Limnobacter,ERR1089686
38175.0,1263,genus,0.0156035,Ruminococcus,ERR1089686
38175.0,581,genus,0.0124828,Morganella,ERR1089686
38175.0,162289,genus,0.0124828,Peptoniphilus,ERR1089686
38175.0,1386,genus,0.0124828,Bacillus,ERR1089686
38175.0,1827,genus,0.0124828,Rhodococcus,ERR1089686
38175.0,180541,genus,0.00936213,Salinisphaera,ERR1089686
38175.0,445,genus,0.00936213,Legionella,ERR1089686
38175.0,626,genus,0.00936213,Xenorhabdus,ERR1089686
38175.0,469,genus,0.00936213,Acinetobacter,ERR1089686
38175.0,642,genus,0.00936213,Aeromonas,ERR1089686
38175.0,39948,genus,0.00936213,Dialister,ERR1089686
38175.0,146936,genus,0.00936213,Azonexus,ERR1089686
38175.0,586,genus,0.00624142,Providencia,ERR1089686
38175.0,724,genus,0.00624142,Haemophilus,ERR1089686
38175.0,61434,genus,0.00624142,Dehalococcoides,ERR1089686
38175.0,1357,genus,0.00624142,Lactococcus,ERR1089686
38175.0,244127,genus,0.00624142,Anaerotruncus,ERR1089686
38175.0,620,genus,0.00624142,Shigella,ERR1089686
38175.0,29465,genus,0.00624142,Veillonella,ERR1089686
38175.0,44748,genus,0.00624142,Sporobacter,ERR1089686
38175.0,1645,genus,0.00624142,Renibacterium,ERR1089686
38175.0,283168,genus,0.00624142,Odoribacter,ERR1089686
38175.0,58050,genus,0.00624142,Moritella,ERR1089686
38175.0,649460,genus,0.00624142,Filimonas,ERR1089686
38175.0,702,genus,0.00624142,Plesiomonas,ERR1089686
38175.0,904,genus,0.00624142,Acidaminococcus,ERR1089686
38175.0,2717,genus,0.00624142,Cardiobacterium,ERR1089686
38175.0,47420,genus,0.00624142,Hydrogenophaga,ERR1089686
38175.0,583,genus,0.00624142,Proteus,ERR1089686
38175.0,203697,genus,0.00312071,Derxia,ERR1089686
38175.0,1549126,genus,0.00312071,Desulfatiglans,ERR1089686
38175.0,1565532,genus,0.00312071,Rouxiella,ERR1089686
38175.0,84108,genus,0.00312071,Slackia,ERR1089686
38175.0,507,genus,0.00312071,Alcaligenes,ERR1089686
38175.0,35832,genus,0.00312071,Bilophila,ERR1089686
38175.0,40323,genus,0.00312071,Stenotrophomonas,ERR1089686
38175.0,1716,genus,0.00312071,Corynebacterium,ERR1089686
38175.0,45654,genus,0.00312071,Desulfonema,ERR1089686
38175.0,32008,genus,0.00312071,Burkholderia,ERR1089686
38175.0,404,genus,0.00312071,Methylobacillus,ERR1089686
38175.0,79328,genus,0.00312071,Chitinophaga,ERR1089686
38175.0,262406,genus,0.00312071,Thermobaculum,ERR1089686
38175.0,118966,genus,0.00312071,Anaerorhabdus,ERR1089686
38175.0,28067,genus,0.00312071,Rubrivivax,ERR1089686
38175.0,160795,genus,0.00312071,Ureibacillus,ERR1089686
38175.0,841,genus,0.00312071,Roseburia,ERR1089686
38175.0,2747,genus,0.00312071,Carnobacterium,ERR1089686
38175.0,226,genus,0.00312071,Alteromonas,ERR1089686
38175.0,35798,genus,0.00312071,Nitrosospira,ERR1089686
38175.0,413496,genus,0.00312071,Cronobacter,ERR1089686
38175.0,1030,genus,0.00312071,Thiothrix,ERR1089686
38175.0,28231,genus,0.00312071,Geobacter,ERR1089686
38175.0,40544,genus,0.00312071,Sutterella,ERR1089686
38175.0,32205,genus,0.00312071,Leptonema,ERR1089686
38175.0,86795,genus,0.00312071,Marmoricola,ERR1089686
38175.0,100175,genus,0.00312071,Papillibacter,ERR1089686
38175.0,1471399,genus,0.00312071,Draconibacterium,ERR1089686
38175.0,836,genus,0.00312071,Porphyromonas,ERR1089686
38175.0,2132,genus,0.00312071,Spiroplasma,ERR1089686
38175.0,29526,genus,0.00312071,Syntrophobacter,ERR1089686
38175.0,1257,genus,0.00312071,Peptostreptococcus,ERR1089686
38175.0,429,genus,0.00312071,Methylobacter,ERR1089686
38175.0,106633,genus,0.00312071,Thioalkalivibrio,ERR1089686
38175.0,397864,genus,0.00312071,Barnesiella,ERR1089686
38175.0,34072,genus,0.00312071,Variovorax,ERR1089686
38175.0,1350,genus,0.00312071,Enterococcus,ERR1089686
38175.0,914,genus,0.00312071,Nitrosomonas,ERR1089686
38175.0,830,genus,0.00312071,Butyrivibrio,ERR1089686
38175.0,305899,genus,0.00312071,Endozoicomonas,ERR1089686
38175.0,84111,genus,0.00312071,Eggerthella,ERR1089686
38175.0,34037,genus,0.00312071,Rahnella,ERR1089686
38175.0,1652133,genus,0.00312071,Halobacteriovorax,ERR1089686
38175.0,1279,genus,0.00312071,Staphylococcus,ERR1089686
38175.0,222,genus,0.00312071,Achromobacter,ERR1089686
38175.0,1134403,genus,0.00312071,Melioribacter,ERR1089686
38175.0,314318,genus,0.00312071,Prolixibacter,ERR1089686
,-1,genus,79.1661,Unknown,ERR1089686
38175.0,283,genus,10.8507,Comamonas,ERR1089686
38175.0,816,genus,4.08501,Bacteroides,ERR1089686
38175.0,838,genus,1.26701,Prevotella,ERR1089686
38175.0,572511,genus,1.18899,Blautia,ERR1089686
38175.0,216851,genus,1.01735,Faecalibacterium,ERR1089686
38175.0,1578,genus,0.296467,Lactobacillus,ERR1089686
38175.0,459786,genus,0.17788,Oscillibacter,ERR1089686
38175.0,239759,genus,0.146673,Alistipes,ERR1089686
38175.0,1678,genus,0.137311,Bifidobacterium,ERR1089686
38175.0,207244,genus,0.102983,Anaerostipes,ERR1089686
38175.0,577309,genus,0.102983,Paraprevotella,ERR1089686
38175.0,375288,genus,0.0624142,Parabacteroides,ERR1089686
38175.0,286,genus,0.0592935,Pseudomonas,ERR1089686
38175.0,1505663,genus,0.0592935,Erysipelatoclostridium,ERR1089686
38175.0,872,genus,0.0592935,Desulfovibrio,ERR1089686
38175.0,44249,genus,0.0499313,Paenibacillus,ERR1089686
38175.0,561,genus,0.0468106,Escherichia,ERR1089686
38175.0,239934,genus,0.0405692,Akkermansia,ERR1089686
38175.0,111142,genus,0.0405692,Alishewanella,ERR1089686
38175.0,1301,genus,0.0405692,Streptococcus,ERR1089686
38175.0,898,genus,0.0374485,Desulfomicrobium,ERR1089686
38175.0,1506553,genus,0.0343278,Lachnoclostridium,ERR1089686
38175.0,189330,genus,0.0312071,Dorea,ERR1089686
38175.0,1485,genus,0.0312071,Clostridium,ERR1089686
38175.0,33042,genus,0.0280864,Coprococcus,ERR1089686
38175.0,93217,genus,0.0249657,Pandoraea,ERR1089686
38175.0,1730,genus,0.021845,Eubacterium,ERR1089686
38175.0,1508657,genus,0.021845,Ruminiclostridium,ERR1089686
38175.0,13687,genus,0.021845,Sphingomonas,ERR1089686
38175.0,2299,genus,0.0156035,Desulfosarcina,ERR1089686
38175.0,131079,genus,0.0156035,Limnobacter,ERR1089686
38175.0,1263,genus,0.0156035,Ruminococcus,ERR1089686
38175.0,590,genus,0.0156035,Salmonella,ERR1089686
38175.0,581,genus,0.0124828,Morganella,ERR1089686
38175.0,162289,genus,0.0124828,Peptoniphilus,ERR1089686
38175.0,1386,genus,0.0124828,Bacillus,ERR1089686
38175.0,1827,genus,0.0124828,Rhodococcus,ERR1089686
38175.0,626,genus,0.00936213,Xenorhabdus,ERR1089686
38175.0,469,genus,0.00936213,Acinetobacter,ERR1089686
38175.0,642,genus,0.00936213,Aeromonas,ERR1089686
38175.0,39948,genus,0.00936213,Dialister,ERR1089686
38175.0,146936,genus,0.00936213,Azonexus,ERR1089686
38175.0,180541,genus,0.00936213,Salinisphaera,ERR1089686
38175.0,445,genus,0.00936213,Legionella,ERR1089686
38175.0,29465,genus,0.00624142,Veillonella,ERR1089686
38175.0,44748,genus,0.00624142,Sporobacter,ERR1089686
38175.0,1645,genus,0.00624142,Renibacterium,ERR1089686
38175.0,283168,genus,0.00624142,Odoribacter,ERR1089686
38175.0,58050,genus,0.00624142,Moritella,ERR1089686
38175.0,649460,genus,0.00624142,Filimonas,ERR1089686
38175.0,702,genus,0.00624142,Plesiomonas,ERR1089686
38175.0,2717,genus,0.00624142,Cardiobacterium,ERR1089686
38175.0,47420,genus,0.00624142,Hydrogenophaga,ERR1089686
38175.0,904,genus,0.00624142,Acidaminococcus,ERR1089686
38175.0,583,genus,0.00624142,Proteus,ERR1089686
38175.0,724,genus,0.00624142,Haemophilus,ERR1089686
38175.0,61434,genus,0.00624142,Dehalococcoides,ERR1089686
38175.0,586,genus,0.00624142,Providencia,ERR1089686
38175.0,620,genus,0.00624142,Shigella,ERR1089686
38175.0,1357,genus,0.00624142,Lactococcus,ERR1089686
38175.0,244127,genus,0.00624142,Anaerotruncus,ERR1089686
38175.0,79328,genus,0.00312071,Chitinophaga,ERR1089686
38175.0,32008,genus,0.00312071,Burkholderia,ERR1089686
38175.0,404,genus,0.00312071,Methylobacillus,ERR1089686
38175.0,262406,genus,0.00312071,Thermobaculum,ERR1089686
38175.0,118966,genus,0.00312071,Anaerorhabdus,ERR1089686
38175.0,28067,genus,0.00312071,Rubrivivax,ERR1089686
38175.0,841,genus,0.00312071,Roseburia,ERR1089686
38175.0,2747,genus,0.00312071,Carnobacterium,ERR1089686
38175.0,226,genus,0.00312071,Alteromonas,ERR1089686
38175.0,160795,genus,0.00312071,Ureibacillus,ERR1089686
38175.0,1030,genus,0.00312071,Thiothrix,ERR1089686
38175.0,28231,genus,0.00312071,Geobacter,ERR1089686
38175.0,35798,genus,0.00312071,Nitrosospira,ERR1089686
38175.0,413496,genus,0.00312071,Cronobacter,ERR1089686
38175.0,32205,genus,0.00312071,Leptonema,ERR1089686
38175.0,86795,genus,0.00312071,Marmoricola,ERR1089686
38175.0,40544,genus,0.00312071,Sutterella,ERR1089686
38175.0,836,genus,0.00312071,Porphyromonas,ERR1089686
38175.0,2132,genus,0.00312071,Spiroplasma,ERR1089686
38175.0,100175,genus,0.00312071,Papillibacter,ERR1089686
38175.0,1471399,genus,0.00312071,Draconibacterium,ERR1089686
38175.0,29526,genus,0.00312071,Syntrophobacter,ERR1089686
38175.0,1257,genus,0.00312071,Peptostreptococcus,ERR1089686
38175.0,397864,genus,0.00312071,Barnesiella,ERR1089686
38175.0,34072,genus,0.00312071,Variovorax,ERR1089686
38175.0,1350,genus,0.00312071,Enterococcus,ERR1089686
38175.0,429,genus,0.00312071,Methylobacter,ERR1089686
38175.0,106633,genus,0.00312071,Thioalkalivibrio,ERR1089686
38175.0,914,genus,0.00312071,Nitrosomonas,ERR1089686
38175.0,305899,genus,0.00312071,Endozoicomonas,ERR1089686
38175.0,84111,genus,0.00312071,Eggerthella,ERR1089686
38175.0,34037,genus,0.00312071,Rahnella,ERR1089686
38175.0,1652133,genus,0.00312071,Halobacteriovorax,ERR1089686
38175.0,830,genus,0.00312071,Butyrivibrio,ERR1089686
38175.0,222,genus,0.00312071,Achromobacter,ERR1089686
38175.0,1279,genus,0.00312071,Staphylococcus,ERR1089686
38175.0,314318,genus,0.00312071,Prolixibacter,ERR1089686
38175.0,1134403,genus,0.00312071,Melioribacter,ERR1089686
38175.0,203697,genus,0.00312071,Derxia,ERR1089686
38175.0,84108,genus,0.00312071,Slackia,ERR1089686
38175.0,507,genus,0.00312071,Alcaligenes,ERR1089686
38175.0,35832,genus,0.00312071,Bilophila,ERR1089686
38175.0,1549126,genus,0.00312071,Desulfatiglans,ERR1089686
38175.0,1565532,genus,0.00312071,Rouxiella,ERR1089686
38175.0,1716,genus,0.00312071,Corynebacterium,ERR1089686
38175.0,45654,genus,0.00312071,Desulfonema,ERR1089686
38175.0,40323,genus,0.00312071,Stenotrophomonas,ERR1089686
,-1,genus,79.1661,Unknown,ERR1089686
38175.0,283,genus,10.8507,Comamonas,ERR1089686
38175.0,816,genus,4.08501,Bacteroides,ERR1089686
38175.0,838,genus,1.26701,Prevotella,ERR1089686
38175.0,572511,genus,1.18899,Blautia,ERR1089686
38175.0,216851,genus,1.01735,Faecalibacterium,ERR1089686
38175.0,1578,genus,0.296467,Lactobacillus,ERR1089686
38175.0,459786,genus,0.17788,Oscillibacter,ERR1089686
38175.0,239759,genus,0.146673,Alistipes,ERR1089686
38175.0,1678,genus,0.137311,Bifidobacterium,ERR1089686
38175.0,207244,genus,0.102983,Anaerostipes,ERR1089686
38175.0,577309,genus,0.102983,Paraprevotella,ERR1089686
38175.0,375288,genus,0.0624142,Parabacteroides,ERR1089686
38175.0,286,genus,0.0592935,Pseudomonas,ERR1089686
38175.0,1505663,genus,0.0592935,Erysipelatoclostridium,ERR1089686
38175.0,872,genus,0.0592935,Desulfovibrio,ERR1089686
38175.0,44249,genus,0.0499313,Paenibacillus,ERR1089686
38175.0,561,genus,0.0468106,Escherichia,ERR1089686
38175.0,239934,genus,0.0405692,Akkermansia,ERR1089686
38175.0,111142,genus,0.0405692,Alishewanella,ERR1089686
38175.0,1301,genus,0.0405692,Streptococcus,ERR1089686
38175.0,898,genus,0.0374485,Desulfomicrobium,ERR1089686
38175.0,1506553,genus,0.0343278,Lachnoclostridium,ERR1089686
38175.0,189330,genus,0.0312071,Dorea,ERR1089686
38175.0,1485,genus,0.0312071,Clostridium,ERR1089686
38175.0,33042,genus,0.0280864,Coprococcus,ERR1089686
38175.0,93217,genus,0.0249657,Pandoraea,ERR1089686
38175.0,1730,genus,0.021845,Eubacterium,ERR1089686
38175.0,1508657,genus,0.021845,Ruminiclostridium,ERR1089686
38175.0,13687,genus,0.021845,Sphingomonas,ERR1089686
38175.0,590,genus,0.0156035,Salmonella,ERR1089686
38175.0,2299,genus,0.0156035,Desulfosarcina,ERR1089686
38175.0,131079,genus,0.0156035,Limnobacter,ERR1089686
38175.0,1263,genus,0.0156035,Ruminococcus,ERR1089686
38175.0,581,genus,0.0124828,Morganella,ERR1089686
38175.0,162289,genus,0.0124828,Peptoniphilus,ERR1089686
38175.0,1386,genus,0.0124828,Bacillus,ERR1089686
38175.0,1827,genus,0.0124828,Rhodococcus,ERR1089686
38175.0,445,genus,0.00936213,Legionella,ERR1089686
38175.0,626,genus,0.00936213,Xenorhabdus,ERR1089686
38175.0,469,genus,0.00936213,Acinetobacter,ERR1089686
38175.0,642,genus,0.00936213,Aeromonas,ERR1089686
38175.0,39948,genus,0.00936213,Dialister,ERR1089686
38175.0,146936,genus,0.00936213,Azonexus,ERR1089686
38175.0,180541,genus,0.00936213,Salinisphaera,ERR1089686
38175.0,1357,genus,0.00624142,Lactococcus,ERR1089686
38175.0,244127,genus,0.00624142,Anaerotruncus,ERR1089686
38175.0,620,genus,0.00624142,Shigella,ERR1089686
38175.0,29465,genus,0.00624142,Veillonella,ERR1089686
38175.0,44748,genus,0.00624142,Sporobacter,ERR1089686
38175.0,1645,genus,0.00624142,Renibacterium,ERR1089686
38175.0,283168,genus,0.00624142,Odoribacter,ERR1089686
38175.0,58050,genus,0.00624142,Moritella,ERR1089686
38175.0,649460,genus,0.00624142,Filimonas,ERR1089686
38175.0,702,genus,0.00624142,Plesiomonas,ERR1089686
38175.0,904,genus,0.00624142,Acidaminococcus,ERR1089686
38175.0,2717,genus,0.00624142,Cardiobacterium,ERR1089686
38175.0,47420,genus,0.00624142,Hydrogenophaga,ERR1089686
38175.0,583,genus,0.00624142,Proteus,ERR1089686
38175.0,586,genus,0.00624142,Providencia,ERR1089686
38175.0,724,genus,0.00624142,Haemophilus,ERR1089686
38175.0,61434,genus,0.00624142,Dehalococcoides,ERR1089686
38175.0,1549126,genus,0.00312071,Desulfatiglans,ERR1089686
38175.0,1565532,genus,0.00312071,Rouxiella,ERR1089686
38175.0,84108,genus,0.00312071,Slackia,ERR1089686
38175.0,507,genus,0.00312071,Alcaligenes,ERR1089686
38175.0,35832,genus,0.00312071,Bilophila,ERR1089686
38175.0,40323,genus,0.00312071,Stenotrophomonas,ERR1089686
38175.0,1716,genus,0.00312071,Corynebacterium,ERR1089686
38175.0,45654,genus,0.00312071,Desulfonema,ERR1089686
38175.0,32008,genus,0.00312071,Burkholderia,ERR1089686
38175.0,404,genus,0.00312071,Methylobacillus,ERR1089686
38175.0,79328,genus,0.00312071,Chitinophaga,ERR1089686
38175.0,262406,genus,0.00312071,Thermobaculum,ERR1089686
38175.0,118966,genus,0.00312071,Anaerorhabdus,ERR1089686
38175.0,28067,genus,0.00312071,Rubrivivax,ERR1089686
38175.0,160795,genus,0.00312071,Ureibacillus,ERR1089686
38175.0,841,genus,0.00312071,Roseburia,ERR1089686
38175.0,2747,genus,0.00312071,Carnobacterium,ERR1089686
38175.0,226,genus,0.00312071,Alteromonas,ERR1089686
38175.0,35798,genus,0.00312071,Nitrosospira,ERR1089686
38175.0,413496,genus,0.00312071,Cronobacter,ERR1089686
38175.0,1030,genus,0.00312071,Thiothrix,ERR1089686
38175.0,28231,genus,0.00312071,Geobacter,ERR1089686
38175.0,40544,genus,0.00312071,Sutterella,ERR1089686
38175.0,32205,genus,0.00312071,Leptonema,ERR1089686
38175.0,86795,genus,0.00312071,Marmoricola,ERR1089686
38175.0,100175,genus,0.00312071,Papillibacter,ERR1089686
38175.0,1471399,genus,0.00312071,Draconibacterium,ERR1089686
38175.0,836,genus,0.00312071,Porphyromonas,ERR1089686
38175.0,2132,genus,0.00312071,Spiroplasma,ERR1089686
38175.0,29526,genus,0.00312071,Syntrophobacter,ERR1089686
38175.0,1257,genus,0.00312071,Peptostreptococcus,ERR1089686
38175.0,429,genus,0.00312071,Methylobacter,ERR1089686
38175.0,106633,genus,0.00312071,Thioalkalivibrio,ERR1089686
38175.0,397864,genus,0.00312071,Barnesiella,ERR1089686
38175.0,34072,genus,0.00312071,Variovorax,ERR1089686
38175.0,1350,genus,0.00312071,Enterococcus,ERR1089686
38175.0,914,genus,0.00312071,Nitrosomonas,ERR1089686
38175.0,830,genus,0.00312071,Butyrivibrio,ERR1089686
38175.0,305899,genus,0.00312071,Endozoicomonas,ERR1089686
38175.0,84111,genus,0.00312071,Eggerthella,ERR1089686
38175.0,34037,genus,0.00312071,Rahnella,ERR1089686
38175.0,1652133,genus,0.00312071,Halobacteriovorax,ERR1089686
38175.0,1279,genus,0.00312071,Staphylococcus,ERR1089686
38175.0,222,genus,0.00312071,Achromobacter,ERR1089686
38175.0,1134403,genus,0.00312071,Melioribacter,ERR1089686
38175.0,314318,genus,0.00312071,Prolixibacter,ERR1089686
38175.0,203697,genus,0.00312071,Derxia,ERR1089686
,-1,genus,79.1661,Unknown,ERR1089686
38175.0,283,genus,10.8507,Comamonas,ERR1089686
38175.0,816,genus,4.08501,Bacteroides,ERR1089686
38175.0,838,genus,1.26701,Prevotella,ERR1089686
38175.0,572511,genus,1.18899,Blautia,ERR1089686
38175.0,216851,genus,1.01735,Faecalibacterium,ERR1089686
38175.0,1578,genus,0.296467,Lactobacillus,ERR1089686
38175.0,459786,genus,0.17788,Oscillibacter,ERR1089686
38175.0,239759,genus,0.146673,Alistipes,ERR1089686
38175.0,1678,genus,0.137311,Bifidobacterium,ERR1089686
38175.0,577309,genus,0.102983,Paraprevotella,ERR1089686
38175.0,207244,genus,0.102983,Anaerostipes,ERR1089686
38175.0,375288,genus,0.0624142,Parabacteroides,ERR1089686
38175.0,286,genus,0.0592935,Pseudomonas,ERR1089686
38175.0,1505663,genus,0.0592935,Erysipelatoclostridium,ERR1089686
38175.0,872,genus,0.0592935,Desulfovibrio,ERR1089686
38175.0,44249,genus,0.0499313,Paenibacillus,ERR1089686
38175.0,561,genus,0.0468106,Escherichia,ERR1089686
38175.0,239934,genus,0.0405692,Akkermansia,ERR1089686
38175.0,111142,genus,0.0405692,Alishewanella,ERR1089686
38175.0,1301,genus,0.0405692,Streptococcus,ERR1089686
38175.0,898,genus,0.0374485,Desulfomicrobium,ERR1089686
38175.0,1506553,genus,0.0343278,Lachnoclostridium,ERR1089686
38175.0,189330,genus,0.0312071,Dorea,ERR1089686
38175.0,1485,genus,0.0312071,Clostridium,ERR1089686
38175.0,33042,genus,0.0280864,Coprococcus,ERR1089686
38175.0,93217,genus,0.0249657,Pandoraea,ERR1089686
38175.0,1730,genus,0.021845,Eubacterium,ERR1089686
38175.0,1508657,genus,0.021845,Ruminiclostridium,ERR1089686
38175.0,13687,genus,0.021845,Sphingomonas,ERR1089686
38175.0,1263,genus,0.0156035,Ruminococcus,ERR1089686
38175.0,590,genus,0.0156035,Salmonella,ERR1089686
38175.0,2299,genus,0.0156035,Desulfosarcina,ERR1089686
38175.0,131079,genus,0.0156035,Limnobacter,ERR1089686
38175.0,1827,genus,0.0124828,Rhodococcus,ERR1089686
38175.0,581,genus,0.0124828,Morganella,ERR1089686
38175.0,162289,genus,0.0124828,Peptoniphilus,ERR1089686
38175.0,1386,genus,0.0124828,Bacillus,ERR1089686
38175.0,180541,genus,0.00936213,Salinisphaera,ERR1089686
38175.0,445,genus,0.00936213,Legionella,ERR1089686
38175.0,626,genus,0.00936213,Xenorhabdus,ERR1089686
38175.0,469,genus,0.00936213,Acinetobacter,ERR1089686
38175.0,642,genus,0.00936213,Aeromonas,ERR1089686
38175.0,39948,genus,0.00936213,Dialister,ERR1089686
38175.0,146936,genus,0.00936213,Azonexus,ERR1089686
38175.0,586,genus,0.00624142,Providencia,ERR1089686
38175.0,724,genus,0.00624142,Haemophilus,ERR1089686
38175.0,61434,genus,0.00624142,Dehalococcoides,ERR1089686
38175.0,1357,genus,0.00624142,Lactococcus,ERR1089686
38175.0,244127,genus,0.00624142,Anaerotruncus,ERR1089686
38175.0,620,genus,0.00624142,Shigella,ERR1089686
38175.0,29465,genus,0.00624142,Veillonella,ERR1089686
38175.0,44748,genus,0.00624142,Sporobacter,ERR1089686
38175.0,1645,genus,0.00624142,Renibacterium,ERR1089686
38175.0,283168,genus,0.00624142,Odoribacter,ERR1089686
38175.0,58050,genus,0.00624142,Moritella,ERR1089686
38175.0,649460,genus,0.00624142,Filimonas,ERR1089686
38175.0,702,genus,0.00624142,Plesiomonas,ERR1089686
38175.0,904,genus,0.00624142,Acidaminococcus,ERR1089686
38175.0,2717,genus,0.00624142,Cardiobacterium,ERR1089686
38175.0,47420,genus,0.00624142,Hydrogenophaga,ERR1089686
38175.0,583,genus,0.00624142,Proteus,ERR1089686
38175.0,1134403,genus,0.00312071,Melioribacter,ERR1089686
38175.0,314318,genus,0.00312071,Prolixibacter,ERR1089686
38175.0,203697,genus,0.00312071,Derxia,ERR1089686
38175.0,1549126,genus,0.00312071,Desulfatiglans,ERR1089686
38175.0,1565532,genus,0.00312071,Rouxiella,ERR1089686
38175.0,84108,genus,0.00312071,Slackia,ERR1089686
38175.0,507,genus,0.00312071,Alcaligenes,ERR1089686
38175.0,35832,genus,0.00312071,Bilophila,ERR1089686
38175.0,40323,genus,0.00312071,Stenotrophomonas,ERR1089686
38175.0,1716,genus,0.00312071,Corynebacterium,ERR1089686
38175.0,45654,genus,0.00312071,Desulfonema,ERR1089686
38175.0,32008,genus,0.00312071,Burkholderia,ERR1089686
38175.0,404,genus,0.00312071,Methylobacillus,ERR1089686
38175.0,79328,genus,0.00312071,Chitinophaga,ERR1089686
38175.0,262406,genus,0.00312071,Thermobaculum,ERR1089686
38175.0,118966,genus,0.00312071,Anaerorhabdus,ERR1089686
38175.0,28067,genus,0.00312071,Rubrivivax,ERR1089686
38175.0,160795,genus,0.00312071,Ureibacillus,ERR1089686
38175.0,841,genus,0.00312071,Roseburia,ERR1089686
38175.0,2747,genus,0.00312071,Carnobacterium,ERR1089686
38175.0,226,genus,0.00312071,Alteromonas,ERR1089686
38175.0,35798,genus,0.00312071,Nitrosospira,ERR1089686
38175.0,413496,genus,0.00312071,Cronobacter,ERR1089686
38175.0,1030,genus,0.00312071,Thiothrix,ERR1089686
38175.0,28231,genus,0.00312071,Geobacter,ERR1089686
38175.0,40544,genus,0.00312071,Sutterella,ERR1089686
38175.0,32205,genus,0.00312071,Leptonema,ERR1089686
38175.0,86795,genus,0.00312071,Marmoricola,ERR1089686
38175.0,100175,genus,0.00312071,Papillibacter,ERR1089686
38175.0,1471399,genus,0.00312071,Draconibacterium,ERR1089686
38175.0,836,genus,0.00312071,Porphyromonas,ERR1089686
38175.0,2132,genus,0.00312071,Spiroplasma,ERR1089686
38175.0,29526,genus,0.00312071,Syntrophobacter,ERR1089686
38175.0,1257,genus,0.00312071,Peptostreptococcus,ERR1089686
38175.0,429,genus,0.00312071,Methylobacter,ERR1089686
38175.0,106633,genus,0.00312071,Thioalkalivibrio,ERR1089686
38175.0,397864,genus,0.00312071,Barnesiella,ERR1089686
38175.0,34072,genus,0.00312071,Variovorax,ERR1089686
38175.0,1350,genus,0.00312071,Enterococcus,ERR1089686
38175.0,914,genus,0.00312071,Nitrosomonas,ERR1089686
38175.0,830,genus,0.00312071,Butyrivibrio,ERR1089686
38175.0,305899,genus,0.00312071,Endozoicomonas,ERR1089686
38175.0,84111,genus,0.00312071,Eggerthella,ERR1089686
38175.0,34037,genus,0.00312071,Rahnella,ERR1089686
38175.0,1652133,genus,0.00312071,Halobacteriovorax,ERR1089686
38175.0,1279,genus,0.00312071,Staphylococcus,ERR1089686
38175.0,222,genus,0.00312071,Achromobacter,ERR1089686
,-1,genus,79.1661,Unknown,ERR1089686
38175.0,283,genus,10.8507,Comamonas,ERR1089686
38175.0,816,genus,4.08501,Bacteroides,ERR1089686
38175.0,838,genus,1.26701,Prevotella,ERR1089686
38175.0,572511,genus,1.18899,Blautia,ERR1089686
38175.0,216851,genus,1.01735,Faecalibacterium,ERR1089686
38175.0,1578,genus,0.296467,Lactobacillus,ERR1089686
38175.0,459786,genus,0.17788,Oscillibacter,ERR1089686
38175.0,239759,genus,0.146673,Alistipes,ERR1089686
38175.0,1678,genus,0.137311,Bifidobacterium,ERR1089686
38175.0,207244,genus,0.102983,Anaerostipes,ERR1089686
38175.0,577309,genus,0.102983,Paraprevotella,ERR1089686
38175.0,375288,genus,0.0624142,Parabacteroides,ERR1089686
38175.0,872,genus,0.0592935,Desulfovibrio,ERR1089686
38175.0,286,genus,0.0592935,Pseudomonas,ERR1089686
38175.0,1505663,genus,0.0592935,Erysipelatoclostridium,ERR1089686
38175.0,44249,genus,0.0499313,Paenibacillus,ERR1089686
38175.0,561,genus,0.0468106,Escherichia,ERR1089686
38175.0,239934,genus,0.0405692,Akkermansia,ERR1089686
38175.0,111142,genus,0.0405692,Alishewanella,ERR1089686
38175.0,1301,genus,0.0405692,Streptococcus,ERR1089686
38175.0,898,genus,0.0374485,Desulfomicrobium,ERR1089686
38175.0,1506553,genus,0.0343278,Lachnoclostridium,ERR1089686
38175.0,189330,genus,0.0312071,Dorea,ERR1089686
38175.0,1485,genus,0.0312071,Clostridium,ERR1089686
38175.0,33042,genus,0.0280864,Coprococcus,ERR1089686
38175.0,93217,genus,0.0249657,Pandoraea,ERR1089686
38175.0,1730,genus,0.021845,Eubacterium,ERR1089686
38175.0,1508657,genus,0.021845,Ruminiclostridium,ERR1089686
38175.0,13687,genus,0.021845,Sphingomonas,ERR1089686
38175.0,1263,genus,0.0156035,Ruminococcus,ERR1089686
38175.0,590,genus,0.0156035,Salmonella,ERR1089686
38175.0,2299,genus,0.0156035,Desulfosarcina,ERR1089686
38175.0,131079,genus,0.0156035,Limnobacter,ERR1089686
38175.0,1827,genus,0.0124828,Rhodococcus,ERR1089686
38175.0,581,genus,0.0124828,Morganella,ERR1089686
38175.0,162289,genus,0.0124828,Peptoniphilus,ERR1089686
38175.0,1386,genus,0.0124828,Bacillus,ERR1089686
38175.0,146936,genus,0.00936213,Azonexus,ERR1089686
38175.0,180541,genus,0.00936213,Salinisphaera,ERR1089686
38175.0,445,genus,0.00936213,Legionella,ERR1089686
38175.0,626,genus,0.00936213,Xenorhabdus,ERR1089686
38175.0,469,genus,0.00936213,Acinetobacter,ERR1089686
38175.0,642,genus,0.00936213,Aeromonas,ERR1089686
38175.0,39948,genus,0.00936213,Dialister,ERR1089686
38175.0,583,genus,0.00624142,Proteus,ERR1089686
38175.0,586,genus,0.00624142,Providencia,ERR1089686
38175.0,724,genus,0.00624142,Haemophilus,ERR1089686
38175.0,61434,genus,0.00624142,Dehalococcoides,ERR1089686
38175.0,1357,genus,0.00624142,Lactococcus,ERR1089686
38175.0,244127,genus,0.00624142,Anaerotruncus,ERR1089686
38175.0,620,genus,0.00624142,Shigella,ERR1089686
38175.0,29465,genus,0.00624142,Veillonella,ERR1089686
38175.0,44748,genus,0.00624142,Sporobacter,ERR1089686
38175.0,1645,genus,0.00624142,Renibacterium,ERR1089686
38175.0,283168,genus,0.00624142,Odoribacter,ERR1089686
38175.0,58050,genus,0.00624142,Moritella,ERR1089686
38175.0,649460,genus,0.00624142,Filimonas,ERR1089686
38175.0,702,genus,0.00624142,Plesiomonas,ERR1089686
38175.0,904,genus,0.00624142,Acidaminococcus,ERR1089686
38175.0,2717,genus,0.00624142,Cardiobacterium,ERR1089686
38175.0,47420,genus,0.00624142,Hydrogenophaga,ERR1089686
38175.0,1279,genus,0.00312071,Staphylococcus,ERR1089686
38175.0,222,genus,0.00312071,Achromobacter,ERR1089686
38175.0,1134403,genus,0.00312071,Melioribacter,ERR1089686
38175.0,314318,genus,0.00312071,Prolixibacter,ERR1089686
38175.0,203697,genus,0.00312071,Derxia,ERR1089686
38175.0,1549126,genus,0.00312071,Desulfatiglans,ERR1089686
38175.0,1565532,genus,0.00312071,Rouxiella,ERR1089686
38175.0,84108,genus,0.00312071,Slackia,ERR1089686
38175.0,507,genus,0.00312071,Alcaligenes,ERR1089686
38175.0,35832,genus,0.00312071,Bilophila,ERR1089686
38175.0,40323,genus,0.00312071,Stenotrophomonas,ERR1089686
38175.0,1716,genus,0.00312071,Corynebacterium,ERR1089686
38175.0,45654,genus,0.00312071,Desulfonema,ERR1089686
38175.0,32008,genus,0.00312071,Burkholderia,ERR1089686
38175.0,404,genus,0.00312071,Methylobacillus,ERR1089686
38175.0,79328,genus,0.00312071,Chitinophaga,ERR1089686
38175.0,262406,genus,0.00312071,Thermobaculum,ERR1089686
38175.0,118966,genus,0.00312071,Anaerorhabdus,ERR1089686
38175.0,28067,genus,0.00312071,Rubrivivax,ERR1089686
38175.0,160795,genus,0.00312071,Ureibacillus,ERR1089686
38175.0,841,genus,0.00312071,Roseburia,ERR1089686
38175.0,2747,genus,0.00312071,Carnobacterium,ERR1089686
38175.0,226,genus,0.00312071,Alteromonas,ERR1089686
38175.0,35798,genus,0.00312071,Nitrosospira,ERR1089686
38175.0,413496,genus,0.00312071,Cronobacter,ERR1089686
38175.0,1030,genus,0.00312071,Thiothrix,ERR1089686
38175.0,28231,genus,0.00312071,Geobacter,ERR1089686
38175.0,40544,genus,0.00312071,Sutterella,ERR1089686
38175.0,32205,genus,0.00312071,Leptonema,ERR1089686
38175.0,86795,genus,0.00312071,Marmoricola,ERR1089686
38175.0,100175,genus,0.00312071,Papillibacter,ERR1089686
38175.0,1471399,genus,0.00312071,Draconibacterium,ERR1089686
38175.0,836,genus,0.00312071,Porphyromonas,ERR1089686
38175.0,2132,genus,0.00312071,Spiroplasma,ERR1089686
38175.0,29526,genus,0.00312071,Syntrophobacter,ERR1089686
38175.0,1257,genus,0.00312071,Peptostreptococcus,ERR1089686
38175.0,429,genus,0.00312071,Methylobacter,ERR1089686
38175.0,106633,genus,0.00312071,Thioalkalivibrio,ERR1089686
38175.0,397864,genus,0.00312071,Barnesiella,ERR1089686
38175.0,34072,genus,0.00312071,Variovorax,ERR1089686
38175.0,1350,genus,0.00312071,Enterococcus,ERR1089686
38175.0,914,genus,0.00312071,Nitrosomonas,ERR1089686
38175.0,830,genus,0.00312071,Butyrivibrio,ERR1089686
38175.0,305899,genus,0.00312071,Endozoicomonas,ERR1089686
38175.0,84111,genus,0.00312071,Eggerthella,ERR1089686
38175.0,34037,genus,0.00312071,Rahnella,ERR1089686
38175.0,1652133,genus,0.00312071,Halobacteriovorax,ERR1089686
,-1,genus,79.1661,Unknown,ERR1089686
34069.0,286,genus,51.5341,Pseudomonas,ERR1089724
34069.0,816,genus,0.852519,Bacteroides,ERR1089724
34069.0,469,genus,0.738546,Acinetobacter,ERR1089724
34069.0,239759,genus,0.670162,Alistipes,ERR1089724
34069.0,216851,genus,0.578983,Faecalibacterium,ERR1089724
34069.0,239934,genus,0.442216,Akkermansia,ERR1089724
34069.0,265980,genus,0.250741,Alkalimonas,ERR1089724
34069.0,375288,genus,0.173239,Parabacteroides,ERR1089724
34069.0,1678,genus,0.16868,Bifidobacterium,ERR1089724
34069.0,572511,genus,0.150444,Blautia,ERR1089724
34069.0,48736,genus,0.118532,Ralstonia,ERR1089724
34069.0,590,genus,0.0957374,Salmonella,ERR1089724
34069.0,1505663,genus,0.0775017,Erysipelatoclostridium,ERR1089724
34069.0,497,genus,0.0683839,Psychrobacter,ERR1089724
34069.0,577309,genus,0.0638249,Paraprevotella,ERR1089724
34069.0,561,genus,0.0547071,Escherichia,ERR1089724
34069.0,577310,genus,0.0501482,Parasutterella,ERR1089724
34069.0,459786,genus,0.0455892,Oscillibacter,ERR1089724
34069.0,1263,genus,0.0410303,Ruminococcus,ERR1089724
34069.0,413496,genus,0.0319125,Cronobacter,ERR1089724
34069.0,1508657,genus,0.0319125,Ruminiclostridium,ERR1089724
34069.0,53335,genus,0.0319125,Pantoea,ERR1089724
34069.0,904,genus,0.0273535,Acidaminococcus,ERR1089724
34069.0,583,genus,0.0273535,Proteus,ERR1089724
34069.0,1301,genus,0.0273535,Streptococcus,ERR1089724
34069.0,244127,genus,0.0227946,Anaerotruncus,ERR1089724
34069.0,180541,genus,0.0227946,Salinisphaera,ERR1089724
34069.0,1279,genus,0.0227946,Staphylococcus,ERR1089724
34069.0,1716,genus,0.0227946,Corynebacterium,ERR1089724
34069.0,1506553,genus,0.0182357,Lachnoclostridium,ERR1089724
34069.0,872,genus,0.0182357,Desulfovibrio,ERR1089724
34069.0,898,genus,0.0136768,Desulfomicrobium,ERR1089724
34069.0,838,genus,0.0136768,Prevotella,ERR1089724
34069.0,182709,genus,0.0136768,Oceanobacillus,ERR1089724
34069.0,33042,genus,0.0136768,Coprococcus,ERR1089724
34069.0,841,genus,0.0136768,Roseburia,ERR1089724
34069.0,1485,genus,0.0136768,Clostridium,ERR1089724
34069.0,84111,genus,0.0136768,Eggerthella,ERR1089724
34069.0,39948,genus,0.00911785,Dialister,ERR1089724
34069.0,165779,genus,0.00911785,Anaerococcus,ERR1089724
34069.0,1505657,genus,0.00911785,Intestinibacter,ERR1089724
34069.0,283168,genus,0.00911785,Odoribacter,ERR1089724
34069.0,52784,genus,0.00911785,Anaerofilum,ERR1089724
34069.0,544,genus,0.00911785,Citrobacter,ERR1089724
34069.0,207244,genus,0.00911785,Anaerostipes,ERR1089724
34069.0,963,genus,0.00455892,Herbaspirillum,ERR1089724
34069.0,13687,genus,0.00455892,Sphingomonas,ERR1089724
34069.0,475,genus,0.00455892,Moraxella,ERR1089724
34069.0,1565532,genus,0.00455892,Rouxiella,ERR1089724
34069.0,84108,genus,0.00455892,Slackia,ERR1089724
34069.0,162289,genus,0.00455892,Peptoniphilus,ERR1089724
34069.0,283,genus,0.00455892,Comamonas,ERR1089724
34069.0,776,genus,0.00455892,Coxiella,ERR1089724
34069.0,1357,genus,0.00455892,Lactococcus,ERR1089724
34069.0,41273,genus,0.00455892,Tissierella,ERR1089724
34069.0,1350,genus,0.00455892,Enterococcus,ERR1089724
34069.0,61170,genus,0.00455892,Holdemania,ERR1089724
34069.0,28253,genus,0.00455892,Marinomonas,ERR1089724
34069.0,836,genus,0.00455892,Porphyromonas,ERR1089724
34069.0,44748,genus,0.00455892,Sporobacter,ERR1089724
34069.0,698776,genus,0.00455892,Cellulosilyticum,ERR1089724
34069.0,226,genus,0.00455892,Alteromonas,ERR1089724
34069.0,1386,genus,0.00455892,Bacillus,ERR1089724
34069.0,620,genus,0.00455892,Shigella,ERR1089724
34069.0,642,genus,0.00455892,Aeromonas,ERR1089724
34069.0,445,genus,0.00455892,Legionella,ERR1089724
34069.0,2742,genus,0.00455892,Marinobacter,ERR1089724
34069.0,1827,genus,0.00455892,Rhodococcus,ERR1089724
34069.0,662,genus,0.00455892,Vibrio,ERR1089724
34069.0,265570,genus,0.00455892,Sulfurovum,ERR1089724
,-1,genus,43.2323,Unknown,ERR1089724
34069.0,286,genus,51.5341,Pseudomonas,ERR1089724
34069.0,816,genus,0.852519,Bacteroides,ERR1089724
34069.0,469,genus,0.738546,Acinetobacter,ERR1089724
34069.0,239759,genus,0.670162,Alistipes,ERR1089724
34069.0,216851,genus,0.578983,Faecalibacterium,ERR1089724
34069.0,239934,genus,0.442216,Akkermansia,ERR1089724
34069.0,265980,genus,0.250741,Alkalimonas,ERR1089724
34069.0,375288,genus,0.173239,Parabacteroides,ERR1089724
34069.0,1678,genus,0.16868,Bifidobacterium,ERR1089724
34069.0,572511,genus,0.150444,Blautia,ERR1089724
34069.0,48736,genus,0.118532,Ralstonia,ERR1089724
34069.0,590,genus,0.0957374,Salmonella,ERR1089724
34069.0,1505663,genus,0.0775017,Erysipelatoclostridium,ERR1089724
34069.0,497,genus,0.0683839,Psychrobacter,ERR1089724
34069.0,577309,genus,0.0638249,Paraprevotella,ERR1089724
34069.0,561,genus,0.0547071,Escherichia,ERR1089724
34069.0,577310,genus,0.0501482,Parasutterella,ERR1089724
34069.0,459786,genus,0.0455892,Oscillibacter,ERR1089724
34069.0,1263,genus,0.0410303,Ruminococcus,ERR1089724
34069.0,53335,genus,0.0319125,Pantoea,ERR1089724
34069.0,413496,genus,0.0319125,Cronobacter,ERR1089724
34069.0,1508657,genus,0.0319125,Ruminiclostridium,ERR1089724
34069.0,904,genus,0.0273535,Acidaminococcus,ERR1089724
34069.0,583,genus,0.0273535,Proteus,ERR1089724
34069.0,1301,genus,0.0273535,Streptococcus,ERR1089724
34069.0,244127,genus,0.0227946,Anaerotruncus,ERR1089724
34069.0,180541,genus,0.0227946,Salinisphaera,ERR1089724
34069.0,1279,genus,0.0227946,Staphylococcus,ERR1089724
34069.0,1716,genus,0.0227946,Corynebacterium,ERR1089724
34069.0,1506553,genus,0.0182357,Lachnoclostridium,ERR1089724
34069.0,872,genus,0.0182357,Desulfovibrio,ERR1089724
34069.0,1485,genus,0.0136768,Clostridium,ERR1089724
34069.0,84111,genus,0.0136768,Eggerthella,ERR1089724
34069.0,898,genus,0.0136768,Desulfomicrobium,ERR1089724
34069.0,838,genus,0.0136768,Prevotella,ERR1089724
34069.0,182709,genus,0.0136768,Oceanobacillus,ERR1089724
34069.0,33042,genus,0.0136768,Coprococcus,ERR1089724
34069.0,841,genus,0.0136768,Roseburia,ERR1089724
34069.0,207244,genus,0.00911785,Anaerostipes,ERR1089724
34069.0,39948,genus,0.00911785,Dialister,ERR1089724
34069.0,165779,genus,0.00911785,Anaerococcus,ERR1089724
34069.0,1505657,genus,0.00911785,Intestinibacter,ERR1089724
34069.0,283168,genus,0.00911785,Odoribacter,ERR1089724
34069.0,52784,genus,0.00911785,Anaerofilum,ERR1089724
34069.0,544,genus,0.00911785,Citrobacter,ERR1089724
34069.0,1827,genus,0.00455892,Rhodococcus,ERR1089724
34069.0,662,genus,0.00455892,Vibrio,ERR1089724
34069.0,265570,genus,0.00455892,Sulfurovum,ERR1089724
34069.0,963,genus,0.00455892,Herbaspirillum,ERR1089724
34069.0,13687,genus,0.00455892,Sphingomonas,ERR1089724
34069.0,475,genus,0.00455892,Moraxella,ERR1089724
34069.0,1565532,genus,0.00455892,Rouxiella,ERR1089724
34069.0,84108,genus,0.00455892,Slackia,ERR1089724
34069.0,162289,genus,0.00455892,Peptoniphilus,ERR1089724
34069.0,283,genus,0.00455892,Comamonas,ERR1089724
34069.0,776,genus,0.00455892,Coxiella,ERR1089724
34069.0,1357,genus,0.00455892,Lactococcus,ERR1089724
34069.0,41273,genus,0.00455892,Tissierella,ERR1089724
34069.0,1350,genus,0.00455892,Enterococcus,ERR1089724
34069.0,61170,genus,0.00455892,Holdemania,ERR1089724
34069.0,28253,genus,0.00455892,Marinomonas,ERR1089724
34069.0,836,genus,0.00455892,Porphyromonas,ERR1089724
34069.0,44748,genus,0.00455892,Sporobacter,ERR1089724
34069.0,698776,genus,0.00455892,Cellulosilyticum,ERR1089724
34069.0,226,genus,0.00455892,Alteromonas,ERR1089724
34069.0,1386,genus,0.00455892,Bacillus,ERR1089724
34069.0,620,genus,0.00455892,Shigella,ERR1089724
34069.0,642,genus,0.00455892,Aeromonas,ERR1089724
34069.0,445,genus,0.00455892,Legionella,ERR1089724
34069.0,2742,genus,0.00455892,Marinobacter,ERR1089724
,-1,genus,43.2323,Unknown,ERR1089724
34069.0,286,genus,51.5341,Pseudomonas,ERR1089724
34069.0,816,genus,0.852519,Bacteroides,ERR1089724
34069.0,469,genus,0.738546,Acinetobacter,ERR1089724
34069.0,239759,genus,0.670162,Alistipes,ERR1089724
34069.0,216851,genus,0.578983,Faecalibacterium,ERR1089724
34069.0,239934,genus,0.442216,Akkermansia,ERR1089724
34069.0,265980,genus,0.250741,Alkalimonas,ERR1089724
34069.0,375288,genus,0.173239,Parabacteroides,ERR1089724
34069.0,1678,genus,0.16868,Bifidobacterium,ERR1089724
34069.0,572511,genus,0.150444,Blautia,ERR1089724
34069.0,48736,genus,0.118532,Ralstonia,ERR1089724
34069.0,590,genus,0.0957374,Salmonella,ERR1089724
34069.0,1505663,genus,0.0775017,Erysipelatoclostridium,ERR1089724
34069.0,497,genus,0.0683839,Psychrobacter,ERR1089724
34069.0,577309,genus,0.0638249,Paraprevotella,ERR1089724
34069.0,561,genus,0.0547071,Escherichia,ERR1089724
34069.0,577310,genus,0.0501482,Parasutterella,ERR1089724
34069.0,459786,genus,0.0455892,Oscillibacter,ERR1089724
34069.0,1263,genus,0.0410303,Ruminococcus,ERR1089724
34069.0,53335,genus,0.0319125,Pantoea,ERR1089724
34069.0,413496,genus,0.0319125,Cronobacter,ERR1089724
34069.0,1508657,genus,0.0319125,Ruminiclostridium,ERR1089724
34069.0,904,genus,0.0273535,Acidaminococcus,ERR1089724
34069.0,583,genus,0.0273535,Proteus,ERR1089724
34069.0,1301,genus,0.0273535,Streptococcus,ERR1089724
34069.0,244127,genus,0.0227946,Anaerotruncus,ERR1089724
34069.0,180541,genus,0.0227946,Salinisphaera,ERR1089724
34069.0,1279,genus,0.0227946,Staphylococcus,ERR1089724
34069.0,1716,genus,0.0227946,Corynebacterium,ERR1089724
34069.0,1506553,genus,0.0182357,Lachnoclostridium,ERR1089724
34069.0,872,genus,0.0182357,Desulfovibrio,ERR1089724
34069.0,1485,genus,0.0136768,Clostridium,ERR1089724
34069.0,84111,genus,0.0136768,Eggerthella,ERR1089724
34069.0,898,genus,0.0136768,Desulfomicrobium,ERR1089724
34069.0,838,genus,0.0136768,Prevotella,ERR1089724
34069.0,182709,genus,0.0136768,Oceanobacillus,ERR1089724
34069.0,33042,genus,0.0136768,Coprococcus,ERR1089724
34069.0,841,genus,0.0136768,Roseburia,ERR1089724
34069.0,544,genus,0.00911785,Citrobacter,ERR1089724
34069.0,207244,genus,0.00911785,Anaerostipes,ERR1089724
34069.0,39948,genus,0.00911785,Dialister,ERR1089724
34069.0,165779,genus,0.00911785,Anaerococcus,ERR1089724
34069.0,1505657,genus,0.00911785,Intestinibacter,ERR1089724
34069.0,283168,genus,0.00911785,Odoribacter,ERR1089724
34069.0,52784,genus,0.00911785,Anaerofilum,ERR1089724
34069.0,445,genus,0.00455892,Legionella,ERR1089724
34069.0,2742,genus,0.00455892,Marinobacter,ERR1089724
34069.0,1827,genus,0.00455892,Rhodococcus,ERR1089724
34069.0,662,genus,0.00455892,Vibrio,ERR1089724
34069.0,265570,genus,0.00455892,Sulfurovum,ERR1089724
34069.0,963,genus,0.00455892,Herbaspirillum,ERR1089724
34069.0,13687,genus,0.00455892,Sphingomonas,ERR1089724
34069.0,475,genus,0.00455892,Moraxella,ERR1089724
34069.0,1565532,genus,0.00455892,Rouxiella,ERR1089724
34069.0,84108,genus,0.00455892,Slackia,ERR1089724
34069.0,162289,genus,0.00455892,Peptoniphilus,ERR1089724
34069.0,283,genus,0.00455892,Comamonas,ERR1089724
34069.0,776,genus,0.00455892,Coxiella,ERR1089724
34069.0,1357,genus,0.00455892,Lactococcus,ERR1089724
34069.0,41273,genus,0.00455892,Tissierella,ERR1089724
34069.0,1350,genus,0.00455892,Enterococcus,ERR1089724
34069.0,61170,genus,0.00455892,Holdemania,ERR1089724
34069.0,28253,genus,0.00455892,Marinomonas,ERR1089724
34069.0,836,genus,0.00455892,Porphyromonas,ERR1089724
34069.0,44748,genus,0.00455892,Sporobacter,ERR1089724
34069.0,698776,genus,0.00455892,Cellulosilyticum,ERR1089724
34069.0,226,genus,0.00455892,Alteromonas,ERR1089724
34069.0,1386,genus,0.00455892,Bacillus,ERR1089724
34069.0,620,genus,0.00455892,Shigella,ERR1089724
34069.0,642,genus,0.00455892,Aeromonas,ERR1089724
,-1,genus,43.2323,Unknown,ERR1089724
38176.0,816,genus,3.49365,Bacteroides,ERR1089748
38176.0,216851,genus,1.53783,Faecalibacterium,ERR1089748
38176.0,1485,genus,1.43462,Clostridium,ERR1089748
38176.0,1678,genus,1.36237,Bifidobacterium,ERR1089748
38176.0,1505657,genus,0.825679,Intestinibacter,ERR1089748
38176.0,838,genus,0.645061,Prevotella,ERR1089748
38176.0,239934,genus,0.593457,Akkermansia,ERR1089748
38176.0,239759,genus,0.52637,Alistipes,ERR1089748
38176.0,1350,genus,0.495407,Enterococcus,ERR1089748
38176.0,1508657,genus,0.397358,Ruminiclostridium,ERR1089748
38176.0,1578,genus,0.335432,Lactobacillus,ERR1089748
38176.0,544,genus,0.335432,Citrobacter,ERR1089748
38176.0,375288,genus,0.190938,Parabacteroides,ERR1089748
38176.0,590,genus,0.180617,Salmonella,ERR1089748
38176.0,39948,genus,0.149654,Dialister,ERR1089748
38176.0,1357,genus,0.129012,Lactococcus,ERR1089748
38176.0,1386,genus,0.123852,Bacillus,ERR1089748
38176.0,2172,genus,0.10837,Methanobrevibacter,ERR1089748
38176.0,1716,genus,0.10321,Corynebacterium,ERR1089748
38176.0,836,genus,0.10321,Porphyromonas,ERR1089748
38176.0,577309,genus,0.0928888,Paraprevotella,ERR1089748
38176.0,244127,genus,0.0774074,Anaerotruncus,ERR1089748
38176.0,904,genus,0.0774074,Acidaminococcus,ERR1089748
38176.0,33042,genus,0.0774074,Coprococcus,ERR1089748
38176.0,1506553,genus,0.0670864,Lachnoclostridium,ERR1089748
38176.0,1505663,genus,0.0670864,Erysipelatoclostridium,ERR1089748
38176.0,469,genus,0.0619259,Acinetobacter,ERR1089748
38176.0,162289,genus,0.0567654,Peptoniphilus,ERR1089748
38176.0,1573535,genus,0.0516049,Holdemanella,ERR1089748
38176.0,898,genus,0.0516049,Desulfomicrobium,ERR1089748
38176.0,84111,genus,0.0464444,Eggerthella,ERR1089748
38176.0,848,genus,0.0464444,Fusobacterium,ERR1089748
38176.0,1730,genus,0.0412839,Eubacterium,ERR1089748
38176.0,286,genus,0.0309629,Pseudomonas,ERR1089748
38176.0,872,genus,0.0258025,Desulfovibrio,ERR1089748
38176.0,1301,genus,0.0258025,Streptococcus,ERR1089748
38176.0,44748,genus,0.0258025,Sporobacter,ERR1089748
38176.0,459786,genus,0.020642,Oscillibacter,ERR1089748
38176.0,572511,genus,0.020642,Blautia,ERR1089748
38176.0,1645,genus,0.0154815,Renibacterium,ERR1089748
38176.0,1505652,genus,0.0154815,Terrisporobacter,ERR1089748
38176.0,233189,genus,0.0154815,Anaerolinea,ERR1089748
38176.0,283168,genus,0.010321,Odoribacter,ERR1089748
38176.0,2740,genus,0.010321,Peptococcus,ERR1089748
38176.0,53335,genus,0.010321,Pantoea,ERR1089748
38176.0,702,genus,0.010321,Plesiomonas,ERR1089748
38176.0,626,genus,0.010321,Xenorhabdus,ERR1089748
38176.0,1618113,genus,0.010321,Saccharicrinis,ERR1089748
38176.0,561,genus,0.010321,Escherichia,ERR1089748
38176.0,1763,genus,0.010321,Mycobacterium,ERR1089748
38176.0,226,genus,0.010321,Alteromonas,ERR1089748
38176.0,2299,genus,0.010321,Desulfosarcina,ERR1089748
38176.0,100883,genus,0.010321,Coprobacillus,ERR1089748
38176.0,1279,genus,0.010321,Staphylococcus,ERR1089748
38176.0,332248,genus,0.010321,Truepera,ERR1089748
38176.0,233191,genus,0.010321,Caldilinea,ERR1089748
38176.0,180541,genus,0.010321,Salinisphaera,ERR1089748
38176.0,1263,genus,0.010321,Ruminococcus,ERR1089748
38176.0,577310,genus,0.00516049,Parasutterella,ERR1089748
38176.0,583,genus,0.00516049,Proteus,ERR1089748
38176.0,841,genus,0.00516049,Roseburia,ERR1089748
38176.0,581,genus,0.00516049,Morganella,ERR1089748
38176.0,61434,genus,0.00516049,Dehalococcoides,ERR1089748
38176.0,53460,genus,0.00516049,Nakamurella,ERR1089748
38176.0,893,genus,0.00516049,Desulfobulbus,ERR1089748
38176.0,392332,genus,0.00516049,Geoalkalibacter,ERR1089748
38176.0,32008,genus,0.00516049,Burkholderia,ERR1089748
38176.0,1654,genus,0.00516049,Actinomyces,ERR1089748
38176.0,2747,genus,0.00516049,Carnobacterium,ERR1089748
38176.0,1569,genus,0.00516049,Sporosarcina,ERR1089748
38176.0,48736,genus,0.00516049,Ralstonia,ERR1089748
38176.0,265980,genus,0.00516049,Alkalimonas,ERR1089748
38176.0,28453,genus,0.00516049,Sphingobacterium,ERR1089748
38176.0,482,genus,0.00516049,Neisseria,ERR1089748
38176.0,86331,genus,0.00516049,Mogibacterium,ERR1089748
38176.0,413496,genus,0.00516049,Cronobacter,ERR1089748
38176.0,2742,genus,0.00516049,Marinobacter,ERR1089748
38176.0,99906,genus,0.00516049,Alkalibacterium,ERR1089748
38176.0,150022,genus,0.00516049,Finegoldia,ERR1089748
38176.0,59753,genus,0.00516049,Alcanivorax,ERR1089748
38176.0,294702,genus,0.00516049,Proteiniphilum,ERR1089748
38176.0,400634,genus,0.00516049,Lysinibacillus,ERR1089748
38176.0,52784,genus,0.00516049,Anaerofilum,ERR1089748
38176.0,1234,genus,0.00516049,Nitrospira,ERR1089748
38176.0,642,genus,0.00516049,Aeromonas,ERR1089748
38176.0,2147,genus,0.00516049,Acholeplasma,ERR1089748
38176.0,114627,genus,0.00516049,Alkaliphilus,ERR1089748
38176.0,475087,genus,0.00516049,Methanosphaerula,ERR1089748
38176.0,13334,genus,0.00516049,Anaerobiospirillum,ERR1089748
38176.0,59732,genus,0.00516049,Chryseobacterium,ERR1089748
38176.0,648802,genus,0.00516049,Rummeliibacillus,ERR1089748
38176.0,207244,genus,0.00516049,Anaerostipes,ERR1089748
38176.0,165779,genus,0.00516049,Anaerococcus,ERR1089748
,-1,genus,85.5506,Unknown,ERR1089748
38176.0,816,genus,3.49365,Bacteroides,ERR1089748
38176.0,216851,genus,1.53783,Faecalibacterium,ERR1089748
38176.0,1485,genus,1.43462,Clostridium,ERR1089748
38176.0,1678,genus,1.36237,Bifidobacterium,ERR1089748
38176.0,1505657,genus,0.825679,Intestinibacter,ERR1089748
38176.0,838,genus,0.645061,Prevotella,ERR1089748
38176.0,239934,genus,0.593457,Akkermansia,ERR1089748
38176.0,239759,genus,0.52637,Alistipes,ERR1089748
38176.0,1350,genus,0.495407,Enterococcus,ERR1089748
38176.0,1508657,genus,0.397358,Ruminiclostridium,ERR1089748
38176.0,1578,genus,0.335432,Lactobacillus,ERR1089748
38176.0,544,genus,0.335432,Citrobacter,ERR1089748
38176.0,375288,genus,0.190938,Parabacteroides,ERR1089748
38176.0,590,genus,0.180617,Salmonella,ERR1089748
38176.0,39948,genus,0.149654,Dialister,ERR1089748
38176.0,1357,genus,0.129012,Lactococcus,ERR1089748
38176.0,1386,genus,0.123852,Bacillus,ERR1089748
38176.0,2172,genus,0.10837,Methanobrevibacter,ERR1089748
38176.0,1716,genus,0.10321,Corynebacterium,ERR1089748
38176.0,836,genus,0.10321,Porphyromonas,ERR1089748
38176.0,577309,genus,0.0928888,Paraprevotella,ERR1089748
38176.0,33042,genus,0.0774074,Coprococcus,ERR1089748
38176.0,244127,genus,0.0774074,Anaerotruncus,ERR1089748
38176.0,904,genus,0.0774074,Acidaminococcus,ERR1089748
38176.0,1506553,genus,0.0670864,Lachnoclostridium,ERR1089748
38176.0,1505663,genus,0.0670864,Erysipelatoclostridium,ERR1089748
38176.0,469,genus,0.0619259,Acinetobacter,ERR1089748
38176.0,162289,genus,0.0567654,Peptoniphilus,ERR1089748
38176.0,1573535,genus,0.0516049,Holdemanella,ERR1089748
38176.0,898,genus,0.0516049,Desulfomicrobium,ERR1089748
38176.0,84111,genus,0.0464444,Eggerthella,ERR1089748
38176.0,848,genus,0.0464444,Fusobacterium,ERR1089748
38176.0,1730,genus,0.0412839,Eubacterium,ERR1089748
38176.0,286,genus,0.0309629,Pseudomonas,ERR1089748
38176.0,1301,genus,0.0258025,Streptococcus,ERR1089748
38176.0,44748,genus,0.0258025,Sporobacter,ERR1089748
38176.0,872,genus,0.0258025,Desulfovibrio,ERR1089748
38176.0,459786,genus,0.020642,Oscillibacter,ERR1089748
38176.0,572511,genus,0.020642,Blautia,ERR1089748
38176.0,1505652,genus,0.0154815,Terrisporobacter,ERR1089748
38176.0,233189,genus,0.0154815,Anaerolinea,ERR1089748
38176.0,1645,genus,0.0154815,Renibacterium,ERR1089748
38176.0,702,genus,0.010321,Plesiomonas,ERR1089748
38176.0,626,genus,0.010321,Xenorhabdus,ERR1089748
38176.0,1618113,genus,0.010321,Saccharicrinis,ERR1089748
38176.0,561,genus,0.010321,Escherichia,ERR1089748
38176.0,226,genus,0.010321,Alteromonas,ERR1089748
38176.0,1763,genus,0.010321,Mycobacterium,ERR1089748
38176.0,2299,genus,0.010321,Desulfosarcina,ERR1089748
38176.0,100883,genus,0.010321,Coprobacillus,ERR1089748
38176.0,1279,genus,0.010321,Staphylococcus,ERR1089748
38176.0,233191,genus,0.010321,Caldilinea,ERR1089748
38176.0,332248,genus,0.010321,Truepera,ERR1089748
38176.0,180541,genus,0.010321,Salinisphaera,ERR1089748
38176.0,1263,genus,0.010321,Ruminococcus,ERR1089748
38176.0,283168,genus,0.010321,Odoribacter,ERR1089748
38176.0,53335,genus,0.010321,Pantoea,ERR1089748
38176.0,2740,genus,0.010321,Peptococcus,ERR1089748
38176.0,413496,genus,0.00516049,Cronobacter,ERR1089748
38176.0,86331,genus,0.00516049,Mogibacterium,ERR1089748
38176.0,150022,genus,0.00516049,Finegoldia,ERR1089748
38176.0,59753,genus,0.00516049,Alcanivorax,ERR1089748
38176.0,2742,genus,0.00516049,Marinobacter,ERR1089748
38176.0,99906,genus,0.00516049,Alkalibacterium,ERR1089748
38176.0,294702,genus,0.00516049,Proteiniphilum,ERR1089748
38176.0,52784,genus,0.00516049,Anaerofilum,ERR1089748
38176.0,400634,genus,0.00516049,Lysinibacillus,ERR1089748
38176.0,1234,genus,0.00516049,Nitrospira,ERR1089748
38176.0,642,genus,0.00516049,Aeromonas,ERR1089748
38176.0,114627,genus,0.00516049,Alkaliphilus,ERR1089748
38176.0,2147,genus,0.00516049,Acholeplasma,ERR1089748
38176.0,59732,genus,0.00516049,Chryseobacterium,ERR1089748
38176.0,475087,genus,0.00516049,Methanosphaerula,ERR1089748
38176.0,13334,genus,0.00516049,Anaerobiospirillum,ERR1089748
38176.0,165779,genus,0.00516049,Anaerococcus,ERR1089748
38176.0,648802,genus,0.00516049,Rummeliibacillus,ERR1089748
38176.0,207244,genus,0.00516049,Anaerostipes,ERR1089748
38176.0,583,genus,0.00516049,Proteus,ERR1089748
38176.0,841,genus,0.00516049,Roseburia,ERR1089748
38176.0,577310,genus,0.00516049,Parasutterella,ERR1089748
38176.0,61434,genus,0.00516049,Dehalococcoides,ERR1089748
38176.0,581,genus,0.00516049,Morganella,ERR1089748
38176.0,392332,genus,0.00516049,Geoalkalibacter,ERR1089748
38176.0,32008,genus,0.00516049,Burkholderia,ERR1089748
38176.0,1654,genus,0.00516049,Actinomyces,ERR1089748
38176.0,53460,genus,0.00516049,Nakamurella,ERR1089748
38176.0,893,genus,0.00516049,Desulfobulbus,ERR1089748
38176.0,1569,genus,0.00516049,Sporosarcina,ERR1089748
38176.0,48736,genus,0.00516049,Ralstonia,ERR1089748
38176.0,265980,genus,0.00516049,Alkalimonas,ERR1089748
38176.0,2747,genus,0.00516049,Carnobacterium,ERR1089748
38176.0,482,genus,0.00516049,Neisseria,ERR1089748
38176.0,28453,genus,0.00516049,Sphingobacterium,ERR1089748
,-1,genus,85.5506,Unknown,ERR1089748
38176.0,816,genus,3.49365,Bacteroides,ERR1089748
38176.0,216851,genus,1.53783,Faecalibacterium,ERR1089748
38176.0,1485,genus,1.43462,Clostridium,ERR1089748
38176.0,1678,genus,1.36237,Bifidobacterium,ERR1089748
38176.0,1505657,genus,0.825679,Intestinibacter,ERR1089748
38176.0,838,genus,0.645061,Prevotella,ERR1089748
38176.0,239934,genus,0.593457,Akkermansia,ERR1089748
38176.0,239759,genus,0.52637,Alistipes,ERR1089748
38176.0,1350,genus,0.495407,Enterococcus,ERR1089748
38176.0,1508657,genus,0.397358,Ruminiclostridium,ERR1089748
38176.0,1578,genus,0.335432,Lactobacillus,ERR1089748
38176.0,544,genus,0.335432,Citrobacter,ERR1089748
38176.0,375288,genus,0.190938,Parabacteroides,ERR1089748
38176.0,590,genus,0.180617,Salmonella,ERR1089748
38176.0,39948,genus,0.149654,Dialister,ERR1089748
38176.0,1357,genus,0.129012,Lactococcus,ERR1089748
38176.0,1386,genus,0.123852,Bacillus,ERR1089748
38176.0,2172,genus,0.10837,Methanobrevibacter,ERR1089748
38176.0,1716,genus,0.10321,Corynebacterium,ERR1089748
38176.0,836,genus,0.10321,Porphyromonas,ERR1089748
38176.0,577309,genus,0.0928888,Paraprevotella,ERR1089748
38176.0,244127,genus,0.0774074,Anaerotruncus,ERR1089748
38176.0,904,genus,0.0774074,Acidaminococcus,ERR1089748
38176.0,33042,genus,0.0774074,Coprococcus,ERR1089748
38176.0,1505663,genus,0.0670864,Erysipelatoclostridium,ERR1089748
38176.0,1506553,genus,0.0670864,Lachnoclostridium,ERR1089748
38176.0,469,genus,0.0619259,Acinetobacter,ERR1089748
38176.0,162289,genus,0.0567654,Peptoniphilus,ERR1089748
38176.0,1573535,genus,0.0516049,Holdemanella,ERR1089748
38176.0,898,genus,0.0516049,Desulfomicrobium,ERR1089748
38176.0,84111,genus,0.0464444,Eggerthella,ERR1089748
38176.0,848,genus,0.0464444,Fusobacterium,ERR1089748
38176.0,1730,genus,0.0412839,Eubacterium,ERR1089748
38176.0,286,genus,0.0309629,Pseudomonas,ERR1089748
38176.0,1301,genus,0.0258025,Streptococcus,ERR1089748
38176.0,44748,genus,0.0258025,Sporobacter,ERR1089748
38176.0,872,genus,0.0258025,Desulfovibrio,ERR1089748
38176.0,459786,genus,0.020642,Oscillibacter,ERR1089748
38176.0,572511,genus,0.020642,Blautia,ERR1089748
38176.0,1505652,genus,0.0154815,Terrisporobacter,ERR1089748
38176.0,233189,genus,0.0154815,Anaerolinea,ERR1089748
38176.0,1645,genus,0.0154815,Renibacterium,ERR1089748
38176.0,2740,genus,0.010321,Peptococcus,ERR1089748
38176.0,53335,genus,0.010321,Pantoea,ERR1089748
38176.0,702,genus,0.010321,Plesiomonas,ERR1089748
38176.0,626,genus,0.010321,Xenorhabdus,ERR1089748
38176.0,1618113,genus,0.010321,Saccharicrinis,ERR1089748
38176.0,561,genus,0.010321,Escherichia,ERR1089748
38176.0,1763,genus,0.010321,Mycobacterium,ERR1089748
38176.0,226,genus,0.010321,Alteromonas,ERR1089748
38176.0,2299,genus,0.010321,Desulfosarcina,ERR1089748
38176.0,100883,genus,0.010321,Coprobacillus,ERR1089748
38176.0,1279,genus,0.010321,Staphylococcus,ERR1089748
38176.0,332248,genus,0.010321,Truepera,ERR1089748
38176.0,233191,genus,0.010321,Caldilinea,ERR1089748
38176.0,180541,genus,0.010321,Salinisphaera,ERR1089748
38176.0,1263,genus,0.010321,Ruminococcus,ERR1089748
38176.0,283168,genus,0.010321,Odoribacter,ERR1089748
38176.0,28453,genus,0.00516049,Sphingobacterium,ERR1089748
38176.0,482,genus,0.00516049,Neisseria,ERR1089748
38176.0,86331,genus,0.00516049,Mogibacterium,ERR1089748
38176.0,413496,genus,0.00516049,Cronobacter,ERR1089748
38176.0,2742,genus,0.00516049,Marinobacter,ERR1089748
38176.0,99906,genus,0.00516049,Alkalibacterium,ERR1089748
38176.0,150022,genus,0.00516049,Finegoldia,ERR1089748
38176.0,59753,genus,0.00516049,Alcanivorax,ERR1089748
38176.0,294702,genus,0.00516049,Proteiniphilum,ERR1089748
38176.0,400634,genus,0.00516049,Lysinibacillus,ERR1089748
38176.0,52784,genus,0.00516049,Anaerofilum,ERR1089748
38176.0,1234,genus,0.00516049,Nitrospira,ERR1089748
38176.0,642,genus,0.00516049,Aeromonas,ERR1089748
38176.0,2147,genus,0.00516049,Acholeplasma,ERR1089748
38176.0,114627,genus,0.00516049,Alkaliphilus,ERR1089748
38176.0,475087,genus,0.00516049,Methanosphaerula,ERR1089748
38176.0,13334,genus,0.00516049,Anaerobiospirillum,ERR1089748
38176.0,59732,genus,0.00516049,Chryseobacterium,ERR1089748
38176.0,648802,genus,0.00516049,Rummeliibacillus,ERR1089748
38176.0,207244,genus,0.00516049,Anaerostipes,ERR1089748
38176.0,165779,genus,0.00516049,Anaerococcus,ERR1089748
38176.0,577310,genus,0.00516049,Parasutterella,ERR1089748
38176.0,583,genus,0.00516049,Proteus,ERR1089748
38176.0,841,genus,0.00516049,Roseburia,ERR1089748
38176.0,581,genus,0.00516049,Morganella,ERR1089748
38176.0,61434,genus,0.00516049,Dehalococcoides,ERR1089748
38176.0,53460,genus,0.00516049,Nakamurella,ERR1089748
38176.0,893,genus,0.00516049,Desulfobulbus,ERR1089748
38176.0,392332,genus,0.00516049,Geoalkalibacter,ERR1089748
38176.0,32008,genus,0.00516049,Burkholderia,ERR1089748
38176.0,1654,genus,0.00516049,Actinomyces,ERR1089748
38176.0,2747,genus,0.00516049,Carnobacterium,ERR1089748
38176.0,1569,genus,0.00516049,Sporosarcina,ERR1089748
38176.0,48736,genus,0.00516049,Ralstonia,ERR1089748
38176.0,265980,genus,0.00516049,Alkalimonas,ERR1089748
,-1,genus,85.5506,Unknown,ERR1089748
38176.0,816,genus,3.49365,Bacteroides,ERR1089748
38176.0,216851,genus,1.53783,Faecalibacterium,ERR1089748
38176.0,1485,genus,1.43462,Clostridium,ERR1089748
38176.0,1678,genus,1.36237,Bifidobacterium,ERR1089748
38176.0,1505657,genus,0.825679,Intestinibacter,ERR1089748
38176.0,838,genus,0.645061,Prevotella,ERR1089748
38176.0,239934,genus,0.593457,Akkermansia,ERR1089748
38176.0,239759,genus,0.52637,Alistipes,ERR1089748
38176.0,1350,genus,0.495407,Enterococcus,ERR1089748
38176.0,1508657,genus,0.397358,Ruminiclostridium,ERR1089748
38176.0,1578,genus,0.335432,Lactobacillus,ERR1089748
38176.0,544,genus,0.335432,Citrobacter,ERR1089748
38176.0,375288,genus,0.190938,Parabacteroides,ERR1089748
38176.0,590,genus,0.180617,Salmonella,ERR1089748
38176.0,39948,genus,0.149654,Dialister,ERR1089748
38176.0,1357,genus,0.129012,Lactococcus,ERR1089748
38176.0,1386,genus,0.123852,Bacillus,ERR1089748
38176.0,2172,genus,0.10837,Methanobrevibacter,ERR1089748
38176.0,1716,genus,0.10321,Corynebacterium,ERR1089748
38176.0,836,genus,0.10321,Porphyromonas,ERR1089748
38176.0,577309,genus,0.0928888,Paraprevotella,ERR1089748
38176.0,244127,genus,0.0774074,Anaerotruncus,ERR1089748
38176.0,904,genus,0.0774074,Acidaminococcus,ERR1089748
38176.0,33042,genus,0.0774074,Coprococcus,ERR1089748
38176.0,1506553,genus,0.0670864,Lachnoclostridium,ERR1089748
38176.0,1505663,genus,0.0670864,Erysipelatoclostridium,ERR1089748
38176.0,469,genus,0.0619259,Acinetobacter,ERR1089748
38176.0,162289,genus,0.0567654,Peptoniphilus,ERR1089748
38176.0,1573535,genus,0.0516049,Holdemanella,ERR1089748
38176.0,898,genus,0.0516049,Desulfomicrobium,ERR1089748
38176.0,848,genus,0.0464444,Fusobacterium,ERR1089748
38176.0,84111,genus,0.0464444,Eggerthella,ERR1089748
38176.0,1730,genus,0.0412839,Eubacterium,ERR1089748
38176.0,286,genus,0.0309629,Pseudomonas,ERR1089748
38176.0,872,genus,0.0258025,Desulfovibrio,ERR1089748
38176.0,1301,genus,0.0258025,Streptococcus,ERR1089748
38176.0,44748,genus,0.0258025,Sporobacter,ERR1089748
38176.0,459786,genus,0.020642,Oscillibacter,ERR1089748
38176.0,572511,genus,0.020642,Blautia,ERR1089748
38176.0,1505652,genus,0.0154815,Terrisporobacter,ERR1089748
38176.0,233189,genus,0.0154815,Anaerolinea,ERR1089748
38176.0,1645,genus,0.0154815,Renibacterium,ERR1089748
38176.0,283168,genus,0.010321,Odoribacter,ERR1089748
38176.0,2740,genus,0.010321,Peptococcus,ERR1089748
38176.0,53335,genus,0.010321,Pantoea,ERR1089748
38176.0,702,genus,0.010321,Plesiomonas,ERR1089748
38176.0,626,genus,0.010321,Xenorhabdus,ERR1089748
38176.0,1618113,genus,0.010321,Saccharicrinis,ERR1089748
38176.0,561,genus,0.010321,Escherichia,ERR1089748
38176.0,1763,genus,0.010321,Mycobacterium,ERR1089748
38176.0,226,genus,0.010321,Alteromonas,ERR1089748
38176.0,2299,genus,0.010321,Desulfosarcina,ERR1089748
38176.0,100883,genus,0.010321,Coprobacillus,ERR1089748
38176.0,1279,genus,0.010321,Staphylococcus,ERR1089748
38176.0,332248,genus,0.010321,Truepera,ERR1089748
38176.0,233191,genus,0.010321,Caldilinea,ERR1089748
38176.0,180541,genus,0.010321,Salinisphaera,ERR1089748
38176.0,1263,genus,0.010321,Ruminococcus,ERR1089748
38176.0,581,genus,0.00516049,Morganella,ERR1089748
38176.0,61434,genus,0.00516049,Dehalococcoides,ERR1089748
38176.0,53460,genus,0.00516049,Nakamurella,ERR1089748
38176.0,893,genus,0.00516049,Desulfobulbus,ERR1089748
38176.0,392332,genus,0.00516049,Geoalkalibacter,ERR1089748
38176.0,32008,genus,0.00516049,Burkholderia,ERR1089748
38176.0,1654,genus,0.00516049,Actinomyces,ERR1089748
38176.0,2747,genus,0.00516049,Carnobacterium,ERR1089748
38176.0,1569,genus,0.00516049,Sporosarcina,ERR1089748
38176.0,48736,genus,0.00516049,Ralstonia,ERR1089748
38176.0,265980,genus,0.00516049,Alkalimonas,ERR1089748
38176.0,28453,genus,0.00516049,Sphingobacterium,ERR1089748
38176.0,482,genus,0.00516049,Neisseria,ERR1089748
38176.0,86331,genus,0.00516049,Mogibacterium,ERR1089748
38176.0,413496,genus,0.00516049,Cronobacter,ERR1089748
38176.0,2742,genus,0.00516049,Marinobacter,ERR1089748
38176.0,99906,genus,0.00516049,Alkalibacterium,ERR1089748
38176.0,150022,genus,0.00516049,Finegoldia,ERR1089748
38176.0,59753,genus,0.00516049,Alcanivorax,ERR1089748
38176.0,294702,genus,0.00516049,Proteiniphilum,ERR1089748
38176.0,400634,genus,0.00516049,Lysinibacillus,ERR1089748
38176.0,52784,genus,0.00516049,Anaerofilum,ERR1089748
38176.0,1234,genus,0.00516049,Nitrospira,ERR1089748
38176.0,642,genus,0.00516049,Aeromonas,ERR1089748
38176.0,2147,genus,0.00516049,Acholeplasma,ERR1089748
38176.0,114627,genus,0.00516049,Alkaliphilus,ERR1089748
38176.0,475087,genus,0.00516049,Methanosphaerula,ERR1089748
38176.0,13334,genus,0.00516049,Anaerobiospirillum,ERR1089748
38176.0,59732,genus,0.00516049,Chryseobacterium,ERR1089748
38176.0,648802,genus,0.00516049,Rummeliibacillus,ERR1089748
38176.0,207244,genus,0.00516049,Anaerostipes,ERR1089748
38176.0,165779,genus,0.00516049,Anaerococcus,ERR1089748
38176.0,577310,genus,0.00516049,Parasutterella,ERR1089748
38176.0,583,genus,0.00516049,Proteus,ERR1089748
38176.0,841,genus,0.00516049,Roseburia,ERR1089748
,-1,genus,85.5506,Unknown,ERR1089748
38177.0,286,genus,2.96364,Pseudomonas,ERR1089815
38177.0,816,genus,0.803564,Bacteroides,ERR1089815
38177.0,239759,genus,0.449519,Alistipes,ERR1089815
38177.0,375288,genus,0.214814,Parabacteroides,ERR1089815
38177.0,469,genus,0.210836,Acinetobacter,ERR1089815
38177.0,1386,genus,0.190946,Bacillus,ERR1089815
38177.0,561,genus,0.186968,Escherichia,ERR1089815
38177.0,572511,genus,0.171056,Blautia,ERR1089815
38177.0,1505663,genus,0.123319,Erysipelatoclostridium,ERR1089815
38177.0,1678,genus,0.119341,Bifidobacterium,ERR1089815
38177.0,216851,genus,0.111385,Faecalibacterium,ERR1089815
38177.0,40323,genus,0.0914949,Stenotrophomonas,ERR1089815
38177.0,1663,genus,0.0875169,Arthrobacter,ERR1089815
38177.0,830,genus,0.0755828,Butyrivibrio,ERR1089815
38177.0,459786,genus,0.0716047,Oscillibacter,ERR1089815
38177.0,898,genus,0.0676267,Desulfomicrobium,ERR1089815
38177.0,872,genus,0.0636487,Desulfovibrio,ERR1089815
38177.0,397864,genus,0.0556926,Barnesiella,ERR1089815
38177.0,1508657,genus,0.0517145,Ruminiclostridium,ERR1089815
38177.0,1485,genus,0.0397804,Clostridium,ERR1089815
38177.0,1569,genus,0.0358024,Sporosarcina,ERR1089815
38177.0,2299,genus,0.0318243,Desulfosarcina,ERR1089815
38177.0,590,genus,0.0278463,Salmonella,ERR1089815
38177.0,1578,genus,0.0278463,Lactobacillus,ERR1089815
38177.0,53335,genus,0.0238682,Pantoea,ERR1089815
38177.0,400634,genus,0.0238682,Lysinibacillus,ERR1089815
38177.0,1730,genus,0.0238682,Eubacterium,ERR1089815
38177.0,239934,genus,0.0198902,Akkermansia,ERR1089815
38177.0,265980,genus,0.0159122,Alkalimonas,ERR1089815
38177.0,44748,genus,0.0159122,Sporobacter,ERR1089815
38177.0,1357,genus,0.0119341,Lactococcus,ERR1089815
38177.0,649460,genus,0.0119341,Filimonas,ERR1089815
38177.0,1506553,genus,0.0119341,Lachnoclostridium,ERR1089815
38177.0,1350,genus,0.0119341,Enterococcus,ERR1089815
38177.0,332248,genus,0.0119341,Truepera,ERR1089815
38177.0,79328,genus,0.0119341,Chitinophaga,ERR1089815
38177.0,1263,genus,0.0119341,Ruminococcus,ERR1089815
38177.0,620,genus,0.0119341,Shigella,ERR1089815
38177.0,283168,genus,0.0119341,Odoribacter,ERR1089815
38177.0,28231,genus,0.0119341,Geobacter,ERR1089815
38177.0,84406,genus,0.0119341,Virgibacillus,ERR1089815
38177.0,207244,genus,0.0119341,Anaerostipes,ERR1089815
38177.0,581,genus,0.0119341,Morganella,ERR1089815
38177.0,233191,genus,0.0119341,Caldilinea,ERR1089815
38177.0,84111,genus,0.0119341,Eggerthella,ERR1089815
38177.0,32205,genus,0.00795608,Leptonema,ERR1089815
38177.0,1716,genus,0.00795608,Corynebacterium,ERR1089815
38177.0,61434,genus,0.00795608,Dehalococcoides,ERR1089815
38177.0,642,genus,0.00795608,Aeromonas,ERR1089815
38177.0,180541,genus,0.00795608,Salinisphaera,ERR1089815
38177.0,33042,genus,0.00795608,Coprococcus,ERR1089815
38177.0,475,genus,0.00795608,Moraxella,ERR1089815
38177.0,13687,genus,0.00795608,Sphingomonas,ERR1089815
38177.0,841,genus,0.00795608,Roseburia,ERR1089815
38177.0,35832,genus,0.00795608,Bilophila,ERR1089815
38177.0,1243,genus,0.00795608,Leuconostoc,ERR1089815
38177.0,55080,genus,0.00795608,Brevibacillus,ERR1089815
38177.0,702,genus,0.00795608,Plesiomonas,ERR1089815
38177.0,44249,genus,0.00795608,Paenibacillus,ERR1089815
38177.0,117563,genus,0.00397804,Granulicatella,ERR1089815
38177.0,1221880,genus,0.00397804,Psychrobacillus,ERR1089815
38177.0,1769729,genus,0.00397804,Hathewaya,ERR1089815
38177.0,1372,genus,0.00397804,Planococcus,ERR1089815
38177.0,146918,genus,0.00397804,Salinibacter,ERR1089815
38177.0,1301,genus,0.00397804,Streptococcus,ERR1089815
38177.0,626,genus,0.00397804,Xenorhabdus,ERR1089815
38177.0,1279,genus,0.00397804,Staphylococcus,ERR1089815
38177.0,45662,genus,0.00397804,Desulfohalobium,ERR1089815
38177.0,570,genus,0.00397804,Klebsiella,ERR1089815
38177.0,423604,genus,0.00397804,Elusimicrobium,ERR1089815
38177.0,338,genus,0.00397804,Xanthomonas,ERR1089815
38177.0,270497,genus,0.00397804,Catabacter,ERR1089815
38177.0,84108,genus,0.00397804,Slackia,ERR1089815
38177.0,1524249,genus,0.00397804,Pseudohongiella,ERR1089815
38177.0,497,genus,0.00397804,Psychrobacter,ERR1089815
38177.0,28196,genus,0.00397804,Arcobacter,ERR1089815
38177.0,58050,genus,0.00397804,Moritella,ERR1089815
38177.0,84565,genus,0.00397804,Sodalis,ERR1089815
38177.0,407,genus,0.00397804,Methylobacterium,ERR1089815
38177.0,13275,genus,0.00397804,Suttonella,ERR1089815
38177.0,233189,genus,0.00397804,Anaerolinea,ERR1089815
38177.0,41275,genus,0.00397804,Brevundimonas,ERR1089815
38177.0,1380,genus,0.00397804,Atopobium,ERR1089815
38177.0,52784,genus,0.00397804,Anaerofilum,ERR1089815
38177.0,1200657,genus,0.00397804,Saccharofermentans,ERR1089815
38177.0,203804,genus,0.00397804,Candidatus Blochmannia,ERR1089815
38177.0,189330,genus,0.00397804,Dorea,ERR1089815
38177.0,109262,genus,0.00397804,Halothiobacillus,ERR1089815
38177.0,1573535,genus,0.00397804,Holdemanella,ERR1089815
38177.0,2742,genus,0.00397804,Marinobacter,ERR1089815
38177.0,29580,genus,0.00397804,Janthinobacterium,ERR1089815
38177.0,586,genus,0.00397804,Providencia,ERR1089815
38177.0,269260,genus,0.00397804,Nitratifractor,ERR1089815
38177.0,18,genus,0.00397804,Pelobacter,ERR1089815
38177.0,1652133,genus,0.00397804,Halobacteriovorax,ERR1089815
38177.0,70774,genus,0.00397804,Hydrogenophilus,ERR1089815
38177.0,445,genus,0.00397804,Legionella,ERR1089815
38177.0,1565532,genus,0.00397804,Rouxiella,ERR1089815
38177.0,39948,genus,0.00397804,Dialister,ERR1089815
38177.0,413496,genus,0.00397804,Cronobacter,ERR1089815
38177.0,838,genus,0.00397804,Prevotella,ERR1089815
38177.0,40222,genus,0.00397804,Methylophaga,ERR1089815
38177.0,28453,genus,0.00397804,Sphingobacterium,ERR1089815
,-1,genus,93.1299,Unknown,ERR1089815
38178.0,838,genus,19.5229,Prevotella,ERR1089825
38178.0,1578,genus,16.1879,Lactobacillus,ERR1089825
38178.0,216851,genus,7.66755,Faecalibacterium,ERR1089825
38178.0,816,genus,4.45329,Bacteroides,ERR1089825
38178.0,1730,genus,2.99702,Eubacterium,ERR1089825
38178.0,459786,genus,2.32923,Oscillibacter,ERR1089825
38178.0,375288,genus,2.08786,Parabacteroides,ERR1089825
38178.0,1485,genus,1.61719,Clostridium,ERR1089825
38178.0,189330,genus,1.49248,Dorea,ERR1089825
38178.0,572511,genus,1.35972,Blautia,ERR1089825
38178.0,1506553,genus,1.00571,Lachnoclostridium,ERR1089825
38178.0,1279388,genus,0.828707,Kandleria,ERR1089825
38178.0,1573535,genus,0.744227,Holdemanella,ERR1089825
38178.0,1505663,genus,0.631587,Erysipelatoclostridium,ERR1089825
38178.0,1505657,genus,0.623542,Intestinibacter,ERR1089825
38178.0,1508657,genus,0.591359,Ruminiclostridium,ERR1089825
38178.0,841,genus,0.539062,Roseburia,ERR1089825
38178.0,244127,genus,0.442513,Anaerotruncus,ERR1089825
38178.0,577309,genus,0.438491,Paraprevotella,ERR1089825
38178.0,904,genus,0.390216,Acidaminococcus,ERR1089825
38178.0,118747,genus,0.366079,Bulleidia,ERR1089825
38178.0,33042,genus,0.362056,Coprococcus,ERR1089825
38178.0,52225,genus,0.309759,Mitsuokella,ERR1089825
38178.0,2132,genus,0.245394,Spiroplasma,ERR1089825
38178.0,239759,genus,0.233325,Alistipes,ERR1089825
38178.0,872,genus,0.229302,Desulfovibrio,ERR1089825
38178.0,1301,genus,0.213211,Streptococcus,ERR1089825
38178.0,86331,genus,0.209188,Mogibacterium,ERR1089825
38178.0,1263,genus,0.156891,Ruminococcus,ERR1089825
38178.0,40544,genus,0.148845,Sutterella,ERR1089825
38178.0,577310,genus,0.148845,Parasutterella,ERR1089825
38178.0,590,genus,0.148845,Salmonella,ERR1089825
38178.0,29521,genus,0.1408,Brachyspira,ERR1089825
38178.0,2316,genus,0.124708,Methanosphaera,ERR1089825
38178.0,1253,genus,0.11264,Pediococcus,ERR1089825
38178.0,29465,genus,0.108617,Veillonella,ERR1089825
38178.0,1386,genus,0.100571,Bacillus,ERR1089825
38178.0,146813,genus,0.0965484,Dendrosporobacter,ERR1089825
38178.0,830,genus,0.0925255,Butyrivibrio,ERR1089825
38178.0,133925,genus,0.0844798,Olsenella,ERR1089825
38178.0,44748,genus,0.0764341,Sporobacter,ERR1089825
38178.0,1678,genus,0.0683884,Bifidobacterium,ERR1089825
38178.0,35832,genus,0.0603427,Bilophila,ERR1089825
38178.0,46205,genus,0.0563199,Pseudobutyrivibrio,ERR1089825
38178.0,283168,genus,0.052297,Odoribacter,ERR1089825
38178.0,84111,genus,0.0482742,Eggerthella,ERR1089825
38178.0,1350,genus,0.0442513,Enterococcus,ERR1089825
38178.0,46239,genus,0.0362056,Mesoplasma,ERR1089825
38178.0,61170,genus,0.0362056,Holdemania,ERR1089825
38178.0,1716,genus,0.0321828,Corynebacterium,ERR1089825
38178.0,846,genus,0.0321828,Oxalobacter,ERR1089825
38178.0,397864,genus,0.0241371,Barnesiella,ERR1089825
38178.0,84108,genus,0.0241371,Slackia,ERR1089825
38178.0,262406,genus,0.0241371,Thermobaculum,ERR1089825
38178.0,233189,genus,0.0241371,Anaerolinea,ERR1089825
38178.0,1279,genus,0.0201142,Staphylococcus,ERR1089825
38178.0,1654,genus,0.0201142,Actinomyces,ERR1089825
38178.0,39948,genus,0.0201142,Dialister,ERR1089825
38178.0,233191,genus,0.0201142,Caldilinea,ERR1089825
38178.0,990721,genus,0.0201142,Christensenella,ERR1089825
38178.0,61434,genus,0.0160914,Dehalococcoides,ERR1089825
38178.0,2147,genus,0.0160914,Acholeplasma,ERR1089825
38178.0,207244,genus,0.0160914,Anaerostipes,ERR1089825
38178.0,2747,genus,0.0120685,Carnobacterium,ERR1089825
38178.0,898,genus,0.0120685,Desulfomicrobium,ERR1089825
38178.0,286,genus,0.0120685,Pseudomonas,ERR1089825
38178.0,2737,genus,0.0120685,Vagococcus,ERR1089825
38178.0,312278,genus,0.0120685,Emticicia,ERR1089825
38178.0,194,genus,0.0080457,Campylobacter,ERR1089825
38178.0,1471399,genus,0.0080457,Draconibacterium,ERR1089825
38178.0,102106,genus,0.0080457,Collinsella,ERR1089825
38178.0,172900,genus,0.0080457,Victivallis,ERR1089825
38178.0,44260,genus,0.0080457,Moorella,ERR1089825
38178.0,55080,genus,0.0080457,Brevibacillus,ERR1089825
38178.0,52784,genus,0.0080457,Anaerofilum,ERR1089825
38178.0,547,genus,0.0080457,Enterobacter,ERR1089825
38178.0,724,genus,0.0080457,Haemophilus,ERR1089825
38178.0,1433993,genus,0.0080457,Chryseolinea,ERR1089825
38178.0,653683,genus,0.0080457,Anaerosporobacter,ERR1089825
38178.0,581,genus,0.00402285,Morganella,ERR1089825
38178.0,156973,genus,0.00402285,Dysgonomonas,ERR1089825
38178.0,162289,genus,0.00402285,Peptoniphilus,ERR1089825
38178.0,1243,genus,0.00402285,Leuconostoc,ERR1089825
38178.0,1506577,genus,0.00402285,Tyzzerella,ERR1089825
38178.0,166484,genus,0.00402285,Caminicella,ERR1089825
38178.0,264995,genus,0.00402285,Anaerofustis,ERR1089825
38178.0,46255,genus,0.00402285,Weissella,ERR1089825
38178.0,174708,genus,0.00402285,Allobaculum,ERR1089825
38178.0,99906,genus,0.00402285,Alkalibacterium,ERR1089825
38178.0,256846,genus,0.00402285,Lentisphaera,ERR1089825
38178.0,314318,genus,0.00402285,Prolixibacter,ERR1089825
38178.0,43996,genus,0.00402285,Catonella,ERR1089825
38178.0,150022,genus,0.00402285,Finegoldia,ERR1089825
38178.0,1618113,genus,0.00402285,Saccharicrinis,ERR1089825
38178.0,100175,genus,0.00402285,Papillibacter,ERR1089825
38178.0,2172,genus,0.00402285,Methanobrevibacter,ERR1089825
38178.0,909656,genus,0.00402285,Phocaeicola,ERR1089825
38178.0,239934,genus,0.00402285,Akkermansia,ERR1089825
38178.0,2299,genus,0.00402285,Desulfosarcina,ERR1089825
38178.0,1505652,genus,0.00402285,Terrisporobacter,ERR1089825
38178.0,33986,genus,0.00402285,Exiguobacterium,ERR1089825
38178.0,36862,genus,0.00402285,Ideonella,ERR1089825
38178.0,670486,genus,0.00402285,Dehalogenimonas,ERR1089825
38178.0,1835,genus,0.00402285,Saccharopolyspora,ERR1089825
38178.0,1645,genus,0.00402285,Renibacterium,ERR1089825
38178.0,1870884,genus,0.00402285,Clostridioides,ERR1089825
38178.0,173479,genus,0.00402285,Gemmatimonas,ERR1089825
38178.0,2056,genus,0.00402285,Sphaerobacter,ERR1089825
38178.0,182709,genus,0.00402285,Oceanobacillus,ERR1089825
38178.0,79328,genus,0.00402285,Chitinophaga,ERR1089825
38178.0,28231,genus,0.00402285,Geobacter,ERR1089825
38178.0,83660,genus,0.00402285,Desulfonispora,ERR1089825
38178.0,1134403,genus,0.00402285,Melioribacter,ERR1089825
38178.0,1883,genus,0.00402285,Streptomyces,ERR1089825
38178.0,970,genus,0.00402285,Selenomonas,ERR1089825
38178.0,1562,genus,0.00402285,Desulfotomaculum,ERR1089825
38178.0,1257,genus,0.00402285,Peptostreptococcus,ERR1089825
38178.0,73918,genus,0.00402285,Thermaerobacter,ERR1089825
38178.0,413496,genus,0.00402285,Cronobacter,ERR1089825
38178.0,150333,genus,0.00402285,Thermobrachium,ERR1089825
38178.0,467975,genus,0.00402285,Iamia,ERR1089825
38178.0,32636,genus,0.00402285,Halothermothrix,ERR1089825
38178.0,715222,genus,0.00402285,Caldicoprobacter,ERR1089825
38178.0,292635,genus,0.00402285,Laceyella,ERR1089825
38178.0,1769729,genus,0.00402285,Hathewaya,ERR1089825
38178.0,28453,genus,0.00402285,Sphingobacterium,ERR1089825
,-1,genus,27.5082,Unknown,ERR1089825
38178.0,838,genus,19.5229,Prevotella,ERR1089825
38178.0,1578,genus,16.1879,Lactobacillus,ERR1089825
38178.0,216851,genus,7.66755,Faecalibacterium,ERR1089825
38178.0,816,genus,4.45329,Bacteroides,ERR1089825
38178.0,1730,genus,2.99702,Eubacterium,ERR1089825
38178.0,459786,genus,2.32923,Oscillibacter,ERR1089825
38178.0,375288,genus,2.08786,Parabacteroides,ERR1089825
38178.0,1485,genus,1.61719,Clostridium,ERR1089825
38178.0,189330,genus,1.49248,Dorea,ERR1089825
38178.0,572511,genus,1.35972,Blautia,ERR1089825
38178.0,1506553,genus,1.00571,Lachnoclostridium,ERR1089825
38178.0,1279388,genus,0.828707,Kandleria,ERR1089825
38178.0,1573535,genus,0.744227,Holdemanella,ERR1089825
38178.0,1505663,genus,0.631587,Erysipelatoclostridium,ERR1089825
38178.0,1505657,genus,0.623542,Intestinibacter,ERR1089825
38178.0,1508657,genus,0.591359,Ruminiclostridium,ERR1089825
38178.0,841,genus,0.539062,Roseburia,ERR1089825
38178.0,244127,genus,0.442513,Anaerotruncus,ERR1089825
38178.0,577309,genus,0.438491,Paraprevotella,ERR1089825
38178.0,904,genus,0.390216,Acidaminococcus,ERR1089825
38178.0,118747,genus,0.366079,Bulleidia,ERR1089825
38178.0,33042,genus,0.362056,Coprococcus,ERR1089825
38178.0,52225,genus,0.309759,Mitsuokella,ERR1089825
38178.0,2132,genus,0.245394,Spiroplasma,ERR1089825
38178.0,239759,genus,0.233325,Alistipes,ERR1089825
38178.0,872,genus,0.229302,Desulfovibrio,ERR1089825
38178.0,1301,genus,0.213211,Streptococcus,ERR1089825
38178.0,86331,genus,0.209188,Mogibacterium,ERR1089825
38178.0,1263,genus,0.156891,Ruminococcus,ERR1089825
38178.0,590,genus,0.148845,Salmonella,ERR1089825
38178.0,40544,genus,0.148845,Sutterella,ERR1089825
38178.0,577310,genus,0.148845,Parasutterella,ERR1089825
38178.0,29521,genus,0.1408,Brachyspira,ERR1089825
38178.0,2316,genus,0.124708,Methanosphaera,ERR1089825
38178.0,1253,genus,0.11264,Pediococcus,ERR1089825
38178.0,29465,genus,0.108617,Veillonella,ERR1089825
38178.0,1386,genus,0.100571,Bacillus,ERR1089825
38178.0,146813,genus,0.0965484,Dendrosporobacter,ERR1089825
38178.0,830,genus,0.0925255,Butyrivibrio,ERR1089825
38178.0,133925,genus,0.0844798,Olsenella,ERR1089825
38178.0,44748,genus,0.0764341,Sporobacter,ERR1089825
38178.0,1678,genus,0.0683884,Bifidobacterium,ERR1089825
38178.0,35832,genus,0.0603427,Bilophila,ERR1089825
38178.0,46205,genus,0.0563199,Pseudobutyrivibrio,ERR1089825
38178.0,283168,genus,0.052297,Odoribacter,ERR1089825
38178.0,84111,genus,0.0482742,Eggerthella,ERR1089825
38178.0,1350,genus,0.0442513,Enterococcus,ERR1089825
38178.0,61170,genus,0.0362056,Holdemania,ERR1089825
38178.0,46239,genus,0.0362056,Mesoplasma,ERR1089825
38178.0,1716,genus,0.0321828,Corynebacterium,ERR1089825
38178.0,846,genus,0.0321828,Oxalobacter,ERR1089825
38178.0,233189,genus,0.0241371,Anaerolinea,ERR1089825
38178.0,397864,genus,0.0241371,Barnesiella,ERR1089825
38178.0,262406,genus,0.0241371,Thermobaculum,ERR1089825
38178.0,84108,genus,0.0241371,Slackia,ERR1089825
38178.0,233191,genus,0.0201142,Caldilinea,ERR1089825
38178.0,990721,genus,0.0201142,Christensenella,ERR1089825
38178.0,1279,genus,0.0201142,Staphylococcus,ERR1089825
38178.0,1654,genus,0.0201142,Actinomyces,ERR1089825
38178.0,39948,genus,0.0201142,Dialister,ERR1089825
38178.0,2147,genus,0.0160914,Acholeplasma,ERR1089825
38178.0,207244,genus,0.0160914,Anaerostipes,ERR1089825
38178.0,61434,genus,0.0160914,Dehalococcoides,ERR1089825
38178.0,2737,genus,0.0120685,Vagococcus,ERR1089825
38178.0,312278,genus,0.0120685,Emticicia,ERR1089825
38178.0,2747,genus,0.0120685,Carnobacterium,ERR1089825
38178.0,898,genus,0.0120685,Desulfomicrobium,ERR1089825
38178.0,286,genus,0.0120685,Pseudomonas,ERR1089825
38178.0,44260,genus,0.0080457,Moorella,ERR1089825
38178.0,55080,genus,0.0080457,Brevibacillus,ERR1089825
38178.0,52784,genus,0.0080457,Anaerofilum,ERR1089825
38178.0,724,genus,0.0080457,Haemophilus,ERR1089825
38178.0,1433993,genus,0.0080457,Chryseolinea,ERR1089825
38178.0,547,genus,0.0080457,Enterobacter,ERR1089825
38178.0,653683,genus,0.0080457,Anaerosporobacter,ERR1089825
38178.0,194,genus,0.0080457,Campylobacter,ERR1089825
38178.0,102106,genus,0.0080457,Collinsella,ERR1089825
38178.0,172900,genus,0.0080457,Victivallis,ERR1089825
38178.0,1471399,genus,0.0080457,Draconibacterium,ERR1089825
38178.0,2172,genus,0.00402285,Methanobrevibacter,ERR1089825
38178.0,100175,genus,0.00402285,Papillibacter,ERR1089825
38178.0,2299,genus,0.00402285,Desulfosarcina,ERR1089825
38178.0,1505652,genus,0.00402285,Terrisporobacter,ERR1089825
38178.0,909656,genus,0.00402285,Phocaeicola,ERR1089825
38178.0,239934,genus,0.00402285,Akkermansia,ERR1089825
38178.0,36862,genus,0.00402285,Ideonella,ERR1089825
38178.0,33986,genus,0.00402285,Exiguobacterium,ERR1089825
38178.0,1870884,genus,0.00402285,Clostridioides,ERR1089825
38178.0,173479,genus,0.00402285,Gemmatimonas,ERR1089825
38178.0,2056,genus,0.00402285,Sphaerobacter,ERR1089825
38178.0,670486,genus,0.00402285,Dehalogenimonas,ERR1089825
38178.0,1835,genus,0.00402285,Saccharopolyspora,ERR1089825
38178.0,1645,genus,0.00402285,Renibacterium,ERR1089825
38178.0,79328,genus,0.00402285,Chitinophaga,ERR1089825
38178.0,28231,genus,0.00402285,Geobacter,ERR1089825
38178.0,182709,genus,0.00402285,Oceanobacillus,ERR1089825
38178.0,970,genus,0.00402285,Selenomonas,ERR1089825
38178.0,83660,genus,0.00402285,Desulfonispora,ERR1089825
38178.0,1134403,genus,0.00402285,Melioribacter,ERR1089825
38178.0,1883,genus,0.00402285,Streptomyces,ERR1089825
38178.0,1562,genus,0.00402285,Desulfotomaculum,ERR1089825
38178.0,150333,genus,0.00402285,Thermobrachium,ERR1089825
38178.0,467975,genus,0.00402285,Iamia,ERR1089825
38178.0,1257,genus,0.00402285,Peptostreptococcus,ERR1089825
38178.0,73918,genus,0.00402285,Thermaerobacter,ERR1089825
38178.0,413496,genus,0.00402285,Cronobacter,ERR1089825
38178.0,292635,genus,0.00402285,Laceyella,ERR1089825
38178.0,1769729,genus,0.00402285,Hathewaya,ERR1089825
38178.0,32636,genus,0.00402285,Halothermothrix,ERR1089825
38178.0,715222,genus,0.00402285,Caldicoprobacter,ERR1089825
38178.0,28453,genus,0.00402285,Sphingobacterium,ERR1089825
38178.0,581,genus,0.00402285,Morganella,ERR1089825
38178.0,156973,genus,0.00402285,Dysgonomonas,ERR1089825
38178.0,162289,genus,0.00402285,Peptoniphilus,ERR1089825
38178.0,166484,genus,0.00402285,Caminicella,ERR1089825
38178.0,1243,genus,0.00402285,Leuconostoc,ERR1089825
38178.0,1506577,genus,0.00402285,Tyzzerella,ERR1089825
38178.0,264995,genus,0.00402285,Anaerofustis,ERR1089825
38178.0,46255,genus,0.00402285,Weissella,ERR1089825
38178.0,256846,genus,0.00402285,Lentisphaera,ERR1089825
38178.0,314318,genus,0.00402285,Prolixibacter,ERR1089825
38178.0,174708,genus,0.00402285,Allobaculum,ERR1089825
38178.0,99906,genus,0.00402285,Alkalibacterium,ERR1089825
38178.0,1618113,genus,0.00402285,Saccharicrinis,ERR1089825
38178.0,43996,genus,0.00402285,Catonella,ERR1089825
38178.0,150022,genus,0.00402285,Finegoldia,ERR1089825
,-1,genus,27.5082,Unknown,ERR1089825
38178.0,838,genus,19.5229,Prevotella,ERR1089825
38178.0,1578,genus,16.1879,Lactobacillus,ERR1089825
38178.0,216851,genus,7.66755,Faecalibacterium,ERR1089825
38178.0,816,genus,4.45329,Bacteroides,ERR1089825
38178.0,1730,genus,2.99702,Eubacterium,ERR1089825
38178.0,459786,genus,2.32923,Oscillibacter,ERR1089825
38178.0,375288,genus,2.08786,Parabacteroides,ERR1089825
38178.0,1485,genus,1.61719,Clostridium,ERR1089825
38178.0,189330,genus,1.49248,Dorea,ERR1089825
38178.0,572511,genus,1.35972,Blautia,ERR1089825
38178.0,1506553,genus,1.00571,Lachnoclostridium,ERR1089825
38178.0,1279388,genus,0.828707,Kandleria,ERR1089825
38178.0,1573535,genus,0.744227,Holdemanella,ERR1089825
38178.0,1505663,genus,0.631587,Erysipelatoclostridium,ERR1089825
38178.0,1505657,genus,0.623542,Intestinibacter,ERR1089825
38178.0,1508657,genus,0.591359,Ruminiclostridium,ERR1089825
38178.0,841,genus,0.539062,Roseburia,ERR1089825
38178.0,244127,genus,0.442513,Anaerotruncus,ERR1089825
38178.0,577309,genus,0.438491,Paraprevotella,ERR1089825
38178.0,904,genus,0.390216,Acidaminococcus,ERR1089825
38178.0,118747,genus,0.366079,Bulleidia,ERR1089825
38178.0,33042,genus,0.362056,Coprococcus,ERR1089825
38178.0,52225,genus,0.309759,Mitsuokella,ERR1089825
38178.0,2132,genus,0.245394,Spiroplasma,ERR1089825
38178.0,239759,genus,0.233325,Alistipes,ERR1089825
38178.0,872,genus,0.229302,Desulfovibrio,ERR1089825
38178.0,1301,genus,0.213211,Streptococcus,ERR1089825
38178.0,86331,genus,0.209188,Mogibacterium,ERR1089825
38178.0,1263,genus,0.156891,Ruminococcus,ERR1089825
38178.0,40544,genus,0.148845,Sutterella,ERR1089825
38178.0,577310,genus,0.148845,Parasutterella,ERR1089825
38178.0,590,genus,0.148845,Salmonella,ERR1089825
38178.0,29521,genus,0.1408,Brachyspira,ERR1089825
38178.0,2316,genus,0.124708,Methanosphaera,ERR1089825
38178.0,1253,genus,0.11264,Pediococcus,ERR1089825
38178.0,29465,genus,0.108617,Veillonella,ERR1089825
38178.0,1386,genus,0.100571,Bacillus,ERR1089825
38178.0,146813,genus,0.0965484,Dendrosporobacter,ERR1089825
38178.0,830,genus,0.0925255,Butyrivibrio,ERR1089825
38178.0,133925,genus,0.0844798,Olsenella,ERR1089825
38178.0,44748,genus,0.0764341,Sporobacter,ERR1089825
38178.0,1678,genus,0.0683884,Bifidobacterium,ERR1089825
38178.0,35832,genus,0.0603427,Bilophila,ERR1089825
38178.0,46205,genus,0.0563199,Pseudobutyrivibrio,ERR1089825
38178.0,283168,genus,0.052297,Odoribacter,ERR1089825
38178.0,84111,genus,0.0482742,Eggerthella,ERR1089825
38178.0,1350,genus,0.0442513,Enterococcus,ERR1089825
38178.0,61170,genus,0.0362056,Holdemania,ERR1089825
38178.0,46239,genus,0.0362056,Mesoplasma,ERR1089825
38178.0,1716,genus,0.0321828,Corynebacterium,ERR1089825
38178.0,846,genus,0.0321828,Oxalobacter,ERR1089825
38178.0,397864,genus,0.0241371,Barnesiella,ERR1089825
38178.0,84108,genus,0.0241371,Slackia,ERR1089825
38178.0,262406,genus,0.0241371,Thermobaculum,ERR1089825
38178.0,233189,genus,0.0241371,Anaerolinea,ERR1089825
38178.0,1279,genus,0.0201142,Staphylococcus,ERR1089825
38178.0,1654,genus,0.0201142,Actinomyces,ERR1089825
38178.0,39948,genus,0.0201142,Dialister,ERR1089825
38178.0,233191,genus,0.0201142,Caldilinea,ERR1089825
38178.0,990721,genus,0.0201142,Christensenella,ERR1089825
38178.0,61434,genus,0.0160914,Dehalococcoides,ERR1089825
38178.0,2147,genus,0.0160914,Acholeplasma,ERR1089825
38178.0,207244,genus,0.0160914,Anaerostipes,ERR1089825
38178.0,312278,genus,0.0120685,Emticicia,ERR1089825
38178.0,2747,genus,0.0120685,Carnobacterium,ERR1089825
38178.0,898,genus,0.0120685,Desulfomicrobium,ERR1089825
38178.0,286,genus,0.0120685,Pseudomonas,ERR1089825
38178.0,2737,genus,0.0120685,Vagococcus,ERR1089825
38178.0,653683,genus,0.0080457,Anaerosporobacter,ERR1089825
38178.0,194,genus,0.0080457,Campylobacter,ERR1089825
38178.0,1471399,genus,0.0080457,Draconibacterium,ERR1089825
38178.0,102106,genus,0.0080457,Collinsella,ERR1089825
38178.0,172900,genus,0.0080457,Victivallis,ERR1089825
38178.0,44260,genus,0.0080457,Moorella,ERR1089825
38178.0,55080,genus,0.0080457,Brevibacillus,ERR1089825
38178.0,52784,genus,0.0080457,Anaerofilum,ERR1089825
38178.0,547,genus,0.0080457,Enterobacter,ERR1089825
38178.0,724,genus,0.0080457,Haemophilus,ERR1089825
38178.0,1433993,genus,0.0080457,Chryseolinea,ERR1089825
38178.0,1257,genus,0.00402285,Peptostreptococcus,ERR1089825
38178.0,73918,genus,0.00402285,Thermaerobacter,ERR1089825
38178.0,413496,genus,0.00402285,Cronobacter,ERR1089825
38178.0,150333,genus,0.00402285,Thermobrachium,ERR1089825
38178.0,467975,genus,0.00402285,Iamia,ERR1089825
38178.0,32636,genus,0.00402285,Halothermothrix,ERR1089825
38178.0,715222,genus,0.00402285,Caldicoprobacter,ERR1089825
38178.0,292635,genus,0.00402285,Laceyella,ERR1089825
38178.0,1769729,genus,0.00402285,Hathewaya,ERR1089825
38178.0,28453,genus,0.00402285,Sphingobacterium,ERR1089825
38178.0,581,genus,0.00402285,Morganella,ERR1089825
38178.0,156973,genus,0.00402285,Dysgonomonas,ERR1089825
38178.0,162289,genus,0.00402285,Peptoniphilus,ERR1089825
38178.0,1243,genus,0.00402285,Leuconostoc,ERR1089825
38178.0,1506577,genus,0.00402285,Tyzzerella,ERR1089825
38178.0,166484,genus,0.00402285,Caminicella,ERR1089825
38178.0,264995,genus,0.00402285,Anaerofustis,ERR1089825
38178.0,46255,genus,0.00402285,Weissella,ERR1089825
38178.0,174708,genus,0.00402285,Allobaculum,ERR1089825
38178.0,99906,genus,0.00402285,Alkalibacterium,ERR1089825
38178.0,256846,genus,0.00402285,Lentisphaera,ERR1089825
38178.0,314318,genus,0.00402285,Prolixibacter,ERR1089825
38178.0,43996,genus,0.00402285,Catonella,ERR1089825
38178.0,150022,genus,0.00402285,Finegoldia,ERR1089825
38178.0,1618113,genus,0.00402285,Saccharicrinis,ERR1089825
38178.0,100175,genus,0.00402285,Papillibacter,ERR1089825
38178.0,2172,genus,0.00402285,Methanobrevibacter,ERR1089825
38178.0,909656,genus,0.00402285,Phocaeicola,ERR1089825
38178.0,239934,genus,0.00402285,Akkermansia,ERR1089825
38178.0,2299,genus,0.00402285,Desulfosarcina,ERR1089825
38178.0,1505652,genus,0.00402285,Terrisporobacter,ERR1089825
38178.0,33986,genus,0.00402285,Exiguobacterium,ERR1089825
38178.0,36862,genus,0.00402285,Ideonella,ERR1089825
38178.0,670486,genus,0.00402285,Dehalogenimonas,ERR1089825
38178.0,1835,genus,0.00402285,Saccharopolyspora,ERR1089825
38178.0,1645,genus,0.00402285,Renibacterium,ERR1089825
38178.0,1870884,genus,0.00402285,Clostridioides,ERR1089825
38178.0,173479,genus,0.00402285,Gemmatimonas,ERR1089825
38178.0,2056,genus,0.00402285,Sphaerobacter,ERR1089825
38178.0,182709,genus,0.00402285,Oceanobacillus,ERR1089825
38178.0,79328,genus,0.00402285,Chitinophaga,ERR1089825
38178.0,28231,genus,0.00402285,Geobacter,ERR1089825
38178.0,83660,genus,0.00402285,Desulfonispora,ERR1089825
38178.0,1134403,genus,0.00402285,Melioribacter,ERR1089825
38178.0,1883,genus,0.00402285,Streptomyces,ERR1089825
38178.0,970,genus,0.00402285,Selenomonas,ERR1089825
38178.0,1562,genus,0.00402285,Desulfotomaculum,ERR1089825
,-1,genus,27.5082,Unknown,ERR1089825
38178.0,838,genus,19.5229,Prevotella,ERR1089825
38178.0,1578,genus,16.1879,Lactobacillus,ERR1089825
38178.0,216851,genus,7.66755,Faecalibacterium,ERR1089825
38178.0,816,genus,4.45329,Bacteroides,ERR1089825
38178.0,1730,genus,2.99702,Eubacterium,ERR1089825
38178.0,459786,genus,2.32923,Oscillibacter,ERR1089825
38178.0,375288,genus,2.08786,Parabacteroides,ERR1089825
38178.0,1485,genus,1.61719,Clostridium,ERR1089825
38178.0,189330,genus,1.49248,Dorea,ERR1089825
38178.0,572511,genus,1.35972,Blautia,ERR1089825
38178.0,1506553,genus,1.00571,Lachnoclostridium,ERR1089825
38178.0,1279388,genus,0.828707,Kandleria,ERR1089825
38178.0,1573535,genus,0.744227,Holdemanella,ERR1089825
38178.0,1505663,genus,0.631587,Erysipelatoclostridium,ERR1089825
38178.0,1505657,genus,0.623542,Intestinibacter,ERR1089825
38178.0,1508657,genus,0.591359,Ruminiclostridium,ERR1089825
38178.0,841,genus,0.539062,Roseburia,ERR1089825
38178.0,244127,genus,0.442513,Anaerotruncus,ERR1089825
38178.0,577309,genus,0.438491,Paraprevotella,ERR1089825
38178.0,904,genus,0.390216,Acidaminococcus,ERR1089825
38178.0,118747,genus,0.366079,Bulleidia,ERR1089825
38178.0,33042,genus,0.362056,Coprococcus,ERR1089825
38178.0,52225,genus,0.309759,Mitsuokella,ERR1089825
38178.0,2132,genus,0.245394,Spiroplasma,ERR1089825
38178.0,239759,genus,0.233325,Alistipes,ERR1089825
38178.0,872,genus,0.229302,Desulfovibrio,ERR1089825
38178.0,1301,genus,0.213211,Streptococcus,ERR1089825
38178.0,86331,genus,0.209188,Mogibacterium,ERR1089825
38178.0,1263,genus,0.156891,Ruminococcus,ERR1089825
38178.0,40544,genus,0.148845,Sutterella,ERR1089825
38178.0,577310,genus,0.148845,Parasutterella,ERR1089825
38178.0,590,genus,0.148845,Salmonella,ERR1089825
38178.0,29521,genus,0.1408,Brachyspira,ERR1089825
38178.0,2316,genus,0.124708,Methanosphaera,ERR1089825
38178.0,1253,genus,0.11264,Pediococcus,ERR1089825
38178.0,29465,genus,0.108617,Veillonella,ERR1089825
38178.0,1386,genus,0.100571,Bacillus,ERR1089825
38178.0,146813,genus,0.0965484,Dendrosporobacter,ERR1089825
38178.0,830,genus,0.0925255,Butyrivibrio,ERR1089825
38178.0,133925,genus,0.0844798,Olsenella,ERR1089825
38178.0,44748,genus,0.0764341,Sporobacter,ERR1089825
38178.0,1678,genus,0.0683884,Bifidobacterium,ERR1089825
38178.0,35832,genus,0.0603427,Bilophila,ERR1089825
38178.0,46205,genus,0.0563199,Pseudobutyrivibrio,ERR1089825
38178.0,283168,genus,0.052297,Odoribacter,ERR1089825
38178.0,84111,genus,0.0482742,Eggerthella,ERR1089825
38178.0,1350,genus,0.0442513,Enterococcus,ERR1089825
38178.0,61170,genus,0.0362056,Holdemania,ERR1089825
38178.0,46239,genus,0.0362056,Mesoplasma,ERR1089825
38178.0,1716,genus,0.0321828,Corynebacterium,ERR1089825
38178.0,846,genus,0.0321828,Oxalobacter,ERR1089825
38178.0,397864,genus,0.0241371,Barnesiella,ERR1089825
38178.0,84108,genus,0.0241371,Slackia,ERR1089825
38178.0,262406,genus,0.0241371,Thermobaculum,ERR1089825
38178.0,233189,genus,0.0241371,Anaerolinea,ERR1089825
38178.0,1279,genus,0.0201142,Staphylococcus,ERR1089825
38178.0,1654,genus,0.0201142,Actinomyces,ERR1089825
38178.0,39948,genus,0.0201142,Dialister,ERR1089825
38178.0,233191,genus,0.0201142,Caldilinea,ERR1089825
38178.0,990721,genus,0.0201142,Christensenella,ERR1089825
38178.0,61434,genus,0.0160914,Dehalococcoides,ERR1089825
38178.0,2147,genus,0.0160914,Acholeplasma,ERR1089825
38178.0,207244,genus,0.0160914,Anaerostipes,ERR1089825
38178.0,312278,genus,0.0120685,Emticicia,ERR1089825
38178.0,2747,genus,0.0120685,Carnobacterium,ERR1089825
38178.0,898,genus,0.0120685,Desulfomicrobium,ERR1089825
38178.0,286,genus,0.0120685,Pseudomonas,ERR1089825
38178.0,2737,genus,0.0120685,Vagococcus,ERR1089825
38178.0,194,genus,0.0080457,Campylobacter,ERR1089825
38178.0,1471399,genus,0.0080457,Draconibacterium,ERR1089825
38178.0,102106,genus,0.0080457,Collinsella,ERR1089825
38178.0,172900,genus,0.0080457,Victivallis,ERR1089825
38178.0,44260,genus,0.0080457,Moorella,ERR1089825
38178.0,55080,genus,0.0080457,Brevibacillus,ERR1089825
38178.0,52784,genus,0.0080457,Anaerofilum,ERR1089825
38178.0,547,genus,0.0080457,Enterobacter,ERR1089825
38178.0,724,genus,0.0080457,Haemophilus,ERR1089825
38178.0,1433993,genus,0.0080457,Chryseolinea,ERR1089825
38178.0,653683,genus,0.0080457,Anaerosporobacter,ERR1089825
38178.0,28453,genus,0.00402285,Sphingobacterium,ERR1089825
38178.0,581,genus,0.00402285,Morganella,ERR1089825
38178.0,156973,genus,0.00402285,Dysgonomonas,ERR1089825
38178.0,162289,genus,0.00402285,Peptoniphilus,ERR1089825
38178.0,1243,genus,0.00402285,Leuconostoc,ERR1089825
38178.0,1506577,genus,0.00402285,Tyzzerella,ERR1089825
38178.0,166484,genus,0.00402285,Caminicella,ERR1089825
38178.0,264995,genus,0.00402285,Anaerofustis,ERR1089825
38178.0,46255,genus,0.00402285,Weissella,ERR1089825
38178.0,174708,genus,0.00402285,Allobaculum,ERR1089825
38178.0,99906,genus,0.00402285,Alkalibacterium,ERR1089825
38178.0,256846,genus,0.00402285,Lentisphaera,ERR1089825
38178.0,314318,genus,0.00402285,Prolixibacter,ERR1089825
38178.0,43996,genus,0.00402285,Catonella,ERR1089825
38178.0,150022,genus,0.00402285,Finegoldia,ERR1089825
38178.0,1618113,genus,0.00402285,Saccharicrinis,ERR1089825
38178.0,100175,genus,0.00402285,Papillibacter,ERR1089825
38178.0,2172,genus,0.00402285,Methanobrevibacter,ERR1089825
38178.0,909656,genus,0.00402285,Phocaeicola,ERR1089825
38178.0,239934,genus,0.00402285,Akkermansia,ERR1089825
38178.0,2299,genus,0.00402285,Desulfosarcina,ERR1089825
38178.0,1505652,genus,0.00402285,Terrisporobacter,ERR1089825
38178.0,33986,genus,0.00402285,Exiguobacterium,ERR1089825
38178.0,36862,genus,0.00402285,Ideonella,ERR1089825
38178.0,670486,genus,0.00402285,Dehalogenimonas,ERR1089825
38178.0,1835,genus,0.00402285,Saccharopolyspora,ERR1089825
38178.0,1645,genus,0.00402285,Renibacterium,ERR1089825
38178.0,1870884,genus,0.00402285,Clostridioides,ERR1089825
38178.0,173479,genus,0.00402285,Gemmatimonas,ERR1089825
38178.0,2056,genus,0.00402285,Sphaerobacter,ERR1089825
38178.0,182709,genus,0.00402285,Oceanobacillus,ERR1089825
38178.0,79328,genus,0.00402285,Chitinophaga,ERR1089825
38178.0,28231,genus,0.00402285,Geobacter,ERR1089825
38178.0,83660,genus,0.00402285,Desulfonispora,ERR1089825
38178.0,1134403,genus,0.00402285,Melioribacter,ERR1089825
38178.0,1883,genus,0.00402285,Streptomyces,ERR1089825
38178.0,970,genus,0.00402285,Selenomonas,ERR1089825
38178.0,1562,genus,0.00402285,Desulfotomaculum,ERR1089825
38178.0,1257,genus,0.00402285,Peptostreptococcus,ERR1089825
38178.0,73918,genus,0.00402285,Thermaerobacter,ERR1089825
38178.0,413496,genus,0.00402285,Cronobacter,ERR1089825
38178.0,150333,genus,0.00402285,Thermobrachium,ERR1089825
38178.0,467975,genus,0.00402285,Iamia,ERR1089825
38178.0,32636,genus,0.00402285,Halothermothrix,ERR1089825
38178.0,715222,genus,0.00402285,Caldicoprobacter,ERR1089825
38178.0,292635,genus,0.00402285,Laceyella,ERR1089825
38178.0,1769729,genus,0.00402285,Hathewaya,ERR1089825
,-1,genus,27.5082,Unknown,ERR1089825
38179.0,216851,genus,35.0627,Faecalibacterium,ERR1089827
38179.0,1678,genus,8.10727,Bifidobacterium,ERR1089827
38179.0,1505663,genus,7.14679,Erysipelatoclostridium,ERR1089827
38179.0,572511,genus,4.68879,Blautia,ERR1089827
38179.0,33042,genus,1.88998,Coprococcus,ERR1089827
38179.0,1506553,genus,1.7144,Lachnoclostridium,ERR1089827
38179.0,816,genus,1.52162,Bacteroides,ERR1089827
38179.0,841,genus,1.0672,Roseburia,ERR1089827
38179.0,1508657,genus,0.564583,Ruminiclostridium,ERR1089827
38179.0,1730,genus,0.506059,Eubacterium,ERR1089827
38179.0,29465,genus,0.340815,Veillonella,ERR1089827
38179.0,904,genus,0.33393,Acidaminococcus,ERR1089827
38179.0,207244,genus,0.282291,Anaerostipes,ERR1089827
38179.0,1301,genus,0.161801,Streptococcus,ERR1089827
38179.0,189330,genus,0.141146,Dorea,ERR1089827
38179.0,1263,genus,0.127375,Ruminococcus,ERR1089827
38179.0,375288,genus,0.0619664,Parabacteroides,ERR1089827
38179.0,35832,genus,0.0550812,Bilophila,ERR1089827
38179.0,1645,genus,0.0516387,Renibacterium,ERR1089827
38179.0,1578,genus,0.0516387,Lactobacillus,ERR1089827
38179.0,239759,genus,0.0378684,Alistipes,ERR1089827
38179.0,32207,genus,0.0344258,Rothia,ERR1089827
38179.0,1485,genus,0.0344258,Clostridium,ERR1089827
38179.0,577309,genus,0.0344258,Paraprevotella,ERR1089827
38179.0,239934,genus,0.0309832,Akkermansia,ERR1089827
38179.0,1654,genus,0.0309832,Actinomyces,ERR1089827
38179.0,39948,genus,0.0275406,Dialister,ERR1089827
38179.0,459786,genus,0.024098,Oscillibacter,ERR1089827
38179.0,262406,genus,0.024098,Thermobaculum,ERR1089827
38179.0,114627,genus,0.024098,Alkaliphilus,ERR1089827
38179.0,61434,genus,0.0206555,Dehalococcoides,ERR1089827
38179.0,724,genus,0.0206555,Haemophilus,ERR1089827
38179.0,1652133,genus,0.0137703,Halobacteriovorax,ERR1089827
38179.0,233191,genus,0.0137703,Caldilinea,ERR1089827
38179.0,898,genus,0.0137703,Desulfomicrobium,ERR1089827
38179.0,1386,genus,0.0137703,Bacillus,ERR1089827
38179.0,1380,genus,0.0137703,Atopobium,ERR1089827
38179.0,233189,genus,0.0137703,Anaerolinea,ERR1089827
38179.0,1827,genus,0.0103277,Rhodococcus,ERR1089827
38179.0,1506577,genus,0.0103277,Tyzzerella,ERR1089827
38179.0,397864,genus,0.0103277,Barnesiella,ERR1089827
38179.0,644652,genus,0.0103277,Gordonibacter,ERR1089827
38179.0,44748,genus,0.00688516,Sporobacter,ERR1089827
38179.0,838,genus,0.00688516,Prevotella,ERR1089827
38179.0,795750,genus,0.00688516,Ignavibacterium,ERR1089827
38179.0,286,genus,0.00688516,Pseudomonas,ERR1089827
38179.0,32205,genus,0.00688516,Leptonema,ERR1089827
38179.0,102106,genus,0.00688516,Collinsella,ERR1089827
38179.0,84111,genus,0.00688516,Eggerthella,ERR1089827
38179.0,1279,genus,0.00688516,Staphylococcus,ERR1089827
38179.0,469,genus,0.00688516,Acinetobacter,ERR1089827
38179.0,55080,genus,0.00688516,Brevibacillus,ERR1089827
38179.0,1716,genus,0.00688516,Corynebacterium,ERR1089827
38179.0,872,genus,0.00688516,Desulfovibrio,ERR1089827
38179.0,177971,genus,0.00688516,Shuttleworthia,ERR1089827
38179.0,41273,genus,0.00688516,Tissierella,ERR1089827
38179.0,620,genus,0.00344258,Shigella,ERR1089827
38179.0,52225,genus,0.00344258,Mitsuokella,ERR1089827
38179.0,34102,genus,0.00344258,Sphaerotilus,ERR1089827
38179.0,586,genus,0.00344258,Providencia,ERR1089827
38179.0,79328,genus,0.00344258,Chitinophaga,ERR1089827
38179.0,162289,genus,0.00344258,Peptoniphilus,ERR1089827
38179.0,1843210,genus,0.00344258,Anaerocolumna,ERR1089827
38179.0,86795,genus,0.00344258,Marmoricola,ERR1089827
38179.0,55968,genus,0.00344258,Leucobacter,ERR1089827
38179.0,400634,genus,0.00344258,Lysinibacillus,ERR1089827
38179.0,698776,genus,0.00344258,Cellulosilyticum,ERR1089827
38179.0,46255,genus,0.00344258,Weissella,ERR1089827
38179.0,269773,genus,0.00344258,Atopococcus,ERR1089827
38179.0,414371,genus,0.00344258,Aureimonas,ERR1089827
38179.0,1742989,genus,0.00344258,Glutamicibacter,ERR1089827
38179.0,346096,genus,0.00344258,Paludibacter,ERR1089827
38179.0,1243,genus,0.00344258,Leuconostoc,ERR1089827
38179.0,33882,genus,0.00344258,Microbacterium,ERR1089827
38179.0,13687,genus,0.00344258,Sphingomonas,ERR1089827
38179.0,1505657,genus,0.00344258,Intestinibacter,ERR1089827
38179.0,18,genus,0.00344258,Pelobacter,ERR1089827
38179.0,44249,genus,0.00344258,Paenibacillus,ERR1089827
38179.0,244127,genus,0.00344258,Anaerotruncus,ERR1089827
38179.0,283168,genus,0.00344258,Odoribacter,ERR1089827
38179.0,286130,genus,0.00344258,Sulfuricurvum,ERR1089827
38179.0,82802,genus,0.00344258,Trichococcus,ERR1089827
38179.0,66831,genus,0.00344258,Facklamia,ERR1089827
38179.0,47420,genus,0.00344258,Hydrogenophaga,ERR1089827
38179.0,848,genus,0.00344258,Fusobacterium,ERR1089827
38179.0,653683,genus,0.00344258,Anaerosporobacter,ERR1089827
38179.0,1822464,genus,0.00344258,Paraburkholderia,ERR1089827
38179.0,172900,genus,0.00344258,Victivallis,ERR1089827
38179.0,2349,genus,0.00344258,Haliscomenobacter,ERR1089827
38179.0,1253,genus,0.00344258,Pediococcus,ERR1089827
38179.0,1357,genus,0.00344258,Lactococcus,ERR1089827
38179.0,420345,genus,0.00344258,Lactonifactor,ERR1089827
,-1,genus,35.2176,Unknown,ERR1089827
38180.0,286,genus,41.3021,Pseudomonas,ERR1089843
38180.0,216851,genus,4.46805,Faecalibacterium,ERR1089843
38180.0,816,genus,2.58944,Bacteroides,ERR1089843
38180.0,375288,genus,2.12467,Parabacteroides,ERR1089843
38180.0,1508657,genus,0.960787,Ruminiclostridium,ERR1089843
38180.0,838,genus,0.558506,Prevotella,ERR1089843
38180.0,1485,genus,0.538978,Clostridium,ERR1089843
38180.0,1678,genus,0.335885,Bifidobacterium,ERR1089843
38180.0,1505663,genus,0.296829,Erysipelatoclostridium,ERR1089843
38180.0,590,genus,0.289017,Salmonella,ERR1089843
38180.0,577309,genus,0.2773,Paraprevotella,ERR1089843
38180.0,239759,genus,0.253867,Alistipes,ERR1089843
38180.0,572511,genus,0.253867,Blautia,ERR1089843
38180.0,1263,genus,0.140603,Ruminococcus,ERR1089843
38180.0,265980,genus,0.109358,Alkalimonas,ERR1089843
38180.0,459786,genus,0.109358,Oscillibacter,ERR1089843
38180.0,189330,genus,0.097641,Dorea,ERR1089843
38180.0,397864,genus,0.0937354,Barnesiella,ERR1089843
38180.0,1716,genus,0.0898297,Corynebacterium,ERR1089843
38180.0,44748,genus,0.0859241,Sporobacter,ERR1089843
38180.0,1506553,genus,0.0742072,Lachnoclostridium,ERR1089843
38180.0,33042,genus,0.0624902,Coprococcus,ERR1089843
38180.0,1578,genus,0.0585846,Lactobacillus,ERR1089843
38180.0,841,genus,0.0507733,Roseburia,ERR1089843
38180.0,904,genus,0.0468677,Acidaminococcus,ERR1089843
38180.0,244127,genus,0.0390564,Anaerotruncus,ERR1089843
38180.0,1730,genus,0.0390564,Eubacterium,ERR1089843
38180.0,2172,genus,0.0390564,Methanobrevibacter,ERR1089843
38180.0,561,genus,0.0351508,Escherichia,ERR1089843
38180.0,1386,genus,0.0351508,Bacillus,ERR1089843
38180.0,872,genus,0.0273395,Desulfovibrio,ERR1089843
38180.0,1357,genus,0.0273395,Lactococcus,ERR1089843
38180.0,1505657,genus,0.0273395,Intestinibacter,ERR1089843
38180.0,469,genus,0.0234338,Acinetobacter,ERR1089843
38180.0,898,genus,0.0234338,Desulfomicrobium,ERR1089843
38180.0,990721,genus,0.0234338,Christensenella,ERR1089843
38180.0,497,genus,0.0195282,Psychrobacter,ERR1089843
38180.0,1350,genus,0.0195282,Enterococcus,ERR1089843
38180.0,1565532,genus,0.0156226,Rouxiella,ERR1089843
38180.0,1301,genus,0.0156226,Streptococcus,ERR1089843
38180.0,620,genus,0.0117169,Shigella,ERR1089843
38180.0,475,genus,0.0117169,Moraxella,ERR1089843
38180.0,207244,genus,0.0117169,Anaerostipes,ERR1089843
38180.0,117563,genus,0.0117169,Granulicatella,ERR1089843
38180.0,2299,genus,0.0117169,Desulfosarcina,ERR1089843
38180.0,61170,genus,0.00781128,Holdemania,ERR1089843
38180.0,264995,genus,0.00781128,Anaerofustis,ERR1089843
38180.0,544,genus,0.00781128,Citrobacter,ERR1089843
38180.0,52784,genus,0.00781128,Anaerofilum,ERR1089843
38180.0,2147,genus,0.00781128,Acholeplasma,ERR1089843
38180.0,1645,genus,0.00781128,Renibacterium,ERR1089843
38180.0,583,genus,0.00781128,Proteus,ERR1089843
38180.0,586,genus,0.00781128,Providencia,ERR1089843
38180.0,84111,genus,0.00781128,Eggerthella,ERR1089843
38180.0,2745,genus,0.00781128,Halomonas,ERR1089843
38180.0,28253,genus,0.00781128,Marinomonas,ERR1089843
38180.0,270497,genus,0.00781128,Catabacter,ERR1089843
38180.0,1471399,genus,0.00781128,Draconibacterium,ERR1089843
38180.0,626,genus,0.00781128,Xenorhabdus,ERR1089843
38180.0,59753,genus,0.00781128,Alcanivorax,ERR1089843
38180.0,53335,genus,0.00781128,Pantoea,ERR1089843
38180.0,332248,genus,0.00781128,Truepera,ERR1089843
38180.0,180541,genus,0.00781128,Salinisphaera,ERR1089843
38180.0,28453,genus,0.00390564,Sphingobacterium,ERR1089843
38180.0,2742,genus,0.00390564,Marinobacter,ERR1089843
38180.0,1279,genus,0.00390564,Staphylococcus,ERR1089843
38180.0,2316,genus,0.00390564,Methanosphaera,ERR1089843
38180.0,1253,genus,0.00390564,Pediococcus,ERR1089843
38180.0,239934,genus,0.00390564,Akkermansia,ERR1089843
38180.0,1637257,genus,0.00390564,Mageeibacillus,ERR1089843
38180.0,294702,genus,0.00390564,Proteiniphilum,ERR1089843
38180.0,649460,genus,0.00390564,Filimonas,ERR1089843
38180.0,203804,genus,0.00390564,Candidatus Blochmannia,ERR1089843
38180.0,1569,genus,0.00390564,Sporosarcina,ERR1089843
38180.0,866,genus,0.00390564,Ruminobacter,ERR1089843
38180.0,306539,genus,0.00390564,Halolactibacillus,ERR1089843
38180.0,186829,genus,0.00390564,Agitococcus,ERR1089843
38180.0,40323,genus,0.00390564,Stenotrophomonas,ERR1089843
38180.0,32008,genus,0.00390564,Burkholderia,ERR1089843
38180.0,407,genus,0.00390564,Methylobacterium,ERR1089843
38180.0,44249,genus,0.00390564,Paenibacillus,ERR1089843
38180.0,1663,genus,0.00390564,Arthrobacter,ERR1089843
38180.0,998014,genus,0.00390564,Cocleimonas,ERR1089843
38180.0,40222,genus,0.00390564,Methylophaga,ERR1089843
38180.0,547,genus,0.00390564,Enterobacter,ERR1089843
38180.0,33926,genus,0.00390564,Candidatus Phytoplasma,ERR1089843
38180.0,1742989,genus,0.00390564,Glutamicibacter,ERR1089843
38180.0,191,genus,0.00390564,Azospirillum,ERR1089843
38180.0,286130,genus,0.00390564,Sulfuricurvum,ERR1089843
38180.0,34037,genus,0.00390564,Rahnella,ERR1089843
38180.0,1769729,genus,0.00390564,Hathewaya,ERR1089843
38180.0,129577,genus,0.00390564,Oceanimonas,ERR1089843
38180.0,118966,genus,0.00390564,Anaerorhabdus,ERR1089843
38180.0,1295378,genus,0.00390564,Methylogaea,ERR1089843
38180.0,776,genus,0.00390564,Coxiella,ERR1089843
,-1,genus,43.7744,Unknown,ERR1089843
37569.0,816,genus,24.3157,Bacteroides,ERR1089863
37569.0,497,genus,15.481,Psychrobacter,ERR1089863
37569.0,239759,genus,8.87516,Alistipes,ERR1089863
37569.0,1678,genus,7.8993,Bifidobacterium,ERR1089863
37569.0,375288,genus,5.98221,Parabacteroides,ERR1089863
37569.0,469,genus,5.9187,Acinetobacter,ERR1089863
37569.0,836,genus,2.8583,Porphyromonas,ERR1089863
37569.0,459786,genus,2.13651,Oscillibacter,ERR1089863
37569.0,1386,genus,2.07876,Bacillus,ERR1089863
37569.0,283168,genus,1.61104,Odoribacter,ERR1089863
37569.0,44748,genus,1.38584,Sporobacter,ERR1089863
37569.0,1506553,genus,1.14332,Lachnoclostridium,ERR1089863
37569.0,216851,genus,0.895023,Faecalibacterium,ERR1089863
37569.0,397864,genus,0.721792,Barnesiella,ERR1089863
37569.0,904,genus,0.617854,Acidaminococcus,ERR1089863
37569.0,1508657,genus,0.554337,Ruminiclostridium,ERR1089863
37569.0,572511,genus,0.513916,Blautia,ERR1089863
37569.0,286,genus,0.490819,Pseudomonas,ERR1089863
37569.0,872,genus,0.467721,Desulfovibrio,ERR1089863
37569.0,838,genus,0.444624,Prevotella,ERR1089863
37569.0,1505657,genus,0.409978,Intestinibacter,ERR1089863
37569.0,1505663,genus,0.369558,Erysipelatoclostridium,ERR1089863
37569.0,1730,genus,0.300266,Eubacterium,ERR1089863
37569.0,40323,genus,0.288717,Stenotrophomonas,ERR1089863
37569.0,1301,genus,0.277168,Streptococcus,ERR1089863
37569.0,1573535,genus,0.225199,Holdemanella,ERR1089863
37569.0,33042,genus,0.190553,Coprococcus,ERR1089863
37569.0,1485,genus,0.179005,Clostridium,ERR1089863
37569.0,724,genus,0.167456,Haemophilus,ERR1089863
37569.0,162289,genus,0.167456,Peptoniphilus,ERR1089863
37569.0,61170,genus,0.13281,Holdemania,ERR1089863
37569.0,239934,genus,0.127035,Akkermansia,ERR1089863
37569.0,1279,genus,0.121261,Staphylococcus,ERR1089863
37569.0,244127,genus,0.103938,Anaerotruncus,ERR1089863
37569.0,1269,genus,0.103938,Micrococcus,ERR1089863
37569.0,189330,genus,0.0981638,Dorea,ERR1089863
37569.0,194,genus,0.0923894,Campylobacter,ERR1089863
37569.0,84111,genus,0.0808407,Eggerthella,ERR1089863
37569.0,35832,genus,0.0692921,Bilophila,ERR1089863
37569.0,100883,genus,0.0635177,Coprobacillus,ERR1089863
37569.0,184869,genus,0.0635177,Varibaculum,ERR1089863
37569.0,48736,genus,0.0635177,Ralstonia,ERR1089863
37569.0,583,genus,0.0519691,Proteus,ERR1089863
37569.0,84108,genus,0.0461947,Slackia,ERR1089863
37569.0,41273,genus,0.0404204,Tissierella,ERR1089863
37569.0,29465,genus,0.034646,Veillonella,ERR1089863
37569.0,400634,genus,0.034646,Lysinibacillus,ERR1089863
37569.0,1618113,genus,0.034646,Saccharicrinis,ERR1089863
37569.0,146813,genus,0.0288717,Dendrosporobacter,ERR1089863
37569.0,1263,genus,0.0288717,Ruminococcus,ERR1089863
37569.0,1578,genus,0.0288717,Lactobacillus,ERR1089863
37569.0,55080,genus,0.0288717,Brevibacillus,ERR1089863
37569.0,1654,genus,0.0230974,Actinomyces,ERR1089863
37569.0,653683,genus,0.0230974,Anaerosporobacter,ERR1089863
37569.0,577310,genus,0.0230974,Parasutterella,ERR1089863
37569.0,52784,genus,0.017323,Anaerofilum,ERR1089863
37569.0,289201,genus,0.017323,Pontibacillus,ERR1089863
37569.0,28453,genus,0.017323,Sphingobacterium,ERR1089863
37569.0,990721,genus,0.017323,Christensenella,ERR1089863
37569.0,1716,genus,0.017323,Corynebacterium,ERR1089863
37569.0,1506577,genus,0.0115487,Tyzzerella,ERR1089863
37569.0,1471399,genus,0.0115487,Draconibacterium,ERR1089863
37569.0,264995,genus,0.0115487,Anaerofustis,ERR1089863
37569.0,39948,genus,0.0115487,Dialister,ERR1089863
37569.0,32207,genus,0.0115487,Rothia,ERR1089863
37569.0,84567,genus,0.0115487,Pedobacter,ERR1089863
37569.0,165779,genus,0.0115487,Anaerococcus,ERR1089863
37569.0,1645,genus,0.0115487,Renibacterium,ERR1089863
37569.0,40544,genus,0.0115487,Sutterella,ERR1089863
37569.0,2740,genus,0.0115487,Peptococcus,ERR1089863
37569.0,57493,genus,0.0115487,Kocuria,ERR1089863
37569.0,841,genus,0.0115487,Roseburia,ERR1089863
37569.0,227979,genus,0.0115487,Jeotgalicoccus,ERR1089863
37569.0,1742989,genus,0.0115487,Glutamicibacter,ERR1089863
37569.0,133925,genus,0.0115487,Olsenella,ERR1089863
37569.0,1134403,genus,0.00577434,Melioribacter,ERR1089863
37569.0,33986,genus,0.00577434,Exiguobacterium,ERR1089863
37569.0,2717,genus,0.00577434,Cardiobacterium,ERR1089863
37569.0,203804,genus,0.00577434,Candidatus Blochmannia,ERR1089863
37569.0,76831,genus,0.00577434,Myroides,ERR1089863
37569.0,105,genus,0.00577434,Runella,ERR1089863
37569.0,267986,genus,0.00577434,Owenweeksia,ERR1089863
37569.0,280472,genus,0.00577434,Aquiflexum,ERR1089863
37569.0,416916,genus,0.00577434,Aggregatibacter,ERR1089863
37569.0,642,genus,0.00577434,Aeromonas,ERR1089863
37569.0,76634,genus,0.00577434,Mycetocola,ERR1089863
37569.0,590,genus,0.00577434,Salmonella,ERR1089863
37569.0,2742,genus,0.00577434,Marinobacter,ERR1089863
37569.0,898,genus,0.00577434,Desulfomicrobium,ERR1089863
37569.0,13687,genus,0.00577434,Sphingomonas,ERR1089863
37569.0,1769729,genus,0.00577434,Hathewaya,ERR1089863
37569.0,129337,genus,0.00577434,Geobacillus,ERR1089863
37569.0,169133,genus,0.00577434,Citricoccus,ERR1089863
37569.0,262406,genus,0.00577434,Thermobaculum,ERR1089863
37569.0,620,genus,0.00577434,Shigella,ERR1089863
37569.0,1649,genus,0.00577434,Kurthia,ERR1089863
37569.0,713,genus,0.00577434,Actinobacillus,ERR1089863
37569.0,312278,genus,0.00577434,Emticicia,ERR1089863
37569.0,1778601,genus,0.00577434,Apibacter,ERR1089863
37569.0,496496,genus,0.00577434,Viridibacillus,ERR1089863
37569.0,269258,genus,0.00577434,Nitratiruptor,ERR1089863
37569.0,294702,genus,0.00577434,Proteiniphilum,ERR1089863
37569.0,475,genus,0.00577434,Moraxella,ERR1089863
,-1,genus,10.925,Unknown,ERR1089863
37569.0,816,genus,24.3157,Bacteroides,ERR1089863
37569.0,497,genus,15.481,Psychrobacter,ERR1089863
37569.0,239759,genus,8.87516,Alistipes,ERR1089863
37569.0,1678,genus,7.8993,Bifidobacterium,ERR1089863
37569.0,375288,genus,5.98221,Parabacteroides,ERR1089863
37569.0,469,genus,5.9187,Acinetobacter,ERR1089863
37569.0,836,genus,2.8583,Porphyromonas,ERR1089863
37569.0,459786,genus,2.13651,Oscillibacter,ERR1089863
37569.0,1386,genus,2.07876,Bacillus,ERR1089863
37569.0,283168,genus,1.61104,Odoribacter,ERR1089863
37569.0,44748,genus,1.38584,Sporobacter,ERR1089863
37569.0,1506553,genus,1.14332,Lachnoclostridium,ERR1089863
37569.0,216851,genus,0.895023,Faecalibacterium,ERR1089863
37569.0,397864,genus,0.721792,Barnesiella,ERR1089863
37569.0,904,genus,0.617854,Acidaminococcus,ERR1089863
37569.0,1508657,genus,0.554337,Ruminiclostridium,ERR1089863
37569.0,572511,genus,0.513916,Blautia,ERR1089863
37569.0,286,genus,0.490819,Pseudomonas,ERR1089863
37569.0,872,genus,0.467721,Desulfovibrio,ERR1089863
37569.0,838,genus,0.444624,Prevotella,ERR1089863
37569.0,1505657,genus,0.409978,Intestinibacter,ERR1089863
37569.0,1505663,genus,0.369558,Erysipelatoclostridium,ERR1089863
37569.0,1730,genus,0.300266,Eubacterium,ERR1089863
37569.0,40323,genus,0.288717,Stenotrophomonas,ERR1089863
37569.0,1301,genus,0.277168,Streptococcus,ERR1089863
37569.0,1573535,genus,0.225199,Holdemanella,ERR1089863
37569.0,33042,genus,0.190553,Coprococcus,ERR1089863
37569.0,1485,genus,0.179005,Clostridium,ERR1089863
37569.0,724,genus,0.167456,Haemophilus,ERR1089863
37569.0,162289,genus,0.167456,Peptoniphilus,ERR1089863
37569.0,61170,genus,0.13281,Holdemania,ERR1089863
37569.0,239934,genus,0.127035,Akkermansia,ERR1089863
37569.0,1279,genus,0.121261,Staphylococcus,ERR1089863
37569.0,1269,genus,0.103938,Micrococcus,ERR1089863
37569.0,244127,genus,0.103938,Anaerotruncus,ERR1089863
37569.0,189330,genus,0.0981638,Dorea,ERR1089863
37569.0,194,genus,0.0923894,Campylobacter,ERR1089863
37569.0,84111,genus,0.0808407,Eggerthella,ERR1089863
37569.0,35832,genus,0.0692921,Bilophila,ERR1089863
37569.0,48736,genus,0.0635177,Ralstonia,ERR1089863
37569.0,100883,genus,0.0635177,Coprobacillus,ERR1089863
37569.0,184869,genus,0.0635177,Varibaculum,ERR1089863
37569.0,583,genus,0.0519691,Proteus,ERR1089863
37569.0,84108,genus,0.0461947,Slackia,ERR1089863
37569.0,41273,genus,0.0404204,Tissierella,ERR1089863
37569.0,29465,genus,0.034646,Veillonella,ERR1089863
37569.0,400634,genus,0.034646,Lysinibacillus,ERR1089863
37569.0,1618113,genus,0.034646,Saccharicrinis,ERR1089863
37569.0,1578,genus,0.0288717,Lactobacillus,ERR1089863
37569.0,55080,genus,0.0288717,Brevibacillus,ERR1089863
37569.0,146813,genus,0.0288717,Dendrosporobacter,ERR1089863
37569.0,1263,genus,0.0288717,Ruminococcus,ERR1089863
37569.0,577310,genus,0.0230974,Parasutterella,ERR1089863
37569.0,1654,genus,0.0230974,Actinomyces,ERR1089863
37569.0,653683,genus,0.0230974,Anaerosporobacter,ERR1089863
37569.0,28453,genus,0.017323,Sphingobacterium,ERR1089863
37569.0,990721,genus,0.017323,Christensenella,ERR1089863
37569.0,1716,genus,0.017323,Corynebacterium,ERR1089863
37569.0,52784,genus,0.017323,Anaerofilum,ERR1089863
37569.0,289201,genus,0.017323,Pontibacillus,ERR1089863
37569.0,1645,genus,0.0115487,Renibacterium,ERR1089863
37569.0,40544,genus,0.0115487,Sutterella,ERR1089863
37569.0,57493,genus,0.0115487,Kocuria,ERR1089863
37569.0,2740,genus,0.0115487,Peptococcus,ERR1089863
37569.0,841,genus,0.0115487,Roseburia,ERR1089863
37569.0,227979,genus,0.0115487,Jeotgalicoccus,ERR1089863
37569.0,1742989,genus,0.0115487,Glutamicibacter,ERR1089863
37569.0,133925,genus,0.0115487,Olsenella,ERR1089863
37569.0,1471399,genus,0.0115487,Draconibacterium,ERR1089863
37569.0,1506577,genus,0.0115487,Tyzzerella,ERR1089863
37569.0,264995,genus,0.0115487,Anaerofustis,ERR1089863
37569.0,39948,genus,0.0115487,Dialister,ERR1089863
37569.0,32207,genus,0.0115487,Rothia,ERR1089863
37569.0,84567,genus,0.0115487,Pedobacter,ERR1089863
37569.0,165779,genus,0.0115487,Anaerococcus,ERR1089863
37569.0,13687,genus,0.00577434,Sphingomonas,ERR1089863
37569.0,129337,genus,0.00577434,Geobacillus,ERR1089863
37569.0,1769729,genus,0.00577434,Hathewaya,ERR1089863
37569.0,169133,genus,0.00577434,Citricoccus,ERR1089863
37569.0,262406,genus,0.00577434,Thermobaculum,ERR1089863
37569.0,620,genus,0.00577434,Shigella,ERR1089863
37569.0,1649,genus,0.00577434,Kurthia,ERR1089863
37569.0,713,genus,0.00577434,Actinobacillus,ERR1089863
37569.0,312278,genus,0.00577434,Emticicia,ERR1089863
37569.0,496496,genus,0.00577434,Viridibacillus,ERR1089863
37569.0,269258,genus,0.00577434,Nitratiruptor,ERR1089863
37569.0,1778601,genus,0.00577434,Apibacter,ERR1089863
37569.0,294702,genus,0.00577434,Proteiniphilum,ERR1089863
37569.0,475,genus,0.00577434,Moraxella,ERR1089863
37569.0,1134403,genus,0.00577434,Melioribacter,ERR1089863
37569.0,33986,genus,0.00577434,Exiguobacterium,ERR1089863
37569.0,2717,genus,0.00577434,Cardiobacterium,ERR1089863
37569.0,203804,genus,0.00577434,Candidatus Blochmannia,ERR1089863
37569.0,76831,genus,0.00577434,Myroides,ERR1089863
37569.0,267986,genus,0.00577434,Owenweeksia,ERR1089863
37569.0,105,genus,0.00577434,Runella,ERR1089863
37569.0,280472,genus,0.00577434,Aquiflexum,ERR1089863
37569.0,416916,genus,0.00577434,Aggregatibacter,ERR1089863
37569.0,76634,genus,0.00577434,Mycetocola,ERR1089863
37569.0,590,genus,0.00577434,Salmonella,ERR1089863
37569.0,2742,genus,0.00577434,Marinobacter,ERR1089863
37569.0,898,genus,0.00577434,Desulfomicrobium,ERR1089863
37569.0,642,genus,0.00577434,Aeromonas,ERR1089863
,-1,genus,10.925,Unknown,ERR1089863
37569.0,816,genus,24.3157,Bacteroides,ERR1089863
37569.0,497,genus,15.481,Psychrobacter,ERR1089863
37569.0,239759,genus,8.87516,Alistipes,ERR1089863
37569.0,1678,genus,7.8993,Bifidobacterium,ERR1089863
37569.0,375288,genus,5.98221,Parabacteroides,ERR1089863
37569.0,469,genus,5.9187,Acinetobacter,ERR1089863
37569.0,836,genus,2.8583,Porphyromonas,ERR1089863
37569.0,459786,genus,2.13651,Oscillibacter,ERR1089863
37569.0,1386,genus,2.07876,Bacillus,ERR1089863
37569.0,283168,genus,1.61104,Odoribacter,ERR1089863
37569.0,44748,genus,1.38584,Sporobacter,ERR1089863
37569.0,1506553,genus,1.14332,Lachnoclostridium,ERR1089863
37569.0,216851,genus,0.895023,Faecalibacterium,ERR1089863
37569.0,397864,genus,0.721792,Barnesiella,ERR1089863
37569.0,904,genus,0.617854,Acidaminococcus,ERR1089863
37569.0,1508657,genus,0.554337,Ruminiclostridium,ERR1089863
37569.0,572511,genus,0.513916,Blautia,ERR1089863
37569.0,286,genus,0.490819,Pseudomonas,ERR1089863
37569.0,872,genus,0.467721,Desulfovibrio,ERR1089863
37569.0,838,genus,0.444624,Prevotella,ERR1089863
37569.0,1505657,genus,0.409978,Intestinibacter,ERR1089863
37569.0,1505663,genus,0.369558,Erysipelatoclostridium,ERR1089863
37569.0,1730,genus,0.300266,Eubacterium,ERR1089863
37569.0,40323,genus,0.288717,Stenotrophomonas,ERR1089863
37569.0,1301,genus,0.277168,Streptococcus,ERR1089863
37569.0,1573535,genus,0.225199,Holdemanella,ERR1089863
37569.0,33042,genus,0.190553,Coprococcus,ERR1089863
37569.0,1485,genus,0.179005,Clostridium,ERR1089863
37569.0,724,genus,0.167456,Haemophilus,ERR1089863
37569.0,162289,genus,0.167456,Peptoniphilus,ERR1089863
37569.0,61170,genus,0.13281,Holdemania,ERR1089863
37569.0,239934,genus,0.127035,Akkermansia,ERR1089863
37569.0,1279,genus,0.121261,Staphylococcus,ERR1089863
37569.0,1269,genus,0.103938,Micrococcus,ERR1089863
37569.0,244127,genus,0.103938,Anaerotruncus,ERR1089863
37569.0,189330,genus,0.0981638,Dorea,ERR1089863
37569.0,194,genus,0.0923894,Campylobacter,ERR1089863
37569.0,84111,genus,0.0808407,Eggerthella,ERR1089863
37569.0,35832,genus,0.0692921,Bilophila,ERR1089863
37569.0,48736,genus,0.0635177,Ralstonia,ERR1089863
37569.0,100883,genus,0.0635177,Coprobacillus,ERR1089863
37569.0,184869,genus,0.0635177,Varibaculum,ERR1089863
37569.0,583,genus,0.0519691,Proteus,ERR1089863
37569.0,84108,genus,0.0461947,Slackia,ERR1089863
37569.0,41273,genus,0.0404204,Tissierella,ERR1089863
37569.0,29465,genus,0.034646,Veillonella,ERR1089863
37569.0,400634,genus,0.034646,Lysinibacillus,ERR1089863
37569.0,1618113,genus,0.034646,Saccharicrinis,ERR1089863
37569.0,146813,genus,0.0288717,Dendrosporobacter,ERR1089863
37569.0,1263,genus,0.0288717,Ruminococcus,ERR1089863
37569.0,1578,genus,0.0288717,Lactobacillus,ERR1089863
37569.0,55080,genus,0.0288717,Brevibacillus,ERR1089863
37569.0,1654,genus,0.0230974,Actinomyces,ERR1089863
37569.0,653683,genus,0.0230974,Anaerosporobacter,ERR1089863
37569.0,577310,genus,0.0230974,Parasutterella,ERR1089863
37569.0,28453,genus,0.017323,Sphingobacterium,ERR1089863
37569.0,990721,genus,0.017323,Christensenella,ERR1089863
37569.0,1716,genus,0.017323,Corynebacterium,ERR1089863
37569.0,52784,genus,0.017323,Anaerofilum,ERR1089863
37569.0,289201,genus,0.017323,Pontibacillus,ERR1089863
37569.0,40544,genus,0.0115487,Sutterella,ERR1089863
37569.0,57493,genus,0.0115487,Kocuria,ERR1089863
37569.0,2740,genus,0.0115487,Peptococcus,ERR1089863
37569.0,841,genus,0.0115487,Roseburia,ERR1089863
37569.0,227979,genus,0.0115487,Jeotgalicoccus,ERR1089863
37569.0,1742989,genus,0.0115487,Glutamicibacter,ERR1089863
37569.0,133925,genus,0.0115487,Olsenella,ERR1089863
37569.0,1471399,genus,0.0115487,Draconibacterium,ERR1089863
37569.0,1506577,genus,0.0115487,Tyzzerella,ERR1089863
37569.0,264995,genus,0.0115487,Anaerofustis,ERR1089863
37569.0,39948,genus,0.0115487,Dialister,ERR1089863
37569.0,32207,genus,0.0115487,Rothia,ERR1089863
37569.0,84567,genus,0.0115487,Pedobacter,ERR1089863
37569.0,165779,genus,0.0115487,Anaerococcus,ERR1089863
37569.0,1645,genus,0.0115487,Renibacterium,ERR1089863
37569.0,169133,genus,0.00577434,Citricoccus,ERR1089863
37569.0,262406,genus,0.00577434,Thermobaculum,ERR1089863
37569.0,620,genus,0.00577434,Shigella,ERR1089863
37569.0,1649,genus,0.00577434,Kurthia,ERR1089863
37569.0,713,genus,0.00577434,Actinobacillus,ERR1089863
37569.0,312278,genus,0.00577434,Emticicia,ERR1089863
37569.0,496496,genus,0.00577434,Viridibacillus,ERR1089863
37569.0,269258,genus,0.00577434,Nitratiruptor,ERR1089863
37569.0,1778601,genus,0.00577434,Apibacter,ERR1089863
37569.0,294702,genus,0.00577434,Proteiniphilum,ERR1089863
37569.0,475,genus,0.00577434,Moraxella,ERR1089863
37569.0,1134403,genus,0.00577434,Melioribacter,ERR1089863
37569.0,33986,genus,0.00577434,Exiguobacterium,ERR1089863
37569.0,2717,genus,0.00577434,Cardiobacterium,ERR1089863
37569.0,203804,genus,0.00577434,Candidatus Blochmannia,ERR1089863
37569.0,76831,genus,0.00577434,Myroides,ERR1089863
37569.0,267986,genus,0.00577434,Owenweeksia,ERR1089863
37569.0,105,genus,0.00577434,Runella,ERR1089863
37569.0,280472,genus,0.00577434,Aquiflexum,ERR1089863
37569.0,416916,genus,0.00577434,Aggregatibacter,ERR1089863
37569.0,76634,genus,0.00577434,Mycetocola,ERR1089863
37569.0,590,genus,0.00577434,Salmonella,ERR1089863
37569.0,2742,genus,0.00577434,Marinobacter,ERR1089863
37569.0,898,genus,0.00577434,Desulfomicrobium,ERR1089863
37569.0,642,genus,0.00577434,Aeromonas,ERR1089863
37569.0,13687,genus,0.00577434,Sphingomonas,ERR1089863
37569.0,129337,genus,0.00577434,Geobacillus,ERR1089863
37569.0,1769729,genus,0.00577434,Hathewaya,ERR1089863
,-1,genus,10.925,Unknown,ERR1089863
38181.0,816,genus,16.2617,Bacteroides,ERR1089866
38181.0,216851,genus,3.49137,Faecalibacterium,ERR1089866
38181.0,572511,genus,1.24975,Blautia,ERR1089866
38181.0,1730,genus,0.798453,Eubacterium,ERR1089866
38181.0,1279,genus,0.614957,Staphylococcus,ERR1089866
38181.0,375288,genus,0.530649,Parabacteroides,ERR1089866
38181.0,1505663,genus,0.421543,Erysipelatoclostridium,ERR1089866
38181.0,1678,genus,0.302519,Bifidobacterium,ERR1089866
38181.0,1506553,genus,0.267804,Lachnoclostridium,ERR1089866
38181.0,459786,genus,0.247967,Oscillibacter,ERR1089866
38181.0,1386,genus,0.218211,Bacillus,ERR1089866
38181.0,239759,genus,0.119024,Alistipes,ERR1089866
38181.0,1508657,genus,0.114065,Ruminiclostridium,ERR1089866
38181.0,33042,genus,0.0644713,Coprococcus,ERR1089866
38181.0,841,genus,0.0545527,Roseburia,ERR1089866
38181.0,561,genus,0.0495933,Escherichia,ERR1089866
38181.0,1263,genus,0.044634,Ruminococcus,ERR1089866
38181.0,904,genus,0.029756,Acidaminococcus,ERR1089866
38181.0,872,genus,0.029756,Desulfovibrio,ERR1089866
38181.0,283168,genus,0.029756,Odoribacter,ERR1089866
38181.0,66831,genus,0.0198373,Facklamia,ERR1089866
38181.0,397864,genus,0.0198373,Barnesiella,ERR1089866
38181.0,620,genus,0.014878,Shigella,ERR1089866
38181.0,180541,genus,0.014878,Salinisphaera,ERR1089866
38181.0,44748,genus,0.00991867,Sporobacter,ERR1089866
38181.0,2299,genus,0.00991867,Desulfosarcina,ERR1089866
38181.0,1301,genus,0.00991867,Streptococcus,ERR1089866
38181.0,577309,genus,0.00991867,Paraprevotella,ERR1089866
38181.0,1654,genus,0.00991867,Actinomyces,ERR1089866
38181.0,1485,genus,0.00495933,Clostridium,ERR1089866
38181.0,265980,genus,0.00495933,Alkalimonas,ERR1089866
38181.0,207244,genus,0.00495933,Anaerostipes,ERR1089866
38181.0,1378,genus,0.00495933,Gemella,ERR1089866
38181.0,33001,genus,0.00495933,Desulfurella,ERR1089866
38181.0,40222,genus,0.00495933,Methylophaga,ERR1089866
38181.0,583,genus,0.00495933,Proteus,ERR1089866
38181.0,970,genus,0.00495933,Selenomonas,ERR1089866
38181.0,146813,genus,0.00495933,Dendrosporobacter,ERR1089866
38181.0,79328,genus,0.00495933,Chitinophaga,ERR1089866
38181.0,838,genus,0.00495933,Prevotella,ERR1089866
38181.0,33986,genus,0.00495933,Exiguobacterium,ERR1089866
38181.0,182709,genus,0.00495933,Oceanobacillus,ERR1089866
38181.0,102106,genus,0.00495933,Collinsella,ERR1089866
38181.0,898,genus,0.00495933,Desulfomicrobium,ERR1089866
38181.0,1573535,genus,0.00495933,Holdemanella,ERR1089866
38181.0,1754,genus,0.00495933,Thermoanaerobacter,ERR1089866
38181.0,1578,genus,0.00495933,Lactobacillus,ERR1089866
38181.0,469,genus,0.00495933,Acinetobacter,ERR1089866
38181.0,577310,genus,0.00495933,Parasutterella,ERR1089866
38181.0,906,genus,0.00495933,Megasphaera,ERR1089866
38181.0,795750,genus,0.00495933,Ignavibacterium,ERR1089866
38181.0,58050,genus,0.00495933,Moritella,ERR1089866
38181.0,13724,genus,0.00495933,Thiocystis,ERR1089866
38181.0,55080,genus,0.00495933,Brevibacillus,ERR1089866
38181.0,1350,genus,0.00495933,Enterococcus,ERR1089866
38181.0,45669,genus,0.00495933,Salinicoccus,ERR1089866
38181.0,173479,genus,0.00495933,Gemmatimonas,ERR1089866
38181.0,429,genus,0.00495933,Methylobacter,ERR1089866
38181.0,233191,genus,0.00495933,Caldilinea,ERR1089866
38181.0,262406,genus,0.00495933,Thermobaculum,ERR1089866
38181.0,2132,genus,0.00495933,Spiroplasma,ERR1089866
38181.0,109262,genus,0.00495933,Halothiobacillus,ERR1089866
38181.0,649460,genus,0.00495933,Filimonas,ERR1089866
38181.0,226,genus,0.00495933,Alteromonas,ERR1089866
,-1,genus,74.395,Unknown,ERR1089866
38181.0,816,genus,16.2617,Bacteroides,ERR1089866
38181.0,216851,genus,3.49137,Faecalibacterium,ERR1089866
38181.0,572511,genus,1.24975,Blautia,ERR1089866
38181.0,1730,genus,0.798453,Eubacterium,ERR1089866
38181.0,1279,genus,0.614957,Staphylococcus,ERR1089866
38181.0,375288,genus,0.530649,Parabacteroides,ERR1089866
38181.0,1505663,genus,0.421543,Erysipelatoclostridium,ERR1089866
38181.0,1678,genus,0.302519,Bifidobacterium,ERR1089866
38181.0,1506553,genus,0.267804,Lachnoclostridium,ERR1089866
38181.0,459786,genus,0.247967,Oscillibacter,ERR1089866
38181.0,1386,genus,0.218211,Bacillus,ERR1089866
38181.0,239759,genus,0.119024,Alistipes,ERR1089866
38181.0,1508657,genus,0.114065,Ruminiclostridium,ERR1089866
38181.0,33042,genus,0.0644713,Coprococcus,ERR1089866
38181.0,841,genus,0.0545527,Roseburia,ERR1089866
38181.0,561,genus,0.0495933,Escherichia,ERR1089866
38181.0,1263,genus,0.044634,Ruminococcus,ERR1089866
38181.0,904,genus,0.029756,Acidaminococcus,ERR1089866
38181.0,872,genus,0.029756,Desulfovibrio,ERR1089866
38181.0,283168,genus,0.029756,Odoribacter,ERR1089866
38181.0,66831,genus,0.0198373,Facklamia,ERR1089866
38181.0,397864,genus,0.0198373,Barnesiella,ERR1089866
38181.0,620,genus,0.014878,Shigella,ERR1089866
38181.0,180541,genus,0.014878,Salinisphaera,ERR1089866
38181.0,577309,genus,0.00991867,Paraprevotella,ERR1089866
38181.0,1654,genus,0.00991867,Actinomyces,ERR1089866
38181.0,44748,genus,0.00991867,Sporobacter,ERR1089866
38181.0,2299,genus,0.00991867,Desulfosarcina,ERR1089866
38181.0,1301,genus,0.00991867,Streptococcus,ERR1089866
38181.0,233191,genus,0.00495933,Caldilinea,ERR1089866
38181.0,2132,genus,0.00495933,Spiroplasma,ERR1089866
38181.0,109262,genus,0.00495933,Halothiobacillus,ERR1089866
38181.0,262406,genus,0.00495933,Thermobaculum,ERR1089866
38181.0,649460,genus,0.00495933,Filimonas,ERR1089866
38181.0,226,genus,0.00495933,Alteromonas,ERR1089866
38181.0,207244,genus,0.00495933,Anaerostipes,ERR1089866
38181.0,1485,genus,0.00495933,Clostridium,ERR1089866
38181.0,265980,genus,0.00495933,Alkalimonas,ERR1089866
38181.0,40222,genus,0.00495933,Methylophaga,ERR1089866
38181.0,583,genus,0.00495933,Proteus,ERR1089866
38181.0,1378,genus,0.00495933,Gemella,ERR1089866
38181.0,33001,genus,0.00495933,Desulfurella,ERR1089866
38181.0,146813,genus,0.00495933,Dendrosporobacter,ERR1089866
38181.0,970,genus,0.00495933,Selenomonas,ERR1089866
38181.0,838,genus,0.00495933,Prevotella,ERR1089866
38181.0,33986,genus,0.00495933,Exiguobacterium,ERR1089866
38181.0,79328,genus,0.00495933,Chitinophaga,ERR1089866
38181.0,182709,genus,0.00495933,Oceanobacillus,ERR1089866
38181.0,102106,genus,0.00495933,Collinsella,ERR1089866
38181.0,898,genus,0.00495933,Desulfomicrobium,ERR1089866
38181.0,1573535,genus,0.00495933,Holdemanella,ERR1089866
38181.0,1754,genus,0.00495933,Thermoanaerobacter,ERR1089866
38181.0,1578,genus,0.00495933,Lactobacillus,ERR1089866
38181.0,577310,genus,0.00495933,Parasutterella,ERR1089866
38181.0,906,genus,0.00495933,Megasphaera,ERR1089866
38181.0,469,genus,0.00495933,Acinetobacter,ERR1089866
38181.0,795750,genus,0.00495933,Ignavibacterium,ERR1089866
38181.0,58050,genus,0.00495933,Moritella,ERR1089866
38181.0,55080,genus,0.00495933,Brevibacillus,ERR1089866
38181.0,1350,genus,0.00495933,Enterococcus,ERR1089866
38181.0,13724,genus,0.00495933,Thiocystis,ERR1089866
38181.0,173479,genus,0.00495933,Gemmatimonas,ERR1089866
38181.0,429,genus,0.00495933,Methylobacter,ERR1089866
38181.0,45669,genus,0.00495933,Salinicoccus,ERR1089866
,-1,genus,74.395,Unknown,ERR1089866
38181.0,816,genus,16.2617,Bacteroides,ERR1089866
38181.0,216851,genus,3.49137,Faecalibacterium,ERR1089866
38181.0,572511,genus,1.24975,Blautia,ERR1089866
38181.0,1730,genus,0.798453,Eubacterium,ERR1089866
38181.0,1279,genus,0.614957,Staphylococcus,ERR1089866
38181.0,375288,genus,0.530649,Parabacteroides,ERR1089866
38181.0,1505663,genus,0.421543,Erysipelatoclostridium,ERR1089866
38181.0,1678,genus,0.302519,Bifidobacterium,ERR1089866
38181.0,1506553,genus,0.267804,Lachnoclostridium,ERR1089866
38181.0,459786,genus,0.247967,Oscillibacter,ERR1089866
38181.0,1386,genus,0.218211,Bacillus,ERR1089866
38181.0,239759,genus,0.119024,Alistipes,ERR1089866
38181.0,1508657,genus,0.114065,Ruminiclostridium,ERR1089866
38181.0,33042,genus,0.0644713,Coprococcus,ERR1089866
38181.0,841,genus,0.0545527,Roseburia,ERR1089866
38181.0,561,genus,0.0495933,Escherichia,ERR1089866
38181.0,1263,genus,0.044634,Ruminococcus,ERR1089866
38181.0,904,genus,0.029756,Acidaminococcus,ERR1089866
38181.0,872,genus,0.029756,Desulfovibrio,ERR1089866
38181.0,283168,genus,0.029756,Odoribacter,ERR1089866
38181.0,66831,genus,0.0198373,Facklamia,ERR1089866
38181.0,397864,genus,0.0198373,Barnesiella,ERR1089866
38181.0,620,genus,0.014878,Shigella,ERR1089866
38181.0,180541,genus,0.014878,Salinisphaera,ERR1089866
38181.0,1654,genus,0.00991867,Actinomyces,ERR1089866
38181.0,44748,genus,0.00991867,Sporobacter,ERR1089866
38181.0,2299,genus,0.00991867,Desulfosarcina,ERR1089866
38181.0,1301,genus,0.00991867,Streptococcus,ERR1089866
38181.0,577309,genus,0.00991867,Paraprevotella,ERR1089866
38181.0,2132,genus,0.00495933,Spiroplasma,ERR1089866
38181.0,109262,genus,0.00495933,Halothiobacillus,ERR1089866
38181.0,262406,genus,0.00495933,Thermobaculum,ERR1089866
38181.0,649460,genus,0.00495933,Filimonas,ERR1089866
38181.0,226,genus,0.00495933,Alteromonas,ERR1089866
38181.0,207244,genus,0.00495933,Anaerostipes,ERR1089866
38181.0,1485,genus,0.00495933,Clostridium,ERR1089866
38181.0,265980,genus,0.00495933,Alkalimonas,ERR1089866
38181.0,40222,genus,0.00495933,Methylophaga,ERR1089866
38181.0,583,genus,0.00495933,Proteus,ERR1089866
38181.0,1378,genus,0.00495933,Gemella,ERR1089866
38181.0,33001,genus,0.00495933,Desulfurella,ERR1089866
38181.0,146813,genus,0.00495933,Dendrosporobacter,ERR1089866
38181.0,970,genus,0.00495933,Selenomonas,ERR1089866
38181.0,838,genus,0.00495933,Prevotella,ERR1089866
38181.0,33986,genus,0.00495933,Exiguobacterium,ERR1089866
38181.0,79328,genus,0.00495933,Chitinophaga,ERR1089866
38181.0,182709,genus,0.00495933,Oceanobacillus,ERR1089866
38181.0,102106,genus,0.00495933,Collinsella,ERR1089866
38181.0,898,genus,0.00495933,Desulfomicrobium,ERR1089866
38181.0,1573535,genus,0.00495933,Holdemanella,ERR1089866
38181.0,1754,genus,0.00495933,Thermoanaerobacter,ERR1089866
38181.0,1578,genus,0.00495933,Lactobacillus,ERR1089866
38181.0,577310,genus,0.00495933,Parasutterella,ERR1089866
38181.0,906,genus,0.00495933,Megasphaera,ERR1089866
38181.0,469,genus,0.00495933,Acinetobacter,ERR1089866
38181.0,795750,genus,0.00495933,Ignavibacterium,ERR1089866
38181.0,58050,genus,0.00495933,Moritella,ERR1089866
38181.0,55080,genus,0.00495933,Brevibacillus,ERR1089866
38181.0,1350,genus,0.00495933,Enterococcus,ERR1089866
38181.0,13724,genus,0.00495933,Thiocystis,ERR1089866
38181.0,173479,genus,0.00495933,Gemmatimonas,ERR1089866
38181.0,429,genus,0.00495933,Methylobacter,ERR1089866
38181.0,45669,genus,0.00495933,Salinicoccus,ERR1089866
38181.0,233191,genus,0.00495933,Caldilinea,ERR1089866
,-1,genus,74.395,Unknown,ERR1089866
38181.0,816,genus,16.2617,Bacteroides,ERR1089866
38181.0,216851,genus,3.49137,Faecalibacterium,ERR1089866
38181.0,572511,genus,1.24975,Blautia,ERR1089866
38181.0,1730,genus,0.798453,Eubacterium,ERR1089866
38181.0,1279,genus,0.614957,Staphylococcus,ERR1089866
38181.0,375288,genus,0.530649,Parabacteroides,ERR1089866
38181.0,1505663,genus,0.421543,Erysipelatoclostridium,ERR1089866
38181.0,1678,genus,0.302519,Bifidobacterium,ERR1089866
38181.0,1506553,genus,0.267804,Lachnoclostridium,ERR1089866
38181.0,459786,genus,0.247967,Oscillibacter,ERR1089866
38181.0,1386,genus,0.218211,Bacillus,ERR1089866
38181.0,239759,genus,0.119024,Alistipes,ERR1089866
38181.0,1508657,genus,0.114065,Ruminiclostridium,ERR1089866
38181.0,33042,genus,0.0644713,Coprococcus,ERR1089866
38181.0,841,genus,0.0545527,Roseburia,ERR1089866
38181.0,561,genus,0.0495933,Escherichia,ERR1089866
38181.0,1263,genus,0.044634,Ruminococcus,ERR1089866
38181.0,283168,genus,0.029756,Odoribacter,ERR1089866
38181.0,904,genus,0.029756,Acidaminococcus,ERR1089866
38181.0,872,genus,0.029756,Desulfovibrio,ERR1089866
38181.0,66831,genus,0.0198373,Facklamia,ERR1089866
38181.0,397864,genus,0.0198373,Barnesiella,ERR1089866
38181.0,620,genus,0.014878,Shigella,ERR1089866
38181.0,180541,genus,0.014878,Salinisphaera,ERR1089866
38181.0,577309,genus,0.00991867,Paraprevotella,ERR1089866
38181.0,1654,genus,0.00991867,Actinomyces,ERR1089866
38181.0,44748,genus,0.00991867,Sporobacter,ERR1089866
38181.0,2299,genus,0.00991867,Desulfosarcina,ERR1089866
38181.0,1301,genus,0.00991867,Streptococcus,ERR1089866
38181.0,233191,genus,0.00495933,Caldilinea,ERR1089866
38181.0,2132,genus,0.00495933,Spiroplasma,ERR1089866
38181.0,109262,genus,0.00495933,Halothiobacillus,ERR1089866
38181.0,262406,genus,0.00495933,Thermobaculum,ERR1089866
38181.0,649460,genus,0.00495933,Filimonas,ERR1089866
38181.0,226,genus,0.00495933,Alteromonas,ERR1089866
38181.0,207244,genus,0.00495933,Anaerostipes,ERR1089866
38181.0,1485,genus,0.00495933,Clostridium,ERR1089866
38181.0,265980,genus,0.00495933,Alkalimonas,ERR1089866
38181.0,40222,genus,0.00495933,Methylophaga,ERR1089866
38181.0,583,genus,0.00495933,Proteus,ERR1089866
38181.0,1378,genus,0.00495933,Gemella,ERR1089866
38181.0,33001,genus,0.00495933,Desulfurella,ERR1089866
38181.0,146813,genus,0.00495933,Dendrosporobacter,ERR1089866
38181.0,970,genus,0.00495933,Selenomonas,ERR1089866
38181.0,838,genus,0.00495933,Prevotella,ERR1089866
38181.0,33986,genus,0.00495933,Exiguobacterium,ERR1089866
38181.0,79328,genus,0.00495933,Chitinophaga,ERR1089866
38181.0,182709,genus,0.00495933,Oceanobacillus,ERR1089866
38181.0,102106,genus,0.00495933,Collinsella,ERR1089866
38181.0,898,genus,0.00495933,Desulfomicrobium,ERR1089866
38181.0,1573535,genus,0.00495933,Holdemanella,ERR1089866
38181.0,1754,genus,0.00495933,Thermoanaerobacter,ERR1089866
38181.0,1578,genus,0.00495933,Lactobacillus,ERR1089866
38181.0,577310,genus,0.00495933,Parasutterella,ERR1089866
38181.0,906,genus,0.00495933,Megasphaera,ERR1089866
38181.0,469,genus,0.00495933,Acinetobacter,ERR1089866
38181.0,795750,genus,0.00495933,Ignavibacterium,ERR1089866
38181.0,58050,genus,0.00495933,Moritella,ERR1089866
38181.0,55080,genus,0.00495933,Brevibacillus,ERR1089866
38181.0,1350,genus,0.00495933,Enterococcus,ERR1089866
38181.0,13724,genus,0.00495933,Thiocystis,ERR1089866
38181.0,173479,genus,0.00495933,Gemmatimonas,ERR1089866
38181.0,429,genus,0.00495933,Methylobacter,ERR1089866
38181.0,45669,genus,0.00495933,Salinicoccus,ERR1089866
,-1,genus,74.395,Unknown,ERR1089866
34082.0,816,genus,33.6909,Bacteroides,ERR1089869
34082.0,577310,genus,9.04419,Parasutterella,ERR1089869
34082.0,216851,genus,7.89387,Faecalibacterium,ERR1089869
34082.0,1678,genus,7.44271,Bifidobacterium,ERR1089869
34082.0,375288,genus,4.28456,Parabacteroides,ERR1089869
34082.0,162289,genus,3.50772,Peptoniphilus,ERR1089869
34082.0,165779,genus,2.75778,Anaerococcus,ERR1089869
34082.0,572511,genus,2.34545,Blautia,ERR1089869
34082.0,836,genus,1.78374,Porphyromonas,ERR1089869
34082.0,41273,genus,1.43715,Tissierella,ERR1089869
34082.0,150022,genus,1.3266,Finegoldia,ERR1089869
34082.0,286,genus,0.6633,Pseudomonas,ERR1089869
34082.0,1505663,genus,0.648361,Erysipelatoclostridium,ERR1089869
34082.0,838,genus,0.633422,Prevotella,ERR1089869
34082.0,841,genus,0.597568,Roseburia,ERR1089869
34082.0,39948,genus,0.540799,Dialister,ERR1089869
34082.0,1505657,genus,0.418298,Intestinibacter,ERR1089869
34082.0,1506553,genus,0.409334,Lachnoclostridium,ERR1089869
34082.0,239759,genus,0.283845,Alistipes,ERR1089869
34082.0,724,genus,0.283845,Haemophilus,ERR1089869
34082.0,29465,genus,0.274881,Veillonella,ERR1089869
34082.0,184869,genus,0.247991,Varibaculum,ERR1089869
34082.0,86331,genus,0.218112,Mogibacterium,ERR1089869
34082.0,904,genus,0.218112,Acidaminococcus,ERR1089869
34082.0,1730,genus,0.191222,Eubacterium,ERR1089869
34082.0,207244,genus,0.101587,Anaerostipes,ERR1089869
34082.0,194,genus,0.0956109,Campylobacter,ERR1089869
34082.0,1508657,genus,0.0806717,Ruminiclostridium,ERR1089869
34082.0,28263,genus,0.0776838,Arcanobacterium,ERR1089869
34082.0,1263,genus,0.074696,Ruminococcus,ERR1089869
34082.0,1485,genus,0.074696,Clostridium,ERR1089869
34082.0,1506577,genus,0.0687203,Tyzzerella,ERR1089869
34082.0,459786,genus,0.0687203,Oscillibacter,ERR1089869
34082.0,31983,genus,0.0657325,Helcococcus,ERR1089869
34082.0,1301,genus,0.0537811,Streptococcus,ERR1089869
34082.0,1505652,genus,0.0358541,Terrisporobacter,ERR1089869
34082.0,1386,genus,0.0298784,Bacillus,ERR1089869
34082.0,392735,genus,0.0298784,Uliginosibacterium,ERR1089869
34082.0,914,genus,0.0298784,Nitrosomonas,ERR1089869
34082.0,1654,genus,0.0268906,Actinomyces,ERR1089869
34082.0,1843210,genus,0.0209149,Anaerocolumna,ERR1089869
34082.0,61434,genus,0.0209149,Dehalococcoides,ERR1089869
34082.0,1578,genus,0.0209149,Lactobacillus,ERR1089869
34082.0,102106,genus,0.0209149,Collinsella,ERR1089869
34082.0,1645,genus,0.0209149,Renibacterium,ERR1089869
34082.0,233191,genus,0.0209149,Caldilinea,ERR1089869
34082.0,35832,genus,0.017927,Bilophila,ERR1089869
34082.0,133925,genus,0.017927,Olsenella,ERR1089869
34082.0,239934,genus,0.017927,Akkermansia,ERR1089869
34082.0,28453,genus,0.0149392,Sphingobacterium,ERR1089869
34082.0,33042,genus,0.0149392,Coprococcus,ERR1089869
34082.0,1716,genus,0.0149392,Corynebacterium,ERR1089869
34082.0,581,genus,0.0119514,Morganella,ERR1089869
34082.0,1134403,genus,0.0119514,Melioribacter,ERR1089869
34082.0,44748,genus,0.0119514,Sporobacter,ERR1089869
34082.0,233189,genus,0.00896352,Anaerolinea,ERR1089869
34082.0,244127,genus,0.00896352,Anaerotruncus,ERR1089869
34082.0,1637257,genus,0.00896352,Mageeibacillus,ERR1089869
34082.0,146813,genus,0.00896352,Dendrosporobacter,ERR1089869
34082.0,1279,genus,0.00896352,Staphylococcus,ERR1089869
34082.0,795750,genus,0.00896352,Ignavibacterium,ERR1089869
34082.0,1253,genus,0.00896352,Pediococcus,ERR1089869
34082.0,2740,genus,0.00896352,Peptococcus,ERR1089869
34082.0,1257,genus,0.00896352,Peptostreptococcus,ERR1089869
34082.0,84108,genus,0.00896352,Slackia,ERR1089869
34082.0,469,genus,0.00597568,Acinetobacter,ERR1089869
34082.0,40323,genus,0.00597568,Stenotrophomonas,ERR1089869
34082.0,44249,genus,0.00597568,Paenibacillus,ERR1089869
34082.0,262406,genus,0.00597568,Thermobaculum,ERR1089869
34082.0,93217,genus,0.00597568,Pandoraea,ERR1089869
34082.0,1350,genus,0.00597568,Enterococcus,ERR1089869
34082.0,55080,genus,0.00597568,Brevibacillus,ERR1089869
34082.0,114627,genus,0.00597568,Alkaliphilus,ERR1089869
34082.0,407,genus,0.00597568,Methylobacterium,ERR1089869
34082.0,264995,genus,0.00597568,Anaerofustis,ERR1089869
34082.0,1030,genus,0.00597568,Thiothrix,ERR1089869
34082.0,32205,genus,0.00597568,Leptonema,ERR1089869
34082.0,332248,genus,0.00597568,Truepera,ERR1089869
34082.0,22,genus,0.00597568,Shewanella,ERR1089869
34082.0,1839,genus,0.00597568,Nocardioides,ERR1089869
34082.0,467975,genus,0.00597568,Iamia,ERR1089869
34082.0,283168,genus,0.00597568,Odoribacter,ERR1089869
34082.0,37914,genus,0.00597568,Dietzia,ERR1089869
34082.0,2299,genus,0.00597568,Desulfosarcina,ERR1089869
34082.0,1573534,genus,0.00597568,Faecalitalea,ERR1089869
34082.0,58113,genus,0.00298784,Glycomyces,ERR1089869
34082.0,363276,genus,0.00298784,Ktedonobacter,ERR1089869
34082.0,34098,genus,0.00298784,Blattabacterium,ERR1089869
34082.0,1548510,genus,0.00298784,Microbacter,ERR1089869
34082.0,2733,genus,0.00298784,Symbiobacterium,ERR1089869
34082.0,224465,genus,0.00298784,Kofleria,ERR1089869
34082.0,182709,genus,0.00298784,Oceanobacillus,ERR1089869
34082.0,265570,genus,0.00298784,Sulfurovum,ERR1089869
34082.0,1573535,genus,0.00298784,Holdemanella,ERR1089869
34082.0,713,genus,0.00298784,Actinobacillus,ERR1089869
34082.0,497,genus,0.00298784,Psychrobacter,ERR1089869
34082.0,57665,genus,0.00298784,Sulfurospirillum,ERR1089869
34082.0,70774,genus,0.00298784,Hydrogenophilus,ERR1089869
34082.0,46205,genus,0.00298784,Pseudobutyrivibrio,ERR1089869
34082.0,207599,genus,0.00298784,Solirubrobacter,ERR1089869
34082.0,1236988,genus,0.00298784,Geofilum,ERR1089869
34082.0,33882,genus,0.00298784,Microbacterium,ERR1089869
34082.0,2742,genus,0.00298784,Marinobacter,ERR1089869
34082.0,59732,genus,0.00298784,Chryseobacterium,ERR1089869
34082.0,289201,genus,0.00298784,Pontibacillus,ERR1089869
34082.0,898,genus,0.00298784,Desulfomicrobium,ERR1089869
34082.0,2086,genus,0.00298784,Anaeroplasma,ERR1089869
34082.0,61170,genus,0.00298784,Holdemania,ERR1089869
34082.0,34019,genus,0.00298784,Candidatus Liberibacter,ERR1089869
34082.0,235888,genus,0.00298784,Salinibacterium,ERR1089869
34082.0,33057,genus,0.00298784,Thauera,ERR1089869
34082.0,1357,genus,0.00298784,Lactococcus,ERR1089869
34082.0,642,genus,0.00298784,Aeromonas,ERR1089869
34082.0,13687,genus,0.00298784,Sphingomonas,ERR1089869
34082.0,166484,genus,0.00298784,Caminicella,ERR1089869
34082.0,577309,genus,0.00298784,Paraprevotella,ERR1089869
34082.0,1827,genus,0.00298784,Rhodococcus,ERR1089869
34082.0,40544,genus,0.00298784,Sutterella,ERR1089869
34082.0,1551504,genus,0.00298784,Candidatus Babela,ERR1089869
34082.0,84111,genus,0.00298784,Eggerthella,ERR1089869
34082.0,1471399,genus,0.00298784,Draconibacterium,ERR1089869
34082.0,445,genus,0.00298784,Legionella,ERR1089869
34082.0,1378,genus,0.00298784,Gemella,ERR1089869
34082.0,156973,genus,0.00298784,Dysgonomonas,ERR1089869
34082.0,1647,genus,0.00298784,Erysipelothrix,ERR1089869
34082.0,85265,genus,0.00298784,Phaeospirillum,ERR1089869
34082.0,346096,genus,0.00298784,Paludibacter,ERR1089869
34082.0,990721,genus,0.00298784,Christensenella,ERR1089869
34082.0,118966,genus,0.00298784,Anaerorhabdus,ERR1089869
34082.0,349,genus,0.00298784,Zoogloea,ERR1089869
34082.0,359407,genus,0.00298784,Methylotenera,ERR1089869
34082.0,2147,genus,0.00298784,Acholeplasma,ERR1089869
34082.0,2745,genus,0.00298784,Halomonas,ERR1089869
34082.0,294702,genus,0.00298784,Proteiniphilum,ERR1089869
34082.0,85,genus,0.00298784,Hyphomonas,ERR1089869
34082.0,269258,genus,0.00298784,Nitratiruptor,ERR1089869
34082.0,872,genus,0.00298784,Desulfovibrio,ERR1089869
34082.0,1269,genus,0.00298784,Micrococcus,ERR1089869
34082.0,1652133,genus,0.00298784,Halobacteriovorax,ERR1089869
34082.0,100883,genus,0.00298784,Coprobacillus,ERR1089869
34082.0,120961,genus,0.00298784,Roseiflexus,ERR1089869
34082.0,106633,genus,0.00298784,Thioalkalivibrio,ERR1089869
34082.0,830,genus,0.00298784,Butyrivibrio,ERR1089869
34082.0,1054211,genus,0.00298784,Sulfuritalea,ERR1089869
34082.0,117563,genus,0.00298784,Granulicatella,ERR1089869
34082.0,209,genus,0.00298784,Helicobacter,ERR1089869
,-1,genus,17.1711,Unknown,ERR1089869
34082.0,816,genus,33.6909,Bacteroides,ERR1089869
34082.0,577310,genus,9.04419,Parasutterella,ERR1089869
34082.0,216851,genus,7.89387,Faecalibacterium,ERR1089869
34082.0,1678,genus,7.44271,Bifidobacterium,ERR1089869
34082.0,375288,genus,4.28456,Parabacteroides,ERR1089869
34082.0,162289,genus,3.50772,Peptoniphilus,ERR1089869
34082.0,165779,genus,2.75778,Anaerococcus,ERR1089869
34082.0,572511,genus,2.34545,Blautia,ERR1089869
34082.0,836,genus,1.78374,Porphyromonas,ERR1089869
34082.0,41273,genus,1.43715,Tissierella,ERR1089869
34082.0,150022,genus,1.3266,Finegoldia,ERR1089869
34082.0,286,genus,0.6633,Pseudomonas,ERR1089869
34082.0,1505663,genus,0.648361,Erysipelatoclostridium,ERR1089869
34082.0,838,genus,0.633422,Prevotella,ERR1089869
34082.0,841,genus,0.597568,Roseburia,ERR1089869
34082.0,39948,genus,0.540799,Dialister,ERR1089869
34082.0,1505657,genus,0.418298,Intestinibacter,ERR1089869
34082.0,1506553,genus,0.409334,Lachnoclostridium,ERR1089869
34082.0,239759,genus,0.283845,Alistipes,ERR1089869
34082.0,724,genus,0.283845,Haemophilus,ERR1089869
34082.0,29465,genus,0.274881,Veillonella,ERR1089869
34082.0,184869,genus,0.247991,Varibaculum,ERR1089869
34082.0,904,genus,0.218112,Acidaminococcus,ERR1089869
34082.0,86331,genus,0.218112,Mogibacterium,ERR1089869
34082.0,1730,genus,0.191222,Eubacterium,ERR1089869
34082.0,207244,genus,0.101587,Anaerostipes,ERR1089869
34082.0,194,genus,0.0956109,Campylobacter,ERR1089869
34082.0,1508657,genus,0.0806717,Ruminiclostridium,ERR1089869
34082.0,28263,genus,0.0776838,Arcanobacterium,ERR1089869
34082.0,1485,genus,0.074696,Clostridium,ERR1089869
34082.0,1263,genus,0.074696,Ruminococcus,ERR1089869
34082.0,459786,genus,0.0687203,Oscillibacter,ERR1089869
34082.0,1506577,genus,0.0687203,Tyzzerella,ERR1089869
34082.0,31983,genus,0.0657325,Helcococcus,ERR1089869
34082.0,1301,genus,0.0537811,Streptococcus,ERR1089869
34082.0,1505652,genus,0.0358541,Terrisporobacter,ERR1089869
34082.0,1386,genus,0.0298784,Bacillus,ERR1089869
34082.0,392735,genus,0.0298784,Uliginosibacterium,ERR1089869
34082.0,914,genus,0.0298784,Nitrosomonas,ERR1089869
34082.0,1654,genus,0.0268906,Actinomyces,ERR1089869
34082.0,1843210,genus,0.0209149,Anaerocolumna,ERR1089869
34082.0,61434,genus,0.0209149,Dehalococcoides,ERR1089869
34082.0,1578,genus,0.0209149,Lactobacillus,ERR1089869
34082.0,102106,genus,0.0209149,Collinsella,ERR1089869
34082.0,1645,genus,0.0209149,Renibacterium,ERR1089869
34082.0,233191,genus,0.0209149,Caldilinea,ERR1089869
34082.0,133925,genus,0.017927,Olsenella,ERR1089869
34082.0,239934,genus,0.017927,Akkermansia,ERR1089869
34082.0,35832,genus,0.017927,Bilophila,ERR1089869
34082.0,33042,genus,0.0149392,Coprococcus,ERR1089869
34082.0,1716,genus,0.0149392,Corynebacterium,ERR1089869
34082.0,28453,genus,0.0149392,Sphingobacterium,ERR1089869
34082.0,581,genus,0.0119514,Morganella,ERR1089869
34082.0,1134403,genus,0.0119514,Melioribacter,ERR1089869
34082.0,44748,genus,0.0119514,Sporobacter,ERR1089869
34082.0,1637257,genus,0.00896352,Mageeibacillus,ERR1089869
34082.0,146813,genus,0.00896352,Dendrosporobacter,ERR1089869
34082.0,1279,genus,0.00896352,Staphylococcus,ERR1089869
34082.0,795750,genus,0.00896352,Ignavibacterium,ERR1089869
34082.0,1253,genus,0.00896352,Pediococcus,ERR1089869
34082.0,2740,genus,0.00896352,Peptococcus,ERR1089869
34082.0,1257,genus,0.00896352,Peptostreptococcus,ERR1089869
34082.0,84108,genus,0.00896352,Slackia,ERR1089869
34082.0,233189,genus,0.00896352,Anaerolinea,ERR1089869
34082.0,244127,genus,0.00896352,Anaerotruncus,ERR1089869
34082.0,40323,genus,0.00597568,Stenotrophomonas,ERR1089869
34082.0,44249,genus,0.00597568,Paenibacillus,ERR1089869
34082.0,262406,genus,0.00597568,Thermobaculum,ERR1089869
34082.0,93217,genus,0.00597568,Pandoraea,ERR1089869
34082.0,1350,genus,0.00597568,Enterococcus,ERR1089869
34082.0,55080,genus,0.00597568,Brevibacillus,ERR1089869
34082.0,114627,genus,0.00597568,Alkaliphilus,ERR1089869
34082.0,407,genus,0.00597568,Methylobacterium,ERR1089869
34082.0,264995,genus,0.00597568,Anaerofustis,ERR1089869
34082.0,1030,genus,0.00597568,Thiothrix,ERR1089869
34082.0,32205,genus,0.00597568,Leptonema,ERR1089869
34082.0,332248,genus,0.00597568,Truepera,ERR1089869
34082.0,22,genus,0.00597568,Shewanella,ERR1089869
34082.0,1839,genus,0.00597568,Nocardioides,ERR1089869
34082.0,467975,genus,0.00597568,Iamia,ERR1089869
34082.0,283168,genus,0.00597568,Odoribacter,ERR1089869
34082.0,37914,genus,0.00597568,Dietzia,ERR1089869
34082.0,2299,genus,0.00597568,Desulfosarcina,ERR1089869
34082.0,1573534,genus,0.00597568,Faecalitalea,ERR1089869
34082.0,469,genus,0.00597568,Acinetobacter,ERR1089869
34082.0,265570,genus,0.00298784,Sulfurovum,ERR1089869
34082.0,1573535,genus,0.00298784,Holdemanella,ERR1089869
34082.0,713,genus,0.00298784,Actinobacillus,ERR1089869
34082.0,497,genus,0.00298784,Psychrobacter,ERR1089869
34082.0,57665,genus,0.00298784,Sulfurospirillum,ERR1089869
34082.0,70774,genus,0.00298784,Hydrogenophilus,ERR1089869
34082.0,46205,genus,0.00298784,Pseudobutyrivibrio,ERR1089869
34082.0,207599,genus,0.00298784,Solirubrobacter,ERR1089869
34082.0,1236988,genus,0.00298784,Geofilum,ERR1089869
34082.0,33882,genus,0.00298784,Microbacterium,ERR1089869
34082.0,2742,genus,0.00298784,Marinobacter,ERR1089869
34082.0,59732,genus,0.00298784,Chryseobacterium,ERR1089869
34082.0,289201,genus,0.00298784,Pontibacillus,ERR1089869
34082.0,898,genus,0.00298784,Desulfomicrobium,ERR1089869
34082.0,2086,genus,0.00298784,Anaeroplasma,ERR1089869
34082.0,61170,genus,0.00298784,Holdemania,ERR1089869
34082.0,34019,genus,0.00298784,Candidatus Liberibacter,ERR1089869
34082.0,235888,genus,0.00298784,Salinibacterium,ERR1089869
34082.0,33057,genus,0.00298784,Thauera,ERR1089869
34082.0,1357,genus,0.00298784,Lactococcus,ERR1089869
34082.0,642,genus,0.00298784,Aeromonas,ERR1089869
34082.0,13687,genus,0.00298784,Sphingomonas,ERR1089869
34082.0,166484,genus,0.00298784,Caminicella,ERR1089869
34082.0,577309,genus,0.00298784,Paraprevotella,ERR1089869
34082.0,1827,genus,0.00298784,Rhodococcus,ERR1089869
34082.0,40544,genus,0.00298784,Sutterella,ERR1089869
34082.0,1551504,genus,0.00298784,Candidatus Babela,ERR1089869
34082.0,84111,genus,0.00298784,Eggerthella,ERR1089869
34082.0,1471399,genus,0.00298784,Draconibacterium,ERR1089869
34082.0,445,genus,0.00298784,Legionella,ERR1089869
34082.0,1378,genus,0.00298784,Gemella,ERR1089869
34082.0,156973,genus,0.00298784,Dysgonomonas,ERR1089869
34082.0,1647,genus,0.00298784,Erysipelothrix,ERR1089869
34082.0,85265,genus,0.00298784,Phaeospirillum,ERR1089869
34082.0,346096,genus,0.00298784,Paludibacter,ERR1089869
34082.0,990721,genus,0.00298784,Christensenella,ERR1089869
34082.0,118966,genus,0.00298784,Anaerorhabdus,ERR1089869
34082.0,349,genus,0.00298784,Zoogloea,ERR1089869
34082.0,359407,genus,0.00298784,Methylotenera,ERR1089869
34082.0,2147,genus,0.00298784,Acholeplasma,ERR1089869
34082.0,2745,genus,0.00298784,Halomonas,ERR1089869
34082.0,294702,genus,0.00298784,Proteiniphilum,ERR1089869
34082.0,85,genus,0.00298784,Hyphomonas,ERR1089869
34082.0,269258,genus,0.00298784,Nitratiruptor,ERR1089869
34082.0,872,genus,0.00298784,Desulfovibrio,ERR1089869
34082.0,1269,genus,0.00298784,Micrococcus,ERR1089869
34082.0,1652133,genus,0.00298784,Halobacteriovorax,ERR1089869
34082.0,100883,genus,0.00298784,Coprobacillus,ERR1089869
34082.0,120961,genus,0.00298784,Roseiflexus,ERR1089869
34082.0,106633,genus,0.00298784,Thioalkalivibrio,ERR1089869
34082.0,830,genus,0.00298784,Butyrivibrio,ERR1089869
34082.0,1054211,genus,0.00298784,Sulfuritalea,ERR1089869
34082.0,117563,genus,0.00298784,Granulicatella,ERR1089869
34082.0,209,genus,0.00298784,Helicobacter,ERR1089869
34082.0,58113,genus,0.00298784,Glycomyces,ERR1089869
34082.0,363276,genus,0.00298784,Ktedonobacter,ERR1089869
34082.0,34098,genus,0.00298784,Blattabacterium,ERR1089869
34082.0,1548510,genus,0.00298784,Microbacter,ERR1089869
34082.0,2733,genus,0.00298784,Symbiobacterium,ERR1089869
34082.0,224465,genus,0.00298784,Kofleria,ERR1089869
34082.0,182709,genus,0.00298784,Oceanobacillus,ERR1089869
,-1,genus,17.1711,Unknown,ERR1089869
34082.0,816,genus,33.6909,Bacteroides,ERR1089869
34082.0,577310,genus,9.04419,Parasutterella,ERR1089869
34082.0,216851,genus,7.89387,Faecalibacterium,ERR1089869
34082.0,1678,genus,7.44271,Bifidobacterium,ERR1089869
34082.0,375288,genus,4.28456,Parabacteroides,ERR1089869
34082.0,162289,genus,3.50772,Peptoniphilus,ERR1089869
34082.0,165779,genus,2.75778,Anaerococcus,ERR1089869
34082.0,572511,genus,2.34545,Blautia,ERR1089869
34082.0,836,genus,1.78374,Porphyromonas,ERR1089869
34082.0,41273,genus,1.43715,Tissierella,ERR1089869
34082.0,150022,genus,1.3266,Finegoldia,ERR1089869
34082.0,286,genus,0.6633,Pseudomonas,ERR1089869
34082.0,1505663,genus,0.648361,Erysipelatoclostridium,ERR1089869
34082.0,838,genus,0.633422,Prevotella,ERR1089869
34082.0,841,genus,0.597568,Roseburia,ERR1089869
34082.0,39948,genus,0.540799,Dialister,ERR1089869
34082.0,1505657,genus,0.418298,Intestinibacter,ERR1089869
34082.0,1506553,genus,0.409334,Lachnoclostridium,ERR1089869
34082.0,239759,genus,0.283845,Alistipes,ERR1089869
34082.0,724,genus,0.283845,Haemophilus,ERR1089869
34082.0,29465,genus,0.274881,Veillonella,ERR1089869
34082.0,184869,genus,0.247991,Varibaculum,ERR1089869
34082.0,904,genus,0.218112,Acidaminococcus,ERR1089869
34082.0,86331,genus,0.218112,Mogibacterium,ERR1089869
34082.0,1730,genus,0.191222,Eubacterium,ERR1089869
34082.0,207244,genus,0.101587,Anaerostipes,ERR1089869
34082.0,194,genus,0.0956109,Campylobacter,ERR1089869
34082.0,1508657,genus,0.0806717,Ruminiclostridium,ERR1089869
34082.0,28263,genus,0.0776838,Arcanobacterium,ERR1089869
34082.0,1485,genus,0.074696,Clostridium,ERR1089869
34082.0,1263,genus,0.074696,Ruminococcus,ERR1089869
34082.0,459786,genus,0.0687203,Oscillibacter,ERR1089869
34082.0,1506577,genus,0.0687203,Tyzzerella,ERR1089869
34082.0,31983,genus,0.0657325,Helcococcus,ERR1089869
34082.0,1301,genus,0.0537811,Streptococcus,ERR1089869
34082.0,1505652,genus,0.0358541,Terrisporobacter,ERR1089869
34082.0,392735,genus,0.0298784,Uliginosibacterium,ERR1089869
34082.0,914,genus,0.0298784,Nitrosomonas,ERR1089869
34082.0,1386,genus,0.0298784,Bacillus,ERR1089869
34082.0,1654,genus,0.0268906,Actinomyces,ERR1089869
34082.0,1645,genus,0.0209149,Renibacterium,ERR1089869
34082.0,102106,genus,0.0209149,Collinsella,ERR1089869
34082.0,233191,genus,0.0209149,Caldilinea,ERR1089869
34082.0,1843210,genus,0.0209149,Anaerocolumna,ERR1089869
34082.0,61434,genus,0.0209149,Dehalococcoides,ERR1089869
34082.0,1578,genus,0.0209149,Lactobacillus,ERR1089869
34082.0,239934,genus,0.017927,Akkermansia,ERR1089869
34082.0,35832,genus,0.017927,Bilophila,ERR1089869
34082.0,133925,genus,0.017927,Olsenella,ERR1089869
34082.0,1716,genus,0.0149392,Corynebacterium,ERR1089869
34082.0,28453,genus,0.0149392,Sphingobacterium,ERR1089869
34082.0,33042,genus,0.0149392,Coprococcus,ERR1089869
34082.0,44748,genus,0.0119514,Sporobacter,ERR1089869
34082.0,581,genus,0.0119514,Morganella,ERR1089869
34082.0,1134403,genus,0.0119514,Melioribacter,ERR1089869
34082.0,2740,genus,0.00896352,Peptococcus,ERR1089869
34082.0,1257,genus,0.00896352,Peptostreptococcus,ERR1089869
34082.0,1253,genus,0.00896352,Pediococcus,ERR1089869
34082.0,84108,genus,0.00896352,Slackia,ERR1089869
34082.0,244127,genus,0.00896352,Anaerotruncus,ERR1089869
34082.0,233189,genus,0.00896352,Anaerolinea,ERR1089869
34082.0,1637257,genus,0.00896352,Mageeibacillus,ERR1089869
34082.0,146813,genus,0.00896352,Dendrosporobacter,ERR1089869
34082.0,1279,genus,0.00896352,Staphylococcus,ERR1089869
34082.0,795750,genus,0.00896352,Ignavibacterium,ERR1089869
34082.0,1030,genus,0.00597568,Thiothrix,ERR1089869
34082.0,32205,genus,0.00597568,Leptonema,ERR1089869
34082.0,332248,genus,0.00597568,Truepera,ERR1089869
34082.0,22,genus,0.00597568,Shewanella,ERR1089869
34082.0,1839,genus,0.00597568,Nocardioides,ERR1089869
34082.0,283168,genus,0.00597568,Odoribacter,ERR1089869
34082.0,467975,genus,0.00597568,Iamia,ERR1089869
34082.0,2299,genus,0.00597568,Desulfosarcina,ERR1089869
34082.0,1573534,genus,0.00597568,Faecalitalea,ERR1089869
34082.0,37914,genus,0.00597568,Dietzia,ERR1089869
34082.0,469,genus,0.00597568,Acinetobacter,ERR1089869
34082.0,40323,genus,0.00597568,Stenotrophomonas,ERR1089869
34082.0,44249,genus,0.00597568,Paenibacillus,ERR1089869
34082.0,262406,genus,0.00597568,Thermobaculum,ERR1089869
34082.0,93217,genus,0.00597568,Pandoraea,ERR1089869
34082.0,1350,genus,0.00597568,Enterococcus,ERR1089869
34082.0,55080,genus,0.00597568,Brevibacillus,ERR1089869
34082.0,114627,genus,0.00597568,Alkaliphilus,ERR1089869
34082.0,264995,genus,0.00597568,Anaerofustis,ERR1089869
34082.0,407,genus,0.00597568,Methylobacterium,ERR1089869
34082.0,166484,genus,0.00298784,Caminicella,ERR1089869
34082.0,577309,genus,0.00298784,Paraprevotella,ERR1089869
34082.0,1827,genus,0.00298784,Rhodococcus,ERR1089869
34082.0,40544,genus,0.00298784,Sutterella,ERR1089869
34082.0,642,genus,0.00298784,Aeromonas,ERR1089869
34082.0,13687,genus,0.00298784,Sphingomonas,ERR1089869
34082.0,84111,genus,0.00298784,Eggerthella,ERR1089869
34082.0,1471399,genus,0.00298784,Draconibacterium,ERR1089869
34082.0,445,genus,0.00298784,Legionella,ERR1089869
34082.0,1551504,genus,0.00298784,Candidatus Babela,ERR1089869
34082.0,1378,genus,0.00298784,Gemella,ERR1089869
34082.0,156973,genus,0.00298784,Dysgonomonas,ERR1089869
34082.0,1647,genus,0.00298784,Erysipelothrix,ERR1089869
34082.0,85265,genus,0.00298784,Phaeospirillum,ERR1089869
34082.0,346096,genus,0.00298784,Paludibacter,ERR1089869
34082.0,990721,genus,0.00298784,Christensenella,ERR1089869
34082.0,349,genus,0.00298784,Zoogloea,ERR1089869
34082.0,359407,genus,0.00298784,Methylotenera,ERR1089869
34082.0,2147,genus,0.00298784,Acholeplasma,ERR1089869
34082.0,2745,genus,0.00298784,Halomonas,ERR1089869
34082.0,118966,genus,0.00298784,Anaerorhabdus,ERR1089869
34082.0,85,genus,0.00298784,Hyphomonas,ERR1089869
34082.0,269258,genus,0.00298784,Nitratiruptor,ERR1089869
34082.0,294702,genus,0.00298784,Proteiniphilum,ERR1089869
34082.0,1269,genus,0.00298784,Micrococcus,ERR1089869
34082.0,1652133,genus,0.00298784,Halobacteriovorax,ERR1089869
34082.0,100883,genus,0.00298784,Coprobacillus,ERR1089869
34082.0,120961,genus,0.00298784,Roseiflexus,ERR1089869
34082.0,106633,genus,0.00298784,Thioalkalivibrio,ERR1089869
34082.0,830,genus,0.00298784,Butyrivibrio,ERR1089869
34082.0,872,genus,0.00298784,Desulfovibrio,ERR1089869
34082.0,117563,genus,0.00298784,Granulicatella,ERR1089869
34082.0,1054211,genus,0.00298784,Sulfuritalea,ERR1089869
34082.0,209,genus,0.00298784,Helicobacter,ERR1089869
34082.0,363276,genus,0.00298784,Ktedonobacter,ERR1089869
34082.0,34098,genus,0.00298784,Blattabacterium,ERR1089869
34082.0,1548510,genus,0.00298784,Microbacter,ERR1089869
34082.0,58113,genus,0.00298784,Glycomyces,ERR1089869
34082.0,224465,genus,0.00298784,Kofleria,ERR1089869
34082.0,182709,genus,0.00298784,Oceanobacillus,ERR1089869
34082.0,2733,genus,0.00298784,Symbiobacterium,ERR1089869
34082.0,1573535,genus,0.00298784,Holdemanella,ERR1089869
34082.0,713,genus,0.00298784,Actinobacillus,ERR1089869
34082.0,265570,genus,0.00298784,Sulfurovum,ERR1089869
34082.0,70774,genus,0.00298784,Hydrogenophilus,ERR1089869
34082.0,497,genus,0.00298784,Psychrobacter,ERR1089869
34082.0,57665,genus,0.00298784,Sulfurospirillum,ERR1089869
34082.0,1236988,genus,0.00298784,Geofilum,ERR1089869
34082.0,33882,genus,0.00298784,Microbacterium,ERR1089869
34082.0,46205,genus,0.00298784,Pseudobutyrivibrio,ERR1089869
34082.0,207599,genus,0.00298784,Solirubrobacter,ERR1089869
34082.0,2742,genus,0.00298784,Marinobacter,ERR1089869
34082.0,59732,genus,0.00298784,Chryseobacterium,ERR1089869
34082.0,61170,genus,0.00298784,Holdemania,ERR1089869
34082.0,289201,genus,0.00298784,Pontibacillus,ERR1089869
34082.0,898,genus,0.00298784,Desulfomicrobium,ERR1089869
34082.0,2086,genus,0.00298784,Anaeroplasma,ERR1089869
34082.0,34019,genus,0.00298784,Candidatus Liberibacter,ERR1089869
34082.0,235888,genus,0.00298784,Salinibacterium,ERR1089869
34082.0,33057,genus,0.00298784,Thauera,ERR1089869
34082.0,1357,genus,0.00298784,Lactococcus,ERR1089869
,-1,genus,17.1711,Unknown,ERR1089869
34082.0,816,genus,33.6909,Bacteroides,ERR1089869
34082.0,577310,genus,9.04419,Parasutterella,ERR1089869
34082.0,216851,genus,7.89387,Faecalibacterium,ERR1089869
34082.0,1678,genus,7.44271,Bifidobacterium,ERR1089869
34082.0,375288,genus,4.28456,Parabacteroides,ERR1089869
34082.0,162289,genus,3.50772,Peptoniphilus,ERR1089869
34082.0,165779,genus,2.75778,Anaerococcus,ERR1089869
34082.0,572511,genus,2.34545,Blautia,ERR1089869
34082.0,836,genus,1.78374,Porphyromonas,ERR1089869
34082.0,41273,genus,1.43715,Tissierella,ERR1089869
34082.0,150022,genus,1.3266,Finegoldia,ERR1089869
34082.0,286,genus,0.6633,Pseudomonas,ERR1089869
34082.0,1505663,genus,0.648361,Erysipelatoclostridium,ERR1089869
34082.0,838,genus,0.633422,Prevotella,ERR1089869
34082.0,841,genus,0.597568,Roseburia,ERR1089869
34082.0,39948,genus,0.540799,Dialister,ERR1089869
34082.0,1505657,genus,0.418298,Intestinibacter,ERR1089869
34082.0,1506553,genus,0.409334,Lachnoclostridium,ERR1089869
34082.0,239759,genus,0.283845,Alistipes,ERR1089869
34082.0,724,genus,0.283845,Haemophilus,ERR1089869
34082.0,29465,genus,0.274881,Veillonella,ERR1089869
34082.0,184869,genus,0.247991,Varibaculum,ERR1089869
34082.0,904,genus,0.218112,Acidaminococcus,ERR1089869
34082.0,86331,genus,0.218112,Mogibacterium,ERR1089869
34082.0,1730,genus,0.191222,Eubacterium,ERR1089869
34082.0,207244,genus,0.101587,Anaerostipes,ERR1089869
34082.0,194,genus,0.0956109,Campylobacter,ERR1089869
34082.0,1508657,genus,0.0806717,Ruminiclostridium,ERR1089869
34082.0,28263,genus,0.0776838,Arcanobacterium,ERR1089869
34082.0,1485,genus,0.074696,Clostridium,ERR1089869
34082.0,1263,genus,0.074696,Ruminococcus,ERR1089869
34082.0,459786,genus,0.0687203,Oscillibacter,ERR1089869
34082.0,1506577,genus,0.0687203,Tyzzerella,ERR1089869
34082.0,31983,genus,0.0657325,Helcococcus,ERR1089869
34082.0,1301,genus,0.0537811,Streptococcus,ERR1089869
34082.0,1505652,genus,0.0358541,Terrisporobacter,ERR1089869
34082.0,1386,genus,0.0298784,Bacillus,ERR1089869
34082.0,392735,genus,0.0298784,Uliginosibacterium,ERR1089869
34082.0,914,genus,0.0298784,Nitrosomonas,ERR1089869
34082.0,1654,genus,0.0268906,Actinomyces,ERR1089869
34082.0,1578,genus,0.0209149,Lactobacillus,ERR1089869
34082.0,102106,genus,0.0209149,Collinsella,ERR1089869
34082.0,1645,genus,0.0209149,Renibacterium,ERR1089869
34082.0,233191,genus,0.0209149,Caldilinea,ERR1089869
34082.0,1843210,genus,0.0209149,Anaerocolumna,ERR1089869
34082.0,61434,genus,0.0209149,Dehalococcoides,ERR1089869
34082.0,133925,genus,0.017927,Olsenella,ERR1089869
34082.0,239934,genus,0.017927,Akkermansia,ERR1089869
34082.0,35832,genus,0.017927,Bilophila,ERR1089869
34082.0,1716,genus,0.0149392,Corynebacterium,ERR1089869
34082.0,28453,genus,0.0149392,Sphingobacterium,ERR1089869
34082.0,33042,genus,0.0149392,Coprococcus,ERR1089869
34082.0,44748,genus,0.0119514,Sporobacter,ERR1089869
34082.0,581,genus,0.0119514,Morganella,ERR1089869
34082.0,1134403,genus,0.0119514,Melioribacter,ERR1089869
34082.0,1279,genus,0.00896352,Staphylococcus,ERR1089869
34082.0,795750,genus,0.00896352,Ignavibacterium,ERR1089869
34082.0,1253,genus,0.00896352,Pediococcus,ERR1089869
34082.0,2740,genus,0.00896352,Peptococcus,ERR1089869
34082.0,1257,genus,0.00896352,Peptostreptococcus,ERR1089869
34082.0,84108,genus,0.00896352,Slackia,ERR1089869
34082.0,233189,genus,0.00896352,Anaerolinea,ERR1089869
34082.0,244127,genus,0.00896352,Anaerotruncus,ERR1089869
34082.0,1637257,genus,0.00896352,Mageeibacillus,ERR1089869
34082.0,146813,genus,0.00896352,Dendrosporobacter,ERR1089869
34082.0,1350,genus,0.00597568,Enterococcus,ERR1089869
34082.0,55080,genus,0.00597568,Brevibacillus,ERR1089869
34082.0,114627,genus,0.00597568,Alkaliphilus,ERR1089869
34082.0,407,genus,0.00597568,Methylobacterium,ERR1089869
34082.0,264995,genus,0.00597568,Anaerofustis,ERR1089869
34082.0,1030,genus,0.00597568,Thiothrix,ERR1089869
34082.0,32205,genus,0.00597568,Leptonema,ERR1089869
34082.0,332248,genus,0.00597568,Truepera,ERR1089869
34082.0,22,genus,0.00597568,Shewanella,ERR1089869
34082.0,1839,genus,0.00597568,Nocardioides,ERR1089869
34082.0,467975,genus,0.00597568,Iamia,ERR1089869
34082.0,283168,genus,0.00597568,Odoribacter,ERR1089869
34082.0,37914,genus,0.00597568,Dietzia,ERR1089869
34082.0,2299,genus,0.00597568,Desulfosarcina,ERR1089869
34082.0,1573534,genus,0.00597568,Faecalitalea,ERR1089869
34082.0,469,genus,0.00597568,Acinetobacter,ERR1089869
34082.0,40323,genus,0.00597568,Stenotrophomonas,ERR1089869
34082.0,44249,genus,0.00597568,Paenibacillus,ERR1089869
34082.0,262406,genus,0.00597568,Thermobaculum,ERR1089869
34082.0,93217,genus,0.00597568,Pandoraea,ERR1089869
34082.0,2742,genus,0.00298784,Marinobacter,ERR1089869
34082.0,59732,genus,0.00298784,Chryseobacterium,ERR1089869
34082.0,289201,genus,0.00298784,Pontibacillus,ERR1089869
34082.0,898,genus,0.00298784,Desulfomicrobium,ERR1089869
34082.0,2086,genus,0.00298784,Anaeroplasma,ERR1089869
34082.0,61170,genus,0.00298784,Holdemania,ERR1089869
34082.0,34019,genus,0.00298784,Candidatus Liberibacter,ERR1089869
34082.0,235888,genus,0.00298784,Salinibacterium,ERR1089869
34082.0,33057,genus,0.00298784,Thauera,ERR1089869
34082.0,1357,genus,0.00298784,Lactococcus,ERR1089869
34082.0,642,genus,0.00298784,Aeromonas,ERR1089869
34082.0,13687,genus,0.00298784,Sphingomonas,ERR1089869
34082.0,166484,genus,0.00298784,Caminicella,ERR1089869
34082.0,577309,genus,0.00298784,Paraprevotella,ERR1089869
34082.0,1827,genus,0.00298784,Rhodococcus,ERR1089869
34082.0,40544,genus,0.00298784,Sutterella,ERR1089869
34082.0,1551504,genus,0.00298784,Candidatus Babela,ERR1089869
34082.0,84111,genus,0.00298784,Eggerthella,ERR1089869
34082.0,1471399,genus,0.00298784,Draconibacterium,ERR1089869
34082.0,445,genus,0.00298784,Legionella,ERR1089869
34082.0,1378,genus,0.00298784,Gemella,ERR1089869
34082.0,156973,genus,0.00298784,Dysgonomonas,ERR1089869
34082.0,1647,genus,0.00298784,Erysipelothrix,ERR1089869
34082.0,85265,genus,0.00298784,Phaeospirillum,ERR1089869
34082.0,346096,genus,0.00298784,Paludibacter,ERR1089869
34082.0,990721,genus,0.00298784,Christensenella,ERR1089869
34082.0,118966,genus,0.00298784,Anaerorhabdus,ERR1089869
34082.0,349,genus,0.00298784,Zoogloea,ERR1089869
34082.0,359407,genus,0.00298784,Methylotenera,ERR1089869
34082.0,2147,genus,0.00298784,Acholeplasma,ERR1089869
34082.0,2745,genus,0.00298784,Halomonas,ERR1089869
34082.0,294702,genus,0.00298784,Proteiniphilum,ERR1089869
34082.0,85,genus,0.00298784,Hyphomonas,ERR1089869
34082.0,269258,genus,0.00298784,Nitratiruptor,ERR1089869
34082.0,830,genus,0.00298784,Butyrivibrio,ERR1089869
34082.0,872,genus,0.00298784,Desulfovibrio,ERR1089869
34082.0,1269,genus,0.00298784,Micrococcus,ERR1089869
34082.0,1652133,genus,0.00298784,Halobacteriovorax,ERR1089869
34082.0,100883,genus,0.00298784,Coprobacillus,ERR1089869
34082.0,120961,genus,0.00298784,Roseiflexus,ERR1089869
34082.0,106633,genus,0.00298784,Thioalkalivibrio,ERR1089869
34082.0,1054211,genus,0.00298784,Sulfuritalea,ERR1089869
34082.0,117563,genus,0.00298784,Granulicatella,ERR1089869
34082.0,209,genus,0.00298784,Helicobacter,ERR1089869
34082.0,58113,genus,0.00298784,Glycomyces,ERR1089869
34082.0,363276,genus,0.00298784,Ktedonobacter,ERR1089869
34082.0,34098,genus,0.00298784,Blattabacterium,ERR1089869
34082.0,1548510,genus,0.00298784,Microbacter,ERR1089869
34082.0,2733,genus,0.00298784,Symbiobacterium,ERR1089869
34082.0,224465,genus,0.00298784,Kofleria,ERR1089869
34082.0,182709,genus,0.00298784,Oceanobacillus,ERR1089869
34082.0,265570,genus,0.00298784,Sulfurovum,ERR1089869
34082.0,1573535,genus,0.00298784,Holdemanella,ERR1089869
34082.0,713,genus,0.00298784,Actinobacillus,ERR1089869
34082.0,497,genus,0.00298784,Psychrobacter,ERR1089869
34082.0,57665,genus,0.00298784,Sulfurospirillum,ERR1089869
34082.0,70774,genus,0.00298784,Hydrogenophilus,ERR1089869
34082.0,46205,genus,0.00298784,Pseudobutyrivibrio,ERR1089869
34082.0,207599,genus,0.00298784,Solirubrobacter,ERR1089869
34082.0,1236988,genus,0.00298784,Geofilum,ERR1089869
34082.0,33882,genus,0.00298784,Microbacterium,ERR1089869
,-1,genus,17.1711,Unknown,ERR1089869
34082.0,816,genus,33.6909,Bacteroides,ERR1089869
34082.0,577310,genus,9.04419,Parasutterella,ERR1089869
34082.0,216851,genus,7.89387,Faecalibacterium,ERR1089869
34082.0,1678,genus,7.44271,Bifidobacterium,ERR1089869
34082.0,375288,genus,4.28456,Parabacteroides,ERR1089869
34082.0,162289,genus,3.50772,Peptoniphilus,ERR1089869
34082.0,165779,genus,2.75778,Anaerococcus,ERR1089869
34082.0,572511,genus,2.34545,Blautia,ERR1089869
34082.0,836,genus,1.78374,Porphyromonas,ERR1089869
34082.0,41273,genus,1.43715,Tissierella,ERR1089869
34082.0,150022,genus,1.3266,Finegoldia,ERR1089869
34082.0,286,genus,0.6633,Pseudomonas,ERR1089869
34082.0,1505663,genus,0.648361,Erysipelatoclostridium,ERR1089869
34082.0,838,genus,0.633422,Prevotella,ERR1089869
34082.0,841,genus,0.597568,Roseburia,ERR1089869
34082.0,39948,genus,0.540799,Dialister,ERR1089869
34082.0,1505657,genus,0.418298,Intestinibacter,ERR1089869
34082.0,1506553,genus,0.409334,Lachnoclostridium,ERR1089869
34082.0,239759,genus,0.283845,Alistipes,ERR1089869
34082.0,724,genus,0.283845,Haemophilus,ERR1089869
34082.0,29465,genus,0.274881,Veillonella,ERR1089869
34082.0,184869,genus,0.247991,Varibaculum,ERR1089869
34082.0,904,genus,0.218112,Acidaminococcus,ERR1089869
34082.0,86331,genus,0.218112,Mogibacterium,ERR1089869
34082.0,1730,genus,0.191222,Eubacterium,ERR1089869
34082.0,207244,genus,0.101587,Anaerostipes,ERR1089869
34082.0,194,genus,0.0956109,Campylobacter,ERR1089869
34082.0,1508657,genus,0.0806717,Ruminiclostridium,ERR1089869
34082.0,28263,genus,0.0776838,Arcanobacterium,ERR1089869
34082.0,1485,genus,0.074696,Clostridium,ERR1089869
34082.0,1263,genus,0.074696,Ruminococcus,ERR1089869
34082.0,459786,genus,0.0687203,Oscillibacter,ERR1089869
34082.0,1506577,genus,0.0687203,Tyzzerella,ERR1089869
34082.0,31983,genus,0.0657325,Helcococcus,ERR1089869
34082.0,1301,genus,0.0537811,Streptococcus,ERR1089869
34082.0,1505652,genus,0.0358541,Terrisporobacter,ERR1089869
34082.0,392735,genus,0.0298784,Uliginosibacterium,ERR1089869
34082.0,914,genus,0.0298784,Nitrosomonas,ERR1089869
34082.0,1386,genus,0.0298784,Bacillus,ERR1089869
34082.0,1654,genus,0.0268906,Actinomyces,ERR1089869
34082.0,102106,genus,0.0209149,Collinsella,ERR1089869
34082.0,1645,genus,0.0209149,Renibacterium,ERR1089869
34082.0,233191,genus,0.0209149,Caldilinea,ERR1089869
34082.0,1843210,genus,0.0209149,Anaerocolumna,ERR1089869
34082.0,61434,genus,0.0209149,Dehalococcoides,ERR1089869
34082.0,1578,genus,0.0209149,Lactobacillus,ERR1089869
34082.0,239934,genus,0.017927,Akkermansia,ERR1089869
34082.0,35832,genus,0.017927,Bilophila,ERR1089869
34082.0,133925,genus,0.017927,Olsenella,ERR1089869
34082.0,1716,genus,0.0149392,Corynebacterium,ERR1089869
34082.0,28453,genus,0.0149392,Sphingobacterium,ERR1089869
34082.0,33042,genus,0.0149392,Coprococcus,ERR1089869
34082.0,44748,genus,0.0119514,Sporobacter,ERR1089869
34082.0,581,genus,0.0119514,Morganella,ERR1089869
34082.0,1134403,genus,0.0119514,Melioribacter,ERR1089869
34082.0,795750,genus,0.00896352,Ignavibacterium,ERR1089869
34082.0,1253,genus,0.00896352,Pediococcus,ERR1089869
34082.0,2740,genus,0.00896352,Peptococcus,ERR1089869
34082.0,1257,genus,0.00896352,Peptostreptococcus,ERR1089869
34082.0,84108,genus,0.00896352,Slackia,ERR1089869
34082.0,233189,genus,0.00896352,Anaerolinea,ERR1089869
34082.0,244127,genus,0.00896352,Anaerotruncus,ERR1089869
34082.0,1637257,genus,0.00896352,Mageeibacillus,ERR1089869
34082.0,146813,genus,0.00896352,Dendrosporobacter,ERR1089869
34082.0,1279,genus,0.00896352,Staphylococcus,ERR1089869
34082.0,1350,genus,0.00597568,Enterococcus,ERR1089869
34082.0,55080,genus,0.00597568,Brevibacillus,ERR1089869
34082.0,114627,genus,0.00597568,Alkaliphilus,ERR1089869
34082.0,407,genus,0.00597568,Methylobacterium,ERR1089869
34082.0,264995,genus,0.00597568,Anaerofustis,ERR1089869
34082.0,1030,genus,0.00597568,Thiothrix,ERR1089869
34082.0,32205,genus,0.00597568,Leptonema,ERR1089869
34082.0,332248,genus,0.00597568,Truepera,ERR1089869
34082.0,22,genus,0.00597568,Shewanella,ERR1089869
34082.0,1839,genus,0.00597568,Nocardioides,ERR1089869
34082.0,467975,genus,0.00597568,Iamia,ERR1089869
34082.0,283168,genus,0.00597568,Odoribacter,ERR1089869
34082.0,37914,genus,0.00597568,Dietzia,ERR1089869
34082.0,2299,genus,0.00597568,Desulfosarcina,ERR1089869
34082.0,1573534,genus,0.00597568,Faecalitalea,ERR1089869
34082.0,469,genus,0.00597568,Acinetobacter,ERR1089869
34082.0,40323,genus,0.00597568,Stenotrophomonas,ERR1089869
34082.0,44249,genus,0.00597568,Paenibacillus,ERR1089869
34082.0,262406,genus,0.00597568,Thermobaculum,ERR1089869
34082.0,93217,genus,0.00597568,Pandoraea,ERR1089869
34082.0,289201,genus,0.00298784,Pontibacillus,ERR1089869
34082.0,898,genus,0.00298784,Desulfomicrobium,ERR1089869
34082.0,2086,genus,0.00298784,Anaeroplasma,ERR1089869
34082.0,61170,genus,0.00298784,Holdemania,ERR1089869
34082.0,34019,genus,0.00298784,Candidatus Liberibacter,ERR1089869
34082.0,235888,genus,0.00298784,Salinibacterium,ERR1089869
34082.0,33057,genus,0.00298784,Thauera,ERR1089869
34082.0,1357,genus,0.00298784,Lactococcus,ERR1089869
34082.0,642,genus,0.00298784,Aeromonas,ERR1089869
34082.0,13687,genus,0.00298784,Sphingomonas,ERR1089869
34082.0,166484,genus,0.00298784,Caminicella,ERR1089869
34082.0,577309,genus,0.00298784,Paraprevotella,ERR1089869
34082.0,1827,genus,0.00298784,Rhodococcus,ERR1089869
34082.0,40544,genus,0.00298784,Sutterella,ERR1089869
34082.0,1551504,genus,0.00298784,Candidatus Babela,ERR1089869
34082.0,84111,genus,0.00298784,Eggerthella,ERR1089869
34082.0,1471399,genus,0.00298784,Draconibacterium,ERR1089869
34082.0,445,genus,0.00298784,Legionella,ERR1089869
34082.0,1378,genus,0.00298784,Gemella,ERR1089869
34082.0,156973,genus,0.00298784,Dysgonomonas,ERR1089869
34082.0,1647,genus,0.00298784,Erysipelothrix,ERR1089869
34082.0,85265,genus,0.00298784,Phaeospirillum,ERR1089869
34082.0,346096,genus,0.00298784,Paludibacter,ERR1089869
34082.0,990721,genus,0.00298784,Christensenella,ERR1089869
34082.0,118966,genus,0.00298784,Anaerorhabdus,ERR1089869
34082.0,349,genus,0.00298784,Zoogloea,ERR1089869
34082.0,359407,genus,0.00298784,Methylotenera,ERR1089869
34082.0,2147,genus,0.00298784,Acholeplasma,ERR1089869
34082.0,2745,genus,0.00298784,Halomonas,ERR1089869
34082.0,294702,genus,0.00298784,Proteiniphilum,ERR1089869
34082.0,85,genus,0.00298784,Hyphomonas,ERR1089869
34082.0,269258,genus,0.00298784,Nitratiruptor,ERR1089869
34082.0,872,genus,0.00298784,Desulfovibrio,ERR1089869
34082.0,1269,genus,0.00298784,Micrococcus,ERR1089869
34082.0,1652133,genus,0.00298784,Halobacteriovorax,ERR1089869
34082.0,100883,genus,0.00298784,Coprobacillus,ERR1089869
34082.0,120961,genus,0.00298784,Roseiflexus,ERR1089869
34082.0,106633,genus,0.00298784,Thioalkalivibrio,ERR1089869
34082.0,830,genus,0.00298784,Butyrivibrio,ERR1089869
34082.0,1054211,genus,0.00298784,Sulfuritalea,ERR1089869
34082.0,117563,genus,0.00298784,Granulicatella,ERR1089869
34082.0,209,genus,0.00298784,Helicobacter,ERR1089869
34082.0,58113,genus,0.00298784,Glycomyces,ERR1089869
34082.0,363276,genus,0.00298784,Ktedonobacter,ERR1089869
34082.0,34098,genus,0.00298784,Blattabacterium,ERR1089869
34082.0,1548510,genus,0.00298784,Microbacter,ERR1089869
34082.0,2733,genus,0.00298784,Symbiobacterium,ERR1089869
34082.0,224465,genus,0.00298784,Kofleria,ERR1089869
34082.0,182709,genus,0.00298784,Oceanobacillus,ERR1089869
34082.0,265570,genus,0.00298784,Sulfurovum,ERR1089869
34082.0,1573535,genus,0.00298784,Holdemanella,ERR1089869
34082.0,713,genus,0.00298784,Actinobacillus,ERR1089869
34082.0,497,genus,0.00298784,Psychrobacter,ERR1089869
34082.0,57665,genus,0.00298784,Sulfurospirillum,ERR1089869
34082.0,70774,genus,0.00298784,Hydrogenophilus,ERR1089869
34082.0,46205,genus,0.00298784,Pseudobutyrivibrio,ERR1089869
34082.0,207599,genus,0.00298784,Solirubrobacter,ERR1089869
34082.0,1236988,genus,0.00298784,Geofilum,ERR1089869
34082.0,33882,genus,0.00298784,Microbacterium,ERR1089869
34082.0,2742,genus,0.00298784,Marinobacter,ERR1089869
34082.0,59732,genus,0.00298784,Chryseobacterium,ERR1089869
,-1,genus,17.1711,Unknown,ERR1089869
34082.0,816,genus,33.6909,Bacteroides,ERR1089869
34082.0,577310,genus,9.04419,Parasutterella,ERR1089869
34082.0,216851,genus,7.89387,Faecalibacterium,ERR1089869
34082.0,1678,genus,7.44271,Bifidobacterium,ERR1089869
34082.0,375288,genus,4.28456,Parabacteroides,ERR1089869
34082.0,162289,genus,3.50772,Peptoniphilus,ERR1089869
34082.0,165779,genus,2.75778,Anaerococcus,ERR1089869
34082.0,572511,genus,2.34545,Blautia,ERR1089869
34082.0,836,genus,1.78374,Porphyromonas,ERR1089869
34082.0,41273,genus,1.43715,Tissierella,ERR1089869
34082.0,150022,genus,1.3266,Finegoldia,ERR1089869
34082.0,286,genus,0.6633,Pseudomonas,ERR1089869
34082.0,1505663,genus,0.648361,Erysipelatoclostridium,ERR1089869
34082.0,838,genus,0.633422,Prevotella,ERR1089869
34082.0,841,genus,0.597568,Roseburia,ERR1089869
34082.0,39948,genus,0.540799,Dialister,ERR1089869
34082.0,1505657,genus,0.418298,Intestinibacter,ERR1089869
34082.0,1506553,genus,0.409334,Lachnoclostridium,ERR1089869
34082.0,239759,genus,0.283845,Alistipes,ERR1089869
34082.0,724,genus,0.283845,Haemophilus,ERR1089869
34082.0,29465,genus,0.274881,Veillonella,ERR1089869
34082.0,184869,genus,0.247991,Varibaculum,ERR1089869
34082.0,904,genus,0.218112,Acidaminococcus,ERR1089869
34082.0,86331,genus,0.218112,Mogibacterium,ERR1089869
34082.0,1730,genus,0.191222,Eubacterium,ERR1089869
34082.0,207244,genus,0.101587,Anaerostipes,ERR1089869
34082.0,194,genus,0.0956109,Campylobacter,ERR1089869
34082.0,1508657,genus,0.0806717,Ruminiclostridium,ERR1089869
34082.0,28263,genus,0.0776838,Arcanobacterium,ERR1089869
34082.0,1485,genus,0.074696,Clostridium,ERR1089869
34082.0,1263,genus,0.074696,Ruminococcus,ERR1089869
34082.0,459786,genus,0.0687203,Oscillibacter,ERR1089869
34082.0,1506577,genus,0.0687203,Tyzzerella,ERR1089869
34082.0,31983,genus,0.0657325,Helcococcus,ERR1089869
34082.0,1301,genus,0.0537811,Streptococcus,ERR1089869
34082.0,1505652,genus,0.0358541,Terrisporobacter,ERR1089869
34082.0,1386,genus,0.0298784,Bacillus,ERR1089869
34082.0,392735,genus,0.0298784,Uliginosibacterium,ERR1089869
34082.0,914,genus,0.0298784,Nitrosomonas,ERR1089869
34082.0,1654,genus,0.0268906,Actinomyces,ERR1089869
34082.0,1578,genus,0.0209149,Lactobacillus,ERR1089869
34082.0,102106,genus,0.0209149,Collinsella,ERR1089869
34082.0,1645,genus,0.0209149,Renibacterium,ERR1089869
34082.0,233191,genus,0.0209149,Caldilinea,ERR1089869
34082.0,1843210,genus,0.0209149,Anaerocolumna,ERR1089869
34082.0,61434,genus,0.0209149,Dehalococcoides,ERR1089869
34082.0,133925,genus,0.017927,Olsenella,ERR1089869
34082.0,239934,genus,0.017927,Akkermansia,ERR1089869
34082.0,35832,genus,0.017927,Bilophila,ERR1089869
34082.0,1716,genus,0.0149392,Corynebacterium,ERR1089869
34082.0,28453,genus,0.0149392,Sphingobacterium,ERR1089869
34082.0,33042,genus,0.0149392,Coprococcus,ERR1089869
34082.0,44748,genus,0.0119514,Sporobacter,ERR1089869
34082.0,581,genus,0.0119514,Morganella,ERR1089869
34082.0,1134403,genus,0.0119514,Melioribacter,ERR1089869
34082.0,146813,genus,0.00896352,Dendrosporobacter,ERR1089869
34082.0,1279,genus,0.00896352,Staphylococcus,ERR1089869
34082.0,795750,genus,0.00896352,Ignavibacterium,ERR1089869
34082.0,1253,genus,0.00896352,Pediococcus,ERR1089869
34082.0,2740,genus,0.00896352,Peptococcus,ERR1089869
34082.0,1257,genus,0.00896352,Peptostreptococcus,ERR1089869
34082.0,84108,genus,0.00896352,Slackia,ERR1089869
34082.0,233189,genus,0.00896352,Anaerolinea,ERR1089869
34082.0,244127,genus,0.00896352,Anaerotruncus,ERR1089869
34082.0,1637257,genus,0.00896352,Mageeibacillus,ERR1089869
34082.0,262406,genus,0.00597568,Thermobaculum,ERR1089869
34082.0,93217,genus,0.00597568,Pandoraea,ERR1089869
34082.0,1350,genus,0.00597568,Enterococcus,ERR1089869
34082.0,55080,genus,0.00597568,Brevibacillus,ERR1089869
34082.0,114627,genus,0.00597568,Alkaliphilus,ERR1089869
34082.0,407,genus,0.00597568,Methylobacterium,ERR1089869
34082.0,264995,genus,0.00597568,Anaerofustis,ERR1089869
34082.0,1030,genus,0.00597568,Thiothrix,ERR1089869
34082.0,32205,genus,0.00597568,Leptonema,ERR1089869
34082.0,332248,genus,0.00597568,Truepera,ERR1089869
34082.0,22,genus,0.00597568,Shewanella,ERR1089869
34082.0,1839,genus,0.00597568,Nocardioides,ERR1089869
34082.0,467975,genus,0.00597568,Iamia,ERR1089869
34082.0,283168,genus,0.00597568,Odoribacter,ERR1089869
34082.0,37914,genus,0.00597568,Dietzia,ERR1089869
34082.0,2299,genus,0.00597568,Desulfosarcina,ERR1089869
34082.0,1573534,genus,0.00597568,Faecalitalea,ERR1089869
34082.0,469,genus,0.00597568,Acinetobacter,ERR1089869
34082.0,40323,genus,0.00597568,Stenotrophomonas,ERR1089869
34082.0,44249,genus,0.00597568,Paenibacillus,ERR1089869
34082.0,46205,genus,0.00298784,Pseudobutyrivibrio,ERR1089869
34082.0,207599,genus,0.00298784,Solirubrobacter,ERR1089869
34082.0,1236988,genus,0.00298784,Geofilum,ERR1089869
34082.0,33882,genus,0.00298784,Microbacterium,ERR1089869
34082.0,2742,genus,0.00298784,Marinobacter,ERR1089869
34082.0,59732,genus,0.00298784,Chryseobacterium,ERR1089869
34082.0,289201,genus,0.00298784,Pontibacillus,ERR1089869
34082.0,898,genus,0.00298784,Desulfomicrobium,ERR1089869
34082.0,2086,genus,0.00298784,Anaeroplasma,ERR1089869
34082.0,61170,genus,0.00298784,Holdemania,ERR1089869
34082.0,34019,genus,0.00298784,Candidatus Liberibacter,ERR1089869
34082.0,235888,genus,0.00298784,Salinibacterium,ERR1089869
34082.0,33057,genus,0.00298784,Thauera,ERR1089869
34082.0,1357,genus,0.00298784,Lactococcus,ERR1089869
34082.0,642,genus,0.00298784,Aeromonas,ERR1089869
34082.0,13687,genus,0.00298784,Sphingomonas,ERR1089869
34082.0,166484,genus,0.00298784,Caminicella,ERR1089869
34082.0,577309,genus,0.00298784,Paraprevotella,ERR1089869
34082.0,1827,genus,0.00298784,Rhodococcus,ERR1089869
34082.0,40544,genus,0.00298784,Sutterella,ERR1089869
34082.0,1551504,genus,0.00298784,Candidatus Babela,ERR1089869
34082.0,84111,genus,0.00298784,Eggerthella,ERR1089869
34082.0,1471399,genus,0.00298784,Draconibacterium,ERR1089869
34082.0,445,genus,0.00298784,Legionella,ERR1089869
34082.0,1378,genus,0.00298784,Gemella,ERR1089869
34082.0,156973,genus,0.00298784,Dysgonomonas,ERR1089869
34082.0,1647,genus,0.00298784,Erysipelothrix,ERR1089869
34082.0,85265,genus,0.00298784,Phaeospirillum,ERR1089869
34082.0,346096,genus,0.00298784,Paludibacter,ERR1089869
34082.0,990721,genus,0.00298784,Christensenella,ERR1089869
34082.0,118966,genus,0.00298784,Anaerorhabdus,ERR1089869
34082.0,349,genus,0.00298784,Zoogloea,ERR1089869
34082.0,359407,genus,0.00298784,Methylotenera,ERR1089869
34082.0,2147,genus,0.00298784,Acholeplasma,ERR1089869
34082.0,2745,genus,0.00298784,Halomonas,ERR1089869
34082.0,294702,genus,0.00298784,Proteiniphilum,ERR1089869
34082.0,85,genus,0.00298784,Hyphomonas,ERR1089869
34082.0,269258,genus,0.00298784,Nitratiruptor,ERR1089869
34082.0,872,genus,0.00298784,Desulfovibrio,ERR1089869
34082.0,1269,genus,0.00298784,Micrococcus,ERR1089869
34082.0,1652133,genus,0.00298784,Halobacteriovorax,ERR1089869
34082.0,100883,genus,0.00298784,Coprobacillus,ERR1089869
34082.0,120961,genus,0.00298784,Roseiflexus,ERR1089869
34082.0,106633,genus,0.00298784,Thioalkalivibrio,ERR1089869
34082.0,830,genus,0.00298784,Butyrivibrio,ERR1089869
34082.0,1054211,genus,0.00298784,Sulfuritalea,ERR1089869
34082.0,117563,genus,0.00298784,Granulicatella,ERR1089869
34082.0,209,genus,0.00298784,Helicobacter,ERR1089869
34082.0,58113,genus,0.00298784,Glycomyces,ERR1089869
34082.0,363276,genus,0.00298784,Ktedonobacter,ERR1089869
34082.0,34098,genus,0.00298784,Blattabacterium,ERR1089869
34082.0,1548510,genus,0.00298784,Microbacter,ERR1089869
34082.0,2733,genus,0.00298784,Symbiobacterium,ERR1089869
34082.0,224465,genus,0.00298784,Kofleria,ERR1089869
34082.0,182709,genus,0.00298784,Oceanobacillus,ERR1089869
34082.0,265570,genus,0.00298784,Sulfurovum,ERR1089869
34082.0,1573535,genus,0.00298784,Holdemanella,ERR1089869
34082.0,713,genus,0.00298784,Actinobacillus,ERR1089869
34082.0,497,genus,0.00298784,Psychrobacter,ERR1089869
34082.0,57665,genus,0.00298784,Sulfurospirillum,ERR1089869
34082.0,70774,genus,0.00298784,Hydrogenophilus,ERR1089869
,-1,genus,17.1711,Unknown,ERR1089869
34083.0,1678,genus,16.1382,Bifidobacterium,ERR1089875
34083.0,216851,genus,13.0937,Faecalibacterium,ERR1089875
34083.0,1485,genus,7.83907,Clostridium,ERR1089875
34083.0,816,genus,7.33842,Bacteroides,ERR1089875
34083.0,1578,genus,4.9028,Lactobacillus,ERR1089875
34083.0,1508657,genus,2.92725,Ruminiclostridium,ERR1089875
34083.0,239934,genus,1.6914,Akkermansia,ERR1089875
34083.0,1505663,genus,1.32155,Erysipelatoclostridium,ERR1089875
34083.0,1730,genus,1.10505,Eubacterium,ERR1089875
34083.0,375288,genus,0.920121,Parabacteroides,ERR1089875
34083.0,1350,genus,0.865996,Enterococcus,ERR1089875
34083.0,572511,genus,0.829913,Blautia,ERR1089875
34083.0,1505657,genus,0.703622,Intestinibacter,ERR1089875
34083.0,207244,genus,0.68558,Anaerostipes,ERR1089875
34083.0,84111,genus,0.635966,Eggerthella,ERR1089875
34083.0,239759,genus,0.446529,Alistipes,ERR1089875
34083.0,990721,genus,0.333769,Christensenella,ERR1089875
34083.0,1386,genus,0.311217,Bacillus,ERR1089875
34083.0,1279,genus,0.148843,Staphylococcus,ERR1089875
34083.0,1301,genus,0.135312,Streptococcus,ERR1089875
34083.0,189330,genus,0.135312,Dorea,ERR1089875
34083.0,44748,genus,0.121781,Sporobacter,ERR1089875
34083.0,1263,genus,0.10825,Ruminococcus,ERR1089875
34083.0,1253,genus,0.103739,Pediococcus,ERR1089875
34083.0,459786,genus,0.0947183,Oscillibacter,ERR1089875
34083.0,1505652,genus,0.0811871,Terrisporobacter,ERR1089875
34083.0,836,genus,0.0766767,Porphyromonas,ERR1089875
34083.0,586,genus,0.0541248,Providencia,ERR1089875
34083.0,129337,genus,0.0496144,Geobacillus,ERR1089875
34083.0,841,genus,0.0496144,Roseburia,ERR1089875
34083.0,1654,genus,0.045104,Actinomyces,ERR1089875
34083.0,644652,genus,0.0405936,Gordonibacter,ERR1089875
34083.0,1645,genus,0.0405936,Renibacterium,ERR1089875
34083.0,233191,genus,0.0405936,Caldilinea,ERR1089875
34083.0,872,genus,0.0360832,Desulfovibrio,ERR1089875
34083.0,1506553,genus,0.0360832,Lachnoclostridium,ERR1089875
34083.0,117563,genus,0.0315728,Granulicatella,ERR1089875
34083.0,244127,genus,0.0315728,Anaerotruncus,ERR1089875
34083.0,577310,genus,0.0315728,Parasutterella,ERR1089875
34083.0,283168,genus,0.0270624,Odoribacter,ERR1089875
34083.0,180541,genus,0.022552,Salinisphaera,ERR1089875
34083.0,898,genus,0.022552,Desulfomicrobium,ERR1089875
34083.0,1716,genus,0.0180416,Corynebacterium,ERR1089875
34083.0,233189,genus,0.0180416,Anaerolinea,ERR1089875
34083.0,262406,genus,0.0180416,Thermobaculum,ERR1089875
34083.0,2132,genus,0.0180416,Spiroplasma,ERR1089875
34083.0,561,genus,0.0180416,Escherichia,ERR1089875
34083.0,61434,genus,0.0180416,Dehalococcoides,ERR1089875
34083.0,1378,genus,0.0135312,Gemella,ERR1089875
34083.0,1357,genus,0.0135312,Lactococcus,ERR1089875
34083.0,29465,genus,0.0135312,Veillonella,ERR1089875
34083.0,332248,genus,0.0135312,Truepera,ERR1089875
34083.0,286,genus,0.0135312,Pseudomonas,ERR1089875
34083.0,156973,genus,0.0135312,Dysgonomonas,ERR1089875
34083.0,79206,genus,0.00902079,Desulfosporosinus,ERR1089875
34083.0,2737,genus,0.00902079,Vagococcus,ERR1089875
34083.0,724,genus,0.00902079,Haemophilus,ERR1089875
34083.0,104264,genus,0.00902079,Cellulophaga,ERR1089875
34083.0,102106,genus,0.00902079,Collinsella,ERR1089875
34083.0,28231,genus,0.00902079,Geobacter,ERR1089875
34083.0,838,genus,0.00902079,Prevotella,ERR1089875
34083.0,44249,genus,0.00902079,Paenibacillus,ERR1089875
34083.0,114627,genus,0.00902079,Alkaliphilus,ERR1089875
34083.0,698776,genus,0.00902079,Cellulosilyticum,ERR1089875
34083.0,264995,genus,0.00902079,Anaerofustis,ERR1089875
34083.0,467975,genus,0.00902079,Iamia,ERR1089875
34083.0,1870884,genus,0.00902079,Clostridioides,ERR1089875
34083.0,795750,genus,0.00902079,Ignavibacterium,ERR1089875
34083.0,1257,genus,0.00902079,Peptostreptococcus,ERR1089875
34083.0,2747,genus,0.00902079,Carnobacterium,ERR1089875
34083.0,83660,genus,0.0045104,Desulfonispora,ERR1089875
34083.0,45669,genus,0.0045104,Salinicoccus,ERR1089875
34083.0,106633,genus,0.0045104,Thioalkalivibrio,ERR1089875
34083.0,133925,genus,0.0045104,Olsenella,ERR1089875
34083.0,1827,genus,0.0045104,Rhodococcus,ERR1089875
34083.0,79598,genus,0.0045104,Heliorestis,ERR1089875
34083.0,162289,genus,0.0045104,Peptoniphilus,ERR1089875
34083.0,166484,genus,0.0045104,Caminicella,ERR1089875
34083.0,192992,genus,0.0045104,Thermoleophilum,ERR1089875
34083.0,39948,genus,0.0045104,Dialister,ERR1089875
34083.0,323449,genus,0.0045104,Pontibacter,ERR1089875
34083.0,55080,genus,0.0045104,Brevibacillus,ERR1089875
34083.0,848,genus,0.0045104,Fusobacterium,ERR1089875
34083.0,499,genus,0.0045104,Thermomicrobium,ERR1089875
34083.0,40323,genus,0.0045104,Stenotrophomonas,ERR1089875
34083.0,48463,genus,0.0045104,Prosthecobacter,ERR1089875
34083.0,61170,genus,0.0045104,Holdemania,ERR1089875
34083.0,469,genus,0.0045104,Acinetobacter,ERR1089875
34083.0,445,genus,0.0045104,Legionella,ERR1089875
34083.0,186831,genus,0.0045104,Acetoanaerobium,ERR1089875
34083.0,379899,genus,0.0045104,Niabella,ERR1089875
34083.0,172900,genus,0.0045104,Victivallis,ERR1089875
34083.0,118747,genus,0.0045104,Bulleidia,ERR1089875
34083.0,407,genus,0.0045104,Methylobacterium,ERR1089875
34083.0,1210119,genus,0.0045104,Ohtaekwangia,ERR1089875
34083.0,2701,genus,0.0045104,Gardnerella,ERR1089875
34083.0,1647,genus,0.0045104,Erysipelothrix,ERR1089875
34083.0,41273,genus,0.0045104,Tissierella,ERR1089875
34083.0,41275,genus,0.0045104,Brevundimonas,ERR1089875
34083.0,57493,genus,0.0045104,Kocuria,ERR1089875
34083.0,2299,genus,0.0045104,Desulfosarcina,ERR1089875
34083.0,1243,genus,0.0045104,Leuconostoc,ERR1089875
34083.0,1883,genus,0.0045104,Streptomyces,ERR1089875
34083.0,2152,genus,0.0045104,Asteroleplasma,ERR1089875
34083.0,46255,genus,0.0045104,Weissella,ERR1089875
34083.0,453229,genus,0.0045104,Desulfarculus,ERR1089875
34083.0,397864,genus,0.0045104,Barnesiella,ERR1089875
34083.0,265980,genus,0.0045104,Alkalimonas,ERR1089875
34083.0,400634,genus,0.0045104,Lysinibacillus,ERR1089875
34083.0,583,genus,0.0045104,Proteus,ERR1089875
34083.0,82802,genus,0.0045104,Trichococcus,ERR1089875
34083.0,649460,genus,0.0045104,Filimonas,ERR1089875
34083.0,53335,genus,0.0045104,Pantoea,ERR1089875
34083.0,118966,genus,0.0045104,Anaerorhabdus,ERR1089875
34083.0,269258,genus,0.0045104,Nitratiruptor,ERR1089875
34083.0,1505664,genus,0.0045104,Gottschalkia,ERR1089875
34083.0,235888,genus,0.0045104,Salinibacterium,ERR1089875
34083.0,2086,genus,0.0045104,Anaeroplasma,ERR1089875
34083.0,1486726,genus,0.0045104,Pseudobacteroides,ERR1089875
,-1,genus,35.7494,Unknown,ERR1089875
34083.0,1678,genus,16.1382,Bifidobacterium,ERR1089875
34083.0,216851,genus,13.0937,Faecalibacterium,ERR1089875
34083.0,1485,genus,7.83907,Clostridium,ERR1089875
34083.0,816,genus,7.33842,Bacteroides,ERR1089875
34083.0,1578,genus,4.9028,Lactobacillus,ERR1089875
34083.0,1508657,genus,2.92725,Ruminiclostridium,ERR1089875
34083.0,239934,genus,1.6914,Akkermansia,ERR1089875
34083.0,1505663,genus,1.32155,Erysipelatoclostridium,ERR1089875
34083.0,1730,genus,1.10505,Eubacterium,ERR1089875
34083.0,375288,genus,0.920121,Parabacteroides,ERR1089875
34083.0,1350,genus,0.865996,Enterococcus,ERR1089875
34083.0,572511,genus,0.829913,Blautia,ERR1089875
34083.0,1505657,genus,0.703622,Intestinibacter,ERR1089875
34083.0,207244,genus,0.68558,Anaerostipes,ERR1089875
34083.0,84111,genus,0.635966,Eggerthella,ERR1089875
34083.0,239759,genus,0.446529,Alistipes,ERR1089875
34083.0,990721,genus,0.333769,Christensenella,ERR1089875
34083.0,1386,genus,0.311217,Bacillus,ERR1089875
34083.0,1279,genus,0.148843,Staphylococcus,ERR1089875
34083.0,189330,genus,0.135312,Dorea,ERR1089875
34083.0,1301,genus,0.135312,Streptococcus,ERR1089875
34083.0,44748,genus,0.121781,Sporobacter,ERR1089875
34083.0,1263,genus,0.10825,Ruminococcus,ERR1089875
34083.0,1253,genus,0.103739,Pediococcus,ERR1089875
34083.0,459786,genus,0.0947183,Oscillibacter,ERR1089875
34083.0,1505652,genus,0.0811871,Terrisporobacter,ERR1089875
34083.0,836,genus,0.0766767,Porphyromonas,ERR1089875
34083.0,586,genus,0.0541248,Providencia,ERR1089875
34083.0,129337,genus,0.0496144,Geobacillus,ERR1089875
34083.0,841,genus,0.0496144,Roseburia,ERR1089875
34083.0,1654,genus,0.045104,Actinomyces,ERR1089875
34083.0,644652,genus,0.0405936,Gordonibacter,ERR1089875
34083.0,1645,genus,0.0405936,Renibacterium,ERR1089875
34083.0,233191,genus,0.0405936,Caldilinea,ERR1089875
34083.0,872,genus,0.0360832,Desulfovibrio,ERR1089875
34083.0,1506553,genus,0.0360832,Lachnoclostridium,ERR1089875
34083.0,117563,genus,0.0315728,Granulicatella,ERR1089875
34083.0,244127,genus,0.0315728,Anaerotruncus,ERR1089875
34083.0,577310,genus,0.0315728,Parasutterella,ERR1089875
34083.0,283168,genus,0.0270624,Odoribacter,ERR1089875
34083.0,180541,genus,0.022552,Salinisphaera,ERR1089875
34083.0,898,genus,0.022552,Desulfomicrobium,ERR1089875
34083.0,1716,genus,0.0180416,Corynebacterium,ERR1089875
34083.0,233189,genus,0.0180416,Anaerolinea,ERR1089875
34083.0,262406,genus,0.0180416,Thermobaculum,ERR1089875
34083.0,2132,genus,0.0180416,Spiroplasma,ERR1089875
34083.0,561,genus,0.0180416,Escherichia,ERR1089875
34083.0,61434,genus,0.0180416,Dehalococcoides,ERR1089875
34083.0,1378,genus,0.0135312,Gemella,ERR1089875
34083.0,1357,genus,0.0135312,Lactococcus,ERR1089875
34083.0,29465,genus,0.0135312,Veillonella,ERR1089875
34083.0,332248,genus,0.0135312,Truepera,ERR1089875
34083.0,286,genus,0.0135312,Pseudomonas,ERR1089875
34083.0,156973,genus,0.0135312,Dysgonomonas,ERR1089875
34083.0,79206,genus,0.00902079,Desulfosporosinus,ERR1089875
34083.0,2737,genus,0.00902079,Vagococcus,ERR1089875
34083.0,724,genus,0.00902079,Haemophilus,ERR1089875
34083.0,104264,genus,0.00902079,Cellulophaga,ERR1089875
34083.0,102106,genus,0.00902079,Collinsella,ERR1089875
34083.0,28231,genus,0.00902079,Geobacter,ERR1089875
34083.0,838,genus,0.00902079,Prevotella,ERR1089875
34083.0,44249,genus,0.00902079,Paenibacillus,ERR1089875
34083.0,114627,genus,0.00902079,Alkaliphilus,ERR1089875
34083.0,698776,genus,0.00902079,Cellulosilyticum,ERR1089875
34083.0,264995,genus,0.00902079,Anaerofustis,ERR1089875
34083.0,467975,genus,0.00902079,Iamia,ERR1089875
34083.0,1870884,genus,0.00902079,Clostridioides,ERR1089875
34083.0,795750,genus,0.00902079,Ignavibacterium,ERR1089875
34083.0,1257,genus,0.00902079,Peptostreptococcus,ERR1089875
34083.0,2747,genus,0.00902079,Carnobacterium,ERR1089875
34083.0,1827,genus,0.0045104,Rhodococcus,ERR1089875
34083.0,79598,genus,0.0045104,Heliorestis,ERR1089875
34083.0,162289,genus,0.0045104,Peptoniphilus,ERR1089875
34083.0,166484,genus,0.0045104,Caminicella,ERR1089875
34083.0,192992,genus,0.0045104,Thermoleophilum,ERR1089875
34083.0,39948,genus,0.0045104,Dialister,ERR1089875
34083.0,323449,genus,0.0045104,Pontibacter,ERR1089875
34083.0,55080,genus,0.0045104,Brevibacillus,ERR1089875
34083.0,848,genus,0.0045104,Fusobacterium,ERR1089875
34083.0,499,genus,0.0045104,Thermomicrobium,ERR1089875
34083.0,40323,genus,0.0045104,Stenotrophomonas,ERR1089875
34083.0,48463,genus,0.0045104,Prosthecobacter,ERR1089875
34083.0,61170,genus,0.0045104,Holdemania,ERR1089875
34083.0,469,genus,0.0045104,Acinetobacter,ERR1089875
34083.0,445,genus,0.0045104,Legionella,ERR1089875
34083.0,186831,genus,0.0045104,Acetoanaerobium,ERR1089875
34083.0,379899,genus,0.0045104,Niabella,ERR1089875
34083.0,172900,genus,0.0045104,Victivallis,ERR1089875
34083.0,118747,genus,0.0045104,Bulleidia,ERR1089875
34083.0,407,genus,0.0045104,Methylobacterium,ERR1089875
34083.0,1210119,genus,0.0045104,Ohtaekwangia,ERR1089875
34083.0,2701,genus,0.0045104,Gardnerella,ERR1089875
34083.0,1647,genus,0.0045104,Erysipelothrix,ERR1089875
34083.0,41273,genus,0.0045104,Tissierella,ERR1089875
34083.0,41275,genus,0.0045104,Brevundimonas,ERR1089875
34083.0,57493,genus,0.0045104,Kocuria,ERR1089875
34083.0,2299,genus,0.0045104,Desulfosarcina,ERR1089875
34083.0,1243,genus,0.0045104,Leuconostoc,ERR1089875
34083.0,1883,genus,0.0045104,Streptomyces,ERR1089875
34083.0,2152,genus,0.0045104,Asteroleplasma,ERR1089875
34083.0,46255,genus,0.0045104,Weissella,ERR1089875
34083.0,453229,genus,0.0045104,Desulfarculus,ERR1089875
34083.0,397864,genus,0.0045104,Barnesiella,ERR1089875
34083.0,265980,genus,0.0045104,Alkalimonas,ERR1089875
34083.0,400634,genus,0.0045104,Lysinibacillus,ERR1089875
34083.0,583,genus,0.0045104,Proteus,ERR1089875
34083.0,82802,genus,0.0045104,Trichococcus,ERR1089875
34083.0,649460,genus,0.0045104,Filimonas,ERR1089875
34083.0,53335,genus,0.0045104,Pantoea,ERR1089875
34083.0,118966,genus,0.0045104,Anaerorhabdus,ERR1089875
34083.0,269258,genus,0.0045104,Nitratiruptor,ERR1089875
34083.0,1505664,genus,0.0045104,Gottschalkia,ERR1089875
34083.0,235888,genus,0.0045104,Salinibacterium,ERR1089875
34083.0,2086,genus,0.0045104,Anaeroplasma,ERR1089875
34083.0,1486726,genus,0.0045104,Pseudobacteroides,ERR1089875
34083.0,83660,genus,0.0045104,Desulfonispora,ERR1089875
34083.0,45669,genus,0.0045104,Salinicoccus,ERR1089875
34083.0,106633,genus,0.0045104,Thioalkalivibrio,ERR1089875
34083.0,133925,genus,0.0045104,Olsenella,ERR1089875
,-1,genus,35.7494,Unknown,ERR1089875
34083.0,1678,genus,16.1382,Bifidobacterium,ERR1089875
34083.0,216851,genus,13.0937,Faecalibacterium,ERR1089875
34083.0,1485,genus,7.83907,Clostridium,ERR1089875
34083.0,816,genus,7.33842,Bacteroides,ERR1089875
34083.0,1578,genus,4.9028,Lactobacillus,ERR1089875
34083.0,1508657,genus,2.92725,Ruminiclostridium,ERR1089875
34083.0,239934,genus,1.6914,Akkermansia,ERR1089875
34083.0,1505663,genus,1.32155,Erysipelatoclostridium,ERR1089875
34083.0,1730,genus,1.10505,Eubacterium,ERR1089875
34083.0,375288,genus,0.920121,Parabacteroides,ERR1089875
34083.0,1350,genus,0.865996,Enterococcus,ERR1089875
34083.0,572511,genus,0.829913,Blautia,ERR1089875
34083.0,1505657,genus,0.703622,Intestinibacter,ERR1089875
34083.0,207244,genus,0.68558,Anaerostipes,ERR1089875
34083.0,84111,genus,0.635966,Eggerthella,ERR1089875
34083.0,239759,genus,0.446529,Alistipes,ERR1089875
34083.0,990721,genus,0.333769,Christensenella,ERR1089875
34083.0,1386,genus,0.311217,Bacillus,ERR1089875
34083.0,1279,genus,0.148843,Staphylococcus,ERR1089875
34083.0,1301,genus,0.135312,Streptococcus,ERR1089875
34083.0,189330,genus,0.135312,Dorea,ERR1089875
34083.0,44748,genus,0.121781,Sporobacter,ERR1089875
34083.0,1263,genus,0.10825,Ruminococcus,ERR1089875
34083.0,1253,genus,0.103739,Pediococcus,ERR1089875
34083.0,459786,genus,0.0947183,Oscillibacter,ERR1089875
34083.0,1505652,genus,0.0811871,Terrisporobacter,ERR1089875
34083.0,836,genus,0.0766767,Porphyromonas,ERR1089875
34083.0,586,genus,0.0541248,Providencia,ERR1089875
34083.0,129337,genus,0.0496144,Geobacillus,ERR1089875
34083.0,841,genus,0.0496144,Roseburia,ERR1089875
34083.0,1654,genus,0.045104,Actinomyces,ERR1089875
34083.0,644652,genus,0.0405936,Gordonibacter,ERR1089875
34083.0,1645,genus,0.0405936,Renibacterium,ERR1089875
34083.0,233191,genus,0.0405936,Caldilinea,ERR1089875
34083.0,872,genus,0.0360832,Desulfovibrio,ERR1089875
34083.0,1506553,genus,0.0360832,Lachnoclostridium,ERR1089875
34083.0,117563,genus,0.0315728,Granulicatella,ERR1089875
34083.0,244127,genus,0.0315728,Anaerotruncus,ERR1089875
34083.0,577310,genus,0.0315728,Parasutterella,ERR1089875
34083.0,283168,genus,0.0270624,Odoribacter,ERR1089875
34083.0,180541,genus,0.022552,Salinisphaera,ERR1089875
34083.0,898,genus,0.022552,Desulfomicrobium,ERR1089875
34083.0,1716,genus,0.0180416,Corynebacterium,ERR1089875
34083.0,233189,genus,0.0180416,Anaerolinea,ERR1089875
34083.0,262406,genus,0.0180416,Thermobaculum,ERR1089875
34083.0,2132,genus,0.0180416,Spiroplasma,ERR1089875
34083.0,561,genus,0.0180416,Escherichia,ERR1089875
34083.0,61434,genus,0.0180416,Dehalococcoides,ERR1089875
34083.0,1378,genus,0.0135312,Gemella,ERR1089875
34083.0,1357,genus,0.0135312,Lactococcus,ERR1089875
34083.0,29465,genus,0.0135312,Veillonella,ERR1089875
34083.0,332248,genus,0.0135312,Truepera,ERR1089875
34083.0,286,genus,0.0135312,Pseudomonas,ERR1089875
34083.0,156973,genus,0.0135312,Dysgonomonas,ERR1089875
34083.0,1257,genus,0.00902079,Peptostreptococcus,ERR1089875
34083.0,2747,genus,0.00902079,Carnobacterium,ERR1089875
34083.0,79206,genus,0.00902079,Desulfosporosinus,ERR1089875
34083.0,2737,genus,0.00902079,Vagococcus,ERR1089875
34083.0,724,genus,0.00902079,Haemophilus,ERR1089875
34083.0,104264,genus,0.00902079,Cellulophaga,ERR1089875
34083.0,102106,genus,0.00902079,Collinsella,ERR1089875
34083.0,28231,genus,0.00902079,Geobacter,ERR1089875
34083.0,838,genus,0.00902079,Prevotella,ERR1089875
34083.0,44249,genus,0.00902079,Paenibacillus,ERR1089875
34083.0,114627,genus,0.00902079,Alkaliphilus,ERR1089875
34083.0,698776,genus,0.00902079,Cellulosilyticum,ERR1089875
34083.0,264995,genus,0.00902079,Anaerofustis,ERR1089875
34083.0,467975,genus,0.00902079,Iamia,ERR1089875
34083.0,1870884,genus,0.00902079,Clostridioides,ERR1089875
34083.0,795750,genus,0.00902079,Ignavibacterium,ERR1089875
34083.0,235888,genus,0.0045104,Salinibacterium,ERR1089875
34083.0,2086,genus,0.0045104,Anaeroplasma,ERR1089875
34083.0,1486726,genus,0.0045104,Pseudobacteroides,ERR1089875
34083.0,83660,genus,0.0045104,Desulfonispora,ERR1089875
34083.0,45669,genus,0.0045104,Salinicoccus,ERR1089875
34083.0,106633,genus,0.0045104,Thioalkalivibrio,ERR1089875
34083.0,133925,genus,0.0045104,Olsenella,ERR1089875
34083.0,1827,genus,0.0045104,Rhodococcus,ERR1089875
34083.0,79598,genus,0.0045104,Heliorestis,ERR1089875
34083.0,162289,genus,0.0045104,Peptoniphilus,ERR1089875
34083.0,166484,genus,0.0045104,Caminicella,ERR1089875
34083.0,192992,genus,0.0045104,Thermoleophilum,ERR1089875
34083.0,39948,genus,0.0045104,Dialister,ERR1089875
34083.0,323449,genus,0.0045104,Pontibacter,ERR1089875
34083.0,55080,genus,0.0045104,Brevibacillus,ERR1089875
34083.0,848,genus,0.0045104,Fusobacterium,ERR1089875
34083.0,499,genus,0.0045104,Thermomicrobium,ERR1089875
34083.0,40323,genus,0.0045104,Stenotrophomonas,ERR1089875
34083.0,48463,genus,0.0045104,Prosthecobacter,ERR1089875
34083.0,61170,genus,0.0045104,Holdemania,ERR1089875
34083.0,469,genus,0.0045104,Acinetobacter,ERR1089875
34083.0,445,genus,0.0045104,Legionella,ERR1089875
34083.0,186831,genus,0.0045104,Acetoanaerobium,ERR1089875
34083.0,379899,genus,0.0045104,Niabella,ERR1089875
34083.0,172900,genus,0.0045104,Victivallis,ERR1089875
34083.0,118747,genus,0.0045104,Bulleidia,ERR1089875
34083.0,407,genus,0.0045104,Methylobacterium,ERR1089875
34083.0,1210119,genus,0.0045104,Ohtaekwangia,ERR1089875
34083.0,2701,genus,0.0045104,Gardnerella,ERR1089875
34083.0,1647,genus,0.0045104,Erysipelothrix,ERR1089875
34083.0,41273,genus,0.0045104,Tissierella,ERR1089875
34083.0,41275,genus,0.0045104,Brevundimonas,ERR1089875
34083.0,57493,genus,0.0045104,Kocuria,ERR1089875
34083.0,2299,genus,0.0045104,Desulfosarcina,ERR1089875
34083.0,1243,genus,0.0045104,Leuconostoc,ERR1089875
34083.0,1883,genus,0.0045104,Streptomyces,ERR1089875
34083.0,2152,genus,0.0045104,Asteroleplasma,ERR1089875
34083.0,46255,genus,0.0045104,Weissella,ERR1089875
34083.0,453229,genus,0.0045104,Desulfarculus,ERR1089875
34083.0,397864,genus,0.0045104,Barnesiella,ERR1089875
34083.0,265980,genus,0.0045104,Alkalimonas,ERR1089875
34083.0,400634,genus,0.0045104,Lysinibacillus,ERR1089875
34083.0,583,genus,0.0045104,Proteus,ERR1089875
34083.0,82802,genus,0.0045104,Trichococcus,ERR1089875
34083.0,649460,genus,0.0045104,Filimonas,ERR1089875
34083.0,53335,genus,0.0045104,Pantoea,ERR1089875
34083.0,118966,genus,0.0045104,Anaerorhabdus,ERR1089875
34083.0,269258,genus,0.0045104,Nitratiruptor,ERR1089875
34083.0,1505664,genus,0.0045104,Gottschalkia,ERR1089875
,-1,genus,35.7494,Unknown,ERR1089875
34083.0,1678,genus,16.1382,Bifidobacterium,ERR1089875
34083.0,216851,genus,13.0937,Faecalibacterium,ERR1089875
34083.0,1485,genus,7.83907,Clostridium,ERR1089875
34083.0,816,genus,7.33842,Bacteroides,ERR1089875
34083.0,1578,genus,4.9028,Lactobacillus,ERR1089875
34083.0,1508657,genus,2.92725,Ruminiclostridium,ERR1089875
34083.0,239934,genus,1.6914,Akkermansia,ERR1089875
34083.0,1505663,genus,1.32155,Erysipelatoclostridium,ERR1089875
34083.0,1730,genus,1.10505,Eubacterium,ERR1089875
34083.0,375288,genus,0.920121,Parabacteroides,ERR1089875
34083.0,1350,genus,0.865996,Enterococcus,ERR1089875
34083.0,572511,genus,0.829913,Blautia,ERR1089875
34083.0,1505657,genus,0.703622,Intestinibacter,ERR1089875
34083.0,207244,genus,0.68558,Anaerostipes,ERR1089875
34083.0,84111,genus,0.635966,Eggerthella,ERR1089875
34083.0,239759,genus,0.446529,Alistipes,ERR1089875
34083.0,990721,genus,0.333769,Christensenella,ERR1089875
34083.0,1386,genus,0.311217,Bacillus,ERR1089875
34083.0,1279,genus,0.148843,Staphylococcus,ERR1089875
34083.0,1301,genus,0.135312,Streptococcus,ERR1089875
34083.0,189330,genus,0.135312,Dorea,ERR1089875
34083.0,44748,genus,0.121781,Sporobacter,ERR1089875
34083.0,1263,genus,0.10825,Ruminococcus,ERR1089875
34083.0,1253,genus,0.103739,Pediococcus,ERR1089875
34083.0,459786,genus,0.0947183,Oscillibacter,ERR1089875
34083.0,1505652,genus,0.0811871,Terrisporobacter,ERR1089875
34083.0,836,genus,0.0766767,Porphyromonas,ERR1089875
34083.0,586,genus,0.0541248,Providencia,ERR1089875
34083.0,129337,genus,0.0496144,Geobacillus,ERR1089875
34083.0,841,genus,0.0496144,Roseburia,ERR1089875
34083.0,1654,genus,0.045104,Actinomyces,ERR1089875
34083.0,644652,genus,0.0405936,Gordonibacter,ERR1089875
34083.0,1645,genus,0.0405936,Renibacterium,ERR1089875
34083.0,233191,genus,0.0405936,Caldilinea,ERR1089875
34083.0,872,genus,0.0360832,Desulfovibrio,ERR1089875
34083.0,1506553,genus,0.0360832,Lachnoclostridium,ERR1089875
34083.0,117563,genus,0.0315728,Granulicatella,ERR1089875
34083.0,244127,genus,0.0315728,Anaerotruncus,ERR1089875
34083.0,577310,genus,0.0315728,Parasutterella,ERR1089875
34083.0,283168,genus,0.0270624,Odoribacter,ERR1089875
34083.0,180541,genus,0.022552,Salinisphaera,ERR1089875
34083.0,898,genus,0.022552,Desulfomicrobium,ERR1089875
34083.0,1716,genus,0.0180416,Corynebacterium,ERR1089875
34083.0,233189,genus,0.0180416,Anaerolinea,ERR1089875
34083.0,262406,genus,0.0180416,Thermobaculum,ERR1089875
34083.0,2132,genus,0.0180416,Spiroplasma,ERR1089875
34083.0,561,genus,0.0180416,Escherichia,ERR1089875
34083.0,61434,genus,0.0180416,Dehalococcoides,ERR1089875
34083.0,156973,genus,0.0135312,Dysgonomonas,ERR1089875
34083.0,1378,genus,0.0135312,Gemella,ERR1089875
34083.0,1357,genus,0.0135312,Lactococcus,ERR1089875
34083.0,29465,genus,0.0135312,Veillonella,ERR1089875
34083.0,332248,genus,0.0135312,Truepera,ERR1089875
34083.0,286,genus,0.0135312,Pseudomonas,ERR1089875
34083.0,1870884,genus,0.00902079,Clostridioides,ERR1089875
34083.0,795750,genus,0.00902079,Ignavibacterium,ERR1089875
34083.0,1257,genus,0.00902079,Peptostreptococcus,ERR1089875
34083.0,2747,genus,0.00902079,Carnobacterium,ERR1089875
34083.0,79206,genus,0.00902079,Desulfosporosinus,ERR1089875
34083.0,2737,genus,0.00902079,Vagococcus,ERR1089875
34083.0,724,genus,0.00902079,Haemophilus,ERR1089875
34083.0,104264,genus,0.00902079,Cellulophaga,ERR1089875
34083.0,102106,genus,0.00902079,Collinsella,ERR1089875
34083.0,28231,genus,0.00902079,Geobacter,ERR1089875
34083.0,838,genus,0.00902079,Prevotella,ERR1089875
34083.0,44249,genus,0.00902079,Paenibacillus,ERR1089875
34083.0,114627,genus,0.00902079,Alkaliphilus,ERR1089875
34083.0,698776,genus,0.00902079,Cellulosilyticum,ERR1089875
34083.0,264995,genus,0.00902079,Anaerofustis,ERR1089875
34083.0,467975,genus,0.00902079,Iamia,ERR1089875
34083.0,53335,genus,0.0045104,Pantoea,ERR1089875
34083.0,118966,genus,0.0045104,Anaerorhabdus,ERR1089875
34083.0,269258,genus,0.0045104,Nitratiruptor,ERR1089875
34083.0,1505664,genus,0.0045104,Gottschalkia,ERR1089875
34083.0,235888,genus,0.0045104,Salinibacterium,ERR1089875
34083.0,2086,genus,0.0045104,Anaeroplasma,ERR1089875
34083.0,1486726,genus,0.0045104,Pseudobacteroides,ERR1089875
34083.0,83660,genus,0.0045104,Desulfonispora,ERR1089875
34083.0,45669,genus,0.0045104,Salinicoccus,ERR1089875
34083.0,106633,genus,0.0045104,Thioalkalivibrio,ERR1089875
34083.0,133925,genus,0.0045104,Olsenella,ERR1089875
34083.0,1827,genus,0.0045104,Rhodococcus,ERR1089875
34083.0,79598,genus,0.0045104,Heliorestis,ERR1089875
34083.0,162289,genus,0.0045104,Peptoniphilus,ERR1089875
34083.0,166484,genus,0.0045104,Caminicella,ERR1089875
34083.0,192992,genus,0.0045104,Thermoleophilum,ERR1089875
34083.0,39948,genus,0.0045104,Dialister,ERR1089875
34083.0,323449,genus,0.0045104,Pontibacter,ERR1089875
34083.0,55080,genus,0.0045104,Brevibacillus,ERR1089875
34083.0,848,genus,0.0045104,Fusobacterium,ERR1089875
34083.0,499,genus,0.0045104,Thermomicrobium,ERR1089875
34083.0,40323,genus,0.0045104,Stenotrophomonas,ERR1089875
34083.0,48463,genus,0.0045104,Prosthecobacter,ERR1089875
34083.0,61170,genus,0.0045104,Holdemania,ERR1089875
34083.0,469,genus,0.0045104,Acinetobacter,ERR1089875
34083.0,445,genus,0.0045104,Legionella,ERR1089875
34083.0,186831,genus,0.0045104,Acetoanaerobium,ERR1089875
34083.0,379899,genus,0.0045104,Niabella,ERR1089875
34083.0,172900,genus,0.0045104,Victivallis,ERR1089875
34083.0,118747,genus,0.0045104,Bulleidia,ERR1089875
34083.0,407,genus,0.0045104,Methylobacterium,ERR1089875
34083.0,1210119,genus,0.0045104,Ohtaekwangia,ERR1089875
34083.0,2701,genus,0.0045104,Gardnerella,ERR1089875
34083.0,1647,genus,0.0045104,Erysipelothrix,ERR1089875
34083.0,41273,genus,0.0045104,Tissierella,ERR1089875
34083.0,41275,genus,0.0045104,Brevundimonas,ERR1089875
34083.0,57493,genus,0.0045104,Kocuria,ERR1089875
34083.0,2299,genus,0.0045104,Desulfosarcina,ERR1089875
34083.0,1243,genus,0.0045104,Leuconostoc,ERR1089875
34083.0,1883,genus,0.0045104,Streptomyces,ERR1089875
34083.0,2152,genus,0.0045104,Asteroleplasma,ERR1089875
34083.0,46255,genus,0.0045104,Weissella,ERR1089875
34083.0,453229,genus,0.0045104,Desulfarculus,ERR1089875
34083.0,397864,genus,0.0045104,Barnesiella,ERR1089875
34083.0,265980,genus,0.0045104,Alkalimonas,ERR1089875
34083.0,400634,genus,0.0045104,Lysinibacillus,ERR1089875
34083.0,583,genus,0.0045104,Proteus,ERR1089875
34083.0,82802,genus,0.0045104,Trichococcus,ERR1089875
34083.0,649460,genus,0.0045104,Filimonas,ERR1089875
,-1,genus,35.7494,Unknown,ERR1089875
34083.0,1678,genus,16.1382,Bifidobacterium,ERR1089875
34083.0,216851,genus,13.0937,Faecalibacterium,ERR1089875
34083.0,1485,genus,7.83907,Clostridium,ERR1089875
34083.0,816,genus,7.33842,Bacteroides,ERR1089875
34083.0,1578,genus,4.9028,Lactobacillus,ERR1089875
34083.0,1508657,genus,2.92725,Ruminiclostridium,ERR1089875
34083.0,239934,genus,1.6914,Akkermansia,ERR1089875
34083.0,1505663,genus,1.32155,Erysipelatoclostridium,ERR1089875
34083.0,1730,genus,1.10505,Eubacterium,ERR1089875
34083.0,375288,genus,0.920121,Parabacteroides,ERR1089875
34083.0,1350,genus,0.865996,Enterococcus,ERR1089875
34083.0,572511,genus,0.829913,Blautia,ERR1089875
34083.0,1505657,genus,0.703622,Intestinibacter,ERR1089875
34083.0,207244,genus,0.68558,Anaerostipes,ERR1089875
34083.0,84111,genus,0.635966,Eggerthella,ERR1089875
34083.0,239759,genus,0.446529,Alistipes,ERR1089875
34083.0,990721,genus,0.333769,Christensenella,ERR1089875
34083.0,1386,genus,0.311217,Bacillus,ERR1089875
34083.0,1279,genus,0.148843,Staphylococcus,ERR1089875
34083.0,189330,genus,0.135312,Dorea,ERR1089875
34083.0,1301,genus,0.135312,Streptococcus,ERR1089875
34083.0,44748,genus,0.121781,Sporobacter,ERR1089875
34083.0,1263,genus,0.10825,Ruminococcus,ERR1089875
34083.0,1253,genus,0.103739,Pediococcus,ERR1089875
34083.0,459786,genus,0.0947183,Oscillibacter,ERR1089875
34083.0,1505652,genus,0.0811871,Terrisporobacter,ERR1089875
34083.0,836,genus,0.0766767,Porphyromonas,ERR1089875
34083.0,586,genus,0.0541248,Providencia,ERR1089875
34083.0,841,genus,0.0496144,Roseburia,ERR1089875
34083.0,129337,genus,0.0496144,Geobacillus,ERR1089875
34083.0,1654,genus,0.045104,Actinomyces,ERR1089875
34083.0,644652,genus,0.0405936,Gordonibacter,ERR1089875
34083.0,1645,genus,0.0405936,Renibacterium,ERR1089875
34083.0,233191,genus,0.0405936,Caldilinea,ERR1089875
34083.0,872,genus,0.0360832,Desulfovibrio,ERR1089875
34083.0,1506553,genus,0.0360832,Lachnoclostridium,ERR1089875
34083.0,117563,genus,0.0315728,Granulicatella,ERR1089875
34083.0,244127,genus,0.0315728,Anaerotruncus,ERR1089875
34083.0,577310,genus,0.0315728,Parasutterella,ERR1089875
34083.0,283168,genus,0.0270624,Odoribacter,ERR1089875
34083.0,180541,genus,0.022552,Salinisphaera,ERR1089875
34083.0,898,genus,0.022552,Desulfomicrobium,ERR1089875
34083.0,1716,genus,0.0180416,Corynebacterium,ERR1089875
34083.0,233189,genus,0.0180416,Anaerolinea,ERR1089875
34083.0,262406,genus,0.0180416,Thermobaculum,ERR1089875
34083.0,2132,genus,0.0180416,Spiroplasma,ERR1089875
34083.0,61434,genus,0.0180416,Dehalococcoides,ERR1089875
34083.0,561,genus,0.0180416,Escherichia,ERR1089875
34083.0,1357,genus,0.0135312,Lactococcus,ERR1089875
34083.0,29465,genus,0.0135312,Veillonella,ERR1089875
34083.0,332248,genus,0.0135312,Truepera,ERR1089875
34083.0,286,genus,0.0135312,Pseudomonas,ERR1089875
34083.0,156973,genus,0.0135312,Dysgonomonas,ERR1089875
34083.0,1378,genus,0.0135312,Gemella,ERR1089875
34083.0,724,genus,0.00902079,Haemophilus,ERR1089875
34083.0,104264,genus,0.00902079,Cellulophaga,ERR1089875
34083.0,28231,genus,0.00902079,Geobacter,ERR1089875
34083.0,102106,genus,0.00902079,Collinsella,ERR1089875
34083.0,838,genus,0.00902079,Prevotella,ERR1089875
34083.0,44249,genus,0.00902079,Paenibacillus,ERR1089875
34083.0,114627,genus,0.00902079,Alkaliphilus,ERR1089875
34083.0,698776,genus,0.00902079,Cellulosilyticum,ERR1089875
34083.0,264995,genus,0.00902079,Anaerofustis,ERR1089875
34083.0,467975,genus,0.00902079,Iamia,ERR1089875
34083.0,795750,genus,0.00902079,Ignavibacterium,ERR1089875
34083.0,1870884,genus,0.00902079,Clostridioides,ERR1089875
34083.0,1257,genus,0.00902079,Peptostreptococcus,ERR1089875
34083.0,2747,genus,0.00902079,Carnobacterium,ERR1089875
34083.0,79206,genus,0.00902079,Desulfosporosinus,ERR1089875
34083.0,2737,genus,0.00902079,Vagococcus,ERR1089875
34083.0,499,genus,0.0045104,Thermomicrobium,ERR1089875
34083.0,40323,genus,0.0045104,Stenotrophomonas,ERR1089875
34083.0,48463,genus,0.0045104,Prosthecobacter,ERR1089875
34083.0,61170,genus,0.0045104,Holdemania,ERR1089875
34083.0,469,genus,0.0045104,Acinetobacter,ERR1089875
34083.0,445,genus,0.0045104,Legionella,ERR1089875
34083.0,172900,genus,0.0045104,Victivallis,ERR1089875
34083.0,186831,genus,0.0045104,Acetoanaerobium,ERR1089875
34083.0,379899,genus,0.0045104,Niabella,ERR1089875
34083.0,1210119,genus,0.0045104,Ohtaekwangia,ERR1089875
34083.0,2701,genus,0.0045104,Gardnerella,ERR1089875
34083.0,118747,genus,0.0045104,Bulleidia,ERR1089875
34083.0,407,genus,0.0045104,Methylobacterium,ERR1089875
34083.0,41275,genus,0.0045104,Brevundimonas,ERR1089875
34083.0,1647,genus,0.0045104,Erysipelothrix,ERR1089875
34083.0,41273,genus,0.0045104,Tissierella,ERR1089875
34083.0,1883,genus,0.0045104,Streptomyces,ERR1089875
34083.0,57493,genus,0.0045104,Kocuria,ERR1089875
34083.0,2299,genus,0.0045104,Desulfosarcina,ERR1089875
34083.0,1243,genus,0.0045104,Leuconostoc,ERR1089875
34083.0,2152,genus,0.0045104,Asteroleplasma,ERR1089875
34083.0,46255,genus,0.0045104,Weissella,ERR1089875
34083.0,400634,genus,0.0045104,Lysinibacillus,ERR1089875
34083.0,583,genus,0.0045104,Proteus,ERR1089875
34083.0,453229,genus,0.0045104,Desulfarculus,ERR1089875
34083.0,397864,genus,0.0045104,Barnesiella,ERR1089875
34083.0,265980,genus,0.0045104,Alkalimonas,ERR1089875
34083.0,649460,genus,0.0045104,Filimonas,ERR1089875
34083.0,82802,genus,0.0045104,Trichococcus,ERR1089875
34083.0,269258,genus,0.0045104,Nitratiruptor,ERR1089875
34083.0,1505664,genus,0.0045104,Gottschalkia,ERR1089875
34083.0,53335,genus,0.0045104,Pantoea,ERR1089875
34083.0,118966,genus,0.0045104,Anaerorhabdus,ERR1089875
34083.0,2086,genus,0.0045104,Anaeroplasma,ERR1089875
34083.0,1486726,genus,0.0045104,Pseudobacteroides,ERR1089875
34083.0,235888,genus,0.0045104,Salinibacterium,ERR1089875
34083.0,133925,genus,0.0045104,Olsenella,ERR1089875
34083.0,83660,genus,0.0045104,Desulfonispora,ERR1089875
34083.0,45669,genus,0.0045104,Salinicoccus,ERR1089875
34083.0,106633,genus,0.0045104,Thioalkalivibrio,ERR1089875
34083.0,162289,genus,0.0045104,Peptoniphilus,ERR1089875
34083.0,166484,genus,0.0045104,Caminicella,ERR1089875
34083.0,1827,genus,0.0045104,Rhodococcus,ERR1089875
34083.0,79598,genus,0.0045104,Heliorestis,ERR1089875
34083.0,39948,genus,0.0045104,Dialister,ERR1089875
34083.0,192992,genus,0.0045104,Thermoleophilum,ERR1089875
34083.0,55080,genus,0.0045104,Brevibacillus,ERR1089875
34083.0,848,genus,0.0045104,Fusobacterium,ERR1089875
34083.0,323449,genus,0.0045104,Pontibacter,ERR1089875
,-1,genus,35.7494,Unknown,ERR1089875
37572.0,239934,genus,22.8027,Akkermansia,ERR1089876
37572.0,1508657,genus,3.24875,Ruminiclostridium,ERR1089876
37572.0,816,genus,2.10291,Bacteroides,ERR1089876
37572.0,239759,genus,1.36535,Alistipes,ERR1089876
37572.0,1505663,genus,1.27316,Erysipelatoclostridium,ERR1089876
37572.0,1730,genus,1.02292,Eubacterium,ERR1089876
37572.0,1506553,genus,0.992185,Lachnoclostridium,ERR1089876
37572.0,459786,genus,0.899991,Oscillibacter,ERR1089876
37572.0,1263,genus,0.676091,Ruminococcus,ERR1089876
37572.0,375288,genus,0.64536,Parabacteroides,ERR1089876
37572.0,84111,genus,0.557556,Eggerthella,ERR1089876
37572.0,283168,genus,0.531214,Odoribacter,ERR1089876
37572.0,577310,genus,0.421459,Parasutterella,ERR1089876
37572.0,52784,genus,0.368777,Anaerofilum,ERR1089876
37572.0,572511,genus,0.342436,Blautia,ERR1089876
37572.0,216851,genus,0.245851,Faecalibacterium,ERR1089876
37572.0,44748,genus,0.206339,Sporobacter,ERR1089876
37572.0,244127,genus,0.179998,Anaerotruncus,ERR1089876
37572.0,35832,genus,0.158047,Bilophila,ERR1089876
37572.0,1485,genus,0.158047,Clostridium,ERR1089876
37572.0,1505657,genus,0.140486,Intestinibacter,ERR1089876
37572.0,872,genus,0.105365,Desulfovibrio,ERR1089876
37572.0,990721,genus,0.0921942,Christensenella,ERR1089876
37572.0,1301,genus,0.0834138,Streptococcus,ERR1089876
37572.0,286,genus,0.0834138,Pseudomonas,ERR1089876
37572.0,40323,genus,0.0834138,Stenotrophomonas,ERR1089876
37572.0,1386,genus,0.0702432,Bacillus,ERR1089876
37572.0,561,genus,0.0702432,Escherichia,ERR1089876
37572.0,48463,genus,0.065853,Prosthecobacter,ERR1089876
37572.0,1578,genus,0.0614628,Lactobacillus,ERR1089876
37572.0,501783,genus,0.0570726,Cloacibacterium,ERR1089876
37572.0,698776,genus,0.0526824,Cellulosilyticum,ERR1089876
37572.0,278993,genus,0.0526824,Thermincola,ERR1089876
37572.0,79206,genus,0.043902,Desulfosporosinus,ERR1089876
37572.0,469,genus,0.0395118,Acinetobacter,ERR1089876
37572.0,1573534,genus,0.0351216,Faecalitalea,ERR1089876
37572.0,227979,genus,0.0351216,Jeotgalicoccus,ERR1089876
37572.0,1654,genus,0.021951,Actinomyces,ERR1089876
37572.0,1678,genus,0.021951,Bifidobacterium,ERR1089876
37572.0,42255,genus,0.021951,Rubrobacter,ERR1089876
37572.0,61434,genus,0.0175608,Dehalococcoides,ERR1089876
37572.0,644652,genus,0.0175608,Gordonibacter,ERR1089876
37572.0,2735,genus,0.0131706,Verrucomicrobium,ERR1089876
37572.0,898,genus,0.0131706,Desulfomicrobium,ERR1089876
37572.0,180541,genus,0.0131706,Salinisphaera,ERR1089876
37572.0,52225,genus,0.0131706,Mitsuokella,ERR1089876
37572.0,233191,genus,0.0087804,Caldilinea,ERR1089876
37572.0,1279,genus,0.0087804,Staphylococcus,ERR1089876
37572.0,187144,genus,0.0087804,Caldithrix,ERR1089876
37572.0,61170,genus,0.0087804,Holdemania,ERR1089876
37572.0,620,genus,0.0087804,Shigella,ERR1089876
37572.0,117563,genus,0.0087804,Granulicatella,ERR1089876
37572.0,590,genus,0.0087804,Salmonella,ERR1089876
37572.0,146813,genus,0.0087804,Dendrosporobacter,ERR1089876
37572.0,836,genus,0.0043902,Porphyromonas,ERR1089876
37572.0,118747,genus,0.0043902,Bulleidia,ERR1089876
37572.0,271087,genus,0.0043902,Geopsychrobacter,ERR1089876
37572.0,207244,genus,0.0043902,Anaerostipes,ERR1089876
37572.0,265980,genus,0.0043902,Alkalimonas,ERR1089876
37572.0,2299,genus,0.0043902,Desulfosarcina,ERR1089876
37572.0,1486726,genus,0.0043902,Pseudobacteroides,ERR1089876
37572.0,1565532,genus,0.0043902,Rouxiella,ERR1089876
37572.0,2056,genus,0.0043902,Sphaerobacter,ERR1089876
37572.0,397864,genus,0.0043902,Barnesiella,ERR1089876
37572.0,270497,genus,0.0043902,Catabacter,ERR1089876
37572.0,44249,genus,0.0043902,Paenibacillus,ERR1089876
37572.0,649462,genus,0.0043902,Gracilimonas,ERR1089876
37572.0,1350,genus,0.0043902,Enterococcus,ERR1089876
37572.0,1200657,genus,0.0043902,Saccharofermentans,ERR1089876
37572.0,102106,genus,0.0043902,Collinsella,ERR1089876
37572.0,64,genus,0.0043902,Herpetosiphon,ERR1089876
37572.0,375928,genus,0.0043902,Natranaerobius,ERR1089876
37572.0,715222,genus,0.0043902,Caldicoprobacter,ERR1089876
37572.0,43947,genus,0.0043902,Tolumonas,ERR1089876
37572.0,338,genus,0.0043902,Xanthomonas,ERR1089876
37572.0,34037,genus,0.0043902,Rahnella,ERR1089876
37572.0,392735,genus,0.0043902,Uliginosibacterium,ERR1089876
37572.0,2295,genus,0.0043902,Desulfobacterium,ERR1089876
37572.0,420345,genus,0.0043902,Lactonifactor,ERR1089876
37572.0,1652133,genus,0.0043902,Halobacteriovorax,ERR1089876
37572.0,862,genus,0.0043902,Syntrophomonas,ERR1089876
37572.0,150333,genus,0.0043902,Thermobrachium,ERR1089876
37572.0,1234,genus,0.0043902,Nitrospira,ERR1089876
37572.0,13275,genus,0.0043902,Suttonella,ERR1089876
37572.0,1716,genus,0.0043902,Corynebacterium,ERR1089876
37572.0,1573535,genus,0.0043902,Holdemanella,ERR1089876
37572.0,596499,genus,0.0043902,Nitriliruptor,ERR1089876
37572.0,79328,genus,0.0043902,Chitinophaga,ERR1089876
37572.0,53335,genus,0.0043902,Pantoea,ERR1089876
37572.0,359407,genus,0.0043902,Methylotenera,ERR1089876
37572.0,795750,genus,0.0043902,Ignavibacterium,ERR1089876
37572.0,2086,genus,0.0043902,Anaeroplasma,ERR1089876
37572.0,1115103,genus,0.0043902,Wandonia,ERR1089876
37572.0,670486,genus,0.0043902,Dehalogenimonas,ERR1089876
37572.0,33042,genus,0.0043902,Coprococcus,ERR1089876
,-1,genus,59.9175,Unknown,ERR1089876
37572.0,239934,genus,22.8027,Akkermansia,ERR1089876
37572.0,1508657,genus,3.24875,Ruminiclostridium,ERR1089876
37572.0,816,genus,2.10291,Bacteroides,ERR1089876
37572.0,239759,genus,1.36535,Alistipes,ERR1089876
37572.0,1505663,genus,1.27316,Erysipelatoclostridium,ERR1089876
37572.0,1730,genus,1.02292,Eubacterium,ERR1089876
37572.0,1506553,genus,0.992185,Lachnoclostridium,ERR1089876
37572.0,459786,genus,0.899991,Oscillibacter,ERR1089876
37572.0,1263,genus,0.676091,Ruminococcus,ERR1089876
37572.0,375288,genus,0.64536,Parabacteroides,ERR1089876
37572.0,84111,genus,0.557556,Eggerthella,ERR1089876
37572.0,283168,genus,0.531214,Odoribacter,ERR1089876
37572.0,577310,genus,0.421459,Parasutterella,ERR1089876
37572.0,52784,genus,0.368777,Anaerofilum,ERR1089876
37572.0,572511,genus,0.342436,Blautia,ERR1089876
37572.0,216851,genus,0.245851,Faecalibacterium,ERR1089876
37572.0,44748,genus,0.206339,Sporobacter,ERR1089876
37572.0,244127,genus,0.179998,Anaerotruncus,ERR1089876
37572.0,35832,genus,0.158047,Bilophila,ERR1089876
37572.0,1485,genus,0.158047,Clostridium,ERR1089876
37572.0,1505657,genus,0.140486,Intestinibacter,ERR1089876
37572.0,872,genus,0.105365,Desulfovibrio,ERR1089876
37572.0,990721,genus,0.0921942,Christensenella,ERR1089876
37572.0,1301,genus,0.0834138,Streptococcus,ERR1089876
37572.0,286,genus,0.0834138,Pseudomonas,ERR1089876
37572.0,40323,genus,0.0834138,Stenotrophomonas,ERR1089876
37572.0,561,genus,0.0702432,Escherichia,ERR1089876
37572.0,1386,genus,0.0702432,Bacillus,ERR1089876
37572.0,48463,genus,0.065853,Prosthecobacter,ERR1089876
37572.0,1578,genus,0.0614628,Lactobacillus,ERR1089876
37572.0,501783,genus,0.0570726,Cloacibacterium,ERR1089876
37572.0,698776,genus,0.0526824,Cellulosilyticum,ERR1089876
37572.0,278993,genus,0.0526824,Thermincola,ERR1089876
37572.0,79206,genus,0.043902,Desulfosporosinus,ERR1089876
37572.0,469,genus,0.0395118,Acinetobacter,ERR1089876
37572.0,1573534,genus,0.0351216,Faecalitalea,ERR1089876
37572.0,227979,genus,0.0351216,Jeotgalicoccus,ERR1089876
37572.0,1654,genus,0.021951,Actinomyces,ERR1089876
37572.0,1678,genus,0.021951,Bifidobacterium,ERR1089876
37572.0,42255,genus,0.021951,Rubrobacter,ERR1089876
37572.0,61434,genus,0.0175608,Dehalococcoides,ERR1089876
37572.0,644652,genus,0.0175608,Gordonibacter,ERR1089876
37572.0,2735,genus,0.0131706,Verrucomicrobium,ERR1089876
37572.0,898,genus,0.0131706,Desulfomicrobium,ERR1089876
37572.0,180541,genus,0.0131706,Salinisphaera,ERR1089876
37572.0,52225,genus,0.0131706,Mitsuokella,ERR1089876
37572.0,233191,genus,0.0087804,Caldilinea,ERR1089876
37572.0,1279,genus,0.0087804,Staphylococcus,ERR1089876
37572.0,187144,genus,0.0087804,Caldithrix,ERR1089876
37572.0,61170,genus,0.0087804,Holdemania,ERR1089876
37572.0,620,genus,0.0087804,Shigella,ERR1089876
37572.0,117563,genus,0.0087804,Granulicatella,ERR1089876
37572.0,590,genus,0.0087804,Salmonella,ERR1089876
37572.0,146813,genus,0.0087804,Dendrosporobacter,ERR1089876
37572.0,1565532,genus,0.0043902,Rouxiella,ERR1089876
37572.0,2056,genus,0.0043902,Sphaerobacter,ERR1089876
37572.0,397864,genus,0.0043902,Barnesiella,ERR1089876
37572.0,270497,genus,0.0043902,Catabacter,ERR1089876
37572.0,44249,genus,0.0043902,Paenibacillus,ERR1089876
37572.0,649462,genus,0.0043902,Gracilimonas,ERR1089876
37572.0,1350,genus,0.0043902,Enterococcus,ERR1089876
37572.0,1200657,genus,0.0043902,Saccharofermentans,ERR1089876
37572.0,102106,genus,0.0043902,Collinsella,ERR1089876
37572.0,64,genus,0.0043902,Herpetosiphon,ERR1089876
37572.0,375928,genus,0.0043902,Natranaerobius,ERR1089876
37572.0,715222,genus,0.0043902,Caldicoprobacter,ERR1089876
37572.0,43947,genus,0.0043902,Tolumonas,ERR1089876
37572.0,338,genus,0.0043902,Xanthomonas,ERR1089876
37572.0,34037,genus,0.0043902,Rahnella,ERR1089876
37572.0,392735,genus,0.0043902,Uliginosibacterium,ERR1089876
37572.0,2295,genus,0.0043902,Desulfobacterium,ERR1089876
37572.0,420345,genus,0.0043902,Lactonifactor,ERR1089876
37572.0,1652133,genus,0.0043902,Halobacteriovorax,ERR1089876
37572.0,862,genus,0.0043902,Syntrophomonas,ERR1089876
37572.0,150333,genus,0.0043902,Thermobrachium,ERR1089876
37572.0,1234,genus,0.0043902,Nitrospira,ERR1089876
37572.0,13275,genus,0.0043902,Suttonella,ERR1089876
37572.0,1716,genus,0.0043902,Corynebacterium,ERR1089876
37572.0,1573535,genus,0.0043902,Holdemanella,ERR1089876
37572.0,596499,genus,0.0043902,Nitriliruptor,ERR1089876
37572.0,79328,genus,0.0043902,Chitinophaga,ERR1089876
37572.0,53335,genus,0.0043902,Pantoea,ERR1089876
37572.0,359407,genus,0.0043902,Methylotenera,ERR1089876
37572.0,795750,genus,0.0043902,Ignavibacterium,ERR1089876
37572.0,2086,genus,0.0043902,Anaeroplasma,ERR1089876
37572.0,1115103,genus,0.0043902,Wandonia,ERR1089876
37572.0,670486,genus,0.0043902,Dehalogenimonas,ERR1089876
37572.0,33042,genus,0.0043902,Coprococcus,ERR1089876
37572.0,836,genus,0.0043902,Porphyromonas,ERR1089876
37572.0,118747,genus,0.0043902,Bulleidia,ERR1089876
37572.0,271087,genus,0.0043902,Geopsychrobacter,ERR1089876
37572.0,207244,genus,0.0043902,Anaerostipes,ERR1089876
37572.0,265980,genus,0.0043902,Alkalimonas,ERR1089876
37572.0,2299,genus,0.0043902,Desulfosarcina,ERR1089876
37572.0,1486726,genus,0.0043902,Pseudobacteroides,ERR1089876
,-1,genus,59.9175,Unknown,ERR1089876
37572.0,239934,genus,22.8027,Akkermansia,ERR1089876
37572.0,1508657,genus,3.24875,Ruminiclostridium,ERR1089876
37572.0,816,genus,2.10291,Bacteroides,ERR1089876
37572.0,239759,genus,1.36535,Alistipes,ERR1089876
37572.0,1505663,genus,1.27316,Erysipelatoclostridium,ERR1089876
37572.0,1730,genus,1.02292,Eubacterium,ERR1089876
37572.0,1506553,genus,0.992185,Lachnoclostridium,ERR1089876
37572.0,459786,genus,0.899991,Oscillibacter,ERR1089876
37572.0,1263,genus,0.676091,Ruminococcus,ERR1089876
37572.0,375288,genus,0.64536,Parabacteroides,ERR1089876
37572.0,84111,genus,0.557556,Eggerthella,ERR1089876
37572.0,283168,genus,0.531214,Odoribacter,ERR1089876
37572.0,577310,genus,0.421459,Parasutterella,ERR1089876
37572.0,52784,genus,0.368777,Anaerofilum,ERR1089876
37572.0,572511,genus,0.342436,Blautia,ERR1089876
37572.0,216851,genus,0.245851,Faecalibacterium,ERR1089876
37572.0,44748,genus,0.206339,Sporobacter,ERR1089876
37572.0,244127,genus,0.179998,Anaerotruncus,ERR1089876
37572.0,35832,genus,0.158047,Bilophila,ERR1089876
37572.0,1485,genus,0.158047,Clostridium,ERR1089876
37572.0,1505657,genus,0.140486,Intestinibacter,ERR1089876
37572.0,872,genus,0.105365,Desulfovibrio,ERR1089876
37572.0,990721,genus,0.0921942,Christensenella,ERR1089876
37572.0,1301,genus,0.0834138,Streptococcus,ERR1089876
37572.0,286,genus,0.0834138,Pseudomonas,ERR1089876
37572.0,40323,genus,0.0834138,Stenotrophomonas,ERR1089876
37572.0,1386,genus,0.0702432,Bacillus,ERR1089876
37572.0,561,genus,0.0702432,Escherichia,ERR1089876
37572.0,48463,genus,0.065853,Prosthecobacter,ERR1089876
37572.0,1578,genus,0.0614628,Lactobacillus,ERR1089876
37572.0,501783,genus,0.0570726,Cloacibacterium,ERR1089876
37572.0,278993,genus,0.0526824,Thermincola,ERR1089876
37572.0,698776,genus,0.0526824,Cellulosilyticum,ERR1089876
37572.0,79206,genus,0.043902,Desulfosporosinus,ERR1089876
37572.0,469,genus,0.0395118,Acinetobacter,ERR1089876
37572.0,227979,genus,0.0351216,Jeotgalicoccus,ERR1089876
37572.0,1573534,genus,0.0351216,Faecalitalea,ERR1089876
37572.0,1678,genus,0.021951,Bifidobacterium,ERR1089876
37572.0,42255,genus,0.021951,Rubrobacter,ERR1089876
37572.0,1654,genus,0.021951,Actinomyces,ERR1089876
37572.0,644652,genus,0.0175608,Gordonibacter,ERR1089876
37572.0,61434,genus,0.0175608,Dehalococcoides,ERR1089876
37572.0,52225,genus,0.0131706,Mitsuokella,ERR1089876
37572.0,2735,genus,0.0131706,Verrucomicrobium,ERR1089876
37572.0,898,genus,0.0131706,Desulfomicrobium,ERR1089876
37572.0,180541,genus,0.0131706,Salinisphaera,ERR1089876
37572.0,620,genus,0.0087804,Shigella,ERR1089876
37572.0,117563,genus,0.0087804,Granulicatella,ERR1089876
37572.0,590,genus,0.0087804,Salmonella,ERR1089876
37572.0,146813,genus,0.0087804,Dendrosporobacter,ERR1089876
37572.0,233191,genus,0.0087804,Caldilinea,ERR1089876
37572.0,187144,genus,0.0087804,Caldithrix,ERR1089876
37572.0,1279,genus,0.0087804,Staphylococcus,ERR1089876
37572.0,61170,genus,0.0087804,Holdemania,ERR1089876
37572.0,2295,genus,0.0043902,Desulfobacterium,ERR1089876
37572.0,392735,genus,0.0043902,Uliginosibacterium,ERR1089876
37572.0,1652133,genus,0.0043902,Halobacteriovorax,ERR1089876
37572.0,862,genus,0.0043902,Syntrophomonas,ERR1089876
37572.0,420345,genus,0.0043902,Lactonifactor,ERR1089876
37572.0,150333,genus,0.0043902,Thermobrachium,ERR1089876
37572.0,1234,genus,0.0043902,Nitrospira,ERR1089876
37572.0,1716,genus,0.0043902,Corynebacterium,ERR1089876
37572.0,1573535,genus,0.0043902,Holdemanella,ERR1089876
37572.0,13275,genus,0.0043902,Suttonella,ERR1089876
37572.0,359407,genus,0.0043902,Methylotenera,ERR1089876
37572.0,596499,genus,0.0043902,Nitriliruptor,ERR1089876
37572.0,79328,genus,0.0043902,Chitinophaga,ERR1089876
37572.0,53335,genus,0.0043902,Pantoea,ERR1089876
37572.0,795750,genus,0.0043902,Ignavibacterium,ERR1089876
37572.0,2086,genus,0.0043902,Anaeroplasma,ERR1089876
37572.0,33042,genus,0.0043902,Coprococcus,ERR1089876
37572.0,1115103,genus,0.0043902,Wandonia,ERR1089876
37572.0,670486,genus,0.0043902,Dehalogenimonas,ERR1089876
37572.0,271087,genus,0.0043902,Geopsychrobacter,ERR1089876
37572.0,207244,genus,0.0043902,Anaerostipes,ERR1089876
37572.0,836,genus,0.0043902,Porphyromonas,ERR1089876
37572.0,118747,genus,0.0043902,Bulleidia,ERR1089876
37572.0,1486726,genus,0.0043902,Pseudobacteroides,ERR1089876
37572.0,265980,genus,0.0043902,Alkalimonas,ERR1089876
37572.0,2299,genus,0.0043902,Desulfosarcina,ERR1089876
37572.0,2056,genus,0.0043902,Sphaerobacter,ERR1089876
37572.0,1565532,genus,0.0043902,Rouxiella,ERR1089876
37572.0,270497,genus,0.0043902,Catabacter,ERR1089876
37572.0,397864,genus,0.0043902,Barnesiella,ERR1089876
37572.0,649462,genus,0.0043902,Gracilimonas,ERR1089876
37572.0,1350,genus,0.0043902,Enterococcus,ERR1089876
37572.0,1200657,genus,0.0043902,Saccharofermentans,ERR1089876
37572.0,44249,genus,0.0043902,Paenibacillus,ERR1089876
37572.0,102106,genus,0.0043902,Collinsella,ERR1089876
37572.0,375928,genus,0.0043902,Natranaerobius,ERR1089876
37572.0,715222,genus,0.0043902,Caldicoprobacter,ERR1089876
37572.0,43947,genus,0.0043902,Tolumonas,ERR1089876
37572.0,64,genus,0.0043902,Herpetosiphon,ERR1089876
37572.0,338,genus,0.0043902,Xanthomonas,ERR1089876
37572.0,34037,genus,0.0043902,Rahnella,ERR1089876
,-1,genus,59.9175,Unknown,ERR1089876
37572.0,239934,genus,22.8027,Akkermansia,ERR1089876
37572.0,1508657,genus,3.24875,Ruminiclostridium,ERR1089876
37572.0,816,genus,2.10291,Bacteroides,ERR1089876
37572.0,239759,genus,1.36535,Alistipes,ERR1089876
37572.0,1505663,genus,1.27316,Erysipelatoclostridium,ERR1089876
37572.0,1730,genus,1.02292,Eubacterium,ERR1089876
37572.0,1506553,genus,0.992185,Lachnoclostridium,ERR1089876
37572.0,459786,genus,0.899991,Oscillibacter,ERR1089876
37572.0,1263,genus,0.676091,Ruminococcus,ERR1089876
37572.0,375288,genus,0.64536,Parabacteroides,ERR1089876
37572.0,84111,genus,0.557556,Eggerthella,ERR1089876
37572.0,283168,genus,0.531214,Odoribacter,ERR1089876
37572.0,577310,genus,0.421459,Parasutterella,ERR1089876
37572.0,52784,genus,0.368777,Anaerofilum,ERR1089876
37572.0,572511,genus,0.342436,Blautia,ERR1089876
37572.0,216851,genus,0.245851,Faecalibacterium,ERR1089876
37572.0,44748,genus,0.206339,Sporobacter,ERR1089876
37572.0,244127,genus,0.179998,Anaerotruncus,ERR1089876
37572.0,35832,genus,0.158047,Bilophila,ERR1089876
37572.0,1485,genus,0.158047,Clostridium,ERR1089876
37572.0,1505657,genus,0.140486,Intestinibacter,ERR1089876
37572.0,872,genus,0.105365,Desulfovibrio,ERR1089876
37572.0,990721,genus,0.0921942,Christensenella,ERR1089876
37572.0,1301,genus,0.0834138,Streptococcus,ERR1089876
37572.0,286,genus,0.0834138,Pseudomonas,ERR1089876
37572.0,40323,genus,0.0834138,Stenotrophomonas,ERR1089876
37572.0,561,genus,0.0702432,Escherichia,ERR1089876
37572.0,1386,genus,0.0702432,Bacillus,ERR1089876
37572.0,48463,genus,0.065853,Prosthecobacter,ERR1089876
37572.0,1578,genus,0.0614628,Lactobacillus,ERR1089876
37572.0,501783,genus,0.0570726,Cloacibacterium,ERR1089876
37572.0,698776,genus,0.0526824,Cellulosilyticum,ERR1089876
37572.0,278993,genus,0.0526824,Thermincola,ERR1089876
37572.0,79206,genus,0.043902,Desulfosporosinus,ERR1089876
37572.0,469,genus,0.0395118,Acinetobacter,ERR1089876
37572.0,227979,genus,0.0351216,Jeotgalicoccus,ERR1089876
37572.0,1573534,genus,0.0351216,Faecalitalea,ERR1089876
37572.0,1678,genus,0.021951,Bifidobacterium,ERR1089876
37572.0,42255,genus,0.021951,Rubrobacter,ERR1089876
37572.0,1654,genus,0.021951,Actinomyces,ERR1089876
37572.0,61434,genus,0.0175608,Dehalococcoides,ERR1089876
37572.0,644652,genus,0.0175608,Gordonibacter,ERR1089876
37572.0,180541,genus,0.0131706,Salinisphaera,ERR1089876
37572.0,52225,genus,0.0131706,Mitsuokella,ERR1089876
37572.0,2735,genus,0.0131706,Verrucomicrobium,ERR1089876
37572.0,898,genus,0.0131706,Desulfomicrobium,ERR1089876
37572.0,1279,genus,0.0087804,Staphylococcus,ERR1089876
37572.0,187144,genus,0.0087804,Caldithrix,ERR1089876
37572.0,61170,genus,0.0087804,Holdemania,ERR1089876
37572.0,620,genus,0.0087804,Shigella,ERR1089876
37572.0,117563,genus,0.0087804,Granulicatella,ERR1089876
37572.0,590,genus,0.0087804,Salmonella,ERR1089876
37572.0,146813,genus,0.0087804,Dendrosporobacter,ERR1089876
37572.0,233191,genus,0.0087804,Caldilinea,ERR1089876
37572.0,102106,genus,0.0043902,Collinsella,ERR1089876
37572.0,64,genus,0.0043902,Herpetosiphon,ERR1089876
37572.0,375928,genus,0.0043902,Natranaerobius,ERR1089876
37572.0,715222,genus,0.0043902,Caldicoprobacter,ERR1089876
37572.0,43947,genus,0.0043902,Tolumonas,ERR1089876
37572.0,338,genus,0.0043902,Xanthomonas,ERR1089876
37572.0,34037,genus,0.0043902,Rahnella,ERR1089876
37572.0,392735,genus,0.0043902,Uliginosibacterium,ERR1089876
37572.0,2295,genus,0.0043902,Desulfobacterium,ERR1089876
37572.0,420345,genus,0.0043902,Lactonifactor,ERR1089876
37572.0,1652133,genus,0.0043902,Halobacteriovorax,ERR1089876
37572.0,862,genus,0.0043902,Syntrophomonas,ERR1089876
37572.0,150333,genus,0.0043902,Thermobrachium,ERR1089876
37572.0,1234,genus,0.0043902,Nitrospira,ERR1089876
37572.0,13275,genus,0.0043902,Suttonella,ERR1089876
37572.0,1716,genus,0.0043902,Corynebacterium,ERR1089876
37572.0,1573535,genus,0.0043902,Holdemanella,ERR1089876
37572.0,596499,genus,0.0043902,Nitriliruptor,ERR1089876
37572.0,79328,genus,0.0043902,Chitinophaga,ERR1089876
37572.0,53335,genus,0.0043902,Pantoea,ERR1089876
37572.0,359407,genus,0.0043902,Methylotenera,ERR1089876
37572.0,795750,genus,0.0043902,Ignavibacterium,ERR1089876
37572.0,2086,genus,0.0043902,Anaeroplasma,ERR1089876
37572.0,1115103,genus,0.0043902,Wandonia,ERR1089876
37572.0,670486,genus,0.0043902,Dehalogenimonas,ERR1089876
37572.0,33042,genus,0.0043902,Coprococcus,ERR1089876
37572.0,836,genus,0.0043902,Porphyromonas,ERR1089876
37572.0,118747,genus,0.0043902,Bulleidia,ERR1089876
37572.0,271087,genus,0.0043902,Geopsychrobacter,ERR1089876
37572.0,207244,genus,0.0043902,Anaerostipes,ERR1089876
37572.0,265980,genus,0.0043902,Alkalimonas,ERR1089876
37572.0,2299,genus,0.0043902,Desulfosarcina,ERR1089876
37572.0,1486726,genus,0.0043902,Pseudobacteroides,ERR1089876
37572.0,1565532,genus,0.0043902,Rouxiella,ERR1089876
37572.0,2056,genus,0.0043902,Sphaerobacter,ERR1089876
37572.0,397864,genus,0.0043902,Barnesiella,ERR1089876
37572.0,270497,genus,0.0043902,Catabacter,ERR1089876
37572.0,44249,genus,0.0043902,Paenibacillus,ERR1089876
37572.0,649462,genus,0.0043902,Gracilimonas,ERR1089876
37572.0,1350,genus,0.0043902,Enterococcus,ERR1089876
37572.0,1200657,genus,0.0043902,Saccharofermentans,ERR1089876
,-1,genus,59.9175,Unknown,ERR1089876
37575.0,816,genus,13.9831,Bacteroides,ERR1089899
37575.0,216851,genus,5.93244,Faecalibacterium,ERR1089899
37575.0,583,genus,2.85362,Proteus,ERR1089899
37575.0,375288,genus,2.40676,Parabacteroides,ERR1089899
37575.0,239759,genus,0.654469,Alistipes,ERR1089899
37575.0,1350,genus,0.221675,Enterococcus,ERR1089899
37575.0,46255,genus,0.186488,Weissella,ERR1089899
37575.0,572511,genus,0.168895,Blautia,ERR1089899
37575.0,1678,genus,0.126671,Bifidobacterium,ERR1089899
37575.0,1506553,genus,0.116115,Lachnoclostridium,ERR1089899
37575.0,1301,genus,0.116115,Streptococcus,ERR1089899
37575.0,1578,genus,0.105559,Lactobacillus,ERR1089899
37575.0,904,genus,0.0950035,Acidaminococcus,ERR1089899
37575.0,561,genus,0.0914849,Escherichia,ERR1089899
37575.0,590,genus,0.0774103,Salmonella,ERR1089899
37575.0,1485,genus,0.0738916,Clostridium,ERR1089899
37575.0,1279,genus,0.059817,Staphylococcus,ERR1089899
37575.0,459786,genus,0.0527797,Oscillibacter,ERR1089899
37575.0,1505663,genus,0.0527797,Erysipelatoclostridium,ERR1089899
37575.0,286,genus,0.0492611,Pseudomonas,ERR1089899
37575.0,581,genus,0.0457424,Morganella,ERR1089899
37575.0,1505657,genus,0.0422238,Intestinibacter,ERR1089899
37575.0,1386,genus,0.0387051,Bacillus,ERR1089899
37575.0,872,genus,0.0387051,Desulfovibrio,ERR1089899
37575.0,1730,genus,0.0351865,Eubacterium,ERR1089899
37575.0,898,genus,0.0316678,Desulfomicrobium,ERR1089899
37575.0,1508657,genus,0.0281492,Ruminiclostridium,ERR1089899
37575.0,41273,genus,0.0246305,Tissierella,ERR1089899
37575.0,836,genus,0.0211119,Porphyromonas,ERR1089899
37575.0,61170,genus,0.0211119,Holdemania,ERR1089899
37575.0,180541,genus,0.0211119,Salinisphaera,ERR1089899
37575.0,283168,genus,0.0175932,Odoribacter,ERR1089899
37575.0,445,genus,0.0175932,Legionella,ERR1089899
37575.0,33042,genus,0.0175932,Coprococcus,ERR1089899
37575.0,207244,genus,0.0175932,Anaerostipes,ERR1089899
37575.0,469,genus,0.0175932,Acinetobacter,ERR1089899
37575.0,838,genus,0.0175932,Prevotella,ERR1089899
37575.0,1263,genus,0.0140746,Ruminococcus,ERR1089899
37575.0,28231,genus,0.0140746,Geobacter,ERR1089899
37575.0,841,genus,0.0140746,Roseburia,ERR1089899
37575.0,57493,genus,0.0140746,Kocuria,ERR1089899
37575.0,239934,genus,0.0105559,Akkermansia,ERR1089899
37575.0,226,genus,0.0105559,Alteromonas,ERR1089899
37575.0,44748,genus,0.0105559,Sporobacter,ERR1089899
37575.0,244127,genus,0.0105559,Anaerotruncus,ERR1089899
37575.0,39948,genus,0.0105559,Dialister,ERR1089899
37575.0,1573535,genus,0.0105559,Holdemanella,ERR1089899
37575.0,702,genus,0.0105559,Plesiomonas,ERR1089899
37575.0,620,genus,0.0105559,Shigella,ERR1089899
37575.0,13687,genus,0.0070373,Sphingomonas,ERR1089899
37575.0,586,genus,0.0070373,Providencia,ERR1089899
37575.0,84111,genus,0.0070373,Eggerthella,ERR1089899
37575.0,1548510,genus,0.0070373,Microbacter,ERR1089899
37575.0,189330,genus,0.0070373,Dorea,ERR1089899
37575.0,156973,genus,0.0070373,Dysgonomonas,ERR1089899
37575.0,34037,genus,0.0070373,Rahnella,ERR1089899
37575.0,517,genus,0.0070373,Bordetella,ERR1089899
37575.0,1471399,genus,0.00351865,Draconibacterium,ERR1089899
37575.0,332248,genus,0.00351865,Truepera,ERR1089899
37575.0,58050,genus,0.00351865,Moritella,ERR1089899
37575.0,1654,genus,0.00351865,Actinomyces,ERR1089899
37575.0,1243,genus,0.00351865,Leuconostoc,ERR1089899
37575.0,267986,genus,0.00351865,Owenweeksia,ERR1089899
37575.0,413496,genus,0.00351865,Cronobacter,ERR1089899
37575.0,998014,genus,0.00351865,Cocleimonas,ERR1089899
37575.0,2299,genus,0.00351865,Desulfosarcina,ERR1089899
37575.0,1716,genus,0.00351865,Corynebacterium,ERR1089899
37575.0,40323,genus,0.00351865,Stenotrophomonas,ERR1089899
37575.0,642,genus,0.00351865,Aeromonas,ERR1089899
37575.0,32207,genus,0.00351865,Rothia,ERR1089899
37575.0,795750,genus,0.00351865,Ignavibacterium,ERR1089899
37575.0,1843210,genus,0.00351865,Anaerocolumna,ERR1089899
37575.0,53335,genus,0.00351865,Pantoea,ERR1089899
37575.0,1827,genus,0.00351865,Rhodococcus,ERR1089899
37575.0,146813,genus,0.00351865,Dendrosporobacter,ERR1089899
37575.0,105,genus,0.00351865,Runella,ERR1089899
37575.0,2357,genus,0.00351865,Desulfomonile,ERR1089899
37575.0,233189,genus,0.00351865,Anaerolinea,ERR1089899
37575.0,2747,genus,0.00351865,Carnobacterium,ERR1089899
37575.0,724,genus,0.00351865,Haemophilus,ERR1089899
37575.0,1645,genus,0.00351865,Renibacterium,ERR1089899
37575.0,1017280,genus,0.00351865,Pseudoflavonifractor,ERR1089899
37575.0,423349,genus,0.00351865,Mucilaginibacter,ERR1089899
37575.0,106633,genus,0.00351865,Thioalkalivibrio,ERR1089899
37575.0,1505652,genus,0.00351865,Terrisporobacter,ERR1089899
37575.0,629,genus,0.00351865,Yersinia,ERR1089899
37575.0,188143,genus,0.00351865,Enterovibrio,ERR1089899
37575.0,482,genus,0.00351865,Neisseria,ERR1089899
37575.0,165779,genus,0.00351865,Anaerococcus,ERR1089899
,-1,genus,71.5728,Unknown,ERR1089899
37575.0,816,genus,13.9831,Bacteroides,ERR1089899
37575.0,216851,genus,5.93244,Faecalibacterium,ERR1089899
37575.0,583,genus,2.85362,Proteus,ERR1089899
37575.0,375288,genus,2.40676,Parabacteroides,ERR1089899
37575.0,239759,genus,0.654469,Alistipes,ERR1089899
37575.0,1350,genus,0.221675,Enterococcus,ERR1089899
37575.0,46255,genus,0.186488,Weissella,ERR1089899
37575.0,572511,genus,0.168895,Blautia,ERR1089899
37575.0,1678,genus,0.126671,Bifidobacterium,ERR1089899
37575.0,1506553,genus,0.116115,Lachnoclostridium,ERR1089899
37575.0,1301,genus,0.116115,Streptococcus,ERR1089899
37575.0,1578,genus,0.105559,Lactobacillus,ERR1089899
37575.0,904,genus,0.0950035,Acidaminococcus,ERR1089899
37575.0,561,genus,0.0914849,Escherichia,ERR1089899
37575.0,590,genus,0.0774103,Salmonella,ERR1089899
37575.0,1485,genus,0.0738916,Clostridium,ERR1089899
37575.0,1279,genus,0.059817,Staphylococcus,ERR1089899
37575.0,459786,genus,0.0527797,Oscillibacter,ERR1089899
37575.0,1505663,genus,0.0527797,Erysipelatoclostridium,ERR1089899
37575.0,286,genus,0.0492611,Pseudomonas,ERR1089899
37575.0,581,genus,0.0457424,Morganella,ERR1089899
37575.0,1505657,genus,0.0422238,Intestinibacter,ERR1089899
37575.0,872,genus,0.0387051,Desulfovibrio,ERR1089899
37575.0,1386,genus,0.0387051,Bacillus,ERR1089899
37575.0,1730,genus,0.0351865,Eubacterium,ERR1089899
37575.0,898,genus,0.0316678,Desulfomicrobium,ERR1089899
37575.0,1508657,genus,0.0281492,Ruminiclostridium,ERR1089899
37575.0,41273,genus,0.0246305,Tissierella,ERR1089899
37575.0,836,genus,0.0211119,Porphyromonas,ERR1089899
37575.0,61170,genus,0.0211119,Holdemania,ERR1089899
37575.0,180541,genus,0.0211119,Salinisphaera,ERR1089899
37575.0,283168,genus,0.0175932,Odoribacter,ERR1089899
37575.0,445,genus,0.0175932,Legionella,ERR1089899
37575.0,33042,genus,0.0175932,Coprococcus,ERR1089899
37575.0,207244,genus,0.0175932,Anaerostipes,ERR1089899
37575.0,469,genus,0.0175932,Acinetobacter,ERR1089899
37575.0,838,genus,0.0175932,Prevotella,ERR1089899
37575.0,841,genus,0.0140746,Roseburia,ERR1089899
37575.0,57493,genus,0.0140746,Kocuria,ERR1089899
37575.0,1263,genus,0.0140746,Ruminococcus,ERR1089899
37575.0,28231,genus,0.0140746,Geobacter,ERR1089899
37575.0,226,genus,0.0105559,Alteromonas,ERR1089899
37575.0,44748,genus,0.0105559,Sporobacter,ERR1089899
37575.0,244127,genus,0.0105559,Anaerotruncus,ERR1089899
37575.0,39948,genus,0.0105559,Dialister,ERR1089899
37575.0,1573535,genus,0.0105559,Holdemanella,ERR1089899
37575.0,702,genus,0.0105559,Plesiomonas,ERR1089899
37575.0,620,genus,0.0105559,Shigella,ERR1089899
37575.0,239934,genus,0.0105559,Akkermansia,ERR1089899
37575.0,13687,genus,0.0070373,Sphingomonas,ERR1089899
37575.0,586,genus,0.0070373,Providencia,ERR1089899
37575.0,84111,genus,0.0070373,Eggerthella,ERR1089899
37575.0,1548510,genus,0.0070373,Microbacter,ERR1089899
37575.0,189330,genus,0.0070373,Dorea,ERR1089899
37575.0,156973,genus,0.0070373,Dysgonomonas,ERR1089899
37575.0,34037,genus,0.0070373,Rahnella,ERR1089899
37575.0,517,genus,0.0070373,Bordetella,ERR1089899
37575.0,267986,genus,0.00351865,Owenweeksia,ERR1089899
37575.0,413496,genus,0.00351865,Cronobacter,ERR1089899
37575.0,998014,genus,0.00351865,Cocleimonas,ERR1089899
37575.0,2299,genus,0.00351865,Desulfosarcina,ERR1089899
37575.0,1716,genus,0.00351865,Corynebacterium,ERR1089899
37575.0,40323,genus,0.00351865,Stenotrophomonas,ERR1089899
37575.0,642,genus,0.00351865,Aeromonas,ERR1089899
37575.0,32207,genus,0.00351865,Rothia,ERR1089899
37575.0,795750,genus,0.00351865,Ignavibacterium,ERR1089899
37575.0,1843210,genus,0.00351865,Anaerocolumna,ERR1089899
37575.0,53335,genus,0.00351865,Pantoea,ERR1089899
37575.0,1827,genus,0.00351865,Rhodococcus,ERR1089899
37575.0,146813,genus,0.00351865,Dendrosporobacter,ERR1089899
37575.0,105,genus,0.00351865,Runella,ERR1089899
37575.0,2357,genus,0.00351865,Desulfomonile,ERR1089899
37575.0,233189,genus,0.00351865,Anaerolinea,ERR1089899
37575.0,2747,genus,0.00351865,Carnobacterium,ERR1089899
37575.0,724,genus,0.00351865,Haemophilus,ERR1089899
37575.0,1645,genus,0.00351865,Renibacterium,ERR1089899
37575.0,1017280,genus,0.00351865,Pseudoflavonifractor,ERR1089899
37575.0,423349,genus,0.00351865,Mucilaginibacter,ERR1089899
37575.0,106633,genus,0.00351865,Thioalkalivibrio,ERR1089899
37575.0,1505652,genus,0.00351865,Terrisporobacter,ERR1089899
37575.0,629,genus,0.00351865,Yersinia,ERR1089899
37575.0,188143,genus,0.00351865,Enterovibrio,ERR1089899
37575.0,482,genus,0.00351865,Neisseria,ERR1089899
37575.0,165779,genus,0.00351865,Anaerococcus,ERR1089899
37575.0,1471399,genus,0.00351865,Draconibacterium,ERR1089899
37575.0,332248,genus,0.00351865,Truepera,ERR1089899
37575.0,58050,genus,0.00351865,Moritella,ERR1089899
37575.0,1654,genus,0.00351865,Actinomyces,ERR1089899
37575.0,1243,genus,0.00351865,Leuconostoc,ERR1089899
,-1,genus,71.5728,Unknown,ERR1089899
37575.0,816,genus,13.9831,Bacteroides,ERR1089899
37575.0,216851,genus,5.93244,Faecalibacterium,ERR1089899
37575.0,583,genus,2.85362,Proteus,ERR1089899
37575.0,375288,genus,2.40676,Parabacteroides,ERR1089899
37575.0,239759,genus,0.654469,Alistipes,ERR1089899
37575.0,1350,genus,0.221675,Enterococcus,ERR1089899
37575.0,46255,genus,0.186488,Weissella,ERR1089899
37575.0,572511,genus,0.168895,Blautia,ERR1089899
37575.0,1678,genus,0.126671,Bifidobacterium,ERR1089899
37575.0,1506553,genus,0.116115,Lachnoclostridium,ERR1089899
37575.0,1301,genus,0.116115,Streptococcus,ERR1089899
37575.0,1578,genus,0.105559,Lactobacillus,ERR1089899
37575.0,904,genus,0.0950035,Acidaminococcus,ERR1089899
37575.0,561,genus,0.0914849,Escherichia,ERR1089899
37575.0,590,genus,0.0774103,Salmonella,ERR1089899
37575.0,1485,genus,0.0738916,Clostridium,ERR1089899
37575.0,1279,genus,0.059817,Staphylococcus,ERR1089899
37575.0,1505663,genus,0.0527797,Erysipelatoclostridium,ERR1089899
37575.0,459786,genus,0.0527797,Oscillibacter,ERR1089899
37575.0,286,genus,0.0492611,Pseudomonas,ERR1089899
37575.0,581,genus,0.0457424,Morganella,ERR1089899
37575.0,1505657,genus,0.0422238,Intestinibacter,ERR1089899
37575.0,872,genus,0.0387051,Desulfovibrio,ERR1089899
37575.0,1386,genus,0.0387051,Bacillus,ERR1089899
37575.0,1730,genus,0.0351865,Eubacterium,ERR1089899
37575.0,898,genus,0.0316678,Desulfomicrobium,ERR1089899
37575.0,1508657,genus,0.0281492,Ruminiclostridium,ERR1089899
37575.0,41273,genus,0.0246305,Tissierella,ERR1089899
37575.0,61170,genus,0.0211119,Holdemania,ERR1089899
37575.0,180541,genus,0.0211119,Salinisphaera,ERR1089899
37575.0,836,genus,0.0211119,Porphyromonas,ERR1089899
37575.0,838,genus,0.0175932,Prevotella,ERR1089899
37575.0,283168,genus,0.0175932,Odoribacter,ERR1089899
37575.0,33042,genus,0.0175932,Coprococcus,ERR1089899
37575.0,445,genus,0.0175932,Legionella,ERR1089899
37575.0,207244,genus,0.0175932,Anaerostipes,ERR1089899
37575.0,469,genus,0.0175932,Acinetobacter,ERR1089899
37575.0,57493,genus,0.0140746,Kocuria,ERR1089899
37575.0,28231,genus,0.0140746,Geobacter,ERR1089899
37575.0,1263,genus,0.0140746,Ruminococcus,ERR1089899
37575.0,841,genus,0.0140746,Roseburia,ERR1089899
37575.0,702,genus,0.0105559,Plesiomonas,ERR1089899
37575.0,620,genus,0.0105559,Shigella,ERR1089899
37575.0,239934,genus,0.0105559,Akkermansia,ERR1089899
37575.0,226,genus,0.0105559,Alteromonas,ERR1089899
37575.0,44748,genus,0.0105559,Sporobacter,ERR1089899
37575.0,244127,genus,0.0105559,Anaerotruncus,ERR1089899
37575.0,39948,genus,0.0105559,Dialister,ERR1089899
37575.0,1573535,genus,0.0105559,Holdemanella,ERR1089899
37575.0,1548510,genus,0.0070373,Microbacter,ERR1089899
37575.0,189330,genus,0.0070373,Dorea,ERR1089899
37575.0,156973,genus,0.0070373,Dysgonomonas,ERR1089899
37575.0,34037,genus,0.0070373,Rahnella,ERR1089899
37575.0,517,genus,0.0070373,Bordetella,ERR1089899
37575.0,13687,genus,0.0070373,Sphingomonas,ERR1089899
37575.0,84111,genus,0.0070373,Eggerthella,ERR1089899
37575.0,586,genus,0.0070373,Providencia,ERR1089899
37575.0,1827,genus,0.00351865,Rhodococcus,ERR1089899
37575.0,146813,genus,0.00351865,Dendrosporobacter,ERR1089899
37575.0,105,genus,0.00351865,Runella,ERR1089899
37575.0,53335,genus,0.00351865,Pantoea,ERR1089899
37575.0,2357,genus,0.00351865,Desulfomonile,ERR1089899
37575.0,233189,genus,0.00351865,Anaerolinea,ERR1089899
37575.0,2747,genus,0.00351865,Carnobacterium,ERR1089899
37575.0,724,genus,0.00351865,Haemophilus,ERR1089899
37575.0,1017280,genus,0.00351865,Pseudoflavonifractor,ERR1089899
37575.0,1645,genus,0.00351865,Renibacterium,ERR1089899
37575.0,1505652,genus,0.00351865,Terrisporobacter,ERR1089899
37575.0,423349,genus,0.00351865,Mucilaginibacter,ERR1089899
37575.0,106633,genus,0.00351865,Thioalkalivibrio,ERR1089899
37575.0,629,genus,0.00351865,Yersinia,ERR1089899
37575.0,188143,genus,0.00351865,Enterovibrio,ERR1089899
37575.0,165779,genus,0.00351865,Anaerococcus,ERR1089899
37575.0,482,genus,0.00351865,Neisseria,ERR1089899
37575.0,332248,genus,0.00351865,Truepera,ERR1089899
37575.0,1471399,genus,0.00351865,Draconibacterium,ERR1089899
37575.0,1243,genus,0.00351865,Leuconostoc,ERR1089899
37575.0,58050,genus,0.00351865,Moritella,ERR1089899
37575.0,1654,genus,0.00351865,Actinomyces,ERR1089899
37575.0,267986,genus,0.00351865,Owenweeksia,ERR1089899
37575.0,998014,genus,0.00351865,Cocleimonas,ERR1089899
37575.0,413496,genus,0.00351865,Cronobacter,ERR1089899
37575.0,1716,genus,0.00351865,Corynebacterium,ERR1089899
37575.0,2299,genus,0.00351865,Desulfosarcina,ERR1089899
37575.0,642,genus,0.00351865,Aeromonas,ERR1089899
37575.0,40323,genus,0.00351865,Stenotrophomonas,ERR1089899
37575.0,795750,genus,0.00351865,Ignavibacterium,ERR1089899
37575.0,32207,genus,0.00351865,Rothia,ERR1089899
37575.0,1843210,genus,0.00351865,Anaerocolumna,ERR1089899
,-1,genus,71.5728,Unknown,ERR1089899
37575.0,816,genus,13.9831,Bacteroides,ERR1089899
37575.0,216851,genus,5.93244,Faecalibacterium,ERR1089899
37575.0,583,genus,2.85362,Proteus,ERR1089899
37575.0,375288,genus,2.40676,Parabacteroides,ERR1089899
37575.0,239759,genus,0.654469,Alistipes,ERR1089899
37575.0,1350,genus,0.221675,Enterococcus,ERR1089899
37575.0,46255,genus,0.186488,Weissella,ERR1089899
37575.0,572511,genus,0.168895,Blautia,ERR1089899
37575.0,1678,genus,0.126671,Bifidobacterium,ERR1089899
37575.0,1506553,genus,0.116115,Lachnoclostridium,ERR1089899
37575.0,1301,genus,0.116115,Streptococcus,ERR1089899
37575.0,1578,genus,0.105559,Lactobacillus,ERR1089899
37575.0,904,genus,0.0950035,Acidaminococcus,ERR1089899
37575.0,561,genus,0.0914849,Escherichia,ERR1089899
37575.0,590,genus,0.0774103,Salmonella,ERR1089899
37575.0,1485,genus,0.0738916,Clostridium,ERR1089899
37575.0,1279,genus,0.059817,Staphylococcus,ERR1089899
37575.0,459786,genus,0.0527797,Oscillibacter,ERR1089899
37575.0,1505663,genus,0.0527797,Erysipelatoclostridium,ERR1089899
37575.0,286,genus,0.0492611,Pseudomonas,ERR1089899
37575.0,581,genus,0.0457424,Morganella,ERR1089899
37575.0,1505657,genus,0.0422238,Intestinibacter,ERR1089899
37575.0,872,genus,0.0387051,Desulfovibrio,ERR1089899
37575.0,1386,genus,0.0387051,Bacillus,ERR1089899
37575.0,1730,genus,0.0351865,Eubacterium,ERR1089899
37575.0,898,genus,0.0316678,Desulfomicrobium,ERR1089899
37575.0,1508657,genus,0.0281492,Ruminiclostridium,ERR1089899
37575.0,41273,genus,0.0246305,Tissierella,ERR1089899
37575.0,836,genus,0.0211119,Porphyromonas,ERR1089899
37575.0,61170,genus,0.0211119,Holdemania,ERR1089899
37575.0,180541,genus,0.0211119,Salinisphaera,ERR1089899
37575.0,207244,genus,0.0175932,Anaerostipes,ERR1089899
37575.0,469,genus,0.0175932,Acinetobacter,ERR1089899
37575.0,838,genus,0.0175932,Prevotella,ERR1089899
37575.0,283168,genus,0.0175932,Odoribacter,ERR1089899
37575.0,445,genus,0.0175932,Legionella,ERR1089899
37575.0,33042,genus,0.0175932,Coprococcus,ERR1089899
37575.0,57493,genus,0.0140746,Kocuria,ERR1089899
37575.0,1263,genus,0.0140746,Ruminococcus,ERR1089899
37575.0,28231,genus,0.0140746,Geobacter,ERR1089899
37575.0,841,genus,0.0140746,Roseburia,ERR1089899
37575.0,244127,genus,0.0105559,Anaerotruncus,ERR1089899
37575.0,39948,genus,0.0105559,Dialister,ERR1089899
37575.0,1573535,genus,0.0105559,Holdemanella,ERR1089899
37575.0,702,genus,0.0105559,Plesiomonas,ERR1089899
37575.0,620,genus,0.0105559,Shigella,ERR1089899
37575.0,239934,genus,0.0105559,Akkermansia,ERR1089899
37575.0,226,genus,0.0105559,Alteromonas,ERR1089899
37575.0,44748,genus,0.0105559,Sporobacter,ERR1089899
37575.0,586,genus,0.0070373,Providencia,ERR1089899
37575.0,84111,genus,0.0070373,Eggerthella,ERR1089899
37575.0,1548510,genus,0.0070373,Microbacter,ERR1089899
37575.0,189330,genus,0.0070373,Dorea,ERR1089899
37575.0,156973,genus,0.0070373,Dysgonomonas,ERR1089899
37575.0,34037,genus,0.0070373,Rahnella,ERR1089899
37575.0,517,genus,0.0070373,Bordetella,ERR1089899
37575.0,13687,genus,0.0070373,Sphingomonas,ERR1089899
37575.0,40323,genus,0.00351865,Stenotrophomonas,ERR1089899
37575.0,642,genus,0.00351865,Aeromonas,ERR1089899
37575.0,32207,genus,0.00351865,Rothia,ERR1089899
37575.0,795750,genus,0.00351865,Ignavibacterium,ERR1089899
37575.0,1843210,genus,0.00351865,Anaerocolumna,ERR1089899
37575.0,53335,genus,0.00351865,Pantoea,ERR1089899
37575.0,1827,genus,0.00351865,Rhodococcus,ERR1089899
37575.0,146813,genus,0.00351865,Dendrosporobacter,ERR1089899
37575.0,105,genus,0.00351865,Runella,ERR1089899
37575.0,2357,genus,0.00351865,Desulfomonile,ERR1089899
37575.0,233189,genus,0.00351865,Anaerolinea,ERR1089899
37575.0,2747,genus,0.00351865,Carnobacterium,ERR1089899
37575.0,724,genus,0.00351865,Haemophilus,ERR1089899
37575.0,1645,genus,0.00351865,Renibacterium,ERR1089899
37575.0,1017280,genus,0.00351865,Pseudoflavonifractor,ERR1089899
37575.0,423349,genus,0.00351865,Mucilaginibacter,ERR1089899
37575.0,106633,genus,0.00351865,Thioalkalivibrio,ERR1089899
37575.0,1505652,genus,0.00351865,Terrisporobacter,ERR1089899
37575.0,629,genus,0.00351865,Yersinia,ERR1089899
37575.0,188143,genus,0.00351865,Enterovibrio,ERR1089899
37575.0,482,genus,0.00351865,Neisseria,ERR1089899
37575.0,165779,genus,0.00351865,Anaerococcus,ERR1089899
37575.0,1471399,genus,0.00351865,Draconibacterium,ERR1089899
37575.0,332248,genus,0.00351865,Truepera,ERR1089899
37575.0,58050,genus,0.00351865,Moritella,ERR1089899
37575.0,1654,genus,0.00351865,Actinomyces,ERR1089899
37575.0,1243,genus,0.00351865,Leuconostoc,ERR1089899
37575.0,267986,genus,0.00351865,Owenweeksia,ERR1089899
37575.0,413496,genus,0.00351865,Cronobacter,ERR1089899
37575.0,998014,genus,0.00351865,Cocleimonas,ERR1089899
37575.0,2299,genus,0.00351865,Desulfosarcina,ERR1089899
37575.0,1716,genus,0.00351865,Corynebacterium,ERR1089899
,-1,genus,71.5728,Unknown,ERR1089899
34086.0,239934,genus,32.0888,Akkermansia,ERR1089900
34086.0,816,genus,22.4179,Bacteroides,ERR1089900
34086.0,239759,genus,11.0146,Alistipes,ERR1089900
34086.0,375288,genus,3.84107,Parabacteroides,ERR1089900
34086.0,1506553,genus,1.75721,Lachnoclostridium,ERR1089900
34086.0,52784,genus,1.57943,Anaerofilum,ERR1089900
34086.0,577309,genus,1.42231,Paraprevotella,ERR1089900
34086.0,572511,genus,1.23212,Blautia,ERR1089900
34086.0,1508657,genus,1.02539,Ruminiclostridium,ERR1089900
34086.0,1730,genus,0.711155,Eubacterium,ERR1089900
34086.0,459786,genus,0.686347,Oscillibacter,ERR1089900
34086.0,577310,genus,0.566443,Parasutterella,ERR1089900
34086.0,244127,genus,0.434135,Anaerotruncus,ERR1089900
34086.0,1263,genus,0.413462,Ruminococcus,ERR1089900
34086.0,1505657,genus,0.388655,Intestinibacter,ERR1089900
34086.0,216851,genus,0.339039,Faecalibacterium,ERR1089900
34086.0,904,genus,0.339039,Acidaminococcus,ERR1089900
34086.0,1678,genus,0.22327,Bifidobacterium,ERR1089900
34086.0,841,genus,0.219135,Roseburia,ERR1089900
34086.0,1505663,genus,0.215,Erysipelatoclostridium,ERR1089900
34086.0,283168,genus,0.16952,Odoribacter,ERR1089900
34086.0,48463,genus,0.115769,Prosthecobacter,ERR1089900
34086.0,838,genus,0.111635,Prevotella,ERR1089900
34086.0,184869,genus,0.103366,Varibaculum,ERR1089900
34086.0,1485,genus,0.0826925,Clostridium,ERR1089900
34086.0,1573534,genus,0.0744232,Faecalitalea,ERR1089900
34086.0,41273,genus,0.066154,Tissierella,ERR1089900
34086.0,84111,genus,0.0578847,Eggerthella,ERR1089900
34086.0,2735,genus,0.0537501,Verrucomicrobium,ERR1089900
34086.0,836,genus,0.0413462,Porphyromonas,ERR1089900
34086.0,1279,genus,0.0413462,Staphylococcus,ERR1089900
34086.0,61170,genus,0.0372116,Holdemania,ERR1089900
34086.0,165779,genus,0.033077,Anaerococcus,ERR1089900
34086.0,990721,genus,0.0289424,Christensenella,ERR1089900
34086.0,1386,genus,0.0248077,Bacillus,ERR1089900
34086.0,189330,genus,0.0248077,Dorea,ERR1089900
34086.0,194,genus,0.0248077,Campylobacter,ERR1089900
34086.0,1471399,genus,0.0248077,Draconibacterium,ERR1089900
34086.0,39948,genus,0.0206731,Dialister,ERR1089900
34086.0,2050,genus,0.0206731,Mobiluncus,ERR1089900
34086.0,1618113,genus,0.0165385,Saccharicrinis,ERR1089900
34086.0,1301,genus,0.0165385,Streptococcus,ERR1089900
34086.0,100883,genus,0.0165385,Coprobacillus,ERR1089900
34086.0,1578,genus,0.0165385,Lactobacillus,ERR1089900
34086.0,2740,genus,0.0124039,Peptococcus,ERR1089900
34086.0,207244,genus,0.0124039,Anaerostipes,ERR1089900
34086.0,914,genus,0.0124039,Nitrosomonas,ERR1089900
34086.0,1654,genus,0.00826925,Actinomyces,ERR1089900
34086.0,1506577,genus,0.00826925,Tyzzerella,ERR1089900
34086.0,419014,genus,0.00826925,Alloscardovia,ERR1089900
34086.0,156973,genus,0.00826925,Dysgonomonas,ERR1089900
34086.0,253238,genus,0.00826925,Ethanoligenens,ERR1089900
34086.0,28453,genus,0.00826925,Sphingobacterium,ERR1089900
34086.0,1716,genus,0.00826925,Corynebacterium,ERR1089900
34086.0,102106,genus,0.00826925,Collinsella,ERR1089900
34086.0,61434,genus,0.00826925,Dehalococcoides,ERR1089900
34086.0,114627,genus,0.00826925,Alkaliphilus,ERR1089900
34086.0,32205,genus,0.00826925,Leptonema,ERR1089900
34086.0,795750,genus,0.00826925,Ignavibacterium,ERR1089900
34086.0,79328,genus,0.00826925,Chitinophaga,ERR1089900
34086.0,392735,genus,0.00826925,Uliginosibacterium,ERR1089900
34086.0,44748,genus,0.00413462,Sporobacter,ERR1089900
34086.0,724,genus,0.00413462,Haemophilus,ERR1089900
34086.0,226,genus,0.00413462,Alteromonas,ERR1089900
34086.0,233189,genus,0.00413462,Anaerolinea,ERR1089900
34086.0,286,genus,0.00413462,Pseudomonas,ERR1089900
34086.0,1257,genus,0.00413462,Peptostreptococcus,ERR1089900
34086.0,55080,genus,0.00413462,Brevibacillus,ERR1089900
34086.0,1253,genus,0.00413462,Pediococcus,ERR1089900
34086.0,698776,genus,0.00413462,Cellulosilyticum,ERR1089900
34086.0,233191,genus,0.00413462,Caldilinea,ERR1089900
34086.0,162289,genus,0.00413462,Peptoniphilus,ERR1089900
34086.0,1827,genus,0.00413462,Rhodococcus,ERR1089900
34086.0,332248,genus,0.00413462,Truepera,ERR1089900
34086.0,150022,genus,0.00413462,Finegoldia,ERR1089900
34086.0,44249,genus,0.00413462,Paenibacillus,ERR1089900
34086.0,1769729,genus,0.00413462,Hathewaya,ERR1089900
34086.0,670486,genus,0.00413462,Dehalogenimonas,ERR1089900
34086.0,397864,genus,0.00413462,Barnesiella,ERR1089900
34086.0,862,genus,0.00413462,Syntrophomonas,ERR1089900
34086.0,375928,genus,0.00413462,Natranaerobius,ERR1089900
34086.0,1350,genus,0.00413462,Enterococcus,ERR1089900
34086.0,346096,genus,0.00413462,Paludibacter,ERR1089900
34086.0,46255,genus,0.00413462,Weissella,ERR1089900
34086.0,1548510,genus,0.00413462,Microbacter,ERR1089900
34086.0,2132,genus,0.00413462,Spiroplasma,ERR1089900
34086.0,1778601,genus,0.00413462,Apibacter,ERR1089900
34086.0,86331,genus,0.00413462,Mogibacterium,ERR1089900
,-1,genus,17.4481,Unknown,ERR1089900
34086.0,239934,genus,32.0888,Akkermansia,ERR1089900
34086.0,816,genus,22.4179,Bacteroides,ERR1089900
34086.0,239759,genus,11.0146,Alistipes,ERR1089900
34086.0,375288,genus,3.84107,Parabacteroides,ERR1089900
34086.0,1506553,genus,1.75721,Lachnoclostridium,ERR1089900
34086.0,52784,genus,1.57943,Anaerofilum,ERR1089900
34086.0,577309,genus,1.42231,Paraprevotella,ERR1089900
34086.0,572511,genus,1.23212,Blautia,ERR1089900
34086.0,1508657,genus,1.02539,Ruminiclostridium,ERR1089900
34086.0,1730,genus,0.711155,Eubacterium,ERR1089900
34086.0,459786,genus,0.686347,Oscillibacter,ERR1089900
34086.0,577310,genus,0.566443,Parasutterella,ERR1089900
34086.0,244127,genus,0.434135,Anaerotruncus,ERR1089900
34086.0,1263,genus,0.413462,Ruminococcus,ERR1089900
34086.0,1505657,genus,0.388655,Intestinibacter,ERR1089900
34086.0,216851,genus,0.339039,Faecalibacterium,ERR1089900
34086.0,904,genus,0.339039,Acidaminococcus,ERR1089900
34086.0,1678,genus,0.22327,Bifidobacterium,ERR1089900
34086.0,841,genus,0.219135,Roseburia,ERR1089900
34086.0,1505663,genus,0.215,Erysipelatoclostridium,ERR1089900
34086.0,283168,genus,0.16952,Odoribacter,ERR1089900
34086.0,48463,genus,0.115769,Prosthecobacter,ERR1089900
34086.0,838,genus,0.111635,Prevotella,ERR1089900
34086.0,184869,genus,0.103366,Varibaculum,ERR1089900
34086.0,1485,genus,0.0826925,Clostridium,ERR1089900
34086.0,1573534,genus,0.0744232,Faecalitalea,ERR1089900
34086.0,41273,genus,0.066154,Tissierella,ERR1089900
34086.0,84111,genus,0.0578847,Eggerthella,ERR1089900
34086.0,2735,genus,0.0537501,Verrucomicrobium,ERR1089900
34086.0,836,genus,0.0413462,Porphyromonas,ERR1089900
34086.0,1279,genus,0.0413462,Staphylococcus,ERR1089900
34086.0,61170,genus,0.0372116,Holdemania,ERR1089900
34086.0,165779,genus,0.033077,Anaerococcus,ERR1089900
34086.0,990721,genus,0.0289424,Christensenella,ERR1089900
34086.0,1471399,genus,0.0248077,Draconibacterium,ERR1089900
34086.0,1386,genus,0.0248077,Bacillus,ERR1089900
34086.0,189330,genus,0.0248077,Dorea,ERR1089900
34086.0,194,genus,0.0248077,Campylobacter,ERR1089900
34086.0,39948,genus,0.0206731,Dialister,ERR1089900
34086.0,2050,genus,0.0206731,Mobiluncus,ERR1089900
34086.0,1618113,genus,0.0165385,Saccharicrinis,ERR1089900
34086.0,1301,genus,0.0165385,Streptococcus,ERR1089900
34086.0,100883,genus,0.0165385,Coprobacillus,ERR1089900
34086.0,1578,genus,0.0165385,Lactobacillus,ERR1089900
34086.0,2740,genus,0.0124039,Peptococcus,ERR1089900
34086.0,207244,genus,0.0124039,Anaerostipes,ERR1089900
34086.0,914,genus,0.0124039,Nitrosomonas,ERR1089900
34086.0,392735,genus,0.00826925,Uliginosibacterium,ERR1089900
34086.0,1654,genus,0.00826925,Actinomyces,ERR1089900
34086.0,1506577,genus,0.00826925,Tyzzerella,ERR1089900
34086.0,419014,genus,0.00826925,Alloscardovia,ERR1089900
34086.0,156973,genus,0.00826925,Dysgonomonas,ERR1089900
34086.0,253238,genus,0.00826925,Ethanoligenens,ERR1089900
34086.0,28453,genus,0.00826925,Sphingobacterium,ERR1089900
34086.0,1716,genus,0.00826925,Corynebacterium,ERR1089900
34086.0,102106,genus,0.00826925,Collinsella,ERR1089900
34086.0,61434,genus,0.00826925,Dehalococcoides,ERR1089900
34086.0,114627,genus,0.00826925,Alkaliphilus,ERR1089900
34086.0,32205,genus,0.00826925,Leptonema,ERR1089900
34086.0,795750,genus,0.00826925,Ignavibacterium,ERR1089900
34086.0,79328,genus,0.00826925,Chitinophaga,ERR1089900
34086.0,346096,genus,0.00413462,Paludibacter,ERR1089900
34086.0,46255,genus,0.00413462,Weissella,ERR1089900
34086.0,1548510,genus,0.00413462,Microbacter,ERR1089900
34086.0,2132,genus,0.00413462,Spiroplasma,ERR1089900
34086.0,1778601,genus,0.00413462,Apibacter,ERR1089900
34086.0,86331,genus,0.00413462,Mogibacterium,ERR1089900
34086.0,44748,genus,0.00413462,Sporobacter,ERR1089900
34086.0,724,genus,0.00413462,Haemophilus,ERR1089900
34086.0,226,genus,0.00413462,Alteromonas,ERR1089900
34086.0,233189,genus,0.00413462,Anaerolinea,ERR1089900
34086.0,286,genus,0.00413462,Pseudomonas,ERR1089900
34086.0,1257,genus,0.00413462,Peptostreptococcus,ERR1089900
34086.0,55080,genus,0.00413462,Brevibacillus,ERR1089900
34086.0,1253,genus,0.00413462,Pediococcus,ERR1089900
34086.0,698776,genus,0.00413462,Cellulosilyticum,ERR1089900
34086.0,233191,genus,0.00413462,Caldilinea,ERR1089900
34086.0,162289,genus,0.00413462,Peptoniphilus,ERR1089900
34086.0,1827,genus,0.00413462,Rhodococcus,ERR1089900
34086.0,332248,genus,0.00413462,Truepera,ERR1089900
34086.0,150022,genus,0.00413462,Finegoldia,ERR1089900
34086.0,44249,genus,0.00413462,Paenibacillus,ERR1089900
34086.0,1769729,genus,0.00413462,Hathewaya,ERR1089900
34086.0,670486,genus,0.00413462,Dehalogenimonas,ERR1089900
34086.0,397864,genus,0.00413462,Barnesiella,ERR1089900
34086.0,862,genus,0.00413462,Syntrophomonas,ERR1089900
34086.0,375928,genus,0.00413462,Natranaerobius,ERR1089900
34086.0,1350,genus,0.00413462,Enterococcus,ERR1089900
,-1,genus,17.4481,Unknown,ERR1089900
34086.0,239934,genus,32.0888,Akkermansia,ERR1089900
34086.0,816,genus,22.4179,Bacteroides,ERR1089900
34086.0,239759,genus,11.0146,Alistipes,ERR1089900
34086.0,375288,genus,3.84107,Parabacteroides,ERR1089900
34086.0,1506553,genus,1.75721,Lachnoclostridium,ERR1089900
34086.0,52784,genus,1.57943,Anaerofilum,ERR1089900
34086.0,577309,genus,1.42231,Paraprevotella,ERR1089900
34086.0,572511,genus,1.23212,Blautia,ERR1089900
34086.0,1508657,genus,1.02539,Ruminiclostridium,ERR1089900
34086.0,1730,genus,0.711155,Eubacterium,ERR1089900
34086.0,459786,genus,0.686347,Oscillibacter,ERR1089900
34086.0,577310,genus,0.566443,Parasutterella,ERR1089900
34086.0,244127,genus,0.434135,Anaerotruncus,ERR1089900
34086.0,1263,genus,0.413462,Ruminococcus,ERR1089900
34086.0,1505657,genus,0.388655,Intestinibacter,ERR1089900
34086.0,216851,genus,0.339039,Faecalibacterium,ERR1089900
34086.0,904,genus,0.339039,Acidaminococcus,ERR1089900
34086.0,1678,genus,0.22327,Bifidobacterium,ERR1089900
34086.0,841,genus,0.219135,Roseburia,ERR1089900
34086.0,1505663,genus,0.215,Erysipelatoclostridium,ERR1089900
34086.0,283168,genus,0.16952,Odoribacter,ERR1089900
34086.0,48463,genus,0.115769,Prosthecobacter,ERR1089900
34086.0,838,genus,0.111635,Prevotella,ERR1089900
34086.0,184869,genus,0.103366,Varibaculum,ERR1089900
34086.0,1485,genus,0.0826925,Clostridium,ERR1089900
34086.0,1573534,genus,0.0744232,Faecalitalea,ERR1089900
34086.0,41273,genus,0.066154,Tissierella,ERR1089900
34086.0,84111,genus,0.0578847,Eggerthella,ERR1089900
34086.0,2735,genus,0.0537501,Verrucomicrobium,ERR1089900
34086.0,1279,genus,0.0413462,Staphylococcus,ERR1089900
34086.0,836,genus,0.0413462,Porphyromonas,ERR1089900
34086.0,61170,genus,0.0372116,Holdemania,ERR1089900
34086.0,165779,genus,0.033077,Anaerococcus,ERR1089900
34086.0,990721,genus,0.0289424,Christensenella,ERR1089900
34086.0,1471399,genus,0.0248077,Draconibacterium,ERR1089900
34086.0,1386,genus,0.0248077,Bacillus,ERR1089900
34086.0,189330,genus,0.0248077,Dorea,ERR1089900
34086.0,194,genus,0.0248077,Campylobacter,ERR1089900
34086.0,39948,genus,0.0206731,Dialister,ERR1089900
34086.0,2050,genus,0.0206731,Mobiluncus,ERR1089900
34086.0,1618113,genus,0.0165385,Saccharicrinis,ERR1089900
34086.0,1301,genus,0.0165385,Streptococcus,ERR1089900
34086.0,100883,genus,0.0165385,Coprobacillus,ERR1089900
34086.0,1578,genus,0.0165385,Lactobacillus,ERR1089900
34086.0,2740,genus,0.0124039,Peptococcus,ERR1089900
34086.0,207244,genus,0.0124039,Anaerostipes,ERR1089900
34086.0,914,genus,0.0124039,Nitrosomonas,ERR1089900
34086.0,32205,genus,0.00826925,Leptonema,ERR1089900
34086.0,795750,genus,0.00826925,Ignavibacterium,ERR1089900
34086.0,79328,genus,0.00826925,Chitinophaga,ERR1089900
34086.0,392735,genus,0.00826925,Uliginosibacterium,ERR1089900
34086.0,1654,genus,0.00826925,Actinomyces,ERR1089900
34086.0,1506577,genus,0.00826925,Tyzzerella,ERR1089900
34086.0,419014,genus,0.00826925,Alloscardovia,ERR1089900
34086.0,156973,genus,0.00826925,Dysgonomonas,ERR1089900
34086.0,253238,genus,0.00826925,Ethanoligenens,ERR1089900
34086.0,28453,genus,0.00826925,Sphingobacterium,ERR1089900
34086.0,1716,genus,0.00826925,Corynebacterium,ERR1089900
34086.0,102106,genus,0.00826925,Collinsella,ERR1089900
34086.0,61434,genus,0.00826925,Dehalococcoides,ERR1089900
34086.0,114627,genus,0.00826925,Alkaliphilus,ERR1089900
34086.0,346096,genus,0.00413462,Paludibacter,ERR1089900
34086.0,46255,genus,0.00413462,Weissella,ERR1089900
34086.0,1548510,genus,0.00413462,Microbacter,ERR1089900
34086.0,2132,genus,0.00413462,Spiroplasma,ERR1089900
34086.0,1778601,genus,0.00413462,Apibacter,ERR1089900
34086.0,86331,genus,0.00413462,Mogibacterium,ERR1089900
34086.0,44748,genus,0.00413462,Sporobacter,ERR1089900
34086.0,724,genus,0.00413462,Haemophilus,ERR1089900
34086.0,226,genus,0.00413462,Alteromonas,ERR1089900
34086.0,233189,genus,0.00413462,Anaerolinea,ERR1089900
34086.0,286,genus,0.00413462,Pseudomonas,ERR1089900
34086.0,1257,genus,0.00413462,Peptostreptococcus,ERR1089900
34086.0,55080,genus,0.00413462,Brevibacillus,ERR1089900
34086.0,1253,genus,0.00413462,Pediococcus,ERR1089900
34086.0,698776,genus,0.00413462,Cellulosilyticum,ERR1089900
34086.0,233191,genus,0.00413462,Caldilinea,ERR1089900
34086.0,162289,genus,0.00413462,Peptoniphilus,ERR1089900
34086.0,1827,genus,0.00413462,Rhodococcus,ERR1089900
34086.0,332248,genus,0.00413462,Truepera,ERR1089900
34086.0,150022,genus,0.00413462,Finegoldia,ERR1089900
34086.0,44249,genus,0.00413462,Paenibacillus,ERR1089900
34086.0,1769729,genus,0.00413462,Hathewaya,ERR1089900
34086.0,670486,genus,0.00413462,Dehalogenimonas,ERR1089900
34086.0,397864,genus,0.00413462,Barnesiella,ERR1089900
34086.0,862,genus,0.00413462,Syntrophomonas,ERR1089900
34086.0,375928,genus,0.00413462,Natranaerobius,ERR1089900
34086.0,1350,genus,0.00413462,Enterococcus,ERR1089900
,-1,genus,17.4481,Unknown,ERR1089900
34086.0,239934,genus,32.0888,Akkermansia,ERR1089900
34086.0,816,genus,22.4179,Bacteroides,ERR1089900
34086.0,239759,genus,11.0146,Alistipes,ERR1089900
34086.0,375288,genus,3.84107,Parabacteroides,ERR1089900
34086.0,1506553,genus,1.75721,Lachnoclostridium,ERR1089900
34086.0,52784,genus,1.57943,Anaerofilum,ERR1089900
34086.0,577309,genus,1.42231,Paraprevotella,ERR1089900
34086.0,572511,genus,1.23212,Blautia,ERR1089900
34086.0,1508657,genus,1.02539,Ruminiclostridium,ERR1089900
34086.0,1730,genus,0.711155,Eubacterium,ERR1089900
34086.0,459786,genus,0.686347,Oscillibacter,ERR1089900
34086.0,577310,genus,0.566443,Parasutterella,ERR1089900
34086.0,244127,genus,0.434135,Anaerotruncus,ERR1089900
34086.0,1263,genus,0.413462,Ruminococcus,ERR1089900
34086.0,1505657,genus,0.388655,Intestinibacter,ERR1089900
34086.0,216851,genus,0.339039,Faecalibacterium,ERR1089900
34086.0,904,genus,0.339039,Acidaminococcus,ERR1089900
34086.0,1678,genus,0.22327,Bifidobacterium,ERR1089900
34086.0,841,genus,0.219135,Roseburia,ERR1089900
34086.0,1505663,genus,0.215,Erysipelatoclostridium,ERR1089900
34086.0,283168,genus,0.16952,Odoribacter,ERR1089900
34086.0,48463,genus,0.115769,Prosthecobacter,ERR1089900
34086.0,838,genus,0.111635,Prevotella,ERR1089900
34086.0,184869,genus,0.103366,Varibaculum,ERR1089900
34086.0,1485,genus,0.0826925,Clostridium,ERR1089900
34086.0,1573534,genus,0.0744232,Faecalitalea,ERR1089900
34086.0,41273,genus,0.066154,Tissierella,ERR1089900
34086.0,84111,genus,0.0578847,Eggerthella,ERR1089900
34086.0,2735,genus,0.0537501,Verrucomicrobium,ERR1089900
34086.0,836,genus,0.0413462,Porphyromonas,ERR1089900
34086.0,1279,genus,0.0413462,Staphylococcus,ERR1089900
34086.0,61170,genus,0.0372116,Holdemania,ERR1089900
34086.0,165779,genus,0.033077,Anaerococcus,ERR1089900
34086.0,990721,genus,0.0289424,Christensenella,ERR1089900
34086.0,1386,genus,0.0248077,Bacillus,ERR1089900
34086.0,189330,genus,0.0248077,Dorea,ERR1089900
34086.0,194,genus,0.0248077,Campylobacter,ERR1089900
34086.0,1471399,genus,0.0248077,Draconibacterium,ERR1089900
34086.0,39948,genus,0.0206731,Dialister,ERR1089900
34086.0,2050,genus,0.0206731,Mobiluncus,ERR1089900
34086.0,1578,genus,0.0165385,Lactobacillus,ERR1089900
34086.0,1618113,genus,0.0165385,Saccharicrinis,ERR1089900
34086.0,1301,genus,0.0165385,Streptococcus,ERR1089900
34086.0,100883,genus,0.0165385,Coprobacillus,ERR1089900
34086.0,2740,genus,0.0124039,Peptococcus,ERR1089900
34086.0,207244,genus,0.0124039,Anaerostipes,ERR1089900
34086.0,914,genus,0.0124039,Nitrosomonas,ERR1089900
34086.0,28453,genus,0.00826925,Sphingobacterium,ERR1089900
34086.0,1716,genus,0.00826925,Corynebacterium,ERR1089900
34086.0,102106,genus,0.00826925,Collinsella,ERR1089900
34086.0,61434,genus,0.00826925,Dehalococcoides,ERR1089900
34086.0,114627,genus,0.00826925,Alkaliphilus,ERR1089900
34086.0,79328,genus,0.00826925,Chitinophaga,ERR1089900
34086.0,32205,genus,0.00826925,Leptonema,ERR1089900
34086.0,795750,genus,0.00826925,Ignavibacterium,ERR1089900
34086.0,392735,genus,0.00826925,Uliginosibacterium,ERR1089900
34086.0,1654,genus,0.00826925,Actinomyces,ERR1089900
34086.0,156973,genus,0.00826925,Dysgonomonas,ERR1089900
34086.0,1506577,genus,0.00826925,Tyzzerella,ERR1089900
34086.0,419014,genus,0.00826925,Alloscardovia,ERR1089900
34086.0,253238,genus,0.00826925,Ethanoligenens,ERR1089900
34086.0,55080,genus,0.00413462,Brevibacillus,ERR1089900
34086.0,1253,genus,0.00413462,Pediococcus,ERR1089900
34086.0,698776,genus,0.00413462,Cellulosilyticum,ERR1089900
34086.0,233191,genus,0.00413462,Caldilinea,ERR1089900
34086.0,1827,genus,0.00413462,Rhodococcus,ERR1089900
34086.0,162289,genus,0.00413462,Peptoniphilus,ERR1089900
34086.0,332248,genus,0.00413462,Truepera,ERR1089900
34086.0,150022,genus,0.00413462,Finegoldia,ERR1089900
34086.0,44249,genus,0.00413462,Paenibacillus,ERR1089900
34086.0,1769729,genus,0.00413462,Hathewaya,ERR1089900
34086.0,670486,genus,0.00413462,Dehalogenimonas,ERR1089900
34086.0,397864,genus,0.00413462,Barnesiella,ERR1089900
34086.0,862,genus,0.00413462,Syntrophomonas,ERR1089900
34086.0,375928,genus,0.00413462,Natranaerobius,ERR1089900
34086.0,1350,genus,0.00413462,Enterococcus,ERR1089900
34086.0,1548510,genus,0.00413462,Microbacter,ERR1089900
34086.0,346096,genus,0.00413462,Paludibacter,ERR1089900
34086.0,46255,genus,0.00413462,Weissella,ERR1089900
34086.0,2132,genus,0.00413462,Spiroplasma,ERR1089900
34086.0,1778601,genus,0.00413462,Apibacter,ERR1089900
34086.0,86331,genus,0.00413462,Mogibacterium,ERR1089900
34086.0,44748,genus,0.00413462,Sporobacter,ERR1089900
34086.0,724,genus,0.00413462,Haemophilus,ERR1089900
34086.0,226,genus,0.00413462,Alteromonas,ERR1089900
34086.0,1257,genus,0.00413462,Peptostreptococcus,ERR1089900
34086.0,233189,genus,0.00413462,Anaerolinea,ERR1089900
34086.0,286,genus,0.00413462,Pseudomonas,ERR1089900
,-1,genus,17.4481,Unknown,ERR1089900
34086.0,239934,genus,32.0888,Akkermansia,ERR1089900
34086.0,816,genus,22.4179,Bacteroides,ERR1089900
34086.0,239759,genus,11.0146,Alistipes,ERR1089900
34086.0,375288,genus,3.84107,Parabacteroides,ERR1089900
34086.0,1506553,genus,1.75721,Lachnoclostridium,ERR1089900
34086.0,52784,genus,1.57943,Anaerofilum,ERR1089900
34086.0,577309,genus,1.42231,Paraprevotella,ERR1089900
34086.0,572511,genus,1.23212,Blautia,ERR1089900
34086.0,1508657,genus,1.02539,Ruminiclostridium,ERR1089900
34086.0,1730,genus,0.711155,Eubacterium,ERR1089900
34086.0,459786,genus,0.686347,Oscillibacter,ERR1089900
34086.0,577310,genus,0.566443,Parasutterella,ERR1089900
34086.0,244127,genus,0.434135,Anaerotruncus,ERR1089900
34086.0,1263,genus,0.413462,Ruminococcus,ERR1089900
34086.0,1505657,genus,0.388655,Intestinibacter,ERR1089900
34086.0,904,genus,0.339039,Acidaminococcus,ERR1089900
34086.0,216851,genus,0.339039,Faecalibacterium,ERR1089900
34086.0,1678,genus,0.22327,Bifidobacterium,ERR1089900
34086.0,841,genus,0.219135,Roseburia,ERR1089900
34086.0,1505663,genus,0.215,Erysipelatoclostridium,ERR1089900
34086.0,283168,genus,0.16952,Odoribacter,ERR1089900
34086.0,48463,genus,0.115769,Prosthecobacter,ERR1089900
34086.0,838,genus,0.111635,Prevotella,ERR1089900
34086.0,184869,genus,0.103366,Varibaculum,ERR1089900
34086.0,1485,genus,0.0826925,Clostridium,ERR1089900
34086.0,1573534,genus,0.0744232,Faecalitalea,ERR1089900
34086.0,41273,genus,0.066154,Tissierella,ERR1089900
34086.0,84111,genus,0.0578847,Eggerthella,ERR1089900
34086.0,2735,genus,0.0537501,Verrucomicrobium,ERR1089900
34086.0,1279,genus,0.0413462,Staphylococcus,ERR1089900
34086.0,836,genus,0.0413462,Porphyromonas,ERR1089900
34086.0,61170,genus,0.0372116,Holdemania,ERR1089900
34086.0,165779,genus,0.033077,Anaerococcus,ERR1089900
34086.0,990721,genus,0.0289424,Christensenella,ERR1089900
34086.0,189330,genus,0.0248077,Dorea,ERR1089900
34086.0,194,genus,0.0248077,Campylobacter,ERR1089900
34086.0,1471399,genus,0.0248077,Draconibacterium,ERR1089900
34086.0,1386,genus,0.0248077,Bacillus,ERR1089900
34086.0,2050,genus,0.0206731,Mobiluncus,ERR1089900
34086.0,39948,genus,0.0206731,Dialister,ERR1089900
34086.0,1618113,genus,0.0165385,Saccharicrinis,ERR1089900
34086.0,1301,genus,0.0165385,Streptococcus,ERR1089900
34086.0,100883,genus,0.0165385,Coprobacillus,ERR1089900
34086.0,1578,genus,0.0165385,Lactobacillus,ERR1089900
34086.0,2740,genus,0.0124039,Peptococcus,ERR1089900
34086.0,207244,genus,0.0124039,Anaerostipes,ERR1089900
34086.0,914,genus,0.0124039,Nitrosomonas,ERR1089900
34086.0,61434,genus,0.00826925,Dehalococcoides,ERR1089900
34086.0,114627,genus,0.00826925,Alkaliphilus,ERR1089900
34086.0,32205,genus,0.00826925,Leptonema,ERR1089900
34086.0,795750,genus,0.00826925,Ignavibacterium,ERR1089900
34086.0,79328,genus,0.00826925,Chitinophaga,ERR1089900
34086.0,392735,genus,0.00826925,Uliginosibacterium,ERR1089900
34086.0,1654,genus,0.00826925,Actinomyces,ERR1089900
34086.0,1506577,genus,0.00826925,Tyzzerella,ERR1089900
34086.0,419014,genus,0.00826925,Alloscardovia,ERR1089900
34086.0,156973,genus,0.00826925,Dysgonomonas,ERR1089900
34086.0,253238,genus,0.00826925,Ethanoligenens,ERR1089900
34086.0,28453,genus,0.00826925,Sphingobacterium,ERR1089900
34086.0,1716,genus,0.00826925,Corynebacterium,ERR1089900
34086.0,102106,genus,0.00826925,Collinsella,ERR1089900
34086.0,397864,genus,0.00413462,Barnesiella,ERR1089900
34086.0,862,genus,0.00413462,Syntrophomonas,ERR1089900
34086.0,375928,genus,0.00413462,Natranaerobius,ERR1089900
34086.0,1350,genus,0.00413462,Enterococcus,ERR1089900
34086.0,346096,genus,0.00413462,Paludibacter,ERR1089900
34086.0,46255,genus,0.00413462,Weissella,ERR1089900
34086.0,1548510,genus,0.00413462,Microbacter,ERR1089900
34086.0,2132,genus,0.00413462,Spiroplasma,ERR1089900
34086.0,1778601,genus,0.00413462,Apibacter,ERR1089900
34086.0,86331,genus,0.00413462,Mogibacterium,ERR1089900
34086.0,44748,genus,0.00413462,Sporobacter,ERR1089900
34086.0,724,genus,0.00413462,Haemophilus,ERR1089900
34086.0,226,genus,0.00413462,Alteromonas,ERR1089900
34086.0,233189,genus,0.00413462,Anaerolinea,ERR1089900
34086.0,286,genus,0.00413462,Pseudomonas,ERR1089900
34086.0,1257,genus,0.00413462,Peptostreptococcus,ERR1089900
34086.0,55080,genus,0.00413462,Brevibacillus,ERR1089900
34086.0,1253,genus,0.00413462,Pediococcus,ERR1089900
34086.0,698776,genus,0.00413462,Cellulosilyticum,ERR1089900
34086.0,233191,genus,0.00413462,Caldilinea,ERR1089900
34086.0,162289,genus,0.00413462,Peptoniphilus,ERR1089900
34086.0,1827,genus,0.00413462,Rhodococcus,ERR1089900
34086.0,332248,genus,0.00413462,Truepera,ERR1089900
34086.0,150022,genus,0.00413462,Finegoldia,ERR1089900
34086.0,44249,genus,0.00413462,Paenibacillus,ERR1089900
34086.0,1769729,genus,0.00413462,Hathewaya,ERR1089900
34086.0,670486,genus,0.00413462,Dehalogenimonas,ERR1089900
,-1,genus,17.4481,Unknown,ERR1089900
34086.0,239934,genus,32.0888,Akkermansia,ERR1089900
34086.0,816,genus,22.4179,Bacteroides,ERR1089900
34086.0,239759,genus,11.0146,Alistipes,ERR1089900
34086.0,375288,genus,3.84107,Parabacteroides,ERR1089900
34086.0,1506553,genus,1.75721,Lachnoclostridium,ERR1089900
34086.0,52784,genus,1.57943,Anaerofilum,ERR1089900
34086.0,577309,genus,1.42231,Paraprevotella,ERR1089900
34086.0,572511,genus,1.23212,Blautia,ERR1089900
34086.0,1508657,genus,1.02539,Ruminiclostridium,ERR1089900
34086.0,1730,genus,0.711155,Eubacterium,ERR1089900
34086.0,459786,genus,0.686347,Oscillibacter,ERR1089900
34086.0,577310,genus,0.566443,Parasutterella,ERR1089900
34086.0,244127,genus,0.434135,Anaerotruncus,ERR1089900
34086.0,1263,genus,0.413462,Ruminococcus,ERR1089900
34086.0,1505657,genus,0.388655,Intestinibacter,ERR1089900
34086.0,216851,genus,0.339039,Faecalibacterium,ERR1089900
34086.0,904,genus,0.339039,Acidaminococcus,ERR1089900
34086.0,1678,genus,0.22327,Bifidobacterium,ERR1089900
34086.0,841,genus,0.219135,Roseburia,ERR1089900
34086.0,1505663,genus,0.215,Erysipelatoclostridium,ERR1089900
34086.0,283168,genus,0.16952,Odoribacter,ERR1089900
34086.0,48463,genus,0.115769,Prosthecobacter,ERR1089900
34086.0,838,genus,0.111635,Prevotella,ERR1089900
34086.0,184869,genus,0.103366,Varibaculum,ERR1089900
34086.0,1485,genus,0.0826925,Clostridium,ERR1089900
34086.0,1573534,genus,0.0744232,Faecalitalea,ERR1089900
34086.0,41273,genus,0.066154,Tissierella,ERR1089900
34086.0,84111,genus,0.0578847,Eggerthella,ERR1089900
34086.0,2735,genus,0.0537501,Verrucomicrobium,ERR1089900
34086.0,1279,genus,0.0413462,Staphylococcus,ERR1089900
34086.0,836,genus,0.0413462,Porphyromonas,ERR1089900
34086.0,61170,genus,0.0372116,Holdemania,ERR1089900
34086.0,165779,genus,0.033077,Anaerococcus,ERR1089900
34086.0,990721,genus,0.0289424,Christensenella,ERR1089900
34086.0,194,genus,0.0248077,Campylobacter,ERR1089900
34086.0,1471399,genus,0.0248077,Draconibacterium,ERR1089900
34086.0,1386,genus,0.0248077,Bacillus,ERR1089900
34086.0,189330,genus,0.0248077,Dorea,ERR1089900
34086.0,39948,genus,0.0206731,Dialister,ERR1089900
34086.0,2050,genus,0.0206731,Mobiluncus,ERR1089900
34086.0,1618113,genus,0.0165385,Saccharicrinis,ERR1089900
34086.0,1301,genus,0.0165385,Streptococcus,ERR1089900
34086.0,100883,genus,0.0165385,Coprobacillus,ERR1089900
34086.0,1578,genus,0.0165385,Lactobacillus,ERR1089900
34086.0,2740,genus,0.0124039,Peptococcus,ERR1089900
34086.0,207244,genus,0.0124039,Anaerostipes,ERR1089900
34086.0,914,genus,0.0124039,Nitrosomonas,ERR1089900
34086.0,32205,genus,0.00826925,Leptonema,ERR1089900
34086.0,795750,genus,0.00826925,Ignavibacterium,ERR1089900
34086.0,79328,genus,0.00826925,Chitinophaga,ERR1089900
34086.0,392735,genus,0.00826925,Uliginosibacterium,ERR1089900
34086.0,1654,genus,0.00826925,Actinomyces,ERR1089900
34086.0,1506577,genus,0.00826925,Tyzzerella,ERR1089900
34086.0,419014,genus,0.00826925,Alloscardovia,ERR1089900
34086.0,156973,genus,0.00826925,Dysgonomonas,ERR1089900
34086.0,253238,genus,0.00826925,Ethanoligenens,ERR1089900
34086.0,28453,genus,0.00826925,Sphingobacterium,ERR1089900
34086.0,1716,genus,0.00826925,Corynebacterium,ERR1089900
34086.0,102106,genus,0.00826925,Collinsella,ERR1089900
34086.0,61434,genus,0.00826925,Dehalococcoides,ERR1089900
34086.0,114627,genus,0.00826925,Alkaliphilus,ERR1089900
34086.0,1350,genus,0.00413462,Enterococcus,ERR1089900
34086.0,346096,genus,0.00413462,Paludibacter,ERR1089900
34086.0,46255,genus,0.00413462,Weissella,ERR1089900
34086.0,1548510,genus,0.00413462,Microbacter,ERR1089900
34086.0,2132,genus,0.00413462,Spiroplasma,ERR1089900
34086.0,1778601,genus,0.00413462,Apibacter,ERR1089900
34086.0,86331,genus,0.00413462,Mogibacterium,ERR1089900
34086.0,44748,genus,0.00413462,Sporobacter,ERR1089900
34086.0,724,genus,0.00413462,Haemophilus,ERR1089900
34086.0,226,genus,0.00413462,Alteromonas,ERR1089900
34086.0,233189,genus,0.00413462,Anaerolinea,ERR1089900
34086.0,286,genus,0.00413462,Pseudomonas,ERR1089900
34086.0,1257,genus,0.00413462,Peptostreptococcus,ERR1089900
34086.0,55080,genus,0.00413462,Brevibacillus,ERR1089900
34086.0,1253,genus,0.00413462,Pediococcus,ERR1089900
34086.0,698776,genus,0.00413462,Cellulosilyticum,ERR1089900
34086.0,233191,genus,0.00413462,Caldilinea,ERR1089900
34086.0,162289,genus,0.00413462,Peptoniphilus,ERR1089900
34086.0,1827,genus,0.00413462,Rhodococcus,ERR1089900
34086.0,332248,genus,0.00413462,Truepera,ERR1089900
34086.0,150022,genus,0.00413462,Finegoldia,ERR1089900
34086.0,44249,genus,0.00413462,Paenibacillus,ERR1089900
34086.0,1769729,genus,0.00413462,Hathewaya,ERR1089900
34086.0,670486,genus,0.00413462,Dehalogenimonas,ERR1089900
34086.0,397864,genus,0.00413462,Barnesiella,ERR1089900
34086.0,862,genus,0.00413462,Syntrophomonas,ERR1089900
34086.0,375928,genus,0.00413462,Natranaerobius,ERR1089900
,-1,genus,17.4481,Unknown,ERR1089900
34086.0,239934,genus,32.0888,Akkermansia,ERR1089900
34086.0,816,genus,22.4179,Bacteroides,ERR1089900
34086.0,239759,genus,11.0146,Alistipes,ERR1089900
34086.0,375288,genus,3.84107,Parabacteroides,ERR1089900
34086.0,1506553,genus,1.75721,Lachnoclostridium,ERR1089900
34086.0,52784,genus,1.57943,Anaerofilum,ERR1089900
34086.0,577309,genus,1.42231,Paraprevotella,ERR1089900
34086.0,572511,genus,1.23212,Blautia,ERR1089900
34086.0,1508657,genus,1.02539,Ruminiclostridium,ERR1089900
34086.0,1730,genus,0.711155,Eubacterium,ERR1089900
34086.0,459786,genus,0.686347,Oscillibacter,ERR1089900
34086.0,577310,genus,0.566443,Parasutterella,ERR1089900
34086.0,244127,genus,0.434135,Anaerotruncus,ERR1089900
34086.0,1263,genus,0.413462,Ruminococcus,ERR1089900
34086.0,1505657,genus,0.388655,Intestinibacter,ERR1089900
34086.0,216851,genus,0.339039,Faecalibacterium,ERR1089900
34086.0,904,genus,0.339039,Acidaminococcus,ERR1089900
34086.0,1678,genus,0.22327,Bifidobacterium,ERR1089900
34086.0,841,genus,0.219135,Roseburia,ERR1089900
34086.0,1505663,genus,0.215,Erysipelatoclostridium,ERR1089900
34086.0,283168,genus,0.16952,Odoribacter,ERR1089900
34086.0,48463,genus,0.115769,Prosthecobacter,ERR1089900
34086.0,838,genus,0.111635,Prevotella,ERR1089900
34086.0,184869,genus,0.103366,Varibaculum,ERR1089900
34086.0,1485,genus,0.0826925,Clostridium,ERR1089900
34086.0,1573534,genus,0.0744232,Faecalitalea,ERR1089900
34086.0,41273,genus,0.066154,Tissierella,ERR1089900
34086.0,84111,genus,0.0578847,Eggerthella,ERR1089900
34086.0,2735,genus,0.0537501,Verrucomicrobium,ERR1089900
34086.0,836,genus,0.0413462,Porphyromonas,ERR1089900
34086.0,1279,genus,0.0413462,Staphylococcus,ERR1089900
34086.0,61170,genus,0.0372116,Holdemania,ERR1089900
34086.0,165779,genus,0.033077,Anaerococcus,ERR1089900
34086.0,990721,genus,0.0289424,Christensenella,ERR1089900
34086.0,1386,genus,0.0248077,Bacillus,ERR1089900
34086.0,189330,genus,0.0248077,Dorea,ERR1089900
34086.0,194,genus,0.0248077,Campylobacter,ERR1089900
34086.0,1471399,genus,0.0248077,Draconibacterium,ERR1089900
34086.0,39948,genus,0.0206731,Dialister,ERR1089900
34086.0,2050,genus,0.0206731,Mobiluncus,ERR1089900
34086.0,100883,genus,0.0165385,Coprobacillus,ERR1089900
34086.0,1578,genus,0.0165385,Lactobacillus,ERR1089900
34086.0,1301,genus,0.0165385,Streptococcus,ERR1089900
34086.0,1618113,genus,0.0165385,Saccharicrinis,ERR1089900
34086.0,2740,genus,0.0124039,Peptococcus,ERR1089900
34086.0,914,genus,0.0124039,Nitrosomonas,ERR1089900
34086.0,207244,genus,0.0124039,Anaerostipes,ERR1089900
34086.0,253238,genus,0.00826925,Ethanoligenens,ERR1089900
34086.0,28453,genus,0.00826925,Sphingobacterium,ERR1089900
34086.0,1716,genus,0.00826925,Corynebacterium,ERR1089900
34086.0,102106,genus,0.00826925,Collinsella,ERR1089900
34086.0,61434,genus,0.00826925,Dehalococcoides,ERR1089900
34086.0,114627,genus,0.00826925,Alkaliphilus,ERR1089900
34086.0,79328,genus,0.00826925,Chitinophaga,ERR1089900
34086.0,32205,genus,0.00826925,Leptonema,ERR1089900
34086.0,795750,genus,0.00826925,Ignavibacterium,ERR1089900
34086.0,392735,genus,0.00826925,Uliginosibacterium,ERR1089900
34086.0,1654,genus,0.00826925,Actinomyces,ERR1089900
34086.0,419014,genus,0.00826925,Alloscardovia,ERR1089900
34086.0,156973,genus,0.00826925,Dysgonomonas,ERR1089900
34086.0,1506577,genus,0.00826925,Tyzzerella,ERR1089900
34086.0,286,genus,0.00413462,Pseudomonas,ERR1089900
34086.0,1257,genus,0.00413462,Peptostreptococcus,ERR1089900
34086.0,233189,genus,0.00413462,Anaerolinea,ERR1089900
34086.0,1253,genus,0.00413462,Pediococcus,ERR1089900
34086.0,698776,genus,0.00413462,Cellulosilyticum,ERR1089900
34086.0,55080,genus,0.00413462,Brevibacillus,ERR1089900
34086.0,233191,genus,0.00413462,Caldilinea,ERR1089900
34086.0,1827,genus,0.00413462,Rhodococcus,ERR1089900
34086.0,162289,genus,0.00413462,Peptoniphilus,ERR1089900
34086.0,332248,genus,0.00413462,Truepera,ERR1089900
34086.0,150022,genus,0.00413462,Finegoldia,ERR1089900
34086.0,44249,genus,0.00413462,Paenibacillus,ERR1089900
34086.0,670486,genus,0.00413462,Dehalogenimonas,ERR1089900
34086.0,1769729,genus,0.00413462,Hathewaya,ERR1089900
34086.0,397864,genus,0.00413462,Barnesiella,ERR1089900
34086.0,862,genus,0.00413462,Syntrophomonas,ERR1089900
34086.0,375928,genus,0.00413462,Natranaerobius,ERR1089900
34086.0,1350,genus,0.00413462,Enterococcus,ERR1089900
34086.0,1548510,genus,0.00413462,Microbacter,ERR1089900
34086.0,346096,genus,0.00413462,Paludibacter,ERR1089900
34086.0,46255,genus,0.00413462,Weissella,ERR1089900
34086.0,2132,genus,0.00413462,Spiroplasma,ERR1089900
34086.0,1778601,genus,0.00413462,Apibacter,ERR1089900
34086.0,86331,genus,0.00413462,Mogibacterium,ERR1089900
34086.0,44748,genus,0.00413462,Sporobacter,ERR1089900
34086.0,724,genus,0.00413462,Haemophilus,ERR1089900
34086.0,226,genus,0.00413462,Alteromonas,ERR1089900
,-1,genus,17.4481,Unknown,ERR1089900
34086.0,239934,genus,32.0888,Akkermansia,ERR1089900
34086.0,816,genus,22.4179,Bacteroides,ERR1089900
34086.0,239759,genus,11.0146,Alistipes,ERR1089900
34086.0,375288,genus,3.84107,Parabacteroides,ERR1089900
34086.0,1506553,genus,1.75721,Lachnoclostridium,ERR1089900
34086.0,52784,genus,1.57943,Anaerofilum,ERR1089900
34086.0,577309,genus,1.42231,Paraprevotella,ERR1089900
34086.0,572511,genus,1.23212,Blautia,ERR1089900
34086.0,1508657,genus,1.02539,Ruminiclostridium,ERR1089900
34086.0,1730,genus,0.711155,Eubacterium,ERR1089900
34086.0,459786,genus,0.686347,Oscillibacter,ERR1089900
34086.0,577310,genus,0.566443,Parasutterella,ERR1089900
34086.0,244127,genus,0.434135,Anaerotruncus,ERR1089900
34086.0,1263,genus,0.413462,Ruminococcus,ERR1089900
34086.0,1505657,genus,0.388655,Intestinibacter,ERR1089900
34086.0,216851,genus,0.339039,Faecalibacterium,ERR1089900
34086.0,904,genus,0.339039,Acidaminococcus,ERR1089900
34086.0,1678,genus,0.22327,Bifidobacterium,ERR1089900
34086.0,841,genus,0.219135,Roseburia,ERR1089900
34086.0,1505663,genus,0.215,Erysipelatoclostridium,ERR1089900
34086.0,283168,genus,0.16952,Odoribacter,ERR1089900
34086.0,48463,genus,0.115769,Prosthecobacter,ERR1089900
34086.0,838,genus,0.111635,Prevotella,ERR1089900
34086.0,184869,genus,0.103366,Varibaculum,ERR1089900
34086.0,1485,genus,0.0826925,Clostridium,ERR1089900
34086.0,1573534,genus,0.0744232,Faecalitalea,ERR1089900
34086.0,41273,genus,0.066154,Tissierella,ERR1089900
34086.0,84111,genus,0.0578847,Eggerthella,ERR1089900
34086.0,2735,genus,0.0537501,Verrucomicrobium,ERR1089900
34086.0,836,genus,0.0413462,Porphyromonas,ERR1089900
34086.0,1279,genus,0.0413462,Staphylococcus,ERR1089900
34086.0,61170,genus,0.0372116,Holdemania,ERR1089900
34086.0,165779,genus,0.033077,Anaerococcus,ERR1089900
34086.0,990721,genus,0.0289424,Christensenella,ERR1089900
34086.0,1471399,genus,0.0248077,Draconibacterium,ERR1089900
34086.0,1386,genus,0.0248077,Bacillus,ERR1089900
34086.0,189330,genus,0.0248077,Dorea,ERR1089900
34086.0,194,genus,0.0248077,Campylobacter,ERR1089900
34086.0,39948,genus,0.0206731,Dialister,ERR1089900
34086.0,2050,genus,0.0206731,Mobiluncus,ERR1089900
34086.0,1618113,genus,0.0165385,Saccharicrinis,ERR1089900
34086.0,1301,genus,0.0165385,Streptococcus,ERR1089900
34086.0,100883,genus,0.0165385,Coprobacillus,ERR1089900
34086.0,1578,genus,0.0165385,Lactobacillus,ERR1089900
34086.0,2740,genus,0.0124039,Peptococcus,ERR1089900
34086.0,207244,genus,0.0124039,Anaerostipes,ERR1089900
34086.0,914,genus,0.0124039,Nitrosomonas,ERR1089900
34086.0,1654,genus,0.00826925,Actinomyces,ERR1089900
34086.0,1506577,genus,0.00826925,Tyzzerella,ERR1089900
34086.0,419014,genus,0.00826925,Alloscardovia,ERR1089900
34086.0,156973,genus,0.00826925,Dysgonomonas,ERR1089900
34086.0,253238,genus,0.00826925,Ethanoligenens,ERR1089900
34086.0,28453,genus,0.00826925,Sphingobacterium,ERR1089900
34086.0,1716,genus,0.00826925,Corynebacterium,ERR1089900
34086.0,102106,genus,0.00826925,Collinsella,ERR1089900
34086.0,61434,genus,0.00826925,Dehalococcoides,ERR1089900
34086.0,114627,genus,0.00826925,Alkaliphilus,ERR1089900
34086.0,32205,genus,0.00826925,Leptonema,ERR1089900
34086.0,795750,genus,0.00826925,Ignavibacterium,ERR1089900
34086.0,79328,genus,0.00826925,Chitinophaga,ERR1089900
34086.0,392735,genus,0.00826925,Uliginosibacterium,ERR1089900
34086.0,2132,genus,0.00413462,Spiroplasma,ERR1089900
34086.0,1778601,genus,0.00413462,Apibacter,ERR1089900
34086.0,86331,genus,0.00413462,Mogibacterium,ERR1089900
34086.0,44748,genus,0.00413462,Sporobacter,ERR1089900
34086.0,724,genus,0.00413462,Haemophilus,ERR1089900
34086.0,226,genus,0.00413462,Alteromonas,ERR1089900
34086.0,233189,genus,0.00413462,Anaerolinea,ERR1089900
34086.0,286,genus,0.00413462,Pseudomonas,ERR1089900
34086.0,1257,genus,0.00413462,Peptostreptococcus,ERR1089900
34086.0,55080,genus,0.00413462,Brevibacillus,ERR1089900
34086.0,1253,genus,0.00413462,Pediococcus,ERR1089900
34086.0,698776,genus,0.00413462,Cellulosilyticum,ERR1089900
34086.0,233191,genus,0.00413462,Caldilinea,ERR1089900
34086.0,162289,genus,0.00413462,Peptoniphilus,ERR1089900
34086.0,1827,genus,0.00413462,Rhodococcus,ERR1089900
34086.0,332248,genus,0.00413462,Truepera,ERR1089900
34086.0,150022,genus,0.00413462,Finegoldia,ERR1089900
34086.0,44249,genus,0.00413462,Paenibacillus,ERR1089900
34086.0,1769729,genus,0.00413462,Hathewaya,ERR1089900
34086.0,670486,genus,0.00413462,Dehalogenimonas,ERR1089900
34086.0,397864,genus,0.00413462,Barnesiella,ERR1089900
34086.0,862,genus,0.00413462,Syntrophomonas,ERR1089900
34086.0,375928,genus,0.00413462,Natranaerobius,ERR1089900
34086.0,1350,genus,0.00413462,Enterococcus,ERR1089900
34086.0,346096,genus,0.00413462,Paludibacter,ERR1089900
34086.0,46255,genus,0.00413462,Weissella,ERR1089900
34086.0,1548510,genus,0.00413462,Microbacter,ERR1089900
,-1,genus,17.4481,Unknown,ERR1089900
38182.0,286,genus,13.1599,Pseudomonas,ERR1089902
38182.0,237,genus,6.28817,Flavobacterium,ERR1089902
38182.0,40323,genus,5.7896,Stenotrophomonas,ERR1089902
38182.0,41275,genus,1.67736,Brevundimonas,ERR1089902
38182.0,586,genus,1.61166,Providencia,ERR1089902
38182.0,501783,genus,1.26382,Cloacibacterium,ERR1089902
38182.0,39948,genus,0.529489,Dialister,ERR1089902
38182.0,375288,genus,0.48311,Parabacteroides,ERR1089902
38182.0,216851,genus,0.452191,Faecalibacterium,ERR1089902
38182.0,20,genus,0.274407,Phenylobacterium,ERR1089902
38182.0,816,genus,0.239623,Bacteroides,ERR1089902
38182.0,165695,genus,0.231893,Sphingobium,ERR1089902
38182.0,80865,genus,0.220298,Delftia,ERR1089902
38182.0,265980,genus,0.119811,Alkalimonas,ERR1089902
38182.0,1301,genus,0.104352,Streptococcus,ERR1089902
38182.0,2737,genus,0.0695679,Vagococcus,ERR1089902
38182.0,838,genus,0.065703,Prevotella,ERR1089902
38182.0,165696,genus,0.0579733,Novosphingobium,ERR1089902
38182.0,561,genus,0.0541084,Escherichia,ERR1089902
38182.0,898,genus,0.0502435,Desulfomicrobium,ERR1089902
38182.0,1678,genus,0.0425137,Bifidobacterium,ERR1089902
38182.0,572511,genus,0.0425137,Blautia,ERR1089902
38182.0,581,genus,0.0425137,Morganella,ERR1089902
38182.0,1506553,genus,0.034784,Lachnoclostridium,ERR1089902
38182.0,75,genus,0.0270542,Caulobacter,ERR1089902
38182.0,459786,genus,0.0270542,Oscillibacter,ERR1089902
38182.0,642,genus,0.0270542,Aeromonas,ERR1089902
38182.0,577309,genus,0.0270542,Paraprevotella,ERR1089902
38182.0,1573535,genus,0.0231893,Holdemanella,ERR1089902
38182.0,2299,genus,0.0193244,Desulfosarcina,ERR1089902
38182.0,872,genus,0.0193244,Desulfovibrio,ERR1089902
38182.0,1505663,genus,0.0154595,Erysipelatoclostridium,ERR1089902
38182.0,44249,genus,0.0154595,Paenibacillus,ERR1089902
38182.0,165697,genus,0.0154595,Sphingopyxis,ERR1089902
38182.0,361177,genus,0.0154595,Altererythrobacter,ERR1089902
38182.0,2747,genus,0.0115947,Carnobacterium,ERR1089902
38182.0,33057,genus,0.0115947,Thauera,ERR1089902
38182.0,267986,genus,0.0115947,Owenweeksia,ERR1089902
38182.0,269260,genus,0.0115947,Nitratifractor,ERR1089902
38182.0,1578,genus,0.0115947,Lactobacillus,ERR1089902
38182.0,13687,genus,0.0115947,Sphingomonas,ERR1089902
38182.0,53335,genus,0.0115947,Pantoea,ERR1089902
38182.0,590,genus,0.0115947,Salmonella,ERR1089902
38182.0,702,genus,0.0115947,Plesiomonas,ERR1089902
38182.0,239759,genus,0.00772977,Alistipes,ERR1089902
38182.0,153232,genus,0.00772977,Oceanicaulis,ERR1089902
38182.0,239934,genus,0.00772977,Akkermansia,ERR1089902
38182.0,111142,genus,0.00772977,Alishewanella,ERR1089902
38182.0,283,genus,0.00772977,Comamonas,ERR1089902
38182.0,271087,genus,0.00772977,Geopsychrobacter,ERR1089902
38182.0,1508657,genus,0.00772977,Ruminiclostridium,ERR1089902
38182.0,93217,genus,0.00772977,Pandoraea,ERR1089902
38182.0,577310,genus,0.00772977,Parasutterella,ERR1089902
38182.0,359407,genus,0.00772977,Methylotenera,ERR1089902
38182.0,1004301,genus,0.00772977,Flavihumibacter,ERR1089902
38182.0,629,genus,0.00772977,Yersinia,ERR1089902
38182.0,180541,genus,0.00772977,Salinisphaera,ERR1089902
38182.0,841,genus,0.00772977,Roseburia,ERR1089902
38182.0,12916,genus,0.00772977,Acidovorax,ERR1089902
38182.0,1279388,genus,0.00386488,Kandleria,ERR1089902
38182.0,246873,genus,0.00386488,Crocinitomix,ERR1089902
38182.0,442869,genus,0.00386488,Acanthopleuribacter,ERR1089902
38182.0,104267,genus,0.00386488,Tenacibaculum,ERR1089902
38182.0,1471399,genus,0.00386488,Draconibacterium,ERR1089902
38182.0,85413,genus,0.00386488,Bosea,ERR1089902
38182.0,29580,genus,0.00386488,Janthinobacterium,ERR1089902
38182.0,278993,genus,0.00386488,Thermincola,ERR1089902
38182.0,836,genus,0.00386488,Porphyromonas,ERR1089902
38182.0,22,genus,0.00386488,Shewanella,ERR1089902
38182.0,469,genus,0.00386488,Acinetobacter,ERR1089902
38182.0,620,genus,0.00386488,Shigella,ERR1089902
38182.0,1253,genus,0.00386488,Pediococcus,ERR1089902
38182.0,203697,genus,0.00386488,Derxia,ERR1089902
38182.0,1269,genus,0.00386488,Micrococcus,ERR1089902
38182.0,299566,genus,0.00386488,Adhaeribacter,ERR1089902
38182.0,1652133,genus,0.00386488,Halobacteriovorax,ERR1089902
38182.0,84406,genus,0.00386488,Virgibacillus,ERR1089902
38182.0,914,genus,0.00386488,Nitrosomonas,ERR1089902
38182.0,84565,genus,0.00386488,Sodalis,ERR1089902
38182.0,2717,genus,0.00386488,Cardiobacterium,ERR1089902
38182.0,332102,genus,0.00386488,Fluviicola,ERR1089902
38182.0,1524249,genus,0.00386488,Pseudohongiella,ERR1089902
38182.0,1485,genus,0.00386488,Clostridium,ERR1089902
38182.0,44748,genus,0.00386488,Sporobacter,ERR1089902
38182.0,231052,genus,0.00386488,Saccharibacter,ERR1089902
38182.0,649460,genus,0.00386488,Filimonas,ERR1089902
38182.0,497,genus,0.00386488,Psychrobacter,ERR1089902
38182.0,226,genus,0.00386488,Alteromonas,ERR1089902
38182.0,442430,genus,0.00386488,Coraliomargarita,ERR1089902
38182.0,79328,genus,0.00386488,Chitinophaga,ERR1089902
38182.0,32199,genus,0.00386488,Buchnera,ERR1089902
38182.0,32205,genus,0.00386488,Leptonema,ERR1089902
38182.0,379,genus,0.00386488,Rhizobium,ERR1089902
38182.0,33042,genus,0.00386488,Coprococcus,ERR1089902
38182.0,978,genus,0.00386488,Cytophaga,ERR1089902
38182.0,283168,genus,0.00386488,Odoribacter,ERR1089902
38182.0,862,genus,0.00386488,Syntrophomonas,ERR1089902
38182.0,906,genus,0.00386488,Megasphaera,ERR1089902
38182.0,583,genus,0.00386488,Proteus,ERR1089902
38182.0,349,genus,0.00386488,Zoogloea,ERR1089902
38182.0,131079,genus,0.00386488,Limnobacter,ERR1089902
38182.0,1279,genus,0.00386488,Staphylococcus,ERR1089902
38182.0,626,genus,0.00386488,Xenorhabdus,ERR1089902
38182.0,67575,genus,0.00386488,Rheinheimera,ERR1089902
38182.0,34072,genus,0.00386488,Variovorax,ERR1089902
38182.0,201096,genus,0.00386488,Alicycliphilus,ERR1089902
38182.0,570,genus,0.00386488,Klebsiella,ERR1089902
38182.0,59732,genus,0.00386488,Chryseobacterium,ERR1089902
,-1,genus,66.4335,Unknown,ERR1089902
38182.0,286,genus,13.1599,Pseudomonas,ERR1089902
38182.0,237,genus,6.28817,Flavobacterium,ERR1089902
38182.0,40323,genus,5.7896,Stenotrophomonas,ERR1089902
38182.0,41275,genus,1.67736,Brevundimonas,ERR1089902
38182.0,586,genus,1.61166,Providencia,ERR1089902
38182.0,501783,genus,1.26382,Cloacibacterium,ERR1089902
38182.0,39948,genus,0.529489,Dialister,ERR1089902
38182.0,375288,genus,0.48311,Parabacteroides,ERR1089902
38182.0,216851,genus,0.452191,Faecalibacterium,ERR1089902
38182.0,20,genus,0.274407,Phenylobacterium,ERR1089902
38182.0,816,genus,0.239623,Bacteroides,ERR1089902
38182.0,165695,genus,0.231893,Sphingobium,ERR1089902
38182.0,80865,genus,0.220298,Delftia,ERR1089902
38182.0,265980,genus,0.119811,Alkalimonas,ERR1089902
38182.0,1301,genus,0.104352,Streptococcus,ERR1089902
38182.0,2737,genus,0.0695679,Vagococcus,ERR1089902
38182.0,838,genus,0.065703,Prevotella,ERR1089902
38182.0,165696,genus,0.0579733,Novosphingobium,ERR1089902
38182.0,561,genus,0.0541084,Escherichia,ERR1089902
38182.0,898,genus,0.0502435,Desulfomicrobium,ERR1089902
38182.0,1678,genus,0.0425137,Bifidobacterium,ERR1089902
38182.0,572511,genus,0.0425137,Blautia,ERR1089902
38182.0,581,genus,0.0425137,Morganella,ERR1089902
38182.0,1506553,genus,0.034784,Lachnoclostridium,ERR1089902
38182.0,642,genus,0.0270542,Aeromonas,ERR1089902
38182.0,577309,genus,0.0270542,Paraprevotella,ERR1089902
38182.0,75,genus,0.0270542,Caulobacter,ERR1089902
38182.0,459786,genus,0.0270542,Oscillibacter,ERR1089902
38182.0,1573535,genus,0.0231893,Holdemanella,ERR1089902
38182.0,2299,genus,0.0193244,Desulfosarcina,ERR1089902
38182.0,872,genus,0.0193244,Desulfovibrio,ERR1089902
38182.0,1505663,genus,0.0154595,Erysipelatoclostridium,ERR1089902
38182.0,44249,genus,0.0154595,Paenibacillus,ERR1089902
38182.0,165697,genus,0.0154595,Sphingopyxis,ERR1089902
38182.0,361177,genus,0.0154595,Altererythrobacter,ERR1089902
38182.0,702,genus,0.0115947,Plesiomonas,ERR1089902
38182.0,2747,genus,0.0115947,Carnobacterium,ERR1089902
38182.0,33057,genus,0.0115947,Thauera,ERR1089902
38182.0,267986,genus,0.0115947,Owenweeksia,ERR1089902
38182.0,269260,genus,0.0115947,Nitratifractor,ERR1089902
38182.0,1578,genus,0.0115947,Lactobacillus,ERR1089902
38182.0,13687,genus,0.0115947,Sphingomonas,ERR1089902
38182.0,53335,genus,0.0115947,Pantoea,ERR1089902
38182.0,590,genus,0.0115947,Salmonella,ERR1089902
38182.0,12916,genus,0.00772977,Acidovorax,ERR1089902
38182.0,239759,genus,0.00772977,Alistipes,ERR1089902
38182.0,153232,genus,0.00772977,Oceanicaulis,ERR1089902
38182.0,239934,genus,0.00772977,Akkermansia,ERR1089902
38182.0,111142,genus,0.00772977,Alishewanella,ERR1089902
38182.0,283,genus,0.00772977,Comamonas,ERR1089902
38182.0,271087,genus,0.00772977,Geopsychrobacter,ERR1089902
38182.0,1508657,genus,0.00772977,Ruminiclostridium,ERR1089902
38182.0,93217,genus,0.00772977,Pandoraea,ERR1089902
38182.0,577310,genus,0.00772977,Parasutterella,ERR1089902
38182.0,359407,genus,0.00772977,Methylotenera,ERR1089902
38182.0,1004301,genus,0.00772977,Flavihumibacter,ERR1089902
38182.0,629,genus,0.00772977,Yersinia,ERR1089902
38182.0,180541,genus,0.00772977,Salinisphaera,ERR1089902
38182.0,841,genus,0.00772977,Roseburia,ERR1089902
38182.0,131079,genus,0.00386488,Limnobacter,ERR1089902
38182.0,1279,genus,0.00386488,Staphylococcus,ERR1089902
38182.0,626,genus,0.00386488,Xenorhabdus,ERR1089902
38182.0,67575,genus,0.00386488,Rheinheimera,ERR1089902
38182.0,34072,genus,0.00386488,Variovorax,ERR1089902
38182.0,201096,genus,0.00386488,Alicycliphilus,ERR1089902
38182.0,570,genus,0.00386488,Klebsiella,ERR1089902
38182.0,59732,genus,0.00386488,Chryseobacterium,ERR1089902
38182.0,1279388,genus,0.00386488,Kandleria,ERR1089902
38182.0,246873,genus,0.00386488,Crocinitomix,ERR1089902
38182.0,442869,genus,0.00386488,Acanthopleuribacter,ERR1089902
38182.0,104267,genus,0.00386488,Tenacibaculum,ERR1089902
38182.0,1471399,genus,0.00386488,Draconibacterium,ERR1089902
38182.0,85413,genus,0.00386488,Bosea,ERR1089902
38182.0,29580,genus,0.00386488,Janthinobacterium,ERR1089902
38182.0,278993,genus,0.00386488,Thermincola,ERR1089902
38182.0,836,genus,0.00386488,Porphyromonas,ERR1089902
38182.0,22,genus,0.00386488,Shewanella,ERR1089902
38182.0,469,genus,0.00386488,Acinetobacter,ERR1089902
38182.0,620,genus,0.00386488,Shigella,ERR1089902
38182.0,1253,genus,0.00386488,Pediococcus,ERR1089902
38182.0,203697,genus,0.00386488,Derxia,ERR1089902
38182.0,1269,genus,0.00386488,Micrococcus,ERR1089902
38182.0,299566,genus,0.00386488,Adhaeribacter,ERR1089902
38182.0,1652133,genus,0.00386488,Halobacteriovorax,ERR1089902
38182.0,84406,genus,0.00386488,Virgibacillus,ERR1089902
38182.0,914,genus,0.00386488,Nitrosomonas,ERR1089902
38182.0,84565,genus,0.00386488,Sodalis,ERR1089902
38182.0,2717,genus,0.00386488,Cardiobacterium,ERR1089902
38182.0,332102,genus,0.00386488,Fluviicola,ERR1089902
38182.0,1524249,genus,0.00386488,Pseudohongiella,ERR1089902
38182.0,1485,genus,0.00386488,Clostridium,ERR1089902
38182.0,44748,genus,0.00386488,Sporobacter,ERR1089902
38182.0,231052,genus,0.00386488,Saccharibacter,ERR1089902
38182.0,649460,genus,0.00386488,Filimonas,ERR1089902
38182.0,497,genus,0.00386488,Psychrobacter,ERR1089902
38182.0,226,genus,0.00386488,Alteromonas,ERR1089902
38182.0,442430,genus,0.00386488,Coraliomargarita,ERR1089902
38182.0,79328,genus,0.00386488,Chitinophaga,ERR1089902
38182.0,32199,genus,0.00386488,Buchnera,ERR1089902
38182.0,32205,genus,0.00386488,Leptonema,ERR1089902
38182.0,379,genus,0.00386488,Rhizobium,ERR1089902
38182.0,33042,genus,0.00386488,Coprococcus,ERR1089902
38182.0,978,genus,0.00386488,Cytophaga,ERR1089902
38182.0,283168,genus,0.00386488,Odoribacter,ERR1089902
38182.0,862,genus,0.00386488,Syntrophomonas,ERR1089902
38182.0,906,genus,0.00386488,Megasphaera,ERR1089902
38182.0,583,genus,0.00386488,Proteus,ERR1089902
38182.0,349,genus,0.00386488,Zoogloea,ERR1089902
,-1,genus,66.4335,Unknown,ERR1089902
38183.0,590,genus,28.8035,Salmonella,ERR1089906
38183.0,286,genus,17.9305,Pseudomonas,ERR1089906
38183.0,216851,genus,3.26415,Faecalibacterium,ERR1089906
38183.0,816,genus,1.11786,Bacteroides,ERR1089906
38183.0,1386,genus,0.722883,Bacillus,ERR1089906
38183.0,1301,genus,0.42106,Streptococcus,ERR1089906
38183.0,39948,genus,0.391251,Dialister,ERR1089906
38183.0,1678,genus,0.391251,Bifidobacterium,ERR1089906
38183.0,572511,genus,0.376346,Blautia,ERR1089906
38183.0,1505663,genus,0.316727,Erysipelatoclostridium,ERR1089906
38183.0,1350,genus,0.182584,Enterococcus,ERR1089906
38183.0,1508657,genus,0.115512,Ruminiclostridium,ERR1089906
38183.0,841,genus,0.0707978,Roseburia,ERR1089906
38183.0,459786,genus,0.0670716,Oscillibacter,ERR1089906
38183.0,1506553,genus,0.0596192,Lachnoclostridium,ERR1089906
38183.0,1263,genus,0.0596192,Ruminococcus,ERR1089906
38183.0,577310,genus,0.0521668,Parasutterella,ERR1089906
38183.0,1279,genus,0.0484406,Staphylococcus,ERR1089906
38183.0,1730,genus,0.037262,Eubacterium,ERR1089906
38183.0,1578,genus,0.0335358,Lactobacillus,ERR1089906
38183.0,180541,genus,0.0298096,Salinisphaera,ERR1089906
38183.0,53335,genus,0.0223572,Pantoea,ERR1089906
38183.0,207244,genus,0.0111786,Anaerostipes,ERR1089906
38183.0,898,genus,0.0111786,Desulfomicrobium,ERR1089906
38183.0,1485,genus,0.0111786,Clostridium,ERR1089906
38183.0,239759,genus,0.0111786,Alistipes,ERR1089906
38183.0,445,genus,0.0111786,Legionella,ERR1089906
38183.0,2299,genus,0.0111786,Desulfosarcina,ERR1089906
38183.0,583,genus,0.0074524,Proteus,ERR1089906
38183.0,1654,genus,0.0074524,Actinomyces,ERR1089906
38183.0,872,genus,0.0074524,Desulfovibrio,ERR1089906
38183.0,838,genus,0.0074524,Prevotella,ERR1089906
38183.0,626,genus,0.0074524,Xenorhabdus,ERR1089906
38183.0,836,genus,0.0074524,Porphyromonas,ERR1089906
38183.0,1565532,genus,0.0074524,Rouxiella,ERR1089906
38183.0,642,genus,0.0074524,Aeromonas,ERR1089906
38183.0,239934,genus,0.0074524,Akkermansia,ERR1089906
38183.0,29465,genus,0.0074524,Veillonella,ERR1089906
38183.0,28231,genus,0.0074524,Geobacter,ERR1089906
38183.0,283,genus,0.0074524,Comamonas,ERR1089906
38183.0,233189,genus,0.0037262,Anaerolinea,ERR1089906
38183.0,1495038,genus,0.0037262,Mesoaciditoga,ERR1089906
38183.0,61434,genus,0.0037262,Dehalococcoides,ERR1089906
38183.0,1549126,genus,0.0037262,Desulfatiglans,ERR1089906
38183.0,570,genus,0.0037262,Klebsiella,ERR1089906
38183.0,131079,genus,0.0037262,Limnobacter,ERR1089906
38183.0,265980,genus,0.0037262,Alkalimonas,ERR1089906
38183.0,29526,genus,0.0037262,Syntrophobacter,ERR1089906
38183.0,1357,genus,0.0037262,Lactococcus,ERR1089906
38183.0,1652133,genus,0.0037262,Halobacteriovorax,ERR1089906
38183.0,1279384,genus,0.0037262,Eggerthia,ERR1089906
38183.0,1645,genus,0.0037262,Renibacterium,ERR1089906
38183.0,2077,genus,0.0037262,Sporolactobacillus,ERR1089906
38183.0,475,genus,0.0037262,Moraxella,ERR1089906
38183.0,79328,genus,0.0037262,Chitinophaga,ERR1089906
38183.0,2295,genus,0.0037262,Desulfobacterium,ERR1089906
38183.0,35832,genus,0.0037262,Bilophila,ERR1089906
38183.0,332248,genus,0.0037262,Truepera,ERR1089906
38183.0,1506577,genus,0.0037262,Tyzzerella,ERR1089906
38183.0,644652,genus,0.0037262,Gordonibacter,ERR1089906
38183.0,561,genus,0.0037262,Escherichia,ERR1089906
38183.0,233191,genus,0.0037262,Caldilinea,ERR1089906
38183.0,262406,genus,0.0037262,Thermobaculum,ERR1089906
38183.0,41273,genus,0.0037262,Tissierella,ERR1089906
38183.0,1524249,genus,0.0037262,Pseudohongiella,ERR1089906
38183.0,55080,genus,0.0037262,Brevibacillus,ERR1089906
38183.0,100883,genus,0.0037262,Coprobacillus,ERR1089906
38183.0,2742,genus,0.0037262,Marinobacter,ERR1089906
38183.0,283168,genus,0.0037262,Odoribacter,ERR1089906
,-1,genus,45.1615,Unknown,ERR1089906
38183.0,590,genus,28.8035,Salmonella,ERR1089906
38183.0,286,genus,17.9305,Pseudomonas,ERR1089906
38183.0,216851,genus,3.26415,Faecalibacterium,ERR1089906
38183.0,816,genus,1.11786,Bacteroides,ERR1089906
38183.0,1386,genus,0.722883,Bacillus,ERR1089906
38183.0,1301,genus,0.42106,Streptococcus,ERR1089906
38183.0,1678,genus,0.391251,Bifidobacterium,ERR1089906
38183.0,39948,genus,0.391251,Dialister,ERR1089906
38183.0,572511,genus,0.376346,Blautia,ERR1089906
38183.0,1505663,genus,0.316727,Erysipelatoclostridium,ERR1089906
38183.0,1350,genus,0.182584,Enterococcus,ERR1089906
38183.0,1508657,genus,0.115512,Ruminiclostridium,ERR1089906
38183.0,841,genus,0.0707978,Roseburia,ERR1089906
38183.0,459786,genus,0.0670716,Oscillibacter,ERR1089906
38183.0,1263,genus,0.0596192,Ruminococcus,ERR1089906
38183.0,1506553,genus,0.0596192,Lachnoclostridium,ERR1089906
38183.0,577310,genus,0.0521668,Parasutterella,ERR1089906
38183.0,1279,genus,0.0484406,Staphylococcus,ERR1089906
38183.0,1730,genus,0.037262,Eubacterium,ERR1089906
38183.0,1578,genus,0.0335358,Lactobacillus,ERR1089906
38183.0,180541,genus,0.0298096,Salinisphaera,ERR1089906
38183.0,53335,genus,0.0223572,Pantoea,ERR1089906
38183.0,1485,genus,0.0111786,Clostridium,ERR1089906
38183.0,239759,genus,0.0111786,Alistipes,ERR1089906
38183.0,445,genus,0.0111786,Legionella,ERR1089906
38183.0,2299,genus,0.0111786,Desulfosarcina,ERR1089906
38183.0,207244,genus,0.0111786,Anaerostipes,ERR1089906
38183.0,898,genus,0.0111786,Desulfomicrobium,ERR1089906
38183.0,626,genus,0.0074524,Xenorhabdus,ERR1089906
38183.0,836,genus,0.0074524,Porphyromonas,ERR1089906
38183.0,1565532,genus,0.0074524,Rouxiella,ERR1089906
38183.0,642,genus,0.0074524,Aeromonas,ERR1089906
38183.0,239934,genus,0.0074524,Akkermansia,ERR1089906
38183.0,29465,genus,0.0074524,Veillonella,ERR1089906
38183.0,28231,genus,0.0074524,Geobacter,ERR1089906
38183.0,283,genus,0.0074524,Comamonas,ERR1089906
38183.0,583,genus,0.0074524,Proteus,ERR1089906
38183.0,1654,genus,0.0074524,Actinomyces,ERR1089906
38183.0,872,genus,0.0074524,Desulfovibrio,ERR1089906
38183.0,838,genus,0.0074524,Prevotella,ERR1089906
38183.0,2077,genus,0.0037262,Sporolactobacillus,ERR1089906
38183.0,475,genus,0.0037262,Moraxella,ERR1089906
38183.0,79328,genus,0.0037262,Chitinophaga,ERR1089906
38183.0,2295,genus,0.0037262,Desulfobacterium,ERR1089906
38183.0,35832,genus,0.0037262,Bilophila,ERR1089906
38183.0,332248,genus,0.0037262,Truepera,ERR1089906
38183.0,1506577,genus,0.0037262,Tyzzerella,ERR1089906
38183.0,644652,genus,0.0037262,Gordonibacter,ERR1089906
38183.0,561,genus,0.0037262,Escherichia,ERR1089906
38183.0,233191,genus,0.0037262,Caldilinea,ERR1089906
38183.0,262406,genus,0.0037262,Thermobaculum,ERR1089906
38183.0,41273,genus,0.0037262,Tissierella,ERR1089906
38183.0,1524249,genus,0.0037262,Pseudohongiella,ERR1089906
38183.0,55080,genus,0.0037262,Brevibacillus,ERR1089906
38183.0,100883,genus,0.0037262,Coprobacillus,ERR1089906
38183.0,2742,genus,0.0037262,Marinobacter,ERR1089906
38183.0,283168,genus,0.0037262,Odoribacter,ERR1089906
38183.0,233189,genus,0.0037262,Anaerolinea,ERR1089906
38183.0,1495038,genus,0.0037262,Mesoaciditoga,ERR1089906
38183.0,61434,genus,0.0037262,Dehalococcoides,ERR1089906
38183.0,1549126,genus,0.0037262,Desulfatiglans,ERR1089906
38183.0,570,genus,0.0037262,Klebsiella,ERR1089906
38183.0,131079,genus,0.0037262,Limnobacter,ERR1089906
38183.0,265980,genus,0.0037262,Alkalimonas,ERR1089906
38183.0,29526,genus,0.0037262,Syntrophobacter,ERR1089906
38183.0,1357,genus,0.0037262,Lactococcus,ERR1089906
38183.0,1652133,genus,0.0037262,Halobacteriovorax,ERR1089906
38183.0,1279384,genus,0.0037262,Eggerthia,ERR1089906
38183.0,1645,genus,0.0037262,Renibacterium,ERR1089906
,-1,genus,45.1615,Unknown,ERR1089906
38183.0,590,genus,28.8035,Salmonella,ERR1089906
38183.0,286,genus,17.9305,Pseudomonas,ERR1089906
38183.0,216851,genus,3.26415,Faecalibacterium,ERR1089906
38183.0,816,genus,1.11786,Bacteroides,ERR1089906
38183.0,1386,genus,0.722883,Bacillus,ERR1089906
38183.0,1301,genus,0.42106,Streptococcus,ERR1089906
38183.0,39948,genus,0.391251,Dialister,ERR1089906
38183.0,1678,genus,0.391251,Bifidobacterium,ERR1089906
38183.0,572511,genus,0.376346,Blautia,ERR1089906
38183.0,1505663,genus,0.316727,Erysipelatoclostridium,ERR1089906
38183.0,1350,genus,0.182584,Enterococcus,ERR1089906
38183.0,1508657,genus,0.115512,Ruminiclostridium,ERR1089906
38183.0,841,genus,0.0707978,Roseburia,ERR1089906
38183.0,459786,genus,0.0670716,Oscillibacter,ERR1089906
38183.0,1263,genus,0.0596192,Ruminococcus,ERR1089906
38183.0,1506553,genus,0.0596192,Lachnoclostridium,ERR1089906
38183.0,577310,genus,0.0521668,Parasutterella,ERR1089906
38183.0,1279,genus,0.0484406,Staphylococcus,ERR1089906
38183.0,1730,genus,0.037262,Eubacterium,ERR1089906
38183.0,1578,genus,0.0335358,Lactobacillus,ERR1089906
38183.0,180541,genus,0.0298096,Salinisphaera,ERR1089906
38183.0,53335,genus,0.0223572,Pantoea,ERR1089906
38183.0,207244,genus,0.0111786,Anaerostipes,ERR1089906
38183.0,898,genus,0.0111786,Desulfomicrobium,ERR1089906
38183.0,1485,genus,0.0111786,Clostridium,ERR1089906
38183.0,239759,genus,0.0111786,Alistipes,ERR1089906
38183.0,445,genus,0.0111786,Legionella,ERR1089906
38183.0,2299,genus,0.0111786,Desulfosarcina,ERR1089906
38183.0,239934,genus,0.0074524,Akkermansia,ERR1089906
38183.0,29465,genus,0.0074524,Veillonella,ERR1089906
38183.0,28231,genus,0.0074524,Geobacter,ERR1089906
38183.0,283,genus,0.0074524,Comamonas,ERR1089906
38183.0,583,genus,0.0074524,Proteus,ERR1089906
38183.0,1654,genus,0.0074524,Actinomyces,ERR1089906
38183.0,872,genus,0.0074524,Desulfovibrio,ERR1089906
38183.0,838,genus,0.0074524,Prevotella,ERR1089906
38183.0,626,genus,0.0074524,Xenorhabdus,ERR1089906
38183.0,836,genus,0.0074524,Porphyromonas,ERR1089906
38183.0,1565532,genus,0.0074524,Rouxiella,ERR1089906
38183.0,642,genus,0.0074524,Aeromonas,ERR1089906
38183.0,41273,genus,0.0037262,Tissierella,ERR1089906
38183.0,1524249,genus,0.0037262,Pseudohongiella,ERR1089906
38183.0,55080,genus,0.0037262,Brevibacillus,ERR1089906
38183.0,100883,genus,0.0037262,Coprobacillus,ERR1089906
38183.0,2742,genus,0.0037262,Marinobacter,ERR1089906
38183.0,283168,genus,0.0037262,Odoribacter,ERR1089906
38183.0,233189,genus,0.0037262,Anaerolinea,ERR1089906
38183.0,1495038,genus,0.0037262,Mesoaciditoga,ERR1089906
38183.0,61434,genus,0.0037262,Dehalococcoides,ERR1089906
38183.0,1549126,genus,0.0037262,Desulfatiglans,ERR1089906
38183.0,570,genus,0.0037262,Klebsiella,ERR1089906
38183.0,131079,genus,0.0037262,Limnobacter,ERR1089906
38183.0,265980,genus,0.0037262,Alkalimonas,ERR1089906
38183.0,29526,genus,0.0037262,Syntrophobacter,ERR1089906
38183.0,1357,genus,0.0037262,Lactococcus,ERR1089906
38183.0,1652133,genus,0.0037262,Halobacteriovorax,ERR1089906
38183.0,1279384,genus,0.0037262,Eggerthia,ERR1089906
38183.0,1645,genus,0.0037262,Renibacterium,ERR1089906
38183.0,2077,genus,0.0037262,Sporolactobacillus,ERR1089906
38183.0,475,genus,0.0037262,Moraxella,ERR1089906
38183.0,79328,genus,0.0037262,Chitinophaga,ERR1089906
38183.0,2295,genus,0.0037262,Desulfobacterium,ERR1089906
38183.0,35832,genus,0.0037262,Bilophila,ERR1089906
38183.0,332248,genus,0.0037262,Truepera,ERR1089906
38183.0,1506577,genus,0.0037262,Tyzzerella,ERR1089906
38183.0,644652,genus,0.0037262,Gordonibacter,ERR1089906
38183.0,561,genus,0.0037262,Escherichia,ERR1089906
38183.0,233191,genus,0.0037262,Caldilinea,ERR1089906
38183.0,262406,genus,0.0037262,Thermobaculum,ERR1089906
,-1,genus,45.1615,Unknown,ERR1089906
38183.0,590,genus,28.8035,Salmonella,ERR1089906
38183.0,286,genus,17.9305,Pseudomonas,ERR1089906
38183.0,216851,genus,3.26415,Faecalibacterium,ERR1089906
38183.0,816,genus,1.11786,Bacteroides,ERR1089906
38183.0,1386,genus,0.722883,Bacillus,ERR1089906
38183.0,1301,genus,0.42106,Streptococcus,ERR1089906
38183.0,39948,genus,0.391251,Dialister,ERR1089906
38183.0,1678,genus,0.391251,Bifidobacterium,ERR1089906
38183.0,572511,genus,0.376346,Blautia,ERR1089906
38183.0,1505663,genus,0.316727,Erysipelatoclostridium,ERR1089906
38183.0,1350,genus,0.182584,Enterococcus,ERR1089906
38183.0,1508657,genus,0.115512,Ruminiclostridium,ERR1089906
38183.0,841,genus,0.0707978,Roseburia,ERR1089906
38183.0,459786,genus,0.0670716,Oscillibacter,ERR1089906
38183.0,1263,genus,0.0596192,Ruminococcus,ERR1089906
38183.0,1506553,genus,0.0596192,Lachnoclostridium,ERR1089906
38183.0,577310,genus,0.0521668,Parasutterella,ERR1089906
38183.0,1279,genus,0.0484406,Staphylococcus,ERR1089906
38183.0,1730,genus,0.037262,Eubacterium,ERR1089906
38183.0,1578,genus,0.0335358,Lactobacillus,ERR1089906
38183.0,180541,genus,0.0298096,Salinisphaera,ERR1089906
38183.0,53335,genus,0.0223572,Pantoea,ERR1089906
38183.0,207244,genus,0.0111786,Anaerostipes,ERR1089906
38183.0,898,genus,0.0111786,Desulfomicrobium,ERR1089906
38183.0,1485,genus,0.0111786,Clostridium,ERR1089906
38183.0,239759,genus,0.0111786,Alistipes,ERR1089906
38183.0,445,genus,0.0111786,Legionella,ERR1089906
38183.0,2299,genus,0.0111786,Desulfosarcina,ERR1089906
38183.0,583,genus,0.0074524,Proteus,ERR1089906
38183.0,1654,genus,0.0074524,Actinomyces,ERR1089906
38183.0,872,genus,0.0074524,Desulfovibrio,ERR1089906
38183.0,838,genus,0.0074524,Prevotella,ERR1089906
38183.0,626,genus,0.0074524,Xenorhabdus,ERR1089906
38183.0,836,genus,0.0074524,Porphyromonas,ERR1089906
38183.0,1565532,genus,0.0074524,Rouxiella,ERR1089906
38183.0,642,genus,0.0074524,Aeromonas,ERR1089906
38183.0,239934,genus,0.0074524,Akkermansia,ERR1089906
38183.0,29465,genus,0.0074524,Veillonella,ERR1089906
38183.0,28231,genus,0.0074524,Geobacter,ERR1089906
38183.0,283,genus,0.0074524,Comamonas,ERR1089906
38183.0,100883,genus,0.0037262,Coprobacillus,ERR1089906
38183.0,2742,genus,0.0037262,Marinobacter,ERR1089906
38183.0,283168,genus,0.0037262,Odoribacter,ERR1089906
38183.0,233189,genus,0.0037262,Anaerolinea,ERR1089906
38183.0,1495038,genus,0.0037262,Mesoaciditoga,ERR1089906
38183.0,61434,genus,0.0037262,Dehalococcoides,ERR1089906
38183.0,1549126,genus,0.0037262,Desulfatiglans,ERR1089906
38183.0,570,genus,0.0037262,Klebsiella,ERR1089906
38183.0,131079,genus,0.0037262,Limnobacter,ERR1089906
38183.0,265980,genus,0.0037262,Alkalimonas,ERR1089906
38183.0,29526,genus,0.0037262,Syntrophobacter,ERR1089906
38183.0,1357,genus,0.0037262,Lactococcus,ERR1089906
38183.0,1652133,genus,0.0037262,Halobacteriovorax,ERR1089906
38183.0,1279384,genus,0.0037262,Eggerthia,ERR1089906
38183.0,1645,genus,0.0037262,Renibacterium,ERR1089906
38183.0,2077,genus,0.0037262,Sporolactobacillus,ERR1089906
38183.0,475,genus,0.0037262,Moraxella,ERR1089906
38183.0,79328,genus,0.0037262,Chitinophaga,ERR1089906
38183.0,2295,genus,0.0037262,Desulfobacterium,ERR1089906
38183.0,35832,genus,0.0037262,Bilophila,ERR1089906
38183.0,332248,genus,0.0037262,Truepera,ERR1089906
38183.0,1506577,genus,0.0037262,Tyzzerella,ERR1089906
38183.0,644652,genus,0.0037262,Gordonibacter,ERR1089906
38183.0,561,genus,0.0037262,Escherichia,ERR1089906
38183.0,233191,genus,0.0037262,Caldilinea,ERR1089906
38183.0,262406,genus,0.0037262,Thermobaculum,ERR1089906
38183.0,41273,genus,0.0037262,Tissierella,ERR1089906
38183.0,1524249,genus,0.0037262,Pseudohongiella,ERR1089906
38183.0,55080,genus,0.0037262,Brevibacillus,ERR1089906
,-1,genus,45.1615,Unknown,ERR1089906
38183.0,590,genus,28.8035,Salmonella,ERR1089906
38183.0,286,genus,17.9305,Pseudomonas,ERR1089906
38183.0,216851,genus,3.26415,Faecalibacterium,ERR1089906
38183.0,816,genus,1.11786,Bacteroides,ERR1089906
38183.0,1386,genus,0.722883,Bacillus,ERR1089906
38183.0,1301,genus,0.42106,Streptococcus,ERR1089906
38183.0,1678,genus,0.391251,Bifidobacterium,ERR1089906
38183.0,39948,genus,0.391251,Dialister,ERR1089906
38183.0,572511,genus,0.376346,Blautia,ERR1089906
38183.0,1505663,genus,0.316727,Erysipelatoclostridium,ERR1089906
38183.0,1350,genus,0.182584,Enterococcus,ERR1089906
38183.0,1508657,genus,0.115512,Ruminiclostridium,ERR1089906
38183.0,841,genus,0.0707978,Roseburia,ERR1089906
38183.0,459786,genus,0.0670716,Oscillibacter,ERR1089906
38183.0,1263,genus,0.0596192,Ruminococcus,ERR1089906
38183.0,1506553,genus,0.0596192,Lachnoclostridium,ERR1089906
38183.0,577310,genus,0.0521668,Parasutterella,ERR1089906
38183.0,1279,genus,0.0484406,Staphylococcus,ERR1089906
38183.0,1730,genus,0.037262,Eubacterium,ERR1089906
38183.0,1578,genus,0.0335358,Lactobacillus,ERR1089906
38183.0,180541,genus,0.0298096,Salinisphaera,ERR1089906
38183.0,53335,genus,0.0223572,Pantoea,ERR1089906
38183.0,898,genus,0.0111786,Desulfomicrobium,ERR1089906
38183.0,1485,genus,0.0111786,Clostridium,ERR1089906
38183.0,239759,genus,0.0111786,Alistipes,ERR1089906
38183.0,445,genus,0.0111786,Legionella,ERR1089906
38183.0,2299,genus,0.0111786,Desulfosarcina,ERR1089906
38183.0,207244,genus,0.0111786,Anaerostipes,ERR1089906
38183.0,838,genus,0.0074524,Prevotella,ERR1089906
38183.0,626,genus,0.0074524,Xenorhabdus,ERR1089906
38183.0,836,genus,0.0074524,Porphyromonas,ERR1089906
38183.0,1565532,genus,0.0074524,Rouxiella,ERR1089906
38183.0,642,genus,0.0074524,Aeromonas,ERR1089906
38183.0,239934,genus,0.0074524,Akkermansia,ERR1089906
38183.0,29465,genus,0.0074524,Veillonella,ERR1089906
38183.0,283,genus,0.0074524,Comamonas,ERR1089906
38183.0,28231,genus,0.0074524,Geobacter,ERR1089906
38183.0,583,genus,0.0074524,Proteus,ERR1089906
38183.0,1654,genus,0.0074524,Actinomyces,ERR1089906
38183.0,872,genus,0.0074524,Desulfovibrio,ERR1089906
38183.0,1645,genus,0.0037262,Renibacterium,ERR1089906
38183.0,2077,genus,0.0037262,Sporolactobacillus,ERR1089906
38183.0,79328,genus,0.0037262,Chitinophaga,ERR1089906
38183.0,475,genus,0.0037262,Moraxella,ERR1089906
38183.0,2295,genus,0.0037262,Desulfobacterium,ERR1089906
38183.0,35832,genus,0.0037262,Bilophila,ERR1089906
38183.0,332248,genus,0.0037262,Truepera,ERR1089906
38183.0,1506577,genus,0.0037262,Tyzzerella,ERR1089906
38183.0,561,genus,0.0037262,Escherichia,ERR1089906
38183.0,644652,genus,0.0037262,Gordonibacter,ERR1089906
38183.0,233191,genus,0.0037262,Caldilinea,ERR1089906
38183.0,262406,genus,0.0037262,Thermobaculum,ERR1089906
38183.0,41273,genus,0.0037262,Tissierella,ERR1089906
38183.0,1524249,genus,0.0037262,Pseudohongiella,ERR1089906
38183.0,55080,genus,0.0037262,Brevibacillus,ERR1089906
38183.0,100883,genus,0.0037262,Coprobacillus,ERR1089906
38183.0,2742,genus,0.0037262,Marinobacter,ERR1089906
38183.0,283168,genus,0.0037262,Odoribacter,ERR1089906
38183.0,233189,genus,0.0037262,Anaerolinea,ERR1089906
38183.0,1495038,genus,0.0037262,Mesoaciditoga,ERR1089906
38183.0,1549126,genus,0.0037262,Desulfatiglans,ERR1089906
38183.0,61434,genus,0.0037262,Dehalococcoides,ERR1089906
38183.0,570,genus,0.0037262,Klebsiella,ERR1089906
38183.0,131079,genus,0.0037262,Limnobacter,ERR1089906
38183.0,265980,genus,0.0037262,Alkalimonas,ERR1089906
38183.0,1357,genus,0.0037262,Lactococcus,ERR1089906
38183.0,29526,genus,0.0037262,Syntrophobacter,ERR1089906
38183.0,1652133,genus,0.0037262,Halobacteriovorax,ERR1089906
38183.0,1279384,genus,0.0037262,Eggerthia,ERR1089906
,-1,genus,45.1615,Unknown,ERR1089906
38184.0,816,genus,29.6148,Bacteroides,ERR1089909
38184.0,216851,genus,11.637,Faecalibacterium,ERR1089909
38184.0,239759,genus,5.44665,Alistipes,ERR1089909
38184.0,1508657,genus,5.36497,Ruminiclostridium,ERR1089909
38184.0,1263,genus,4.21288,Ruminococcus,ERR1089909
38184.0,375288,genus,1.8872,Parabacteroides,ERR1089909
38184.0,459786,genus,1.80552,Oscillibacter,ERR1089909
38184.0,572511,genus,1.4917,Blautia,ERR1089909
38184.0,397864,genus,1.23377,Barnesiella,ERR1089909
38184.0,841,genus,1.01023,Roseburia,ERR1089909
38184.0,1730,genus,0.748001,Eubacterium,ERR1089909
38184.0,1505663,genus,0.662024,Erysipelatoclostridium,ERR1089909
38184.0,244127,genus,0.60184,Anaerotruncus,ERR1089909
38184.0,239934,genus,0.545955,Akkermansia,ERR1089909
38184.0,44748,genus,0.494368,Sporobacter,ERR1089909
38184.0,1506553,genus,0.408391,Lachnoclostridium,ERR1089909
38184.0,577310,genus,0.395495,Parasutterella,ERR1089909
38184.0,33042,genus,0.343909,Coprococcus,ERR1089909
38184.0,283168,genus,0.279426,Odoribacter,ERR1089909
38184.0,1485,genus,0.18915,Clostridium,ERR1089909
38184.0,1678,genus,0.171954,Bifidobacterium,ERR1089909
38184.0,1350,genus,0.15046,Enterococcus,ERR1089909
38184.0,35832,genus,0.137563,Bilophila,ERR1089909
38184.0,162289,genus,0.128966,Peptoniphilus,ERR1089909
38184.0,442430,genus,0.0988737,Coraliomargarita,ERR1089909
38184.0,838,genus,0.0816783,Prevotella,ERR1089909
38184.0,1578,genus,0.0773794,Lactobacillus,ERR1089909
38184.0,469,genus,0.060184,Acinetobacter,ERR1089909
38184.0,990721,genus,0.0558851,Christensenella,ERR1089909
38184.0,172900,genus,0.0558851,Victivallis,ERR1089909
38184.0,207244,genus,0.0472874,Anaerostipes,ERR1089909
38184.0,189330,genus,0.0472874,Dorea,ERR1089909
38184.0,286,genus,0.0386897,Pseudomonas,ERR1089909
38184.0,836,genus,0.0386897,Porphyromonas,ERR1089909
38184.0,1279,genus,0.0386897,Staphylococcus,ERR1089909
38184.0,1386,genus,0.0343909,Bacillus,ERR1089909
38184.0,28453,genus,0.0343909,Sphingobacterium,ERR1089909
38184.0,100883,genus,0.030092,Coprobacillus,ERR1089909
38184.0,872,genus,0.030092,Desulfovibrio,ERR1089909
38184.0,846,genus,0.030092,Oxalobacter,ERR1089909
38184.0,117563,genus,0.030092,Granulicatella,ERR1089909
38184.0,84111,genus,0.0257931,Eggerthella,ERR1089909
38184.0,40323,genus,0.0257931,Stenotrophomonas,ERR1089909
38184.0,2172,genus,0.0257931,Methanobrevibacter,ERR1089909
38184.0,1506577,genus,0.0214943,Tyzzerella,ERR1089909
38184.0,187144,genus,0.0214943,Caldithrix,ERR1089909
38184.0,61170,genus,0.0214943,Holdemania,ERR1089909
38184.0,100175,genus,0.0171954,Papillibacter,ERR1089909
38184.0,2299,genus,0.0171954,Desulfosarcina,ERR1089909
38184.0,61434,genus,0.0171954,Dehalococcoides,ERR1089909
38184.0,165779,genus,0.0171954,Anaerococcus,ERR1089909
38184.0,795750,genus,0.0128966,Ignavibacterium,ERR1089909
38184.0,561,genus,0.0128966,Escherichia,ERR1089909
38184.0,83660,genus,0.0128966,Desulfonispora,ERR1089909
38184.0,1618113,genus,0.0128966,Saccharicrinis,ERR1089909
38184.0,150022,genus,0.0128966,Finegoldia,ERR1089909
38184.0,1716,genus,0.0128966,Corynebacterium,ERR1089909
38184.0,28138,genus,0.0128966,Rikenella,ERR1089909
38184.0,1505657,genus,0.0128966,Intestinibacter,ERR1089909
38184.0,180541,genus,0.0128966,Salinisphaera,ERR1089909
38184.0,1017280,genus,0.0128966,Pseudoflavonifractor,ERR1089909
38184.0,590,genus,0.0128966,Salmonella,ERR1089909
38184.0,1548510,genus,0.00859771,Microbacter,ERR1089909
38184.0,1301,genus,0.00859771,Streptococcus,ERR1089909
38184.0,698776,genus,0.00859771,Cellulosilyticum,ERR1089909
38184.0,34037,genus,0.00859771,Rahnella,ERR1089909
38184.0,233191,genus,0.00859771,Caldilinea,ERR1089909
38184.0,445,genus,0.00859771,Legionella,ERR1089909
38184.0,270497,genus,0.00859771,Catabacter,ERR1089909
38184.0,267986,genus,0.00859771,Owenweeksia,ERR1089909
38184.0,32205,genus,0.00859771,Leptonema,ERR1089909
38184.0,904,genus,0.00859771,Acidaminococcus,ERR1089909
38184.0,1486726,genus,0.00859771,Pseudobacteroides,ERR1089909
38184.0,146813,genus,0.00429886,Dendrosporobacter,ERR1089909
38184.0,581,genus,0.00429886,Morganella,ERR1089909
38184.0,1827,genus,0.00429886,Rhodococcus,ERR1089909
38184.0,963,genus,0.00429886,Herbaspirillum,ERR1089909
38184.0,28065,genus,0.00429886,Rhodoferax,ERR1089909
38184.0,906,genus,0.00429886,Megasphaera,ERR1089909
38184.0,44260,genus,0.00429886,Moorella,ERR1089909
38184.0,332248,genus,0.00429886,Truepera,ERR1089909
38184.0,1843210,genus,0.00429886,Anaerocolumna,ERR1089909
38184.0,39948,genus,0.00429886,Dialister,ERR1089909
38184.0,586,genus,0.00429886,Providencia,ERR1089909
38184.0,914,genus,0.00429886,Nitrosomonas,ERR1089909
38184.0,998014,genus,0.00429886,Cocleimonas,ERR1089909
38184.0,346096,genus,0.00429886,Paludibacter,ERR1089909
38184.0,644652,genus,0.00429886,Gordonibacter,ERR1089909
38184.0,898,genus,0.00429886,Desulfomicrobium,ERR1089909
38184.0,2132,genus,0.00429886,Spiroplasma,ERR1089909
38184.0,102106,genus,0.00429886,Collinsella,ERR1089909
38184.0,278993,genus,0.00429886,Thermincola,ERR1089909
38184.0,670486,genus,0.00429886,Dehalogenimonas,ERR1089909
38184.0,1652133,genus,0.00429886,Halobacteriovorax,ERR1089909
38184.0,319458,genus,0.00429886,Leadbetterella,ERR1089909
38184.0,1647,genus,0.00429886,Erysipelothrix,ERR1089909
38184.0,2373,genus,0.00429886,Acetonema,ERR1089909
38184.0,32207,genus,0.00429886,Rothia,ERR1089909
38184.0,1253,genus,0.00429886,Pediococcus,ERR1089909
38184.0,1792239,genus,0.00429886,Caviibacter,ERR1089909
38184.0,626,genus,0.00429886,Xenorhabdus,ERR1089909
38184.0,55080,genus,0.00429886,Brevibacillus,ERR1089909
38184.0,48463,genus,0.00429886,Prosthecobacter,ERR1089909
38184.0,2735,genus,0.00429886,Verrucomicrobium,ERR1089909
38184.0,262406,genus,0.00429886,Thermobaculum,ERR1089909
38184.0,314318,genus,0.00429886,Prolixibacter,ERR1089909
38184.0,47420,genus,0.00429886,Hydrogenophaga,ERR1089909
38184.0,970,genus,0.00429886,Selenomonas,ERR1089909
38184.0,79206,genus,0.00429886,Desulfosporosinus,ERR1089909
38184.0,1778601,genus,0.00429886,Apibacter,ERR1089909
38184.0,133925,genus,0.00429886,Olsenella,ERR1089909
,-1,genus,29.2322,Unknown,ERR1089909
38185.0,838,genus,32.6607,Prevotella,ERR1089915
38185.0,216851,genus,8.88754,Faecalibacterium,ERR1089915
38185.0,830,genus,4.37153,Butyrivibrio,ERR1089915
38185.0,816,genus,4.15715,Bacteroides,ERR1089915
38185.0,459786,genus,4.05462,Oscillibacter,ERR1089915
38185.0,375288,genus,3.77499,Parabacteroides,ERR1089915
38185.0,1730,genus,3.11786,Eubacterium,ERR1089915
38185.0,1506553,genus,2.69842,Lachnoclostridium,ERR1089915
38185.0,1279388,genus,2.34422,Kandleria,ERR1089915
38185.0,1263,genus,2.32092,Ruminococcus,ERR1089915
38185.0,572511,genus,2.23237,Blautia,ERR1089915
38185.0,841,genus,1.27231,Roseburia,ERR1089915
38185.0,244127,genus,0.955399,Anaerotruncus,ERR1089915
38185.0,33042,genus,0.904134,Coprococcus,ERR1089915
38185.0,40323,genus,0.843548,Stenotrophomonas,ERR1089915
38185.0,469,genus,0.58256,Acinetobacter,ERR1089915
38185.0,1508657,genus,0.521974,Ruminiclostridium,ERR1089915
38185.0,1573535,genus,0.517314,Holdemanella,ERR1089915
38185.0,39948,genus,0.512653,Dialister,ERR1089915
38185.0,44748,genus,0.498672,Sporobacter,ERR1089915
38185.0,577309,genus,0.475369,Paraprevotella,ERR1089915
38185.0,239759,genus,0.456727,Alistipes,ERR1089915
38185.0,118747,genus,0.368178,Bulleidia,ERR1089915
38185.0,1291539,genus,0.340215,Candidatus Methanomethylophilus,ERR1089915
38185.0,1485,genus,0.316913,Clostridium,ERR1089915
38185.0,577310,genus,0.247006,Parasutterella,ERR1089915
38185.0,397864,genus,0.209722,Barnesiella,ERR1089915
38185.0,2740,genus,0.172438,Peptococcus,ERR1089915
38185.0,1505663,genus,0.144475,Erysipelatoclostridium,ERR1089915
38185.0,207599,genus,0.139815,Solirubrobacter,ERR1089915
38185.0,904,genus,0.0885492,Acidaminococcus,ERR1089915
38185.0,189330,genus,0.0885492,Dorea,ERR1089915
38185.0,1301,genus,0.0605863,Streptococcus,ERR1089915
38185.0,1386,genus,0.0512653,Bacillus,ERR1089915
38185.0,84108,genus,0.0466048,Slackia,ERR1089915
38185.0,146813,genus,0.0372839,Dendrosporobacter,ERR1089915
38185.0,1716,genus,0.0372839,Corynebacterium,ERR1089915
38185.0,1678,genus,0.0326234,Bifidobacterium,ERR1089915
38185.0,2147,genus,0.0279629,Acholeplasma,ERR1089915
38185.0,165779,genus,0.0233024,Anaerococcus,ERR1089915
38185.0,102106,genus,0.0233024,Collinsella,ERR1089915
38185.0,239934,genus,0.0233024,Akkermansia,ERR1089915
38185.0,286,genus,0.0186419,Pseudomonas,ERR1089915
38185.0,40544,genus,0.0186419,Sutterella,ERR1089915
38185.0,1505657,genus,0.0186419,Intestinibacter,ERR1089915
38185.0,1578,genus,0.0186419,Lactobacillus,ERR1089915
38185.0,156973,genus,0.0139815,Dysgonomonas,ERR1089915
38185.0,61170,genus,0.0139815,Holdemania,ERR1089915
38185.0,2299,genus,0.0139815,Desulfosarcina,ERR1089915
38185.0,133925,genus,0.0139815,Olsenella,ERR1089915
38185.0,150022,genus,0.0139815,Finegoldia,ERR1089915
38185.0,28453,genus,0.0139815,Sphingobacterium,ERR1089915
38185.0,233191,genus,0.0139815,Caldilinea,ERR1089915
38185.0,262406,genus,0.0139815,Thermobaculum,ERR1089915
38185.0,1471399,genus,0.00932097,Draconibacterium,ERR1089915
38185.0,1506577,genus,0.00932097,Tyzzerella,ERR1089915
38185.0,61434,genus,0.00932097,Dehalococcoides,ERR1089915
38185.0,898,genus,0.00932097,Desulfomicrobium,ERR1089915
38185.0,52225,genus,0.00932097,Mitsuokella,ERR1089915
38185.0,35823,genus,0.00932097,Arthrospira,ERR1089915
38185.0,1843210,genus,0.00932097,Anaerocolumna,ERR1089915
38185.0,187144,genus,0.00932097,Caldithrix,ERR1089915
38185.0,233189,genus,0.00932097,Anaerolinea,ERR1089915
38185.0,590,genus,0.00466048,Salmonella,ERR1089915
38185.0,872,genus,0.00466048,Desulfovibrio,ERR1089915
38185.0,1654,genus,0.00466048,Actinomyces,ERR1089915
38185.0,2086,genus,0.00466048,Anaeroplasma,ERR1089915
38185.0,338,genus,0.00466048,Xanthomonas,ERR1089915
38185.0,392735,genus,0.00466048,Uliginosibacterium,ERR1089915
38185.0,1279384,genus,0.00466048,Eggerthia,ERR1089915
38185.0,1357,genus,0.00466048,Lactococcus,ERR1089915
38185.0,795750,genus,0.00466048,Ignavibacterium,ERR1089915
38185.0,1269,genus,0.00466048,Micrococcus,ERR1089915
38185.0,420345,genus,0.00466048,Lactonifactor,ERR1089915
38185.0,1350,genus,0.00466048,Enterococcus,ERR1089915
38185.0,32207,genus,0.00466048,Rothia,ERR1089915
38185.0,1134403,genus,0.00466048,Melioribacter,ERR1089915
38185.0,990721,genus,0.00466048,Christensenella,ERR1089915
38185.0,162289,genus,0.00466048,Peptoniphilus,ERR1089915
38185.0,586,genus,0.00466048,Providencia,ERR1089915
38185.0,267986,genus,0.00466048,Owenweeksia,ERR1089915
38185.0,1017280,genus,0.00466048,Pseudoflavonifractor,ERR1089915
38185.0,283168,genus,0.00466048,Odoribacter,ERR1089915
38185.0,336260,genus,0.00466048,Thermovirga,ERR1089915
38185.0,31983,genus,0.00466048,Helcococcus,ERR1089915
38185.0,79328,genus,0.00466048,Chitinophaga,ERR1089915
38185.0,79206,genus,0.00466048,Desulfosporosinus,ERR1089915
,-1,genus,18.5254,Unknown,ERR1089915
38185.0,838,genus,32.6607,Prevotella,ERR1089915
38185.0,216851,genus,8.88754,Faecalibacterium,ERR1089915
38185.0,830,genus,4.37153,Butyrivibrio,ERR1089915
38185.0,816,genus,4.15715,Bacteroides,ERR1089915
38185.0,459786,genus,4.05462,Oscillibacter,ERR1089915
38185.0,375288,genus,3.77499,Parabacteroides,ERR1089915
38185.0,1730,genus,3.11786,Eubacterium,ERR1089915
38185.0,1506553,genus,2.69842,Lachnoclostridium,ERR1089915
38185.0,1279388,genus,2.34422,Kandleria,ERR1089915
38185.0,1263,genus,2.32092,Ruminococcus,ERR1089915
38185.0,572511,genus,2.23237,Blautia,ERR1089915
38185.0,841,genus,1.27231,Roseburia,ERR1089915
38185.0,244127,genus,0.955399,Anaerotruncus,ERR1089915
38185.0,33042,genus,0.904134,Coprococcus,ERR1089915
38185.0,40323,genus,0.843548,Stenotrophomonas,ERR1089915
38185.0,469,genus,0.58256,Acinetobacter,ERR1089915
38185.0,1508657,genus,0.521974,Ruminiclostridium,ERR1089915
38185.0,1573535,genus,0.517314,Holdemanella,ERR1089915
38185.0,39948,genus,0.512653,Dialister,ERR1089915
38185.0,44748,genus,0.498672,Sporobacter,ERR1089915
38185.0,577309,genus,0.475369,Paraprevotella,ERR1089915
38185.0,239759,genus,0.456727,Alistipes,ERR1089915
38185.0,118747,genus,0.368178,Bulleidia,ERR1089915
38185.0,1291539,genus,0.340215,Candidatus Methanomethylophilus,ERR1089915
38185.0,1485,genus,0.316913,Clostridium,ERR1089915
38185.0,577310,genus,0.247006,Parasutterella,ERR1089915
38185.0,397864,genus,0.209722,Barnesiella,ERR1089915
38185.0,2740,genus,0.172438,Peptococcus,ERR1089915
38185.0,1505663,genus,0.144475,Erysipelatoclostridium,ERR1089915
38185.0,207599,genus,0.139815,Solirubrobacter,ERR1089915
38185.0,904,genus,0.0885492,Acidaminococcus,ERR1089915
38185.0,189330,genus,0.0885492,Dorea,ERR1089915
38185.0,1301,genus,0.0605863,Streptococcus,ERR1089915
38185.0,1386,genus,0.0512653,Bacillus,ERR1089915
38185.0,84108,genus,0.0466048,Slackia,ERR1089915
38185.0,146813,genus,0.0372839,Dendrosporobacter,ERR1089915
38185.0,1716,genus,0.0372839,Corynebacterium,ERR1089915
38185.0,1678,genus,0.0326234,Bifidobacterium,ERR1089915
38185.0,2147,genus,0.0279629,Acholeplasma,ERR1089915
38185.0,102106,genus,0.0233024,Collinsella,ERR1089915
38185.0,239934,genus,0.0233024,Akkermansia,ERR1089915
38185.0,165779,genus,0.0233024,Anaerococcus,ERR1089915
38185.0,286,genus,0.0186419,Pseudomonas,ERR1089915
38185.0,40544,genus,0.0186419,Sutterella,ERR1089915
38185.0,1505657,genus,0.0186419,Intestinibacter,ERR1089915
38185.0,1578,genus,0.0186419,Lactobacillus,ERR1089915
38185.0,2299,genus,0.0139815,Desulfosarcina,ERR1089915
38185.0,133925,genus,0.0139815,Olsenella,ERR1089915
38185.0,150022,genus,0.0139815,Finegoldia,ERR1089915
38185.0,28453,genus,0.0139815,Sphingobacterium,ERR1089915
38185.0,233191,genus,0.0139815,Caldilinea,ERR1089915
38185.0,262406,genus,0.0139815,Thermobaculum,ERR1089915
38185.0,156973,genus,0.0139815,Dysgonomonas,ERR1089915
38185.0,61170,genus,0.0139815,Holdemania,ERR1089915
38185.0,1471399,genus,0.00932097,Draconibacterium,ERR1089915
38185.0,1506577,genus,0.00932097,Tyzzerella,ERR1089915
38185.0,61434,genus,0.00932097,Dehalococcoides,ERR1089915
38185.0,898,genus,0.00932097,Desulfomicrobium,ERR1089915
38185.0,52225,genus,0.00932097,Mitsuokella,ERR1089915
38185.0,35823,genus,0.00932097,Arthrospira,ERR1089915
38185.0,1843210,genus,0.00932097,Anaerocolumna,ERR1089915
38185.0,187144,genus,0.00932097,Caldithrix,ERR1089915
38185.0,233189,genus,0.00932097,Anaerolinea,ERR1089915
38185.0,338,genus,0.00466048,Xanthomonas,ERR1089915
38185.0,392735,genus,0.00466048,Uliginosibacterium,ERR1089915
38185.0,1279384,genus,0.00466048,Eggerthia,ERR1089915
38185.0,1357,genus,0.00466048,Lactococcus,ERR1089915
38185.0,795750,genus,0.00466048,Ignavibacterium,ERR1089915
38185.0,1269,genus,0.00466048,Micrococcus,ERR1089915
38185.0,420345,genus,0.00466048,Lactonifactor,ERR1089915
38185.0,1350,genus,0.00466048,Enterococcus,ERR1089915
38185.0,32207,genus,0.00466048,Rothia,ERR1089915
38185.0,1134403,genus,0.00466048,Melioribacter,ERR1089915
38185.0,990721,genus,0.00466048,Christensenella,ERR1089915
38185.0,162289,genus,0.00466048,Peptoniphilus,ERR1089915
38185.0,586,genus,0.00466048,Providencia,ERR1089915
38185.0,267986,genus,0.00466048,Owenweeksia,ERR1089915
38185.0,1017280,genus,0.00466048,Pseudoflavonifractor,ERR1089915
38185.0,283168,genus,0.00466048,Odoribacter,ERR1089915
38185.0,336260,genus,0.00466048,Thermovirga,ERR1089915
38185.0,31983,genus,0.00466048,Helcococcus,ERR1089915
38185.0,79328,genus,0.00466048,Chitinophaga,ERR1089915
38185.0,79206,genus,0.00466048,Desulfosporosinus,ERR1089915
38185.0,590,genus,0.00466048,Salmonella,ERR1089915
38185.0,872,genus,0.00466048,Desulfovibrio,ERR1089915
38185.0,1654,genus,0.00466048,Actinomyces,ERR1089915
38185.0,2086,genus,0.00466048,Anaeroplasma,ERR1089915
,-1,genus,18.5254,Unknown,ERR1089915
38185.0,838,genus,32.6607,Prevotella,ERR1089915
38185.0,216851,genus,8.88754,Faecalibacterium,ERR1089915
38185.0,830,genus,4.37153,Butyrivibrio,ERR1089915
38185.0,816,genus,4.15715,Bacteroides,ERR1089915
38185.0,459786,genus,4.05462,Oscillibacter,ERR1089915
38185.0,375288,genus,3.77499,Parabacteroides,ERR1089915
38185.0,1730,genus,3.11786,Eubacterium,ERR1089915
38185.0,1506553,genus,2.69842,Lachnoclostridium,ERR1089915
38185.0,1279388,genus,2.34422,Kandleria,ERR1089915
38185.0,1263,genus,2.32092,Ruminococcus,ERR1089915
38185.0,572511,genus,2.23237,Blautia,ERR1089915
38185.0,841,genus,1.27231,Roseburia,ERR1089915
38185.0,244127,genus,0.955399,Anaerotruncus,ERR1089915
38185.0,33042,genus,0.904134,Coprococcus,ERR1089915
38185.0,40323,genus,0.843548,Stenotrophomonas,ERR1089915
38185.0,469,genus,0.58256,Acinetobacter,ERR1089915
38185.0,1508657,genus,0.521974,Ruminiclostridium,ERR1089915
38185.0,1573535,genus,0.517314,Holdemanella,ERR1089915
38185.0,39948,genus,0.512653,Dialister,ERR1089915
38185.0,44748,genus,0.498672,Sporobacter,ERR1089915
38185.0,577309,genus,0.475369,Paraprevotella,ERR1089915
38185.0,239759,genus,0.456727,Alistipes,ERR1089915
38185.0,118747,genus,0.368178,Bulleidia,ERR1089915
38185.0,1291539,genus,0.340215,Candidatus Methanomethylophilus,ERR1089915
38185.0,1485,genus,0.316913,Clostridium,ERR1089915
38185.0,577310,genus,0.247006,Parasutterella,ERR1089915
38185.0,397864,genus,0.209722,Barnesiella,ERR1089915
38185.0,2740,genus,0.172438,Peptococcus,ERR1089915
38185.0,1505663,genus,0.144475,Erysipelatoclostridium,ERR1089915
38185.0,207599,genus,0.139815,Solirubrobacter,ERR1089915
38185.0,189330,genus,0.0885492,Dorea,ERR1089915
38185.0,904,genus,0.0885492,Acidaminococcus,ERR1089915
38185.0,1301,genus,0.0605863,Streptococcus,ERR1089915
38185.0,1386,genus,0.0512653,Bacillus,ERR1089915
38185.0,84108,genus,0.0466048,Slackia,ERR1089915
38185.0,1716,genus,0.0372839,Corynebacterium,ERR1089915
38185.0,146813,genus,0.0372839,Dendrosporobacter,ERR1089915
38185.0,1678,genus,0.0326234,Bifidobacterium,ERR1089915
38185.0,2147,genus,0.0279629,Acholeplasma,ERR1089915
38185.0,239934,genus,0.0233024,Akkermansia,ERR1089915
38185.0,165779,genus,0.0233024,Anaerococcus,ERR1089915
38185.0,102106,genus,0.0233024,Collinsella,ERR1089915
38185.0,1505657,genus,0.0186419,Intestinibacter,ERR1089915
38185.0,1578,genus,0.0186419,Lactobacillus,ERR1089915
38185.0,286,genus,0.0186419,Pseudomonas,ERR1089915
38185.0,40544,genus,0.0186419,Sutterella,ERR1089915
38185.0,150022,genus,0.0139815,Finegoldia,ERR1089915
38185.0,28453,genus,0.0139815,Sphingobacterium,ERR1089915
38185.0,233191,genus,0.0139815,Caldilinea,ERR1089915
38185.0,262406,genus,0.0139815,Thermobaculum,ERR1089915
38185.0,156973,genus,0.0139815,Dysgonomonas,ERR1089915
38185.0,61170,genus,0.0139815,Holdemania,ERR1089915
38185.0,133925,genus,0.0139815,Olsenella,ERR1089915
38185.0,2299,genus,0.0139815,Desulfosarcina,ERR1089915
38185.0,35823,genus,0.00932097,Arthrospira,ERR1089915
38185.0,1843210,genus,0.00932097,Anaerocolumna,ERR1089915
38185.0,187144,genus,0.00932097,Caldithrix,ERR1089915
38185.0,233189,genus,0.00932097,Anaerolinea,ERR1089915
38185.0,1471399,genus,0.00932097,Draconibacterium,ERR1089915
38185.0,1506577,genus,0.00932097,Tyzzerella,ERR1089915
38185.0,61434,genus,0.00932097,Dehalococcoides,ERR1089915
38185.0,898,genus,0.00932097,Desulfomicrobium,ERR1089915
38185.0,52225,genus,0.00932097,Mitsuokella,ERR1089915
38185.0,32207,genus,0.00466048,Rothia,ERR1089915
38185.0,990721,genus,0.00466048,Christensenella,ERR1089915
38185.0,162289,genus,0.00466048,Peptoniphilus,ERR1089915
38185.0,1134403,genus,0.00466048,Melioribacter,ERR1089915
38185.0,586,genus,0.00466048,Providencia,ERR1089915
38185.0,267986,genus,0.00466048,Owenweeksia,ERR1089915
38185.0,1017280,genus,0.00466048,Pseudoflavonifractor,ERR1089915
38185.0,283168,genus,0.00466048,Odoribacter,ERR1089915
38185.0,336260,genus,0.00466048,Thermovirga,ERR1089915
38185.0,31983,genus,0.00466048,Helcococcus,ERR1089915
38185.0,79328,genus,0.00466048,Chitinophaga,ERR1089915
38185.0,79206,genus,0.00466048,Desulfosporosinus,ERR1089915
38185.0,872,genus,0.00466048,Desulfovibrio,ERR1089915
38185.0,590,genus,0.00466048,Salmonella,ERR1089915
38185.0,2086,genus,0.00466048,Anaeroplasma,ERR1089915
38185.0,1654,genus,0.00466048,Actinomyces,ERR1089915
38185.0,338,genus,0.00466048,Xanthomonas,ERR1089915
38185.0,392735,genus,0.00466048,Uliginosibacterium,ERR1089915
38185.0,1279384,genus,0.00466048,Eggerthia,ERR1089915
38185.0,795750,genus,0.00466048,Ignavibacterium,ERR1089915
38185.0,1357,genus,0.00466048,Lactococcus,ERR1089915
38185.0,1350,genus,0.00466048,Enterococcus,ERR1089915
38185.0,1269,genus,0.00466048,Micrococcus,ERR1089915
38185.0,420345,genus,0.00466048,Lactonifactor,ERR1089915
,-1,genus,18.5254,Unknown,ERR1089915
38185.0,838,genus,32.6607,Prevotella,ERR1089915
38185.0,216851,genus,8.88754,Faecalibacterium,ERR1089915
38185.0,830,genus,4.37153,Butyrivibrio,ERR1089915
38185.0,816,genus,4.15715,Bacteroides,ERR1089915
38185.0,459786,genus,4.05462,Oscillibacter,ERR1089915
38185.0,375288,genus,3.77499,Parabacteroides,ERR1089915
38185.0,1730,genus,3.11786,Eubacterium,ERR1089915
38185.0,1506553,genus,2.69842,Lachnoclostridium,ERR1089915
38185.0,1279388,genus,2.34422,Kandleria,ERR1089915
38185.0,1263,genus,2.32092,Ruminococcus,ERR1089915
38185.0,572511,genus,2.23237,Blautia,ERR1089915
38185.0,841,genus,1.27231,Roseburia,ERR1089915
38185.0,244127,genus,0.955399,Anaerotruncus,ERR1089915
38185.0,33042,genus,0.904134,Coprococcus,ERR1089915
38185.0,40323,genus,0.843548,Stenotrophomonas,ERR1089915
38185.0,469,genus,0.58256,Acinetobacter,ERR1089915
38185.0,1508657,genus,0.521974,Ruminiclostridium,ERR1089915
38185.0,1573535,genus,0.517314,Holdemanella,ERR1089915
38185.0,39948,genus,0.512653,Dialister,ERR1089915
38185.0,44748,genus,0.498672,Sporobacter,ERR1089915
38185.0,577309,genus,0.475369,Paraprevotella,ERR1089915
38185.0,239759,genus,0.456727,Alistipes,ERR1089915
38185.0,118747,genus,0.368178,Bulleidia,ERR1089915
38185.0,1291539,genus,0.340215,Candidatus Methanomethylophilus,ERR1089915
38185.0,1485,genus,0.316913,Clostridium,ERR1089915
38185.0,577310,genus,0.247006,Parasutterella,ERR1089915
38185.0,397864,genus,0.209722,Barnesiella,ERR1089915
38185.0,2740,genus,0.172438,Peptococcus,ERR1089915
38185.0,1505663,genus,0.144475,Erysipelatoclostridium,ERR1089915
38185.0,207599,genus,0.139815,Solirubrobacter,ERR1089915
38185.0,904,genus,0.0885492,Acidaminococcus,ERR1089915
38185.0,189330,genus,0.0885492,Dorea,ERR1089915
38185.0,1301,genus,0.0605863,Streptococcus,ERR1089915
38185.0,1386,genus,0.0512653,Bacillus,ERR1089915
38185.0,84108,genus,0.0466048,Slackia,ERR1089915
38185.0,1716,genus,0.0372839,Corynebacterium,ERR1089915
38185.0,146813,genus,0.0372839,Dendrosporobacter,ERR1089915
38185.0,1678,genus,0.0326234,Bifidobacterium,ERR1089915
38185.0,2147,genus,0.0279629,Acholeplasma,ERR1089915
38185.0,239934,genus,0.0233024,Akkermansia,ERR1089915
38185.0,165779,genus,0.0233024,Anaerococcus,ERR1089915
38185.0,102106,genus,0.0233024,Collinsella,ERR1089915
38185.0,1505657,genus,0.0186419,Intestinibacter,ERR1089915
38185.0,1578,genus,0.0186419,Lactobacillus,ERR1089915
38185.0,286,genus,0.0186419,Pseudomonas,ERR1089915
38185.0,40544,genus,0.0186419,Sutterella,ERR1089915
38185.0,150022,genus,0.0139815,Finegoldia,ERR1089915
38185.0,28453,genus,0.0139815,Sphingobacterium,ERR1089915
38185.0,233191,genus,0.0139815,Caldilinea,ERR1089915
38185.0,262406,genus,0.0139815,Thermobaculum,ERR1089915
38185.0,156973,genus,0.0139815,Dysgonomonas,ERR1089915
38185.0,61170,genus,0.0139815,Holdemania,ERR1089915
38185.0,2299,genus,0.0139815,Desulfosarcina,ERR1089915
38185.0,133925,genus,0.0139815,Olsenella,ERR1089915
38185.0,898,genus,0.00932097,Desulfomicrobium,ERR1089915
38185.0,52225,genus,0.00932097,Mitsuokella,ERR1089915
38185.0,35823,genus,0.00932097,Arthrospira,ERR1089915
38185.0,1843210,genus,0.00932097,Anaerocolumna,ERR1089915
38185.0,187144,genus,0.00932097,Caldithrix,ERR1089915
38185.0,233189,genus,0.00932097,Anaerolinea,ERR1089915
38185.0,1471399,genus,0.00932097,Draconibacterium,ERR1089915
38185.0,1506577,genus,0.00932097,Tyzzerella,ERR1089915
38185.0,61434,genus,0.00932097,Dehalococcoides,ERR1089915
38185.0,1357,genus,0.00466048,Lactococcus,ERR1089915
38185.0,795750,genus,0.00466048,Ignavibacterium,ERR1089915
38185.0,1269,genus,0.00466048,Micrococcus,ERR1089915
38185.0,420345,genus,0.00466048,Lactonifactor,ERR1089915
38185.0,1350,genus,0.00466048,Enterococcus,ERR1089915
38185.0,32207,genus,0.00466048,Rothia,ERR1089915
38185.0,1134403,genus,0.00466048,Melioribacter,ERR1089915
38185.0,990721,genus,0.00466048,Christensenella,ERR1089915
38185.0,162289,genus,0.00466048,Peptoniphilus,ERR1089915
38185.0,586,genus,0.00466048,Providencia,ERR1089915
38185.0,267986,genus,0.00466048,Owenweeksia,ERR1089915
38185.0,1017280,genus,0.00466048,Pseudoflavonifractor,ERR1089915
38185.0,283168,genus,0.00466048,Odoribacter,ERR1089915
38185.0,336260,genus,0.00466048,Thermovirga,ERR1089915
38185.0,31983,genus,0.00466048,Helcococcus,ERR1089915
38185.0,79328,genus,0.00466048,Chitinophaga,ERR1089915
38185.0,79206,genus,0.00466048,Desulfosporosinus,ERR1089915
38185.0,590,genus,0.00466048,Salmonella,ERR1089915
38185.0,872,genus,0.00466048,Desulfovibrio,ERR1089915
38185.0,1654,genus,0.00466048,Actinomyces,ERR1089915
38185.0,2086,genus,0.00466048,Anaeroplasma,ERR1089915
38185.0,338,genus,0.00466048,Xanthomonas,ERR1089915
38185.0,392735,genus,0.00466048,Uliginosibacterium,ERR1089915
38185.0,1279384,genus,0.00466048,Eggerthia,ERR1089915
,-1,genus,18.5254,Unknown,ERR1089915
38185.0,838,genus,32.6607,Prevotella,ERR1089915
38185.0,216851,genus,8.88754,Faecalibacterium,ERR1089915
38185.0,830,genus,4.37153,Butyrivibrio,ERR1089915
38185.0,816,genus,4.15715,Bacteroides,ERR1089915
38185.0,459786,genus,4.05462,Oscillibacter,ERR1089915
38185.0,375288,genus,3.77499,Parabacteroides,ERR1089915
38185.0,1730,genus,3.11786,Eubacterium,ERR1089915
38185.0,1506553,genus,2.69842,Lachnoclostridium,ERR1089915
38185.0,1279388,genus,2.34422,Kandleria,ERR1089915
38185.0,1263,genus,2.32092,Ruminococcus,ERR1089915
38185.0,572511,genus,2.23237,Blautia,ERR1089915
38185.0,841,genus,1.27231,Roseburia,ERR1089915
38185.0,244127,genus,0.955399,Anaerotruncus,ERR1089915
38185.0,33042,genus,0.904134,Coprococcus,ERR1089915
38185.0,40323,genus,0.843548,Stenotrophomonas,ERR1089915
38185.0,469,genus,0.58256,Acinetobacter,ERR1089915
38185.0,1508657,genus,0.521974,Ruminiclostridium,ERR1089915
38185.0,1573535,genus,0.517314,Holdemanella,ERR1089915
38185.0,39948,genus,0.512653,Dialister,ERR1089915
38185.0,44748,genus,0.498672,Sporobacter,ERR1089915
38185.0,577309,genus,0.475369,Paraprevotella,ERR1089915
38185.0,239759,genus,0.456727,Alistipes,ERR1089915
38185.0,118747,genus,0.368178,Bulleidia,ERR1089915
38185.0,1291539,genus,0.340215,Candidatus Methanomethylophilus,ERR1089915
38185.0,1485,genus,0.316913,Clostridium,ERR1089915
38185.0,577310,genus,0.247006,Parasutterella,ERR1089915
38185.0,397864,genus,0.209722,Barnesiella,ERR1089915
38185.0,2740,genus,0.172438,Peptococcus,ERR1089915
38185.0,1505663,genus,0.144475,Erysipelatoclostridium,ERR1089915
38185.0,207599,genus,0.139815,Solirubrobacter,ERR1089915
38185.0,904,genus,0.0885492,Acidaminococcus,ERR1089915
38185.0,189330,genus,0.0885492,Dorea,ERR1089915
38185.0,1301,genus,0.0605863,Streptococcus,ERR1089915
38185.0,1386,genus,0.0512653,Bacillus,ERR1089915
38185.0,84108,genus,0.0466048,Slackia,ERR1089915
38185.0,1716,genus,0.0372839,Corynebacterium,ERR1089915
38185.0,146813,genus,0.0372839,Dendrosporobacter,ERR1089915
38185.0,1678,genus,0.0326234,Bifidobacterium,ERR1089915
38185.0,2147,genus,0.0279629,Acholeplasma,ERR1089915
38185.0,239934,genus,0.0233024,Akkermansia,ERR1089915
38185.0,165779,genus,0.0233024,Anaerococcus,ERR1089915
38185.0,102106,genus,0.0233024,Collinsella,ERR1089915
38185.0,1505657,genus,0.0186419,Intestinibacter,ERR1089915
38185.0,1578,genus,0.0186419,Lactobacillus,ERR1089915
38185.0,286,genus,0.0186419,Pseudomonas,ERR1089915
38185.0,40544,genus,0.0186419,Sutterella,ERR1089915
38185.0,150022,genus,0.0139815,Finegoldia,ERR1089915
38185.0,28453,genus,0.0139815,Sphingobacterium,ERR1089915
38185.0,233191,genus,0.0139815,Caldilinea,ERR1089915
38185.0,262406,genus,0.0139815,Thermobaculum,ERR1089915
38185.0,156973,genus,0.0139815,Dysgonomonas,ERR1089915
38185.0,61170,genus,0.0139815,Holdemania,ERR1089915
38185.0,2299,genus,0.0139815,Desulfosarcina,ERR1089915
38185.0,133925,genus,0.0139815,Olsenella,ERR1089915
38185.0,52225,genus,0.00932097,Mitsuokella,ERR1089915
38185.0,35823,genus,0.00932097,Arthrospira,ERR1089915
38185.0,1843210,genus,0.00932097,Anaerocolumna,ERR1089915
38185.0,187144,genus,0.00932097,Caldithrix,ERR1089915
38185.0,233189,genus,0.00932097,Anaerolinea,ERR1089915
38185.0,1471399,genus,0.00932097,Draconibacterium,ERR1089915
38185.0,1506577,genus,0.00932097,Tyzzerella,ERR1089915
38185.0,61434,genus,0.00932097,Dehalococcoides,ERR1089915
38185.0,898,genus,0.00932097,Desulfomicrobium,ERR1089915
38185.0,1269,genus,0.00466048,Micrococcus,ERR1089915
38185.0,420345,genus,0.00466048,Lactonifactor,ERR1089915
38185.0,1350,genus,0.00466048,Enterococcus,ERR1089915
38185.0,32207,genus,0.00466048,Rothia,ERR1089915
38185.0,1134403,genus,0.00466048,Melioribacter,ERR1089915
38185.0,990721,genus,0.00466048,Christensenella,ERR1089915
38185.0,162289,genus,0.00466048,Peptoniphilus,ERR1089915
38185.0,586,genus,0.00466048,Providencia,ERR1089915
38185.0,267986,genus,0.00466048,Owenweeksia,ERR1089915
38185.0,1017280,genus,0.00466048,Pseudoflavonifractor,ERR1089915
38185.0,283168,genus,0.00466048,Odoribacter,ERR1089915
38185.0,336260,genus,0.00466048,Thermovirga,ERR1089915
38185.0,31983,genus,0.00466048,Helcococcus,ERR1089915
38185.0,79328,genus,0.00466048,Chitinophaga,ERR1089915
38185.0,79206,genus,0.00466048,Desulfosporosinus,ERR1089915
38185.0,590,genus,0.00466048,Salmonella,ERR1089915
38185.0,872,genus,0.00466048,Desulfovibrio,ERR1089915
38185.0,1654,genus,0.00466048,Actinomyces,ERR1089915
38185.0,2086,genus,0.00466048,Anaeroplasma,ERR1089915
38185.0,338,genus,0.00466048,Xanthomonas,ERR1089915
38185.0,392735,genus,0.00466048,Uliginosibacterium,ERR1089915
38185.0,1279384,genus,0.00466048,Eggerthia,ERR1089915
38185.0,1357,genus,0.00466048,Lactococcus,ERR1089915
38185.0,795750,genus,0.00466048,Ignavibacterium,ERR1089915
,-1,genus,18.5254,Unknown,ERR1089915
38186.0,216851,genus,17.8555,Faecalibacterium,ERR1089928
38186.0,572511,genus,11.9769,Blautia,ERR1089928
38186.0,1505663,genus,8.42817,Erysipelatoclostridium,ERR1089928
38186.0,841,genus,3.80858,Roseburia,ERR1089928
38186.0,816,genus,2.55847,Bacteroides,ERR1089928
38186.0,1506553,genus,2.02527,Lachnoclostridium,ERR1089928
38186.0,1263,genus,1.32628,Ruminococcus,ERR1089928
38186.0,1730,genus,0.990232,Eubacterium,ERR1089928
38186.0,1506577,genus,0.533202,Tyzzerella,ERR1089928
38186.0,1508657,genus,0.376378,Ruminiclostridium,ERR1089928
38186.0,61170,genus,0.32709,Holdemania,ERR1089928
38186.0,375288,genus,0.309167,Parabacteroides,ERR1089928
38186.0,459786,genus,0.277803,Oscillibacter,ERR1089928
38186.0,84111,genus,0.241957,Eggerthella,ERR1089928
38186.0,150022,genus,0.232996,Finegoldia,ERR1089928
38186.0,239759,genus,0.215073,Alistipes,ERR1089928
38186.0,1301,genus,0.210592,Streptococcus,ERR1089928
38186.0,189330,genus,0.19267,Dorea,ERR1089928
38186.0,165779,genus,0.143382,Anaerococcus,ERR1089928
38186.0,1386,genus,0.120979,Bacillus,ERR1089928
38186.0,1716,genus,0.107537,Corynebacterium,ERR1089928
38186.0,1279,genus,0.0851331,Staphylococcus,ERR1089928
38186.0,1485,genus,0.0851331,Clostridium,ERR1089928
38186.0,61434,genus,0.0806524,Dehalococcoides,ERR1089928
38186.0,162289,genus,0.0761717,Peptoniphilus,ERR1089928
38186.0,1578,genus,0.071691,Lactobacillus,ERR1089928
38186.0,286,genus,0.0537683,Pseudomonas,ERR1089928
38186.0,33042,genus,0.0492876,Coprococcus,ERR1089928
38186.0,838,genus,0.0492876,Prevotella,ERR1089928
38186.0,44748,genus,0.0492876,Sporobacter,ERR1089928
38186.0,469,genus,0.0403262,Acinetobacter,ERR1089928
38186.0,207244,genus,0.0358455,Anaerostipes,ERR1089928
38186.0,1678,genus,0.0358455,Bifidobacterium,ERR1089928
38186.0,182709,genus,0.0313648,Oceanobacillus,ERR1089928
38186.0,581,genus,0.0313648,Morganella,ERR1089928
38186.0,244127,genus,0.0313648,Anaerotruncus,ERR1089928
38186.0,233189,genus,0.0313648,Anaerolinea,ERR1089928
38186.0,100883,genus,0.0268841,Coprobacillus,ERR1089928
38186.0,1573534,genus,0.0179228,Faecalitalea,ERR1089928
38186.0,836,genus,0.0179228,Porphyromonas,ERR1089928
38186.0,233191,genus,0.0134421,Caldilinea,ERR1089928
38186.0,262406,genus,0.0134421,Thermobaculum,ERR1089928
38186.0,239934,genus,0.0134421,Akkermansia,ERR1089928
38186.0,102106,genus,0.0134421,Collinsella,ERR1089928
38186.0,32207,genus,0.0134421,Rothia,ERR1089928
38186.0,66831,genus,0.0134421,Facklamia,ERR1089928
38186.0,29465,genus,0.0134421,Veillonella,ERR1089928
38186.0,32636,genus,0.00896138,Halothermothrix,ERR1089928
38186.0,41273,genus,0.00896138,Tissierella,ERR1089928
38186.0,830,genus,0.00896138,Butyrivibrio,ERR1089928
38186.0,583,genus,0.00896138,Proteus,ERR1089928
38186.0,898,genus,0.00896138,Desulfomicrobium,ERR1089928
38186.0,1505657,genus,0.00896138,Intestinibacter,ERR1089928
38186.0,79328,genus,0.00896138,Chitinophaga,ERR1089928
38186.0,1843210,genus,0.00896138,Anaerocolumna,ERR1089928
38186.0,2132,genus,0.00896138,Spiroplasma,ERR1089928
38186.0,1827,genus,0.00896138,Rhodococcus,ERR1089928
38186.0,795750,genus,0.00896138,Ignavibacterium,ERR1089928
38186.0,642,genus,0.00448069,Aeromonas,ERR1089928
38186.0,76831,genus,0.00448069,Myroides,ERR1089928
38186.0,1380,genus,0.00448069,Atopobium,ERR1089928
38186.0,397864,genus,0.00448069,Barnesiella,ERR1089928
38186.0,1134403,genus,0.00448069,Melioribacter,ERR1089928
38186.0,653683,genus,0.00448069,Anaerosporobacter,ERR1089928
38186.0,184869,genus,0.00448069,Varibaculum,ERR1089928
38186.0,1350,genus,0.00448069,Enterococcus,ERR1089928
38186.0,866673,genus,0.00448069,Marinifilum,ERR1089928
38186.0,222,genus,0.00448069,Achromobacter,ERR1089928
38186.0,1637257,genus,0.00448069,Mageeibacillus,ERR1089928
38186.0,904,genus,0.00448069,Acidaminococcus,ERR1089928
38186.0,1017280,genus,0.00448069,Pseudoflavonifractor,ERR1089928
38186.0,295418,genus,0.00448069,Rubellimicrobium,ERR1089928
38186.0,118747,genus,0.00448069,Bulleidia,ERR1089928
38186.0,13075,genus,0.00448069,Globicatella,ERR1089928
38186.0,172900,genus,0.00448069,Victivallis,ERR1089928
38186.0,420345,genus,0.00448069,Lactonifactor,ERR1089928
38186.0,117563,genus,0.00448069,Granulicatella,ERR1089928
38186.0,644652,genus,0.00448069,Gordonibacter,ERR1089928
38186.0,1647,genus,0.00448069,Erysipelothrix,ERR1089928
38186.0,46255,genus,0.00448069,Weissella,ERR1089928
38186.0,57493,genus,0.00448069,Kocuria,ERR1089928
38186.0,442430,genus,0.00448069,Coraliomargarita,ERR1089928
38186.0,1378,genus,0.00448069,Gemella,ERR1089928
38186.0,400634,genus,0.00448069,Lysinibacillus,ERR1089928
38186.0,990721,genus,0.00448069,Christensenella,ERR1089928
38186.0,626,genus,0.00448069,Xenorhabdus,ERR1089928
38186.0,294702,genus,0.00448069,Proteiniphilum,ERR1089928
38186.0,586,genus,0.00448069,Providencia,ERR1089928
38186.0,39948,genus,0.00448069,Dialister,ERR1089928
38186.0,1663,genus,0.00448069,Arthrobacter,ERR1089928
,-1,genus,46.2452,Unknown,ERR1089928
38186.0,216851,genus,17.8555,Faecalibacterium,ERR1089928
38186.0,572511,genus,11.9769,Blautia,ERR1089928
38186.0,1505663,genus,8.42817,Erysipelatoclostridium,ERR1089928
38186.0,841,genus,3.80858,Roseburia,ERR1089928
38186.0,816,genus,2.55847,Bacteroides,ERR1089928
38186.0,1506553,genus,2.02527,Lachnoclostridium,ERR1089928
38186.0,1263,genus,1.32628,Ruminococcus,ERR1089928
38186.0,1730,genus,0.990232,Eubacterium,ERR1089928
38186.0,1506577,genus,0.533202,Tyzzerella,ERR1089928
38186.0,1508657,genus,0.376378,Ruminiclostridium,ERR1089928
38186.0,61170,genus,0.32709,Holdemania,ERR1089928
38186.0,375288,genus,0.309167,Parabacteroides,ERR1089928
38186.0,459786,genus,0.277803,Oscillibacter,ERR1089928
38186.0,84111,genus,0.241957,Eggerthella,ERR1089928
38186.0,150022,genus,0.232996,Finegoldia,ERR1089928
38186.0,239759,genus,0.215073,Alistipes,ERR1089928
38186.0,1301,genus,0.210592,Streptococcus,ERR1089928
38186.0,189330,genus,0.19267,Dorea,ERR1089928
38186.0,165779,genus,0.143382,Anaerococcus,ERR1089928
38186.0,1386,genus,0.120979,Bacillus,ERR1089928
38186.0,1716,genus,0.107537,Corynebacterium,ERR1089928
38186.0,1485,genus,0.0851331,Clostridium,ERR1089928
38186.0,1279,genus,0.0851331,Staphylococcus,ERR1089928
38186.0,61434,genus,0.0806524,Dehalococcoides,ERR1089928
38186.0,162289,genus,0.0761717,Peptoniphilus,ERR1089928
38186.0,1578,genus,0.071691,Lactobacillus,ERR1089928
38186.0,286,genus,0.0537683,Pseudomonas,ERR1089928
38186.0,838,genus,0.0492876,Prevotella,ERR1089928
38186.0,44748,genus,0.0492876,Sporobacter,ERR1089928
38186.0,33042,genus,0.0492876,Coprococcus,ERR1089928
38186.0,469,genus,0.0403262,Acinetobacter,ERR1089928
38186.0,1678,genus,0.0358455,Bifidobacterium,ERR1089928
38186.0,207244,genus,0.0358455,Anaerostipes,ERR1089928
38186.0,244127,genus,0.0313648,Anaerotruncus,ERR1089928
38186.0,233189,genus,0.0313648,Anaerolinea,ERR1089928
38186.0,182709,genus,0.0313648,Oceanobacillus,ERR1089928
38186.0,581,genus,0.0313648,Morganella,ERR1089928
38186.0,100883,genus,0.0268841,Coprobacillus,ERR1089928
38186.0,1573534,genus,0.0179228,Faecalitalea,ERR1089928
38186.0,836,genus,0.0179228,Porphyromonas,ERR1089928
38186.0,66831,genus,0.0134421,Facklamia,ERR1089928
38186.0,29465,genus,0.0134421,Veillonella,ERR1089928
38186.0,262406,genus,0.0134421,Thermobaculum,ERR1089928
38186.0,233191,genus,0.0134421,Caldilinea,ERR1089928
38186.0,239934,genus,0.0134421,Akkermansia,ERR1089928
38186.0,32207,genus,0.0134421,Rothia,ERR1089928
38186.0,102106,genus,0.0134421,Collinsella,ERR1089928
38186.0,79328,genus,0.00896138,Chitinophaga,ERR1089928
38186.0,1843210,genus,0.00896138,Anaerocolumna,ERR1089928
38186.0,2132,genus,0.00896138,Spiroplasma,ERR1089928
38186.0,1827,genus,0.00896138,Rhodococcus,ERR1089928
38186.0,795750,genus,0.00896138,Ignavibacterium,ERR1089928
38186.0,32636,genus,0.00896138,Halothermothrix,ERR1089928
38186.0,41273,genus,0.00896138,Tissierella,ERR1089928
38186.0,830,genus,0.00896138,Butyrivibrio,ERR1089928
38186.0,583,genus,0.00896138,Proteus,ERR1089928
38186.0,898,genus,0.00896138,Desulfomicrobium,ERR1089928
38186.0,1505657,genus,0.00896138,Intestinibacter,ERR1089928
38186.0,118747,genus,0.00448069,Bulleidia,ERR1089928
38186.0,1017280,genus,0.00448069,Pseudoflavonifractor,ERR1089928
38186.0,295418,genus,0.00448069,Rubellimicrobium,ERR1089928
38186.0,13075,genus,0.00448069,Globicatella,ERR1089928
38186.0,420345,genus,0.00448069,Lactonifactor,ERR1089928
38186.0,172900,genus,0.00448069,Victivallis,ERR1089928
38186.0,117563,genus,0.00448069,Granulicatella,ERR1089928
38186.0,1647,genus,0.00448069,Erysipelothrix,ERR1089928
38186.0,644652,genus,0.00448069,Gordonibacter,ERR1089928
38186.0,57493,genus,0.00448069,Kocuria,ERR1089928
38186.0,442430,genus,0.00448069,Coraliomargarita,ERR1089928
38186.0,1378,genus,0.00448069,Gemella,ERR1089928
38186.0,46255,genus,0.00448069,Weissella,ERR1089928
38186.0,990721,genus,0.00448069,Christensenella,ERR1089928
38186.0,626,genus,0.00448069,Xenorhabdus,ERR1089928
38186.0,400634,genus,0.00448069,Lysinibacillus,ERR1089928
38186.0,586,genus,0.00448069,Providencia,ERR1089928
38186.0,294702,genus,0.00448069,Proteiniphilum,ERR1089928
38186.0,1663,genus,0.00448069,Arthrobacter,ERR1089928
38186.0,39948,genus,0.00448069,Dialister,ERR1089928
38186.0,642,genus,0.00448069,Aeromonas,ERR1089928
38186.0,76831,genus,0.00448069,Myroides,ERR1089928
38186.0,1380,genus,0.00448069,Atopobium,ERR1089928
38186.0,397864,genus,0.00448069,Barnesiella,ERR1089928
38186.0,1134403,genus,0.00448069,Melioribacter,ERR1089928
38186.0,653683,genus,0.00448069,Anaerosporobacter,ERR1089928
38186.0,866673,genus,0.00448069,Marinifilum,ERR1089928
38186.0,222,genus,0.00448069,Achromobacter,ERR1089928
38186.0,184869,genus,0.00448069,Varibaculum,ERR1089928
38186.0,1350,genus,0.00448069,Enterococcus,ERR1089928
38186.0,1637257,genus,0.00448069,Mageeibacillus,ERR1089928
38186.0,904,genus,0.00448069,Acidaminococcus,ERR1089928
,-1,genus,46.2452,Unknown,ERR1089928
38187.0,816,genus,38.2904,Bacteroides,ERR1089942
38187.0,216851,genus,11.5297,Faecalibacterium,ERR1089942
38187.0,1730,genus,7.10142,Eubacterium,ERR1089942
38187.0,1506553,genus,4.89094,Lachnoclostridium,ERR1089942
38187.0,904,genus,4.39157,Acidaminococcus,ERR1089942
38187.0,1678,genus,3.36344,Bifidobacterium,ERR1089942
38187.0,239759,genus,3.07704,Alistipes,ERR1089942
38187.0,1263,genus,2.56297,Ruminococcus,ERR1089942
38187.0,577310,genus,1.79188,Parasutterella,ERR1089942
38187.0,572511,genus,1.62297,Blautia,ERR1089942
38187.0,375288,genus,1.5275,Parabacteroides,ERR1089942
38187.0,841,genus,1.13828,Roseburia,ERR1089942
38187.0,1508657,genus,0.550782,Ruminiclostridium,ERR1089942
38187.0,33042,genus,0.521407,Coprococcus,ERR1089942
38187.0,1386,genus,0.514063,Bacillus,ERR1089942
38187.0,35832,genus,0.455313,Bilophila,ERR1089942
38187.0,239934,genus,0.411251,Akkermansia,ERR1089942
38187.0,459786,genus,0.315782,Oscillibacter,ERR1089942
38187.0,44748,genus,0.249688,Sporobacter,ERR1089942
38187.0,244127,genus,0.220313,Anaerotruncus,ERR1089942
38187.0,283168,genus,0.212969,Odoribacter,ERR1089942
38187.0,838,genus,0.198282,Prevotella,ERR1089942
38187.0,84111,genus,0.110156,Eggerthella,ERR1089942
38187.0,189330,genus,0.0954689,Dorea,ERR1089942
38187.0,52784,genus,0.0954689,Anaerofilum,ERR1089942
38187.0,194,genus,0.0807814,Campylobacter,ERR1089942
38187.0,146813,genus,0.0734376,Dendrosporobacter,ERR1089942
38187.0,1505663,genus,0.0660939,Erysipelatoclostridium,ERR1089942
38187.0,207244,genus,0.0660939,Anaerostipes,ERR1089942
38187.0,1485,genus,0.0587501,Clostridium,ERR1089942
38187.0,872,genus,0.0587501,Desulfovibrio,ERR1089942
38187.0,1301,genus,0.0514063,Streptococcus,ERR1089942
38187.0,644652,genus,0.0514063,Gordonibacter,ERR1089942
38187.0,1350,genus,0.0440626,Enterococcus,ERR1089942
38187.0,100883,genus,0.0367188,Coprobacillus,ERR1089942
38187.0,233189,genus,0.029375,Anaerolinea,ERR1089942
38187.0,1578,genus,0.029375,Lactobacillus,ERR1089942
38187.0,61170,genus,0.0220313,Holdemania,ERR1089942
38187.0,1548510,genus,0.0220313,Microbacter,ERR1089942
38187.0,397864,genus,0.0220313,Barnesiella,ERR1089942
38187.0,1279,genus,0.0146875,Staphylococcus,ERR1089942
38187.0,346096,genus,0.0146875,Paludibacter,ERR1089942
38187.0,830,genus,0.0146875,Butyrivibrio,ERR1089942
38187.0,906,genus,0.0146875,Megasphaera,ERR1089942
38187.0,42255,genus,0.0146875,Rubrobacter,ERR1089942
38187.0,1506577,genus,0.0146875,Tyzzerella,ERR1089942
38187.0,79328,genus,0.0146875,Chitinophaga,ERR1089942
38187.0,670486,genus,0.0146875,Dehalogenimonas,ERR1089942
38187.0,28453,genus,0.0146875,Sphingobacterium,ERR1089942
38187.0,39948,genus,0.0146875,Dialister,ERR1089942
38187.0,836,genus,0.00734376,Porphyromonas,ERR1089942
38187.0,1645,genus,0.00734376,Renibacterium,ERR1089942
38187.0,165779,genus,0.00734376,Anaerococcus,ERR1089942
38187.0,1505657,genus,0.00734376,Intestinibacter,ERR1089942
38187.0,2086,genus,0.00734376,Anaeroplasma,ERR1089942
38187.0,29465,genus,0.00734376,Veillonella,ERR1089942
38187.0,577309,genus,0.00734376,Paraprevotella,ERR1089942
38187.0,102106,genus,0.00734376,Collinsella,ERR1089942
38187.0,312278,genus,0.00734376,Emticicia,ERR1089942
38187.0,445,genus,0.00734376,Legionella,ERR1089942
38187.0,1649482,genus,0.00734376,Pseudopedobacter,ERR1089942
38187.0,233191,genus,0.00734376,Caldilinea,ERR1089942
38187.0,200677,genus,0.00734376,Meniscus,ERR1089942
38187.0,929509,genus,0.00734376,Solitalea,ERR1089942
38187.0,990721,genus,0.00734376,Christensenella,ERR1089942
38187.0,265980,genus,0.00734376,Alkalimonas,ERR1089942
38187.0,140458,genus,0.00734376,Thermacetogenium,ERR1089942
38187.0,86331,genus,0.00734376,Mogibacterium,ERR1089942
38187.0,187144,genus,0.00734376,Caldithrix,ERR1089942
38187.0,590,genus,0.00734376,Salmonella,ERR1089942
38187.0,1433993,genus,0.00734376,Chryseolinea,ERR1089942
38187.0,1164882,genus,0.00734376,Lachnoanaerobaculum,ERR1089942
38187.0,1716,genus,0.00734376,Corynebacterium,ERR1089942
38187.0,76831,genus,0.00734376,Myroides,ERR1089942
38187.0,156454,genus,0.00734376,Anaeroglobus,ERR1089942
38187.0,140625,genus,0.00734376,Lachnobacterium,ERR1089942
38187.0,61434,genus,0.00734376,Dehalococcoides,ERR1089942
,-1,genus,12.4624,Unknown,ERR1089942
38187.0,816,genus,38.2904,Bacteroides,ERR1089942
38187.0,216851,genus,11.5297,Faecalibacterium,ERR1089942
38187.0,1730,genus,7.10142,Eubacterium,ERR1089942
38187.0,1506553,genus,4.89094,Lachnoclostridium,ERR1089942
38187.0,904,genus,4.39157,Acidaminococcus,ERR1089942
38187.0,1678,genus,3.36344,Bifidobacterium,ERR1089942
38187.0,239759,genus,3.07704,Alistipes,ERR1089942
38187.0,1263,genus,2.56297,Ruminococcus,ERR1089942
38187.0,577310,genus,1.79188,Parasutterella,ERR1089942
38187.0,572511,genus,1.62297,Blautia,ERR1089942
38187.0,375288,genus,1.5275,Parabacteroides,ERR1089942
38187.0,841,genus,1.13828,Roseburia,ERR1089942
38187.0,1508657,genus,0.550782,Ruminiclostridium,ERR1089942
38187.0,33042,genus,0.521407,Coprococcus,ERR1089942
38187.0,1386,genus,0.514063,Bacillus,ERR1089942
38187.0,35832,genus,0.455313,Bilophila,ERR1089942
38187.0,239934,genus,0.411251,Akkermansia,ERR1089942
38187.0,459786,genus,0.315782,Oscillibacter,ERR1089942
38187.0,44748,genus,0.249688,Sporobacter,ERR1089942
38187.0,244127,genus,0.220313,Anaerotruncus,ERR1089942
38187.0,283168,genus,0.212969,Odoribacter,ERR1089942
38187.0,838,genus,0.198282,Prevotella,ERR1089942
38187.0,84111,genus,0.110156,Eggerthella,ERR1089942
38187.0,189330,genus,0.0954689,Dorea,ERR1089942
38187.0,52784,genus,0.0954689,Anaerofilum,ERR1089942
38187.0,194,genus,0.0807814,Campylobacter,ERR1089942
38187.0,146813,genus,0.0734376,Dendrosporobacter,ERR1089942
38187.0,1505663,genus,0.0660939,Erysipelatoclostridium,ERR1089942
38187.0,207244,genus,0.0660939,Anaerostipes,ERR1089942
38187.0,1485,genus,0.0587501,Clostridium,ERR1089942
38187.0,872,genus,0.0587501,Desulfovibrio,ERR1089942
38187.0,1301,genus,0.0514063,Streptococcus,ERR1089942
38187.0,644652,genus,0.0514063,Gordonibacter,ERR1089942
38187.0,1350,genus,0.0440626,Enterococcus,ERR1089942
38187.0,100883,genus,0.0367188,Coprobacillus,ERR1089942
38187.0,233189,genus,0.029375,Anaerolinea,ERR1089942
38187.0,1578,genus,0.029375,Lactobacillus,ERR1089942
38187.0,61170,genus,0.0220313,Holdemania,ERR1089942
38187.0,1548510,genus,0.0220313,Microbacter,ERR1089942
38187.0,397864,genus,0.0220313,Barnesiella,ERR1089942
38187.0,1279,genus,0.0146875,Staphylococcus,ERR1089942
38187.0,346096,genus,0.0146875,Paludibacter,ERR1089942
38187.0,830,genus,0.0146875,Butyrivibrio,ERR1089942
38187.0,906,genus,0.0146875,Megasphaera,ERR1089942
38187.0,42255,genus,0.0146875,Rubrobacter,ERR1089942
38187.0,1506577,genus,0.0146875,Tyzzerella,ERR1089942
38187.0,79328,genus,0.0146875,Chitinophaga,ERR1089942
38187.0,670486,genus,0.0146875,Dehalogenimonas,ERR1089942
38187.0,28453,genus,0.0146875,Sphingobacterium,ERR1089942
38187.0,39948,genus,0.0146875,Dialister,ERR1089942
38187.0,1505657,genus,0.00734376,Intestinibacter,ERR1089942
38187.0,2086,genus,0.00734376,Anaeroplasma,ERR1089942
38187.0,29465,genus,0.00734376,Veillonella,ERR1089942
38187.0,577309,genus,0.00734376,Paraprevotella,ERR1089942
38187.0,102106,genus,0.00734376,Collinsella,ERR1089942
38187.0,312278,genus,0.00734376,Emticicia,ERR1089942
38187.0,445,genus,0.00734376,Legionella,ERR1089942
38187.0,1649482,genus,0.00734376,Pseudopedobacter,ERR1089942
38187.0,233191,genus,0.00734376,Caldilinea,ERR1089942
38187.0,200677,genus,0.00734376,Meniscus,ERR1089942
38187.0,929509,genus,0.00734376,Solitalea,ERR1089942
38187.0,990721,genus,0.00734376,Christensenella,ERR1089942
38187.0,265980,genus,0.00734376,Alkalimonas,ERR1089942
38187.0,140458,genus,0.00734376,Thermacetogenium,ERR1089942
38187.0,86331,genus,0.00734376,Mogibacterium,ERR1089942
38187.0,187144,genus,0.00734376,Caldithrix,ERR1089942
38187.0,590,genus,0.00734376,Salmonella,ERR1089942
38187.0,1433993,genus,0.00734376,Chryseolinea,ERR1089942
38187.0,1164882,genus,0.00734376,Lachnoanaerobaculum,ERR1089942
38187.0,1716,genus,0.00734376,Corynebacterium,ERR1089942
38187.0,76831,genus,0.00734376,Myroides,ERR1089942
38187.0,156454,genus,0.00734376,Anaeroglobus,ERR1089942
38187.0,140625,genus,0.00734376,Lachnobacterium,ERR1089942
38187.0,61434,genus,0.00734376,Dehalococcoides,ERR1089942
38187.0,836,genus,0.00734376,Porphyromonas,ERR1089942
38187.0,1645,genus,0.00734376,Renibacterium,ERR1089942
38187.0,165779,genus,0.00734376,Anaerococcus,ERR1089942
,-1,genus,12.4624,Unknown,ERR1089942
38187.0,816,genus,38.2904,Bacteroides,ERR1089942
38187.0,216851,genus,11.5297,Faecalibacterium,ERR1089942
38187.0,1730,genus,7.10142,Eubacterium,ERR1089942
38187.0,1506553,genus,4.89094,Lachnoclostridium,ERR1089942
38187.0,904,genus,4.39157,Acidaminococcus,ERR1089942
38187.0,1678,genus,3.36344,Bifidobacterium,ERR1089942
38187.0,239759,genus,3.07704,Alistipes,ERR1089942
38187.0,1263,genus,2.56297,Ruminococcus,ERR1089942
38187.0,577310,genus,1.79188,Parasutterella,ERR1089942
38187.0,572511,genus,1.62297,Blautia,ERR1089942
38187.0,375288,genus,1.5275,Parabacteroides,ERR1089942
38187.0,841,genus,1.13828,Roseburia,ERR1089942
38187.0,1508657,genus,0.550782,Ruminiclostridium,ERR1089942
38187.0,33042,genus,0.521407,Coprococcus,ERR1089942
38187.0,1386,genus,0.514063,Bacillus,ERR1089942
38187.0,35832,genus,0.455313,Bilophila,ERR1089942
38187.0,239934,genus,0.411251,Akkermansia,ERR1089942
38187.0,459786,genus,0.315782,Oscillibacter,ERR1089942
38187.0,44748,genus,0.249688,Sporobacter,ERR1089942
38187.0,244127,genus,0.220313,Anaerotruncus,ERR1089942
38187.0,283168,genus,0.212969,Odoribacter,ERR1089942
38187.0,838,genus,0.198282,Prevotella,ERR1089942
38187.0,84111,genus,0.110156,Eggerthella,ERR1089942
38187.0,189330,genus,0.0954689,Dorea,ERR1089942
38187.0,52784,genus,0.0954689,Anaerofilum,ERR1089942
38187.0,194,genus,0.0807814,Campylobacter,ERR1089942
38187.0,146813,genus,0.0734376,Dendrosporobacter,ERR1089942
38187.0,1505663,genus,0.0660939,Erysipelatoclostridium,ERR1089942
38187.0,207244,genus,0.0660939,Anaerostipes,ERR1089942
38187.0,872,genus,0.0587501,Desulfovibrio,ERR1089942
38187.0,1485,genus,0.0587501,Clostridium,ERR1089942
38187.0,1301,genus,0.0514063,Streptococcus,ERR1089942
38187.0,644652,genus,0.0514063,Gordonibacter,ERR1089942
38187.0,1350,genus,0.0440626,Enterococcus,ERR1089942
38187.0,100883,genus,0.0367188,Coprobacillus,ERR1089942
38187.0,233189,genus,0.029375,Anaerolinea,ERR1089942
38187.0,1578,genus,0.029375,Lactobacillus,ERR1089942
38187.0,61170,genus,0.0220313,Holdemania,ERR1089942
38187.0,1548510,genus,0.0220313,Microbacter,ERR1089942
38187.0,397864,genus,0.0220313,Barnesiella,ERR1089942
38187.0,39948,genus,0.0146875,Dialister,ERR1089942
38187.0,1279,genus,0.0146875,Staphylococcus,ERR1089942
38187.0,346096,genus,0.0146875,Paludibacter,ERR1089942
38187.0,830,genus,0.0146875,Butyrivibrio,ERR1089942
38187.0,906,genus,0.0146875,Megasphaera,ERR1089942
38187.0,42255,genus,0.0146875,Rubrobacter,ERR1089942
38187.0,1506577,genus,0.0146875,Tyzzerella,ERR1089942
38187.0,79328,genus,0.0146875,Chitinophaga,ERR1089942
38187.0,670486,genus,0.0146875,Dehalogenimonas,ERR1089942
38187.0,28453,genus,0.0146875,Sphingobacterium,ERR1089942
38187.0,61434,genus,0.00734376,Dehalococcoides,ERR1089942
38187.0,836,genus,0.00734376,Porphyromonas,ERR1089942
38187.0,1645,genus,0.00734376,Renibacterium,ERR1089942
38187.0,165779,genus,0.00734376,Anaerococcus,ERR1089942
38187.0,1505657,genus,0.00734376,Intestinibacter,ERR1089942
38187.0,2086,genus,0.00734376,Anaeroplasma,ERR1089942
38187.0,29465,genus,0.00734376,Veillonella,ERR1089942
38187.0,577309,genus,0.00734376,Paraprevotella,ERR1089942
38187.0,102106,genus,0.00734376,Collinsella,ERR1089942
38187.0,312278,genus,0.00734376,Emticicia,ERR1089942
38187.0,445,genus,0.00734376,Legionella,ERR1089942
38187.0,1649482,genus,0.00734376,Pseudopedobacter,ERR1089942
38187.0,233191,genus,0.00734376,Caldilinea,ERR1089942
38187.0,200677,genus,0.00734376,Meniscus,ERR1089942
38187.0,929509,genus,0.00734376,Solitalea,ERR1089942
38187.0,990721,genus,0.00734376,Christensenella,ERR1089942
38187.0,265980,genus,0.00734376,Alkalimonas,ERR1089942
38187.0,140458,genus,0.00734376,Thermacetogenium,ERR1089942
38187.0,86331,genus,0.00734376,Mogibacterium,ERR1089942
38187.0,187144,genus,0.00734376,Caldithrix,ERR1089942
38187.0,590,genus,0.00734376,Salmonella,ERR1089942
38187.0,1433993,genus,0.00734376,Chryseolinea,ERR1089942
38187.0,1164882,genus,0.00734376,Lachnoanaerobaculum,ERR1089942
38187.0,1716,genus,0.00734376,Corynebacterium,ERR1089942
38187.0,76831,genus,0.00734376,Myroides,ERR1089942
38187.0,156454,genus,0.00734376,Anaeroglobus,ERR1089942
38187.0,140625,genus,0.00734376,Lachnobacterium,ERR1089942
,-1,genus,12.4624,Unknown,ERR1089942
38187.0,816,genus,38.2904,Bacteroides,ERR1089942
38187.0,216851,genus,11.5297,Faecalibacterium,ERR1089942
38187.0,1730,genus,7.10142,Eubacterium,ERR1089942
38187.0,1506553,genus,4.89094,Lachnoclostridium,ERR1089942
38187.0,904,genus,4.39157,Acidaminococcus,ERR1089942
38187.0,1678,genus,3.36344,Bifidobacterium,ERR1089942
38187.0,239759,genus,3.07704,Alistipes,ERR1089942
38187.0,1263,genus,2.56297,Ruminococcus,ERR1089942
38187.0,577310,genus,1.79188,Parasutterella,ERR1089942
38187.0,572511,genus,1.62297,Blautia,ERR1089942
38187.0,375288,genus,1.5275,Parabacteroides,ERR1089942
38187.0,841,genus,1.13828,Roseburia,ERR1089942
38187.0,1508657,genus,0.550782,Ruminiclostridium,ERR1089942
38187.0,33042,genus,0.521407,Coprococcus,ERR1089942
38187.0,1386,genus,0.514063,Bacillus,ERR1089942
38187.0,35832,genus,0.455313,Bilophila,ERR1089942
38187.0,239934,genus,0.411251,Akkermansia,ERR1089942
38187.0,459786,genus,0.315782,Oscillibacter,ERR1089942
38187.0,44748,genus,0.249688,Sporobacter,ERR1089942
38187.0,244127,genus,0.220313,Anaerotruncus,ERR1089942
38187.0,283168,genus,0.212969,Odoribacter,ERR1089942
38187.0,838,genus,0.198282,Prevotella,ERR1089942
38187.0,84111,genus,0.110156,Eggerthella,ERR1089942
38187.0,189330,genus,0.0954689,Dorea,ERR1089942
38187.0,52784,genus,0.0954689,Anaerofilum,ERR1089942
38187.0,194,genus,0.0807814,Campylobacter,ERR1089942
38187.0,146813,genus,0.0734376,Dendrosporobacter,ERR1089942
38187.0,1505663,genus,0.0660939,Erysipelatoclostridium,ERR1089942
38187.0,207244,genus,0.0660939,Anaerostipes,ERR1089942
38187.0,872,genus,0.0587501,Desulfovibrio,ERR1089942
38187.0,1485,genus,0.0587501,Clostridium,ERR1089942
38187.0,1301,genus,0.0514063,Streptococcus,ERR1089942
38187.0,644652,genus,0.0514063,Gordonibacter,ERR1089942
38187.0,1350,genus,0.0440626,Enterococcus,ERR1089942
38187.0,100883,genus,0.0367188,Coprobacillus,ERR1089942
38187.0,1578,genus,0.029375,Lactobacillus,ERR1089942
38187.0,233189,genus,0.029375,Anaerolinea,ERR1089942
38187.0,397864,genus,0.0220313,Barnesiella,ERR1089942
38187.0,61170,genus,0.0220313,Holdemania,ERR1089942
38187.0,1548510,genus,0.0220313,Microbacter,ERR1089942
38187.0,39948,genus,0.0146875,Dialister,ERR1089942
38187.0,1279,genus,0.0146875,Staphylococcus,ERR1089942
38187.0,346096,genus,0.0146875,Paludibacter,ERR1089942
38187.0,830,genus,0.0146875,Butyrivibrio,ERR1089942
38187.0,906,genus,0.0146875,Megasphaera,ERR1089942
38187.0,42255,genus,0.0146875,Rubrobacter,ERR1089942
38187.0,1506577,genus,0.0146875,Tyzzerella,ERR1089942
38187.0,79328,genus,0.0146875,Chitinophaga,ERR1089942
38187.0,670486,genus,0.0146875,Dehalogenimonas,ERR1089942
38187.0,28453,genus,0.0146875,Sphingobacterium,ERR1089942
38187.0,140625,genus,0.00734376,Lachnobacterium,ERR1089942
38187.0,61434,genus,0.00734376,Dehalococcoides,ERR1089942
38187.0,836,genus,0.00734376,Porphyromonas,ERR1089942
38187.0,1645,genus,0.00734376,Renibacterium,ERR1089942
38187.0,165779,genus,0.00734376,Anaerococcus,ERR1089942
38187.0,1505657,genus,0.00734376,Intestinibacter,ERR1089942
38187.0,2086,genus,0.00734376,Anaeroplasma,ERR1089942
38187.0,29465,genus,0.00734376,Veillonella,ERR1089942
38187.0,577309,genus,0.00734376,Paraprevotella,ERR1089942
38187.0,102106,genus,0.00734376,Collinsella,ERR1089942
38187.0,312278,genus,0.00734376,Emticicia,ERR1089942
38187.0,445,genus,0.00734376,Legionella,ERR1089942
38187.0,1649482,genus,0.00734376,Pseudopedobacter,ERR1089942
38187.0,233191,genus,0.00734376,Caldilinea,ERR1089942
38187.0,200677,genus,0.00734376,Meniscus,ERR1089942
38187.0,929509,genus,0.00734376,Solitalea,ERR1089942
38187.0,990721,genus,0.00734376,Christensenella,ERR1089942
38187.0,265980,genus,0.00734376,Alkalimonas,ERR1089942
38187.0,140458,genus,0.00734376,Thermacetogenium,ERR1089942
38187.0,86331,genus,0.00734376,Mogibacterium,ERR1089942
38187.0,187144,genus,0.00734376,Caldithrix,ERR1089942
38187.0,590,genus,0.00734376,Salmonella,ERR1089942
38187.0,1433993,genus,0.00734376,Chryseolinea,ERR1089942
38187.0,1164882,genus,0.00734376,Lachnoanaerobaculum,ERR1089942
38187.0,1716,genus,0.00734376,Corynebacterium,ERR1089942
38187.0,76831,genus,0.00734376,Myroides,ERR1089942
38187.0,156454,genus,0.00734376,Anaeroglobus,ERR1089942
,-1,genus,12.4624,Unknown,ERR1089942
38187.0,816,genus,38.2904,Bacteroides,ERR1089942
38187.0,216851,genus,11.5297,Faecalibacterium,ERR1089942
38187.0,1730,genus,7.10142,Eubacterium,ERR1089942
38187.0,1506553,genus,4.89094,Lachnoclostridium,ERR1089942
38187.0,904,genus,4.39157,Acidaminococcus,ERR1089942
38187.0,1678,genus,3.36344,Bifidobacterium,ERR1089942
38187.0,239759,genus,3.07704,Alistipes,ERR1089942
38187.0,1263,genus,2.56297,Ruminococcus,ERR1089942
38187.0,577310,genus,1.79188,Parasutterella,ERR1089942
38187.0,572511,genus,1.62297,Blautia,ERR1089942
38187.0,375288,genus,1.5275,Parabacteroides,ERR1089942
38187.0,841,genus,1.13828,Roseburia,ERR1089942
38187.0,1508657,genus,0.550782,Ruminiclostridium,ERR1089942
38187.0,33042,genus,0.521407,Coprococcus,ERR1089942
38187.0,1386,genus,0.514063,Bacillus,ERR1089942
38187.0,35832,genus,0.455313,Bilophila,ERR1089942
38187.0,239934,genus,0.411251,Akkermansia,ERR1089942
38187.0,459786,genus,0.315782,Oscillibacter,ERR1089942
38187.0,44748,genus,0.249688,Sporobacter,ERR1089942
38187.0,244127,genus,0.220313,Anaerotruncus,ERR1089942
38187.0,283168,genus,0.212969,Odoribacter,ERR1089942
38187.0,838,genus,0.198282,Prevotella,ERR1089942
38187.0,84111,genus,0.110156,Eggerthella,ERR1089942
38187.0,189330,genus,0.0954689,Dorea,ERR1089942
38187.0,52784,genus,0.0954689,Anaerofilum,ERR1089942
38187.0,194,genus,0.0807814,Campylobacter,ERR1089942
38187.0,146813,genus,0.0734376,Dendrosporobacter,ERR1089942
38187.0,1505663,genus,0.0660939,Erysipelatoclostridium,ERR1089942
38187.0,207244,genus,0.0660939,Anaerostipes,ERR1089942
38187.0,1485,genus,0.0587501,Clostridium,ERR1089942
38187.0,872,genus,0.0587501,Desulfovibrio,ERR1089942
38187.0,1301,genus,0.0514063,Streptococcus,ERR1089942
38187.0,644652,genus,0.0514063,Gordonibacter,ERR1089942
38187.0,1350,genus,0.0440626,Enterococcus,ERR1089942
38187.0,100883,genus,0.0367188,Coprobacillus,ERR1089942
38187.0,233189,genus,0.029375,Anaerolinea,ERR1089942
38187.0,1578,genus,0.029375,Lactobacillus,ERR1089942
38187.0,1548510,genus,0.0220313,Microbacter,ERR1089942
38187.0,397864,genus,0.0220313,Barnesiella,ERR1089942
38187.0,61170,genus,0.0220313,Holdemania,ERR1089942
38187.0,830,genus,0.0146875,Butyrivibrio,ERR1089942
38187.0,906,genus,0.0146875,Megasphaera,ERR1089942
38187.0,42255,genus,0.0146875,Rubrobacter,ERR1089942
38187.0,1506577,genus,0.0146875,Tyzzerella,ERR1089942
38187.0,79328,genus,0.0146875,Chitinophaga,ERR1089942
38187.0,670486,genus,0.0146875,Dehalogenimonas,ERR1089942
38187.0,28453,genus,0.0146875,Sphingobacterium,ERR1089942
38187.0,39948,genus,0.0146875,Dialister,ERR1089942
38187.0,346096,genus,0.0146875,Paludibacter,ERR1089942
38187.0,1279,genus,0.0146875,Staphylococcus,ERR1089942
38187.0,445,genus,0.00734376,Legionella,ERR1089942
38187.0,1649482,genus,0.00734376,Pseudopedobacter,ERR1089942
38187.0,233191,genus,0.00734376,Caldilinea,ERR1089942
38187.0,200677,genus,0.00734376,Meniscus,ERR1089942
38187.0,929509,genus,0.00734376,Solitalea,ERR1089942
38187.0,990721,genus,0.00734376,Christensenella,ERR1089942
38187.0,265980,genus,0.00734376,Alkalimonas,ERR1089942
38187.0,140458,genus,0.00734376,Thermacetogenium,ERR1089942
38187.0,86331,genus,0.00734376,Mogibacterium,ERR1089942
38187.0,187144,genus,0.00734376,Caldithrix,ERR1089942
38187.0,590,genus,0.00734376,Salmonella,ERR1089942
38187.0,1433993,genus,0.00734376,Chryseolinea,ERR1089942
38187.0,1164882,genus,0.00734376,Lachnoanaerobaculum,ERR1089942
38187.0,1716,genus,0.00734376,Corynebacterium,ERR1089942
38187.0,76831,genus,0.00734376,Myroides,ERR1089942
38187.0,156454,genus,0.00734376,Anaeroglobus,ERR1089942
38187.0,140625,genus,0.00734376,Lachnobacterium,ERR1089942
38187.0,61434,genus,0.00734376,Dehalococcoides,ERR1089942
38187.0,836,genus,0.00734376,Porphyromonas,ERR1089942
38187.0,1645,genus,0.00734376,Renibacterium,ERR1089942
38187.0,165779,genus,0.00734376,Anaerococcus,ERR1089942
38187.0,2086,genus,0.00734376,Anaeroplasma,ERR1089942
38187.0,1505657,genus,0.00734376,Intestinibacter,ERR1089942
38187.0,312278,genus,0.00734376,Emticicia,ERR1089942
38187.0,29465,genus,0.00734376,Veillonella,ERR1089942
38187.0,577309,genus,0.00734376,Paraprevotella,ERR1089942
38187.0,102106,genus,0.00734376,Collinsella,ERR1089942
,-1,genus,12.4624,Unknown,ERR1089942
38188.0,816,genus,20.3771,Bacteroides,ERR1089952
38188.0,286,genus,11.5849,Pseudomonas,ERR1089952
38188.0,216851,genus,4.85905,Faecalibacterium,ERR1089952
38188.0,1730,genus,0.869434,Eubacterium,ERR1089952
38188.0,572511,genus,0.673717,Blautia,ERR1089952
38188.0,375288,genus,0.361323,Parabacteroides,ERR1089952
38188.0,239759,genus,0.282284,Alistipes,ERR1089952
38188.0,1506553,genus,0.222063,Lachnoclostridium,ERR1089952
38188.0,35832,genus,0.203244,Bilophila,ERR1089952
38188.0,577310,genus,0.195717,Parasutterella,ERR1089952
38188.0,1505663,genus,0.146788,Erysipelatoclostridium,ERR1089952
38188.0,841,genus,0.143024,Roseburia,ERR1089952
38188.0,459786,genus,0.127969,Oscillibacter,ERR1089952
38188.0,1263,genus,0.112914,Ruminococcus,ERR1089952
38188.0,1508657,genus,0.0903308,Ruminiclostridium,ERR1089952
38188.0,244127,genus,0.0715119,Anaerotruncus,ERR1089952
38188.0,561,genus,0.0602206,Escherichia,ERR1089952
38188.0,283168,genus,0.0489292,Odoribacter,ERR1089952
38188.0,838,genus,0.0414016,Prevotella,ERR1089952
38188.0,189330,genus,0.0414016,Dorea,ERR1089952
38188.0,61170,genus,0.0338741,Holdemania,ERR1089952
38188.0,1386,genus,0.0301103,Bacillus,ERR1089952
38188.0,590,genus,0.0301103,Salmonella,ERR1089952
38188.0,898,genus,0.0301103,Desulfomicrobium,ERR1089952
38188.0,239934,genus,0.0263465,Akkermansia,ERR1089952
38188.0,1350,genus,0.0263465,Enterococcus,ERR1089952
38188.0,642,genus,0.0263465,Aeromonas,ERR1089952
38188.0,872,genus,0.0225827,Desulfovibrio,ERR1089952
38188.0,1485,genus,0.0188189,Clostridium,ERR1089952
38188.0,1578,genus,0.0188189,Lactobacillus,ERR1089952
38188.0,180541,genus,0.0188189,Salinisphaera,ERR1089952
38188.0,1678,genus,0.0150551,Bifidobacterium,ERR1089952
38188.0,904,genus,0.0150551,Acidaminococcus,ERR1089952
38188.0,1301,genus,0.0150551,Streptococcus,ERR1089952
38188.0,1505657,genus,0.0150551,Intestinibacter,ERR1089952
38188.0,33042,genus,0.0150551,Coprococcus,ERR1089952
38188.0,626,genus,0.0150551,Xenorhabdus,ERR1089952
38188.0,544,genus,0.0150551,Citrobacter,ERR1089952
38188.0,2299,genus,0.0150551,Desulfosarcina,ERR1089952
38188.0,207244,genus,0.0112914,Anaerostipes,ERR1089952
38188.0,620,genus,0.0112914,Shigella,ERR1089952
38188.0,586,genus,0.00752757,Providencia,ERR1089952
38188.0,581,genus,0.00752757,Morganella,ERR1089952
38188.0,1663,genus,0.00752757,Arthrobacter,ERR1089952
38188.0,233191,genus,0.00752757,Caldilinea,ERR1089952
38188.0,39948,genus,0.00752757,Dialister,ERR1089952
38188.0,1654,genus,0.00752757,Actinomyces,ERR1089952
38188.0,332248,genus,0.00752757,Truepera,ERR1089952
38188.0,150022,genus,0.00752757,Finegoldia,ERR1089952
38188.0,13275,genus,0.00752757,Suttonella,ERR1089952
38188.0,34037,genus,0.00752757,Rahnella,ERR1089952
38188.0,445,genus,0.00752757,Legionella,ERR1089952
38188.0,40323,genus,0.00752757,Stenotrophomonas,ERR1089952
38188.0,914,genus,0.00752757,Nitrosomonas,ERR1089952
38188.0,85078,genus,0.00376378,Thiococcus,ERR1089952
38188.0,776,genus,0.00376378,Coxiella,ERR1089952
38188.0,2737,genus,0.00376378,Vagococcus,ERR1089952
38188.0,469,genus,0.00376378,Acinetobacter,ERR1089952
38188.0,40222,genus,0.00376378,Methylophaga,ERR1089952
38188.0,1652133,genus,0.00376378,Halobacteriovorax,ERR1089952
38188.0,1835,genus,0.00376378,Saccharopolyspora,ERR1089952
38188.0,44260,genus,0.00376378,Moorella,ERR1089952
38188.0,44748,genus,0.00376378,Sporobacter,ERR1089952
38188.0,265980,genus,0.00376378,Alkalimonas,ERR1089952
38188.0,346096,genus,0.00376378,Paludibacter,ERR1089952
38188.0,226,genus,0.00376378,Alteromonas,ERR1089952
38188.0,2152,genus,0.00376378,Asteroleplasma,ERR1089952
38188.0,294702,genus,0.00376378,Proteiniphilum,ERR1089952
38188.0,52784,genus,0.00376378,Anaerofilum,ERR1089952
38188.0,59753,genus,0.00376378,Alcanivorax,ERR1089952
38188.0,79328,genus,0.00376378,Chitinophaga,ERR1089952
38188.0,1236988,genus,0.00376378,Geofilum,ERR1089952
38188.0,1051,genus,0.00376378,Ectothiorhodospira,ERR1089952
38188.0,1645,genus,0.00376378,Renibacterium,ERR1089952
38188.0,420345,genus,0.00376378,Lactonifactor,ERR1089952
38188.0,233189,genus,0.00376378,Anaerolinea,ERR1089952
38188.0,262406,genus,0.00376378,Thermobaculum,ERR1089952
38188.0,2717,genus,0.00376378,Cardiobacterium,ERR1089952
38188.0,70994,genus,0.00376378,Lewinella,ERR1089952
38188.0,363276,genus,0.00376378,Ktedonobacter,ERR1089952
38188.0,84565,genus,0.00376378,Sodalis,ERR1089952
38188.0,400634,genus,0.00376378,Lysinibacillus,ERR1089952
38188.0,114627,genus,0.00376378,Alkaliphilus,ERR1089952
38188.0,55080,genus,0.00376378,Brevibacillus,ERR1089952
38188.0,1017280,genus,0.00376378,Pseudoflavonifractor,ERR1089952
38188.0,1618113,genus,0.00376378,Saccharicrinis,ERR1089952
38188.0,32199,genus,0.00376378,Buchnera,ERR1089952
,-1,genus,58.6134,Unknown,ERR1089952
38188.0,816,genus,20.3771,Bacteroides,ERR1089952
38188.0,286,genus,11.5849,Pseudomonas,ERR1089952
38188.0,216851,genus,4.85905,Faecalibacterium,ERR1089952
38188.0,1730,genus,0.869434,Eubacterium,ERR1089952
38188.0,572511,genus,0.673717,Blautia,ERR1089952
38188.0,375288,genus,0.361323,Parabacteroides,ERR1089952
38188.0,239759,genus,0.282284,Alistipes,ERR1089952
38188.0,1506553,genus,0.222063,Lachnoclostridium,ERR1089952
38188.0,35832,genus,0.203244,Bilophila,ERR1089952
38188.0,577310,genus,0.195717,Parasutterella,ERR1089952
38188.0,1505663,genus,0.146788,Erysipelatoclostridium,ERR1089952
38188.0,841,genus,0.143024,Roseburia,ERR1089952
38188.0,459786,genus,0.127969,Oscillibacter,ERR1089952
38188.0,1263,genus,0.112914,Ruminococcus,ERR1089952
38188.0,1508657,genus,0.0903308,Ruminiclostridium,ERR1089952
38188.0,244127,genus,0.0715119,Anaerotruncus,ERR1089952
38188.0,561,genus,0.0602206,Escherichia,ERR1089952
38188.0,283168,genus,0.0489292,Odoribacter,ERR1089952
38188.0,838,genus,0.0414016,Prevotella,ERR1089952
38188.0,189330,genus,0.0414016,Dorea,ERR1089952
38188.0,61170,genus,0.0338741,Holdemania,ERR1089952
38188.0,590,genus,0.0301103,Salmonella,ERR1089952
38188.0,898,genus,0.0301103,Desulfomicrobium,ERR1089952
38188.0,1386,genus,0.0301103,Bacillus,ERR1089952
38188.0,642,genus,0.0263465,Aeromonas,ERR1089952
38188.0,239934,genus,0.0263465,Akkermansia,ERR1089952
38188.0,1350,genus,0.0263465,Enterococcus,ERR1089952
38188.0,872,genus,0.0225827,Desulfovibrio,ERR1089952
38188.0,1578,genus,0.0188189,Lactobacillus,ERR1089952
38188.0,180541,genus,0.0188189,Salinisphaera,ERR1089952
38188.0,1485,genus,0.0188189,Clostridium,ERR1089952
38188.0,1505657,genus,0.0150551,Intestinibacter,ERR1089952
38188.0,33042,genus,0.0150551,Coprococcus,ERR1089952
38188.0,626,genus,0.0150551,Xenorhabdus,ERR1089952
38188.0,544,genus,0.0150551,Citrobacter,ERR1089952
38188.0,2299,genus,0.0150551,Desulfosarcina,ERR1089952
38188.0,1678,genus,0.0150551,Bifidobacterium,ERR1089952
38188.0,904,genus,0.0150551,Acidaminococcus,ERR1089952
38188.0,1301,genus,0.0150551,Streptococcus,ERR1089952
38188.0,620,genus,0.0112914,Shigella,ERR1089952
38188.0,207244,genus,0.0112914,Anaerostipes,ERR1089952
38188.0,13275,genus,0.00752757,Suttonella,ERR1089952
38188.0,332248,genus,0.00752757,Truepera,ERR1089952
38188.0,150022,genus,0.00752757,Finegoldia,ERR1089952
38188.0,34037,genus,0.00752757,Rahnella,ERR1089952
38188.0,445,genus,0.00752757,Legionella,ERR1089952
38188.0,40323,genus,0.00752757,Stenotrophomonas,ERR1089952
38188.0,914,genus,0.00752757,Nitrosomonas,ERR1089952
38188.0,586,genus,0.00752757,Providencia,ERR1089952
38188.0,1663,genus,0.00752757,Arthrobacter,ERR1089952
38188.0,581,genus,0.00752757,Morganella,ERR1089952
38188.0,233191,genus,0.00752757,Caldilinea,ERR1089952
38188.0,1654,genus,0.00752757,Actinomyces,ERR1089952
38188.0,39948,genus,0.00752757,Dialister,ERR1089952
38188.0,346096,genus,0.00376378,Paludibacter,ERR1089952
38188.0,226,genus,0.00376378,Alteromonas,ERR1089952
38188.0,2152,genus,0.00376378,Asteroleplasma,ERR1089952
38188.0,294702,genus,0.00376378,Proteiniphilum,ERR1089952
38188.0,59753,genus,0.00376378,Alcanivorax,ERR1089952
38188.0,79328,genus,0.00376378,Chitinophaga,ERR1089952
38188.0,52784,genus,0.00376378,Anaerofilum,ERR1089952
38188.0,1236988,genus,0.00376378,Geofilum,ERR1089952
38188.0,1645,genus,0.00376378,Renibacterium,ERR1089952
38188.0,1051,genus,0.00376378,Ectothiorhodospira,ERR1089952
38188.0,420345,genus,0.00376378,Lactonifactor,ERR1089952
38188.0,262406,genus,0.00376378,Thermobaculum,ERR1089952
38188.0,2717,genus,0.00376378,Cardiobacterium,ERR1089952
38188.0,233189,genus,0.00376378,Anaerolinea,ERR1089952
38188.0,363276,genus,0.00376378,Ktedonobacter,ERR1089952
38188.0,70994,genus,0.00376378,Lewinella,ERR1089952
38188.0,114627,genus,0.00376378,Alkaliphilus,ERR1089952
38188.0,84565,genus,0.00376378,Sodalis,ERR1089952
38188.0,400634,genus,0.00376378,Lysinibacillus,ERR1089952
38188.0,32199,genus,0.00376378,Buchnera,ERR1089952
38188.0,55080,genus,0.00376378,Brevibacillus,ERR1089952
38188.0,1017280,genus,0.00376378,Pseudoflavonifractor,ERR1089952
38188.0,1618113,genus,0.00376378,Saccharicrinis,ERR1089952
38188.0,85078,genus,0.00376378,Thiococcus,ERR1089952
38188.0,776,genus,0.00376378,Coxiella,ERR1089952
38188.0,469,genus,0.00376378,Acinetobacter,ERR1089952
38188.0,2737,genus,0.00376378,Vagococcus,ERR1089952
38188.0,40222,genus,0.00376378,Methylophaga,ERR1089952
38188.0,1652133,genus,0.00376378,Halobacteriovorax,ERR1089952
38188.0,1835,genus,0.00376378,Saccharopolyspora,ERR1089952
38188.0,265980,genus,0.00376378,Alkalimonas,ERR1089952
38188.0,44260,genus,0.00376378,Moorella,ERR1089952
38188.0,44748,genus,0.00376378,Sporobacter,ERR1089952
,-1,genus,58.6134,Unknown,ERR1089952
38189.0,816,genus,31.9686,Bacteroides,ERR1089966
38189.0,216851,genus,13.2945,Faecalibacterium,ERR1089966
38189.0,375288,genus,6.19495,Parabacteroides,ERR1089966
38189.0,239934,genus,5.39752,Akkermansia,ERR1089966
38189.0,397864,genus,3.39205,Barnesiella,ERR1089966
38189.0,459786,genus,3.19567,Oscillibacter,ERR1089966
38189.0,239759,genus,2.35063,Alistipes,ERR1089966
38189.0,1508657,genus,2.23756,Ruminiclostridium,ERR1089966
38189.0,1730,genus,2.03523,Eubacterium,ERR1089966
38189.0,1506553,genus,1.82099,Lachnoclostridium,ERR1089966
38189.0,830,genus,1.39253,Butyrivibrio,ERR1089966
38189.0,572511,genus,1.07117,Blautia,ERR1089966
38189.0,904,genus,0.755772,Acidaminococcus,ERR1089966
38189.0,577309,genus,0.595096,Paraprevotella,ERR1089966
38189.0,1505663,genus,0.55344,Erysipelatoclostridium,ERR1089966
38189.0,244127,genus,0.470126,Anaerotruncus,ERR1089966
38189.0,283168,genus,0.458224,Odoribacter,ERR1089966
38189.0,44748,genus,0.458224,Sporobacter,ERR1089966
38189.0,1263,genus,0.392764,Ruminococcus,ERR1089966
38189.0,841,genus,0.339205,Roseburia,ERR1089966
38189.0,990721,genus,0.279695,Christensenella,ERR1089966
38189.0,872,genus,0.202333,Desulfovibrio,ERR1089966
38189.0,33042,genus,0.18448,Coprococcus,ERR1089966
38189.0,1485,genus,0.172578,Clostridium,ERR1089966
38189.0,836,genus,0.0952154,Porphyromonas,ERR1089966
38189.0,469,genus,0.0833135,Acinetobacter,ERR1089966
38189.0,162289,genus,0.0714116,Peptoniphilus,ERR1089966
38189.0,61170,genus,0.0714116,Holdemania,ERR1089966
38189.0,172900,genus,0.0595096,Victivallis,ERR1089966
38189.0,286,genus,0.0595096,Pseudomonas,ERR1089966
38189.0,838,genus,0.0476077,Prevotella,ERR1089966
38189.0,1301,genus,0.0476077,Streptococcus,ERR1089966
38189.0,846,genus,0.0476077,Oxalobacter,ERR1089966
38189.0,40323,genus,0.0476077,Stenotrophomonas,ERR1089966
38189.0,1380,genus,0.0357058,Atopobium,ERR1089966
38189.0,1080709,genus,0.0357058,Methanomassiliicoccus,ERR1089966
38189.0,207244,genus,0.0357058,Anaerostipes,ERR1089966
38189.0,165779,genus,0.0297548,Anaerococcus,ERR1089966
38189.0,84111,genus,0.0297548,Eggerthella,ERR1089966
38189.0,1386,genus,0.0297548,Bacillus,ERR1089966
38189.0,1505657,genus,0.0297548,Intestinibacter,ERR1089966
38189.0,1827,genus,0.0238039,Rhodococcus,ERR1089966
38189.0,28453,genus,0.0238039,Sphingobacterium,ERR1089966
38189.0,278993,genus,0.0178529,Thermincola,ERR1089966
38189.0,61434,genus,0.0178529,Dehalococcoides,ERR1089966
38189.0,1678,genus,0.0178529,Bifidobacterium,ERR1089966
38189.0,48463,genus,0.0178529,Prosthecobacter,ERR1089966
38189.0,150022,genus,0.0178529,Finegoldia,ERR1089966
38189.0,262406,genus,0.0119019,Thermobaculum,ERR1089966
38189.0,1883,genus,0.0119019,Streptomyces,ERR1089966
38189.0,1506577,genus,0.0119019,Tyzzerella,ERR1089966
38189.0,1716,genus,0.0119019,Corynebacterium,ERR1089966
38189.0,1769729,genus,0.0119019,Hathewaya,ERR1089966
38189.0,52784,genus,0.0119019,Anaerofilum,ERR1089966
38189.0,146813,genus,0.0119019,Dendrosporobacter,ERR1089966
38189.0,264995,genus,0.00595096,Anaerofustis,ERR1089966
38189.0,29330,genus,0.00595096,Alicyclobacillus,ERR1089966
38189.0,100175,genus,0.00595096,Papillibacter,ERR1089966
38189.0,898,genus,0.00595096,Desulfomicrobium,ERR1089966
38189.0,270497,genus,0.00595096,Catabacter,ERR1089966
38189.0,29465,genus,0.00595096,Veillonella,ERR1089966
38189.0,55080,genus,0.00595096,Brevibacillus,ERR1089966
38189.0,963,genus,0.00595096,Herbaspirillum,ERR1089966
38189.0,28138,genus,0.00595096,Rikenella,ERR1089966
38189.0,2373,genus,0.00595096,Acetonema,ERR1089966
38189.0,1471399,genus,0.00595096,Draconibacterium,ERR1089966
38189.0,670486,genus,0.00595096,Dehalogenimonas,ERR1089966
38189.0,1654,genus,0.00595096,Actinomyces,ERR1089966
38189.0,1017280,genus,0.00595096,Pseudoflavonifractor,ERR1089966
38189.0,233189,genus,0.00595096,Anaerolinea,ERR1089966
38189.0,724,genus,0.00595096,Haemophilus,ERR1089966
38189.0,1618113,genus,0.00595096,Saccharicrinis,ERR1089966
38189.0,180541,genus,0.00595096,Salinisphaera,ERR1089966
38189.0,1578,genus,0.00595096,Lactobacillus,ERR1089966
38189.0,194,genus,0.00595096,Campylobacter,ERR1089966
38189.0,396811,genus,0.00595096,Fulvivirga,ERR1089966
38189.0,39948,genus,0.00595096,Dialister,ERR1089966
38189.0,233191,genus,0.00595096,Caldilinea,ERR1089966
38189.0,442430,genus,0.00595096,Coraliomargarita,ERR1089966
38189.0,2735,genus,0.00595096,Verrucomicrobium,ERR1089966
38189.0,1279,genus,0.00595096,Staphylococcus,ERR1089966
38189.0,79206,genus,0.00595096,Desulfosporosinus,ERR1089966
38189.0,2299,genus,0.00595096,Desulfosarcina,ERR1089966
38189.0,1778601,genus,0.00595096,Apibacter,ERR1089966
38189.0,1200657,genus,0.00595096,Saccharofermentans,ERR1089966
,-1,genus,18.8586,Unknown,ERR1089966
38190.0,286,genus,19.9675,Pseudomonas,ERR1089967
38190.0,816,genus,7.30914,Bacteroides,ERR1089967
38190.0,838,genus,3.07376,Prevotella,ERR1089967
38190.0,216851,genus,0.822219,Faecalibacterium,ERR1089967
38190.0,1730,genus,0.750514,Eubacterium,ERR1089967
38190.0,1505663,genus,0.511497,Erysipelatoclostridium,ERR1089967
38190.0,57493,genus,0.363306,Kocuria,ERR1089967
38190.0,459786,genus,0.27726,Oscillibacter,ERR1089967
38190.0,239934,genus,0.267699,Akkermansia,ERR1089967
38190.0,572511,genus,0.258139,Blautia,ERR1089967
38190.0,375288,genus,0.258139,Parabacteroides,ERR1089967
38190.0,1505657,genus,0.234237,Intestinibacter,ERR1089967
38190.0,1301,genus,0.215115,Streptococcus,ERR1089967
38190.0,1386,genus,0.200774,Bacillus,ERR1089967
38190.0,904,genus,0.195994,Acidaminococcus,ERR1089967
38190.0,1350,genus,0.172092,Enterococcus,ERR1089967
38190.0,1508657,genus,0.14341,Ruminiclostridium,ERR1089967
38190.0,590,genus,0.13863,Salmonella,ERR1089967
38190.0,44748,genus,0.105168,Sporobacter,ERR1089967
38190.0,40323,genus,0.0956069,Stenotrophomonas,ERR1089967
38190.0,1578,genus,0.0908265,Lactobacillus,ERR1089967
38190.0,33042,genus,0.0908265,Coprococcus,ERR1089967
38190.0,501783,genus,0.0908265,Cloacibacterium,ERR1089967
38190.0,469,genus,0.0764855,Acinetobacter,ERR1089967
38190.0,561,genus,0.0717051,Escherichia,ERR1089967
38190.0,872,genus,0.0669248,Desulfovibrio,ERR1089967
38190.0,265980,genus,0.0621445,Alkalimonas,ERR1089967
38190.0,1678,genus,0.0478034,Bifidobacterium,ERR1089967
38190.0,239759,genus,0.0478034,Alistipes,ERR1089967
38190.0,397864,genus,0.0478034,Barnesiella,ERR1089967
38190.0,841,genus,0.0478034,Roseburia,ERR1089967
38190.0,189330,genus,0.0430231,Dorea,ERR1089967
38190.0,1663,genus,0.0430231,Arthrobacter,ERR1089967
38190.0,528,genus,0.0382427,Ochrobactrum,ERR1089967
38190.0,283168,genus,0.0382427,Odoribacter,ERR1089967
38190.0,724,genus,0.0334624,Haemophilus,ERR1089967
38190.0,1506553,genus,0.0334624,Lachnoclostridium,ERR1089967
38190.0,84111,genus,0.0286821,Eggerthella,ERR1089967
38190.0,413496,genus,0.0286821,Cronobacter,ERR1089967
38190.0,2747,genus,0.0286821,Carnobacterium,ERR1089967
38190.0,577310,genus,0.0239017,Parasutterella,ERR1089967
38190.0,1485,genus,0.0239017,Clostridium,ERR1089967
38190.0,1569,genus,0.0239017,Sporosarcina,ERR1089967
38190.0,133925,genus,0.0191214,Olsenella,ERR1089967
38190.0,84108,genus,0.014341,Slackia,ERR1089967
38190.0,1263,genus,0.014341,Ruminococcus,ERR1089967
38190.0,180541,genus,0.014341,Salinisphaera,ERR1089967
38190.0,61170,genus,0.014341,Holdemania,ERR1089967
38190.0,898,genus,0.014341,Desulfomicrobium,ERR1089967
38190.0,620,genus,0.014341,Shigella,ERR1089967
38190.0,79328,genus,0.00956069,Chitinophaga,ERR1089967
38190.0,2172,genus,0.00956069,Methanobrevibacter,ERR1089967
38190.0,39948,genus,0.00956069,Dialister,ERR1089967
38190.0,207244,genus,0.00956069,Anaerostipes,ERR1089967
38190.0,570,genus,0.00956069,Klebsiella,ERR1089967
38190.0,165779,genus,0.00956069,Anaerococcus,ERR1089967
38190.0,1357,genus,0.00956069,Lactococcus,ERR1089967
38190.0,1279,genus,0.00956069,Staphylococcus,ERR1089967
38190.0,29465,genus,0.00956069,Veillonella,ERR1089967
38190.0,35832,genus,0.00956069,Bilophila,ERR1089967
38190.0,445,genus,0.00956069,Legionella,ERR1089967
38190.0,233189,genus,0.00956069,Anaerolinea,ERR1089967
38190.0,182709,genus,0.00956069,Oceanobacillus,ERR1089967
38190.0,150022,genus,0.00478034,Finegoldia,ERR1089967
38190.0,866673,genus,0.00478034,Marinifilum,ERR1089967
38190.0,1505652,genus,0.00478034,Terrisporobacter,ERR1089967
38190.0,28453,genus,0.00478034,Sphingobacterium,ERR1089967
38190.0,1716,genus,0.00478034,Corynebacterium,ERR1089967
38190.0,28253,genus,0.00478034,Marinomonas,ERR1089967
38190.0,156973,genus,0.00478034,Dysgonomonas,ERR1089967
38190.0,168808,genus,0.00478034,Sneathia,ERR1089967
38190.0,2299,genus,0.00478034,Desulfosarcina,ERR1089967
38190.0,1654,genus,0.00478034,Actinomyces,ERR1089967
38190.0,1200657,genus,0.00478034,Saccharofermentans,ERR1089967
38190.0,146813,genus,0.00478034,Dendrosporobacter,ERR1089967
38190.0,244127,genus,0.00478034,Anaerotruncus,ERR1089967
38190.0,150247,genus,0.00478034,Anoxybacillus,ERR1089967
38190.0,44249,genus,0.00478034,Paenibacillus,ERR1089967
38190.0,649460,genus,0.00478034,Filimonas,ERR1089967
38190.0,642,genus,0.00478034,Aeromonas,ERR1089967
38190.0,577309,genus,0.00478034,Paraprevotella,ERR1089967
38190.0,1030,genus,0.00478034,Thiothrix,ERR1089967
38190.0,28231,genus,0.00478034,Geobacter,ERR1089967
38190.0,157920,genus,0.00478034,Cellulosimicrobium,ERR1089967
38190.0,53335,genus,0.00478034,Pantoea,ERR1089967
38190.0,2745,genus,0.00478034,Halomonas,ERR1089967
38190.0,581,genus,0.00478034,Morganella,ERR1089967
38190.0,458032,genus,0.00478034,Chloracidobacterium,ERR1089967
38190.0,267986,genus,0.00478034,Owenweeksia,ERR1089967
38190.0,776,genus,0.00478034,Coxiella,ERR1089967
38190.0,1506577,genus,0.00478034,Tyzzerella,ERR1089967
38190.0,118747,genus,0.00478034,Bulleidia,ERR1089967
38190.0,233191,genus,0.00478034,Caldilinea,ERR1089967
38190.0,497,genus,0.00478034,Psychrobacter,ERR1089967
38190.0,52784,genus,0.00478034,Anaerofilum,ERR1089967
38190.0,32207,genus,0.00478034,Rothia,ERR1089967
38190.0,400634,genus,0.00478034,Lysinibacillus,ERR1089967
,-1,genus,63.0193,Unknown,ERR1089967
38190.0,286,genus,19.9675,Pseudomonas,ERR1089967
38190.0,816,genus,7.30914,Bacteroides,ERR1089967
38190.0,838,genus,3.07376,Prevotella,ERR1089967
38190.0,216851,genus,0.822219,Faecalibacterium,ERR1089967
38190.0,1730,genus,0.750514,Eubacterium,ERR1089967
38190.0,1505663,genus,0.511497,Erysipelatoclostridium,ERR1089967
38190.0,57493,genus,0.363306,Kocuria,ERR1089967
38190.0,459786,genus,0.27726,Oscillibacter,ERR1089967
38190.0,239934,genus,0.267699,Akkermansia,ERR1089967
38190.0,572511,genus,0.258139,Blautia,ERR1089967
38190.0,375288,genus,0.258139,Parabacteroides,ERR1089967
38190.0,1505657,genus,0.234237,Intestinibacter,ERR1089967
38190.0,1301,genus,0.215115,Streptococcus,ERR1089967
38190.0,1386,genus,0.200774,Bacillus,ERR1089967
38190.0,904,genus,0.195994,Acidaminococcus,ERR1089967
38190.0,1350,genus,0.172092,Enterococcus,ERR1089967
38190.0,1508657,genus,0.14341,Ruminiclostridium,ERR1089967
38190.0,590,genus,0.13863,Salmonella,ERR1089967
38190.0,44748,genus,0.105168,Sporobacter,ERR1089967
38190.0,40323,genus,0.0956069,Stenotrophomonas,ERR1089967
38190.0,33042,genus,0.0908265,Coprococcus,ERR1089967
38190.0,501783,genus,0.0908265,Cloacibacterium,ERR1089967
38190.0,1578,genus,0.0908265,Lactobacillus,ERR1089967
38190.0,469,genus,0.0764855,Acinetobacter,ERR1089967
38190.0,561,genus,0.0717051,Escherichia,ERR1089967
38190.0,872,genus,0.0669248,Desulfovibrio,ERR1089967
38190.0,265980,genus,0.0621445,Alkalimonas,ERR1089967
38190.0,841,genus,0.0478034,Roseburia,ERR1089967
38190.0,1678,genus,0.0478034,Bifidobacterium,ERR1089967
38190.0,239759,genus,0.0478034,Alistipes,ERR1089967
38190.0,397864,genus,0.0478034,Barnesiella,ERR1089967
38190.0,189330,genus,0.0430231,Dorea,ERR1089967
38190.0,1663,genus,0.0430231,Arthrobacter,ERR1089967
38190.0,283168,genus,0.0382427,Odoribacter,ERR1089967
38190.0,528,genus,0.0382427,Ochrobactrum,ERR1089967
38190.0,724,genus,0.0334624,Haemophilus,ERR1089967
38190.0,1506553,genus,0.0334624,Lachnoclostridium,ERR1089967
38190.0,413496,genus,0.0286821,Cronobacter,ERR1089967
38190.0,2747,genus,0.0286821,Carnobacterium,ERR1089967
38190.0,84111,genus,0.0286821,Eggerthella,ERR1089967
38190.0,1485,genus,0.0239017,Clostridium,ERR1089967
38190.0,1569,genus,0.0239017,Sporosarcina,ERR1089967
38190.0,577310,genus,0.0239017,Parasutterella,ERR1089967
38190.0,133925,genus,0.0191214,Olsenella,ERR1089967
38190.0,61170,genus,0.014341,Holdemania,ERR1089967
38190.0,898,genus,0.014341,Desulfomicrobium,ERR1089967
38190.0,620,genus,0.014341,Shigella,ERR1089967
38190.0,84108,genus,0.014341,Slackia,ERR1089967
38190.0,1263,genus,0.014341,Ruminococcus,ERR1089967
38190.0,180541,genus,0.014341,Salinisphaera,ERR1089967
38190.0,1279,genus,0.00956069,Staphylococcus,ERR1089967
38190.0,29465,genus,0.00956069,Veillonella,ERR1089967
38190.0,35832,genus,0.00956069,Bilophila,ERR1089967
38190.0,445,genus,0.00956069,Legionella,ERR1089967
38190.0,233189,genus,0.00956069,Anaerolinea,ERR1089967
38190.0,182709,genus,0.00956069,Oceanobacillus,ERR1089967
38190.0,79328,genus,0.00956069,Chitinophaga,ERR1089967
38190.0,2172,genus,0.00956069,Methanobrevibacter,ERR1089967
38190.0,39948,genus,0.00956069,Dialister,ERR1089967
38190.0,207244,genus,0.00956069,Anaerostipes,ERR1089967
38190.0,570,genus,0.00956069,Klebsiella,ERR1089967
38190.0,165779,genus,0.00956069,Anaerococcus,ERR1089967
38190.0,1357,genus,0.00956069,Lactococcus,ERR1089967
38190.0,150247,genus,0.00478034,Anoxybacillus,ERR1089967
38190.0,44249,genus,0.00478034,Paenibacillus,ERR1089967
38190.0,649460,genus,0.00478034,Filimonas,ERR1089967
38190.0,642,genus,0.00478034,Aeromonas,ERR1089967
38190.0,577309,genus,0.00478034,Paraprevotella,ERR1089967
38190.0,1030,genus,0.00478034,Thiothrix,ERR1089967
38190.0,28231,genus,0.00478034,Geobacter,ERR1089967
38190.0,157920,genus,0.00478034,Cellulosimicrobium,ERR1089967
38190.0,53335,genus,0.00478034,Pantoea,ERR1089967
38190.0,581,genus,0.00478034,Morganella,ERR1089967
38190.0,458032,genus,0.00478034,Chloracidobacterium,ERR1089967
38190.0,267986,genus,0.00478034,Owenweeksia,ERR1089967
38190.0,2745,genus,0.00478034,Halomonas,ERR1089967
38190.0,776,genus,0.00478034,Coxiella,ERR1089967
38190.0,1506577,genus,0.00478034,Tyzzerella,ERR1089967
38190.0,118747,genus,0.00478034,Bulleidia,ERR1089967
38190.0,233191,genus,0.00478034,Caldilinea,ERR1089967
38190.0,497,genus,0.00478034,Psychrobacter,ERR1089967
38190.0,52784,genus,0.00478034,Anaerofilum,ERR1089967
38190.0,32207,genus,0.00478034,Rothia,ERR1089967
38190.0,400634,genus,0.00478034,Lysinibacillus,ERR1089967
38190.0,150022,genus,0.00478034,Finegoldia,ERR1089967
38190.0,1505652,genus,0.00478034,Terrisporobacter,ERR1089967
38190.0,28453,genus,0.00478034,Sphingobacterium,ERR1089967
38190.0,1716,genus,0.00478034,Corynebacterium,ERR1089967
38190.0,28253,genus,0.00478034,Marinomonas,ERR1089967
38190.0,866673,genus,0.00478034,Marinifilum,ERR1089967
38190.0,168808,genus,0.00478034,Sneathia,ERR1089967
38190.0,156973,genus,0.00478034,Dysgonomonas,ERR1089967
38190.0,2299,genus,0.00478034,Desulfosarcina,ERR1089967
38190.0,1654,genus,0.00478034,Actinomyces,ERR1089967
38190.0,1200657,genus,0.00478034,Saccharofermentans,ERR1089967
38190.0,146813,genus,0.00478034,Dendrosporobacter,ERR1089967
38190.0,244127,genus,0.00478034,Anaerotruncus,ERR1089967
,-1,genus,63.0193,Unknown,ERR1089967
38190.0,286,genus,19.9675,Pseudomonas,ERR1089967
38190.0,816,genus,7.30914,Bacteroides,ERR1089967
38190.0,838,genus,3.07376,Prevotella,ERR1089967
38190.0,216851,genus,0.822219,Faecalibacterium,ERR1089967
38190.0,1730,genus,0.750514,Eubacterium,ERR1089967
38190.0,1505663,genus,0.511497,Erysipelatoclostridium,ERR1089967
38190.0,57493,genus,0.363306,Kocuria,ERR1089967
38190.0,459786,genus,0.27726,Oscillibacter,ERR1089967
38190.0,239934,genus,0.267699,Akkermansia,ERR1089967
38190.0,572511,genus,0.258139,Blautia,ERR1089967
38190.0,375288,genus,0.258139,Parabacteroides,ERR1089967
38190.0,1505657,genus,0.234237,Intestinibacter,ERR1089967
38190.0,1301,genus,0.215115,Streptococcus,ERR1089967
38190.0,1386,genus,0.200774,Bacillus,ERR1089967
38190.0,904,genus,0.195994,Acidaminococcus,ERR1089967
38190.0,1350,genus,0.172092,Enterococcus,ERR1089967
38190.0,1508657,genus,0.14341,Ruminiclostridium,ERR1089967
38190.0,590,genus,0.13863,Salmonella,ERR1089967
38190.0,44748,genus,0.105168,Sporobacter,ERR1089967
38190.0,40323,genus,0.0956069,Stenotrophomonas,ERR1089967
38190.0,501783,genus,0.0908265,Cloacibacterium,ERR1089967
38190.0,1578,genus,0.0908265,Lactobacillus,ERR1089967
38190.0,33042,genus,0.0908265,Coprococcus,ERR1089967
38190.0,469,genus,0.0764855,Acinetobacter,ERR1089967
38190.0,561,genus,0.0717051,Escherichia,ERR1089967
38190.0,872,genus,0.0669248,Desulfovibrio,ERR1089967
38190.0,265980,genus,0.0621445,Alkalimonas,ERR1089967
38190.0,841,genus,0.0478034,Roseburia,ERR1089967
38190.0,1678,genus,0.0478034,Bifidobacterium,ERR1089967
38190.0,239759,genus,0.0478034,Alistipes,ERR1089967
38190.0,397864,genus,0.0478034,Barnesiella,ERR1089967
38190.0,189330,genus,0.0430231,Dorea,ERR1089967
38190.0,1663,genus,0.0430231,Arthrobacter,ERR1089967
38190.0,528,genus,0.0382427,Ochrobactrum,ERR1089967
38190.0,283168,genus,0.0382427,Odoribacter,ERR1089967
38190.0,724,genus,0.0334624,Haemophilus,ERR1089967
38190.0,1506553,genus,0.0334624,Lachnoclostridium,ERR1089967
38190.0,413496,genus,0.0286821,Cronobacter,ERR1089967
38190.0,2747,genus,0.0286821,Carnobacterium,ERR1089967
38190.0,84111,genus,0.0286821,Eggerthella,ERR1089967
38190.0,1485,genus,0.0239017,Clostridium,ERR1089967
38190.0,1569,genus,0.0239017,Sporosarcina,ERR1089967
38190.0,577310,genus,0.0239017,Parasutterella,ERR1089967
38190.0,133925,genus,0.0191214,Olsenella,ERR1089967
38190.0,620,genus,0.014341,Shigella,ERR1089967
38190.0,84108,genus,0.014341,Slackia,ERR1089967
38190.0,1263,genus,0.014341,Ruminococcus,ERR1089967
38190.0,180541,genus,0.014341,Salinisphaera,ERR1089967
38190.0,61170,genus,0.014341,Holdemania,ERR1089967
38190.0,898,genus,0.014341,Desulfomicrobium,ERR1089967
38190.0,29465,genus,0.00956069,Veillonella,ERR1089967
38190.0,35832,genus,0.00956069,Bilophila,ERR1089967
38190.0,445,genus,0.00956069,Legionella,ERR1089967
38190.0,233189,genus,0.00956069,Anaerolinea,ERR1089967
38190.0,182709,genus,0.00956069,Oceanobacillus,ERR1089967
38190.0,79328,genus,0.00956069,Chitinophaga,ERR1089967
38190.0,2172,genus,0.00956069,Methanobrevibacter,ERR1089967
38190.0,39948,genus,0.00956069,Dialister,ERR1089967
38190.0,207244,genus,0.00956069,Anaerostipes,ERR1089967
38190.0,570,genus,0.00956069,Klebsiella,ERR1089967
38190.0,165779,genus,0.00956069,Anaerococcus,ERR1089967
38190.0,1357,genus,0.00956069,Lactococcus,ERR1089967
38190.0,1279,genus,0.00956069,Staphylococcus,ERR1089967
38190.0,642,genus,0.00478034,Aeromonas,ERR1089967
38190.0,577309,genus,0.00478034,Paraprevotella,ERR1089967
38190.0,1030,genus,0.00478034,Thiothrix,ERR1089967
38190.0,28231,genus,0.00478034,Geobacter,ERR1089967
38190.0,157920,genus,0.00478034,Cellulosimicrobium,ERR1089967
38190.0,53335,genus,0.00478034,Pantoea,ERR1089967
38190.0,581,genus,0.00478034,Morganella,ERR1089967
38190.0,458032,genus,0.00478034,Chloracidobacterium,ERR1089967
38190.0,267986,genus,0.00478034,Owenweeksia,ERR1089967
38190.0,2745,genus,0.00478034,Halomonas,ERR1089967
38190.0,776,genus,0.00478034,Coxiella,ERR1089967
38190.0,1506577,genus,0.00478034,Tyzzerella,ERR1089967
38190.0,118747,genus,0.00478034,Bulleidia,ERR1089967
38190.0,233191,genus,0.00478034,Caldilinea,ERR1089967
38190.0,497,genus,0.00478034,Psychrobacter,ERR1089967
38190.0,52784,genus,0.00478034,Anaerofilum,ERR1089967
38190.0,32207,genus,0.00478034,Rothia,ERR1089967
38190.0,400634,genus,0.00478034,Lysinibacillus,ERR1089967
38190.0,150022,genus,0.00478034,Finegoldia,ERR1089967
38190.0,1505652,genus,0.00478034,Terrisporobacter,ERR1089967
38190.0,28453,genus,0.00478034,Sphingobacterium,ERR1089967
38190.0,1716,genus,0.00478034,Corynebacterium,ERR1089967
38190.0,28253,genus,0.00478034,Marinomonas,ERR1089967
38190.0,866673,genus,0.00478034,Marinifilum,ERR1089967
38190.0,168808,genus,0.00478034,Sneathia,ERR1089967
38190.0,156973,genus,0.00478034,Dysgonomonas,ERR1089967
38190.0,2299,genus,0.00478034,Desulfosarcina,ERR1089967
38190.0,1654,genus,0.00478034,Actinomyces,ERR1089967
38190.0,1200657,genus,0.00478034,Saccharofermentans,ERR1089967
38190.0,146813,genus,0.00478034,Dendrosporobacter,ERR1089967
38190.0,244127,genus,0.00478034,Anaerotruncus,ERR1089967
38190.0,150247,genus,0.00478034,Anoxybacillus,ERR1089967
38190.0,44249,genus,0.00478034,Paenibacillus,ERR1089967
38190.0,649460,genus,0.00478034,Filimonas,ERR1089967
,-1,genus,63.0193,Unknown,ERR1089967
38191.0,40323,genus,3.54025,Stenotrophomonas,ERR1089996
38191.0,816,genus,2.85612,Bacteroides,ERR1089996
38191.0,1678,genus,1.33716,Bifidobacterium,ERR1089996
38191.0,216851,genus,0.794163,Faecalibacterium,ERR1089996
38191.0,572511,genus,0.330104,Blautia,ERR1089996
38191.0,469,genus,0.315752,Acinetobacter,ERR1089996
38191.0,286,genus,0.251166,Pseudomonas,ERR1089996
38191.0,44249,genus,0.200933,Paenibacillus,ERR1089996
38191.0,904,genus,0.198541,Acidaminococcus,ERR1089996
38191.0,375288,genus,0.186581,Parabacteroides,ERR1089996
38191.0,85413,genus,0.160268,Bosea,ERR1089996
38191.0,590,genus,0.160268,Salmonella,ERR1089996
38191.0,239934,genus,0.157876,Akkermansia,ERR1089996
38191.0,528,genus,0.117211,Ochrobactrum,ERR1089996
38191.0,1573535,genus,0.107643,Holdemanella,ERR1089996
38191.0,1506553,genus,0.105251,Lachnoclostridium,ERR1089996
38191.0,1350,genus,0.102859,Enterococcus,ERR1089996
38191.0,561,genus,0.08133,Escherichia,ERR1089996
38191.0,1505663,genus,0.0717617,Erysipelatoclostridium,ERR1089996
38191.0,577310,genus,0.0645856,Parasutterella,ERR1089996
38191.0,1578,genus,0.0598015,Lactobacillus,ERR1089996
38191.0,1508657,genus,0.0598015,Ruminiclostridium,ERR1089996
38191.0,459786,genus,0.0574094,Oscillibacter,ERR1089996
38191.0,898,genus,0.0574094,Desulfomicrobium,ERR1089996
38191.0,397864,genus,0.0526253,Barnesiella,ERR1089996
38191.0,2147,genus,0.0502332,Acholeplasma,ERR1089996
38191.0,100883,genus,0.0502332,Coprobacillus,ERR1089996
38191.0,239759,genus,0.0478412,Alistipes,ERR1089996
38191.0,872,genus,0.0478412,Desulfovibrio,ERR1089996
38191.0,84111,genus,0.0430571,Eggerthella,ERR1089996
38191.0,501783,genus,0.040665,Cloacibacterium,ERR1089996
38191.0,68287,genus,0.040665,Mesorhizobium,ERR1089996
38191.0,39948,genus,0.0382729,Dialister,ERR1089996
38191.0,1730,genus,0.0310968,Eubacterium,ERR1089996
38191.0,1485,genus,0.0287047,Clostridium,ERR1089996
38191.0,841,genus,0.0215285,Roseburia,ERR1089996
38191.0,2299,genus,0.0215285,Desulfosarcina,ERR1089996
38191.0,1263,genus,0.0215285,Ruminococcus,ERR1089996
38191.0,1301,genus,0.0191365,Streptococcus,ERR1089996
38191.0,180541,genus,0.0191365,Salinisphaera,ERR1089996
38191.0,1017280,genus,0.0167444,Pseudoflavonifractor,ERR1089996
38191.0,620,genus,0.0167444,Shigella,ERR1089996
38191.0,33042,genus,0.0143524,Coprococcus,ERR1089996
38191.0,226,genus,0.0143524,Alteromonas,ERR1089996
38191.0,207244,genus,0.0143524,Anaerostipes,ERR1089996
38191.0,34037,genus,0.0119603,Rahnella,ERR1089996
38191.0,445,genus,0.0119603,Legionella,ERR1089996
38191.0,52784,genus,0.0119603,Anaerofilum,ERR1089996
38191.0,283168,genus,0.0119603,Odoribacter,ERR1089996
38191.0,265,genus,0.0119603,Paracoccus,ERR1089996
38191.0,332248,genus,0.00956823,Truepera,ERR1089996
38191.0,374,genus,0.00956823,Bradyrhizobium,ERR1089996
38191.0,626,genus,0.00956823,Xenorhabdus,ERR1089996
38191.0,146813,genus,0.00956823,Dendrosporobacter,ERR1089996
38191.0,1763,genus,0.00956823,Mycobacterium,ERR1089996
38191.0,262406,genus,0.00717618,Thermobaculum,ERR1089996
38191.0,61434,genus,0.00717618,Dehalococcoides,ERR1089996
38191.0,379,genus,0.00717618,Rhizobium,ERR1089996
38191.0,265980,genus,0.00717618,Alkalimonas,ERR1089996
38191.0,264995,genus,0.00478412,Anaerofustis,ERR1089996
38191.0,1386,genus,0.00478412,Bacillus,ERR1089996
38191.0,203804,genus,0.00478412,Candidatus Blochmannia,ERR1089996
38191.0,838,genus,0.00478412,Prevotella,ERR1089996
38191.0,2295,genus,0.00478412,Desulfobacterium,ERR1089996
38191.0,2172,genus,0.00478412,Methanobrevibacter,ERR1089996
38191.0,79328,genus,0.00478412,Chitinophaga,ERR1089996
38191.0,1573534,genus,0.00478412,Faecalitalea,ERR1089996
38191.0,28231,genus,0.00478412,Geobacter,ERR1089996
38191.0,413496,genus,0.00478412,Cronobacter,ERR1089996
38191.0,84565,genus,0.00478412,Sodalis,ERR1089996
38191.0,36853,genus,0.00478412,Desulfitobacterium,ERR1089996
38191.0,407,genus,0.00239206,Methylobacterium,ERR1089996
38191.0,41275,genus,0.00239206,Brevundimonas,ERR1089996
38191.0,581,genus,0.00239206,Morganella,ERR1089996
38191.0,1676142,genus,0.00239206,Wenzhouxiangella,ERR1089996
38191.0,46205,genus,0.00239206,Pseudobutyrivibrio,ERR1089996
38191.0,13687,genus,0.00239206,Sphingomonas,ERR1089996
38191.0,507,genus,0.00239206,Alcaligenes,ERR1089996
38191.0,1663,genus,0.00239206,Arthrobacter,ERR1089996
38191.0,475,genus,0.00239206,Moraxella,ERR1089996
38191.0,361177,genus,0.00239206,Altererythrobacter,ERR1089996
38191.0,47420,genus,0.00239206,Hydrogenophaga,ERR1089996
38191.0,702,genus,0.00239206,Plesiomonas,ERR1089996
38191.0,18,genus,0.00239206,Pelobacter,ERR1089996
38191.0,1380,genus,0.00239206,Atopobium,ERR1089996
38191.0,416,genus,0.00239206,Methylomonas,ERR1089996
38191.0,13275,genus,0.00239206,Suttonella,ERR1089996
38191.0,423604,genus,0.00239206,Elusimicrobium,ERR1089996
38191.0,53335,genus,0.00239206,Pantoea,ERR1089996
38191.0,649460,genus,0.00239206,Filimonas,ERR1089996
38191.0,269260,genus,0.00239206,Nitratifractor,ERR1089996
38191.0,96,genus,0.00239206,Gallionella,ERR1089996
38191.0,28105,genus,0.00239206,Sinorhizobium,ERR1089996
38191.0,165697,genus,0.00239206,Sphingopyxis,ERR1089996
38191.0,1279,genus,0.00239206,Staphylococcus,ERR1089996
38191.0,35832,genus,0.00239206,Bilophila,ERR1089996
38191.0,1257,genus,0.00239206,Peptostreptococcus,ERR1089996
38191.0,158481,genus,0.00239206,Hahella,ERR1089996
38191.0,79206,genus,0.00239206,Desulfosporosinus,ERR1089996
38191.0,2132,genus,0.00239206,Spiroplasma,ERR1089996
38191.0,135575,genus,0.00239206,Idiomarina,ERR1089996
38191.0,84567,genus,0.00239206,Pedobacter,ERR1089996
38191.0,160795,genus,0.00239206,Ureibacillus,ERR1089996
38191.0,583,genus,0.00239206,Proteus,ERR1089996
38191.0,233191,genus,0.00239206,Caldilinea,ERR1089996
38191.0,392332,genus,0.00239206,Geoalkalibacter,ERR1089996
38191.0,2742,genus,0.00239206,Marinobacter,ERR1089996
38191.0,1827,genus,0.00239206,Rhodococcus,ERR1089996
38191.0,795750,genus,0.00239206,Ignavibacterium,ERR1089996
38191.0,629,genus,0.00239206,Yersinia,ERR1089996
38191.0,40222,genus,0.00239206,Methylophaga,ERR1089996
38191.0,150022,genus,0.00239206,Finegoldia,ERR1089996
38191.0,55080,genus,0.00239206,Brevibacillus,ERR1089996
38191.0,642,genus,0.00239206,Aeromonas,ERR1089996
38191.0,2747,genus,0.00239206,Carnobacterium,ERR1089996
38191.0,173479,genus,0.00239206,Gemmatimonas,ERR1089996
38191.0,1279388,genus,0.00239206,Kandleria,ERR1089996
38191.0,117563,genus,0.00239206,Granulicatella,ERR1089996
38191.0,44748,genus,0.00239206,Sporobacter,ERR1089996
38191.0,490567,genus,0.00239206,Arenimonas,ERR1089996
38191.0,1679449,genus,0.00239206,Pseudooceanicola,ERR1089996
38191.0,1843210,genus,0.00239206,Anaerocolumna,ERR1089996
38191.0,1645,genus,0.00239206,Renibacterium,ERR1089996
38191.0,724,genus,0.00239206,Haemophilus,ERR1089996
38191.0,586,genus,0.00239206,Providencia,ERR1089996
38191.0,478070,genus,0.00239206,Labrenzia,ERR1089996
,-1,genus,87.6067,Unknown,ERR1089996
38191.0,40323,genus,3.54025,Stenotrophomonas,ERR1089996
38191.0,816,genus,2.85612,Bacteroides,ERR1089996
38191.0,1678,genus,1.33716,Bifidobacterium,ERR1089996
38191.0,216851,genus,0.794163,Faecalibacterium,ERR1089996
38191.0,572511,genus,0.330104,Blautia,ERR1089996
38191.0,469,genus,0.315752,Acinetobacter,ERR1089996
38191.0,286,genus,0.251166,Pseudomonas,ERR1089996
38191.0,44249,genus,0.200933,Paenibacillus,ERR1089996
38191.0,904,genus,0.198541,Acidaminococcus,ERR1089996
38191.0,375288,genus,0.186581,Parabacteroides,ERR1089996
38191.0,590,genus,0.160268,Salmonella,ERR1089996
38191.0,85413,genus,0.160268,Bosea,ERR1089996
38191.0,239934,genus,0.157876,Akkermansia,ERR1089996
38191.0,528,genus,0.117211,Ochrobactrum,ERR1089996
38191.0,1573535,genus,0.107643,Holdemanella,ERR1089996
38191.0,1506553,genus,0.105251,Lachnoclostridium,ERR1089996
38191.0,1350,genus,0.102859,Enterococcus,ERR1089996
38191.0,561,genus,0.08133,Escherichia,ERR1089996
38191.0,1505663,genus,0.0717617,Erysipelatoclostridium,ERR1089996
38191.0,577310,genus,0.0645856,Parasutterella,ERR1089996
38191.0,1508657,genus,0.0598015,Ruminiclostridium,ERR1089996
38191.0,1578,genus,0.0598015,Lactobacillus,ERR1089996
38191.0,459786,genus,0.0574094,Oscillibacter,ERR1089996
38191.0,898,genus,0.0574094,Desulfomicrobium,ERR1089996
38191.0,397864,genus,0.0526253,Barnesiella,ERR1089996
38191.0,2147,genus,0.0502332,Acholeplasma,ERR1089996
38191.0,100883,genus,0.0502332,Coprobacillus,ERR1089996
38191.0,872,genus,0.0478412,Desulfovibrio,ERR1089996
38191.0,239759,genus,0.0478412,Alistipes,ERR1089996
38191.0,84111,genus,0.0430571,Eggerthella,ERR1089996
38191.0,501783,genus,0.040665,Cloacibacterium,ERR1089996
38191.0,68287,genus,0.040665,Mesorhizobium,ERR1089996
38191.0,39948,genus,0.0382729,Dialister,ERR1089996
38191.0,1730,genus,0.0310968,Eubacterium,ERR1089996
38191.0,1485,genus,0.0287047,Clostridium,ERR1089996
38191.0,841,genus,0.0215285,Roseburia,ERR1089996
38191.0,2299,genus,0.0215285,Desulfosarcina,ERR1089996
38191.0,1263,genus,0.0215285,Ruminococcus,ERR1089996
38191.0,1301,genus,0.0191365,Streptococcus,ERR1089996
38191.0,180541,genus,0.0191365,Salinisphaera,ERR1089996
38191.0,1017280,genus,0.0167444,Pseudoflavonifractor,ERR1089996
38191.0,620,genus,0.0167444,Shigella,ERR1089996
38191.0,226,genus,0.0143524,Alteromonas,ERR1089996
38191.0,207244,genus,0.0143524,Anaerostipes,ERR1089996
38191.0,33042,genus,0.0143524,Coprococcus,ERR1089996
38191.0,445,genus,0.0119603,Legionella,ERR1089996
38191.0,52784,genus,0.0119603,Anaerofilum,ERR1089996
38191.0,283168,genus,0.0119603,Odoribacter,ERR1089996
38191.0,265,genus,0.0119603,Paracoccus,ERR1089996
38191.0,34037,genus,0.0119603,Rahnella,ERR1089996
38191.0,146813,genus,0.00956823,Dendrosporobacter,ERR1089996
38191.0,1763,genus,0.00956823,Mycobacterium,ERR1089996
38191.0,332248,genus,0.00956823,Truepera,ERR1089996
38191.0,626,genus,0.00956823,Xenorhabdus,ERR1089996
38191.0,374,genus,0.00956823,Bradyrhizobium,ERR1089996
38191.0,379,genus,0.00717618,Rhizobium,ERR1089996
38191.0,265980,genus,0.00717618,Alkalimonas,ERR1089996
38191.0,262406,genus,0.00717618,Thermobaculum,ERR1089996
38191.0,61434,genus,0.00717618,Dehalococcoides,ERR1089996
38191.0,79328,genus,0.00478412,Chitinophaga,ERR1089996
38191.0,2172,genus,0.00478412,Methanobrevibacter,ERR1089996
38191.0,1573534,genus,0.00478412,Faecalitalea,ERR1089996
38191.0,28231,genus,0.00478412,Geobacter,ERR1089996
38191.0,413496,genus,0.00478412,Cronobacter,ERR1089996
38191.0,36853,genus,0.00478412,Desulfitobacterium,ERR1089996
38191.0,84565,genus,0.00478412,Sodalis,ERR1089996
38191.0,264995,genus,0.00478412,Anaerofustis,ERR1089996
38191.0,1386,genus,0.00478412,Bacillus,ERR1089996
38191.0,203804,genus,0.00478412,Candidatus Blochmannia,ERR1089996
38191.0,838,genus,0.00478412,Prevotella,ERR1089996
38191.0,2295,genus,0.00478412,Desulfobacterium,ERR1089996
38191.0,1279,genus,0.00239206,Staphylococcus,ERR1089996
38191.0,165697,genus,0.00239206,Sphingopyxis,ERR1089996
38191.0,35832,genus,0.00239206,Bilophila,ERR1089996
38191.0,1257,genus,0.00239206,Peptostreptococcus,ERR1089996
38191.0,158481,genus,0.00239206,Hahella,ERR1089996
38191.0,79206,genus,0.00239206,Desulfosporosinus,ERR1089996
38191.0,2132,genus,0.00239206,Spiroplasma,ERR1089996
38191.0,135575,genus,0.00239206,Idiomarina,ERR1089996
38191.0,160795,genus,0.00239206,Ureibacillus,ERR1089996
38191.0,583,genus,0.00239206,Proteus,ERR1089996
38191.0,84567,genus,0.00239206,Pedobacter,ERR1089996
38191.0,392332,genus,0.00239206,Geoalkalibacter,ERR1089996
38191.0,2742,genus,0.00239206,Marinobacter,ERR1089996
38191.0,1827,genus,0.00239206,Rhodococcus,ERR1089996
38191.0,233191,genus,0.00239206,Caldilinea,ERR1089996
38191.0,150022,genus,0.00239206,Finegoldia,ERR1089996
38191.0,55080,genus,0.00239206,Brevibacillus,ERR1089996
38191.0,795750,genus,0.00239206,Ignavibacterium,ERR1089996
38191.0,629,genus,0.00239206,Yersinia,ERR1089996
38191.0,40222,genus,0.00239206,Methylophaga,ERR1089996
38191.0,642,genus,0.00239206,Aeromonas,ERR1089996
38191.0,2747,genus,0.00239206,Carnobacterium,ERR1089996
38191.0,173479,genus,0.00239206,Gemmatimonas,ERR1089996
38191.0,117563,genus,0.00239206,Granulicatella,ERR1089996
38191.0,44748,genus,0.00239206,Sporobacter,ERR1089996
38191.0,490567,genus,0.00239206,Arenimonas,ERR1089996
38191.0,1679449,genus,0.00239206,Pseudooceanicola,ERR1089996
38191.0,1279388,genus,0.00239206,Kandleria,ERR1089996
38191.0,1843210,genus,0.00239206,Anaerocolumna,ERR1089996
38191.0,1645,genus,0.00239206,Renibacterium,ERR1089996
38191.0,586,genus,0.00239206,Providencia,ERR1089996
38191.0,478070,genus,0.00239206,Labrenzia,ERR1089996
38191.0,724,genus,0.00239206,Haemophilus,ERR1089996
38191.0,581,genus,0.00239206,Morganella,ERR1089996
38191.0,1676142,genus,0.00239206,Wenzhouxiangella,ERR1089996
38191.0,407,genus,0.00239206,Methylobacterium,ERR1089996
38191.0,41275,genus,0.00239206,Brevundimonas,ERR1089996
38191.0,1663,genus,0.00239206,Arthrobacter,ERR1089996
38191.0,46205,genus,0.00239206,Pseudobutyrivibrio,ERR1089996
38191.0,13687,genus,0.00239206,Sphingomonas,ERR1089996
38191.0,507,genus,0.00239206,Alcaligenes,ERR1089996
38191.0,47420,genus,0.00239206,Hydrogenophaga,ERR1089996
38191.0,702,genus,0.00239206,Plesiomonas,ERR1089996
38191.0,18,genus,0.00239206,Pelobacter,ERR1089996
38191.0,475,genus,0.00239206,Moraxella,ERR1089996
38191.0,361177,genus,0.00239206,Altererythrobacter,ERR1089996
38191.0,1380,genus,0.00239206,Atopobium,ERR1089996
38191.0,416,genus,0.00239206,Methylomonas,ERR1089996
38191.0,13275,genus,0.00239206,Suttonella,ERR1089996
38191.0,423604,genus,0.00239206,Elusimicrobium,ERR1089996
38191.0,53335,genus,0.00239206,Pantoea,ERR1089996
38191.0,96,genus,0.00239206,Gallionella,ERR1089996
38191.0,28105,genus,0.00239206,Sinorhizobium,ERR1089996
38191.0,649460,genus,0.00239206,Filimonas,ERR1089996
38191.0,269260,genus,0.00239206,Nitratifractor,ERR1089996
,-1,genus,87.6067,Unknown,ERR1089996
38191.0,40323,genus,3.54025,Stenotrophomonas,ERR1089996
38191.0,816,genus,2.85612,Bacteroides,ERR1089996
38191.0,1678,genus,1.33716,Bifidobacterium,ERR1089996
38191.0,216851,genus,0.794163,Faecalibacterium,ERR1089996
38191.0,572511,genus,0.330104,Blautia,ERR1089996
38191.0,469,genus,0.315752,Acinetobacter,ERR1089996
38191.0,286,genus,0.251166,Pseudomonas,ERR1089996
38191.0,44249,genus,0.200933,Paenibacillus,ERR1089996
38191.0,904,genus,0.198541,Acidaminococcus,ERR1089996
38191.0,375288,genus,0.186581,Parabacteroides,ERR1089996
38191.0,85413,genus,0.160268,Bosea,ERR1089996
38191.0,590,genus,0.160268,Salmonella,ERR1089996
38191.0,239934,genus,0.157876,Akkermansia,ERR1089996
38191.0,528,genus,0.117211,Ochrobactrum,ERR1089996
38191.0,1573535,genus,0.107643,Holdemanella,ERR1089996
38191.0,1506553,genus,0.105251,Lachnoclostridium,ERR1089996
38191.0,1350,genus,0.102859,Enterococcus,ERR1089996
38191.0,561,genus,0.08133,Escherichia,ERR1089996
38191.0,1505663,genus,0.0717617,Erysipelatoclostridium,ERR1089996
38191.0,577310,genus,0.0645856,Parasutterella,ERR1089996
38191.0,1578,genus,0.0598015,Lactobacillus,ERR1089996
38191.0,1508657,genus,0.0598015,Ruminiclostridium,ERR1089996
38191.0,459786,genus,0.0574094,Oscillibacter,ERR1089996
38191.0,898,genus,0.0574094,Desulfomicrobium,ERR1089996
38191.0,397864,genus,0.0526253,Barnesiella,ERR1089996
38191.0,2147,genus,0.0502332,Acholeplasma,ERR1089996
38191.0,100883,genus,0.0502332,Coprobacillus,ERR1089996
38191.0,239759,genus,0.0478412,Alistipes,ERR1089996
38191.0,872,genus,0.0478412,Desulfovibrio,ERR1089996
38191.0,84111,genus,0.0430571,Eggerthella,ERR1089996
38191.0,501783,genus,0.040665,Cloacibacterium,ERR1089996
38191.0,68287,genus,0.040665,Mesorhizobium,ERR1089996
38191.0,39948,genus,0.0382729,Dialister,ERR1089996
38191.0,1730,genus,0.0310968,Eubacterium,ERR1089996
38191.0,1485,genus,0.0287047,Clostridium,ERR1089996
38191.0,2299,genus,0.0215285,Desulfosarcina,ERR1089996
38191.0,1263,genus,0.0215285,Ruminococcus,ERR1089996
38191.0,841,genus,0.0215285,Roseburia,ERR1089996
38191.0,1301,genus,0.0191365,Streptococcus,ERR1089996
38191.0,180541,genus,0.0191365,Salinisphaera,ERR1089996
38191.0,1017280,genus,0.0167444,Pseudoflavonifractor,ERR1089996
38191.0,620,genus,0.0167444,Shigella,ERR1089996
38191.0,226,genus,0.0143524,Alteromonas,ERR1089996
38191.0,207244,genus,0.0143524,Anaerostipes,ERR1089996
38191.0,33042,genus,0.0143524,Coprococcus,ERR1089996
38191.0,34037,genus,0.0119603,Rahnella,ERR1089996
38191.0,445,genus,0.0119603,Legionella,ERR1089996
38191.0,52784,genus,0.0119603,Anaerofilum,ERR1089996
38191.0,283168,genus,0.0119603,Odoribacter,ERR1089996
38191.0,265,genus,0.0119603,Paracoccus,ERR1089996
38191.0,332248,genus,0.00956823,Truepera,ERR1089996
38191.0,374,genus,0.00956823,Bradyrhizobium,ERR1089996
38191.0,626,genus,0.00956823,Xenorhabdus,ERR1089996
38191.0,146813,genus,0.00956823,Dendrosporobacter,ERR1089996
38191.0,1763,genus,0.00956823,Mycobacterium,ERR1089996
38191.0,61434,genus,0.00717618,Dehalococcoides,ERR1089996
38191.0,379,genus,0.00717618,Rhizobium,ERR1089996
38191.0,265980,genus,0.00717618,Alkalimonas,ERR1089996
38191.0,262406,genus,0.00717618,Thermobaculum,ERR1089996
38191.0,838,genus,0.00478412,Prevotella,ERR1089996
38191.0,2295,genus,0.00478412,Desulfobacterium,ERR1089996
38191.0,2172,genus,0.00478412,Methanobrevibacter,ERR1089996
38191.0,79328,genus,0.00478412,Chitinophaga,ERR1089996
38191.0,1573534,genus,0.00478412,Faecalitalea,ERR1089996
38191.0,28231,genus,0.00478412,Geobacter,ERR1089996
38191.0,413496,genus,0.00478412,Cronobacter,ERR1089996
38191.0,84565,genus,0.00478412,Sodalis,ERR1089996
38191.0,36853,genus,0.00478412,Desulfitobacterium,ERR1089996
38191.0,264995,genus,0.00478412,Anaerofustis,ERR1089996
38191.0,1386,genus,0.00478412,Bacillus,ERR1089996
38191.0,203804,genus,0.00478412,Candidatus Blochmannia,ERR1089996
38191.0,1380,genus,0.00239206,Atopobium,ERR1089996
38191.0,416,genus,0.00239206,Methylomonas,ERR1089996
38191.0,13275,genus,0.00239206,Suttonella,ERR1089996
38191.0,423604,genus,0.00239206,Elusimicrobium,ERR1089996
38191.0,53335,genus,0.00239206,Pantoea,ERR1089996
38191.0,649460,genus,0.00239206,Filimonas,ERR1089996
38191.0,269260,genus,0.00239206,Nitratifractor,ERR1089996
38191.0,96,genus,0.00239206,Gallionella,ERR1089996
38191.0,28105,genus,0.00239206,Sinorhizobium,ERR1089996
38191.0,165697,genus,0.00239206,Sphingopyxis,ERR1089996
38191.0,1279,genus,0.00239206,Staphylococcus,ERR1089996
38191.0,35832,genus,0.00239206,Bilophila,ERR1089996
38191.0,1257,genus,0.00239206,Peptostreptococcus,ERR1089996
38191.0,158481,genus,0.00239206,Hahella,ERR1089996
38191.0,79206,genus,0.00239206,Desulfosporosinus,ERR1089996
38191.0,2132,genus,0.00239206,Spiroplasma,ERR1089996
38191.0,135575,genus,0.00239206,Idiomarina,ERR1089996
38191.0,84567,genus,0.00239206,Pedobacter,ERR1089996
38191.0,160795,genus,0.00239206,Ureibacillus,ERR1089996
38191.0,583,genus,0.00239206,Proteus,ERR1089996
38191.0,233191,genus,0.00239206,Caldilinea,ERR1089996
38191.0,392332,genus,0.00239206,Geoalkalibacter,ERR1089996
38191.0,2742,genus,0.00239206,Marinobacter,ERR1089996
38191.0,1827,genus,0.00239206,Rhodococcus,ERR1089996
38191.0,795750,genus,0.00239206,Ignavibacterium,ERR1089996
38191.0,629,genus,0.00239206,Yersinia,ERR1089996
38191.0,40222,genus,0.00239206,Methylophaga,ERR1089996
38191.0,150022,genus,0.00239206,Finegoldia,ERR1089996
38191.0,55080,genus,0.00239206,Brevibacillus,ERR1089996
38191.0,642,genus,0.00239206,Aeromonas,ERR1089996
38191.0,2747,genus,0.00239206,Carnobacterium,ERR1089996
38191.0,173479,genus,0.00239206,Gemmatimonas,ERR1089996
38191.0,1279388,genus,0.00239206,Kandleria,ERR1089996
38191.0,117563,genus,0.00239206,Granulicatella,ERR1089996
38191.0,44748,genus,0.00239206,Sporobacter,ERR1089996
38191.0,490567,genus,0.00239206,Arenimonas,ERR1089996
38191.0,1679449,genus,0.00239206,Pseudooceanicola,ERR1089996
38191.0,1843210,genus,0.00239206,Anaerocolumna,ERR1089996
38191.0,1645,genus,0.00239206,Renibacterium,ERR1089996
38191.0,724,genus,0.00239206,Haemophilus,ERR1089996
38191.0,586,genus,0.00239206,Providencia,ERR1089996
38191.0,478070,genus,0.00239206,Labrenzia,ERR1089996
38191.0,407,genus,0.00239206,Methylobacterium,ERR1089996
38191.0,41275,genus,0.00239206,Brevundimonas,ERR1089996
38191.0,581,genus,0.00239206,Morganella,ERR1089996
38191.0,1676142,genus,0.00239206,Wenzhouxiangella,ERR1089996
38191.0,46205,genus,0.00239206,Pseudobutyrivibrio,ERR1089996
38191.0,13687,genus,0.00239206,Sphingomonas,ERR1089996
38191.0,507,genus,0.00239206,Alcaligenes,ERR1089996
38191.0,1663,genus,0.00239206,Arthrobacter,ERR1089996
38191.0,475,genus,0.00239206,Moraxella,ERR1089996
38191.0,361177,genus,0.00239206,Altererythrobacter,ERR1089996
38191.0,47420,genus,0.00239206,Hydrogenophaga,ERR1089996
38191.0,702,genus,0.00239206,Plesiomonas,ERR1089996
38191.0,18,genus,0.00239206,Pelobacter,ERR1089996
,-1,genus,87.6067,Unknown,ERR1089996
38192.0,40323,genus,0.689198,Stenotrophomonas,ERR1090068
38192.0,216851,genus,0.618511,Faecalibacterium,ERR1090068
38192.0,1386,genus,0.490391,Bacillus,ERR1090068
38192.0,838,genus,0.296002,Prevotella,ERR1090068
38192.0,469,genus,0.216479,Acinetobacter,ERR1090068
38192.0,375288,genus,0.163464,Parabacteroides,ERR1090068
38192.0,226,genus,0.15021,Alteromonas,ERR1090068
38192.0,1573535,genus,0.123702,Holdemanella,ERR1090068
38192.0,86331,genus,0.110448,Mogibacterium,ERR1090068
38192.0,590,genus,0.0971946,Salmonella,ERR1090068
38192.0,572511,genus,0.0883587,Blautia,ERR1090068
38192.0,872,genus,0.0751049,Desulfovibrio,ERR1090068
38192.0,459786,genus,0.070687,Oscillibacter,ERR1090068
38192.0,816,genus,0.0662691,Bacteroides,ERR1090068
38192.0,118747,genus,0.0662691,Bulleidia,ERR1090068
38192.0,898,genus,0.0662691,Desulfomicrobium,ERR1090068
38192.0,1508657,genus,0.0574332,Ruminiclostridium,ERR1090068
38192.0,1506553,genus,0.0574332,Lachnoclostridium,ERR1090068
38192.0,189330,genus,0.0397614,Dorea,ERR1090068
38192.0,561,genus,0.0353435,Escherichia,ERR1090068
38192.0,44249,genus,0.0309256,Paenibacillus,ERR1090068
38192.0,2172,genus,0.0309256,Methanobrevibacter,ERR1090068
38192.0,442430,genus,0.0309256,Coraliomargarita,ERR1090068
38192.0,2299,genus,0.0265076,Desulfosarcina,ERR1090068
38192.0,1505663,genus,0.0265076,Erysipelatoclostridium,ERR1090068
38192.0,194,genus,0.0265076,Campylobacter,ERR1090068
38192.0,44748,genus,0.0265076,Sporobacter,ERR1090068
38192.0,286,genus,0.0265076,Pseudomonas,ERR1090068
38192.0,904,genus,0.0220897,Acidaminococcus,ERR1090068
38192.0,1291539,genus,0.0176717,Candidatus Methanomethylophilus,ERR1090068
38192.0,2717,genus,0.0176717,Cardiobacterium,ERR1090068
38192.0,2740,genus,0.0176717,Peptococcus,ERR1090068
38192.0,180541,genus,0.0132538,Salinisphaera,ERR1090068
38192.0,1730,genus,0.0132538,Eubacterium,ERR1090068
38192.0,182709,genus,0.0132538,Oceanobacillus,ERR1090068
38192.0,2147,genus,0.0132538,Acholeplasma,ERR1090068
38192.0,1578,genus,0.0132538,Lactobacillus,ERR1090068
38192.0,1678,genus,0.0132538,Bifidobacterium,ERR1090068
38192.0,1301,genus,0.0132538,Streptococcus,ERR1090068
38192.0,13687,genus,0.0132538,Sphingomonas,ERR1090068
38192.0,61170,genus,0.0132538,Holdemania,ERR1090068
38192.0,51228,genus,0.00883587,Wigglesworthia,ERR1090068
38192.0,990721,genus,0.00883587,Christensenella,ERR1090068
38192.0,702,genus,0.00883587,Plesiomonas,ERR1090068
38192.0,233191,genus,0.00883587,Caldilinea,ERR1090068
38192.0,239934,genus,0.00883587,Akkermansia,ERR1090068
38192.0,146813,genus,0.00883587,Dendrosporobacter,ERR1090068
38192.0,58050,genus,0.00883587,Moritella,ERR1090068
38192.0,265980,genus,0.00883587,Alkalimonas,ERR1090068
38192.0,306539,genus,0.00441794,Halolactibacillus,ERR1090068
38192.0,626,genus,0.00441794,Xenorhabdus,ERR1090068
38192.0,332248,genus,0.00441794,Truepera,ERR1090068
38192.0,1357,genus,0.00441794,Lactococcus,ERR1090068
38192.0,33042,genus,0.00441794,Coprococcus,ERR1090068
38192.0,34037,genus,0.00441794,Rahnella,ERR1090068
38192.0,1350,genus,0.00441794,Enterococcus,ERR1090068
38192.0,581,genus,0.00441794,Morganella,ERR1090068
38192.0,413496,genus,0.00441794,Cronobacter,ERR1090068
38192.0,830,genus,0.00441794,Butyrivibrio,ERR1090068
38192.0,1505657,genus,0.00441794,Intestinibacter,ERR1090068
38192.0,1263,genus,0.00441794,Ruminococcus,ERR1090068
38192.0,1485,genus,0.00441794,Clostridium,ERR1090068
38192.0,55080,genus,0.00441794,Brevibacillus,ERR1090068
38192.0,244127,genus,0.00441794,Anaerotruncus,ERR1090068
38192.0,28453,genus,0.00441794,Sphingobacterium,ERR1090068
38192.0,239759,genus,0.00441794,Alistipes,ERR1090068
38192.0,445,genus,0.00441794,Legionella,ERR1090068
38192.0,46254,genus,0.00441794,Oenococcus,ERR1090068
38192.0,262406,genus,0.00441794,Thermobaculum,ERR1090068
38192.0,411566,genus,0.00441794,Candidatus Midichloria,ERR1090068
38192.0,841,genus,0.00441794,Roseburia,ERR1090068
38192.0,52784,genus,0.00441794,Anaerofilum,ERR1090068
38192.0,79328,genus,0.00441794,Chitinophaga,ERR1090068
38192.0,29526,genus,0.00441794,Syntrophobacter,ERR1090068
38192.0,1652133,genus,0.00441794,Halobacteriovorax,ERR1090068
38192.0,13275,genus,0.00441794,Suttonella,ERR1090068
38192.0,29330,genus,0.00441794,Alicyclobacillus,ERR1090068
38192.0,1696,genus,0.00441794,Brevibacterium,ERR1090068
,-1,genus,95.7985,Unknown,ERR1090068
38192.0,40323,genus,0.689198,Stenotrophomonas,ERR1090068
38192.0,216851,genus,0.618511,Faecalibacterium,ERR1090068
38192.0,1386,genus,0.490391,Bacillus,ERR1090068
38192.0,838,genus,0.296002,Prevotella,ERR1090068
38192.0,469,genus,0.216479,Acinetobacter,ERR1090068
38192.0,375288,genus,0.163464,Parabacteroides,ERR1090068
38192.0,226,genus,0.15021,Alteromonas,ERR1090068
38192.0,1573535,genus,0.123702,Holdemanella,ERR1090068
38192.0,86331,genus,0.110448,Mogibacterium,ERR1090068
38192.0,590,genus,0.0971946,Salmonella,ERR1090068
38192.0,572511,genus,0.0883587,Blautia,ERR1090068
38192.0,872,genus,0.0751049,Desulfovibrio,ERR1090068
38192.0,459786,genus,0.070687,Oscillibacter,ERR1090068
38192.0,118747,genus,0.0662691,Bulleidia,ERR1090068
38192.0,898,genus,0.0662691,Desulfomicrobium,ERR1090068
38192.0,816,genus,0.0662691,Bacteroides,ERR1090068
38192.0,1508657,genus,0.0574332,Ruminiclostridium,ERR1090068
38192.0,1506553,genus,0.0574332,Lachnoclostridium,ERR1090068
38192.0,189330,genus,0.0397614,Dorea,ERR1090068
38192.0,561,genus,0.0353435,Escherichia,ERR1090068
38192.0,44249,genus,0.0309256,Paenibacillus,ERR1090068
38192.0,2172,genus,0.0309256,Methanobrevibacter,ERR1090068
38192.0,442430,genus,0.0309256,Coraliomargarita,ERR1090068
38192.0,2299,genus,0.0265076,Desulfosarcina,ERR1090068
38192.0,1505663,genus,0.0265076,Erysipelatoclostridium,ERR1090068
38192.0,194,genus,0.0265076,Campylobacter,ERR1090068
38192.0,44748,genus,0.0265076,Sporobacter,ERR1090068
38192.0,286,genus,0.0265076,Pseudomonas,ERR1090068
38192.0,904,genus,0.0220897,Acidaminococcus,ERR1090068
38192.0,1291539,genus,0.0176717,Candidatus Methanomethylophilus,ERR1090068
38192.0,2717,genus,0.0176717,Cardiobacterium,ERR1090068
38192.0,2740,genus,0.0176717,Peptococcus,ERR1090068
38192.0,1730,genus,0.0132538,Eubacterium,ERR1090068
38192.0,182709,genus,0.0132538,Oceanobacillus,ERR1090068
38192.0,2147,genus,0.0132538,Acholeplasma,ERR1090068
38192.0,1578,genus,0.0132538,Lactobacillus,ERR1090068
38192.0,1678,genus,0.0132538,Bifidobacterium,ERR1090068
38192.0,1301,genus,0.0132538,Streptococcus,ERR1090068
38192.0,13687,genus,0.0132538,Sphingomonas,ERR1090068
38192.0,61170,genus,0.0132538,Holdemania,ERR1090068
38192.0,180541,genus,0.0132538,Salinisphaera,ERR1090068
38192.0,51228,genus,0.00883587,Wigglesworthia,ERR1090068
38192.0,990721,genus,0.00883587,Christensenella,ERR1090068
38192.0,702,genus,0.00883587,Plesiomonas,ERR1090068
38192.0,233191,genus,0.00883587,Caldilinea,ERR1090068
38192.0,239934,genus,0.00883587,Akkermansia,ERR1090068
38192.0,146813,genus,0.00883587,Dendrosporobacter,ERR1090068
38192.0,58050,genus,0.00883587,Moritella,ERR1090068
38192.0,265980,genus,0.00883587,Alkalimonas,ERR1090068
38192.0,1357,genus,0.00441794,Lactococcus,ERR1090068
38192.0,33042,genus,0.00441794,Coprococcus,ERR1090068
38192.0,34037,genus,0.00441794,Rahnella,ERR1090068
38192.0,1350,genus,0.00441794,Enterococcus,ERR1090068
38192.0,581,genus,0.00441794,Morganella,ERR1090068
38192.0,413496,genus,0.00441794,Cronobacter,ERR1090068
38192.0,830,genus,0.00441794,Butyrivibrio,ERR1090068
38192.0,1505657,genus,0.00441794,Intestinibacter,ERR1090068
38192.0,1263,genus,0.00441794,Ruminococcus,ERR1090068
38192.0,1485,genus,0.00441794,Clostridium,ERR1090068
38192.0,55080,genus,0.00441794,Brevibacillus,ERR1090068
38192.0,244127,genus,0.00441794,Anaerotruncus,ERR1090068
38192.0,28453,genus,0.00441794,Sphingobacterium,ERR1090068
38192.0,239759,genus,0.00441794,Alistipes,ERR1090068
38192.0,445,genus,0.00441794,Legionella,ERR1090068
38192.0,46254,genus,0.00441794,Oenococcus,ERR1090068
38192.0,262406,genus,0.00441794,Thermobaculum,ERR1090068
38192.0,411566,genus,0.00441794,Candidatus Midichloria,ERR1090068
38192.0,841,genus,0.00441794,Roseburia,ERR1090068
38192.0,52784,genus,0.00441794,Anaerofilum,ERR1090068
38192.0,79328,genus,0.00441794,Chitinophaga,ERR1090068
38192.0,29526,genus,0.00441794,Syntrophobacter,ERR1090068
38192.0,1652133,genus,0.00441794,Halobacteriovorax,ERR1090068
38192.0,13275,genus,0.00441794,Suttonella,ERR1090068
38192.0,29330,genus,0.00441794,Alicyclobacillus,ERR1090068
38192.0,1696,genus,0.00441794,Brevibacterium,ERR1090068
38192.0,306539,genus,0.00441794,Halolactibacillus,ERR1090068
38192.0,626,genus,0.00441794,Xenorhabdus,ERR1090068
38192.0,332248,genus,0.00441794,Truepera,ERR1090068
,-1,genus,95.7985,Unknown,ERR1090068
38193.0,216851,genus,16.2349,Faecalibacterium,ERR1090120
38193.0,1678,genus,15.2803,Bifidobacterium,ERR1090120
38193.0,816,genus,13.1755,Bacteroides,ERR1090120
38193.0,1508657,genus,5.06923,Ruminiclostridium,ERR1090120
38193.0,838,genus,4.64493,Prevotella,ERR1090120
38193.0,572511,genus,3.72934,Blautia,ERR1090120
38193.0,1505663,genus,2.1159,Erysipelatoclostridium,ERR1090120
38193.0,459786,genus,1.21706,Oscillibacter,ERR1090120
38193.0,239759,genus,1.13332,Alistipes,ERR1090120
38193.0,1505657,genus,1.1054,Intestinibacter,ERR1090120
38193.0,1350,genus,0.876507,Enterococcus,ERR1090120
38193.0,577309,genus,0.614113,Paraprevotella,ERR1090120
38193.0,1301,genus,0.591782,Streptococcus,ERR1090120
38193.0,84111,genus,0.575033,Eggerthella,ERR1090120
38193.0,1506553,genus,0.558285,Lachnoclostridium,ERR1090120
38193.0,44748,genus,0.519205,Sporobacter,ERR1090120
38193.0,375288,genus,0.502456,Parabacteroides,ERR1090120
38193.0,33042,genus,0.374051,Coprococcus,ERR1090120
38193.0,1730,genus,0.35172,Eubacterium,ERR1090120
38193.0,1263,genus,0.329388,Ruminococcus,ERR1090120
38193.0,841,genus,0.295891,Roseburia,ERR1090120
38193.0,1578,genus,0.262394,Lactobacillus,ERR1090120
38193.0,189330,genus,0.251228,Dorea,ERR1090120
38193.0,1386,genus,0.206565,Bacillus,ERR1090120
38193.0,283168,genus,0.15632,Odoribacter,ERR1090120
38193.0,397864,genus,0.150737,Barnesiella,ERR1090120
38193.0,244127,genus,0.150737,Anaerotruncus,ERR1090120
38193.0,52784,genus,0.145154,Anaerofilum,ERR1090120
38193.0,1380,genus,0.133988,Atopobium,ERR1090120
38193.0,1485,genus,0.122823,Clostridium,ERR1090120
38193.0,133925,genus,0.0614113,Olsenella,ERR1090120
38193.0,165779,genus,0.0390799,Anaerococcus,ERR1090120
38193.0,2086,genus,0.0390799,Anaeroplasma,ERR1090120
38193.0,1654,genus,0.0390799,Actinomyces,ERR1090120
38193.0,583,genus,0.0390799,Proteus,ERR1090120
38193.0,1253,genus,0.0334971,Pediococcus,ERR1090120
38193.0,1378,genus,0.0334971,Gemella,ERR1090120
38193.0,1645,genus,0.0279142,Renibacterium,ERR1090120
38193.0,233191,genus,0.0223314,Caldilinea,ERR1090120
38193.0,1843210,genus,0.0223314,Anaerocolumna,ERR1090120
38193.0,61434,genus,0.0223314,Dehalococcoides,ERR1090120
38193.0,44249,genus,0.0167485,Paenibacillus,ERR1090120
38193.0,35832,genus,0.0167485,Bilophila,ERR1090120
38193.0,100883,genus,0.0167485,Coprobacillus,ERR1090120
38193.0,32207,genus,0.0167485,Rothia,ERR1090120
38193.0,1870884,genus,0.0111657,Clostridioides,ERR1090120
38193.0,848,genus,0.0111657,Fusobacterium,ERR1090120
38193.0,1357,genus,0.0111657,Lactococcus,ERR1090120
38193.0,836,genus,0.0111657,Porphyromonas,ERR1090120
38193.0,114627,genus,0.0111657,Alkaliphilus,ERR1090120
38193.0,102106,genus,0.0111657,Collinsella,ERR1090120
38193.0,1279,genus,0.0111657,Staphylococcus,ERR1090120
38193.0,1017280,genus,0.0111657,Pseudoflavonifractor,ERR1090120
38193.0,150022,genus,0.0111657,Finegoldia,ERR1090120
38193.0,233189,genus,0.0111657,Anaerolinea,ERR1090120
38193.0,33882,genus,0.0111657,Microbacterium,ERR1090120
38193.0,253238,genus,0.00558285,Ethanoligenens,ERR1090120
38193.0,866,genus,0.00558285,Ruminobacter,ERR1090120
38193.0,44260,genus,0.00558285,Moorella,ERR1090120
38193.0,1769729,genus,0.00558285,Hathewaya,ERR1090120
38193.0,64001,genus,0.00558285,Nevskia,ERR1090120
38193.0,904,genus,0.00558285,Acidaminococcus,ERR1090120
38193.0,203804,genus,0.00558285,Candidatus Blochmannia,ERR1090120
38193.0,76831,genus,0.00558285,Myroides,ERR1090120
38193.0,795750,genus,0.00558285,Ignavibacterium,ERR1090120
38193.0,13075,genus,0.00558285,Globicatella,ERR1090120
38193.0,1257,genus,0.00558285,Peptostreptococcus,ERR1090120
38193.0,207244,genus,0.00558285,Anaerostipes,ERR1090120
38193.0,898,genus,0.00558285,Desulfomicrobium,ERR1090120
38193.0,166484,genus,0.00558285,Caminicella,ERR1090120
38193.0,312278,genus,0.00558285,Emticicia,ERR1090120
38193.0,278993,genus,0.00558285,Thermincola,ERR1090120
38193.0,2132,genus,0.00558285,Spiroplasma,ERR1090120
38193.0,269773,genus,0.00558285,Atopococcus,ERR1090120
38193.0,13687,genus,0.00558285,Sphingomonas,ERR1090120
38193.0,286,genus,0.00558285,Pseudomonas,ERR1090120
38193.0,239934,genus,0.00558285,Akkermansia,ERR1090120
38193.0,1742989,genus,0.00558285,Glutamicibacter,ERR1090120
38193.0,42255,genus,0.00558285,Rubrobacter,ERR1090120
38193.0,262406,genus,0.00558285,Thermobaculum,ERR1090120
38193.0,162289,genus,0.00558285,Peptoniphilus,ERR1090120
38193.0,670486,genus,0.00558285,Dehalogenimonas,ERR1090120
38193.0,93,genus,0.00558285,Stella,ERR1090120
38193.0,590,genus,0.00558285,Salmonella,ERR1090120
38193.0,644652,genus,0.00558285,Gordonibacter,ERR1090120
38193.0,235888,genus,0.00558285,Salinibacterium,ERR1090120
38193.0,2717,genus,0.00558285,Cardiobacterium,ERR1090120
38193.0,40323,genus,0.00558285,Stenotrophomonas,ERR1090120
,-1,genus,27.9198,Unknown,ERR1090120
38193.0,216851,genus,16.2349,Faecalibacterium,ERR1090120
38193.0,1678,genus,15.2803,Bifidobacterium,ERR1090120
38193.0,816,genus,13.1755,Bacteroides,ERR1090120
38193.0,1508657,genus,5.06923,Ruminiclostridium,ERR1090120
38193.0,838,genus,4.64493,Prevotella,ERR1090120
38193.0,572511,genus,3.72934,Blautia,ERR1090120
38193.0,1505663,genus,2.1159,Erysipelatoclostridium,ERR1090120
38193.0,459786,genus,1.21706,Oscillibacter,ERR1090120
38193.0,239759,genus,1.13332,Alistipes,ERR1090120
38193.0,1505657,genus,1.1054,Intestinibacter,ERR1090120
38193.0,1350,genus,0.876507,Enterococcus,ERR1090120
38193.0,577309,genus,0.614113,Paraprevotella,ERR1090120
38193.0,1301,genus,0.591782,Streptococcus,ERR1090120
38193.0,84111,genus,0.575033,Eggerthella,ERR1090120
38193.0,1506553,genus,0.558285,Lachnoclostridium,ERR1090120
38193.0,44748,genus,0.519205,Sporobacter,ERR1090120
38193.0,375288,genus,0.502456,Parabacteroides,ERR1090120
38193.0,33042,genus,0.374051,Coprococcus,ERR1090120
38193.0,1730,genus,0.35172,Eubacterium,ERR1090120
38193.0,1263,genus,0.329388,Ruminococcus,ERR1090120
38193.0,841,genus,0.295891,Roseburia,ERR1090120
38193.0,1578,genus,0.262394,Lactobacillus,ERR1090120
38193.0,189330,genus,0.251228,Dorea,ERR1090120
38193.0,1386,genus,0.206565,Bacillus,ERR1090120
38193.0,283168,genus,0.15632,Odoribacter,ERR1090120
38193.0,397864,genus,0.150737,Barnesiella,ERR1090120
38193.0,244127,genus,0.150737,Anaerotruncus,ERR1090120
38193.0,52784,genus,0.145154,Anaerofilum,ERR1090120
38193.0,1380,genus,0.133988,Atopobium,ERR1090120
38193.0,1485,genus,0.122823,Clostridium,ERR1090120
38193.0,133925,genus,0.0614113,Olsenella,ERR1090120
38193.0,583,genus,0.0390799,Proteus,ERR1090120
38193.0,165779,genus,0.0390799,Anaerococcus,ERR1090120
38193.0,2086,genus,0.0390799,Anaeroplasma,ERR1090120
38193.0,1654,genus,0.0390799,Actinomyces,ERR1090120
38193.0,1253,genus,0.0334971,Pediococcus,ERR1090120
38193.0,1378,genus,0.0334971,Gemella,ERR1090120
38193.0,1645,genus,0.0279142,Renibacterium,ERR1090120
38193.0,233191,genus,0.0223314,Caldilinea,ERR1090120
38193.0,1843210,genus,0.0223314,Anaerocolumna,ERR1090120
38193.0,61434,genus,0.0223314,Dehalococcoides,ERR1090120
38193.0,44249,genus,0.0167485,Paenibacillus,ERR1090120
38193.0,35832,genus,0.0167485,Bilophila,ERR1090120
38193.0,100883,genus,0.0167485,Coprobacillus,ERR1090120
38193.0,32207,genus,0.0167485,Rothia,ERR1090120
38193.0,1870884,genus,0.0111657,Clostridioides,ERR1090120
38193.0,848,genus,0.0111657,Fusobacterium,ERR1090120
38193.0,1357,genus,0.0111657,Lactococcus,ERR1090120
38193.0,836,genus,0.0111657,Porphyromonas,ERR1090120
38193.0,114627,genus,0.0111657,Alkaliphilus,ERR1090120
38193.0,102106,genus,0.0111657,Collinsella,ERR1090120
38193.0,1279,genus,0.0111657,Staphylococcus,ERR1090120
38193.0,1017280,genus,0.0111657,Pseudoflavonifractor,ERR1090120
38193.0,150022,genus,0.0111657,Finegoldia,ERR1090120
38193.0,233189,genus,0.0111657,Anaerolinea,ERR1090120
38193.0,33882,genus,0.0111657,Microbacterium,ERR1090120
38193.0,2717,genus,0.00558285,Cardiobacterium,ERR1090120
38193.0,40323,genus,0.00558285,Stenotrophomonas,ERR1090120
38193.0,253238,genus,0.00558285,Ethanoligenens,ERR1090120
38193.0,866,genus,0.00558285,Ruminobacter,ERR1090120
38193.0,44260,genus,0.00558285,Moorella,ERR1090120
38193.0,1769729,genus,0.00558285,Hathewaya,ERR1090120
38193.0,64001,genus,0.00558285,Nevskia,ERR1090120
38193.0,904,genus,0.00558285,Acidaminococcus,ERR1090120
38193.0,203804,genus,0.00558285,Candidatus Blochmannia,ERR1090120
38193.0,76831,genus,0.00558285,Myroides,ERR1090120
38193.0,795750,genus,0.00558285,Ignavibacterium,ERR1090120
38193.0,13075,genus,0.00558285,Globicatella,ERR1090120
38193.0,1257,genus,0.00558285,Peptostreptococcus,ERR1090120
38193.0,207244,genus,0.00558285,Anaerostipes,ERR1090120
38193.0,898,genus,0.00558285,Desulfomicrobium,ERR1090120
38193.0,166484,genus,0.00558285,Caminicella,ERR1090120
38193.0,312278,genus,0.00558285,Emticicia,ERR1090120
38193.0,278993,genus,0.00558285,Thermincola,ERR1090120
38193.0,2132,genus,0.00558285,Spiroplasma,ERR1090120
38193.0,269773,genus,0.00558285,Atopococcus,ERR1090120
38193.0,13687,genus,0.00558285,Sphingomonas,ERR1090120
38193.0,286,genus,0.00558285,Pseudomonas,ERR1090120
38193.0,239934,genus,0.00558285,Akkermansia,ERR1090120
38193.0,1742989,genus,0.00558285,Glutamicibacter,ERR1090120
38193.0,42255,genus,0.00558285,Rubrobacter,ERR1090120
38193.0,262406,genus,0.00558285,Thermobaculum,ERR1090120
38193.0,162289,genus,0.00558285,Peptoniphilus,ERR1090120
38193.0,670486,genus,0.00558285,Dehalogenimonas,ERR1090120
38193.0,93,genus,0.00558285,Stella,ERR1090120
38193.0,590,genus,0.00558285,Salmonella,ERR1090120
38193.0,644652,genus,0.00558285,Gordonibacter,ERR1090120
38193.0,235888,genus,0.00558285,Salinibacterium,ERR1090120
,-1,genus,27.9198,Unknown,ERR1090120
38194.0,816,genus,23.2714,Bacteroides,ERR1090339
38194.0,216851,genus,15.2323,Faecalibacterium,ERR1090339
38194.0,1730,genus,4.90746,Eubacterium,ERR1090339
38194.0,577309,genus,4.09455,Paraprevotella,ERR1090339
38194.0,375288,genus,2.93368,Parabacteroides,ERR1090339
38194.0,572511,genus,2.60371,Blautia,ERR1090339
38194.0,1508657,genus,2.29475,Ruminiclostridium,ERR1090339
38194.0,239759,genus,2.27075,Alistipes,ERR1090339
38194.0,1506553,genus,2.25275,Lachnoclostridium,ERR1090339
38194.0,872,genus,2.14476,Desulfovibrio,ERR1090339
38194.0,239934,genus,1.62282,Akkermansia,ERR1090339
38194.0,397864,genus,1.45484,Barnesiella,ERR1090339
38194.0,841,genus,1.10088,Roseburia,ERR1090339
38194.0,459786,genus,1.04688,Oscillibacter,ERR1090339
38194.0,244127,genus,1.03789,Anaerotruncus,ERR1090339
38194.0,1505663,genus,1.03489,Erysipelatoclostridium,ERR1090339
38194.0,904,genus,0.335963,Acidaminococcus,ERR1090339
38194.0,40544,genus,0.314965,Sutterella,ERR1090339
38194.0,848,genus,0.314965,Fusobacterium,ERR1090339
38194.0,283168,genus,0.293968,Odoribacter,ERR1090339
38194.0,61170,genus,0.164982,Holdemania,ERR1090339
38194.0,1017280,genus,0.134985,Pseudoflavonifractor,ERR1090339
38194.0,1263,genus,0.131985,Ruminococcus,ERR1090339
38194.0,724,genus,0.116987,Haemophilus,ERR1090339
38194.0,1485,genus,0.113987,Clostridium,ERR1090339
38194.0,44748,genus,0.113987,Sporobacter,ERR1090339
38194.0,189330,genus,0.0899901,Dorea,ERR1090339
38194.0,102106,genus,0.0719921,Collinsella,ERR1090339
38194.0,1301,genus,0.0569937,Streptococcus,ERR1090339
38194.0,207244,genus,0.0509944,Anaerostipes,ERR1090339
38194.0,1505657,genus,0.0389957,Intestinibacter,ERR1090339
38194.0,1386,genus,0.035996,Bacillus,ERR1090339
38194.0,203470,genus,0.035996,Tepidiphilus,ERR1090339
38194.0,1578,genus,0.026997,Lactobacillus,ERR1090339
38194.0,1210119,genus,0.0239974,Ohtaekwangia,ERR1090339
38194.0,52784,genus,0.0239974,Anaerofilum,ERR1090339
38194.0,150022,genus,0.0209977,Finegoldia,ERR1090339
38194.0,838,genus,0.0209977,Prevotella,ERR1090339
38194.0,84567,genus,0.0209977,Pedobacter,ERR1090339
38194.0,162289,genus,0.0209977,Peptoniphilus,ERR1090339
38194.0,644652,genus,0.017998,Gordonibacter,ERR1090339
38194.0,84111,genus,0.017998,Eggerthella,ERR1090339
38194.0,467975,genus,0.017998,Iamia,ERR1090339
38194.0,286,genus,0.0149984,Pseudomonas,ERR1090339
38194.0,61434,genus,0.0149984,Dehalococcoides,ERR1090339
38194.0,32207,genus,0.0149984,Rothia,ERR1090339
38194.0,70774,genus,0.0149984,Hydrogenophilus,ERR1090339
38194.0,1654,genus,0.0119987,Actinomyces,ERR1090339
38194.0,504481,genus,0.0119987,Sediminibacterium,ERR1090339
38194.0,233191,genus,0.0119987,Caldilinea,ERR1090339
38194.0,577310,genus,0.0119987,Parasutterella,ERR1090339
38194.0,39948,genus,0.0119987,Dialister,ERR1090339
38194.0,33042,genus,0.0119987,Coprococcus,ERR1090339
38194.0,233189,genus,0.00899901,Anaerolinea,ERR1090339
38194.0,1678,genus,0.00899901,Bifidobacterium,ERR1090339
38194.0,1716,genus,0.00899901,Corynebacterium,ERR1090339
38194.0,2745,genus,0.00899901,Halomonas,ERR1090339
38194.0,43773,genus,0.00899901,Syntrophus,ERR1090339
38194.0,2742,genus,0.00899901,Marinobacter,ERR1090339
38194.0,2697,genus,0.00899901,Heliobacterium,ERR1090339
38194.0,374,genus,0.00899901,Bradyrhizobium,ERR1090339
38194.0,795750,genus,0.00899901,Ignavibacterium,ERR1090339
38194.0,28231,genus,0.00599934,Geobacter,ERR1090339
38194.0,501783,genus,0.00599934,Cloacibacterium,ERR1090339
38194.0,35832,genus,0.00599934,Bilophila,ERR1090339
38194.0,178440,genus,0.00599934,Opitutus,ERR1090339
38194.0,262406,genus,0.00599934,Thermobaculum,ERR1090339
38194.0,146813,genus,0.00599934,Dendrosporobacter,ERR1090339
38194.0,1243,genus,0.00599934,Leuconostoc,ERR1090339
38194.0,207599,genus,0.00599934,Solirubrobacter,ERR1090339
38194.0,1380,genus,0.00599934,Atopobium,ERR1090339
38194.0,327159,genus,0.00599934,Candidatus Accumulibacter,ERR1090339
38194.0,22,genus,0.00599934,Shewanella,ERR1090339
38194.0,1573534,genus,0.00599934,Faecalitalea,ERR1090339
38194.0,1839,genus,0.00599934,Nocardioides,ERR1090339
38194.0,194,genus,0.00599934,Campylobacter,ERR1090339
38194.0,40323,genus,0.00599934,Stenotrophomonas,ERR1090339
38194.0,165695,genus,0.00599934,Sphingobium,ERR1090339
38194.0,76833,genus,0.00599934,Actinobaculum,ERR1090339
38194.0,2147,genus,0.00599934,Acholeplasma,ERR1090339
38194.0,346096,genus,0.00599934,Paludibacter,ERR1090339
38194.0,118966,genus,0.00599934,Anaerorhabdus,ERR1090339
38194.0,1551504,genus,0.00299967,Candidatus Babela,ERR1090339
38194.0,929509,genus,0.00299967,Solitalea,ERR1090339
38194.0,29526,genus,0.00299967,Syntrophobacter,ERR1090339
38194.0,588605,genus,0.00299967,Robinsoniella,ERR1090339
38194.0,332248,genus,0.00299967,Truepera,ERR1090339
38194.0,482,genus,0.00299967,Neisseria,ERR1090339
38194.0,83618,genus,0.00299967,Pseudoxanthomonas,ERR1090339
38194.0,1253,genus,0.00299967,Pediococcus,ERR1090339
38194.0,59732,genus,0.00299967,Chryseobacterium,ERR1090339
38194.0,698776,genus,0.00299967,Cellulosilyticum,ERR1090339
38194.0,29465,genus,0.00299967,Veillonella,ERR1090339
38194.0,1883,genus,0.00299967,Streptomyces,ERR1090339
38194.0,244698,genus,0.00299967,Gillisia,ERR1090339
38194.0,1742989,genus,0.00299967,Glutamicibacter,ERR1090339
38194.0,16,genus,0.00299967,Methylophilus,ERR1090339
38194.0,133925,genus,0.00299967,Olsenella,ERR1090339
38194.0,1164882,genus,0.00299967,Lachnoanaerobaculum,ERR1090339
38194.0,31983,genus,0.00299967,Helcococcus,ERR1090339
38194.0,187144,genus,0.00299967,Caldithrix,ERR1090339
38194.0,1486726,genus,0.00299967,Pseudobacteroides,ERR1090339
38194.0,28453,genus,0.00299967,Sphingobacterium,ERR1090339
38194.0,44249,genus,0.00299967,Paenibacillus,ERR1090339
38194.0,166484,genus,0.00299967,Caminicella,ERR1090339
38194.0,165779,genus,0.00299967,Anaerococcus,ERR1090339
38194.0,1378,genus,0.00299967,Gemella,ERR1090339
38194.0,2735,genus,0.00299967,Verrucomicrobium,ERR1090339
38194.0,830,genus,0.00299967,Butyrivibrio,ERR1090339
38194.0,314318,genus,0.00299967,Prolixibacter,ERR1090339
38194.0,1843210,genus,0.00299967,Anaerocolumna,ERR1090339
38194.0,1279388,genus,0.00299967,Kandleria,ERR1090339
38194.0,445,genus,0.00299967,Legionella,ERR1090339
38194.0,182639,genus,0.00299967,Kribbella,ERR1090339
38194.0,80865,genus,0.00299967,Delftia,ERR1090339
38194.0,237,genus,0.00299967,Flavobacterium,ERR1090339
38194.0,420345,genus,0.00299967,Lactonifactor,ERR1090339
,-1,genus,24.1443,Unknown,ERR1090339
38194.0,816,genus,23.2714,Bacteroides,ERR1090339
38194.0,216851,genus,15.2323,Faecalibacterium,ERR1090339
38194.0,1730,genus,4.90746,Eubacterium,ERR1090339
38194.0,577309,genus,4.09455,Paraprevotella,ERR1090339
38194.0,375288,genus,2.93368,Parabacteroides,ERR1090339
38194.0,572511,genus,2.60371,Blautia,ERR1090339
38194.0,1508657,genus,2.29475,Ruminiclostridium,ERR1090339
38194.0,239759,genus,2.27075,Alistipes,ERR1090339
38194.0,1506553,genus,2.25275,Lachnoclostridium,ERR1090339
38194.0,872,genus,2.14476,Desulfovibrio,ERR1090339
38194.0,239934,genus,1.62282,Akkermansia,ERR1090339
38194.0,397864,genus,1.45484,Barnesiella,ERR1090339
38194.0,841,genus,1.10088,Roseburia,ERR1090339
38194.0,459786,genus,1.04688,Oscillibacter,ERR1090339
38194.0,244127,genus,1.03789,Anaerotruncus,ERR1090339
38194.0,1505663,genus,1.03489,Erysipelatoclostridium,ERR1090339
38194.0,904,genus,0.335963,Acidaminococcus,ERR1090339
38194.0,40544,genus,0.314965,Sutterella,ERR1090339
38194.0,848,genus,0.314965,Fusobacterium,ERR1090339
38194.0,283168,genus,0.293968,Odoribacter,ERR1090339
38194.0,61170,genus,0.164982,Holdemania,ERR1090339
38194.0,1017280,genus,0.134985,Pseudoflavonifractor,ERR1090339
38194.0,1263,genus,0.131985,Ruminococcus,ERR1090339
38194.0,724,genus,0.116987,Haemophilus,ERR1090339
38194.0,44748,genus,0.113987,Sporobacter,ERR1090339
38194.0,1485,genus,0.113987,Clostridium,ERR1090339
38194.0,189330,genus,0.0899901,Dorea,ERR1090339
38194.0,102106,genus,0.0719921,Collinsella,ERR1090339
38194.0,1301,genus,0.0569937,Streptococcus,ERR1090339
38194.0,207244,genus,0.0509944,Anaerostipes,ERR1090339
38194.0,1505657,genus,0.0389957,Intestinibacter,ERR1090339
38194.0,203470,genus,0.035996,Tepidiphilus,ERR1090339
38194.0,1386,genus,0.035996,Bacillus,ERR1090339
38194.0,1578,genus,0.026997,Lactobacillus,ERR1090339
38194.0,1210119,genus,0.0239974,Ohtaekwangia,ERR1090339
38194.0,52784,genus,0.0239974,Anaerofilum,ERR1090339
38194.0,150022,genus,0.0209977,Finegoldia,ERR1090339
38194.0,838,genus,0.0209977,Prevotella,ERR1090339
38194.0,84567,genus,0.0209977,Pedobacter,ERR1090339
38194.0,162289,genus,0.0209977,Peptoniphilus,ERR1090339
38194.0,467975,genus,0.017998,Iamia,ERR1090339
38194.0,644652,genus,0.017998,Gordonibacter,ERR1090339
38194.0,84111,genus,0.017998,Eggerthella,ERR1090339
38194.0,286,genus,0.0149984,Pseudomonas,ERR1090339
38194.0,61434,genus,0.0149984,Dehalococcoides,ERR1090339
38194.0,70774,genus,0.0149984,Hydrogenophilus,ERR1090339
38194.0,32207,genus,0.0149984,Rothia,ERR1090339
38194.0,33042,genus,0.0119987,Coprococcus,ERR1090339
38194.0,1654,genus,0.0119987,Actinomyces,ERR1090339
38194.0,504481,genus,0.0119987,Sediminibacterium,ERR1090339
38194.0,233191,genus,0.0119987,Caldilinea,ERR1090339
38194.0,577310,genus,0.0119987,Parasutterella,ERR1090339
38194.0,39948,genus,0.0119987,Dialister,ERR1090339
38194.0,795750,genus,0.00899901,Ignavibacterium,ERR1090339
38194.0,233189,genus,0.00899901,Anaerolinea,ERR1090339
38194.0,1678,genus,0.00899901,Bifidobacterium,ERR1090339
38194.0,1716,genus,0.00899901,Corynebacterium,ERR1090339
38194.0,2742,genus,0.00899901,Marinobacter,ERR1090339
38194.0,2745,genus,0.00899901,Halomonas,ERR1090339
38194.0,43773,genus,0.00899901,Syntrophus,ERR1090339
38194.0,2697,genus,0.00899901,Heliobacterium,ERR1090339
38194.0,374,genus,0.00899901,Bradyrhizobium,ERR1090339
38194.0,2147,genus,0.00599934,Acholeplasma,ERR1090339
38194.0,76833,genus,0.00599934,Actinobaculum,ERR1090339
38194.0,346096,genus,0.00599934,Paludibacter,ERR1090339
38194.0,118966,genus,0.00599934,Anaerorhabdus,ERR1090339
38194.0,501783,genus,0.00599934,Cloacibacterium,ERR1090339
38194.0,28231,genus,0.00599934,Geobacter,ERR1090339
38194.0,35832,genus,0.00599934,Bilophila,ERR1090339
38194.0,178440,genus,0.00599934,Opitutus,ERR1090339
38194.0,262406,genus,0.00599934,Thermobaculum,ERR1090339
38194.0,146813,genus,0.00599934,Dendrosporobacter,ERR1090339
38194.0,1243,genus,0.00599934,Leuconostoc,ERR1090339
38194.0,207599,genus,0.00599934,Solirubrobacter,ERR1090339
38194.0,327159,genus,0.00599934,Candidatus Accumulibacter,ERR1090339
38194.0,1380,genus,0.00599934,Atopobium,ERR1090339
38194.0,22,genus,0.00599934,Shewanella,ERR1090339
38194.0,1573534,genus,0.00599934,Faecalitalea,ERR1090339
38194.0,194,genus,0.00599934,Campylobacter,ERR1090339
38194.0,1839,genus,0.00599934,Nocardioides,ERR1090339
38194.0,165695,genus,0.00599934,Sphingobium,ERR1090339
38194.0,40323,genus,0.00599934,Stenotrophomonas,ERR1090339
38194.0,237,genus,0.00299967,Flavobacterium,ERR1090339
38194.0,420345,genus,0.00299967,Lactonifactor,ERR1090339
38194.0,929509,genus,0.00299967,Solitalea,ERR1090339
38194.0,1551504,genus,0.00299967,Candidatus Babela,ERR1090339
38194.0,332248,genus,0.00299967,Truepera,ERR1090339
38194.0,29526,genus,0.00299967,Syntrophobacter,ERR1090339
38194.0,588605,genus,0.00299967,Robinsoniella,ERR1090339
38194.0,482,genus,0.00299967,Neisseria,ERR1090339
38194.0,83618,genus,0.00299967,Pseudoxanthomonas,ERR1090339
38194.0,1253,genus,0.00299967,Pediococcus,ERR1090339
38194.0,59732,genus,0.00299967,Chryseobacterium,ERR1090339
38194.0,1883,genus,0.00299967,Streptomyces,ERR1090339
38194.0,698776,genus,0.00299967,Cellulosilyticum,ERR1090339
38194.0,29465,genus,0.00299967,Veillonella,ERR1090339
38194.0,133925,genus,0.00299967,Olsenella,ERR1090339
38194.0,1164882,genus,0.00299967,Lachnoanaerobaculum,ERR1090339
38194.0,244698,genus,0.00299967,Gillisia,ERR1090339
38194.0,1742989,genus,0.00299967,Glutamicibacter,ERR1090339
38194.0,16,genus,0.00299967,Methylophilus,ERR1090339
38194.0,187144,genus,0.00299967,Caldithrix,ERR1090339
38194.0,31983,genus,0.00299967,Helcococcus,ERR1090339
38194.0,166484,genus,0.00299967,Caminicella,ERR1090339
38194.0,165779,genus,0.00299967,Anaerococcus,ERR1090339
38194.0,1486726,genus,0.00299967,Pseudobacteroides,ERR1090339
38194.0,28453,genus,0.00299967,Sphingobacterium,ERR1090339
38194.0,44249,genus,0.00299967,Paenibacillus,ERR1090339
38194.0,1378,genus,0.00299967,Gemella,ERR1090339
38194.0,314318,genus,0.00299967,Prolixibacter,ERR1090339
38194.0,2735,genus,0.00299967,Verrucomicrobium,ERR1090339
38194.0,830,genus,0.00299967,Butyrivibrio,ERR1090339
38194.0,1843210,genus,0.00299967,Anaerocolumna,ERR1090339
38194.0,182639,genus,0.00299967,Kribbella,ERR1090339
38194.0,1279388,genus,0.00299967,Kandleria,ERR1090339
38194.0,445,genus,0.00299967,Legionella,ERR1090339
38194.0,80865,genus,0.00299967,Delftia,ERR1090339
,-1,genus,24.1443,Unknown,ERR1090339
38194.0,816,genus,23.2714,Bacteroides,ERR1090339
38194.0,216851,genus,15.2323,Faecalibacterium,ERR1090339
38194.0,1730,genus,4.90746,Eubacterium,ERR1090339
38194.0,577309,genus,4.09455,Paraprevotella,ERR1090339
38194.0,375288,genus,2.93368,Parabacteroides,ERR1090339
38194.0,572511,genus,2.60371,Blautia,ERR1090339
38194.0,1508657,genus,2.29475,Ruminiclostridium,ERR1090339
38194.0,239759,genus,2.27075,Alistipes,ERR1090339
38194.0,1506553,genus,2.25275,Lachnoclostridium,ERR1090339
38194.0,872,genus,2.14476,Desulfovibrio,ERR1090339
38194.0,239934,genus,1.62282,Akkermansia,ERR1090339
38194.0,397864,genus,1.45484,Barnesiella,ERR1090339
38194.0,841,genus,1.10088,Roseburia,ERR1090339
38194.0,459786,genus,1.04688,Oscillibacter,ERR1090339
38194.0,244127,genus,1.03789,Anaerotruncus,ERR1090339
38194.0,1505663,genus,1.03489,Erysipelatoclostridium,ERR1090339
38194.0,904,genus,0.335963,Acidaminococcus,ERR1090339
38194.0,848,genus,0.314965,Fusobacterium,ERR1090339
38194.0,40544,genus,0.314965,Sutterella,ERR1090339
38194.0,283168,genus,0.293968,Odoribacter,ERR1090339
38194.0,61170,genus,0.164982,Holdemania,ERR1090339
38194.0,1017280,genus,0.134985,Pseudoflavonifractor,ERR1090339
38194.0,1263,genus,0.131985,Ruminococcus,ERR1090339
38194.0,724,genus,0.116987,Haemophilus,ERR1090339
38194.0,44748,genus,0.113987,Sporobacter,ERR1090339
38194.0,1485,genus,0.113987,Clostridium,ERR1090339
38194.0,189330,genus,0.0899901,Dorea,ERR1090339
38194.0,102106,genus,0.0719921,Collinsella,ERR1090339
38194.0,1301,genus,0.0569937,Streptococcus,ERR1090339
38194.0,207244,genus,0.0509944,Anaerostipes,ERR1090339
38194.0,1505657,genus,0.0389957,Intestinibacter,ERR1090339
38194.0,1386,genus,0.035996,Bacillus,ERR1090339
38194.0,203470,genus,0.035996,Tepidiphilus,ERR1090339
38194.0,1578,genus,0.026997,Lactobacillus,ERR1090339
38194.0,52784,genus,0.0239974,Anaerofilum,ERR1090339
38194.0,1210119,genus,0.0239974,Ohtaekwangia,ERR1090339
38194.0,162289,genus,0.0209977,Peptoniphilus,ERR1090339
38194.0,150022,genus,0.0209977,Finegoldia,ERR1090339
38194.0,838,genus,0.0209977,Prevotella,ERR1090339
38194.0,84567,genus,0.0209977,Pedobacter,ERR1090339
38194.0,467975,genus,0.017998,Iamia,ERR1090339
38194.0,644652,genus,0.017998,Gordonibacter,ERR1090339
38194.0,84111,genus,0.017998,Eggerthella,ERR1090339
38194.0,286,genus,0.0149984,Pseudomonas,ERR1090339
38194.0,61434,genus,0.0149984,Dehalococcoides,ERR1090339
38194.0,70774,genus,0.0149984,Hydrogenophilus,ERR1090339
38194.0,32207,genus,0.0149984,Rothia,ERR1090339
38194.0,33042,genus,0.0119987,Coprococcus,ERR1090339
38194.0,1654,genus,0.0119987,Actinomyces,ERR1090339
38194.0,504481,genus,0.0119987,Sediminibacterium,ERR1090339
38194.0,233191,genus,0.0119987,Caldilinea,ERR1090339
38194.0,577310,genus,0.0119987,Parasutterella,ERR1090339
38194.0,39948,genus,0.0119987,Dialister,ERR1090339
38194.0,2697,genus,0.00899901,Heliobacterium,ERR1090339
38194.0,374,genus,0.00899901,Bradyrhizobium,ERR1090339
38194.0,795750,genus,0.00899901,Ignavibacterium,ERR1090339
38194.0,233189,genus,0.00899901,Anaerolinea,ERR1090339
38194.0,1678,genus,0.00899901,Bifidobacterium,ERR1090339
38194.0,1716,genus,0.00899901,Corynebacterium,ERR1090339
38194.0,2742,genus,0.00899901,Marinobacter,ERR1090339
38194.0,2745,genus,0.00899901,Halomonas,ERR1090339
38194.0,43773,genus,0.00899901,Syntrophus,ERR1090339
38194.0,22,genus,0.00599934,Shewanella,ERR1090339
38194.0,1573534,genus,0.00599934,Faecalitalea,ERR1090339
38194.0,194,genus,0.00599934,Campylobacter,ERR1090339
38194.0,1839,genus,0.00599934,Nocardioides,ERR1090339
38194.0,165695,genus,0.00599934,Sphingobium,ERR1090339
38194.0,40323,genus,0.00599934,Stenotrophomonas,ERR1090339
38194.0,2147,genus,0.00599934,Acholeplasma,ERR1090339
38194.0,76833,genus,0.00599934,Actinobaculum,ERR1090339
38194.0,346096,genus,0.00599934,Paludibacter,ERR1090339
38194.0,118966,genus,0.00599934,Anaerorhabdus,ERR1090339
38194.0,501783,genus,0.00599934,Cloacibacterium,ERR1090339
38194.0,28231,genus,0.00599934,Geobacter,ERR1090339
38194.0,35832,genus,0.00599934,Bilophila,ERR1090339
38194.0,178440,genus,0.00599934,Opitutus,ERR1090339
38194.0,262406,genus,0.00599934,Thermobaculum,ERR1090339
38194.0,146813,genus,0.00599934,Dendrosporobacter,ERR1090339
38194.0,1243,genus,0.00599934,Leuconostoc,ERR1090339
38194.0,207599,genus,0.00599934,Solirubrobacter,ERR1090339
38194.0,327159,genus,0.00599934,Candidatus Accumulibacter,ERR1090339
38194.0,1380,genus,0.00599934,Atopobium,ERR1090339
38194.0,1843210,genus,0.00299967,Anaerocolumna,ERR1090339
38194.0,182639,genus,0.00299967,Kribbella,ERR1090339
38194.0,1279388,genus,0.00299967,Kandleria,ERR1090339
38194.0,445,genus,0.00299967,Legionella,ERR1090339
38194.0,80865,genus,0.00299967,Delftia,ERR1090339
38194.0,237,genus,0.00299967,Flavobacterium,ERR1090339
38194.0,420345,genus,0.00299967,Lactonifactor,ERR1090339
38194.0,929509,genus,0.00299967,Solitalea,ERR1090339
38194.0,1551504,genus,0.00299967,Candidatus Babela,ERR1090339
38194.0,332248,genus,0.00299967,Truepera,ERR1090339
38194.0,29526,genus,0.00299967,Syntrophobacter,ERR1090339
38194.0,588605,genus,0.00299967,Robinsoniella,ERR1090339
38194.0,482,genus,0.00299967,Neisseria,ERR1090339
38194.0,83618,genus,0.00299967,Pseudoxanthomonas,ERR1090339
38194.0,1253,genus,0.00299967,Pediococcus,ERR1090339
38194.0,59732,genus,0.00299967,Chryseobacterium,ERR1090339
38194.0,1883,genus,0.00299967,Streptomyces,ERR1090339
38194.0,698776,genus,0.00299967,Cellulosilyticum,ERR1090339
38194.0,29465,genus,0.00299967,Veillonella,ERR1090339
38194.0,133925,genus,0.00299967,Olsenella,ERR1090339
38194.0,1164882,genus,0.00299967,Lachnoanaerobaculum,ERR1090339
38194.0,244698,genus,0.00299967,Gillisia,ERR1090339
38194.0,1742989,genus,0.00299967,Glutamicibacter,ERR1090339
38194.0,16,genus,0.00299967,Methylophilus,ERR1090339
38194.0,187144,genus,0.00299967,Caldithrix,ERR1090339
38194.0,31983,genus,0.00299967,Helcococcus,ERR1090339
38194.0,166484,genus,0.00299967,Caminicella,ERR1090339
38194.0,165779,genus,0.00299967,Anaerococcus,ERR1090339
38194.0,1486726,genus,0.00299967,Pseudobacteroides,ERR1090339
38194.0,28453,genus,0.00299967,Sphingobacterium,ERR1090339
38194.0,44249,genus,0.00299967,Paenibacillus,ERR1090339
38194.0,1378,genus,0.00299967,Gemella,ERR1090339
38194.0,314318,genus,0.00299967,Prolixibacter,ERR1090339
38194.0,2735,genus,0.00299967,Verrucomicrobium,ERR1090339
38194.0,830,genus,0.00299967,Butyrivibrio,ERR1090339
,-1,genus,24.1443,Unknown,ERR1090339
38194.0,816,genus,23.2714,Bacteroides,ERR1090339
38194.0,216851,genus,15.2323,Faecalibacterium,ERR1090339
38194.0,1730,genus,4.90746,Eubacterium,ERR1090339
38194.0,577309,genus,4.09455,Paraprevotella,ERR1090339
38194.0,375288,genus,2.93368,Parabacteroides,ERR1090339
38194.0,572511,genus,2.60371,Blautia,ERR1090339
38194.0,1508657,genus,2.29475,Ruminiclostridium,ERR1090339
38194.0,239759,genus,2.27075,Alistipes,ERR1090339
38194.0,1506553,genus,2.25275,Lachnoclostridium,ERR1090339
38194.0,872,genus,2.14476,Desulfovibrio,ERR1090339
38194.0,239934,genus,1.62282,Akkermansia,ERR1090339
38194.0,397864,genus,1.45484,Barnesiella,ERR1090339
38194.0,841,genus,1.10088,Roseburia,ERR1090339
38194.0,459786,genus,1.04688,Oscillibacter,ERR1090339
38194.0,244127,genus,1.03789,Anaerotruncus,ERR1090339
38194.0,1505663,genus,1.03489,Erysipelatoclostridium,ERR1090339
38194.0,904,genus,0.335963,Acidaminococcus,ERR1090339
38194.0,848,genus,0.314965,Fusobacterium,ERR1090339
38194.0,40544,genus,0.314965,Sutterella,ERR1090339
38194.0,283168,genus,0.293968,Odoribacter,ERR1090339
38194.0,61170,genus,0.164982,Holdemania,ERR1090339
38194.0,1017280,genus,0.134985,Pseudoflavonifractor,ERR1090339
38194.0,1263,genus,0.131985,Ruminococcus,ERR1090339
38194.0,724,genus,0.116987,Haemophilus,ERR1090339
38194.0,44748,genus,0.113987,Sporobacter,ERR1090339
38194.0,1485,genus,0.113987,Clostridium,ERR1090339
38194.0,189330,genus,0.0899901,Dorea,ERR1090339
38194.0,102106,genus,0.0719921,Collinsella,ERR1090339
38194.0,1301,genus,0.0569937,Streptococcus,ERR1090339
38194.0,207244,genus,0.0509944,Anaerostipes,ERR1090339
38194.0,1505657,genus,0.0389957,Intestinibacter,ERR1090339
38194.0,1386,genus,0.035996,Bacillus,ERR1090339
38194.0,203470,genus,0.035996,Tepidiphilus,ERR1090339
38194.0,1578,genus,0.026997,Lactobacillus,ERR1090339
38194.0,52784,genus,0.0239974,Anaerofilum,ERR1090339
38194.0,1210119,genus,0.0239974,Ohtaekwangia,ERR1090339
38194.0,84567,genus,0.0209977,Pedobacter,ERR1090339
38194.0,162289,genus,0.0209977,Peptoniphilus,ERR1090339
38194.0,150022,genus,0.0209977,Finegoldia,ERR1090339
38194.0,838,genus,0.0209977,Prevotella,ERR1090339
38194.0,467975,genus,0.017998,Iamia,ERR1090339
38194.0,644652,genus,0.017998,Gordonibacter,ERR1090339
38194.0,84111,genus,0.017998,Eggerthella,ERR1090339
38194.0,70774,genus,0.0149984,Hydrogenophilus,ERR1090339
38194.0,32207,genus,0.0149984,Rothia,ERR1090339
38194.0,286,genus,0.0149984,Pseudomonas,ERR1090339
38194.0,61434,genus,0.0149984,Dehalococcoides,ERR1090339
38194.0,33042,genus,0.0119987,Coprococcus,ERR1090339
38194.0,1654,genus,0.0119987,Actinomyces,ERR1090339
38194.0,504481,genus,0.0119987,Sediminibacterium,ERR1090339
38194.0,233191,genus,0.0119987,Caldilinea,ERR1090339
38194.0,577310,genus,0.0119987,Parasutterella,ERR1090339
38194.0,39948,genus,0.0119987,Dialister,ERR1090339
38194.0,2697,genus,0.00899901,Heliobacterium,ERR1090339
38194.0,374,genus,0.00899901,Bradyrhizobium,ERR1090339
38194.0,795750,genus,0.00899901,Ignavibacterium,ERR1090339
38194.0,233189,genus,0.00899901,Anaerolinea,ERR1090339
38194.0,1678,genus,0.00899901,Bifidobacterium,ERR1090339
38194.0,1716,genus,0.00899901,Corynebacterium,ERR1090339
38194.0,2742,genus,0.00899901,Marinobacter,ERR1090339
38194.0,2745,genus,0.00899901,Halomonas,ERR1090339
38194.0,43773,genus,0.00899901,Syntrophus,ERR1090339
38194.0,22,genus,0.00599934,Shewanella,ERR1090339
38194.0,1573534,genus,0.00599934,Faecalitalea,ERR1090339
38194.0,194,genus,0.00599934,Campylobacter,ERR1090339
38194.0,1839,genus,0.00599934,Nocardioides,ERR1090339
38194.0,165695,genus,0.00599934,Sphingobium,ERR1090339
38194.0,40323,genus,0.00599934,Stenotrophomonas,ERR1090339
38194.0,2147,genus,0.00599934,Acholeplasma,ERR1090339
38194.0,76833,genus,0.00599934,Actinobaculum,ERR1090339
38194.0,346096,genus,0.00599934,Paludibacter,ERR1090339
38194.0,118966,genus,0.00599934,Anaerorhabdus,ERR1090339
38194.0,501783,genus,0.00599934,Cloacibacterium,ERR1090339
38194.0,28231,genus,0.00599934,Geobacter,ERR1090339
38194.0,35832,genus,0.00599934,Bilophila,ERR1090339
38194.0,178440,genus,0.00599934,Opitutus,ERR1090339
38194.0,262406,genus,0.00599934,Thermobaculum,ERR1090339
38194.0,146813,genus,0.00599934,Dendrosporobacter,ERR1090339
38194.0,1243,genus,0.00599934,Leuconostoc,ERR1090339
38194.0,207599,genus,0.00599934,Solirubrobacter,ERR1090339
38194.0,327159,genus,0.00599934,Candidatus Accumulibacter,ERR1090339
38194.0,1380,genus,0.00599934,Atopobium,ERR1090339
38194.0,314318,genus,0.00299967,Prolixibacter,ERR1090339
38194.0,2735,genus,0.00299967,Verrucomicrobium,ERR1090339
38194.0,830,genus,0.00299967,Butyrivibrio,ERR1090339
38194.0,1843210,genus,0.00299967,Anaerocolumna,ERR1090339
38194.0,182639,genus,0.00299967,Kribbella,ERR1090339
38194.0,1279388,genus,0.00299967,Kandleria,ERR1090339
38194.0,445,genus,0.00299967,Legionella,ERR1090339
38194.0,80865,genus,0.00299967,Delftia,ERR1090339
38194.0,237,genus,0.00299967,Flavobacterium,ERR1090339
38194.0,420345,genus,0.00299967,Lactonifactor,ERR1090339
38194.0,929509,genus,0.00299967,Solitalea,ERR1090339
38194.0,1551504,genus,0.00299967,Candidatus Babela,ERR1090339
38194.0,332248,genus,0.00299967,Truepera,ERR1090339
38194.0,29526,genus,0.00299967,Syntrophobacter,ERR1090339
38194.0,588605,genus,0.00299967,Robinsoniella,ERR1090339
38194.0,482,genus,0.00299967,Neisseria,ERR1090339
38194.0,83618,genus,0.00299967,Pseudoxanthomonas,ERR1090339
38194.0,1253,genus,0.00299967,Pediococcus,ERR1090339
38194.0,59732,genus,0.00299967,Chryseobacterium,ERR1090339
38194.0,1883,genus,0.00299967,Streptomyces,ERR1090339
38194.0,698776,genus,0.00299967,Cellulosilyticum,ERR1090339
38194.0,29465,genus,0.00299967,Veillonella,ERR1090339
38194.0,133925,genus,0.00299967,Olsenella,ERR1090339
38194.0,1164882,genus,0.00299967,Lachnoanaerobaculum,ERR1090339
38194.0,244698,genus,0.00299967,Gillisia,ERR1090339
38194.0,1742989,genus,0.00299967,Glutamicibacter,ERR1090339
38194.0,16,genus,0.00299967,Methylophilus,ERR1090339
38194.0,187144,genus,0.00299967,Caldithrix,ERR1090339
38194.0,31983,genus,0.00299967,Helcococcus,ERR1090339
38194.0,166484,genus,0.00299967,Caminicella,ERR1090339
38194.0,165779,genus,0.00299967,Anaerococcus,ERR1090339
38194.0,1486726,genus,0.00299967,Pseudobacteroides,ERR1090339
38194.0,28453,genus,0.00299967,Sphingobacterium,ERR1090339
38194.0,44249,genus,0.00299967,Paenibacillus,ERR1090339
38194.0,1378,genus,0.00299967,Gemella,ERR1090339
,-1,genus,24.1443,Unknown,ERR1090339
38194.0,816,genus,23.2714,Bacteroides,ERR1090339
38194.0,216851,genus,15.2323,Faecalibacterium,ERR1090339
38194.0,1730,genus,4.90746,Eubacterium,ERR1090339
38194.0,577309,genus,4.09455,Paraprevotella,ERR1090339
38194.0,375288,genus,2.93368,Parabacteroides,ERR1090339
38194.0,572511,genus,2.60371,Blautia,ERR1090339
38194.0,1508657,genus,2.29475,Ruminiclostridium,ERR1090339
38194.0,239759,genus,2.27075,Alistipes,ERR1090339
38194.0,1506553,genus,2.25275,Lachnoclostridium,ERR1090339
38194.0,872,genus,2.14476,Desulfovibrio,ERR1090339
38194.0,239934,genus,1.62282,Akkermansia,ERR1090339
38194.0,397864,genus,1.45484,Barnesiella,ERR1090339
38194.0,841,genus,1.10088,Roseburia,ERR1090339
38194.0,459786,genus,1.04688,Oscillibacter,ERR1090339
38194.0,244127,genus,1.03789,Anaerotruncus,ERR1090339
38194.0,1505663,genus,1.03489,Erysipelatoclostridium,ERR1090339
38194.0,904,genus,0.335963,Acidaminococcus,ERR1090339
38194.0,848,genus,0.314965,Fusobacterium,ERR1090339
38194.0,40544,genus,0.314965,Sutterella,ERR1090339
38194.0,283168,genus,0.293968,Odoribacter,ERR1090339
38194.0,61170,genus,0.164982,Holdemania,ERR1090339
38194.0,1017280,genus,0.134985,Pseudoflavonifractor,ERR1090339
38194.0,1263,genus,0.131985,Ruminococcus,ERR1090339
38194.0,724,genus,0.116987,Haemophilus,ERR1090339
38194.0,44748,genus,0.113987,Sporobacter,ERR1090339
38194.0,1485,genus,0.113987,Clostridium,ERR1090339
38194.0,189330,genus,0.0899901,Dorea,ERR1090339
38194.0,102106,genus,0.0719921,Collinsella,ERR1090339
38194.0,1301,genus,0.0569937,Streptococcus,ERR1090339
38194.0,207244,genus,0.0509944,Anaerostipes,ERR1090339
38194.0,1505657,genus,0.0389957,Intestinibacter,ERR1090339
38194.0,203470,genus,0.035996,Tepidiphilus,ERR1090339
38194.0,1386,genus,0.035996,Bacillus,ERR1090339
38194.0,1578,genus,0.026997,Lactobacillus,ERR1090339
38194.0,1210119,genus,0.0239974,Ohtaekwangia,ERR1090339
38194.0,52784,genus,0.0239974,Anaerofilum,ERR1090339
38194.0,162289,genus,0.0209977,Peptoniphilus,ERR1090339
38194.0,150022,genus,0.0209977,Finegoldia,ERR1090339
38194.0,838,genus,0.0209977,Prevotella,ERR1090339
38194.0,84567,genus,0.0209977,Pedobacter,ERR1090339
38194.0,467975,genus,0.017998,Iamia,ERR1090339
38194.0,644652,genus,0.017998,Gordonibacter,ERR1090339
38194.0,84111,genus,0.017998,Eggerthella,ERR1090339
38194.0,286,genus,0.0149984,Pseudomonas,ERR1090339
38194.0,61434,genus,0.0149984,Dehalococcoides,ERR1090339
38194.0,70774,genus,0.0149984,Hydrogenophilus,ERR1090339
38194.0,32207,genus,0.0149984,Rothia,ERR1090339
38194.0,33042,genus,0.0119987,Coprococcus,ERR1090339
38194.0,1654,genus,0.0119987,Actinomyces,ERR1090339
38194.0,504481,genus,0.0119987,Sediminibacterium,ERR1090339
38194.0,233191,genus,0.0119987,Caldilinea,ERR1090339
38194.0,577310,genus,0.0119987,Parasutterella,ERR1090339
38194.0,39948,genus,0.0119987,Dialister,ERR1090339
38194.0,2697,genus,0.00899901,Heliobacterium,ERR1090339
38194.0,374,genus,0.00899901,Bradyrhizobium,ERR1090339
38194.0,795750,genus,0.00899901,Ignavibacterium,ERR1090339
38194.0,233189,genus,0.00899901,Anaerolinea,ERR1090339
38194.0,1678,genus,0.00899901,Bifidobacterium,ERR1090339
38194.0,1716,genus,0.00899901,Corynebacterium,ERR1090339
38194.0,2742,genus,0.00899901,Marinobacter,ERR1090339
38194.0,2745,genus,0.00899901,Halomonas,ERR1090339
38194.0,43773,genus,0.00899901,Syntrophus,ERR1090339
38194.0,194,genus,0.00599934,Campylobacter,ERR1090339
38194.0,1839,genus,0.00599934,Nocardioides,ERR1090339
38194.0,165695,genus,0.00599934,Sphingobium,ERR1090339
38194.0,40323,genus,0.00599934,Stenotrophomonas,ERR1090339
38194.0,2147,genus,0.00599934,Acholeplasma,ERR1090339
38194.0,76833,genus,0.00599934,Actinobaculum,ERR1090339
38194.0,346096,genus,0.00599934,Paludibacter,ERR1090339
38194.0,118966,genus,0.00599934,Anaerorhabdus,ERR1090339
38194.0,501783,genus,0.00599934,Cloacibacterium,ERR1090339
38194.0,28231,genus,0.00599934,Geobacter,ERR1090339
38194.0,35832,genus,0.00599934,Bilophila,ERR1090339
38194.0,178440,genus,0.00599934,Opitutus,ERR1090339
38194.0,262406,genus,0.00599934,Thermobaculum,ERR1090339
38194.0,146813,genus,0.00599934,Dendrosporobacter,ERR1090339
38194.0,1243,genus,0.00599934,Leuconostoc,ERR1090339
38194.0,207599,genus,0.00599934,Solirubrobacter,ERR1090339
38194.0,327159,genus,0.00599934,Candidatus Accumulibacter,ERR1090339
38194.0,1380,genus,0.00599934,Atopobium,ERR1090339
38194.0,22,genus,0.00599934,Shewanella,ERR1090339
38194.0,1573534,genus,0.00599934,Faecalitalea,ERR1090339
38194.0,182639,genus,0.00299967,Kribbella,ERR1090339
38194.0,1279388,genus,0.00299967,Kandleria,ERR1090339
38194.0,445,genus,0.00299967,Legionella,ERR1090339
38194.0,80865,genus,0.00299967,Delftia,ERR1090339
38194.0,237,genus,0.00299967,Flavobacterium,ERR1090339
38194.0,420345,genus,0.00299967,Lactonifactor,ERR1090339
38194.0,929509,genus,0.00299967,Solitalea,ERR1090339
38194.0,1551504,genus,0.00299967,Candidatus Babela,ERR1090339
38194.0,332248,genus,0.00299967,Truepera,ERR1090339
38194.0,29526,genus,0.00299967,Syntrophobacter,ERR1090339
38194.0,588605,genus,0.00299967,Robinsoniella,ERR1090339
38194.0,482,genus,0.00299967,Neisseria,ERR1090339
38194.0,83618,genus,0.00299967,Pseudoxanthomonas,ERR1090339
38194.0,1253,genus,0.00299967,Pediococcus,ERR1090339
38194.0,59732,genus,0.00299967,Chryseobacterium,ERR1090339
38194.0,1883,genus,0.00299967,Streptomyces,ERR1090339
38194.0,698776,genus,0.00299967,Cellulosilyticum,ERR1090339
38194.0,29465,genus,0.00299967,Veillonella,ERR1090339
38194.0,133925,genus,0.00299967,Olsenella,ERR1090339
38194.0,1164882,genus,0.00299967,Lachnoanaerobaculum,ERR1090339
38194.0,244698,genus,0.00299967,Gillisia,ERR1090339
38194.0,1742989,genus,0.00299967,Glutamicibacter,ERR1090339
38194.0,16,genus,0.00299967,Methylophilus,ERR1090339
38194.0,187144,genus,0.00299967,Caldithrix,ERR1090339
38194.0,31983,genus,0.00299967,Helcococcus,ERR1090339
38194.0,166484,genus,0.00299967,Caminicella,ERR1090339
38194.0,165779,genus,0.00299967,Anaerococcus,ERR1090339
38194.0,1486726,genus,0.00299967,Pseudobacteroides,ERR1090339
38194.0,28453,genus,0.00299967,Sphingobacterium,ERR1090339
38194.0,44249,genus,0.00299967,Paenibacillus,ERR1090339
38194.0,1378,genus,0.00299967,Gemella,ERR1090339
38194.0,314318,genus,0.00299967,Prolixibacter,ERR1090339
38194.0,2735,genus,0.00299967,Verrucomicrobium,ERR1090339
38194.0,830,genus,0.00299967,Butyrivibrio,ERR1090339
38194.0,1843210,genus,0.00299967,Anaerocolumna,ERR1090339
,-1,genus,24.1443,Unknown,ERR1090339
38194.0,816,genus,23.2714,Bacteroides,ERR1090339
38194.0,216851,genus,15.2323,Faecalibacterium,ERR1090339
38194.0,1730,genus,4.90746,Eubacterium,ERR1090339
38194.0,577309,genus,4.09455,Paraprevotella,ERR1090339
38194.0,375288,genus,2.93368,Parabacteroides,ERR1090339
38194.0,572511,genus,2.60371,Blautia,ERR1090339
38194.0,1508657,genus,2.29475,Ruminiclostridium,ERR1090339
38194.0,239759,genus,2.27075,Alistipes,ERR1090339
38194.0,1506553,genus,2.25275,Lachnoclostridium,ERR1090339
38194.0,872,genus,2.14476,Desulfovibrio,ERR1090339
38194.0,239934,genus,1.62282,Akkermansia,ERR1090339
38194.0,397864,genus,1.45484,Barnesiella,ERR1090339
38194.0,841,genus,1.10088,Roseburia,ERR1090339
38194.0,459786,genus,1.04688,Oscillibacter,ERR1090339
38194.0,244127,genus,1.03789,Anaerotruncus,ERR1090339
38194.0,1505663,genus,1.03489,Erysipelatoclostridium,ERR1090339
38194.0,904,genus,0.335963,Acidaminococcus,ERR1090339
38194.0,40544,genus,0.314965,Sutterella,ERR1090339
38194.0,848,genus,0.314965,Fusobacterium,ERR1090339
38194.0,283168,genus,0.293968,Odoribacter,ERR1090339
38194.0,61170,genus,0.164982,Holdemania,ERR1090339
38194.0,1017280,genus,0.134985,Pseudoflavonifractor,ERR1090339
38194.0,1263,genus,0.131985,Ruminococcus,ERR1090339
38194.0,724,genus,0.116987,Haemophilus,ERR1090339
38194.0,1485,genus,0.113987,Clostridium,ERR1090339
38194.0,44748,genus,0.113987,Sporobacter,ERR1090339
38194.0,189330,genus,0.0899901,Dorea,ERR1090339
38194.0,102106,genus,0.0719921,Collinsella,ERR1090339
38194.0,1301,genus,0.0569937,Streptococcus,ERR1090339
38194.0,207244,genus,0.0509944,Anaerostipes,ERR1090339
38194.0,1505657,genus,0.0389957,Intestinibacter,ERR1090339
38194.0,1386,genus,0.035996,Bacillus,ERR1090339
38194.0,203470,genus,0.035996,Tepidiphilus,ERR1090339
38194.0,1578,genus,0.026997,Lactobacillus,ERR1090339
38194.0,1210119,genus,0.0239974,Ohtaekwangia,ERR1090339
38194.0,52784,genus,0.0239974,Anaerofilum,ERR1090339
38194.0,150022,genus,0.0209977,Finegoldia,ERR1090339
38194.0,838,genus,0.0209977,Prevotella,ERR1090339
38194.0,84567,genus,0.0209977,Pedobacter,ERR1090339
38194.0,162289,genus,0.0209977,Peptoniphilus,ERR1090339
38194.0,644652,genus,0.017998,Gordonibacter,ERR1090339
38194.0,84111,genus,0.017998,Eggerthella,ERR1090339
38194.0,467975,genus,0.017998,Iamia,ERR1090339
38194.0,286,genus,0.0149984,Pseudomonas,ERR1090339
38194.0,61434,genus,0.0149984,Dehalococcoides,ERR1090339
38194.0,32207,genus,0.0149984,Rothia,ERR1090339
38194.0,70774,genus,0.0149984,Hydrogenophilus,ERR1090339
38194.0,233191,genus,0.0119987,Caldilinea,ERR1090339
38194.0,577310,genus,0.0119987,Parasutterella,ERR1090339
38194.0,39948,genus,0.0119987,Dialister,ERR1090339
38194.0,33042,genus,0.0119987,Coprococcus,ERR1090339
38194.0,1654,genus,0.0119987,Actinomyces,ERR1090339
38194.0,504481,genus,0.0119987,Sediminibacterium,ERR1090339
38194.0,233189,genus,0.00899901,Anaerolinea,ERR1090339
38194.0,1678,genus,0.00899901,Bifidobacterium,ERR1090339
38194.0,1716,genus,0.00899901,Corynebacterium,ERR1090339
38194.0,2745,genus,0.00899901,Halomonas,ERR1090339
38194.0,43773,genus,0.00899901,Syntrophus,ERR1090339
38194.0,2742,genus,0.00899901,Marinobacter,ERR1090339
38194.0,2697,genus,0.00899901,Heliobacterium,ERR1090339
38194.0,374,genus,0.00899901,Bradyrhizobium,ERR1090339
38194.0,795750,genus,0.00899901,Ignavibacterium,ERR1090339
38194.0,35832,genus,0.00599934,Bilophila,ERR1090339
38194.0,178440,genus,0.00599934,Opitutus,ERR1090339
38194.0,262406,genus,0.00599934,Thermobaculum,ERR1090339
38194.0,146813,genus,0.00599934,Dendrosporobacter,ERR1090339
38194.0,1243,genus,0.00599934,Leuconostoc,ERR1090339
38194.0,207599,genus,0.00599934,Solirubrobacter,ERR1090339
38194.0,1380,genus,0.00599934,Atopobium,ERR1090339
38194.0,327159,genus,0.00599934,Candidatus Accumulibacter,ERR1090339
38194.0,1573534,genus,0.00599934,Faecalitalea,ERR1090339
38194.0,22,genus,0.00599934,Shewanella,ERR1090339
38194.0,194,genus,0.00599934,Campylobacter,ERR1090339
38194.0,1839,genus,0.00599934,Nocardioides,ERR1090339
38194.0,40323,genus,0.00599934,Stenotrophomonas,ERR1090339
38194.0,165695,genus,0.00599934,Sphingobium,ERR1090339
38194.0,76833,genus,0.00599934,Actinobaculum,ERR1090339
38194.0,2147,genus,0.00599934,Acholeplasma,ERR1090339
38194.0,346096,genus,0.00599934,Paludibacter,ERR1090339
38194.0,118966,genus,0.00599934,Anaerorhabdus,ERR1090339
38194.0,501783,genus,0.00599934,Cloacibacterium,ERR1090339
38194.0,28231,genus,0.00599934,Geobacter,ERR1090339
38194.0,29526,genus,0.00299967,Syntrophobacter,ERR1090339
38194.0,588605,genus,0.00299967,Robinsoniella,ERR1090339
38194.0,332248,genus,0.00299967,Truepera,ERR1090339
38194.0,482,genus,0.00299967,Neisseria,ERR1090339
38194.0,83618,genus,0.00299967,Pseudoxanthomonas,ERR1090339
38194.0,59732,genus,0.00299967,Chryseobacterium,ERR1090339
38194.0,1253,genus,0.00299967,Pediococcus,ERR1090339
38194.0,698776,genus,0.00299967,Cellulosilyticum,ERR1090339
38194.0,29465,genus,0.00299967,Veillonella,ERR1090339
38194.0,1883,genus,0.00299967,Streptomyces,ERR1090339
38194.0,1742989,genus,0.00299967,Glutamicibacter,ERR1090339
38194.0,16,genus,0.00299967,Methylophilus,ERR1090339
38194.0,133925,genus,0.00299967,Olsenella,ERR1090339
38194.0,1164882,genus,0.00299967,Lachnoanaerobaculum,ERR1090339
38194.0,244698,genus,0.00299967,Gillisia,ERR1090339
38194.0,31983,genus,0.00299967,Helcococcus,ERR1090339
38194.0,187144,genus,0.00299967,Caldithrix,ERR1090339
38194.0,44249,genus,0.00299967,Paenibacillus,ERR1090339
38194.0,166484,genus,0.00299967,Caminicella,ERR1090339
38194.0,165779,genus,0.00299967,Anaerococcus,ERR1090339
38194.0,1486726,genus,0.00299967,Pseudobacteroides,ERR1090339
38194.0,28453,genus,0.00299967,Sphingobacterium,ERR1090339
38194.0,1378,genus,0.00299967,Gemella,ERR1090339
38194.0,314318,genus,0.00299967,Prolixibacter,ERR1090339
38194.0,2735,genus,0.00299967,Verrucomicrobium,ERR1090339
38194.0,830,genus,0.00299967,Butyrivibrio,ERR1090339
38194.0,1843210,genus,0.00299967,Anaerocolumna,ERR1090339
38194.0,445,genus,0.00299967,Legionella,ERR1090339
38194.0,182639,genus,0.00299967,Kribbella,ERR1090339
38194.0,1279388,genus,0.00299967,Kandleria,ERR1090339
38194.0,80865,genus,0.00299967,Delftia,ERR1090339
38194.0,237,genus,0.00299967,Flavobacterium,ERR1090339
38194.0,420345,genus,0.00299967,Lactonifactor,ERR1090339
38194.0,929509,genus,0.00299967,Solitalea,ERR1090339
38194.0,1551504,genus,0.00299967,Candidatus Babela,ERR1090339
,-1,genus,24.1443,Unknown,ERR1090339
37578.0,816,genus,14.7381,Bacteroides,ERR1090397
37578.0,216851,genus,9.73232,Faecalibacterium,ERR1090397
37578.0,39948,genus,3.15102,Dialister,ERR1090397
37578.0,375288,genus,2.60828,Parabacteroides,ERR1090397
37578.0,1678,genus,2.60301,Bifidobacterium,ERR1090397
37578.0,1730,genus,2.35536,Eubacterium,ERR1090397
37578.0,239759,genus,1.51228,Alistipes,ERR1090397
37578.0,1263,genus,0.848351,Ruminococcus,ERR1090397
37578.0,33042,genus,0.764043,Coprococcus,ERR1090397
37578.0,1505663,genus,0.516387,Erysipelatoclostridium,ERR1090397
37578.0,572511,genus,0.411002,Blautia,ERR1090397
37578.0,1485,genus,0.337233,Clostridium,ERR1090397
37578.0,1506553,genus,0.237117,Lachnoclostridium,ERR1090397
37578.0,1508657,genus,0.205501,Ruminiclostridium,ERR1090397
37578.0,239934,genus,0.194963,Akkermansia,ERR1090397
37578.0,544,genus,0.189693,Citrobacter,ERR1090397
37578.0,1386,genus,0.189693,Bacillus,ERR1090397
37578.0,1505657,genus,0.168616,Intestinibacter,ERR1090397
37578.0,1663,genus,0.152809,Arthrobacter,ERR1090397
37578.0,841,genus,0.126462,Roseburia,ERR1090397
37578.0,577310,genus,0.110654,Parasutterella,ERR1090397
37578.0,283168,genus,0.0895774,Odoribacter,ERR1090397
37578.0,189330,genus,0.0843081,Dorea,ERR1090397
37578.0,44748,genus,0.0790389,Sporobacter,ERR1090397
37578.0,35832,genus,0.0685004,Bilophila,ERR1090397
37578.0,1279,genus,0.0632311,Staphylococcus,ERR1090397
37578.0,459786,genus,0.0474233,Oscillibacter,ERR1090397
37578.0,590,genus,0.0421541,Salmonella,ERR1090397
37578.0,1350,genus,0.0421541,Enterococcus,ERR1090397
37578.0,400634,genus,0.0263463,Lysinibacillus,ERR1090397
37578.0,469,genus,0.0263463,Acinetobacter,ERR1090397
37578.0,1301,genus,0.0263463,Streptococcus,ERR1090397
37578.0,990721,genus,0.0263463,Christensenella,ERR1090397
37578.0,1506577,genus,0.0263463,Tyzzerella,ERR1090397
37578.0,286,genus,0.021077,Pseudomonas,ERR1090397
37578.0,1243,genus,0.021077,Leuconostoc,ERR1090397
37578.0,207244,genus,0.021077,Anaerostipes,ERR1090397
37578.0,1654,genus,0.021077,Actinomyces,ERR1090397
37578.0,1569,genus,0.021077,Sporosarcina,ERR1090397
37578.0,838,genus,0.0158078,Prevotella,ERR1090397
37578.0,1471399,genus,0.0158078,Draconibacterium,ERR1090397
37578.0,32207,genus,0.0158078,Rothia,ERR1090397
37578.0,420345,genus,0.0105385,Lactonifactor,ERR1090397
37578.0,61170,genus,0.0105385,Holdemania,ERR1090397
37578.0,61434,genus,0.0105385,Dehalococcoides,ERR1090397
37578.0,1378,genus,0.0105385,Gemella,ERR1090397
37578.0,1372,genus,0.0105385,Planococcus,ERR1090397
37578.0,244127,genus,0.0105385,Anaerotruncus,ERR1090397
37578.0,332248,genus,0.00526926,Truepera,ERR1090397
37578.0,207599,genus,0.00526926,Solirubrobacter,ERR1090397
37578.0,41273,genus,0.00526926,Tissierella,ERR1090397
37578.0,1221880,genus,0.00526926,Psychrobacillus,ERR1090397
37578.0,570,genus,0.00526926,Klebsiella,ERR1090397
37578.0,46255,genus,0.00526926,Weissella,ERR1090397
37578.0,2299,genus,0.00526926,Desulfosarcina,ERR1090397
37578.0,180541,genus,0.00526926,Salinisphaera,ERR1090397
37578.0,66831,genus,0.00526926,Facklamia,ERR1090397
37578.0,264995,genus,0.00526926,Anaerofustis,ERR1090397
37578.0,392735,genus,0.00526926,Uliginosibacterium,ERR1090397
37578.0,233191,genus,0.00526926,Caldilinea,ERR1090397
37578.0,1077265,genus,0.00526926,Chthonomonas,ERR1090397
37578.0,846,genus,0.00526926,Oxalobacter,ERR1090397
37578.0,84406,genus,0.00526926,Virgibacillus,ERR1090397
37578.0,52784,genus,0.00526926,Anaerofilum,ERR1090397
37578.0,84111,genus,0.00526926,Eggerthella,ERR1090397
37578.0,84567,genus,0.00526926,Pedobacter,ERR1090397
37578.0,496496,genus,0.00526926,Viridibacillus,ERR1090397
37578.0,29393,genus,0.00526926,Dolosigranulum,ERR1090397
37578.0,1578,genus,0.00526926,Lactobacillus,ERR1090397
37578.0,1234,genus,0.00526926,Nitrospira,ERR1090397
37578.0,187144,genus,0.00526926,Caldithrix,ERR1090397
37578.0,1505652,genus,0.00526926,Terrisporobacter,ERR1090397
37578.0,29465,genus,0.00526926,Veillonella,ERR1090397
37578.0,118747,genus,0.00526926,Bulleidia,ERR1090397
37578.0,437504,genus,0.00526926,Granulosicoccus,ERR1090397
37578.0,40323,genus,0.00526926,Stenotrophomonas,ERR1090397
37578.0,1164882,genus,0.00526926,Lachnoanaerobaculum,ERR1090397
37578.0,1843210,genus,0.00526926,Anaerocolumna,ERR1090397
37578.0,135575,genus,0.00526926,Idiomarina,ERR1090397
37578.0,670486,genus,0.00526926,Dehalogenimonas,ERR1090397
,-1,genus,57.672,Unknown,ERR1090397
37578.0,816,genus,14.7381,Bacteroides,ERR1090397
37578.0,216851,genus,9.73232,Faecalibacterium,ERR1090397
37578.0,39948,genus,3.15102,Dialister,ERR1090397
37578.0,375288,genus,2.60828,Parabacteroides,ERR1090397
37578.0,1678,genus,2.60301,Bifidobacterium,ERR1090397
37578.0,1730,genus,2.35536,Eubacterium,ERR1090397
37578.0,239759,genus,1.51228,Alistipes,ERR1090397
37578.0,1263,genus,0.848351,Ruminococcus,ERR1090397
37578.0,33042,genus,0.764043,Coprococcus,ERR1090397
37578.0,1505663,genus,0.516387,Erysipelatoclostridium,ERR1090397
37578.0,572511,genus,0.411002,Blautia,ERR1090397
37578.0,1485,genus,0.337233,Clostridium,ERR1090397
37578.0,1506553,genus,0.237117,Lachnoclostridium,ERR1090397
37578.0,1508657,genus,0.205501,Ruminiclostridium,ERR1090397
37578.0,239934,genus,0.194963,Akkermansia,ERR1090397
37578.0,1386,genus,0.189693,Bacillus,ERR1090397
37578.0,544,genus,0.189693,Citrobacter,ERR1090397
37578.0,1505657,genus,0.168616,Intestinibacter,ERR1090397
37578.0,1663,genus,0.152809,Arthrobacter,ERR1090397
37578.0,841,genus,0.126462,Roseburia,ERR1090397
37578.0,577310,genus,0.110654,Parasutterella,ERR1090397
37578.0,283168,genus,0.0895774,Odoribacter,ERR1090397
37578.0,189330,genus,0.0843081,Dorea,ERR1090397
37578.0,44748,genus,0.0790389,Sporobacter,ERR1090397
37578.0,35832,genus,0.0685004,Bilophila,ERR1090397
37578.0,1279,genus,0.0632311,Staphylococcus,ERR1090397
37578.0,459786,genus,0.0474233,Oscillibacter,ERR1090397
37578.0,590,genus,0.0421541,Salmonella,ERR1090397
37578.0,1350,genus,0.0421541,Enterococcus,ERR1090397
37578.0,1301,genus,0.0263463,Streptococcus,ERR1090397
37578.0,990721,genus,0.0263463,Christensenella,ERR1090397
37578.0,1506577,genus,0.0263463,Tyzzerella,ERR1090397
37578.0,400634,genus,0.0263463,Lysinibacillus,ERR1090397
37578.0,469,genus,0.0263463,Acinetobacter,ERR1090397
37578.0,1654,genus,0.021077,Actinomyces,ERR1090397
37578.0,1569,genus,0.021077,Sporosarcina,ERR1090397
37578.0,286,genus,0.021077,Pseudomonas,ERR1090397
37578.0,1243,genus,0.021077,Leuconostoc,ERR1090397
37578.0,207244,genus,0.021077,Anaerostipes,ERR1090397
37578.0,1471399,genus,0.0158078,Draconibacterium,ERR1090397
37578.0,32207,genus,0.0158078,Rothia,ERR1090397
37578.0,838,genus,0.0158078,Prevotella,ERR1090397
37578.0,1378,genus,0.0105385,Gemella,ERR1090397
37578.0,1372,genus,0.0105385,Planococcus,ERR1090397
37578.0,244127,genus,0.0105385,Anaerotruncus,ERR1090397
37578.0,420345,genus,0.0105385,Lactonifactor,ERR1090397
37578.0,61170,genus,0.0105385,Holdemania,ERR1090397
37578.0,61434,genus,0.0105385,Dehalococcoides,ERR1090397
37578.0,52784,genus,0.00526926,Anaerofilum,ERR1090397
37578.0,84111,genus,0.00526926,Eggerthella,ERR1090397
37578.0,84567,genus,0.00526926,Pedobacter,ERR1090397
37578.0,496496,genus,0.00526926,Viridibacillus,ERR1090397
37578.0,29393,genus,0.00526926,Dolosigranulum,ERR1090397
37578.0,1578,genus,0.00526926,Lactobacillus,ERR1090397
37578.0,1234,genus,0.00526926,Nitrospira,ERR1090397
37578.0,187144,genus,0.00526926,Caldithrix,ERR1090397
37578.0,29465,genus,0.00526926,Veillonella,ERR1090397
37578.0,118747,genus,0.00526926,Bulleidia,ERR1090397
37578.0,1505652,genus,0.00526926,Terrisporobacter,ERR1090397
37578.0,40323,genus,0.00526926,Stenotrophomonas,ERR1090397
37578.0,437504,genus,0.00526926,Granulosicoccus,ERR1090397
37578.0,1843210,genus,0.00526926,Anaerocolumna,ERR1090397
37578.0,1164882,genus,0.00526926,Lachnoanaerobaculum,ERR1090397
37578.0,135575,genus,0.00526926,Idiomarina,ERR1090397
37578.0,670486,genus,0.00526926,Dehalogenimonas,ERR1090397
37578.0,207599,genus,0.00526926,Solirubrobacter,ERR1090397
37578.0,332248,genus,0.00526926,Truepera,ERR1090397
37578.0,41273,genus,0.00526926,Tissierella,ERR1090397
37578.0,1221880,genus,0.00526926,Psychrobacillus,ERR1090397
37578.0,570,genus,0.00526926,Klebsiella,ERR1090397
37578.0,46255,genus,0.00526926,Weissella,ERR1090397
37578.0,2299,genus,0.00526926,Desulfosarcina,ERR1090397
37578.0,180541,genus,0.00526926,Salinisphaera,ERR1090397
37578.0,66831,genus,0.00526926,Facklamia,ERR1090397
37578.0,264995,genus,0.00526926,Anaerofustis,ERR1090397
37578.0,392735,genus,0.00526926,Uliginosibacterium,ERR1090397
37578.0,233191,genus,0.00526926,Caldilinea,ERR1090397
37578.0,1077265,genus,0.00526926,Chthonomonas,ERR1090397
37578.0,846,genus,0.00526926,Oxalobacter,ERR1090397
37578.0,84406,genus,0.00526926,Virgibacillus,ERR1090397
,-1,genus,57.672,Unknown,ERR1090397
37578.0,816,genus,14.7381,Bacteroides,ERR1090397
37578.0,216851,genus,9.73232,Faecalibacterium,ERR1090397
37578.0,39948,genus,3.15102,Dialister,ERR1090397
37578.0,375288,genus,2.60828,Parabacteroides,ERR1090397
37578.0,1678,genus,2.60301,Bifidobacterium,ERR1090397
37578.0,1730,genus,2.35536,Eubacterium,ERR1090397
37578.0,239759,genus,1.51228,Alistipes,ERR1090397
37578.0,1263,genus,0.848351,Ruminococcus,ERR1090397
37578.0,33042,genus,0.764043,Coprococcus,ERR1090397
37578.0,1505663,genus,0.516387,Erysipelatoclostridium,ERR1090397
37578.0,572511,genus,0.411002,Blautia,ERR1090397
37578.0,1485,genus,0.337233,Clostridium,ERR1090397
37578.0,1506553,genus,0.237117,Lachnoclostridium,ERR1090397
37578.0,1508657,genus,0.205501,Ruminiclostridium,ERR1090397
37578.0,239934,genus,0.194963,Akkermansia,ERR1090397
37578.0,1386,genus,0.189693,Bacillus,ERR1090397
37578.0,544,genus,0.189693,Citrobacter,ERR1090397
37578.0,1505657,genus,0.168616,Intestinibacter,ERR1090397
37578.0,1663,genus,0.152809,Arthrobacter,ERR1090397
37578.0,841,genus,0.126462,Roseburia,ERR1090397
37578.0,577310,genus,0.110654,Parasutterella,ERR1090397
37578.0,283168,genus,0.0895774,Odoribacter,ERR1090397
37578.0,189330,genus,0.0843081,Dorea,ERR1090397
37578.0,44748,genus,0.0790389,Sporobacter,ERR1090397
37578.0,35832,genus,0.0685004,Bilophila,ERR1090397
37578.0,1279,genus,0.0632311,Staphylococcus,ERR1090397
37578.0,459786,genus,0.0474233,Oscillibacter,ERR1090397
37578.0,590,genus,0.0421541,Salmonella,ERR1090397
37578.0,1350,genus,0.0421541,Enterococcus,ERR1090397
37578.0,990721,genus,0.0263463,Christensenella,ERR1090397
37578.0,1506577,genus,0.0263463,Tyzzerella,ERR1090397
37578.0,400634,genus,0.0263463,Lysinibacillus,ERR1090397
37578.0,469,genus,0.0263463,Acinetobacter,ERR1090397
37578.0,1301,genus,0.0263463,Streptococcus,ERR1090397
37578.0,1569,genus,0.021077,Sporosarcina,ERR1090397
37578.0,286,genus,0.021077,Pseudomonas,ERR1090397
37578.0,1243,genus,0.021077,Leuconostoc,ERR1090397
37578.0,207244,genus,0.021077,Anaerostipes,ERR1090397
37578.0,1654,genus,0.021077,Actinomyces,ERR1090397
37578.0,32207,genus,0.0158078,Rothia,ERR1090397
37578.0,838,genus,0.0158078,Prevotella,ERR1090397
37578.0,1471399,genus,0.0158078,Draconibacterium,ERR1090397
37578.0,420345,genus,0.0105385,Lactonifactor,ERR1090397
37578.0,61170,genus,0.0105385,Holdemania,ERR1090397
37578.0,61434,genus,0.0105385,Dehalococcoides,ERR1090397
37578.0,1378,genus,0.0105385,Gemella,ERR1090397
37578.0,1372,genus,0.0105385,Planococcus,ERR1090397
37578.0,244127,genus,0.0105385,Anaerotruncus,ERR1090397
37578.0,29465,genus,0.00526926,Veillonella,ERR1090397
37578.0,118747,genus,0.00526926,Bulleidia,ERR1090397
37578.0,1505652,genus,0.00526926,Terrisporobacter,ERR1090397
37578.0,40323,genus,0.00526926,Stenotrophomonas,ERR1090397
37578.0,437504,genus,0.00526926,Granulosicoccus,ERR1090397
37578.0,1843210,genus,0.00526926,Anaerocolumna,ERR1090397
37578.0,1164882,genus,0.00526926,Lachnoanaerobaculum,ERR1090397
37578.0,135575,genus,0.00526926,Idiomarina,ERR1090397
37578.0,670486,genus,0.00526926,Dehalogenimonas,ERR1090397
37578.0,207599,genus,0.00526926,Solirubrobacter,ERR1090397
37578.0,332248,genus,0.00526926,Truepera,ERR1090397
37578.0,41273,genus,0.00526926,Tissierella,ERR1090397
37578.0,1221880,genus,0.00526926,Psychrobacillus,ERR1090397
37578.0,570,genus,0.00526926,Klebsiella,ERR1090397
37578.0,46255,genus,0.00526926,Weissella,ERR1090397
37578.0,2299,genus,0.00526926,Desulfosarcina,ERR1090397
37578.0,180541,genus,0.00526926,Salinisphaera,ERR1090397
37578.0,66831,genus,0.00526926,Facklamia,ERR1090397
37578.0,264995,genus,0.00526926,Anaerofustis,ERR1090397
37578.0,392735,genus,0.00526926,Uliginosibacterium,ERR1090397
37578.0,233191,genus,0.00526926,Caldilinea,ERR1090397
37578.0,1077265,genus,0.00526926,Chthonomonas,ERR1090397
37578.0,846,genus,0.00526926,Oxalobacter,ERR1090397
37578.0,84406,genus,0.00526926,Virgibacillus,ERR1090397
37578.0,52784,genus,0.00526926,Anaerofilum,ERR1090397
37578.0,84111,genus,0.00526926,Eggerthella,ERR1090397
37578.0,84567,genus,0.00526926,Pedobacter,ERR1090397
37578.0,496496,genus,0.00526926,Viridibacillus,ERR1090397
37578.0,29393,genus,0.00526926,Dolosigranulum,ERR1090397
37578.0,1578,genus,0.00526926,Lactobacillus,ERR1090397
37578.0,1234,genus,0.00526926,Nitrospira,ERR1090397
37578.0,187144,genus,0.00526926,Caldithrix,ERR1090397
,-1,genus,57.672,Unknown,ERR1090397
37578.0,816,genus,14.7381,Bacteroides,ERR1090397
37578.0,216851,genus,9.73232,Faecalibacterium,ERR1090397
37578.0,39948,genus,3.15102,Dialister,ERR1090397
37578.0,375288,genus,2.60828,Parabacteroides,ERR1090397
37578.0,1678,genus,2.60301,Bifidobacterium,ERR1090397
37578.0,1730,genus,2.35536,Eubacterium,ERR1090397
37578.0,239759,genus,1.51228,Alistipes,ERR1090397
37578.0,1263,genus,0.848351,Ruminococcus,ERR1090397
37578.0,33042,genus,0.764043,Coprococcus,ERR1090397
37578.0,1505663,genus,0.516387,Erysipelatoclostridium,ERR1090397
37578.0,572511,genus,0.411002,Blautia,ERR1090397
37578.0,1485,genus,0.337233,Clostridium,ERR1090397
37578.0,1506553,genus,0.237117,Lachnoclostridium,ERR1090397
37578.0,1508657,genus,0.205501,Ruminiclostridium,ERR1090397
37578.0,239934,genus,0.194963,Akkermansia,ERR1090397
37578.0,544,genus,0.189693,Citrobacter,ERR1090397
37578.0,1386,genus,0.189693,Bacillus,ERR1090397
37578.0,1505657,genus,0.168616,Intestinibacter,ERR1090397
37578.0,1663,genus,0.152809,Arthrobacter,ERR1090397
37578.0,841,genus,0.126462,Roseburia,ERR1090397
37578.0,577310,genus,0.110654,Parasutterella,ERR1090397
37578.0,283168,genus,0.0895774,Odoribacter,ERR1090397
37578.0,189330,genus,0.0843081,Dorea,ERR1090397
37578.0,44748,genus,0.0790389,Sporobacter,ERR1090397
37578.0,35832,genus,0.0685004,Bilophila,ERR1090397
37578.0,1279,genus,0.0632311,Staphylococcus,ERR1090397
37578.0,459786,genus,0.0474233,Oscillibacter,ERR1090397
37578.0,590,genus,0.0421541,Salmonella,ERR1090397
37578.0,1350,genus,0.0421541,Enterococcus,ERR1090397
37578.0,400634,genus,0.0263463,Lysinibacillus,ERR1090397
37578.0,469,genus,0.0263463,Acinetobacter,ERR1090397
37578.0,1301,genus,0.0263463,Streptococcus,ERR1090397
37578.0,990721,genus,0.0263463,Christensenella,ERR1090397
37578.0,1506577,genus,0.0263463,Tyzzerella,ERR1090397
37578.0,286,genus,0.021077,Pseudomonas,ERR1090397
37578.0,1243,genus,0.021077,Leuconostoc,ERR1090397
37578.0,207244,genus,0.021077,Anaerostipes,ERR1090397
37578.0,1654,genus,0.021077,Actinomyces,ERR1090397
37578.0,1569,genus,0.021077,Sporosarcina,ERR1090397
37578.0,838,genus,0.0158078,Prevotella,ERR1090397
37578.0,1471399,genus,0.0158078,Draconibacterium,ERR1090397
37578.0,32207,genus,0.0158078,Rothia,ERR1090397
37578.0,420345,genus,0.0105385,Lactonifactor,ERR1090397
37578.0,61434,genus,0.0105385,Dehalococcoides,ERR1090397
37578.0,61170,genus,0.0105385,Holdemania,ERR1090397
37578.0,1378,genus,0.0105385,Gemella,ERR1090397
37578.0,1372,genus,0.0105385,Planococcus,ERR1090397
37578.0,244127,genus,0.0105385,Anaerotruncus,ERR1090397
37578.0,670486,genus,0.00526926,Dehalogenimonas,ERR1090397
37578.0,135575,genus,0.00526926,Idiomarina,ERR1090397
37578.0,207599,genus,0.00526926,Solirubrobacter,ERR1090397
37578.0,332248,genus,0.00526926,Truepera,ERR1090397
37578.0,570,genus,0.00526926,Klebsiella,ERR1090397
37578.0,46255,genus,0.00526926,Weissella,ERR1090397
37578.0,41273,genus,0.00526926,Tissierella,ERR1090397
37578.0,1221880,genus,0.00526926,Psychrobacillus,ERR1090397
37578.0,66831,genus,0.00526926,Facklamia,ERR1090397
37578.0,2299,genus,0.00526926,Desulfosarcina,ERR1090397
37578.0,180541,genus,0.00526926,Salinisphaera,ERR1090397
37578.0,264995,genus,0.00526926,Anaerofustis,ERR1090397
37578.0,233191,genus,0.00526926,Caldilinea,ERR1090397
37578.0,392735,genus,0.00526926,Uliginosibacterium,ERR1090397
37578.0,1077265,genus,0.00526926,Chthonomonas,ERR1090397
37578.0,846,genus,0.00526926,Oxalobacter,ERR1090397
37578.0,84406,genus,0.00526926,Virgibacillus,ERR1090397
37578.0,52784,genus,0.00526926,Anaerofilum,ERR1090397
37578.0,84111,genus,0.00526926,Eggerthella,ERR1090397
37578.0,84567,genus,0.00526926,Pedobacter,ERR1090397
37578.0,1234,genus,0.00526926,Nitrospira,ERR1090397
37578.0,496496,genus,0.00526926,Viridibacillus,ERR1090397
37578.0,29393,genus,0.00526926,Dolosigranulum,ERR1090397
37578.0,1578,genus,0.00526926,Lactobacillus,ERR1090397
37578.0,187144,genus,0.00526926,Caldithrix,ERR1090397
37578.0,1505652,genus,0.00526926,Terrisporobacter,ERR1090397
37578.0,29465,genus,0.00526926,Veillonella,ERR1090397
37578.0,118747,genus,0.00526926,Bulleidia,ERR1090397
37578.0,437504,genus,0.00526926,Granulosicoccus,ERR1090397
37578.0,40323,genus,0.00526926,Stenotrophomonas,ERR1090397
37578.0,1164882,genus,0.00526926,Lachnoanaerobaculum,ERR1090397
37578.0,1843210,genus,0.00526926,Anaerocolumna,ERR1090397
,-1,genus,57.672,Unknown,ERR1090397
38195.0,838,genus,21.7393,Prevotella,ERR1090440
38195.0,816,genus,16.9006,Bacteroides,ERR1090440
38195.0,216851,genus,9.39834,Faecalibacterium,ERR1090440
38195.0,572511,genus,3.49668,Blautia,ERR1090440
38195.0,1508657,genus,2.95904,Ruminiclostridium,ERR1090440
38195.0,1730,genus,2.7169,Eubacterium,ERR1090440
38195.0,1506553,genus,2.43372,Lachnoclostridium,ERR1090440
38195.0,577309,genus,2.19568,Paraprevotella,ERR1090440
38195.0,375288,genus,1.88788,Parabacteroides,ERR1090440
38195.0,239759,genus,1.83452,Alistipes,ERR1090440
38195.0,1505663,genus,0.980875,Erysipelatoclostridium,ERR1090440
38195.0,397864,genus,0.84544,Barnesiella,ERR1090440
38195.0,1263,genus,0.816712,Ruminococcus,ERR1090440
38195.0,33042,genus,0.759255,Coprococcus,ERR1090440
38195.0,1386,genus,0.677173,Bacillus,ERR1090440
38195.0,459786,genus,0.656653,Oscillibacter,ERR1090440
38195.0,841,genus,0.496594,Roseburia,ERR1090440
38195.0,1573535,genus,0.476073,Holdemanella,ERR1090440
38195.0,836,genus,0.385783,Porphyromonas,ERR1090440
38195.0,162289,genus,0.348847,Peptoniphilus,ERR1090440
38195.0,150022,genus,0.328326,Finegoldia,ERR1090440
38195.0,40544,genus,0.29139,Sutterella,ERR1090440
38195.0,283168,genus,0.250349,Odoribacter,ERR1090440
38195.0,189330,genus,0.246245,Dorea,ERR1090440
38195.0,194,genus,0.233933,Campylobacter,ERR1090440
38195.0,872,genus,0.217516,Desulfovibrio,ERR1090440
38195.0,239934,genus,0.192892,Akkermansia,ERR1090440
38195.0,1678,genus,0.160059,Bifidobacterium,ERR1090440
38195.0,244127,genus,0.147747,Anaerotruncus,ERR1090440
38195.0,44249,genus,0.147747,Paenibacillus,ERR1090440
38195.0,286,genus,0.147747,Pseudomonas,ERR1090440
38195.0,165779,genus,0.135435,Anaerococcus,ERR1090440
38195.0,1301,genus,0.135435,Streptococcus,ERR1090440
38195.0,44748,genus,0.131331,Sporobacter,ERR1090440
38195.0,904,genus,0.131331,Acidaminococcus,ERR1090440
38195.0,1485,genus,0.123122,Clostridium,ERR1090440
38195.0,41273,genus,0.114914,Tissierella,ERR1090440
38195.0,1716,genus,0.11081,Corynebacterium,ERR1090440
38195.0,86331,genus,0.0984979,Mogibacterium,ERR1090440
38195.0,39948,genus,0.0984979,Dialister,ERR1090440
38195.0,13334,genus,0.0820816,Anaerobiospirillum,ERR1090440
38195.0,1279388,genus,0.0820816,Kandleria,ERR1090440
38195.0,13687,genus,0.0615612,Sphingomonas,ERR1090440
38195.0,577310,genus,0.053353,Parasutterella,ERR1090440
38195.0,35832,genus,0.049249,Bilophila,ERR1090440
38195.0,2050,genus,0.049249,Mobiluncus,ERR1090440
38195.0,84111,genus,0.049249,Eggerthella,ERR1090440
38195.0,2172,genus,0.0451449,Methanobrevibacter,ERR1090440
38195.0,207244,genus,0.0451449,Anaerostipes,ERR1090440
38195.0,1380,genus,0.0369367,Atopobium,ERR1090440
38195.0,848,genus,0.0369367,Fusobacterium,ERR1090440
38195.0,1200657,genus,0.0328326,Saccharofermentans,ERR1090440
38195.0,1257,genus,0.0328326,Peptostreptococcus,ERR1090440
38195.0,61170,genus,0.0246245,Holdemania,ERR1090440
38195.0,2132,genus,0.0246245,Spiroplasma,ERR1090440
38195.0,1505657,genus,0.0246245,Intestinibacter,ERR1090440
38195.0,118747,genus,0.0246245,Bulleidia,ERR1090440
38195.0,52784,genus,0.0205204,Anaerofilum,ERR1090440
38195.0,906,genus,0.0205204,Megasphaera,ERR1090440
38195.0,1578,genus,0.0205204,Lactobacillus,ERR1090440
38195.0,2316,genus,0.0205204,Methanosphaera,ERR1090440
38195.0,1654,genus,0.0205204,Actinomyces,ERR1090440
38195.0,84108,genus,0.0164163,Slackia,ERR1090440
38195.0,66831,genus,0.0164163,Facklamia,ERR1090440
38195.0,1471399,genus,0.0164163,Draconibacterium,ERR1090440
38195.0,46205,genus,0.0123122,Pseudobutyrivibrio,ERR1090440
38195.0,1506577,genus,0.0123122,Tyzzerella,ERR1090440
38195.0,1017280,genus,0.0123122,Pseudoflavonifractor,ERR1090440
38195.0,590,genus,0.0123122,Salmonella,ERR1090440
38195.0,586,genus,0.0123122,Providencia,ERR1090440
38195.0,184869,genus,0.0123122,Varibaculum,ERR1090440
38195.0,133925,genus,0.0123122,Olsenella,ERR1090440
38195.0,1378,genus,0.0123122,Gemella,ERR1090440
38195.0,469,genus,0.0123122,Acinetobacter,ERR1090440
38195.0,29465,genus,0.0123122,Veillonella,ERR1090440
38195.0,1253,genus,0.0123122,Pediococcus,ERR1090440
38195.0,1350,genus,0.0123122,Enterococcus,ERR1090440
38195.0,100883,genus,0.00820816,Coprobacillus,ERR1090440
38195.0,160795,genus,0.00820816,Ureibacillus,ERR1090440
38195.0,146813,genus,0.00820816,Dendrosporobacter,ERR1090440
38195.0,182709,genus,0.00820816,Oceanobacillus,ERR1090440
38195.0,84567,genus,0.00820816,Pedobacter,ERR1090440
38195.0,2740,genus,0.00820816,Peptococcus,ERR1090440
38195.0,1565532,genus,0.00820816,Rouxiella,ERR1090440
38195.0,187144,genus,0.00410408,Caldithrix,ERR1090440
38195.0,156973,genus,0.00410408,Dysgonomonas,ERR1090440
38195.0,102106,genus,0.00410408,Collinsella,ERR1090440
38195.0,482,genus,0.00410408,Neisseria,ERR1090440
38195.0,544,genus,0.00410408,Citrobacter,ERR1090440
38195.0,28138,genus,0.00410408,Rikenella,ERR1090440
38195.0,1357,genus,0.00410408,Lactococcus,ERR1090440
38195.0,843,genus,0.00410408,Wolinella,ERR1090440
38195.0,698776,genus,0.00410408,Cellulosilyticum,ERR1090440
38195.0,233191,genus,0.00410408,Caldilinea,ERR1090440
38195.0,273135,genus,0.00410408,Candidatus Cardinium,ERR1090440
38195.0,2147,genus,0.00410408,Acholeplasma,ERR1090440
38195.0,58050,genus,0.00410408,Moritella,ERR1090440
38195.0,978,genus,0.00410408,Cytophaga,ERR1090440
38195.0,795750,genus,0.00410408,Ignavibacterium,ERR1090440
38195.0,648800,genus,0.00410408,Solibacillus,ERR1090440
38195.0,990721,genus,0.00410408,Christensenella,ERR1090440
38195.0,561,genus,0.00410408,Escherichia,ERR1090440
38195.0,40323,genus,0.00410408,Stenotrophomonas,ERR1090440
38195.0,100175,genus,0.00410408,Papillibacter,ERR1090440
38195.0,12916,genus,0.00410408,Acidovorax,ERR1090440
38195.0,262406,genus,0.00410408,Thermobaculum,ERR1090440
38195.0,670486,genus,0.00410408,Dehalogenimonas,ERR1090440
38195.0,28453,genus,0.00410408,Sphingobacterium,ERR1090440
38195.0,349742,genus,0.00410408,Sedimenticola,ERR1090440
,-1,genus,23.106,Unknown,ERR1090440
38196.0,816,genus,26.87,Bacteroides,ERR1090452
38196.0,216851,genus,12.2846,Faecalibacterium,ERR1090452
38196.0,1508657,genus,3.36544,Ruminiclostridium,ERR1090452
38196.0,33042,genus,2.9909,Coprococcus,ERR1090452
38196.0,239934,genus,2.44516,Akkermansia,ERR1090452
38196.0,459786,genus,1.47138,Oscillibacter,ERR1090452
38196.0,239759,genus,1.24131,Alistipes,ERR1090452
38196.0,1730,genus,1.22525,Eubacterium,ERR1090452
38196.0,572511,genus,1.20385,Blautia,ERR1090452
38196.0,39948,genus,1.00589,Dialister,ERR1090452
38196.0,397864,genus,0.70626,Barnesiella,ERR1090452
38196.0,375288,genus,0.497592,Parabacteroides,ERR1090452
38196.0,1505663,genus,0.444088,Erysipelatoclostridium,ERR1090452
38196.0,44748,genus,0.406635,Sporobacter,ERR1090452
38196.0,1485,genus,0.385233,Clostridium,ERR1090452
38196.0,1506553,genus,0.23542,Lachnoclostridium,ERR1090452
38196.0,1263,genus,0.23542,Ruminococcus,ERR1090452
38196.0,207244,genus,0.214018,Anaerostipes,ERR1090452
38196.0,286,genus,0.165864,Pseudomonas,ERR1090452
38196.0,35832,genus,0.144462,Bilophila,ERR1090452
38196.0,841,genus,0.12306,Roseburia,ERR1090452
38196.0,1301,genus,0.11771,Streptococcus,ERR1090452
38196.0,253238,genus,0.107009,Ethanoligenens,ERR1090452
38196.0,244127,genus,0.107009,Anaerotruncus,ERR1090452
38196.0,990721,genus,0.107009,Christensenella,ERR1090452
38196.0,1506577,genus,0.0856073,Tyzzerella,ERR1090452
38196.0,1678,genus,0.0642055,Bifidobacterium,ERR1090452
38196.0,283168,genus,0.0428036,Odoribacter,ERR1090452
38196.0,61170,genus,0.0374532,Holdemania,ERR1090452
38196.0,561,genus,0.0321027,Escherichia,ERR1090452
38196.0,1386,genus,0.0321027,Bacillus,ERR1090452
38196.0,724,genus,0.0321027,Haemophilus,ERR1090452
38196.0,838,genus,0.0321027,Prevotella,ERR1090452
38196.0,40323,genus,0.0321027,Stenotrophomonas,ERR1090452
38196.0,2132,genus,0.0267523,Spiroplasma,ERR1090452
38196.0,29465,genus,0.0214018,Veillonella,ERR1090452
38196.0,84111,genus,0.0160514,Eggerthella,ERR1090452
38196.0,44249,genus,0.0160514,Paenibacillus,ERR1090452
38196.0,189330,genus,0.0160514,Dorea,ERR1090452
38196.0,1663,genus,0.0160514,Arthrobacter,ERR1090452
38196.0,36853,genus,0.0160514,Desulfitobacterium,ERR1090452
38196.0,79206,genus,0.0107009,Desulfosporosinus,ERR1090452
38196.0,836,genus,0.0107009,Porphyromonas,ERR1090452
38196.0,413496,genus,0.0107009,Cronobacter,ERR1090452
38196.0,904,genus,0.0107009,Acidaminococcus,ERR1090452
38196.0,1378,genus,0.0107009,Gemella,ERR1090452
38196.0,590,genus,0.0107009,Salmonella,ERR1090452
38196.0,100175,genus,0.0107009,Papillibacter,ERR1090452
38196.0,84406,genus,0.0107009,Virgibacillus,ERR1090452
38196.0,475,genus,0.0107009,Moraxella,ERR1090452
38196.0,34037,genus,0.0107009,Rahnella,ERR1090452
38196.0,203470,genus,0.00535045,Tepidiphilus,ERR1090452
38196.0,1652133,genus,0.00535045,Halobacteriovorax,ERR1090452
38196.0,270497,genus,0.00535045,Catabacter,ERR1090452
38196.0,226,genus,0.00535045,Alteromonas,ERR1090452
38196.0,2299,genus,0.00535045,Desulfosarcina,ERR1090452
38196.0,117563,genus,0.00535045,Granulicatella,ERR1090452
38196.0,1716,genus,0.00535045,Corynebacterium,ERR1090452
38196.0,469,genus,0.00535045,Acinetobacter,ERR1090452
38196.0,133925,genus,0.00535045,Olsenella,ERR1090452
38196.0,1077265,genus,0.00535045,Chthonomonas,ERR1090452
38196.0,543311,genus,0.00535045,Parvimonas,ERR1090452
38196.0,795750,genus,0.00535045,Ignavibacterium,ERR1090452
38196.0,84565,genus,0.00535045,Sodalis,ERR1090452
38196.0,482,genus,0.00535045,Neisseria,ERR1090452
38196.0,511434,genus,0.00535045,Candidatus Azobacteroides,ERR1090452
38196.0,1380,genus,0.00535045,Atopobium,ERR1090452
38196.0,1569,genus,0.00535045,Sporosarcina,ERR1090452
38196.0,577310,genus,0.00535045,Parasutterella,ERR1090452
38196.0,1637257,genus,0.00535045,Mageeibacillus,ERR1090452
38196.0,400634,genus,0.00535045,Lysinibacillus,ERR1090452
38196.0,246875,genus,0.00535045,Algoriphagus,ERR1090452
38196.0,262406,genus,0.00535045,Thermobaculum,ERR1090452
38196.0,233191,genus,0.00535045,Caldilinea,ERR1090452
38196.0,1200657,genus,0.00535045,Saccharofermentans,ERR1090452
38196.0,121038,genus,0.00535045,Ferrimicrobium,ERR1090452
38196.0,29330,genus,0.00535045,Alicyclobacillus,ERR1090452
38196.0,28231,genus,0.00535045,Geobacter,ERR1090452
38196.0,872,genus,0.00535045,Desulfovibrio,ERR1090452
38196.0,407,genus,0.00535045,Methylobacterium,ERR1090452
38196.0,180541,genus,0.00535045,Salinisphaera,ERR1090452
,-1,genus,40.8186,Unknown,ERR1090452
38196.0,816,genus,26.87,Bacteroides,ERR1090452
38196.0,216851,genus,12.2846,Faecalibacterium,ERR1090452
38196.0,1508657,genus,3.36544,Ruminiclostridium,ERR1090452
38196.0,33042,genus,2.9909,Coprococcus,ERR1090452
38196.0,239934,genus,2.44516,Akkermansia,ERR1090452
38196.0,459786,genus,1.47138,Oscillibacter,ERR1090452
38196.0,239759,genus,1.24131,Alistipes,ERR1090452
38196.0,1730,genus,1.22525,Eubacterium,ERR1090452
38196.0,572511,genus,1.20385,Blautia,ERR1090452
38196.0,39948,genus,1.00589,Dialister,ERR1090452
38196.0,397864,genus,0.70626,Barnesiella,ERR1090452
38196.0,375288,genus,0.497592,Parabacteroides,ERR1090452
38196.0,1505663,genus,0.444088,Erysipelatoclostridium,ERR1090452
38196.0,44748,genus,0.406635,Sporobacter,ERR1090452
38196.0,1485,genus,0.385233,Clostridium,ERR1090452
38196.0,1506553,genus,0.23542,Lachnoclostridium,ERR1090452
38196.0,1263,genus,0.23542,Ruminococcus,ERR1090452
38196.0,207244,genus,0.214018,Anaerostipes,ERR1090452
38196.0,286,genus,0.165864,Pseudomonas,ERR1090452
38196.0,35832,genus,0.144462,Bilophila,ERR1090452
38196.0,841,genus,0.12306,Roseburia,ERR1090452
38196.0,1301,genus,0.11771,Streptococcus,ERR1090452
38196.0,253238,genus,0.107009,Ethanoligenens,ERR1090452
38196.0,244127,genus,0.107009,Anaerotruncus,ERR1090452
38196.0,990721,genus,0.107009,Christensenella,ERR1090452
38196.0,1506577,genus,0.0856073,Tyzzerella,ERR1090452
38196.0,1678,genus,0.0642055,Bifidobacterium,ERR1090452
38196.0,283168,genus,0.0428036,Odoribacter,ERR1090452
38196.0,61170,genus,0.0374532,Holdemania,ERR1090452
38196.0,561,genus,0.0321027,Escherichia,ERR1090452
38196.0,1386,genus,0.0321027,Bacillus,ERR1090452
38196.0,724,genus,0.0321027,Haemophilus,ERR1090452
38196.0,838,genus,0.0321027,Prevotella,ERR1090452
38196.0,40323,genus,0.0321027,Stenotrophomonas,ERR1090452
38196.0,2132,genus,0.0267523,Spiroplasma,ERR1090452
38196.0,29465,genus,0.0214018,Veillonella,ERR1090452
38196.0,84111,genus,0.0160514,Eggerthella,ERR1090452
38196.0,44249,genus,0.0160514,Paenibacillus,ERR1090452
38196.0,189330,genus,0.0160514,Dorea,ERR1090452
38196.0,1663,genus,0.0160514,Arthrobacter,ERR1090452
38196.0,36853,genus,0.0160514,Desulfitobacterium,ERR1090452
38196.0,79206,genus,0.0107009,Desulfosporosinus,ERR1090452
38196.0,836,genus,0.0107009,Porphyromonas,ERR1090452
38196.0,413496,genus,0.0107009,Cronobacter,ERR1090452
38196.0,904,genus,0.0107009,Acidaminococcus,ERR1090452
38196.0,1378,genus,0.0107009,Gemella,ERR1090452
38196.0,590,genus,0.0107009,Salmonella,ERR1090452
38196.0,100175,genus,0.0107009,Papillibacter,ERR1090452
38196.0,84406,genus,0.0107009,Virgibacillus,ERR1090452
38196.0,475,genus,0.0107009,Moraxella,ERR1090452
38196.0,34037,genus,0.0107009,Rahnella,ERR1090452
38196.0,226,genus,0.00535045,Alteromonas,ERR1090452
38196.0,2299,genus,0.00535045,Desulfosarcina,ERR1090452
38196.0,117563,genus,0.00535045,Granulicatella,ERR1090452
38196.0,1716,genus,0.00535045,Corynebacterium,ERR1090452
38196.0,469,genus,0.00535045,Acinetobacter,ERR1090452
38196.0,133925,genus,0.00535045,Olsenella,ERR1090452
38196.0,1077265,genus,0.00535045,Chthonomonas,ERR1090452
38196.0,543311,genus,0.00535045,Parvimonas,ERR1090452
38196.0,795750,genus,0.00535045,Ignavibacterium,ERR1090452
38196.0,84565,genus,0.00535045,Sodalis,ERR1090452
38196.0,482,genus,0.00535045,Neisseria,ERR1090452
38196.0,511434,genus,0.00535045,Candidatus Azobacteroides,ERR1090452
38196.0,1380,genus,0.00535045,Atopobium,ERR1090452
38196.0,1569,genus,0.00535045,Sporosarcina,ERR1090452
38196.0,577310,genus,0.00535045,Parasutterella,ERR1090452
38196.0,1637257,genus,0.00535045,Mageeibacillus,ERR1090452
38196.0,400634,genus,0.00535045,Lysinibacillus,ERR1090452
38196.0,246875,genus,0.00535045,Algoriphagus,ERR1090452
38196.0,262406,genus,0.00535045,Thermobaculum,ERR1090452
38196.0,233191,genus,0.00535045,Caldilinea,ERR1090452
38196.0,1200657,genus,0.00535045,Saccharofermentans,ERR1090452
38196.0,121038,genus,0.00535045,Ferrimicrobium,ERR1090452
38196.0,29330,genus,0.00535045,Alicyclobacillus,ERR1090452
38196.0,28231,genus,0.00535045,Geobacter,ERR1090452
38196.0,872,genus,0.00535045,Desulfovibrio,ERR1090452
38196.0,407,genus,0.00535045,Methylobacterium,ERR1090452
38196.0,180541,genus,0.00535045,Salinisphaera,ERR1090452
38196.0,203470,genus,0.00535045,Tepidiphilus,ERR1090452
38196.0,1652133,genus,0.00535045,Halobacteriovorax,ERR1090452
38196.0,270497,genus,0.00535045,Catabacter,ERR1090452
,-1,genus,40.8186,Unknown,ERR1090452
38196.0,816,genus,26.87,Bacteroides,ERR1090452
38196.0,216851,genus,12.2846,Faecalibacterium,ERR1090452
38196.0,1508657,genus,3.36544,Ruminiclostridium,ERR1090452
38196.0,33042,genus,2.9909,Coprococcus,ERR1090452
38196.0,239934,genus,2.44516,Akkermansia,ERR1090452
38196.0,459786,genus,1.47138,Oscillibacter,ERR1090452
38196.0,239759,genus,1.24131,Alistipes,ERR1090452
38196.0,1730,genus,1.22525,Eubacterium,ERR1090452
38196.0,572511,genus,1.20385,Blautia,ERR1090452
38196.0,39948,genus,1.00589,Dialister,ERR1090452
38196.0,397864,genus,0.70626,Barnesiella,ERR1090452
38196.0,375288,genus,0.497592,Parabacteroides,ERR1090452
38196.0,1505663,genus,0.444088,Erysipelatoclostridium,ERR1090452
38196.0,44748,genus,0.406635,Sporobacter,ERR1090452
38196.0,1485,genus,0.385233,Clostridium,ERR1090452
38196.0,1506553,genus,0.23542,Lachnoclostridium,ERR1090452
38196.0,1263,genus,0.23542,Ruminococcus,ERR1090452
38196.0,207244,genus,0.214018,Anaerostipes,ERR1090452
38196.0,286,genus,0.165864,Pseudomonas,ERR1090452
38196.0,35832,genus,0.144462,Bilophila,ERR1090452
38196.0,841,genus,0.12306,Roseburia,ERR1090452
38196.0,1301,genus,0.11771,Streptococcus,ERR1090452
38196.0,253238,genus,0.107009,Ethanoligenens,ERR1090452
38196.0,244127,genus,0.107009,Anaerotruncus,ERR1090452
38196.0,990721,genus,0.107009,Christensenella,ERR1090452
38196.0,1506577,genus,0.0856073,Tyzzerella,ERR1090452
38196.0,1678,genus,0.0642055,Bifidobacterium,ERR1090452
38196.0,283168,genus,0.0428036,Odoribacter,ERR1090452
38196.0,61170,genus,0.0374532,Holdemania,ERR1090452
38196.0,561,genus,0.0321027,Escherichia,ERR1090452
38196.0,1386,genus,0.0321027,Bacillus,ERR1090452
38196.0,724,genus,0.0321027,Haemophilus,ERR1090452
38196.0,838,genus,0.0321027,Prevotella,ERR1090452
38196.0,40323,genus,0.0321027,Stenotrophomonas,ERR1090452
38196.0,2132,genus,0.0267523,Spiroplasma,ERR1090452
38196.0,29465,genus,0.0214018,Veillonella,ERR1090452
38196.0,84111,genus,0.0160514,Eggerthella,ERR1090452
38196.0,44249,genus,0.0160514,Paenibacillus,ERR1090452
38196.0,189330,genus,0.0160514,Dorea,ERR1090452
38196.0,1663,genus,0.0160514,Arthrobacter,ERR1090452
38196.0,36853,genus,0.0160514,Desulfitobacterium,ERR1090452
38196.0,836,genus,0.0107009,Porphyromonas,ERR1090452
38196.0,413496,genus,0.0107009,Cronobacter,ERR1090452
38196.0,904,genus,0.0107009,Acidaminococcus,ERR1090452
38196.0,1378,genus,0.0107009,Gemella,ERR1090452
38196.0,590,genus,0.0107009,Salmonella,ERR1090452
38196.0,100175,genus,0.0107009,Papillibacter,ERR1090452
38196.0,84406,genus,0.0107009,Virgibacillus,ERR1090452
38196.0,475,genus,0.0107009,Moraxella,ERR1090452
38196.0,34037,genus,0.0107009,Rahnella,ERR1090452
38196.0,79206,genus,0.0107009,Desulfosporosinus,ERR1090452
38196.0,117563,genus,0.00535045,Granulicatella,ERR1090452
38196.0,1716,genus,0.00535045,Corynebacterium,ERR1090452
38196.0,469,genus,0.00535045,Acinetobacter,ERR1090452
38196.0,133925,genus,0.00535045,Olsenella,ERR1090452
38196.0,1077265,genus,0.00535045,Chthonomonas,ERR1090452
38196.0,543311,genus,0.00535045,Parvimonas,ERR1090452
38196.0,795750,genus,0.00535045,Ignavibacterium,ERR1090452
38196.0,84565,genus,0.00535045,Sodalis,ERR1090452
38196.0,482,genus,0.00535045,Neisseria,ERR1090452
38196.0,511434,genus,0.00535045,Candidatus Azobacteroides,ERR1090452
38196.0,1380,genus,0.00535045,Atopobium,ERR1090452
38196.0,1569,genus,0.00535045,Sporosarcina,ERR1090452
38196.0,577310,genus,0.00535045,Parasutterella,ERR1090452
38196.0,1637257,genus,0.00535045,Mageeibacillus,ERR1090452
38196.0,400634,genus,0.00535045,Lysinibacillus,ERR1090452
38196.0,246875,genus,0.00535045,Algoriphagus,ERR1090452
38196.0,262406,genus,0.00535045,Thermobaculum,ERR1090452
38196.0,233191,genus,0.00535045,Caldilinea,ERR1090452
38196.0,1200657,genus,0.00535045,Saccharofermentans,ERR1090452
38196.0,121038,genus,0.00535045,Ferrimicrobium,ERR1090452
38196.0,29330,genus,0.00535045,Alicyclobacillus,ERR1090452
38196.0,28231,genus,0.00535045,Geobacter,ERR1090452
38196.0,872,genus,0.00535045,Desulfovibrio,ERR1090452
38196.0,407,genus,0.00535045,Methylobacterium,ERR1090452
38196.0,180541,genus,0.00535045,Salinisphaera,ERR1090452
38196.0,203470,genus,0.00535045,Tepidiphilus,ERR1090452
38196.0,1652133,genus,0.00535045,Halobacteriovorax,ERR1090452
38196.0,270497,genus,0.00535045,Catabacter,ERR1090452
38196.0,226,genus,0.00535045,Alteromonas,ERR1090452
38196.0,2299,genus,0.00535045,Desulfosarcina,ERR1090452
,-1,genus,40.8186,Unknown,ERR1090452
38196.0,816,genus,26.87,Bacteroides,ERR1090452
38196.0,216851,genus,12.2846,Faecalibacterium,ERR1090452
38196.0,1508657,genus,3.36544,Ruminiclostridium,ERR1090452
38196.0,33042,genus,2.9909,Coprococcus,ERR1090452
38196.0,239934,genus,2.44516,Akkermansia,ERR1090452
38196.0,459786,genus,1.47138,Oscillibacter,ERR1090452
38196.0,239759,genus,1.24131,Alistipes,ERR1090452
38196.0,1730,genus,1.22525,Eubacterium,ERR1090452
38196.0,572511,genus,1.20385,Blautia,ERR1090452
38196.0,39948,genus,1.00589,Dialister,ERR1090452
38196.0,397864,genus,0.70626,Barnesiella,ERR1090452
38196.0,375288,genus,0.497592,Parabacteroides,ERR1090452
38196.0,1505663,genus,0.444088,Erysipelatoclostridium,ERR1090452
38196.0,44748,genus,0.406635,Sporobacter,ERR1090452
38196.0,1485,genus,0.385233,Clostridium,ERR1090452
38196.0,1506553,genus,0.23542,Lachnoclostridium,ERR1090452
38196.0,1263,genus,0.23542,Ruminococcus,ERR1090452
38196.0,207244,genus,0.214018,Anaerostipes,ERR1090452
38196.0,286,genus,0.165864,Pseudomonas,ERR1090452
38196.0,35832,genus,0.144462,Bilophila,ERR1090452
38196.0,841,genus,0.12306,Roseburia,ERR1090452
38196.0,1301,genus,0.11771,Streptococcus,ERR1090452
38196.0,244127,genus,0.107009,Anaerotruncus,ERR1090452
38196.0,990721,genus,0.107009,Christensenella,ERR1090452
38196.0,253238,genus,0.107009,Ethanoligenens,ERR1090452
38196.0,1506577,genus,0.0856073,Tyzzerella,ERR1090452
38196.0,1678,genus,0.0642055,Bifidobacterium,ERR1090452
38196.0,283168,genus,0.0428036,Odoribacter,ERR1090452
38196.0,61170,genus,0.0374532,Holdemania,ERR1090452
38196.0,838,genus,0.0321027,Prevotella,ERR1090452
38196.0,40323,genus,0.0321027,Stenotrophomonas,ERR1090452
38196.0,561,genus,0.0321027,Escherichia,ERR1090452
38196.0,1386,genus,0.0321027,Bacillus,ERR1090452
38196.0,724,genus,0.0321027,Haemophilus,ERR1090452
38196.0,2132,genus,0.0267523,Spiroplasma,ERR1090452
38196.0,29465,genus,0.0214018,Veillonella,ERR1090452
38196.0,189330,genus,0.0160514,Dorea,ERR1090452
38196.0,1663,genus,0.0160514,Arthrobacter,ERR1090452
38196.0,36853,genus,0.0160514,Desulfitobacterium,ERR1090452
38196.0,84111,genus,0.0160514,Eggerthella,ERR1090452
38196.0,44249,genus,0.0160514,Paenibacillus,ERR1090452
38196.0,590,genus,0.0107009,Salmonella,ERR1090452
38196.0,100175,genus,0.0107009,Papillibacter,ERR1090452
38196.0,84406,genus,0.0107009,Virgibacillus,ERR1090452
38196.0,475,genus,0.0107009,Moraxella,ERR1090452
38196.0,34037,genus,0.0107009,Rahnella,ERR1090452
38196.0,79206,genus,0.0107009,Desulfosporosinus,ERR1090452
38196.0,836,genus,0.0107009,Porphyromonas,ERR1090452
38196.0,413496,genus,0.0107009,Cronobacter,ERR1090452
38196.0,904,genus,0.0107009,Acidaminococcus,ERR1090452
38196.0,1378,genus,0.0107009,Gemella,ERR1090452
38196.0,795750,genus,0.00535045,Ignavibacterium,ERR1090452
38196.0,84565,genus,0.00535045,Sodalis,ERR1090452
38196.0,482,genus,0.00535045,Neisseria,ERR1090452
38196.0,511434,genus,0.00535045,Candidatus Azobacteroides,ERR1090452
38196.0,1569,genus,0.00535045,Sporosarcina,ERR1090452
38196.0,1380,genus,0.00535045,Atopobium,ERR1090452
38196.0,1637257,genus,0.00535045,Mageeibacillus,ERR1090452
38196.0,577310,genus,0.00535045,Parasutterella,ERR1090452
38196.0,400634,genus,0.00535045,Lysinibacillus,ERR1090452
38196.0,246875,genus,0.00535045,Algoriphagus,ERR1090452
38196.0,262406,genus,0.00535045,Thermobaculum,ERR1090452
38196.0,233191,genus,0.00535045,Caldilinea,ERR1090452
38196.0,1200657,genus,0.00535045,Saccharofermentans,ERR1090452
38196.0,121038,genus,0.00535045,Ferrimicrobium,ERR1090452
38196.0,29330,genus,0.00535045,Alicyclobacillus,ERR1090452
38196.0,28231,genus,0.00535045,Geobacter,ERR1090452
38196.0,872,genus,0.00535045,Desulfovibrio,ERR1090452
38196.0,407,genus,0.00535045,Methylobacterium,ERR1090452
38196.0,180541,genus,0.00535045,Salinisphaera,ERR1090452
38196.0,203470,genus,0.00535045,Tepidiphilus,ERR1090452
38196.0,1652133,genus,0.00535045,Halobacteriovorax,ERR1090452
38196.0,270497,genus,0.00535045,Catabacter,ERR1090452
38196.0,226,genus,0.00535045,Alteromonas,ERR1090452
38196.0,2299,genus,0.00535045,Desulfosarcina,ERR1090452
38196.0,117563,genus,0.00535045,Granulicatella,ERR1090452
38196.0,1716,genus,0.00535045,Corynebacterium,ERR1090452
38196.0,469,genus,0.00535045,Acinetobacter,ERR1090452
38196.0,133925,genus,0.00535045,Olsenella,ERR1090452
38196.0,1077265,genus,0.00535045,Chthonomonas,ERR1090452
38196.0,543311,genus,0.00535045,Parvimonas,ERR1090452
,-1,genus,40.8186,Unknown,ERR1090452
38197.0,816,genus,21.3703,Bacteroides,ERR1090508
38197.0,216851,genus,9.12243,Faecalibacterium,ERR1090508
38197.0,397864,genus,5.14724,Barnesiella,ERR1090508
38197.0,469,genus,4.27309,Acinetobacter,ERR1090508
38197.0,572511,genus,3.07662,Blautia,ERR1090508
38197.0,1730,genus,2.75919,Eubacterium,ERR1090508
38197.0,459786,genus,2.6371,Oscillibacter,ERR1090508
38197.0,1508657,genus,2.45641,Ruminiclostridium,ERR1090508
38197.0,239934,genus,2.34409,Akkermansia,ERR1090508
38197.0,1716,genus,2.23177,Corynebacterium,ERR1090508
38197.0,1263,genus,2.12433,Ruminococcus,ERR1090508
38197.0,1505663,genus,1.84597,Erysipelatoclostridium,ERR1090508
38197.0,1506553,genus,1.81179,Lachnoclostridium,ERR1090508
38197.0,239759,genus,1.45041,Alistipes,ERR1090508
38197.0,375288,genus,1.19158,Parabacteroides,ERR1090508
38197.0,33042,genus,0.971822,Coprococcus,ERR1090508
38197.0,162289,genus,0.791131,Peptoniphilus,ERR1090508
38197.0,44748,genus,0.669043,Sporobacter,ERR1090508
38197.0,577310,genus,0.576256,Parasutterella,ERR1090508
38197.0,841,genus,0.571373,Roseburia,ERR1090508
38197.0,590,genus,0.532305,Salmonella,ERR1090508
38197.0,838,genus,0.42975,Prevotella,ERR1090508
38197.0,35832,genus,0.385799,Bilophila,ERR1090508
38197.0,165779,genus,0.380915,Anaerococcus,ERR1090508
38197.0,830,genus,0.361381,Butyrivibrio,ERR1090508
38197.0,904,genus,0.327196,Acidaminococcus,ERR1090508
38197.0,244127,genus,0.293012,Anaerotruncus,ERR1090508
38197.0,2172,genus,0.278361,Methanobrevibacter,ERR1090508
38197.0,990721,genus,0.278361,Christensenella,ERR1090508
38197.0,836,genus,0.278361,Porphyromonas,ERR1090508
38197.0,1506577,genus,0.24906,Tyzzerella,ERR1090508
38197.0,40323,genus,0.234409,Stenotrophomonas,ERR1090508
38197.0,189330,genus,0.195341,Dorea,ERR1090508
38197.0,1678,genus,0.195341,Bifidobacterium,ERR1090508
38197.0,1485,genus,0.185574,Clostridium,ERR1090508
38197.0,150022,genus,0.180691,Finegoldia,ERR1090508
38197.0,41273,genus,0.151389,Tissierella,ERR1090508
38197.0,2147,genus,0.136739,Acholeplasma,ERR1090508
38197.0,117563,genus,0.126972,Granulicatella,ERR1090508
38197.0,586,genus,0.107438,Providencia,ERR1090508
38197.0,207244,genus,0.0976706,Anaerostipes,ERR1090508
38197.0,1301,genus,0.0732529,Streptococcus,ERR1090508
38197.0,86331,genus,0.0732529,Mogibacterium,ERR1090508
38197.0,194,genus,0.0634859,Campylobacter,ERR1090508
38197.0,283168,genus,0.0634859,Odoribacter,ERR1090508
38197.0,2316,genus,0.0586023,Methanosphaera,ERR1090508
38197.0,39948,genus,0.0537188,Dialister,ERR1090508
38197.0,84111,genus,0.0488353,Eggerthella,ERR1090508
38197.0,270497,genus,0.0439517,Catabacter,ERR1090508
38197.0,1200657,genus,0.0439517,Saccharofermentans,ERR1090508
38197.0,184869,genus,0.0390682,Varibaculum,ERR1090508
38197.0,286,genus,0.0390682,Pseudomonas,ERR1090508
38197.0,13687,genus,0.0341847,Sphingomonas,ERR1090508
38197.0,1386,genus,0.0341847,Bacillus,ERR1090508
38197.0,203470,genus,0.0341847,Tepidiphilus,ERR1090508
38197.0,2740,genus,0.0341847,Peptococcus,ERR1090508
38197.0,447020,genus,0.0293012,Adlercreutzia,ERR1090508
38197.0,32207,genus,0.0244176,Rothia,ERR1090508
38197.0,1578,genus,0.0244176,Lactobacillus,ERR1090508
38197.0,61170,genus,0.0244176,Holdemania,ERR1090508
38197.0,467975,genus,0.0244176,Iamia,ERR1090508
38197.0,100175,genus,0.0244176,Papillibacter,ERR1090508
38197.0,100883,genus,0.0244176,Coprobacillus,ERR1090508
38197.0,872,genus,0.0195341,Desulfovibrio,ERR1090508
38197.0,36853,genus,0.0195341,Desulfitobacterium,ERR1090508
38197.0,1505657,genus,0.0195341,Intestinibacter,ERR1090508
38197.0,61434,genus,0.0195341,Dehalococcoides,ERR1090508
38197.0,1569,genus,0.0195341,Sporosarcina,ERR1090508
38197.0,44259,genus,0.0195341,Filifactor,ERR1090508
38197.0,429,genus,0.0195341,Methylobacter,ERR1090508
38197.0,643701,genus,0.0146506,Marinoscillum,ERR1090508
38197.0,577309,genus,0.0146506,Paraprevotella,ERR1090508
38197.0,1654,genus,0.0146506,Actinomyces,ERR1090508
38197.0,207599,genus,0.0146506,Solirubrobacter,ERR1090508
38197.0,1883,genus,0.0146506,Streptomyces,ERR1090508
38197.0,66831,genus,0.0146506,Facklamia,ERR1090508
38197.0,561367,genus,0.0146506,Salinimicrobium,ERR1090508
38197.0,848,genus,0.0146506,Fusobacterium,ERR1090508
38197.0,795750,genus,0.0146506,Ignavibacterium,ERR1090508
38197.0,1372,genus,0.0146506,Planococcus,ERR1090508
38197.0,846,genus,0.00976706,Oxalobacter,ERR1090508
38197.0,52784,genus,0.00976706,Anaerofilum,ERR1090508
38197.0,898,genus,0.00976706,Desulfomicrobium,ERR1090508
38197.0,1279388,genus,0.00976706,Kandleria,ERR1090508
38197.0,658061,genus,0.00976706,Candidatus Koribacter,ERR1090508
38197.0,29465,genus,0.00976706,Veillonella,ERR1090508
38197.0,1843210,genus,0.00976706,Anaerocolumna,ERR1090508
38197.0,1765964,genus,0.00976706,Acidihalobacter,ERR1090508
38197.0,1017280,genus,0.00976706,Pseudoflavonifractor,ERR1090508
38197.0,375928,genus,0.00976706,Natranaerobius,ERR1090508
38197.0,906,genus,0.00976706,Megasphaera,ERR1090508
38197.0,42255,genus,0.00976706,Rubrobacter,ERR1090508
38197.0,48736,genus,0.00976706,Ralstonia,ERR1090508
38197.0,80865,genus,0.00976706,Delftia,ERR1090508
38197.0,46239,genus,0.00976706,Mesoplasma,ERR1090508
38197.0,29330,genus,0.00976706,Alicyclobacillus,ERR1090508
38197.0,255204,genus,0.00976706,Pseudoclavibacter,ERR1090508
38197.0,233191,genus,0.00976706,Caldilinea,ERR1090508
38197.0,278993,genus,0.00488353,Thermincola,ERR1090508
38197.0,133925,genus,0.00488353,Olsenella,ERR1090508
38197.0,294702,genus,0.00488353,Proteiniphilum,ERR1090508
38197.0,508459,genus,0.00488353,Cloacibacillus,ERR1090508
38197.0,29526,genus,0.00488353,Syntrophobacter,ERR1090508
38197.0,146813,genus,0.00488353,Dendrosporobacter,ERR1090508
38197.0,2733,genus,0.00488353,Symbiobacterium,ERR1090508
38197.0,64,genus,0.00488353,Herpetosiphon,ERR1090508
38197.0,2222,genus,0.00488353,Methanosaeta,ERR1090508
38197.0,83660,genus,0.00488353,Desulfonispora,ERR1090508
38197.0,79206,genus,0.00488353,Desulfosporosinus,ERR1090508
38197.0,262406,genus,0.00488353,Thermobaculum,ERR1090508
38197.0,2152,genus,0.00488353,Asteroleplasma,ERR1090508
38197.0,1257,genus,0.00488353,Peptostreptococcus,ERR1090508
38197.0,644652,genus,0.00488353,Gordonibacter,ERR1090508
38197.0,561,genus,0.00488353,Escherichia,ERR1090508
38197.0,1742989,genus,0.00488353,Glutamicibacter,ERR1090508
38197.0,41275,genus,0.00488353,Brevundimonas,ERR1090508
38197.0,570,genus,0.00488353,Klebsiella,ERR1090508
38197.0,286130,genus,0.00488353,Sulfuricurvum,ERR1090508
38197.0,75687,genus,0.00488353,Neptunomonas,ERR1090508
38197.0,28138,genus,0.00488353,Rikenella,ERR1090508
38197.0,55080,genus,0.00488353,Brevibacillus,ERR1090508
38197.0,698776,genus,0.00488353,Cellulosilyticum,ERR1090508
38197.0,724,genus,0.00488353,Haemophilus,ERR1090508
38197.0,413,genus,0.00488353,Methylococcus,ERR1090508
38197.0,252965,genus,0.00488353,Mahella,ERR1090508
38197.0,195950,genus,0.00488353,Tannerella,ERR1090508
38197.0,1357,genus,0.00488353,Lactococcus,ERR1090508
38197.0,1350,genus,0.00488353,Enterococcus,ERR1090508
38197.0,173479,genus,0.00488353,Gemmatimonas,ERR1090508
38197.0,28261,genus,0.00488353,Thermodesulfovibrio,ERR1090508
38197.0,2745,genus,0.00488353,Halomonas,ERR1090508
38197.0,70774,genus,0.00488353,Hydrogenophilus,ERR1090508
38197.0,642,genus,0.00488353,Aeromonas,ERR1090508
38197.0,93217,genus,0.00488353,Pandoraea,ERR1090508
38197.0,1827,genus,0.00488353,Rhodococcus,ERR1090508
38197.0,81,genus,0.00488353,Hyphomicrobium,ERR1090508
38197.0,28231,genus,0.00488353,Geobacter,ERR1090508
38197.0,1618113,genus,0.00488353,Saccharicrinis,ERR1090508
38197.0,114627,genus,0.00488353,Alkaliphilus,ERR1090508
38197.0,2697,genus,0.00488353,Heliobacterium,ERR1090508
38197.0,52972,genus,0.00488353,Polaromonas,ERR1090508
38197.0,271087,genus,0.00488353,Geopsychrobacter,ERR1090508
38197.0,400634,genus,0.00488353,Lysinibacillus,ERR1090508
38197.0,70992,genus,0.00488353,Flexithrix,ERR1090508
38197.0,218204,genus,0.00488353,Garciella,ERR1090508
38197.0,84567,genus,0.00488353,Pedobacter,ERR1090508
38197.0,118747,genus,0.00488353,Bulleidia,ERR1090508
,-1,genus,24.7986,Unknown,ERR1090508
38197.0,816,genus,21.3703,Bacteroides,ERR1090508
38197.0,216851,genus,9.12243,Faecalibacterium,ERR1090508
38197.0,397864,genus,5.14724,Barnesiella,ERR1090508
38197.0,469,genus,4.27309,Acinetobacter,ERR1090508
38197.0,572511,genus,3.07662,Blautia,ERR1090508
38197.0,1730,genus,2.75919,Eubacterium,ERR1090508
38197.0,459786,genus,2.6371,Oscillibacter,ERR1090508
38197.0,1508657,genus,2.45641,Ruminiclostridium,ERR1090508
38197.0,239934,genus,2.34409,Akkermansia,ERR1090508
38197.0,1716,genus,2.23177,Corynebacterium,ERR1090508
38197.0,1263,genus,2.12433,Ruminococcus,ERR1090508
38197.0,1505663,genus,1.84597,Erysipelatoclostridium,ERR1090508
38197.0,1506553,genus,1.81179,Lachnoclostridium,ERR1090508
38197.0,239759,genus,1.45041,Alistipes,ERR1090508
38197.0,375288,genus,1.19158,Parabacteroides,ERR1090508
38197.0,33042,genus,0.971822,Coprococcus,ERR1090508
38197.0,162289,genus,0.791131,Peptoniphilus,ERR1090508
38197.0,44748,genus,0.669043,Sporobacter,ERR1090508
38197.0,577310,genus,0.576256,Parasutterella,ERR1090508
38197.0,841,genus,0.571373,Roseburia,ERR1090508
38197.0,590,genus,0.532305,Salmonella,ERR1090508
38197.0,838,genus,0.42975,Prevotella,ERR1090508
38197.0,35832,genus,0.385799,Bilophila,ERR1090508
38197.0,165779,genus,0.380915,Anaerococcus,ERR1090508
38197.0,830,genus,0.361381,Butyrivibrio,ERR1090508
38197.0,904,genus,0.327196,Acidaminococcus,ERR1090508
38197.0,244127,genus,0.293012,Anaerotruncus,ERR1090508
38197.0,836,genus,0.278361,Porphyromonas,ERR1090508
38197.0,2172,genus,0.278361,Methanobrevibacter,ERR1090508
38197.0,990721,genus,0.278361,Christensenella,ERR1090508
38197.0,1506577,genus,0.24906,Tyzzerella,ERR1090508
38197.0,40323,genus,0.234409,Stenotrophomonas,ERR1090508
38197.0,1678,genus,0.195341,Bifidobacterium,ERR1090508
38197.0,189330,genus,0.195341,Dorea,ERR1090508
38197.0,1485,genus,0.185574,Clostridium,ERR1090508
38197.0,150022,genus,0.180691,Finegoldia,ERR1090508
38197.0,41273,genus,0.151389,Tissierella,ERR1090508
38197.0,2147,genus,0.136739,Acholeplasma,ERR1090508
38197.0,117563,genus,0.126972,Granulicatella,ERR1090508
38197.0,586,genus,0.107438,Providencia,ERR1090508
38197.0,207244,genus,0.0976706,Anaerostipes,ERR1090508
38197.0,86331,genus,0.0732529,Mogibacterium,ERR1090508
38197.0,1301,genus,0.0732529,Streptococcus,ERR1090508
38197.0,194,genus,0.0634859,Campylobacter,ERR1090508
38197.0,283168,genus,0.0634859,Odoribacter,ERR1090508
38197.0,2316,genus,0.0586023,Methanosphaera,ERR1090508
38197.0,39948,genus,0.0537188,Dialister,ERR1090508
38197.0,84111,genus,0.0488353,Eggerthella,ERR1090508
38197.0,1200657,genus,0.0439517,Saccharofermentans,ERR1090508
38197.0,270497,genus,0.0439517,Catabacter,ERR1090508
38197.0,184869,genus,0.0390682,Varibaculum,ERR1090508
38197.0,286,genus,0.0390682,Pseudomonas,ERR1090508
38197.0,1386,genus,0.0341847,Bacillus,ERR1090508
38197.0,203470,genus,0.0341847,Tepidiphilus,ERR1090508
38197.0,2740,genus,0.0341847,Peptococcus,ERR1090508
38197.0,13687,genus,0.0341847,Sphingomonas,ERR1090508
38197.0,447020,genus,0.0293012,Adlercreutzia,ERR1090508
38197.0,61170,genus,0.0244176,Holdemania,ERR1090508
38197.0,467975,genus,0.0244176,Iamia,ERR1090508
38197.0,100175,genus,0.0244176,Papillibacter,ERR1090508
38197.0,100883,genus,0.0244176,Coprobacillus,ERR1090508
38197.0,32207,genus,0.0244176,Rothia,ERR1090508
38197.0,1578,genus,0.0244176,Lactobacillus,ERR1090508
38197.0,44259,genus,0.0195341,Filifactor,ERR1090508
38197.0,1569,genus,0.0195341,Sporosarcina,ERR1090508
38197.0,429,genus,0.0195341,Methylobacter,ERR1090508
38197.0,872,genus,0.0195341,Desulfovibrio,ERR1090508
38197.0,36853,genus,0.0195341,Desulfitobacterium,ERR1090508
38197.0,1505657,genus,0.0195341,Intestinibacter,ERR1090508
38197.0,61434,genus,0.0195341,Dehalococcoides,ERR1090508
38197.0,795750,genus,0.0146506,Ignavibacterium,ERR1090508
38197.0,1372,genus,0.0146506,Planococcus,ERR1090508
38197.0,643701,genus,0.0146506,Marinoscillum,ERR1090508
38197.0,577309,genus,0.0146506,Paraprevotella,ERR1090508
38197.0,1654,genus,0.0146506,Actinomyces,ERR1090508
38197.0,207599,genus,0.0146506,Solirubrobacter,ERR1090508
38197.0,1883,genus,0.0146506,Streptomyces,ERR1090508
38197.0,66831,genus,0.0146506,Facklamia,ERR1090508
38197.0,561367,genus,0.0146506,Salinimicrobium,ERR1090508
38197.0,848,genus,0.0146506,Fusobacterium,ERR1090508
38197.0,1765964,genus,0.00976706,Acidihalobacter,ERR1090508
38197.0,1017280,genus,0.00976706,Pseudoflavonifractor,ERR1090508
38197.0,375928,genus,0.00976706,Natranaerobius,ERR1090508
38197.0,906,genus,0.00976706,Megasphaera,ERR1090508
38197.0,42255,genus,0.00976706,Rubrobacter,ERR1090508
38197.0,80865,genus,0.00976706,Delftia,ERR1090508
38197.0,46239,genus,0.00976706,Mesoplasma,ERR1090508
38197.0,29330,genus,0.00976706,Alicyclobacillus,ERR1090508
38197.0,48736,genus,0.00976706,Ralstonia,ERR1090508
38197.0,255204,genus,0.00976706,Pseudoclavibacter,ERR1090508
38197.0,233191,genus,0.00976706,Caldilinea,ERR1090508
38197.0,52784,genus,0.00976706,Anaerofilum,ERR1090508
38197.0,846,genus,0.00976706,Oxalobacter,ERR1090508
38197.0,898,genus,0.00976706,Desulfomicrobium,ERR1090508
38197.0,1279388,genus,0.00976706,Kandleria,ERR1090508
38197.0,658061,genus,0.00976706,Candidatus Koribacter,ERR1090508
38197.0,29465,genus,0.00976706,Veillonella,ERR1090508
38197.0,1843210,genus,0.00976706,Anaerocolumna,ERR1090508
38197.0,252965,genus,0.00488353,Mahella,ERR1090508
38197.0,195950,genus,0.00488353,Tannerella,ERR1090508
38197.0,1357,genus,0.00488353,Lactococcus,ERR1090508
38197.0,1350,genus,0.00488353,Enterococcus,ERR1090508
38197.0,173479,genus,0.00488353,Gemmatimonas,ERR1090508
38197.0,28261,genus,0.00488353,Thermodesulfovibrio,ERR1090508
38197.0,2745,genus,0.00488353,Halomonas,ERR1090508
38197.0,70774,genus,0.00488353,Hydrogenophilus,ERR1090508
38197.0,642,genus,0.00488353,Aeromonas,ERR1090508
38197.0,93217,genus,0.00488353,Pandoraea,ERR1090508
38197.0,1827,genus,0.00488353,Rhodococcus,ERR1090508
38197.0,81,genus,0.00488353,Hyphomicrobium,ERR1090508
38197.0,28231,genus,0.00488353,Geobacter,ERR1090508
38197.0,1618113,genus,0.00488353,Saccharicrinis,ERR1090508
38197.0,114627,genus,0.00488353,Alkaliphilus,ERR1090508
38197.0,52972,genus,0.00488353,Polaromonas,ERR1090508
38197.0,271087,genus,0.00488353,Geopsychrobacter,ERR1090508
38197.0,400634,genus,0.00488353,Lysinibacillus,ERR1090508
38197.0,70992,genus,0.00488353,Flexithrix,ERR1090508
38197.0,2697,genus,0.00488353,Heliobacterium,ERR1090508
38197.0,118747,genus,0.00488353,Bulleidia,ERR1090508
38197.0,218204,genus,0.00488353,Garciella,ERR1090508
38197.0,84567,genus,0.00488353,Pedobacter,ERR1090508
38197.0,294702,genus,0.00488353,Proteiniphilum,ERR1090508
38197.0,508459,genus,0.00488353,Cloacibacillus,ERR1090508
38197.0,278993,genus,0.00488353,Thermincola,ERR1090508
38197.0,133925,genus,0.00488353,Olsenella,ERR1090508
38197.0,29526,genus,0.00488353,Syntrophobacter,ERR1090508
38197.0,146813,genus,0.00488353,Dendrosporobacter,ERR1090508
38197.0,64,genus,0.00488353,Herpetosiphon,ERR1090508
38197.0,2222,genus,0.00488353,Methanosaeta,ERR1090508
38197.0,2733,genus,0.00488353,Symbiobacterium,ERR1090508
38197.0,83660,genus,0.00488353,Desulfonispora,ERR1090508
38197.0,1257,genus,0.00488353,Peptostreptococcus,ERR1090508
38197.0,644652,genus,0.00488353,Gordonibacter,ERR1090508
38197.0,79206,genus,0.00488353,Desulfosporosinus,ERR1090508
38197.0,262406,genus,0.00488353,Thermobaculum,ERR1090508
38197.0,2152,genus,0.00488353,Asteroleplasma,ERR1090508
38197.0,570,genus,0.00488353,Klebsiella,ERR1090508
38197.0,286130,genus,0.00488353,Sulfuricurvum,ERR1090508
38197.0,75687,genus,0.00488353,Neptunomonas,ERR1090508
38197.0,561,genus,0.00488353,Escherichia,ERR1090508
38197.0,1742989,genus,0.00488353,Glutamicibacter,ERR1090508
38197.0,41275,genus,0.00488353,Brevundimonas,ERR1090508
38197.0,55080,genus,0.00488353,Brevibacillus,ERR1090508
38197.0,28138,genus,0.00488353,Rikenella,ERR1090508
38197.0,413,genus,0.00488353,Methylococcus,ERR1090508
38197.0,698776,genus,0.00488353,Cellulosilyticum,ERR1090508
38197.0,724,genus,0.00488353,Haemophilus,ERR1090508
,-1,genus,24.7986,Unknown,ERR1090508
38197.0,816,genus,21.3703,Bacteroides,ERR1090508
38197.0,216851,genus,9.12243,Faecalibacterium,ERR1090508
38197.0,397864,genus,5.14724,Barnesiella,ERR1090508
38197.0,469,genus,4.27309,Acinetobacter,ERR1090508
38197.0,572511,genus,3.07662,Blautia,ERR1090508
38197.0,1730,genus,2.75919,Eubacterium,ERR1090508
38197.0,459786,genus,2.6371,Oscillibacter,ERR1090508
38197.0,1508657,genus,2.45641,Ruminiclostridium,ERR1090508
38197.0,239934,genus,2.34409,Akkermansia,ERR1090508
38197.0,1716,genus,2.23177,Corynebacterium,ERR1090508
38197.0,1263,genus,2.12433,Ruminococcus,ERR1090508
38197.0,1505663,genus,1.84597,Erysipelatoclostridium,ERR1090508
38197.0,1506553,genus,1.81179,Lachnoclostridium,ERR1090508
38197.0,239759,genus,1.45041,Alistipes,ERR1090508
38197.0,375288,genus,1.19158,Parabacteroides,ERR1090508
38197.0,33042,genus,0.971822,Coprococcus,ERR1090508
38197.0,162289,genus,0.791131,Peptoniphilus,ERR1090508
38197.0,44748,genus,0.669043,Sporobacter,ERR1090508
38197.0,577310,genus,0.576256,Parasutterella,ERR1090508
38197.0,841,genus,0.571373,Roseburia,ERR1090508
38197.0,590,genus,0.532305,Salmonella,ERR1090508
38197.0,838,genus,0.42975,Prevotella,ERR1090508
38197.0,35832,genus,0.385799,Bilophila,ERR1090508
38197.0,165779,genus,0.380915,Anaerococcus,ERR1090508
38197.0,830,genus,0.361381,Butyrivibrio,ERR1090508
38197.0,904,genus,0.327196,Acidaminococcus,ERR1090508
38197.0,244127,genus,0.293012,Anaerotruncus,ERR1090508
38197.0,990721,genus,0.278361,Christensenella,ERR1090508
38197.0,836,genus,0.278361,Porphyromonas,ERR1090508
38197.0,2172,genus,0.278361,Methanobrevibacter,ERR1090508
38197.0,1506577,genus,0.24906,Tyzzerella,ERR1090508
38197.0,40323,genus,0.234409,Stenotrophomonas,ERR1090508
38197.0,189330,genus,0.195341,Dorea,ERR1090508
38197.0,1678,genus,0.195341,Bifidobacterium,ERR1090508
38197.0,1485,genus,0.185574,Clostridium,ERR1090508
38197.0,150022,genus,0.180691,Finegoldia,ERR1090508
38197.0,41273,genus,0.151389,Tissierella,ERR1090508
38197.0,2147,genus,0.136739,Acholeplasma,ERR1090508
38197.0,117563,genus,0.126972,Granulicatella,ERR1090508
38197.0,586,genus,0.107438,Providencia,ERR1090508
38197.0,207244,genus,0.0976706,Anaerostipes,ERR1090508
38197.0,86331,genus,0.0732529,Mogibacterium,ERR1090508
38197.0,1301,genus,0.0732529,Streptococcus,ERR1090508
38197.0,283168,genus,0.0634859,Odoribacter,ERR1090508
38197.0,194,genus,0.0634859,Campylobacter,ERR1090508
38197.0,2316,genus,0.0586023,Methanosphaera,ERR1090508
38197.0,39948,genus,0.0537188,Dialister,ERR1090508
38197.0,84111,genus,0.0488353,Eggerthella,ERR1090508
38197.0,1200657,genus,0.0439517,Saccharofermentans,ERR1090508
38197.0,270497,genus,0.0439517,Catabacter,ERR1090508
38197.0,184869,genus,0.0390682,Varibaculum,ERR1090508
38197.0,286,genus,0.0390682,Pseudomonas,ERR1090508
38197.0,1386,genus,0.0341847,Bacillus,ERR1090508
38197.0,203470,genus,0.0341847,Tepidiphilus,ERR1090508
38197.0,2740,genus,0.0341847,Peptococcus,ERR1090508
38197.0,13687,genus,0.0341847,Sphingomonas,ERR1090508
38197.0,447020,genus,0.0293012,Adlercreutzia,ERR1090508
38197.0,1578,genus,0.0244176,Lactobacillus,ERR1090508
38197.0,61170,genus,0.0244176,Holdemania,ERR1090508
38197.0,467975,genus,0.0244176,Iamia,ERR1090508
38197.0,100175,genus,0.0244176,Papillibacter,ERR1090508
38197.0,100883,genus,0.0244176,Coprobacillus,ERR1090508
38197.0,32207,genus,0.0244176,Rothia,ERR1090508
38197.0,1505657,genus,0.0195341,Intestinibacter,ERR1090508
38197.0,61434,genus,0.0195341,Dehalococcoides,ERR1090508
38197.0,1569,genus,0.0195341,Sporosarcina,ERR1090508
38197.0,44259,genus,0.0195341,Filifactor,ERR1090508
38197.0,429,genus,0.0195341,Methylobacter,ERR1090508
38197.0,872,genus,0.0195341,Desulfovibrio,ERR1090508
38197.0,36853,genus,0.0195341,Desulfitobacterium,ERR1090508
38197.0,66831,genus,0.0146506,Facklamia,ERR1090508
38197.0,561367,genus,0.0146506,Salinimicrobium,ERR1090508
38197.0,848,genus,0.0146506,Fusobacterium,ERR1090508
38197.0,795750,genus,0.0146506,Ignavibacterium,ERR1090508
38197.0,1372,genus,0.0146506,Planococcus,ERR1090508
38197.0,643701,genus,0.0146506,Marinoscillum,ERR1090508
38197.0,577309,genus,0.0146506,Paraprevotella,ERR1090508
38197.0,1654,genus,0.0146506,Actinomyces,ERR1090508
38197.0,207599,genus,0.0146506,Solirubrobacter,ERR1090508
38197.0,1883,genus,0.0146506,Streptomyces,ERR1090508
38197.0,29465,genus,0.00976706,Veillonella,ERR1090508
38197.0,1843210,genus,0.00976706,Anaerocolumna,ERR1090508
38197.0,1765964,genus,0.00976706,Acidihalobacter,ERR1090508
38197.0,1017280,genus,0.00976706,Pseudoflavonifractor,ERR1090508
38197.0,375928,genus,0.00976706,Natranaerobius,ERR1090508
38197.0,906,genus,0.00976706,Megasphaera,ERR1090508
38197.0,42255,genus,0.00976706,Rubrobacter,ERR1090508
38197.0,48736,genus,0.00976706,Ralstonia,ERR1090508
38197.0,80865,genus,0.00976706,Delftia,ERR1090508
38197.0,46239,genus,0.00976706,Mesoplasma,ERR1090508
38197.0,29330,genus,0.00976706,Alicyclobacillus,ERR1090508
38197.0,255204,genus,0.00976706,Pseudoclavibacter,ERR1090508
38197.0,233191,genus,0.00976706,Caldilinea,ERR1090508
38197.0,846,genus,0.00976706,Oxalobacter,ERR1090508
38197.0,52784,genus,0.00976706,Anaerofilum,ERR1090508
38197.0,898,genus,0.00976706,Desulfomicrobium,ERR1090508
38197.0,1279388,genus,0.00976706,Kandleria,ERR1090508
38197.0,658061,genus,0.00976706,Candidatus Koribacter,ERR1090508
38197.0,561,genus,0.00488353,Escherichia,ERR1090508
38197.0,1742989,genus,0.00488353,Glutamicibacter,ERR1090508
38197.0,41275,genus,0.00488353,Brevundimonas,ERR1090508
38197.0,570,genus,0.00488353,Klebsiella,ERR1090508
38197.0,286130,genus,0.00488353,Sulfuricurvum,ERR1090508
38197.0,75687,genus,0.00488353,Neptunomonas,ERR1090508
38197.0,28138,genus,0.00488353,Rikenella,ERR1090508
38197.0,55080,genus,0.00488353,Brevibacillus,ERR1090508
38197.0,698776,genus,0.00488353,Cellulosilyticum,ERR1090508
38197.0,724,genus,0.00488353,Haemophilus,ERR1090508
38197.0,413,genus,0.00488353,Methylococcus,ERR1090508
38197.0,252965,genus,0.00488353,Mahella,ERR1090508
38197.0,195950,genus,0.00488353,Tannerella,ERR1090508
38197.0,1357,genus,0.00488353,Lactococcus,ERR1090508
38197.0,1350,genus,0.00488353,Enterococcus,ERR1090508
38197.0,173479,genus,0.00488353,Gemmatimonas,ERR1090508
38197.0,28261,genus,0.00488353,Thermodesulfovibrio,ERR1090508
38197.0,2745,genus,0.00488353,Halomonas,ERR1090508
38197.0,70774,genus,0.00488353,Hydrogenophilus,ERR1090508
38197.0,642,genus,0.00488353,Aeromonas,ERR1090508
38197.0,93217,genus,0.00488353,Pandoraea,ERR1090508
38197.0,1827,genus,0.00488353,Rhodococcus,ERR1090508
38197.0,81,genus,0.00488353,Hyphomicrobium,ERR1090508
38197.0,28231,genus,0.00488353,Geobacter,ERR1090508
38197.0,1618113,genus,0.00488353,Saccharicrinis,ERR1090508
38197.0,114627,genus,0.00488353,Alkaliphilus,ERR1090508
38197.0,2697,genus,0.00488353,Heliobacterium,ERR1090508
38197.0,52972,genus,0.00488353,Polaromonas,ERR1090508
38197.0,271087,genus,0.00488353,Geopsychrobacter,ERR1090508
38197.0,400634,genus,0.00488353,Lysinibacillus,ERR1090508
38197.0,70992,genus,0.00488353,Flexithrix,ERR1090508
38197.0,218204,genus,0.00488353,Garciella,ERR1090508
38197.0,84567,genus,0.00488353,Pedobacter,ERR1090508
38197.0,118747,genus,0.00488353,Bulleidia,ERR1090508
38197.0,278993,genus,0.00488353,Thermincola,ERR1090508
38197.0,133925,genus,0.00488353,Olsenella,ERR1090508
38197.0,294702,genus,0.00488353,Proteiniphilum,ERR1090508
38197.0,508459,genus,0.00488353,Cloacibacillus,ERR1090508
38197.0,29526,genus,0.00488353,Syntrophobacter,ERR1090508
38197.0,146813,genus,0.00488353,Dendrosporobacter,ERR1090508
38197.0,2733,genus,0.00488353,Symbiobacterium,ERR1090508
38197.0,64,genus,0.00488353,Herpetosiphon,ERR1090508
38197.0,2222,genus,0.00488353,Methanosaeta,ERR1090508
38197.0,83660,genus,0.00488353,Desulfonispora,ERR1090508
38197.0,79206,genus,0.00488353,Desulfosporosinus,ERR1090508
38197.0,262406,genus,0.00488353,Thermobaculum,ERR1090508
38197.0,2152,genus,0.00488353,Asteroleplasma,ERR1090508
38197.0,1257,genus,0.00488353,Peptostreptococcus,ERR1090508
38197.0,644652,genus,0.00488353,Gordonibacter,ERR1090508
,-1,genus,24.7986,Unknown,ERR1090508
38197.0,816,genus,21.3703,Bacteroides,ERR1090508
38197.0,216851,genus,9.12243,Faecalibacterium,ERR1090508
38197.0,397864,genus,5.14724,Barnesiella,ERR1090508
38197.0,469,genus,4.27309,Acinetobacter,ERR1090508
38197.0,572511,genus,3.07662,Blautia,ERR1090508
38197.0,1730,genus,2.75919,Eubacterium,ERR1090508
38197.0,459786,genus,2.6371,Oscillibacter,ERR1090508
38197.0,1508657,genus,2.45641,Ruminiclostridium,ERR1090508
38197.0,239934,genus,2.34409,Akkermansia,ERR1090508
38197.0,1716,genus,2.23177,Corynebacterium,ERR1090508
38197.0,1263,genus,2.12433,Ruminococcus,ERR1090508
38197.0,1505663,genus,1.84597,Erysipelatoclostridium,ERR1090508
38197.0,1506553,genus,1.81179,Lachnoclostridium,ERR1090508
38197.0,239759,genus,1.45041,Alistipes,ERR1090508
38197.0,375288,genus,1.19158,Parabacteroides,ERR1090508
38197.0,33042,genus,0.971822,Coprococcus,ERR1090508
38197.0,162289,genus,0.791131,Peptoniphilus,ERR1090508
38197.0,44748,genus,0.669043,Sporobacter,ERR1090508
38197.0,577310,genus,0.576256,Parasutterella,ERR1090508
38197.0,841,genus,0.571373,Roseburia,ERR1090508
38197.0,590,genus,0.532305,Salmonella,ERR1090508
38197.0,838,genus,0.42975,Prevotella,ERR1090508
38197.0,35832,genus,0.385799,Bilophila,ERR1090508
38197.0,165779,genus,0.380915,Anaerococcus,ERR1090508
38197.0,830,genus,0.361381,Butyrivibrio,ERR1090508
38197.0,904,genus,0.327196,Acidaminococcus,ERR1090508
38197.0,244127,genus,0.293012,Anaerotruncus,ERR1090508
38197.0,990721,genus,0.278361,Christensenella,ERR1090508
38197.0,836,genus,0.278361,Porphyromonas,ERR1090508
38197.0,2172,genus,0.278361,Methanobrevibacter,ERR1090508
38197.0,1506577,genus,0.24906,Tyzzerella,ERR1090508
38197.0,40323,genus,0.234409,Stenotrophomonas,ERR1090508
38197.0,189330,genus,0.195341,Dorea,ERR1090508
38197.0,1678,genus,0.195341,Bifidobacterium,ERR1090508
38197.0,1485,genus,0.185574,Clostridium,ERR1090508
38197.0,150022,genus,0.180691,Finegoldia,ERR1090508
38197.0,41273,genus,0.151389,Tissierella,ERR1090508
38197.0,2147,genus,0.136739,Acholeplasma,ERR1090508
38197.0,117563,genus,0.126972,Granulicatella,ERR1090508
38197.0,586,genus,0.107438,Providencia,ERR1090508
38197.0,207244,genus,0.0976706,Anaerostipes,ERR1090508
38197.0,86331,genus,0.0732529,Mogibacterium,ERR1090508
38197.0,1301,genus,0.0732529,Streptococcus,ERR1090508
38197.0,194,genus,0.0634859,Campylobacter,ERR1090508
38197.0,283168,genus,0.0634859,Odoribacter,ERR1090508
38197.0,2316,genus,0.0586023,Methanosphaera,ERR1090508
38197.0,39948,genus,0.0537188,Dialister,ERR1090508
38197.0,84111,genus,0.0488353,Eggerthella,ERR1090508
38197.0,1200657,genus,0.0439517,Saccharofermentans,ERR1090508
38197.0,270497,genus,0.0439517,Catabacter,ERR1090508
38197.0,184869,genus,0.0390682,Varibaculum,ERR1090508
38197.0,286,genus,0.0390682,Pseudomonas,ERR1090508
38197.0,1386,genus,0.0341847,Bacillus,ERR1090508
38197.0,203470,genus,0.0341847,Tepidiphilus,ERR1090508
38197.0,2740,genus,0.0341847,Peptococcus,ERR1090508
38197.0,13687,genus,0.0341847,Sphingomonas,ERR1090508
38197.0,447020,genus,0.0293012,Adlercreutzia,ERR1090508
38197.0,1578,genus,0.0244176,Lactobacillus,ERR1090508
38197.0,61170,genus,0.0244176,Holdemania,ERR1090508
38197.0,467975,genus,0.0244176,Iamia,ERR1090508
38197.0,100175,genus,0.0244176,Papillibacter,ERR1090508
38197.0,100883,genus,0.0244176,Coprobacillus,ERR1090508
38197.0,32207,genus,0.0244176,Rothia,ERR1090508
38197.0,1505657,genus,0.0195341,Intestinibacter,ERR1090508
38197.0,61434,genus,0.0195341,Dehalococcoides,ERR1090508
38197.0,1569,genus,0.0195341,Sporosarcina,ERR1090508
38197.0,44259,genus,0.0195341,Filifactor,ERR1090508
38197.0,429,genus,0.0195341,Methylobacter,ERR1090508
38197.0,872,genus,0.0195341,Desulfovibrio,ERR1090508
38197.0,36853,genus,0.0195341,Desulfitobacterium,ERR1090508
38197.0,66831,genus,0.0146506,Facklamia,ERR1090508
38197.0,561367,genus,0.0146506,Salinimicrobium,ERR1090508
38197.0,848,genus,0.0146506,Fusobacterium,ERR1090508
38197.0,795750,genus,0.0146506,Ignavibacterium,ERR1090508
38197.0,1372,genus,0.0146506,Planococcus,ERR1090508
38197.0,643701,genus,0.0146506,Marinoscillum,ERR1090508
38197.0,577309,genus,0.0146506,Paraprevotella,ERR1090508
38197.0,1654,genus,0.0146506,Actinomyces,ERR1090508
38197.0,207599,genus,0.0146506,Solirubrobacter,ERR1090508
38197.0,1883,genus,0.0146506,Streptomyces,ERR1090508
38197.0,29465,genus,0.00976706,Veillonella,ERR1090508
38197.0,1843210,genus,0.00976706,Anaerocolumna,ERR1090508
38197.0,1765964,genus,0.00976706,Acidihalobacter,ERR1090508
38197.0,1017280,genus,0.00976706,Pseudoflavonifractor,ERR1090508
38197.0,375928,genus,0.00976706,Natranaerobius,ERR1090508
38197.0,906,genus,0.00976706,Megasphaera,ERR1090508
38197.0,42255,genus,0.00976706,Rubrobacter,ERR1090508
38197.0,48736,genus,0.00976706,Ralstonia,ERR1090508
38197.0,80865,genus,0.00976706,Delftia,ERR1090508
38197.0,46239,genus,0.00976706,Mesoplasma,ERR1090508
38197.0,29330,genus,0.00976706,Alicyclobacillus,ERR1090508
38197.0,255204,genus,0.00976706,Pseudoclavibacter,ERR1090508
38197.0,233191,genus,0.00976706,Caldilinea,ERR1090508
38197.0,846,genus,0.00976706,Oxalobacter,ERR1090508
38197.0,52784,genus,0.00976706,Anaerofilum,ERR1090508
38197.0,898,genus,0.00976706,Desulfomicrobium,ERR1090508
38197.0,1279388,genus,0.00976706,Kandleria,ERR1090508
38197.0,658061,genus,0.00976706,Candidatus Koribacter,ERR1090508
38197.0,28138,genus,0.00488353,Rikenella,ERR1090508
38197.0,55080,genus,0.00488353,Brevibacillus,ERR1090508
38197.0,698776,genus,0.00488353,Cellulosilyticum,ERR1090508
38197.0,724,genus,0.00488353,Haemophilus,ERR1090508
38197.0,413,genus,0.00488353,Methylococcus,ERR1090508
38197.0,252965,genus,0.00488353,Mahella,ERR1090508
38197.0,195950,genus,0.00488353,Tannerella,ERR1090508
38197.0,1357,genus,0.00488353,Lactococcus,ERR1090508
38197.0,1350,genus,0.00488353,Enterococcus,ERR1090508
38197.0,173479,genus,0.00488353,Gemmatimonas,ERR1090508
38197.0,28261,genus,0.00488353,Thermodesulfovibrio,ERR1090508
38197.0,2745,genus,0.00488353,Halomonas,ERR1090508
38197.0,70774,genus,0.00488353,Hydrogenophilus,ERR1090508
38197.0,642,genus,0.00488353,Aeromonas,ERR1090508
38197.0,93217,genus,0.00488353,Pandoraea,ERR1090508
38197.0,1827,genus,0.00488353,Rhodococcus,ERR1090508
38197.0,81,genus,0.00488353,Hyphomicrobium,ERR1090508
38197.0,28231,genus,0.00488353,Geobacter,ERR1090508
38197.0,1618113,genus,0.00488353,Saccharicrinis,ERR1090508
38197.0,114627,genus,0.00488353,Alkaliphilus,ERR1090508
38197.0,2697,genus,0.00488353,Heliobacterium,ERR1090508
38197.0,52972,genus,0.00488353,Polaromonas,ERR1090508
38197.0,271087,genus,0.00488353,Geopsychrobacter,ERR1090508
38197.0,400634,genus,0.00488353,Lysinibacillus,ERR1090508
38197.0,70992,genus,0.00488353,Flexithrix,ERR1090508
38197.0,218204,genus,0.00488353,Garciella,ERR1090508
38197.0,84567,genus,0.00488353,Pedobacter,ERR1090508
38197.0,118747,genus,0.00488353,Bulleidia,ERR1090508
38197.0,278993,genus,0.00488353,Thermincola,ERR1090508
38197.0,133925,genus,0.00488353,Olsenella,ERR1090508
38197.0,294702,genus,0.00488353,Proteiniphilum,ERR1090508
38197.0,508459,genus,0.00488353,Cloacibacillus,ERR1090508
38197.0,29526,genus,0.00488353,Syntrophobacter,ERR1090508
38197.0,146813,genus,0.00488353,Dendrosporobacter,ERR1090508
38197.0,2733,genus,0.00488353,Symbiobacterium,ERR1090508
38197.0,64,genus,0.00488353,Herpetosiphon,ERR1090508
38197.0,2222,genus,0.00488353,Methanosaeta,ERR1090508
38197.0,83660,genus,0.00488353,Desulfonispora,ERR1090508
38197.0,79206,genus,0.00488353,Desulfosporosinus,ERR1090508
38197.0,262406,genus,0.00488353,Thermobaculum,ERR1090508
38197.0,2152,genus,0.00488353,Asteroleplasma,ERR1090508
38197.0,1257,genus,0.00488353,Peptostreptococcus,ERR1090508
38197.0,644652,genus,0.00488353,Gordonibacter,ERR1090508
38197.0,561,genus,0.00488353,Escherichia,ERR1090508
38197.0,1742989,genus,0.00488353,Glutamicibacter,ERR1090508
38197.0,41275,genus,0.00488353,Brevundimonas,ERR1090508
38197.0,570,genus,0.00488353,Klebsiella,ERR1090508
38197.0,286130,genus,0.00488353,Sulfuricurvum,ERR1090508
38197.0,75687,genus,0.00488353,Neptunomonas,ERR1090508
,-1,genus,24.7986,Unknown,ERR1090508
38197.0,816,genus,21.3703,Bacteroides,ERR1090508
38197.0,216851,genus,9.12243,Faecalibacterium,ERR1090508
38197.0,397864,genus,5.14724,Barnesiella,ERR1090508
38197.0,469,genus,4.27309,Acinetobacter,ERR1090508
38197.0,572511,genus,3.07662,Blautia,ERR1090508
38197.0,1730,genus,2.75919,Eubacterium,ERR1090508
38197.0,459786,genus,2.6371,Oscillibacter,ERR1090508
38197.0,1508657,genus,2.45641,Ruminiclostridium,ERR1090508
38197.0,239934,genus,2.34409,Akkermansia,ERR1090508
38197.0,1716,genus,2.23177,Corynebacterium,ERR1090508
38197.0,1263,genus,2.12433,Ruminococcus,ERR1090508
38197.0,1505663,genus,1.84597,Erysipelatoclostridium,ERR1090508
38197.0,1506553,genus,1.81179,Lachnoclostridium,ERR1090508
38197.0,239759,genus,1.45041,Alistipes,ERR1090508
38197.0,375288,genus,1.19158,Parabacteroides,ERR1090508
38197.0,33042,genus,0.971822,Coprococcus,ERR1090508
38197.0,162289,genus,0.791131,Peptoniphilus,ERR1090508
38197.0,44748,genus,0.669043,Sporobacter,ERR1090508
38197.0,577310,genus,0.576256,Parasutterella,ERR1090508
38197.0,841,genus,0.571373,Roseburia,ERR1090508
38197.0,590,genus,0.532305,Salmonella,ERR1090508
38197.0,838,genus,0.42975,Prevotella,ERR1090508
38197.0,35832,genus,0.385799,Bilophila,ERR1090508
38197.0,165779,genus,0.380915,Anaerococcus,ERR1090508
38197.0,830,genus,0.361381,Butyrivibrio,ERR1090508
38197.0,904,genus,0.327196,Acidaminococcus,ERR1090508
38197.0,244127,genus,0.293012,Anaerotruncus,ERR1090508
38197.0,990721,genus,0.278361,Christensenella,ERR1090508
38197.0,836,genus,0.278361,Porphyromonas,ERR1090508
38197.0,2172,genus,0.278361,Methanobrevibacter,ERR1090508
38197.0,1506577,genus,0.24906,Tyzzerella,ERR1090508
38197.0,40323,genus,0.234409,Stenotrophomonas,ERR1090508
38197.0,189330,genus,0.195341,Dorea,ERR1090508
38197.0,1678,genus,0.195341,Bifidobacterium,ERR1090508
38197.0,1485,genus,0.185574,Clostridium,ERR1090508
38197.0,150022,genus,0.180691,Finegoldia,ERR1090508
38197.0,41273,genus,0.151389,Tissierella,ERR1090508
38197.0,2147,genus,0.136739,Acholeplasma,ERR1090508
38197.0,117563,genus,0.126972,Granulicatella,ERR1090508
38197.0,586,genus,0.107438,Providencia,ERR1090508
38197.0,207244,genus,0.0976706,Anaerostipes,ERR1090508
38197.0,1301,genus,0.0732529,Streptococcus,ERR1090508
38197.0,86331,genus,0.0732529,Mogibacterium,ERR1090508
38197.0,194,genus,0.0634859,Campylobacter,ERR1090508
38197.0,283168,genus,0.0634859,Odoribacter,ERR1090508
38197.0,2316,genus,0.0586023,Methanosphaera,ERR1090508
38197.0,39948,genus,0.0537188,Dialister,ERR1090508
38197.0,84111,genus,0.0488353,Eggerthella,ERR1090508
38197.0,270497,genus,0.0439517,Catabacter,ERR1090508
38197.0,1200657,genus,0.0439517,Saccharofermentans,ERR1090508
38197.0,184869,genus,0.0390682,Varibaculum,ERR1090508
38197.0,286,genus,0.0390682,Pseudomonas,ERR1090508
38197.0,1386,genus,0.0341847,Bacillus,ERR1090508
38197.0,203470,genus,0.0341847,Tepidiphilus,ERR1090508
38197.0,2740,genus,0.0341847,Peptococcus,ERR1090508
38197.0,13687,genus,0.0341847,Sphingomonas,ERR1090508
38197.0,447020,genus,0.0293012,Adlercreutzia,ERR1090508
38197.0,1578,genus,0.0244176,Lactobacillus,ERR1090508
38197.0,61170,genus,0.0244176,Holdemania,ERR1090508
38197.0,467975,genus,0.0244176,Iamia,ERR1090508
38197.0,100175,genus,0.0244176,Papillibacter,ERR1090508
38197.0,100883,genus,0.0244176,Coprobacillus,ERR1090508
38197.0,32207,genus,0.0244176,Rothia,ERR1090508
38197.0,1505657,genus,0.0195341,Intestinibacter,ERR1090508
38197.0,61434,genus,0.0195341,Dehalococcoides,ERR1090508
38197.0,1569,genus,0.0195341,Sporosarcina,ERR1090508
38197.0,44259,genus,0.0195341,Filifactor,ERR1090508
38197.0,429,genus,0.0195341,Methylobacter,ERR1090508
38197.0,872,genus,0.0195341,Desulfovibrio,ERR1090508
38197.0,36853,genus,0.0195341,Desulfitobacterium,ERR1090508
38197.0,1654,genus,0.0146506,Actinomyces,ERR1090508
38197.0,207599,genus,0.0146506,Solirubrobacter,ERR1090508
38197.0,1883,genus,0.0146506,Streptomyces,ERR1090508
38197.0,66831,genus,0.0146506,Facklamia,ERR1090508
38197.0,561367,genus,0.0146506,Salinimicrobium,ERR1090508
38197.0,848,genus,0.0146506,Fusobacterium,ERR1090508
38197.0,795750,genus,0.0146506,Ignavibacterium,ERR1090508
38197.0,1372,genus,0.0146506,Planococcus,ERR1090508
38197.0,643701,genus,0.0146506,Marinoscillum,ERR1090508
38197.0,577309,genus,0.0146506,Paraprevotella,ERR1090508
38197.0,846,genus,0.00976706,Oxalobacter,ERR1090508
38197.0,52784,genus,0.00976706,Anaerofilum,ERR1090508
38197.0,898,genus,0.00976706,Desulfomicrobium,ERR1090508
38197.0,1279388,genus,0.00976706,Kandleria,ERR1090508
38197.0,658061,genus,0.00976706,Candidatus Koribacter,ERR1090508
38197.0,29465,genus,0.00976706,Veillonella,ERR1090508
38197.0,1843210,genus,0.00976706,Anaerocolumna,ERR1090508
38197.0,1765964,genus,0.00976706,Acidihalobacter,ERR1090508
38197.0,1017280,genus,0.00976706,Pseudoflavonifractor,ERR1090508
38197.0,375928,genus,0.00976706,Natranaerobius,ERR1090508
38197.0,906,genus,0.00976706,Megasphaera,ERR1090508
38197.0,42255,genus,0.00976706,Rubrobacter,ERR1090508
38197.0,48736,genus,0.00976706,Ralstonia,ERR1090508
38197.0,80865,genus,0.00976706,Delftia,ERR1090508
38197.0,46239,genus,0.00976706,Mesoplasma,ERR1090508
38197.0,29330,genus,0.00976706,Alicyclobacillus,ERR1090508
38197.0,255204,genus,0.00976706,Pseudoclavibacter,ERR1090508
38197.0,233191,genus,0.00976706,Caldilinea,ERR1090508
38197.0,2733,genus,0.00488353,Symbiobacterium,ERR1090508
38197.0,64,genus,0.00488353,Herpetosiphon,ERR1090508
38197.0,2222,genus,0.00488353,Methanosaeta,ERR1090508
38197.0,83660,genus,0.00488353,Desulfonispora,ERR1090508
38197.0,79206,genus,0.00488353,Desulfosporosinus,ERR1090508
38197.0,262406,genus,0.00488353,Thermobaculum,ERR1090508
38197.0,2152,genus,0.00488353,Asteroleplasma,ERR1090508
38197.0,1257,genus,0.00488353,Peptostreptococcus,ERR1090508
38197.0,644652,genus,0.00488353,Gordonibacter,ERR1090508
38197.0,561,genus,0.00488353,Escherichia,ERR1090508
38197.0,1742989,genus,0.00488353,Glutamicibacter,ERR1090508
38197.0,41275,genus,0.00488353,Brevundimonas,ERR1090508
38197.0,570,genus,0.00488353,Klebsiella,ERR1090508
38197.0,286130,genus,0.00488353,Sulfuricurvum,ERR1090508
38197.0,75687,genus,0.00488353,Neptunomonas,ERR1090508
38197.0,28138,genus,0.00488353,Rikenella,ERR1090508
38197.0,55080,genus,0.00488353,Brevibacillus,ERR1090508
38197.0,698776,genus,0.00488353,Cellulosilyticum,ERR1090508
38197.0,724,genus,0.00488353,Haemophilus,ERR1090508
38197.0,413,genus,0.00488353,Methylococcus,ERR1090508
38197.0,252965,genus,0.00488353,Mahella,ERR1090508
38197.0,195950,genus,0.00488353,Tannerella,ERR1090508
38197.0,1357,genus,0.00488353,Lactococcus,ERR1090508
38197.0,1350,genus,0.00488353,Enterococcus,ERR1090508
38197.0,173479,genus,0.00488353,Gemmatimonas,ERR1090508
38197.0,28261,genus,0.00488353,Thermodesulfovibrio,ERR1090508
38197.0,2745,genus,0.00488353,Halomonas,ERR1090508
38197.0,70774,genus,0.00488353,Hydrogenophilus,ERR1090508
38197.0,642,genus,0.00488353,Aeromonas,ERR1090508
38197.0,93217,genus,0.00488353,Pandoraea,ERR1090508
38197.0,1827,genus,0.00488353,Rhodococcus,ERR1090508
38197.0,81,genus,0.00488353,Hyphomicrobium,ERR1090508
38197.0,28231,genus,0.00488353,Geobacter,ERR1090508
38197.0,1618113,genus,0.00488353,Saccharicrinis,ERR1090508
38197.0,114627,genus,0.00488353,Alkaliphilus,ERR1090508
38197.0,2697,genus,0.00488353,Heliobacterium,ERR1090508
38197.0,52972,genus,0.00488353,Polaromonas,ERR1090508
38197.0,271087,genus,0.00488353,Geopsychrobacter,ERR1090508
38197.0,400634,genus,0.00488353,Lysinibacillus,ERR1090508
38197.0,70992,genus,0.00488353,Flexithrix,ERR1090508
38197.0,218204,genus,0.00488353,Garciella,ERR1090508
38197.0,84567,genus,0.00488353,Pedobacter,ERR1090508
38197.0,118747,genus,0.00488353,Bulleidia,ERR1090508
38197.0,278993,genus,0.00488353,Thermincola,ERR1090508
38197.0,133925,genus,0.00488353,Olsenella,ERR1090508
38197.0,294702,genus,0.00488353,Proteiniphilum,ERR1090508
38197.0,508459,genus,0.00488353,Cloacibacillus,ERR1090508
38197.0,29526,genus,0.00488353,Syntrophobacter,ERR1090508
38197.0,146813,genus,0.00488353,Dendrosporobacter,ERR1090508
,-1,genus,24.7986,Unknown,ERR1090508
38197.0,816,genus,21.3703,Bacteroides,ERR1090508
38197.0,216851,genus,9.12243,Faecalibacterium,ERR1090508
38197.0,397864,genus,5.14724,Barnesiella,ERR1090508
38197.0,469,genus,4.27309,Acinetobacter,ERR1090508
38197.0,572511,genus,3.07662,Blautia,ERR1090508
38197.0,1730,genus,2.75919,Eubacterium,ERR1090508
38197.0,459786,genus,2.6371,Oscillibacter,ERR1090508
38197.0,1508657,genus,2.45641,Ruminiclostridium,ERR1090508
38197.0,239934,genus,2.34409,Akkermansia,ERR1090508
38197.0,1716,genus,2.23177,Corynebacterium,ERR1090508
38197.0,1263,genus,2.12433,Ruminococcus,ERR1090508
38197.0,1505663,genus,1.84597,Erysipelatoclostridium,ERR1090508
38197.0,1506553,genus,1.81179,Lachnoclostridium,ERR1090508
38197.0,239759,genus,1.45041,Alistipes,ERR1090508
38197.0,375288,genus,1.19158,Parabacteroides,ERR1090508
38197.0,33042,genus,0.971822,Coprococcus,ERR1090508
38197.0,162289,genus,0.791131,Peptoniphilus,ERR1090508
38197.0,44748,genus,0.669043,Sporobacter,ERR1090508
38197.0,577310,genus,0.576256,Parasutterella,ERR1090508
38197.0,841,genus,0.571373,Roseburia,ERR1090508
38197.0,590,genus,0.532305,Salmonella,ERR1090508
38197.0,838,genus,0.42975,Prevotella,ERR1090508
38197.0,35832,genus,0.385799,Bilophila,ERR1090508
38197.0,165779,genus,0.380915,Anaerococcus,ERR1090508
38197.0,830,genus,0.361381,Butyrivibrio,ERR1090508
38197.0,904,genus,0.327196,Acidaminococcus,ERR1090508
38197.0,244127,genus,0.293012,Anaerotruncus,ERR1090508
38197.0,990721,genus,0.278361,Christensenella,ERR1090508
38197.0,836,genus,0.278361,Porphyromonas,ERR1090508
38197.0,2172,genus,0.278361,Methanobrevibacter,ERR1090508
38197.0,1506577,genus,0.24906,Tyzzerella,ERR1090508
38197.0,40323,genus,0.234409,Stenotrophomonas,ERR1090508
38197.0,189330,genus,0.195341,Dorea,ERR1090508
38197.0,1678,genus,0.195341,Bifidobacterium,ERR1090508
38197.0,1485,genus,0.185574,Clostridium,ERR1090508
38197.0,150022,genus,0.180691,Finegoldia,ERR1090508
38197.0,41273,genus,0.151389,Tissierella,ERR1090508
38197.0,2147,genus,0.136739,Acholeplasma,ERR1090508
38197.0,117563,genus,0.126972,Granulicatella,ERR1090508
38197.0,586,genus,0.107438,Providencia,ERR1090508
38197.0,207244,genus,0.0976706,Anaerostipes,ERR1090508
38197.0,1301,genus,0.0732529,Streptococcus,ERR1090508
38197.0,86331,genus,0.0732529,Mogibacterium,ERR1090508
38197.0,194,genus,0.0634859,Campylobacter,ERR1090508
38197.0,283168,genus,0.0634859,Odoribacter,ERR1090508
38197.0,2316,genus,0.0586023,Methanosphaera,ERR1090508
38197.0,39948,genus,0.0537188,Dialister,ERR1090508
38197.0,84111,genus,0.0488353,Eggerthella,ERR1090508
38197.0,1200657,genus,0.0439517,Saccharofermentans,ERR1090508
38197.0,270497,genus,0.0439517,Catabacter,ERR1090508
38197.0,184869,genus,0.0390682,Varibaculum,ERR1090508
38197.0,286,genus,0.0390682,Pseudomonas,ERR1090508
38197.0,1386,genus,0.0341847,Bacillus,ERR1090508
38197.0,203470,genus,0.0341847,Tepidiphilus,ERR1090508
38197.0,2740,genus,0.0341847,Peptococcus,ERR1090508
38197.0,13687,genus,0.0341847,Sphingomonas,ERR1090508
38197.0,447020,genus,0.0293012,Adlercreutzia,ERR1090508
38197.0,1578,genus,0.0244176,Lactobacillus,ERR1090508
38197.0,61170,genus,0.0244176,Holdemania,ERR1090508
38197.0,467975,genus,0.0244176,Iamia,ERR1090508
38197.0,100175,genus,0.0244176,Papillibacter,ERR1090508
38197.0,100883,genus,0.0244176,Coprobacillus,ERR1090508
38197.0,32207,genus,0.0244176,Rothia,ERR1090508
38197.0,1505657,genus,0.0195341,Intestinibacter,ERR1090508
38197.0,61434,genus,0.0195341,Dehalococcoides,ERR1090508
38197.0,1569,genus,0.0195341,Sporosarcina,ERR1090508
38197.0,44259,genus,0.0195341,Filifactor,ERR1090508
38197.0,429,genus,0.0195341,Methylobacter,ERR1090508
38197.0,872,genus,0.0195341,Desulfovibrio,ERR1090508
38197.0,36853,genus,0.0195341,Desulfitobacterium,ERR1090508
38197.0,207599,genus,0.0146506,Solirubrobacter,ERR1090508
38197.0,1883,genus,0.0146506,Streptomyces,ERR1090508
38197.0,66831,genus,0.0146506,Facklamia,ERR1090508
38197.0,561367,genus,0.0146506,Salinimicrobium,ERR1090508
38197.0,848,genus,0.0146506,Fusobacterium,ERR1090508
38197.0,795750,genus,0.0146506,Ignavibacterium,ERR1090508
38197.0,1372,genus,0.0146506,Planococcus,ERR1090508
38197.0,643701,genus,0.0146506,Marinoscillum,ERR1090508
38197.0,577309,genus,0.0146506,Paraprevotella,ERR1090508
38197.0,1654,genus,0.0146506,Actinomyces,ERR1090508
38197.0,898,genus,0.00976706,Desulfomicrobium,ERR1090508
38197.0,1279388,genus,0.00976706,Kandleria,ERR1090508
38197.0,658061,genus,0.00976706,Candidatus Koribacter,ERR1090508
38197.0,29465,genus,0.00976706,Veillonella,ERR1090508
38197.0,1843210,genus,0.00976706,Anaerocolumna,ERR1090508
38197.0,1765964,genus,0.00976706,Acidihalobacter,ERR1090508
38197.0,1017280,genus,0.00976706,Pseudoflavonifractor,ERR1090508
38197.0,375928,genus,0.00976706,Natranaerobius,ERR1090508
38197.0,906,genus,0.00976706,Megasphaera,ERR1090508
38197.0,42255,genus,0.00976706,Rubrobacter,ERR1090508
38197.0,48736,genus,0.00976706,Ralstonia,ERR1090508
38197.0,80865,genus,0.00976706,Delftia,ERR1090508
38197.0,46239,genus,0.00976706,Mesoplasma,ERR1090508
38197.0,29330,genus,0.00976706,Alicyclobacillus,ERR1090508
38197.0,255204,genus,0.00976706,Pseudoclavibacter,ERR1090508
38197.0,233191,genus,0.00976706,Caldilinea,ERR1090508
38197.0,846,genus,0.00976706,Oxalobacter,ERR1090508
38197.0,52784,genus,0.00976706,Anaerofilum,ERR1090508
38197.0,83660,genus,0.00488353,Desulfonispora,ERR1090508
38197.0,79206,genus,0.00488353,Desulfosporosinus,ERR1090508
38197.0,262406,genus,0.00488353,Thermobaculum,ERR1090508
38197.0,2152,genus,0.00488353,Asteroleplasma,ERR1090508
38197.0,1257,genus,0.00488353,Peptostreptococcus,ERR1090508
38197.0,644652,genus,0.00488353,Gordonibacter,ERR1090508
38197.0,561,genus,0.00488353,Escherichia,ERR1090508
38197.0,1742989,genus,0.00488353,Glutamicibacter,ERR1090508
38197.0,41275,genus,0.00488353,Brevundimonas,ERR1090508
38197.0,570,genus,0.00488353,Klebsiella,ERR1090508
38197.0,286130,genus,0.00488353,Sulfuricurvum,ERR1090508
38197.0,75687,genus,0.00488353,Neptunomonas,ERR1090508
38197.0,28138,genus,0.00488353,Rikenella,ERR1090508
38197.0,55080,genus,0.00488353,Brevibacillus,ERR1090508
38197.0,698776,genus,0.00488353,Cellulosilyticum,ERR1090508
38197.0,724,genus,0.00488353,Haemophilus,ERR1090508
38197.0,413,genus,0.00488353,Methylococcus,ERR1090508
38197.0,252965,genus,0.00488353,Mahella,ERR1090508
38197.0,195950,genus,0.00488353,Tannerella,ERR1090508
38197.0,1357,genus,0.00488353,Lactococcus,ERR1090508
38197.0,1350,genus,0.00488353,Enterococcus,ERR1090508
38197.0,173479,genus,0.00488353,Gemmatimonas,ERR1090508
38197.0,28261,genus,0.00488353,Thermodesulfovibrio,ERR1090508
38197.0,2745,genus,0.00488353,Halomonas,ERR1090508
38197.0,70774,genus,0.00488353,Hydrogenophilus,ERR1090508
38197.0,642,genus,0.00488353,Aeromonas,ERR1090508
38197.0,93217,genus,0.00488353,Pandoraea,ERR1090508
38197.0,1827,genus,0.00488353,Rhodococcus,ERR1090508
38197.0,81,genus,0.00488353,Hyphomicrobium,ERR1090508
38197.0,28231,genus,0.00488353,Geobacter,ERR1090508
38197.0,1618113,genus,0.00488353,Saccharicrinis,ERR1090508
38197.0,114627,genus,0.00488353,Alkaliphilus,ERR1090508
38197.0,2697,genus,0.00488353,Heliobacterium,ERR1090508
38197.0,52972,genus,0.00488353,Polaromonas,ERR1090508
38197.0,271087,genus,0.00488353,Geopsychrobacter,ERR1090508
38197.0,400634,genus,0.00488353,Lysinibacillus,ERR1090508
38197.0,70992,genus,0.00488353,Flexithrix,ERR1090508
38197.0,218204,genus,0.00488353,Garciella,ERR1090508
38197.0,84567,genus,0.00488353,Pedobacter,ERR1090508
38197.0,118747,genus,0.00488353,Bulleidia,ERR1090508
38197.0,278993,genus,0.00488353,Thermincola,ERR1090508
38197.0,133925,genus,0.00488353,Olsenella,ERR1090508
38197.0,294702,genus,0.00488353,Proteiniphilum,ERR1090508
38197.0,508459,genus,0.00488353,Cloacibacillus,ERR1090508
38197.0,29526,genus,0.00488353,Syntrophobacter,ERR1090508
38197.0,146813,genus,0.00488353,Dendrosporobacter,ERR1090508
38197.0,2733,genus,0.00488353,Symbiobacterium,ERR1090508
38197.0,64,genus,0.00488353,Herpetosiphon,ERR1090508
38197.0,2222,genus,0.00488353,Methanosaeta,ERR1090508
,-1,genus,24.7986,Unknown,ERR1090508
38198.0,216851,genus,22.2832,Faecalibacterium,ERR1090568
38198.0,816,genus,19.4829,Bacteroides,ERR1090568
38198.0,375288,genus,3.39185,Parabacteroides,ERR1090568
38198.0,239759,genus,3.09608,Alistipes,ERR1090568
38198.0,577310,genus,2.9625,Parasutterella,ERR1090568
38198.0,39948,genus,2.14197,Dialister,ERR1090568
38198.0,841,genus,2.11335,Roseburia,ERR1090568
38198.0,1730,genus,1.975,Eubacterium,ERR1090568
38198.0,1301,genus,1.67923,Streptococcus,ERR1090568
38198.0,459786,genus,1.50272,Oscillibacter,ERR1090568
38198.0,572511,genus,1.31667,Blautia,ERR1090568
38198.0,1678,genus,1.25942,Bifidobacterium,ERR1090568
38198.0,33042,genus,1.20218,Coprococcus,ERR1090568
38198.0,1506553,genus,0.901632,Lachnoclostridium,ERR1090568
38198.0,1263,genus,0.720351,Ruminococcus,ERR1090568
38198.0,1505657,genus,0.701269,Intestinibacter,ERR1090568
38198.0,35832,genus,0.663105,Bilophila,ERR1090568
38198.0,1508657,genus,0.605858,Ruminiclostridium,ERR1090568
38198.0,724,genus,0.372102,Haemophilus,ERR1090568
38198.0,1505663,genus,0.362561,Erysipelatoclostridium,ERR1090568
38198.0,44748,genus,0.281462,Sporobacter,ERR1090568
38198.0,239934,genus,0.281462,Akkermansia,ERR1090568
38198.0,244127,genus,0.214674,Anaerotruncus,ERR1090568
38198.0,838,genus,0.114493,Prevotella,ERR1090568
38198.0,283168,genus,0.0906402,Odoribacter,ERR1090568
38198.0,1386,genus,0.0906402,Bacillus,ERR1090568
38198.0,1485,genus,0.0715581,Clostridium,ERR1090568
38198.0,1578,genus,0.0667875,Lactobacillus,ERR1090568
38198.0,836,genus,0.0524759,Porphyromonas,ERR1090568
38198.0,189330,genus,0.0477054,Dorea,ERR1090568
38198.0,84111,genus,0.0381643,Eggerthella,ERR1090568
38198.0,392735,genus,0.0381643,Uliginosibacterium,ERR1090568
38198.0,29465,genus,0.0286232,Veillonella,ERR1090568
38198.0,52784,genus,0.0238527,Anaerofilum,ERR1090568
38198.0,61170,genus,0.0143116,Holdemania,ERR1090568
38198.0,914,genus,0.0143116,Nitrosomonas,ERR1090568
38198.0,194,genus,0.00954107,Campylobacter,ERR1090568
38198.0,264995,genus,0.00954107,Anaerofustis,ERR1090568
38198.0,40323,genus,0.00954107,Stenotrophomonas,ERR1090568
38198.0,100883,genus,0.00954107,Coprobacillus,ERR1090568
38198.0,28231,genus,0.00954107,Geobacter,ERR1090568
38198.0,44249,genus,0.00954107,Paenibacillus,ERR1090568
38198.0,795750,genus,0.00954107,Ignavibacterium,ERR1090568
38198.0,182709,genus,0.00954107,Oceanobacillus,ERR1090568
38198.0,32207,genus,0.00954107,Rothia,ERR1090568
38198.0,830,genus,0.00954107,Butyrivibrio,ERR1090568
38198.0,200473,genus,0.00477054,Brumimicrobium,ERR1090568
38198.0,1742989,genus,0.00477054,Glutamicibacter,ERR1090568
38198.0,990721,genus,0.00477054,Christensenella,ERR1090568
38198.0,61434,genus,0.00477054,Dehalococcoides,ERR1090568
38198.0,713,genus,0.00477054,Actinobacillus,ERR1090568
38198.0,1839,genus,0.00477054,Nocardioides,ERR1090568
38198.0,195950,genus,0.00477054,Tannerella,ERR1090568
38198.0,1502725,genus,0.00477054,Effusibacillus,ERR1090568
38198.0,346096,genus,0.00477054,Paludibacter,ERR1090568
38198.0,1827,genus,0.00477054,Rhodococcus,ERR1090568
38198.0,1357,genus,0.00477054,Lactococcus,ERR1090568
38198.0,79328,genus,0.00477054,Chitinophaga,ERR1090568
38198.0,1883,genus,0.00477054,Streptomyces,ERR1090568
38198.0,1164882,genus,0.00477054,Lachnoanaerobaculum,ERR1090568
38198.0,848,genus,0.00477054,Fusobacterium,ERR1090568
38198.0,117563,genus,0.00477054,Granulicatella,ERR1090568
38198.0,162289,genus,0.00477054,Peptoniphilus,ERR1090568
38198.0,1654,genus,0.00477054,Actinomyces,ERR1090568
38198.0,670486,genus,0.00477054,Dehalogenimonas,ERR1090568
38198.0,906,genus,0.00477054,Megasphaera,ERR1090568
38198.0,581,genus,0.00477054,Morganella,ERR1090568
38198.0,156973,genus,0.00477054,Dysgonomonas,ERR1090568
38198.0,866673,genus,0.00477054,Marinifilum,ERR1090568
38198.0,1618113,genus,0.00477054,Saccharicrinis,ERR1090568
38198.0,102106,genus,0.00477054,Collinsella,ERR1090568
38198.0,469,genus,0.00477054,Acinetobacter,ERR1090568
38198.0,262406,genus,0.00477054,Thermobaculum,ERR1090568
38198.0,1200657,genus,0.00477054,Saccharofermentans,ERR1090568
,-1,genus,29.439,Unknown,ERR1090568
38198.0,216851,genus,22.2832,Faecalibacterium,ERR1090568
38198.0,816,genus,19.4829,Bacteroides,ERR1090568
38198.0,375288,genus,3.39185,Parabacteroides,ERR1090568
38198.0,239759,genus,3.09608,Alistipes,ERR1090568
38198.0,577310,genus,2.9625,Parasutterella,ERR1090568
38198.0,39948,genus,2.14197,Dialister,ERR1090568
38198.0,841,genus,2.11335,Roseburia,ERR1090568
38198.0,1730,genus,1.975,Eubacterium,ERR1090568
38198.0,1301,genus,1.67923,Streptococcus,ERR1090568
38198.0,459786,genus,1.50272,Oscillibacter,ERR1090568
38198.0,572511,genus,1.31667,Blautia,ERR1090568
38198.0,1678,genus,1.25942,Bifidobacterium,ERR1090568
38198.0,33042,genus,1.20218,Coprococcus,ERR1090568
38198.0,1506553,genus,0.901632,Lachnoclostridium,ERR1090568
38198.0,1263,genus,0.720351,Ruminococcus,ERR1090568
38198.0,1505657,genus,0.701269,Intestinibacter,ERR1090568
38198.0,35832,genus,0.663105,Bilophila,ERR1090568
38198.0,1508657,genus,0.605858,Ruminiclostridium,ERR1090568
38198.0,724,genus,0.372102,Haemophilus,ERR1090568
38198.0,1505663,genus,0.362561,Erysipelatoclostridium,ERR1090568
38198.0,44748,genus,0.281462,Sporobacter,ERR1090568
38198.0,239934,genus,0.281462,Akkermansia,ERR1090568
38198.0,244127,genus,0.214674,Anaerotruncus,ERR1090568
38198.0,838,genus,0.114493,Prevotella,ERR1090568
38198.0,283168,genus,0.0906402,Odoribacter,ERR1090568
38198.0,1386,genus,0.0906402,Bacillus,ERR1090568
38198.0,1485,genus,0.0715581,Clostridium,ERR1090568
38198.0,1578,genus,0.0667875,Lactobacillus,ERR1090568
38198.0,836,genus,0.0524759,Porphyromonas,ERR1090568
38198.0,189330,genus,0.0477054,Dorea,ERR1090568
38198.0,392735,genus,0.0381643,Uliginosibacterium,ERR1090568
38198.0,84111,genus,0.0381643,Eggerthella,ERR1090568
38198.0,29465,genus,0.0286232,Veillonella,ERR1090568
38198.0,52784,genus,0.0238527,Anaerofilum,ERR1090568
38198.0,914,genus,0.0143116,Nitrosomonas,ERR1090568
38198.0,61170,genus,0.0143116,Holdemania,ERR1090568
38198.0,44249,genus,0.00954107,Paenibacillus,ERR1090568
38198.0,795750,genus,0.00954107,Ignavibacterium,ERR1090568
38198.0,182709,genus,0.00954107,Oceanobacillus,ERR1090568
38198.0,32207,genus,0.00954107,Rothia,ERR1090568
38198.0,830,genus,0.00954107,Butyrivibrio,ERR1090568
38198.0,194,genus,0.00954107,Campylobacter,ERR1090568
38198.0,264995,genus,0.00954107,Anaerofustis,ERR1090568
38198.0,100883,genus,0.00954107,Coprobacillus,ERR1090568
38198.0,40323,genus,0.00954107,Stenotrophomonas,ERR1090568
38198.0,28231,genus,0.00954107,Geobacter,ERR1090568
38198.0,848,genus,0.00477054,Fusobacterium,ERR1090568
38198.0,162289,genus,0.00477054,Peptoniphilus,ERR1090568
38198.0,117563,genus,0.00477054,Granulicatella,ERR1090568
38198.0,906,genus,0.00477054,Megasphaera,ERR1090568
38198.0,581,genus,0.00477054,Morganella,ERR1090568
38198.0,1654,genus,0.00477054,Actinomyces,ERR1090568
38198.0,670486,genus,0.00477054,Dehalogenimonas,ERR1090568
38198.0,156973,genus,0.00477054,Dysgonomonas,ERR1090568
38198.0,1618113,genus,0.00477054,Saccharicrinis,ERR1090568
38198.0,866673,genus,0.00477054,Marinifilum,ERR1090568
38198.0,102106,genus,0.00477054,Collinsella,ERR1090568
38198.0,1200657,genus,0.00477054,Saccharofermentans,ERR1090568
38198.0,469,genus,0.00477054,Acinetobacter,ERR1090568
38198.0,262406,genus,0.00477054,Thermobaculum,ERR1090568
38198.0,61434,genus,0.00477054,Dehalococcoides,ERR1090568
38198.0,200473,genus,0.00477054,Brumimicrobium,ERR1090568
38198.0,1742989,genus,0.00477054,Glutamicibacter,ERR1090568
38198.0,990721,genus,0.00477054,Christensenella,ERR1090568
38198.0,195950,genus,0.00477054,Tannerella,ERR1090568
38198.0,713,genus,0.00477054,Actinobacillus,ERR1090568
38198.0,1839,genus,0.00477054,Nocardioides,ERR1090568
38198.0,346096,genus,0.00477054,Paludibacter,ERR1090568
38198.0,1502725,genus,0.00477054,Effusibacillus,ERR1090568
38198.0,1827,genus,0.00477054,Rhodococcus,ERR1090568
38198.0,1357,genus,0.00477054,Lactococcus,ERR1090568
38198.0,1883,genus,0.00477054,Streptomyces,ERR1090568
38198.0,79328,genus,0.00477054,Chitinophaga,ERR1090568
38198.0,1164882,genus,0.00477054,Lachnoanaerobaculum,ERR1090568
,-1,genus,29.439,Unknown,ERR1090568
38199.0,816,genus,22.4217,Bacteroides,ERR1090580
38199.0,572511,genus,12.7908,Blautia,ERR1090580
38199.0,244127,genus,4.08277,Anaerotruncus,ERR1090580
38199.0,1301,genus,3.65772,Streptococcus,ERR1090580
38199.0,1678,genus,3.13758,Bifidobacterium,ERR1090580
38199.0,33042,genus,2.83557,Coprococcus,ERR1090580
38199.0,216851,genus,2.74608,Faecalibacterium,ERR1090580
38199.0,1506553,genus,2.17562,Lachnoclostridium,ERR1090580
38199.0,1505663,genus,2.02461,Erysipelatoclostridium,ERR1090580
38199.0,375288,genus,1.73937,Parabacteroides,ERR1090580
38199.0,459786,genus,1.4038,Oscillibacter,ERR1090580
38199.0,52784,genus,1.04586,Anaerofilum,ERR1090580
38199.0,1508657,genus,0.782998,Ruminiclostridium,ERR1090580
38199.0,1263,genus,0.631991,Ruminococcus,ERR1090580
38199.0,102106,genus,0.53132,Collinsella,ERR1090580
38199.0,194,genus,0.486577,Campylobacter,ERR1090580
38199.0,904,genus,0.341163,Acidaminococcus,ERR1090580
38199.0,1730,genus,0.324385,Eubacterium,ERR1090580
38199.0,1505657,genus,0.318792,Intestinibacter,ERR1090580
38199.0,61170,genus,0.296421,Holdemania,ERR1090580
38199.0,207244,genus,0.240492,Anaerostipes,ERR1090580
38199.0,84111,genus,0.1566,Eggerthella,ERR1090580
38199.0,841,genus,0.0894855,Roseburia,ERR1090580
38199.0,420345,genus,0.0894855,Lactonifactor,ERR1090580
38199.0,1378,genus,0.0838926,Gemella,ERR1090580
38199.0,1578,genus,0.0559284,Lactobacillus,ERR1090580
38199.0,1485,genus,0.0559284,Clostridium,ERR1090580
38199.0,1654,genus,0.0503356,Actinomyces,ERR1090580
38199.0,61434,genus,0.033557,Dehalococcoides,ERR1090580
38199.0,1565532,genus,0.0279642,Rouxiella,ERR1090580
38199.0,543311,genus,0.0279642,Parvimonas,ERR1090580
38199.0,44748,genus,0.0279642,Sporobacter,ERR1090580
38199.0,838,genus,0.0223714,Prevotella,ERR1090580
38199.0,86331,genus,0.0223714,Mogibacterium,ERR1090580
38199.0,1350,genus,0.0223714,Enterococcus,ERR1090580
38199.0,1386,genus,0.0167785,Bacillus,ERR1090580
38199.0,286,genus,0.0167785,Pseudomonas,ERR1090580
38199.0,233189,genus,0.0167785,Anaerolinea,ERR1090580
38199.0,162289,genus,0.0167785,Peptoniphilus,ERR1090580
38199.0,1357,genus,0.0167785,Lactococcus,ERR1090580
38199.0,1843210,genus,0.0167785,Anaerocolumna,ERR1090580
38199.0,1380,genus,0.0111857,Atopobium,ERR1090580
38199.0,165779,genus,0.0111857,Anaerococcus,ERR1090580
38199.0,118747,genus,0.0111857,Bulleidia,ERR1090580
38199.0,117563,genus,0.0111857,Granulicatella,ERR1090580
38199.0,1716,genus,0.0111857,Corynebacterium,ERR1090580
38199.0,990721,genus,0.0111857,Christensenella,ERR1090580
38199.0,239759,genus,0.0111857,Alistipes,ERR1090580
38199.0,100883,genus,0.0111857,Coprobacillus,ERR1090580
38199.0,57665,genus,0.00559284,Sulfurospirillum,ERR1090580
38199.0,114627,genus,0.00559284,Alkaliphilus,ERR1090580
38199.0,561,genus,0.00559284,Escherichia,ERR1090580
38199.0,264995,genus,0.00559284,Anaerofustis,ERR1090580
38199.0,84567,genus,0.00559284,Pedobacter,ERR1090580
38199.0,469,genus,0.00559284,Acinetobacter,ERR1090580
38199.0,262406,genus,0.00559284,Thermobaculum,ERR1090580
38199.0,146813,genus,0.00559284,Dendrosporobacter,ERR1090580
38199.0,46255,genus,0.00559284,Weissella,ERR1090580
38199.0,1653174,genus,0.00559284,Actinotignum,ERR1090580
38199.0,28048,genus,0.00559284,Acidothermus,ERR1090580
38199.0,46205,genus,0.00559284,Pseudobutyrivibrio,ERR1090580
38199.0,44249,genus,0.00559284,Paenibacillus,ERR1090580
38199.0,1883,genus,0.00559284,Streptomyces,ERR1090580
38199.0,100175,genus,0.00559284,Papillibacter,ERR1090580
38199.0,150022,genus,0.00559284,Finegoldia,ERR1090580
38199.0,467975,genus,0.00559284,Iamia,ERR1090580
38199.0,795750,genus,0.00559284,Ignavibacterium,ERR1090580
38199.0,848,genus,0.00559284,Fusobacterium,ERR1090580
38199.0,233191,genus,0.00559284,Caldilinea,ERR1090580
38199.0,40323,genus,0.00559284,Stenotrophomonas,ERR1090580
38199.0,1279388,genus,0.00559284,Kandleria,ERR1090580
38199.0,42447,genus,0.00559284,Anaerobranca,ERR1090580
,-1,genus,24.1667,Unknown,ERR1090580
38199.0,816,genus,22.4217,Bacteroides,ERR1090580
38199.0,572511,genus,12.7908,Blautia,ERR1090580
38199.0,244127,genus,4.08277,Anaerotruncus,ERR1090580
38199.0,1301,genus,3.65772,Streptococcus,ERR1090580
38199.0,1678,genus,3.13758,Bifidobacterium,ERR1090580
38199.0,33042,genus,2.83557,Coprococcus,ERR1090580
38199.0,216851,genus,2.74608,Faecalibacterium,ERR1090580
38199.0,1506553,genus,2.17562,Lachnoclostridium,ERR1090580
38199.0,1505663,genus,2.02461,Erysipelatoclostridium,ERR1090580
38199.0,375288,genus,1.73937,Parabacteroides,ERR1090580
38199.0,459786,genus,1.4038,Oscillibacter,ERR1090580
38199.0,52784,genus,1.04586,Anaerofilum,ERR1090580
38199.0,1508657,genus,0.782998,Ruminiclostridium,ERR1090580
38199.0,1263,genus,0.631991,Ruminococcus,ERR1090580
38199.0,102106,genus,0.53132,Collinsella,ERR1090580
38199.0,194,genus,0.486577,Campylobacter,ERR1090580
38199.0,904,genus,0.341163,Acidaminococcus,ERR1090580
38199.0,1730,genus,0.324385,Eubacterium,ERR1090580
38199.0,1505657,genus,0.318792,Intestinibacter,ERR1090580
38199.0,61170,genus,0.296421,Holdemania,ERR1090580
38199.0,207244,genus,0.240492,Anaerostipes,ERR1090580
38199.0,84111,genus,0.1566,Eggerthella,ERR1090580
38199.0,841,genus,0.0894855,Roseburia,ERR1090580
38199.0,420345,genus,0.0894855,Lactonifactor,ERR1090580
38199.0,1378,genus,0.0838926,Gemella,ERR1090580
38199.0,1485,genus,0.0559284,Clostridium,ERR1090580
38199.0,1578,genus,0.0559284,Lactobacillus,ERR1090580
38199.0,1654,genus,0.0503356,Actinomyces,ERR1090580
38199.0,61434,genus,0.033557,Dehalococcoides,ERR1090580
38199.0,1565532,genus,0.0279642,Rouxiella,ERR1090580
38199.0,543311,genus,0.0279642,Parvimonas,ERR1090580
38199.0,44748,genus,0.0279642,Sporobacter,ERR1090580
38199.0,838,genus,0.0223714,Prevotella,ERR1090580
38199.0,86331,genus,0.0223714,Mogibacterium,ERR1090580
38199.0,1350,genus,0.0223714,Enterococcus,ERR1090580
38199.0,286,genus,0.0167785,Pseudomonas,ERR1090580
38199.0,233189,genus,0.0167785,Anaerolinea,ERR1090580
38199.0,162289,genus,0.0167785,Peptoniphilus,ERR1090580
38199.0,1357,genus,0.0167785,Lactococcus,ERR1090580
38199.0,1843210,genus,0.0167785,Anaerocolumna,ERR1090580
38199.0,1386,genus,0.0167785,Bacillus,ERR1090580
38199.0,165779,genus,0.0111857,Anaerococcus,ERR1090580
38199.0,118747,genus,0.0111857,Bulleidia,ERR1090580
38199.0,117563,genus,0.0111857,Granulicatella,ERR1090580
38199.0,1716,genus,0.0111857,Corynebacterium,ERR1090580
38199.0,990721,genus,0.0111857,Christensenella,ERR1090580
38199.0,239759,genus,0.0111857,Alistipes,ERR1090580
38199.0,100883,genus,0.0111857,Coprobacillus,ERR1090580
38199.0,1380,genus,0.0111857,Atopobium,ERR1090580
38199.0,561,genus,0.00559284,Escherichia,ERR1090580
38199.0,264995,genus,0.00559284,Anaerofustis,ERR1090580
38199.0,84567,genus,0.00559284,Pedobacter,ERR1090580
38199.0,469,genus,0.00559284,Acinetobacter,ERR1090580
38199.0,262406,genus,0.00559284,Thermobaculum,ERR1090580
38199.0,146813,genus,0.00559284,Dendrosporobacter,ERR1090580
38199.0,46255,genus,0.00559284,Weissella,ERR1090580
38199.0,1653174,genus,0.00559284,Actinotignum,ERR1090580
38199.0,28048,genus,0.00559284,Acidothermus,ERR1090580
38199.0,46205,genus,0.00559284,Pseudobutyrivibrio,ERR1090580
38199.0,44249,genus,0.00559284,Paenibacillus,ERR1090580
38199.0,1883,genus,0.00559284,Streptomyces,ERR1090580
38199.0,100175,genus,0.00559284,Papillibacter,ERR1090580
38199.0,150022,genus,0.00559284,Finegoldia,ERR1090580
38199.0,467975,genus,0.00559284,Iamia,ERR1090580
38199.0,795750,genus,0.00559284,Ignavibacterium,ERR1090580
38199.0,848,genus,0.00559284,Fusobacterium,ERR1090580
38199.0,233191,genus,0.00559284,Caldilinea,ERR1090580
38199.0,40323,genus,0.00559284,Stenotrophomonas,ERR1090580
38199.0,1279388,genus,0.00559284,Kandleria,ERR1090580
38199.0,42447,genus,0.00559284,Anaerobranca,ERR1090580
38199.0,57665,genus,0.00559284,Sulfurospirillum,ERR1090580
38199.0,114627,genus,0.00559284,Alkaliphilus,ERR1090580
,-1,genus,24.1667,Unknown,ERR1090580
38199.0,816,genus,22.4217,Bacteroides,ERR1090580
38199.0,572511,genus,12.7908,Blautia,ERR1090580
38199.0,244127,genus,4.08277,Anaerotruncus,ERR1090580
38199.0,1301,genus,3.65772,Streptococcus,ERR1090580
38199.0,1678,genus,3.13758,Bifidobacterium,ERR1090580
38199.0,33042,genus,2.83557,Coprococcus,ERR1090580
38199.0,216851,genus,2.74608,Faecalibacterium,ERR1090580
38199.0,1506553,genus,2.17562,Lachnoclostridium,ERR1090580
38199.0,1505663,genus,2.02461,Erysipelatoclostridium,ERR1090580
38199.0,375288,genus,1.73937,Parabacteroides,ERR1090580
38199.0,459786,genus,1.4038,Oscillibacter,ERR1090580
38199.0,52784,genus,1.04586,Anaerofilum,ERR1090580
38199.0,1508657,genus,0.782998,Ruminiclostridium,ERR1090580
38199.0,1263,genus,0.631991,Ruminococcus,ERR1090580
38199.0,102106,genus,0.53132,Collinsella,ERR1090580
38199.0,194,genus,0.486577,Campylobacter,ERR1090580
38199.0,904,genus,0.341163,Acidaminococcus,ERR1090580
38199.0,1730,genus,0.324385,Eubacterium,ERR1090580
38199.0,1505657,genus,0.318792,Intestinibacter,ERR1090580
38199.0,61170,genus,0.296421,Holdemania,ERR1090580
38199.0,207244,genus,0.240492,Anaerostipes,ERR1090580
38199.0,84111,genus,0.1566,Eggerthella,ERR1090580
38199.0,420345,genus,0.0894855,Lactonifactor,ERR1090580
38199.0,841,genus,0.0894855,Roseburia,ERR1090580
38199.0,1378,genus,0.0838926,Gemella,ERR1090580
38199.0,1485,genus,0.0559284,Clostridium,ERR1090580
38199.0,1578,genus,0.0559284,Lactobacillus,ERR1090580
38199.0,1654,genus,0.0503356,Actinomyces,ERR1090580
38199.0,61434,genus,0.033557,Dehalococcoides,ERR1090580
38199.0,1565532,genus,0.0279642,Rouxiella,ERR1090580
38199.0,543311,genus,0.0279642,Parvimonas,ERR1090580
38199.0,44748,genus,0.0279642,Sporobacter,ERR1090580
38199.0,838,genus,0.0223714,Prevotella,ERR1090580
38199.0,86331,genus,0.0223714,Mogibacterium,ERR1090580
38199.0,1350,genus,0.0223714,Enterococcus,ERR1090580
38199.0,286,genus,0.0167785,Pseudomonas,ERR1090580
38199.0,233189,genus,0.0167785,Anaerolinea,ERR1090580
38199.0,162289,genus,0.0167785,Peptoniphilus,ERR1090580
38199.0,1357,genus,0.0167785,Lactococcus,ERR1090580
38199.0,1843210,genus,0.0167785,Anaerocolumna,ERR1090580
38199.0,1386,genus,0.0167785,Bacillus,ERR1090580
38199.0,165779,genus,0.0111857,Anaerococcus,ERR1090580
38199.0,118747,genus,0.0111857,Bulleidia,ERR1090580
38199.0,117563,genus,0.0111857,Granulicatella,ERR1090580
38199.0,1716,genus,0.0111857,Corynebacterium,ERR1090580
38199.0,990721,genus,0.0111857,Christensenella,ERR1090580
38199.0,239759,genus,0.0111857,Alistipes,ERR1090580
38199.0,100883,genus,0.0111857,Coprobacillus,ERR1090580
38199.0,1380,genus,0.0111857,Atopobium,ERR1090580
38199.0,84567,genus,0.00559284,Pedobacter,ERR1090580
38199.0,469,genus,0.00559284,Acinetobacter,ERR1090580
38199.0,262406,genus,0.00559284,Thermobaculum,ERR1090580
38199.0,146813,genus,0.00559284,Dendrosporobacter,ERR1090580
38199.0,46255,genus,0.00559284,Weissella,ERR1090580
38199.0,1653174,genus,0.00559284,Actinotignum,ERR1090580
38199.0,28048,genus,0.00559284,Acidothermus,ERR1090580
38199.0,46205,genus,0.00559284,Pseudobutyrivibrio,ERR1090580
38199.0,44249,genus,0.00559284,Paenibacillus,ERR1090580
38199.0,1883,genus,0.00559284,Streptomyces,ERR1090580
38199.0,100175,genus,0.00559284,Papillibacter,ERR1090580
38199.0,150022,genus,0.00559284,Finegoldia,ERR1090580
38199.0,467975,genus,0.00559284,Iamia,ERR1090580
38199.0,795750,genus,0.00559284,Ignavibacterium,ERR1090580
38199.0,848,genus,0.00559284,Fusobacterium,ERR1090580
38199.0,233191,genus,0.00559284,Caldilinea,ERR1090580
38199.0,40323,genus,0.00559284,Stenotrophomonas,ERR1090580
38199.0,1279388,genus,0.00559284,Kandleria,ERR1090580
38199.0,42447,genus,0.00559284,Anaerobranca,ERR1090580
38199.0,57665,genus,0.00559284,Sulfurospirillum,ERR1090580
38199.0,114627,genus,0.00559284,Alkaliphilus,ERR1090580
38199.0,561,genus,0.00559284,Escherichia,ERR1090580
38199.0,264995,genus,0.00559284,Anaerofustis,ERR1090580
,-1,genus,24.1667,Unknown,ERR1090580
38199.0,816,genus,22.4217,Bacteroides,ERR1090580
38199.0,572511,genus,12.7908,Blautia,ERR1090580
38199.0,244127,genus,4.08277,Anaerotruncus,ERR1090580
38199.0,1301,genus,3.65772,Streptococcus,ERR1090580
38199.0,1678,genus,3.13758,Bifidobacterium,ERR1090580
38199.0,33042,genus,2.83557,Coprococcus,ERR1090580
38199.0,216851,genus,2.74608,Faecalibacterium,ERR1090580
38199.0,1506553,genus,2.17562,Lachnoclostridium,ERR1090580
38199.0,1505663,genus,2.02461,Erysipelatoclostridium,ERR1090580
38199.0,375288,genus,1.73937,Parabacteroides,ERR1090580
38199.0,459786,genus,1.4038,Oscillibacter,ERR1090580
38199.0,52784,genus,1.04586,Anaerofilum,ERR1090580
38199.0,1508657,genus,0.782998,Ruminiclostridium,ERR1090580
38199.0,1263,genus,0.631991,Ruminococcus,ERR1090580
38199.0,102106,genus,0.53132,Collinsella,ERR1090580
38199.0,194,genus,0.486577,Campylobacter,ERR1090580
38199.0,904,genus,0.341163,Acidaminococcus,ERR1090580
38199.0,1730,genus,0.324385,Eubacterium,ERR1090580
38199.0,1505657,genus,0.318792,Intestinibacter,ERR1090580
38199.0,61170,genus,0.296421,Holdemania,ERR1090580
38199.0,207244,genus,0.240492,Anaerostipes,ERR1090580
38199.0,84111,genus,0.1566,Eggerthella,ERR1090580
38199.0,420345,genus,0.0894855,Lactonifactor,ERR1090580
38199.0,841,genus,0.0894855,Roseburia,ERR1090580
38199.0,1378,genus,0.0838926,Gemella,ERR1090580
38199.0,1485,genus,0.0559284,Clostridium,ERR1090580
38199.0,1578,genus,0.0559284,Lactobacillus,ERR1090580
38199.0,1654,genus,0.0503356,Actinomyces,ERR1090580
38199.0,61434,genus,0.033557,Dehalococcoides,ERR1090580
38199.0,543311,genus,0.0279642,Parvimonas,ERR1090580
38199.0,44748,genus,0.0279642,Sporobacter,ERR1090580
38199.0,1565532,genus,0.0279642,Rouxiella,ERR1090580
38199.0,1350,genus,0.0223714,Enterococcus,ERR1090580
38199.0,838,genus,0.0223714,Prevotella,ERR1090580
38199.0,86331,genus,0.0223714,Mogibacterium,ERR1090580
38199.0,233189,genus,0.0167785,Anaerolinea,ERR1090580
38199.0,162289,genus,0.0167785,Peptoniphilus,ERR1090580
38199.0,1357,genus,0.0167785,Lactococcus,ERR1090580
38199.0,1843210,genus,0.0167785,Anaerocolumna,ERR1090580
38199.0,1386,genus,0.0167785,Bacillus,ERR1090580
38199.0,286,genus,0.0167785,Pseudomonas,ERR1090580
38199.0,165779,genus,0.0111857,Anaerococcus,ERR1090580
38199.0,118747,genus,0.0111857,Bulleidia,ERR1090580
38199.0,117563,genus,0.0111857,Granulicatella,ERR1090580
38199.0,1716,genus,0.0111857,Corynebacterium,ERR1090580
38199.0,990721,genus,0.0111857,Christensenella,ERR1090580
38199.0,239759,genus,0.0111857,Alistipes,ERR1090580
38199.0,100883,genus,0.0111857,Coprobacillus,ERR1090580
38199.0,1380,genus,0.0111857,Atopobium,ERR1090580
38199.0,1883,genus,0.00559284,Streptomyces,ERR1090580
38199.0,100175,genus,0.00559284,Papillibacter,ERR1090580
38199.0,150022,genus,0.00559284,Finegoldia,ERR1090580
38199.0,467975,genus,0.00559284,Iamia,ERR1090580
38199.0,795750,genus,0.00559284,Ignavibacterium,ERR1090580
38199.0,848,genus,0.00559284,Fusobacterium,ERR1090580
38199.0,233191,genus,0.00559284,Caldilinea,ERR1090580
38199.0,40323,genus,0.00559284,Stenotrophomonas,ERR1090580
38199.0,1279388,genus,0.00559284,Kandleria,ERR1090580
38199.0,42447,genus,0.00559284,Anaerobranca,ERR1090580
38199.0,57665,genus,0.00559284,Sulfurospirillum,ERR1090580
38199.0,114627,genus,0.00559284,Alkaliphilus,ERR1090580
38199.0,561,genus,0.00559284,Escherichia,ERR1090580
38199.0,264995,genus,0.00559284,Anaerofustis,ERR1090580
38199.0,84567,genus,0.00559284,Pedobacter,ERR1090580
38199.0,469,genus,0.00559284,Acinetobacter,ERR1090580
38199.0,262406,genus,0.00559284,Thermobaculum,ERR1090580
38199.0,146813,genus,0.00559284,Dendrosporobacter,ERR1090580
38199.0,46255,genus,0.00559284,Weissella,ERR1090580
38199.0,1653174,genus,0.00559284,Actinotignum,ERR1090580
38199.0,28048,genus,0.00559284,Acidothermus,ERR1090580
38199.0,46205,genus,0.00559284,Pseudobutyrivibrio,ERR1090580
38199.0,44249,genus,0.00559284,Paenibacillus,ERR1090580
,-1,genus,24.1667,Unknown,ERR1090580
34113.0,816,genus,19.4541,Bacteroides,ERR1090608
34113.0,286,genus,11.9584,Pseudomonas,ERR1090608
34113.0,216851,genus,2.06115,Faecalibacterium,ERR1090608
34113.0,44249,genus,1.25031,Paenibacillus,ERR1090608
34113.0,239759,genus,0.947017,Alistipes,ERR1090608
34113.0,84406,genus,0.519931,Virgibacillus,ERR1090608
34113.0,1386,genus,0.451845,Bacillus,ERR1090608
34113.0,590,genus,0.278534,Salmonella,ERR1090608
34113.0,158848,genus,0.259965,Moellerella,ERR1090608
34113.0,1730,genus,0.222827,Eubacterium,ERR1090608
34113.0,375288,genus,0.18569,Parabacteroides,ERR1090608
34113.0,507,genus,0.154741,Alcaligenes,ERR1090608
34113.0,1263,genus,0.154741,Ruminococcus,ERR1090608
34113.0,572511,genus,0.136172,Blautia,ERR1090608
34113.0,577310,genus,0.129983,Parasutterella,ERR1090608
34113.0,1505663,genus,0.117603,Erysipelatoclostridium,ERR1090608
34113.0,648800,genus,0.0990344,Solibacillus,ERR1090608
34113.0,586,genus,0.0928448,Providencia,ERR1090608
34113.0,44748,genus,0.0804655,Sporobacter,ERR1090608
34113.0,283168,genus,0.0742758,Odoribacter,ERR1090608
34113.0,1565532,genus,0.0742758,Rouxiella,ERR1090608
34113.0,904,genus,0.0618965,Acidaminococcus,ERR1090608
34113.0,459786,genus,0.0618965,Oscillibacter,ERR1090608
34113.0,1569,genus,0.0618965,Sporosarcina,ERR1090608
34113.0,1663,genus,0.0557069,Arthrobacter,ERR1090608
34113.0,544,genus,0.0495172,Citrobacter,ERR1090608
34113.0,1678,genus,0.0495172,Bifidobacterium,ERR1090608
34113.0,244127,genus,0.0371379,Anaerotruncus,ERR1090608
34113.0,1508657,genus,0.0371379,Ruminiclostridium,ERR1090608
34113.0,838,genus,0.0309483,Prevotella,ERR1090608
34113.0,1578,genus,0.0247586,Lactobacillus,ERR1090608
34113.0,400634,genus,0.0247586,Lysinibacillus,ERR1090608
34113.0,1505657,genus,0.0247586,Intestinibacter,ERR1090608
34113.0,29465,genus,0.0247586,Veillonella,ERR1090608
34113.0,1506553,genus,0.018569,Lachnoclostridium,ERR1090608
34113.0,265980,genus,0.018569,Alkalimonas,ERR1090608
34113.0,1301,genus,0.018569,Streptococcus,ERR1090608
34113.0,469,genus,0.0123793,Acinetobacter,ERR1090608
34113.0,189330,genus,0.0123793,Dorea,ERR1090608
34113.0,150247,genus,0.0123793,Anoxybacillus,ERR1090608
34113.0,33042,genus,0.0123793,Coprococcus,ERR1090608
34113.0,724,genus,0.0123793,Haemophilus,ERR1090608
34113.0,570,genus,0.0123793,Klebsiella,ERR1090608
34113.0,583,genus,0.00618965,Proteus,ERR1090608
34113.0,32067,genus,0.00618965,Leptotrichia,ERR1090608
34113.0,2745,genus,0.00618965,Halomonas,ERR1090608
34113.0,1618113,genus,0.00618965,Saccharicrinis,ERR1090608
34113.0,39948,genus,0.00618965,Dialister,ERR1090608
34113.0,207244,genus,0.00618965,Anaerostipes,ERR1090608
34113.0,2299,genus,0.00618965,Desulfosarcina,ERR1090608
34113.0,862,genus,0.00618965,Syntrophomonas,ERR1090608
34113.0,40323,genus,0.00618965,Stenotrophomonas,ERR1090608
34113.0,872,genus,0.00618965,Desulfovibrio,ERR1090608
34113.0,1030,genus,0.00618965,Thiothrix,ERR1090608
34113.0,648802,genus,0.00618965,Rummeliibacillus,ERR1090608
34113.0,1654,genus,0.00618965,Actinomyces,ERR1090608
34113.0,848,genus,0.00618965,Fusobacterium,ERR1090608
34113.0,106633,genus,0.00618965,Thioalkalivibrio,ERR1090608
34113.0,642,genus,0.00618965,Aeromonas,ERR1090608
34113.0,1243,genus,0.00618965,Leuconostoc,ERR1090608
34113.0,162289,genus,0.00618965,Peptoniphilus,ERR1090608
34113.0,1378,genus,0.00618965,Gemella,ERR1090608
34113.0,32207,genus,0.00618965,Rothia,ERR1090608
34113.0,1716,genus,0.00618965,Corynebacterium,ERR1090608
34113.0,84565,genus,0.00618965,Sodalis,ERR1090608
34113.0,363276,genus,0.00618965,Ktedonobacter,ERR1090608
34113.0,1822464,genus,0.00618965,Paraburkholderia,ERR1090608
34113.0,841,genus,0.00618965,Roseburia,ERR1090608
34113.0,203804,genus,0.00618965,Candidatus Blochmannia,ERR1090608
34113.0,379899,genus,0.00618965,Niabella,ERR1090608
34113.0,561,genus,0.00618965,Escherichia,ERR1090608
,-1,genus,60.411,Unknown,ERR1090608
34113.0,816,genus,19.4541,Bacteroides,ERR1090608
34113.0,286,genus,11.9584,Pseudomonas,ERR1090608
34113.0,216851,genus,2.06115,Faecalibacterium,ERR1090608
34113.0,44249,genus,1.25031,Paenibacillus,ERR1090608
34113.0,239759,genus,0.947017,Alistipes,ERR1090608
34113.0,84406,genus,0.519931,Virgibacillus,ERR1090608
34113.0,1386,genus,0.451845,Bacillus,ERR1090608
34113.0,590,genus,0.278534,Salmonella,ERR1090608
34113.0,158848,genus,0.259965,Moellerella,ERR1090608
34113.0,1730,genus,0.222827,Eubacterium,ERR1090608
34113.0,375288,genus,0.18569,Parabacteroides,ERR1090608
34113.0,507,genus,0.154741,Alcaligenes,ERR1090608
34113.0,1263,genus,0.154741,Ruminococcus,ERR1090608
34113.0,572511,genus,0.136172,Blautia,ERR1090608
34113.0,577310,genus,0.129983,Parasutterella,ERR1090608
34113.0,1505663,genus,0.117603,Erysipelatoclostridium,ERR1090608
34113.0,648800,genus,0.0990344,Solibacillus,ERR1090608
34113.0,586,genus,0.0928448,Providencia,ERR1090608
34113.0,44748,genus,0.0804655,Sporobacter,ERR1090608
34113.0,283168,genus,0.0742758,Odoribacter,ERR1090608
34113.0,1565532,genus,0.0742758,Rouxiella,ERR1090608
34113.0,904,genus,0.0618965,Acidaminococcus,ERR1090608
34113.0,459786,genus,0.0618965,Oscillibacter,ERR1090608
34113.0,1569,genus,0.0618965,Sporosarcina,ERR1090608
34113.0,1663,genus,0.0557069,Arthrobacter,ERR1090608
34113.0,544,genus,0.0495172,Citrobacter,ERR1090608
34113.0,1678,genus,0.0495172,Bifidobacterium,ERR1090608
34113.0,244127,genus,0.0371379,Anaerotruncus,ERR1090608
34113.0,1508657,genus,0.0371379,Ruminiclostridium,ERR1090608
34113.0,838,genus,0.0309483,Prevotella,ERR1090608
34113.0,400634,genus,0.0247586,Lysinibacillus,ERR1090608
34113.0,1505657,genus,0.0247586,Intestinibacter,ERR1090608
34113.0,29465,genus,0.0247586,Veillonella,ERR1090608
34113.0,1578,genus,0.0247586,Lactobacillus,ERR1090608
34113.0,1506553,genus,0.018569,Lachnoclostridium,ERR1090608
34113.0,265980,genus,0.018569,Alkalimonas,ERR1090608
34113.0,1301,genus,0.018569,Streptococcus,ERR1090608
34113.0,189330,genus,0.0123793,Dorea,ERR1090608
34113.0,150247,genus,0.0123793,Anoxybacillus,ERR1090608
34113.0,33042,genus,0.0123793,Coprococcus,ERR1090608
34113.0,724,genus,0.0123793,Haemophilus,ERR1090608
34113.0,570,genus,0.0123793,Klebsiella,ERR1090608
34113.0,469,genus,0.0123793,Acinetobacter,ERR1090608
34113.0,1618113,genus,0.00618965,Saccharicrinis,ERR1090608
34113.0,39948,genus,0.00618965,Dialister,ERR1090608
34113.0,207244,genus,0.00618965,Anaerostipes,ERR1090608
34113.0,2299,genus,0.00618965,Desulfosarcina,ERR1090608
34113.0,862,genus,0.00618965,Syntrophomonas,ERR1090608
34113.0,40323,genus,0.00618965,Stenotrophomonas,ERR1090608
34113.0,872,genus,0.00618965,Desulfovibrio,ERR1090608
34113.0,1030,genus,0.00618965,Thiothrix,ERR1090608
34113.0,648802,genus,0.00618965,Rummeliibacillus,ERR1090608
34113.0,1654,genus,0.00618965,Actinomyces,ERR1090608
34113.0,848,genus,0.00618965,Fusobacterium,ERR1090608
34113.0,106633,genus,0.00618965,Thioalkalivibrio,ERR1090608
34113.0,642,genus,0.00618965,Aeromonas,ERR1090608
34113.0,1243,genus,0.00618965,Leuconostoc,ERR1090608
34113.0,162289,genus,0.00618965,Peptoniphilus,ERR1090608
34113.0,1378,genus,0.00618965,Gemella,ERR1090608
34113.0,32207,genus,0.00618965,Rothia,ERR1090608
34113.0,1716,genus,0.00618965,Corynebacterium,ERR1090608
34113.0,84565,genus,0.00618965,Sodalis,ERR1090608
34113.0,363276,genus,0.00618965,Ktedonobacter,ERR1090608
34113.0,1822464,genus,0.00618965,Paraburkholderia,ERR1090608
34113.0,841,genus,0.00618965,Roseburia,ERR1090608
34113.0,203804,genus,0.00618965,Candidatus Blochmannia,ERR1090608
34113.0,379899,genus,0.00618965,Niabella,ERR1090608
34113.0,561,genus,0.00618965,Escherichia,ERR1090608
34113.0,583,genus,0.00618965,Proteus,ERR1090608
34113.0,32067,genus,0.00618965,Leptotrichia,ERR1090608
34113.0,2745,genus,0.00618965,Halomonas,ERR1090608
,-1,genus,60.411,Unknown,ERR1090608
34113.0,816,genus,19.4541,Bacteroides,ERR1090608
34113.0,286,genus,11.9584,Pseudomonas,ERR1090608
34113.0,216851,genus,2.06115,Faecalibacterium,ERR1090608
34113.0,44249,genus,1.25031,Paenibacillus,ERR1090608
34113.0,239759,genus,0.947017,Alistipes,ERR1090608
34113.0,84406,genus,0.519931,Virgibacillus,ERR1090608
34113.0,1386,genus,0.451845,Bacillus,ERR1090608
34113.0,590,genus,0.278534,Salmonella,ERR1090608
34113.0,158848,genus,0.259965,Moellerella,ERR1090608
34113.0,1730,genus,0.222827,Eubacterium,ERR1090608
34113.0,375288,genus,0.18569,Parabacteroides,ERR1090608
34113.0,507,genus,0.154741,Alcaligenes,ERR1090608
34113.0,1263,genus,0.154741,Ruminococcus,ERR1090608
34113.0,572511,genus,0.136172,Blautia,ERR1090608
34113.0,577310,genus,0.129983,Parasutterella,ERR1090608
34113.0,1505663,genus,0.117603,Erysipelatoclostridium,ERR1090608
34113.0,648800,genus,0.0990344,Solibacillus,ERR1090608
34113.0,586,genus,0.0928448,Providencia,ERR1090608
34113.0,44748,genus,0.0804655,Sporobacter,ERR1090608
34113.0,1565532,genus,0.0742758,Rouxiella,ERR1090608
34113.0,283168,genus,0.0742758,Odoribacter,ERR1090608
34113.0,459786,genus,0.0618965,Oscillibacter,ERR1090608
34113.0,1569,genus,0.0618965,Sporosarcina,ERR1090608
34113.0,904,genus,0.0618965,Acidaminococcus,ERR1090608
34113.0,1663,genus,0.0557069,Arthrobacter,ERR1090608
34113.0,544,genus,0.0495172,Citrobacter,ERR1090608
34113.0,1678,genus,0.0495172,Bifidobacterium,ERR1090608
34113.0,244127,genus,0.0371379,Anaerotruncus,ERR1090608
34113.0,1508657,genus,0.0371379,Ruminiclostridium,ERR1090608
34113.0,838,genus,0.0309483,Prevotella,ERR1090608
34113.0,1505657,genus,0.0247586,Intestinibacter,ERR1090608
34113.0,29465,genus,0.0247586,Veillonella,ERR1090608
34113.0,1578,genus,0.0247586,Lactobacillus,ERR1090608
34113.0,400634,genus,0.0247586,Lysinibacillus,ERR1090608
34113.0,265980,genus,0.018569,Alkalimonas,ERR1090608
34113.0,1301,genus,0.018569,Streptococcus,ERR1090608
34113.0,1506553,genus,0.018569,Lachnoclostridium,ERR1090608
34113.0,189330,genus,0.0123793,Dorea,ERR1090608
34113.0,150247,genus,0.0123793,Anoxybacillus,ERR1090608
34113.0,33042,genus,0.0123793,Coprococcus,ERR1090608
34113.0,724,genus,0.0123793,Haemophilus,ERR1090608
34113.0,570,genus,0.0123793,Klebsiella,ERR1090608
34113.0,469,genus,0.0123793,Acinetobacter,ERR1090608
34113.0,648802,genus,0.00618965,Rummeliibacillus,ERR1090608
34113.0,1654,genus,0.00618965,Actinomyces,ERR1090608
34113.0,848,genus,0.00618965,Fusobacterium,ERR1090608
34113.0,106633,genus,0.00618965,Thioalkalivibrio,ERR1090608
34113.0,642,genus,0.00618965,Aeromonas,ERR1090608
34113.0,1243,genus,0.00618965,Leuconostoc,ERR1090608
34113.0,162289,genus,0.00618965,Peptoniphilus,ERR1090608
34113.0,1378,genus,0.00618965,Gemella,ERR1090608
34113.0,32207,genus,0.00618965,Rothia,ERR1090608
34113.0,1716,genus,0.00618965,Corynebacterium,ERR1090608
34113.0,84565,genus,0.00618965,Sodalis,ERR1090608
34113.0,363276,genus,0.00618965,Ktedonobacter,ERR1090608
34113.0,1822464,genus,0.00618965,Paraburkholderia,ERR1090608
34113.0,841,genus,0.00618965,Roseburia,ERR1090608
34113.0,203804,genus,0.00618965,Candidatus Blochmannia,ERR1090608
34113.0,379899,genus,0.00618965,Niabella,ERR1090608
34113.0,561,genus,0.00618965,Escherichia,ERR1090608
34113.0,583,genus,0.00618965,Proteus,ERR1090608
34113.0,32067,genus,0.00618965,Leptotrichia,ERR1090608
34113.0,2745,genus,0.00618965,Halomonas,ERR1090608
34113.0,1618113,genus,0.00618965,Saccharicrinis,ERR1090608
34113.0,39948,genus,0.00618965,Dialister,ERR1090608
34113.0,207244,genus,0.00618965,Anaerostipes,ERR1090608
34113.0,2299,genus,0.00618965,Desulfosarcina,ERR1090608
34113.0,862,genus,0.00618965,Syntrophomonas,ERR1090608
34113.0,40323,genus,0.00618965,Stenotrophomonas,ERR1090608
34113.0,872,genus,0.00618965,Desulfovibrio,ERR1090608
34113.0,1030,genus,0.00618965,Thiothrix,ERR1090608
,-1,genus,60.411,Unknown,ERR1090608
34113.0,816,genus,19.4541,Bacteroides,ERR1090608
34113.0,286,genus,11.9584,Pseudomonas,ERR1090608
34113.0,216851,genus,2.06115,Faecalibacterium,ERR1090608
34113.0,44249,genus,1.25031,Paenibacillus,ERR1090608
34113.0,239759,genus,0.947017,Alistipes,ERR1090608
34113.0,84406,genus,0.519931,Virgibacillus,ERR1090608
34113.0,1386,genus,0.451845,Bacillus,ERR1090608
34113.0,590,genus,0.278534,Salmonella,ERR1090608
34113.0,158848,genus,0.259965,Moellerella,ERR1090608
34113.0,1730,genus,0.222827,Eubacterium,ERR1090608
34113.0,375288,genus,0.18569,Parabacteroides,ERR1090608
34113.0,1263,genus,0.154741,Ruminococcus,ERR1090608
34113.0,507,genus,0.154741,Alcaligenes,ERR1090608
34113.0,572511,genus,0.136172,Blautia,ERR1090608
34113.0,577310,genus,0.129983,Parasutterella,ERR1090608
34113.0,1505663,genus,0.117603,Erysipelatoclostridium,ERR1090608
34113.0,648800,genus,0.0990344,Solibacillus,ERR1090608
34113.0,586,genus,0.0928448,Providencia,ERR1090608
34113.0,44748,genus,0.0804655,Sporobacter,ERR1090608
34113.0,1565532,genus,0.0742758,Rouxiella,ERR1090608
34113.0,283168,genus,0.0742758,Odoribacter,ERR1090608
34113.0,459786,genus,0.0618965,Oscillibacter,ERR1090608
34113.0,1569,genus,0.0618965,Sporosarcina,ERR1090608
34113.0,904,genus,0.0618965,Acidaminococcus,ERR1090608
34113.0,1663,genus,0.0557069,Arthrobacter,ERR1090608
34113.0,1678,genus,0.0495172,Bifidobacterium,ERR1090608
34113.0,544,genus,0.0495172,Citrobacter,ERR1090608
34113.0,244127,genus,0.0371379,Anaerotruncus,ERR1090608
34113.0,1508657,genus,0.0371379,Ruminiclostridium,ERR1090608
34113.0,838,genus,0.0309483,Prevotella,ERR1090608
34113.0,1505657,genus,0.0247586,Intestinibacter,ERR1090608
34113.0,29465,genus,0.0247586,Veillonella,ERR1090608
34113.0,1578,genus,0.0247586,Lactobacillus,ERR1090608
34113.0,400634,genus,0.0247586,Lysinibacillus,ERR1090608
34113.0,265980,genus,0.018569,Alkalimonas,ERR1090608
34113.0,1301,genus,0.018569,Streptococcus,ERR1090608
34113.0,1506553,genus,0.018569,Lachnoclostridium,ERR1090608
34113.0,189330,genus,0.0123793,Dorea,ERR1090608
34113.0,150247,genus,0.0123793,Anoxybacillus,ERR1090608
34113.0,33042,genus,0.0123793,Coprococcus,ERR1090608
34113.0,724,genus,0.0123793,Haemophilus,ERR1090608
34113.0,570,genus,0.0123793,Klebsiella,ERR1090608
34113.0,469,genus,0.0123793,Acinetobacter,ERR1090608
34113.0,648802,genus,0.00618965,Rummeliibacillus,ERR1090608
34113.0,1654,genus,0.00618965,Actinomyces,ERR1090608
34113.0,106633,genus,0.00618965,Thioalkalivibrio,ERR1090608
34113.0,848,genus,0.00618965,Fusobacterium,ERR1090608
34113.0,642,genus,0.00618965,Aeromonas,ERR1090608
34113.0,1243,genus,0.00618965,Leuconostoc,ERR1090608
34113.0,1378,genus,0.00618965,Gemella,ERR1090608
34113.0,32207,genus,0.00618965,Rothia,ERR1090608
34113.0,162289,genus,0.00618965,Peptoniphilus,ERR1090608
34113.0,363276,genus,0.00618965,Ktedonobacter,ERR1090608
34113.0,1716,genus,0.00618965,Corynebacterium,ERR1090608
34113.0,84565,genus,0.00618965,Sodalis,ERR1090608
34113.0,203804,genus,0.00618965,Candidatus Blochmannia,ERR1090608
34113.0,1822464,genus,0.00618965,Paraburkholderia,ERR1090608
34113.0,841,genus,0.00618965,Roseburia,ERR1090608
34113.0,561,genus,0.00618965,Escherichia,ERR1090608
34113.0,379899,genus,0.00618965,Niabella,ERR1090608
34113.0,583,genus,0.00618965,Proteus,ERR1090608
34113.0,32067,genus,0.00618965,Leptotrichia,ERR1090608
34113.0,2745,genus,0.00618965,Halomonas,ERR1090608
34113.0,1618113,genus,0.00618965,Saccharicrinis,ERR1090608
34113.0,39948,genus,0.00618965,Dialister,ERR1090608
34113.0,2299,genus,0.00618965,Desulfosarcina,ERR1090608
34113.0,207244,genus,0.00618965,Anaerostipes,ERR1090608
34113.0,862,genus,0.00618965,Syntrophomonas,ERR1090608
34113.0,40323,genus,0.00618965,Stenotrophomonas,ERR1090608
34113.0,872,genus,0.00618965,Desulfovibrio,ERR1090608
34113.0,1030,genus,0.00618965,Thiothrix,ERR1090608
,-1,genus,60.411,Unknown,ERR1090608
38200.0,216851,genus,27.9819,Faecalibacterium,ERR1090682
38200.0,816,genus,10.7028,Bacteroides,ERR1090682
38200.0,1730,genus,7.78971,Eubacterium,ERR1090682
38200.0,572511,genus,6.1579,Blautia,ERR1090682
38200.0,577309,genus,5.09139,Paraprevotella,ERR1090682
38200.0,1678,genus,4.04372,Bifidobacterium,ERR1090682
38200.0,1505663,genus,2.5325,Erysipelatoclostridium,ERR1090682
38200.0,39948,genus,2.51366,Dialister,ERR1090682
38200.0,239759,genus,1.27756,Alistipes,ERR1090682
38200.0,1506553,genus,1.27756,Lachnoclostridium,ERR1090682
38200.0,841,genus,1.08536,Roseburia,ERR1090682
38200.0,397864,genus,1.00622,Barnesiella,ERR1090682
38200.0,375288,genus,0.94592,Parabacteroides,ERR1090682
38200.0,1301,genus,0.829094,Streptococcus,ERR1090682
38200.0,1263,genus,0.456002,Ruminococcus,ERR1090682
38200.0,1578,genus,0.40701,Lactobacillus,ERR1090682
38200.0,577310,genus,0.342943,Parasutterella,ERR1090682
38200.0,33042,genus,0.335406,Coprococcus,ERR1090682
38200.0,283168,genus,0.233654,Odoribacter,ERR1090682
38200.0,189330,genus,0.226116,Dorea,ERR1090682
38200.0,1508657,genus,0.203505,Ruminiclostridium,ERR1090682
38200.0,459786,genus,0.199736,Oscillibacter,ERR1090682
38200.0,724,genus,0.143207,Haemophilus,ERR1090682
38200.0,84111,genus,0.13567,Eggerthella,ERR1090682
38200.0,1386,genus,0.124364,Bacillus,ERR1090682
38200.0,44748,genus,0.0979838,Sporobacter,ERR1090682
38200.0,207244,genus,0.0979838,Anaerostipes,ERR1090682
38200.0,35832,genus,0.0979838,Bilophila,ERR1090682
38200.0,1485,genus,0.0942152,Clostridium,ERR1090682
38200.0,504481,genus,0.0678349,Sediminibacterium,ERR1090682
38200.0,1350,genus,0.0602977,Enterococcus,ERR1090682
38200.0,1654,genus,0.0602977,Actinomyces,ERR1090682
38200.0,467975,genus,0.0602977,Iamia,ERR1090682
38200.0,1716,genus,0.0565291,Corynebacterium,ERR1090682
38200.0,207599,genus,0.0489919,Solirubrobacter,ERR1090682
38200.0,1279,genus,0.0452233,Staphylococcus,ERR1090682
38200.0,644652,genus,0.0452233,Gordonibacter,ERR1090682
38200.0,84567,genus,0.0414547,Pedobacter,ERR1090682
38200.0,429,genus,0.0376861,Methylobacter,ERR1090682
38200.0,29465,genus,0.0376861,Veillonella,ERR1090682
38200.0,28261,genus,0.0376861,Thermodesulfovibrio,ERR1090682
38200.0,61170,genus,0.0339175,Holdemania,ERR1090682
38200.0,413,genus,0.0301489,Methylococcus,ERR1090682
38200.0,262406,genus,0.0263803,Thermobaculum,ERR1090682
38200.0,32207,genus,0.0263803,Rothia,ERR1090682
38200.0,795750,genus,0.0226116,Ignavibacterium,ERR1090682
38200.0,102106,genus,0.0226116,Collinsella,ERR1090682
38200.0,1372,genus,0.018843,Planococcus,ERR1090682
38200.0,469,genus,0.018843,Acinetobacter,ERR1090682
38200.0,233189,genus,0.018843,Anaerolinea,ERR1090682
38200.0,286,genus,0.018843,Pseudomonas,ERR1090682
38200.0,838,genus,0.018843,Prevotella,ERR1090682
38200.0,173479,genus,0.0150744,Gemmatimonas,ERR1090682
38200.0,203470,genus,0.0150744,Tepidiphilus,ERR1090682
38200.0,423604,genus,0.0150744,Elusimicrobium,ERR1090682
38200.0,1021,genus,0.0150744,Beggiatoa,ERR1090682
38200.0,52784,genus,0.0150744,Anaerofilum,ERR1090682
38200.0,1257,genus,0.0150744,Peptostreptococcus,ERR1090682
38200.0,1573534,genus,0.0150744,Faecalitalea,ERR1090682
38200.0,407,genus,0.0150744,Methylobacterium,ERR1090682
38200.0,68287,genus,0.0113058,Mesorhizobium,ERR1090682
38200.0,2195,genus,0.0113058,Methanogenium,ERR1090682
38200.0,836,genus,0.0113058,Porphyromonas,ERR1090682
38200.0,70774,genus,0.0113058,Hydrogenophilus,ERR1090682
38200.0,2056,genus,0.0113058,Sphaerobacter,ERR1090682
38200.0,100883,genus,0.0113058,Coprobacillus,ERR1090682
38200.0,2742,genus,0.0113058,Marinobacter,ERR1090682
38200.0,830,genus,0.0113058,Butyrivibrio,ERR1090682
38200.0,1505657,genus,0.0113058,Intestinibacter,ERR1090682
38200.0,1649453,genus,0.00753722,Gimesia,ERR1090682
38200.0,776,genus,0.00753722,Coxiella,ERR1090682
38200.0,55079,genus,0.00753722,Aneurinibacillus,ERR1090682
38200.0,34098,genus,0.00753722,Blattabacterium,ERR1090682
38200.0,28453,genus,0.00753722,Sphingobacterium,ERR1090682
38200.0,1763,genus,0.00753722,Mycobacterium,ERR1090682
38200.0,380240,genus,0.00753722,Candidatus Brocadia,ERR1090682
38200.0,561367,genus,0.00753722,Salinimicrobium,ERR1090682
38200.0,1357,genus,0.00753722,Lactococcus,ERR1090682
38200.0,231683,genus,0.00753722,Saccharospirillum,ERR1090682
38200.0,187144,genus,0.00753722,Caldithrix,ERR1090682
38200.0,2745,genus,0.00753722,Halomonas,ERR1090682
38200.0,1210119,genus,0.00753722,Ohtaekwangia,ERR1090682
38200.0,239934,genus,0.00753722,Akkermansia,ERR1090682
38200.0,1843210,genus,0.00753722,Anaerocolumna,ERR1090682
38200.0,475,genus,0.00753722,Moraxella,ERR1090682
38200.0,61434,genus,0.00753722,Dehalococcoides,ERR1090682
38200.0,1380,genus,0.00753722,Atopobium,ERR1090682
38200.0,1866885,genus,0.00753722,Mycobacterium fortuitum complex,ERR1090682
38200.0,1847,genus,0.00753722,Pseudonocardia,ERR1090682
38200.0,373053,genus,0.00753722,Calditerricola,ERR1090682
38200.0,178440,genus,0.00753722,Opitutus,ERR1090682
38200.0,1506577,genus,0.00376861,Tyzzerella,ERR1090682
38200.0,2375,genus,0.00376861,Sporomusa,ERR1090682
38200.0,590,genus,0.00376861,Salmonella,ERR1090682
38200.0,1243,genus,0.00376861,Leuconostoc,ERR1090682
38200.0,264995,genus,0.00376861,Anaerofustis,ERR1090682
38200.0,1822464,genus,0.00376861,Paraburkholderia,ERR1090682
38200.0,1549126,genus,0.00376861,Desulfatiglans,ERR1090682
38200.0,244127,genus,0.00376861,Anaerotruncus,ERR1090682
38200.0,510690,genus,0.00376861,Sneathiella,ERR1090682
38200.0,41275,genus,0.00376861,Brevundimonas,ERR1090682
38200.0,33882,genus,0.00376861,Microbacterium,ERR1090682
38200.0,1827,genus,0.00376861,Rhodococcus,ERR1090682
38200.0,28231,genus,0.00376861,Geobacter,ERR1090682
38200.0,28138,genus,0.00376861,Rikenella,ERR1090682
38200.0,162289,genus,0.00376861,Peptoniphilus,ERR1090682
38200.0,271087,genus,0.00376861,Geopsychrobacter,ERR1090682
38200.0,666508,genus,0.00376861,Phycisphaera,ERR1090682
38200.0,1017280,genus,0.00376861,Pseudoflavonifractor,ERR1090682
38200.0,32008,genus,0.00376861,Burkholderia,ERR1090682
38200.0,919,genus,0.00376861,Thiobacillus,ERR1090682
38200.0,233191,genus,0.00376861,Caldilinea,ERR1090682
38200.0,33057,genus,0.00376861,Thauera,ERR1090682
38200.0,1253,genus,0.00376861,Pediococcus,ERR1090682
38200.0,1839,genus,0.00376861,Nocardioides,ERR1090682
38200.0,182639,genus,0.00376861,Kribbella,ERR1090682
38200.0,653683,genus,0.00376861,Anaerosporobacter,ERR1090682
38200.0,57493,genus,0.00376861,Kocuria,ERR1090682
38200.0,46205,genus,0.00376861,Pseudobutyrivibrio,ERR1090682
38200.0,374,genus,0.00376861,Bradyrhizobium,ERR1090682
38200.0,1645,genus,0.00376861,Renibacterium,ERR1090682
38200.0,55080,genus,0.00376861,Brevibacillus,ERR1090682
38200.0,48736,genus,0.00376861,Ralstonia,ERR1090682
38200.0,682522,genus,0.00376861,Ilumatobacter,ERR1090682
38200.0,914,genus,0.00376861,Nitrosomonas,ERR1090682
38200.0,1579506,genus,0.00376861,Roseimaritima,ERR1090682
38200.0,244698,genus,0.00376861,Gillisia,ERR1090682
38200.0,1298,genus,0.00376861,Deinococcus,ERR1090682
38200.0,963,genus,0.00376861,Herbaspirillum,ERR1090682
38200.0,146813,genus,0.00376861,Dendrosporobacter,ERR1090682
38200.0,532,genus,0.00376861,Beijerinckia,ERR1090682
38200.0,133925,genus,0.00376861,Olsenella,ERR1090682
38200.0,1471399,genus,0.00376861,Draconibacterium,ERR1090682
38200.0,427753,genus,0.00376861,Humibacter,ERR1090682
38200.0,253238,genus,0.00376861,Ethanoligenens,ERR1090682
38200.0,395331,genus,0.00376861,Methanoregula,ERR1090682
38200.0,1378,genus,0.00376861,Gemella,ERR1090682
38200.0,904,genus,0.00376861,Acidaminococcus,ERR1090682
,-1,genus,21.5074,Unknown,ERR1090682
38200.0,216851,genus,27.9819,Faecalibacterium,ERR1090682
38200.0,816,genus,10.7028,Bacteroides,ERR1090682
38200.0,1730,genus,7.78971,Eubacterium,ERR1090682
38200.0,572511,genus,6.1579,Blautia,ERR1090682
38200.0,577309,genus,5.09139,Paraprevotella,ERR1090682
38200.0,1678,genus,4.04372,Bifidobacterium,ERR1090682
38200.0,1505663,genus,2.5325,Erysipelatoclostridium,ERR1090682
38200.0,39948,genus,2.51366,Dialister,ERR1090682
38200.0,239759,genus,1.27756,Alistipes,ERR1090682
38200.0,1506553,genus,1.27756,Lachnoclostridium,ERR1090682
38200.0,841,genus,1.08536,Roseburia,ERR1090682
38200.0,397864,genus,1.00622,Barnesiella,ERR1090682
38200.0,375288,genus,0.94592,Parabacteroides,ERR1090682
38200.0,1301,genus,0.829094,Streptococcus,ERR1090682
38200.0,1263,genus,0.456002,Ruminococcus,ERR1090682
38200.0,1578,genus,0.40701,Lactobacillus,ERR1090682
38200.0,577310,genus,0.342943,Parasutterella,ERR1090682
38200.0,33042,genus,0.335406,Coprococcus,ERR1090682
38200.0,283168,genus,0.233654,Odoribacter,ERR1090682
38200.0,189330,genus,0.226116,Dorea,ERR1090682
38200.0,1508657,genus,0.203505,Ruminiclostridium,ERR1090682
38200.0,459786,genus,0.199736,Oscillibacter,ERR1090682
38200.0,724,genus,0.143207,Haemophilus,ERR1090682
38200.0,84111,genus,0.13567,Eggerthella,ERR1090682
38200.0,1386,genus,0.124364,Bacillus,ERR1090682
38200.0,35832,genus,0.0979838,Bilophila,ERR1090682
38200.0,44748,genus,0.0979838,Sporobacter,ERR1090682
38200.0,207244,genus,0.0979838,Anaerostipes,ERR1090682
38200.0,1485,genus,0.0942152,Clostridium,ERR1090682
38200.0,504481,genus,0.0678349,Sediminibacterium,ERR1090682
38200.0,467975,genus,0.0602977,Iamia,ERR1090682
38200.0,1350,genus,0.0602977,Enterococcus,ERR1090682
38200.0,1654,genus,0.0602977,Actinomyces,ERR1090682
38200.0,1716,genus,0.0565291,Corynebacterium,ERR1090682
38200.0,207599,genus,0.0489919,Solirubrobacter,ERR1090682
38200.0,1279,genus,0.0452233,Staphylococcus,ERR1090682
38200.0,644652,genus,0.0452233,Gordonibacter,ERR1090682
38200.0,84567,genus,0.0414547,Pedobacter,ERR1090682
38200.0,429,genus,0.0376861,Methylobacter,ERR1090682
38200.0,29465,genus,0.0376861,Veillonella,ERR1090682
38200.0,28261,genus,0.0376861,Thermodesulfovibrio,ERR1090682
38200.0,61170,genus,0.0339175,Holdemania,ERR1090682
38200.0,413,genus,0.0301489,Methylococcus,ERR1090682
38200.0,262406,genus,0.0263803,Thermobaculum,ERR1090682
38200.0,32207,genus,0.0263803,Rothia,ERR1090682
38200.0,795750,genus,0.0226116,Ignavibacterium,ERR1090682
38200.0,102106,genus,0.0226116,Collinsella,ERR1090682
38200.0,1372,genus,0.018843,Planococcus,ERR1090682
38200.0,469,genus,0.018843,Acinetobacter,ERR1090682
38200.0,233189,genus,0.018843,Anaerolinea,ERR1090682
38200.0,286,genus,0.018843,Pseudomonas,ERR1090682
38200.0,838,genus,0.018843,Prevotella,ERR1090682
38200.0,173479,genus,0.0150744,Gemmatimonas,ERR1090682
38200.0,203470,genus,0.0150744,Tepidiphilus,ERR1090682
38200.0,423604,genus,0.0150744,Elusimicrobium,ERR1090682
38200.0,1021,genus,0.0150744,Beggiatoa,ERR1090682
38200.0,52784,genus,0.0150744,Anaerofilum,ERR1090682
38200.0,1257,genus,0.0150744,Peptostreptococcus,ERR1090682
38200.0,1573534,genus,0.0150744,Faecalitalea,ERR1090682
38200.0,407,genus,0.0150744,Methylobacterium,ERR1090682
38200.0,68287,genus,0.0113058,Mesorhizobium,ERR1090682
38200.0,836,genus,0.0113058,Porphyromonas,ERR1090682
38200.0,2195,genus,0.0113058,Methanogenium,ERR1090682
38200.0,70774,genus,0.0113058,Hydrogenophilus,ERR1090682
38200.0,2056,genus,0.0113058,Sphaerobacter,ERR1090682
38200.0,100883,genus,0.0113058,Coprobacillus,ERR1090682
38200.0,2742,genus,0.0113058,Marinobacter,ERR1090682
38200.0,830,genus,0.0113058,Butyrivibrio,ERR1090682
38200.0,1505657,genus,0.0113058,Intestinibacter,ERR1090682
38200.0,1649453,genus,0.00753722,Gimesia,ERR1090682
38200.0,776,genus,0.00753722,Coxiella,ERR1090682
38200.0,55079,genus,0.00753722,Aneurinibacillus,ERR1090682
38200.0,34098,genus,0.00753722,Blattabacterium,ERR1090682
38200.0,380240,genus,0.00753722,Candidatus Brocadia,ERR1090682
38200.0,28453,genus,0.00753722,Sphingobacterium,ERR1090682
38200.0,1763,genus,0.00753722,Mycobacterium,ERR1090682
38200.0,231683,genus,0.00753722,Saccharospirillum,ERR1090682
38200.0,561367,genus,0.00753722,Salinimicrobium,ERR1090682
38200.0,1357,genus,0.00753722,Lactococcus,ERR1090682
38200.0,187144,genus,0.00753722,Caldithrix,ERR1090682
38200.0,2745,genus,0.00753722,Halomonas,ERR1090682
38200.0,1210119,genus,0.00753722,Ohtaekwangia,ERR1090682
38200.0,1843210,genus,0.00753722,Anaerocolumna,ERR1090682
38200.0,239934,genus,0.00753722,Akkermansia,ERR1090682
38200.0,1380,genus,0.00753722,Atopobium,ERR1090682
38200.0,475,genus,0.00753722,Moraxella,ERR1090682
38200.0,61434,genus,0.00753722,Dehalococcoides,ERR1090682
38200.0,1866885,genus,0.00753722,Mycobacterium fortuitum complex,ERR1090682
38200.0,1847,genus,0.00753722,Pseudonocardia,ERR1090682
38200.0,373053,genus,0.00753722,Calditerricola,ERR1090682
38200.0,178440,genus,0.00753722,Opitutus,ERR1090682
38200.0,1378,genus,0.00376861,Gemella,ERR1090682
38200.0,904,genus,0.00376861,Acidaminococcus,ERR1090682
38200.0,427753,genus,0.00376861,Humibacter,ERR1090682
38200.0,253238,genus,0.00376861,Ethanoligenens,ERR1090682
38200.0,395331,genus,0.00376861,Methanoregula,ERR1090682
38200.0,590,genus,0.00376861,Salmonella,ERR1090682
38200.0,1506577,genus,0.00376861,Tyzzerella,ERR1090682
38200.0,2375,genus,0.00376861,Sporomusa,ERR1090682
38200.0,1243,genus,0.00376861,Leuconostoc,ERR1090682
38200.0,264995,genus,0.00376861,Anaerofustis,ERR1090682
38200.0,1822464,genus,0.00376861,Paraburkholderia,ERR1090682
38200.0,244127,genus,0.00376861,Anaerotruncus,ERR1090682
38200.0,1549126,genus,0.00376861,Desulfatiglans,ERR1090682
38200.0,510690,genus,0.00376861,Sneathiella,ERR1090682
38200.0,41275,genus,0.00376861,Brevundimonas,ERR1090682
38200.0,33882,genus,0.00376861,Microbacterium,ERR1090682
38200.0,1827,genus,0.00376861,Rhodococcus,ERR1090682
38200.0,28231,genus,0.00376861,Geobacter,ERR1090682
38200.0,28138,genus,0.00376861,Rikenella,ERR1090682
38200.0,666508,genus,0.00376861,Phycisphaera,ERR1090682
38200.0,162289,genus,0.00376861,Peptoniphilus,ERR1090682
38200.0,271087,genus,0.00376861,Geopsychrobacter,ERR1090682
38200.0,1017280,genus,0.00376861,Pseudoflavonifractor,ERR1090682
38200.0,32008,genus,0.00376861,Burkholderia,ERR1090682
38200.0,919,genus,0.00376861,Thiobacillus,ERR1090682
38200.0,233191,genus,0.00376861,Caldilinea,ERR1090682
38200.0,33057,genus,0.00376861,Thauera,ERR1090682
38200.0,1253,genus,0.00376861,Pediococcus,ERR1090682
38200.0,1839,genus,0.00376861,Nocardioides,ERR1090682
38200.0,182639,genus,0.00376861,Kribbella,ERR1090682
38200.0,1645,genus,0.00376861,Renibacterium,ERR1090682
38200.0,653683,genus,0.00376861,Anaerosporobacter,ERR1090682
38200.0,57493,genus,0.00376861,Kocuria,ERR1090682
38200.0,46205,genus,0.00376861,Pseudobutyrivibrio,ERR1090682
38200.0,374,genus,0.00376861,Bradyrhizobium,ERR1090682
38200.0,48736,genus,0.00376861,Ralstonia,ERR1090682
38200.0,55080,genus,0.00376861,Brevibacillus,ERR1090682
38200.0,682522,genus,0.00376861,Ilumatobacter,ERR1090682
38200.0,914,genus,0.00376861,Nitrosomonas,ERR1090682
38200.0,1579506,genus,0.00376861,Roseimaritima,ERR1090682
38200.0,244698,genus,0.00376861,Gillisia,ERR1090682
38200.0,1298,genus,0.00376861,Deinococcus,ERR1090682
38200.0,963,genus,0.00376861,Herbaspirillum,ERR1090682
38200.0,146813,genus,0.00376861,Dendrosporobacter,ERR1090682
38200.0,1471399,genus,0.00376861,Draconibacterium,ERR1090682
38200.0,532,genus,0.00376861,Beijerinckia,ERR1090682
38200.0,133925,genus,0.00376861,Olsenella,ERR1090682
,-1,genus,21.5074,Unknown,ERR1090682
38200.0,216851,genus,27.9819,Faecalibacterium,ERR1090682
38200.0,816,genus,10.7028,Bacteroides,ERR1090682
38200.0,1730,genus,7.78971,Eubacterium,ERR1090682
38200.0,572511,genus,6.1579,Blautia,ERR1090682
38200.0,577309,genus,5.09139,Paraprevotella,ERR1090682
38200.0,1678,genus,4.04372,Bifidobacterium,ERR1090682
38200.0,1505663,genus,2.5325,Erysipelatoclostridium,ERR1090682
38200.0,39948,genus,2.51366,Dialister,ERR1090682
38200.0,239759,genus,1.27756,Alistipes,ERR1090682
38200.0,1506553,genus,1.27756,Lachnoclostridium,ERR1090682
38200.0,841,genus,1.08536,Roseburia,ERR1090682
38200.0,397864,genus,1.00622,Barnesiella,ERR1090682
38200.0,375288,genus,0.94592,Parabacteroides,ERR1090682
38200.0,1301,genus,0.829094,Streptococcus,ERR1090682
38200.0,1263,genus,0.456002,Ruminococcus,ERR1090682
38200.0,1578,genus,0.40701,Lactobacillus,ERR1090682
38200.0,577310,genus,0.342943,Parasutterella,ERR1090682
38200.0,33042,genus,0.335406,Coprococcus,ERR1090682
38200.0,283168,genus,0.233654,Odoribacter,ERR1090682
38200.0,189330,genus,0.226116,Dorea,ERR1090682
38200.0,1508657,genus,0.203505,Ruminiclostridium,ERR1090682
38200.0,459786,genus,0.199736,Oscillibacter,ERR1090682
38200.0,724,genus,0.143207,Haemophilus,ERR1090682
38200.0,84111,genus,0.13567,Eggerthella,ERR1090682
38200.0,1386,genus,0.124364,Bacillus,ERR1090682
38200.0,207244,genus,0.0979838,Anaerostipes,ERR1090682
38200.0,35832,genus,0.0979838,Bilophila,ERR1090682
38200.0,44748,genus,0.0979838,Sporobacter,ERR1090682
38200.0,1485,genus,0.0942152,Clostridium,ERR1090682
38200.0,504481,genus,0.0678349,Sediminibacterium,ERR1090682
38200.0,1654,genus,0.0602977,Actinomyces,ERR1090682
38200.0,467975,genus,0.0602977,Iamia,ERR1090682
38200.0,1350,genus,0.0602977,Enterococcus,ERR1090682
38200.0,1716,genus,0.0565291,Corynebacterium,ERR1090682
38200.0,207599,genus,0.0489919,Solirubrobacter,ERR1090682
38200.0,1279,genus,0.0452233,Staphylococcus,ERR1090682
38200.0,644652,genus,0.0452233,Gordonibacter,ERR1090682
38200.0,84567,genus,0.0414547,Pedobacter,ERR1090682
38200.0,28261,genus,0.0376861,Thermodesulfovibrio,ERR1090682
38200.0,429,genus,0.0376861,Methylobacter,ERR1090682
38200.0,29465,genus,0.0376861,Veillonella,ERR1090682
38200.0,61170,genus,0.0339175,Holdemania,ERR1090682
38200.0,413,genus,0.0301489,Methylococcus,ERR1090682
38200.0,262406,genus,0.0263803,Thermobaculum,ERR1090682
38200.0,32207,genus,0.0263803,Rothia,ERR1090682
38200.0,795750,genus,0.0226116,Ignavibacterium,ERR1090682
38200.0,102106,genus,0.0226116,Collinsella,ERR1090682
38200.0,838,genus,0.018843,Prevotella,ERR1090682
38200.0,1372,genus,0.018843,Planococcus,ERR1090682
38200.0,469,genus,0.018843,Acinetobacter,ERR1090682
38200.0,233189,genus,0.018843,Anaerolinea,ERR1090682
38200.0,286,genus,0.018843,Pseudomonas,ERR1090682
38200.0,173479,genus,0.0150744,Gemmatimonas,ERR1090682
38200.0,203470,genus,0.0150744,Tepidiphilus,ERR1090682
38200.0,423604,genus,0.0150744,Elusimicrobium,ERR1090682
38200.0,1021,genus,0.0150744,Beggiatoa,ERR1090682
38200.0,52784,genus,0.0150744,Anaerofilum,ERR1090682
38200.0,1257,genus,0.0150744,Peptostreptococcus,ERR1090682
38200.0,407,genus,0.0150744,Methylobacterium,ERR1090682
38200.0,1573534,genus,0.0150744,Faecalitalea,ERR1090682
38200.0,1505657,genus,0.0113058,Intestinibacter,ERR1090682
38200.0,68287,genus,0.0113058,Mesorhizobium,ERR1090682
38200.0,836,genus,0.0113058,Porphyromonas,ERR1090682
38200.0,2195,genus,0.0113058,Methanogenium,ERR1090682
38200.0,2056,genus,0.0113058,Sphaerobacter,ERR1090682
38200.0,70774,genus,0.0113058,Hydrogenophilus,ERR1090682
38200.0,100883,genus,0.0113058,Coprobacillus,ERR1090682
38200.0,2742,genus,0.0113058,Marinobacter,ERR1090682
38200.0,830,genus,0.0113058,Butyrivibrio,ERR1090682
38200.0,1866885,genus,0.00753722,Mycobacterium fortuitum complex,ERR1090682
38200.0,1847,genus,0.00753722,Pseudonocardia,ERR1090682
38200.0,373053,genus,0.00753722,Calditerricola,ERR1090682
38200.0,178440,genus,0.00753722,Opitutus,ERR1090682
38200.0,1649453,genus,0.00753722,Gimesia,ERR1090682
38200.0,776,genus,0.00753722,Coxiella,ERR1090682
38200.0,55079,genus,0.00753722,Aneurinibacillus,ERR1090682
38200.0,34098,genus,0.00753722,Blattabacterium,ERR1090682
38200.0,28453,genus,0.00753722,Sphingobacterium,ERR1090682
38200.0,1763,genus,0.00753722,Mycobacterium,ERR1090682
38200.0,380240,genus,0.00753722,Candidatus Brocadia,ERR1090682
38200.0,231683,genus,0.00753722,Saccharospirillum,ERR1090682
38200.0,561367,genus,0.00753722,Salinimicrobium,ERR1090682
38200.0,1357,genus,0.00753722,Lactococcus,ERR1090682
38200.0,1210119,genus,0.00753722,Ohtaekwangia,ERR1090682
38200.0,187144,genus,0.00753722,Caldithrix,ERR1090682
38200.0,2745,genus,0.00753722,Halomonas,ERR1090682
38200.0,1843210,genus,0.00753722,Anaerocolumna,ERR1090682
38200.0,239934,genus,0.00753722,Akkermansia,ERR1090682
38200.0,475,genus,0.00753722,Moraxella,ERR1090682
38200.0,61434,genus,0.00753722,Dehalococcoides,ERR1090682
38200.0,1380,genus,0.00753722,Atopobium,ERR1090682
38200.0,1579506,genus,0.00376861,Roseimaritima,ERR1090682
38200.0,682522,genus,0.00376861,Ilumatobacter,ERR1090682
38200.0,914,genus,0.00376861,Nitrosomonas,ERR1090682
38200.0,146813,genus,0.00376861,Dendrosporobacter,ERR1090682
38200.0,244698,genus,0.00376861,Gillisia,ERR1090682
38200.0,1298,genus,0.00376861,Deinococcus,ERR1090682
38200.0,963,genus,0.00376861,Herbaspirillum,ERR1090682
38200.0,133925,genus,0.00376861,Olsenella,ERR1090682
38200.0,1471399,genus,0.00376861,Draconibacterium,ERR1090682
38200.0,532,genus,0.00376861,Beijerinckia,ERR1090682
38200.0,395331,genus,0.00376861,Methanoregula,ERR1090682
38200.0,1378,genus,0.00376861,Gemella,ERR1090682
38200.0,904,genus,0.00376861,Acidaminococcus,ERR1090682
38200.0,427753,genus,0.00376861,Humibacter,ERR1090682
38200.0,253238,genus,0.00376861,Ethanoligenens,ERR1090682
38200.0,590,genus,0.00376861,Salmonella,ERR1090682
38200.0,1506577,genus,0.00376861,Tyzzerella,ERR1090682
38200.0,2375,genus,0.00376861,Sporomusa,ERR1090682
38200.0,1822464,genus,0.00376861,Paraburkholderia,ERR1090682
38200.0,1243,genus,0.00376861,Leuconostoc,ERR1090682
38200.0,264995,genus,0.00376861,Anaerofustis,ERR1090682
38200.0,244127,genus,0.00376861,Anaerotruncus,ERR1090682
38200.0,1549126,genus,0.00376861,Desulfatiglans,ERR1090682
38200.0,41275,genus,0.00376861,Brevundimonas,ERR1090682
38200.0,510690,genus,0.00376861,Sneathiella,ERR1090682
38200.0,28231,genus,0.00376861,Geobacter,ERR1090682
38200.0,28138,genus,0.00376861,Rikenella,ERR1090682
38200.0,33882,genus,0.00376861,Microbacterium,ERR1090682
38200.0,1827,genus,0.00376861,Rhodococcus,ERR1090682
38200.0,271087,genus,0.00376861,Geopsychrobacter,ERR1090682
38200.0,666508,genus,0.00376861,Phycisphaera,ERR1090682
38200.0,162289,genus,0.00376861,Peptoniphilus,ERR1090682
38200.0,919,genus,0.00376861,Thiobacillus,ERR1090682
38200.0,233191,genus,0.00376861,Caldilinea,ERR1090682
38200.0,1017280,genus,0.00376861,Pseudoflavonifractor,ERR1090682
38200.0,32008,genus,0.00376861,Burkholderia,ERR1090682
38200.0,1253,genus,0.00376861,Pediococcus,ERR1090682
38200.0,33057,genus,0.00376861,Thauera,ERR1090682
38200.0,182639,genus,0.00376861,Kribbella,ERR1090682
38200.0,1839,genus,0.00376861,Nocardioides,ERR1090682
38200.0,46205,genus,0.00376861,Pseudobutyrivibrio,ERR1090682
38200.0,374,genus,0.00376861,Bradyrhizobium,ERR1090682
38200.0,1645,genus,0.00376861,Renibacterium,ERR1090682
38200.0,653683,genus,0.00376861,Anaerosporobacter,ERR1090682
38200.0,57493,genus,0.00376861,Kocuria,ERR1090682
38200.0,48736,genus,0.00376861,Ralstonia,ERR1090682
38200.0,55080,genus,0.00376861,Brevibacillus,ERR1090682
,-1,genus,21.5074,Unknown,ERR1090682
38200.0,216851,genus,27.9819,Faecalibacterium,ERR1090682
38200.0,816,genus,10.7028,Bacteroides,ERR1090682
38200.0,1730,genus,7.78971,Eubacterium,ERR1090682
38200.0,572511,genus,6.1579,Blautia,ERR1090682
38200.0,577309,genus,5.09139,Paraprevotella,ERR1090682
38200.0,1678,genus,4.04372,Bifidobacterium,ERR1090682
38200.0,1505663,genus,2.5325,Erysipelatoclostridium,ERR1090682
38200.0,39948,genus,2.51366,Dialister,ERR1090682
38200.0,239759,genus,1.27756,Alistipes,ERR1090682
38200.0,1506553,genus,1.27756,Lachnoclostridium,ERR1090682
38200.0,841,genus,1.08536,Roseburia,ERR1090682
38200.0,397864,genus,1.00622,Barnesiella,ERR1090682
38200.0,375288,genus,0.94592,Parabacteroides,ERR1090682
38200.0,1301,genus,0.829094,Streptococcus,ERR1090682
38200.0,1263,genus,0.456002,Ruminococcus,ERR1090682
38200.0,1578,genus,0.40701,Lactobacillus,ERR1090682
38200.0,577310,genus,0.342943,Parasutterella,ERR1090682
38200.0,33042,genus,0.335406,Coprococcus,ERR1090682
38200.0,283168,genus,0.233654,Odoribacter,ERR1090682
38200.0,189330,genus,0.226116,Dorea,ERR1090682
38200.0,1508657,genus,0.203505,Ruminiclostridium,ERR1090682
38200.0,459786,genus,0.199736,Oscillibacter,ERR1090682
38200.0,724,genus,0.143207,Haemophilus,ERR1090682
38200.0,84111,genus,0.13567,Eggerthella,ERR1090682
38200.0,1386,genus,0.124364,Bacillus,ERR1090682
38200.0,44748,genus,0.0979838,Sporobacter,ERR1090682
38200.0,207244,genus,0.0979838,Anaerostipes,ERR1090682
38200.0,35832,genus,0.0979838,Bilophila,ERR1090682
38200.0,1485,genus,0.0942152,Clostridium,ERR1090682
38200.0,504481,genus,0.0678349,Sediminibacterium,ERR1090682
38200.0,1654,genus,0.0602977,Actinomyces,ERR1090682
38200.0,467975,genus,0.0602977,Iamia,ERR1090682
38200.0,1350,genus,0.0602977,Enterococcus,ERR1090682
38200.0,1716,genus,0.0565291,Corynebacterium,ERR1090682
38200.0,207599,genus,0.0489919,Solirubrobacter,ERR1090682
38200.0,1279,genus,0.0452233,Staphylococcus,ERR1090682
38200.0,644652,genus,0.0452233,Gordonibacter,ERR1090682
38200.0,84567,genus,0.0414547,Pedobacter,ERR1090682
38200.0,28261,genus,0.0376861,Thermodesulfovibrio,ERR1090682
38200.0,429,genus,0.0376861,Methylobacter,ERR1090682
38200.0,29465,genus,0.0376861,Veillonella,ERR1090682
38200.0,61170,genus,0.0339175,Holdemania,ERR1090682
38200.0,413,genus,0.0301489,Methylococcus,ERR1090682
38200.0,262406,genus,0.0263803,Thermobaculum,ERR1090682
38200.0,32207,genus,0.0263803,Rothia,ERR1090682
38200.0,795750,genus,0.0226116,Ignavibacterium,ERR1090682
38200.0,102106,genus,0.0226116,Collinsella,ERR1090682
38200.0,286,genus,0.018843,Pseudomonas,ERR1090682
38200.0,838,genus,0.018843,Prevotella,ERR1090682
38200.0,1372,genus,0.018843,Planococcus,ERR1090682
38200.0,469,genus,0.018843,Acinetobacter,ERR1090682
38200.0,233189,genus,0.018843,Anaerolinea,ERR1090682
38200.0,1021,genus,0.0150744,Beggiatoa,ERR1090682
38200.0,52784,genus,0.0150744,Anaerofilum,ERR1090682
38200.0,1257,genus,0.0150744,Peptostreptococcus,ERR1090682
38200.0,407,genus,0.0150744,Methylobacterium,ERR1090682
38200.0,1573534,genus,0.0150744,Faecalitalea,ERR1090682
38200.0,173479,genus,0.0150744,Gemmatimonas,ERR1090682
38200.0,203470,genus,0.0150744,Tepidiphilus,ERR1090682
38200.0,423604,genus,0.0150744,Elusimicrobium,ERR1090682
38200.0,2056,genus,0.0113058,Sphaerobacter,ERR1090682
38200.0,70774,genus,0.0113058,Hydrogenophilus,ERR1090682
38200.0,100883,genus,0.0113058,Coprobacillus,ERR1090682
38200.0,2742,genus,0.0113058,Marinobacter,ERR1090682
38200.0,830,genus,0.0113058,Butyrivibrio,ERR1090682
38200.0,1505657,genus,0.0113058,Intestinibacter,ERR1090682
38200.0,68287,genus,0.0113058,Mesorhizobium,ERR1090682
38200.0,836,genus,0.0113058,Porphyromonas,ERR1090682
38200.0,2195,genus,0.0113058,Methanogenium,ERR1090682
38200.0,231683,genus,0.00753722,Saccharospirillum,ERR1090682
38200.0,561367,genus,0.00753722,Salinimicrobium,ERR1090682
38200.0,1357,genus,0.00753722,Lactococcus,ERR1090682
38200.0,1210119,genus,0.00753722,Ohtaekwangia,ERR1090682
38200.0,187144,genus,0.00753722,Caldithrix,ERR1090682
38200.0,2745,genus,0.00753722,Halomonas,ERR1090682
38200.0,1843210,genus,0.00753722,Anaerocolumna,ERR1090682
38200.0,239934,genus,0.00753722,Akkermansia,ERR1090682
38200.0,475,genus,0.00753722,Moraxella,ERR1090682
38200.0,61434,genus,0.00753722,Dehalococcoides,ERR1090682
38200.0,1380,genus,0.00753722,Atopobium,ERR1090682
38200.0,1866885,genus,0.00753722,Mycobacterium fortuitum complex,ERR1090682
38200.0,1847,genus,0.00753722,Pseudonocardia,ERR1090682
38200.0,373053,genus,0.00753722,Calditerricola,ERR1090682
38200.0,178440,genus,0.00753722,Opitutus,ERR1090682
38200.0,1649453,genus,0.00753722,Gimesia,ERR1090682
38200.0,776,genus,0.00753722,Coxiella,ERR1090682
38200.0,55079,genus,0.00753722,Aneurinibacillus,ERR1090682
38200.0,34098,genus,0.00753722,Blattabacterium,ERR1090682
38200.0,28453,genus,0.00753722,Sphingobacterium,ERR1090682
38200.0,1763,genus,0.00753722,Mycobacterium,ERR1090682
38200.0,380240,genus,0.00753722,Candidatus Brocadia,ERR1090682
38200.0,1253,genus,0.00376861,Pediococcus,ERR1090682
38200.0,33057,genus,0.00376861,Thauera,ERR1090682
38200.0,182639,genus,0.00376861,Kribbella,ERR1090682
38200.0,1839,genus,0.00376861,Nocardioides,ERR1090682
38200.0,46205,genus,0.00376861,Pseudobutyrivibrio,ERR1090682
38200.0,374,genus,0.00376861,Bradyrhizobium,ERR1090682
38200.0,1645,genus,0.00376861,Renibacterium,ERR1090682
38200.0,653683,genus,0.00376861,Anaerosporobacter,ERR1090682
38200.0,57493,genus,0.00376861,Kocuria,ERR1090682
38200.0,48736,genus,0.00376861,Ralstonia,ERR1090682
38200.0,55080,genus,0.00376861,Brevibacillus,ERR1090682
38200.0,1579506,genus,0.00376861,Roseimaritima,ERR1090682
38200.0,682522,genus,0.00376861,Ilumatobacter,ERR1090682
38200.0,914,genus,0.00376861,Nitrosomonas,ERR1090682
38200.0,146813,genus,0.00376861,Dendrosporobacter,ERR1090682
38200.0,244698,genus,0.00376861,Gillisia,ERR1090682
38200.0,1298,genus,0.00376861,Deinococcus,ERR1090682
38200.0,963,genus,0.00376861,Herbaspirillum,ERR1090682
38200.0,133925,genus,0.00376861,Olsenella,ERR1090682
38200.0,1471399,genus,0.00376861,Draconibacterium,ERR1090682
38200.0,532,genus,0.00376861,Beijerinckia,ERR1090682
38200.0,395331,genus,0.00376861,Methanoregula,ERR1090682
38200.0,1378,genus,0.00376861,Gemella,ERR1090682
38200.0,904,genus,0.00376861,Acidaminococcus,ERR1090682
38200.0,427753,genus,0.00376861,Humibacter,ERR1090682
38200.0,253238,genus,0.00376861,Ethanoligenens,ERR1090682
38200.0,590,genus,0.00376861,Salmonella,ERR1090682
38200.0,1506577,genus,0.00376861,Tyzzerella,ERR1090682
38200.0,2375,genus,0.00376861,Sporomusa,ERR1090682
38200.0,1822464,genus,0.00376861,Paraburkholderia,ERR1090682
38200.0,1243,genus,0.00376861,Leuconostoc,ERR1090682
38200.0,264995,genus,0.00376861,Anaerofustis,ERR1090682
38200.0,244127,genus,0.00376861,Anaerotruncus,ERR1090682
38200.0,1549126,genus,0.00376861,Desulfatiglans,ERR1090682
38200.0,41275,genus,0.00376861,Brevundimonas,ERR1090682
38200.0,510690,genus,0.00376861,Sneathiella,ERR1090682
38200.0,28231,genus,0.00376861,Geobacter,ERR1090682
38200.0,28138,genus,0.00376861,Rikenella,ERR1090682
38200.0,33882,genus,0.00376861,Microbacterium,ERR1090682
38200.0,1827,genus,0.00376861,Rhodococcus,ERR1090682
38200.0,271087,genus,0.00376861,Geopsychrobacter,ERR1090682
38200.0,666508,genus,0.00376861,Phycisphaera,ERR1090682
38200.0,162289,genus,0.00376861,Peptoniphilus,ERR1090682
38200.0,919,genus,0.00376861,Thiobacillus,ERR1090682
38200.0,233191,genus,0.00376861,Caldilinea,ERR1090682
38200.0,1017280,genus,0.00376861,Pseudoflavonifractor,ERR1090682
38200.0,32008,genus,0.00376861,Burkholderia,ERR1090682
,-1,genus,21.5074,Unknown,ERR1090682
34123.0,216851,genus,17.0821,Faecalibacterium,ERR1090696
34123.0,375288,genus,16.9463,Parabacteroides,ERR1090696
34123.0,816,genus,15.0624,Bacteroides,ERR1090696
34123.0,1508657,genus,10.6813,Ruminiclostridium,ERR1090696
34123.0,1730,genus,5.59912,Eubacterium,ERR1090696
34123.0,1506553,genus,2.97043,Lachnoclostridium,ERR1090696
34123.0,1263,genus,2.52355,Ruminococcus,ERR1090696
34123.0,39948,genus,2.37459,Dialister,ERR1090696
34123.0,239759,genus,1.32749,Alistipes,ERR1090696
34123.0,572511,genus,1.32749,Blautia,ERR1090696
34123.0,841,genus,0.736035,Roseburia,ERR1090696
34123.0,459786,genus,0.49069,Oscillibacter,ERR1090696
34123.0,397864,genus,0.473165,Barnesiella,ERR1090696
34123.0,1505663,genus,0.372399,Erysipelatoclostridium,ERR1090696
34123.0,189330,genus,0.223439,Dorea,ERR1090696
34123.0,283168,genus,0.135816,Odoribacter,ERR1090696
34123.0,44748,genus,0.109529,Sporobacter,ERR1090696
34123.0,1386,genus,0.0657174,Bacillus,ERR1090696
34123.0,33042,genus,0.0613363,Coprococcus,ERR1090696
34123.0,84111,genus,0.0525739,Eggerthella,ERR1090696
34123.0,1485,genus,0.0481928,Clostridium,ERR1090696
34123.0,838,genus,0.0481928,Prevotella,ERR1090696
34123.0,40323,genus,0.0438116,Stenotrophomonas,ERR1090696
34123.0,1301,genus,0.0438116,Streptococcus,ERR1090696
34123.0,40544,genus,0.0350493,Sutterella,ERR1090696
34123.0,244127,genus,0.026287,Anaerotruncus,ERR1090696
34123.0,1350,genus,0.026287,Enterococcus,ERR1090696
34123.0,1279,genus,0.0219058,Staphylococcus,ERR1090696
34123.0,28453,genus,0.0219058,Sphingobacterium,ERR1090696
34123.0,207244,genus,0.0219058,Anaerostipes,ERR1090696
34123.0,2147,genus,0.0175246,Acholeplasma,ERR1090696
34123.0,830,genus,0.0175246,Butyrivibrio,ERR1090696
34123.0,52784,genus,0.0175246,Anaerofilum,ERR1090696
34123.0,724,genus,0.0131435,Haemophilus,ERR1090696
34123.0,1257,genus,0.0131435,Peptostreptococcus,ERR1090696
34123.0,1380,genus,0.0131435,Atopobium,ERR1090696
34123.0,100883,genus,0.00876232,Coprobacillus,ERR1090696
34123.0,61170,genus,0.00876232,Holdemania,ERR1090696
34123.0,904,genus,0.00876232,Acidaminococcus,ERR1090696
34123.0,264995,genus,0.00876232,Anaerofustis,ERR1090696
34123.0,44249,genus,0.00876232,Paenibacillus,ERR1090696
34123.0,1506577,genus,0.00876232,Tyzzerella,ERR1090696
34123.0,872,genus,0.00876232,Desulfovibrio,ERR1090696
34123.0,1164882,genus,0.00876232,Lachnoanaerobaculum,ERR1090696
34123.0,670486,genus,0.00876232,Dehalogenimonas,ERR1090696
34123.0,1678,genus,0.00876232,Bifidobacterium,ERR1090696
34123.0,187144,genus,0.00876232,Caldithrix,ERR1090696
34123.0,32205,genus,0.00438116,Leptonema,ERR1090696
34123.0,233191,genus,0.00438116,Caldilinea,ERR1090696
34123.0,2132,genus,0.00438116,Spiroplasma,ERR1090696
34123.0,346096,genus,0.00438116,Paludibacter,ERR1090696
34123.0,1486726,genus,0.00438116,Pseudobacteroides,ERR1090696
34123.0,469,genus,0.00438116,Acinetobacter,ERR1090696
34123.0,1578,genus,0.00438116,Lactobacillus,ERR1090696
34123.0,312278,genus,0.00438116,Emticicia,ERR1090696
34123.0,73918,genus,0.00438116,Thermaerobacter,ERR1090696
34123.0,543311,genus,0.00438116,Parvimonas,ERR1090696
34123.0,906,genus,0.00438116,Megasphaera,ERR1090696
34123.0,160795,genus,0.00438116,Ureibacillus,ERR1090696
34123.0,233189,genus,0.00438116,Anaerolinea,ERR1090696
34123.0,1378,genus,0.00438116,Gemella,ERR1090696
34123.0,182709,genus,0.00438116,Oceanobacillus,ERR1090696
34123.0,1654,genus,0.00438116,Actinomyces,ERR1090696
34123.0,866673,genus,0.00438116,Marinifilum,ERR1090696
34123.0,32207,genus,0.00438116,Rothia,ERR1090696
34123.0,1017280,genus,0.00438116,Pseudoflavonifractor,ERR1090696
34123.0,482,genus,0.00438116,Neisseria,ERR1090696
34123.0,990721,genus,0.00438116,Christensenella,ERR1090696
34123.0,61434,genus,0.00438116,Dehalococcoides,ERR1090696
34123.0,156973,genus,0.00438116,Dysgonomonas,ERR1090696
34123.0,1663,genus,0.00438116,Arthrobacter,ERR1090696
34123.0,978,genus,0.00438116,Cytophaga,ERR1090696
34123.0,182639,genus,0.00438116,Kribbella,ERR1090696
34123.0,102106,genus,0.00438116,Collinsella,ERR1090696
34123.0,1243,genus,0.00438116,Leuconostoc,ERR1090696
,-1,genus,18.4534,Unknown,ERR1090696
34123.0,216851,genus,17.0821,Faecalibacterium,ERR1090696
34123.0,375288,genus,16.9463,Parabacteroides,ERR1090696
34123.0,816,genus,15.0624,Bacteroides,ERR1090696
34123.0,1508657,genus,10.6813,Ruminiclostridium,ERR1090696
34123.0,1730,genus,5.59912,Eubacterium,ERR1090696
34123.0,1506553,genus,2.97043,Lachnoclostridium,ERR1090696
34123.0,1263,genus,2.52355,Ruminococcus,ERR1090696
34123.0,39948,genus,2.37459,Dialister,ERR1090696
34123.0,239759,genus,1.32749,Alistipes,ERR1090696
34123.0,572511,genus,1.32749,Blautia,ERR1090696
34123.0,841,genus,0.736035,Roseburia,ERR1090696
34123.0,459786,genus,0.49069,Oscillibacter,ERR1090696
34123.0,397864,genus,0.473165,Barnesiella,ERR1090696
34123.0,1505663,genus,0.372399,Erysipelatoclostridium,ERR1090696
34123.0,189330,genus,0.223439,Dorea,ERR1090696
34123.0,283168,genus,0.135816,Odoribacter,ERR1090696
34123.0,44748,genus,0.109529,Sporobacter,ERR1090696
34123.0,1386,genus,0.0657174,Bacillus,ERR1090696
34123.0,33042,genus,0.0613363,Coprococcus,ERR1090696
34123.0,84111,genus,0.0525739,Eggerthella,ERR1090696
34123.0,1485,genus,0.0481928,Clostridium,ERR1090696
34123.0,838,genus,0.0481928,Prevotella,ERR1090696
34123.0,40323,genus,0.0438116,Stenotrophomonas,ERR1090696
34123.0,1301,genus,0.0438116,Streptococcus,ERR1090696
34123.0,40544,genus,0.0350493,Sutterella,ERR1090696
34123.0,244127,genus,0.026287,Anaerotruncus,ERR1090696
34123.0,1350,genus,0.026287,Enterococcus,ERR1090696
34123.0,207244,genus,0.0219058,Anaerostipes,ERR1090696
34123.0,1279,genus,0.0219058,Staphylococcus,ERR1090696
34123.0,28453,genus,0.0219058,Sphingobacterium,ERR1090696
34123.0,52784,genus,0.0175246,Anaerofilum,ERR1090696
34123.0,2147,genus,0.0175246,Acholeplasma,ERR1090696
34123.0,830,genus,0.0175246,Butyrivibrio,ERR1090696
34123.0,1257,genus,0.0131435,Peptostreptococcus,ERR1090696
34123.0,1380,genus,0.0131435,Atopobium,ERR1090696
34123.0,724,genus,0.0131435,Haemophilus,ERR1090696
34123.0,100883,genus,0.00876232,Coprobacillus,ERR1090696
34123.0,61170,genus,0.00876232,Holdemania,ERR1090696
34123.0,904,genus,0.00876232,Acidaminococcus,ERR1090696
34123.0,264995,genus,0.00876232,Anaerofustis,ERR1090696
34123.0,44249,genus,0.00876232,Paenibacillus,ERR1090696
34123.0,1506577,genus,0.00876232,Tyzzerella,ERR1090696
34123.0,670486,genus,0.00876232,Dehalogenimonas,ERR1090696
34123.0,872,genus,0.00876232,Desulfovibrio,ERR1090696
34123.0,1164882,genus,0.00876232,Lachnoanaerobaculum,ERR1090696
34123.0,1678,genus,0.00876232,Bifidobacterium,ERR1090696
34123.0,187144,genus,0.00876232,Caldithrix,ERR1090696
34123.0,182639,genus,0.00438116,Kribbella,ERR1090696
34123.0,102106,genus,0.00438116,Collinsella,ERR1090696
34123.0,1243,genus,0.00438116,Leuconostoc,ERR1090696
34123.0,32205,genus,0.00438116,Leptonema,ERR1090696
34123.0,233191,genus,0.00438116,Caldilinea,ERR1090696
34123.0,2132,genus,0.00438116,Spiroplasma,ERR1090696
34123.0,346096,genus,0.00438116,Paludibacter,ERR1090696
34123.0,469,genus,0.00438116,Acinetobacter,ERR1090696
34123.0,1578,genus,0.00438116,Lactobacillus,ERR1090696
34123.0,1486726,genus,0.00438116,Pseudobacteroides,ERR1090696
34123.0,312278,genus,0.00438116,Emticicia,ERR1090696
34123.0,543311,genus,0.00438116,Parvimonas,ERR1090696
34123.0,73918,genus,0.00438116,Thermaerobacter,ERR1090696
34123.0,160795,genus,0.00438116,Ureibacillus,ERR1090696
34123.0,906,genus,0.00438116,Megasphaera,ERR1090696
34123.0,1378,genus,0.00438116,Gemella,ERR1090696
34123.0,182709,genus,0.00438116,Oceanobacillus,ERR1090696
34123.0,233189,genus,0.00438116,Anaerolinea,ERR1090696
34123.0,1654,genus,0.00438116,Actinomyces,ERR1090696
34123.0,866673,genus,0.00438116,Marinifilum,ERR1090696
34123.0,32207,genus,0.00438116,Rothia,ERR1090696
34123.0,482,genus,0.00438116,Neisseria,ERR1090696
34123.0,990721,genus,0.00438116,Christensenella,ERR1090696
34123.0,61434,genus,0.00438116,Dehalococcoides,ERR1090696
34123.0,1017280,genus,0.00438116,Pseudoflavonifractor,ERR1090696
34123.0,156973,genus,0.00438116,Dysgonomonas,ERR1090696
34123.0,1663,genus,0.00438116,Arthrobacter,ERR1090696
34123.0,978,genus,0.00438116,Cytophaga,ERR1090696
,-1,genus,18.4534,Unknown,ERR1090696
34123.0,216851,genus,17.0821,Faecalibacterium,ERR1090696
34123.0,375288,genus,16.9463,Parabacteroides,ERR1090696
34123.0,816,genus,15.0624,Bacteroides,ERR1090696
34123.0,1508657,genus,10.6813,Ruminiclostridium,ERR1090696
34123.0,1730,genus,5.59912,Eubacterium,ERR1090696
34123.0,1506553,genus,2.97043,Lachnoclostridium,ERR1090696
34123.0,1263,genus,2.52355,Ruminococcus,ERR1090696
34123.0,39948,genus,2.37459,Dialister,ERR1090696
34123.0,239759,genus,1.32749,Alistipes,ERR1090696
34123.0,572511,genus,1.32749,Blautia,ERR1090696
34123.0,841,genus,0.736035,Roseburia,ERR1090696
34123.0,459786,genus,0.49069,Oscillibacter,ERR1090696
34123.0,397864,genus,0.473165,Barnesiella,ERR1090696
34123.0,1505663,genus,0.372399,Erysipelatoclostridium,ERR1090696
34123.0,189330,genus,0.223439,Dorea,ERR1090696
34123.0,283168,genus,0.135816,Odoribacter,ERR1090696
34123.0,44748,genus,0.109529,Sporobacter,ERR1090696
34123.0,1386,genus,0.0657174,Bacillus,ERR1090696
34123.0,33042,genus,0.0613363,Coprococcus,ERR1090696
34123.0,84111,genus,0.0525739,Eggerthella,ERR1090696
34123.0,1485,genus,0.0481928,Clostridium,ERR1090696
34123.0,838,genus,0.0481928,Prevotella,ERR1090696
34123.0,40323,genus,0.0438116,Stenotrophomonas,ERR1090696
34123.0,1301,genus,0.0438116,Streptococcus,ERR1090696
34123.0,40544,genus,0.0350493,Sutterella,ERR1090696
34123.0,244127,genus,0.026287,Anaerotruncus,ERR1090696
34123.0,1350,genus,0.026287,Enterococcus,ERR1090696
34123.0,28453,genus,0.0219058,Sphingobacterium,ERR1090696
34123.0,207244,genus,0.0219058,Anaerostipes,ERR1090696
34123.0,1279,genus,0.0219058,Staphylococcus,ERR1090696
34123.0,830,genus,0.0175246,Butyrivibrio,ERR1090696
34123.0,52784,genus,0.0175246,Anaerofilum,ERR1090696
34123.0,2147,genus,0.0175246,Acholeplasma,ERR1090696
34123.0,1257,genus,0.0131435,Peptostreptococcus,ERR1090696
34123.0,1380,genus,0.0131435,Atopobium,ERR1090696
34123.0,724,genus,0.0131435,Haemophilus,ERR1090696
34123.0,1506577,genus,0.00876232,Tyzzerella,ERR1090696
34123.0,670486,genus,0.00876232,Dehalogenimonas,ERR1090696
34123.0,872,genus,0.00876232,Desulfovibrio,ERR1090696
34123.0,1164882,genus,0.00876232,Lachnoanaerobaculum,ERR1090696
34123.0,1678,genus,0.00876232,Bifidobacterium,ERR1090696
34123.0,187144,genus,0.00876232,Caldithrix,ERR1090696
34123.0,100883,genus,0.00876232,Coprobacillus,ERR1090696
34123.0,61170,genus,0.00876232,Holdemania,ERR1090696
34123.0,904,genus,0.00876232,Acidaminococcus,ERR1090696
34123.0,264995,genus,0.00876232,Anaerofustis,ERR1090696
34123.0,44249,genus,0.00876232,Paenibacillus,ERR1090696
34123.0,1378,genus,0.00438116,Gemella,ERR1090696
34123.0,182709,genus,0.00438116,Oceanobacillus,ERR1090696
34123.0,233189,genus,0.00438116,Anaerolinea,ERR1090696
34123.0,1654,genus,0.00438116,Actinomyces,ERR1090696
34123.0,866673,genus,0.00438116,Marinifilum,ERR1090696
34123.0,32207,genus,0.00438116,Rothia,ERR1090696
34123.0,482,genus,0.00438116,Neisseria,ERR1090696
34123.0,990721,genus,0.00438116,Christensenella,ERR1090696
34123.0,61434,genus,0.00438116,Dehalococcoides,ERR1090696
34123.0,1017280,genus,0.00438116,Pseudoflavonifractor,ERR1090696
34123.0,156973,genus,0.00438116,Dysgonomonas,ERR1090696
34123.0,1663,genus,0.00438116,Arthrobacter,ERR1090696
34123.0,978,genus,0.00438116,Cytophaga,ERR1090696
34123.0,182639,genus,0.00438116,Kribbella,ERR1090696
34123.0,102106,genus,0.00438116,Collinsella,ERR1090696
34123.0,1243,genus,0.00438116,Leuconostoc,ERR1090696
34123.0,32205,genus,0.00438116,Leptonema,ERR1090696
34123.0,233191,genus,0.00438116,Caldilinea,ERR1090696
34123.0,2132,genus,0.00438116,Spiroplasma,ERR1090696
34123.0,346096,genus,0.00438116,Paludibacter,ERR1090696
34123.0,469,genus,0.00438116,Acinetobacter,ERR1090696
34123.0,1578,genus,0.00438116,Lactobacillus,ERR1090696
34123.0,1486726,genus,0.00438116,Pseudobacteroides,ERR1090696
34123.0,312278,genus,0.00438116,Emticicia,ERR1090696
34123.0,543311,genus,0.00438116,Parvimonas,ERR1090696
34123.0,73918,genus,0.00438116,Thermaerobacter,ERR1090696
34123.0,160795,genus,0.00438116,Ureibacillus,ERR1090696
34123.0,906,genus,0.00438116,Megasphaera,ERR1090696
,-1,genus,18.4534,Unknown,ERR1090696
40152.0,286,genus,71.6751,Pseudomonas,ERR1090837
40152.0,1301,genus,0.890863,Streptococcus,ERR1090837
40152.0,816,genus,0.167513,Bacteroides,ERR1090837
40152.0,375288,genus,0.116751,Parabacteroides,ERR1090837
40152.0,29465,genus,0.109137,Veillonella,ERR1090837
40152.0,1506553,genus,0.0736041,Lachnoclostridium,ERR1090837
40152.0,216851,genus,0.071066,Faecalibacterium,ERR1090837
40152.0,561,genus,0.0634518,Escherichia,ERR1090837
40152.0,544,genus,0.0406091,Citrobacter,ERR1090837
40152.0,1386,genus,0.0329949,Bacillus,ERR1090837
40152.0,1505657,genus,0.0253807,Intestinibacter,ERR1090837
40152.0,1485,genus,0.0203046,Clostridium,ERR1090837
40152.0,1730,genus,0.0152284,Eubacterium,ERR1090837
40152.0,1505663,genus,0.0152284,Erysipelatoclostridium,ERR1090837
40152.0,33042,genus,0.0152284,Coprococcus,ERR1090837
40152.0,572511,genus,0.0101523,Blautia,ERR1090837
40152.0,1350,genus,0.0101523,Enterococcus,ERR1090837
40152.0,724,genus,0.0101523,Haemophilus,ERR1090837
40152.0,61170,genus,0.00761421,Holdemania,ERR1090837
40152.0,872,genus,0.00761421,Desulfovibrio,ERR1090837
40152.0,204037,genus,0.00761421,Dickeya,ERR1090837
40152.0,265980,genus,0.00507614,Alkalimonas,ERR1090837
40152.0,189330,genus,0.00507614,Dorea,ERR1090837
40152.0,1263,genus,0.00507614,Ruminococcus,ERR1090837
40152.0,239934,genus,0.00507614,Akkermansia,ERR1090837
40152.0,836,genus,0.00507614,Porphyromonas,ERR1090837
40152.0,48075,genus,0.00507614,Marinobacterium,ERR1090837
40152.0,68287,genus,0.00507614,Mesorhizobium,ERR1090837
40152.0,117563,genus,0.00507614,Granulicatella,ERR1090837
40152.0,629,genus,0.00507614,Yersinia,ERR1090837
40152.0,469,genus,0.00507614,Acinetobacter,ERR1090837
40152.0,292635,genus,0.00253807,Laceyella,ERR1090837
40152.0,28453,genus,0.00253807,Sphingobacterium,ERR1090837
40152.0,642,genus,0.00253807,Aeromonas,ERR1090837
40152.0,702,genus,0.00253807,Plesiomonas,ERR1090837
40152.0,32257,genus,0.00253807,Kingella,ERR1090837
40152.0,570,genus,0.00253807,Klebsiella,ERR1090837
40152.0,239759,genus,0.00253807,Alistipes,ERR1090837
40152.0,28253,genus,0.00253807,Marinomonas,ERR1090837
40152.0,162289,genus,0.00253807,Peptoniphilus,ERR1090837
40152.0,838,genus,0.00253807,Prevotella,ERR1090837
40152.0,244127,genus,0.00253807,Anaerotruncus,ERR1090837
40152.0,102106,genus,0.00253807,Collinsella,ERR1090837
40152.0,1654,genus,0.00253807,Actinomyces,ERR1090837
40152.0,111142,genus,0.00253807,Alishewanella,ERR1090837
40152.0,152053,genus,0.00253807,Starkeya,ERR1090837
40152.0,2147,genus,0.00253807,Acholeplasma,ERR1090837
40152.0,1678,genus,0.00253807,Bifidobacterium,ERR1090837
40152.0,590,genus,0.00253807,Salmonella,ERR1090837
40152.0,48073,genus,0.00253807,Microbulbifer,ERR1090837
40152.0,29407,genus,0.00253807,Rhodoplanes,ERR1090837
40152.0,482,genus,0.00253807,Neisseria,ERR1090837
40152.0,475,genus,0.00253807,Moraxella,ERR1090837
40152.0,848,genus,0.00253807,Fusobacterium,ERR1090837
40152.0,998014,genus,0.00253807,Cocleimonas,ERR1090837
40152.0,445,genus,0.00253807,Legionella,ERR1090837
40152.0,1380,genus,0.00253807,Atopobium,ERR1090837
,-1,genus,26.467,Unknown,ERR1090837
40152.0,286,genus,71.6751,Pseudomonas,ERR1090837
40152.0,1301,genus,0.890863,Streptococcus,ERR1090837
40152.0,816,genus,0.167513,Bacteroides,ERR1090837
40152.0,375288,genus,0.116751,Parabacteroides,ERR1090837
40152.0,29465,genus,0.109137,Veillonella,ERR1090837
40152.0,1506553,genus,0.0736041,Lachnoclostridium,ERR1090837
40152.0,216851,genus,0.071066,Faecalibacterium,ERR1090837
40152.0,561,genus,0.0634518,Escherichia,ERR1090837
40152.0,544,genus,0.0406091,Citrobacter,ERR1090837
40152.0,1386,genus,0.0329949,Bacillus,ERR1090837
40152.0,1505657,genus,0.0253807,Intestinibacter,ERR1090837
40152.0,1485,genus,0.0203046,Clostridium,ERR1090837
40152.0,1730,genus,0.0152284,Eubacterium,ERR1090837
40152.0,1505663,genus,0.0152284,Erysipelatoclostridium,ERR1090837
40152.0,33042,genus,0.0152284,Coprococcus,ERR1090837
40152.0,572511,genus,0.0101523,Blautia,ERR1090837
40152.0,1350,genus,0.0101523,Enterococcus,ERR1090837
40152.0,724,genus,0.0101523,Haemophilus,ERR1090837
40152.0,61170,genus,0.00761421,Holdemania,ERR1090837
40152.0,872,genus,0.00761421,Desulfovibrio,ERR1090837
40152.0,204037,genus,0.00761421,Dickeya,ERR1090837
40152.0,265980,genus,0.00507614,Alkalimonas,ERR1090837
40152.0,189330,genus,0.00507614,Dorea,ERR1090837
40152.0,1263,genus,0.00507614,Ruminococcus,ERR1090837
40152.0,239934,genus,0.00507614,Akkermansia,ERR1090837
40152.0,836,genus,0.00507614,Porphyromonas,ERR1090837
40152.0,48075,genus,0.00507614,Marinobacterium,ERR1090837
40152.0,68287,genus,0.00507614,Mesorhizobium,ERR1090837
40152.0,117563,genus,0.00507614,Granulicatella,ERR1090837
40152.0,629,genus,0.00507614,Yersinia,ERR1090837
40152.0,469,genus,0.00507614,Acinetobacter,ERR1090837
40152.0,702,genus,0.00253807,Plesiomonas,ERR1090837
40152.0,32257,genus,0.00253807,Kingella,ERR1090837
40152.0,570,genus,0.00253807,Klebsiella,ERR1090837
40152.0,239759,genus,0.00253807,Alistipes,ERR1090837
40152.0,28253,genus,0.00253807,Marinomonas,ERR1090837
40152.0,162289,genus,0.00253807,Peptoniphilus,ERR1090837
40152.0,838,genus,0.00253807,Prevotella,ERR1090837
40152.0,244127,genus,0.00253807,Anaerotruncus,ERR1090837
40152.0,102106,genus,0.00253807,Collinsella,ERR1090837
40152.0,1654,genus,0.00253807,Actinomyces,ERR1090837
40152.0,111142,genus,0.00253807,Alishewanella,ERR1090837
40152.0,152053,genus,0.00253807,Starkeya,ERR1090837
40152.0,2147,genus,0.00253807,Acholeplasma,ERR1090837
40152.0,1678,genus,0.00253807,Bifidobacterium,ERR1090837
40152.0,590,genus,0.00253807,Salmonella,ERR1090837
40152.0,48073,genus,0.00253807,Microbulbifer,ERR1090837
40152.0,29407,genus,0.00253807,Rhodoplanes,ERR1090837
40152.0,482,genus,0.00253807,Neisseria,ERR1090837
40152.0,475,genus,0.00253807,Moraxella,ERR1090837
40152.0,848,genus,0.00253807,Fusobacterium,ERR1090837
40152.0,998014,genus,0.00253807,Cocleimonas,ERR1090837
40152.0,445,genus,0.00253807,Legionella,ERR1090837
40152.0,1380,genus,0.00253807,Atopobium,ERR1090837
40152.0,292635,genus,0.00253807,Laceyella,ERR1090837
40152.0,28453,genus,0.00253807,Sphingobacterium,ERR1090837
40152.0,642,genus,0.00253807,Aeromonas,ERR1090837
,-1,genus,26.467,Unknown,ERR1090837
40152.0,286,genus,71.6751,Pseudomonas,ERR1090837
40152.0,1301,genus,0.890863,Streptococcus,ERR1090837
40152.0,816,genus,0.167513,Bacteroides,ERR1090837
40152.0,375288,genus,0.116751,Parabacteroides,ERR1090837
40152.0,29465,genus,0.109137,Veillonella,ERR1090837
40152.0,1506553,genus,0.0736041,Lachnoclostridium,ERR1090837
40152.0,216851,genus,0.071066,Faecalibacterium,ERR1090837
40152.0,561,genus,0.0634518,Escherichia,ERR1090837
40152.0,544,genus,0.0406091,Citrobacter,ERR1090837
40152.0,1386,genus,0.0329949,Bacillus,ERR1090837
40152.0,1505657,genus,0.0253807,Intestinibacter,ERR1090837
40152.0,1485,genus,0.0203046,Clostridium,ERR1090837
40152.0,1730,genus,0.0152284,Eubacterium,ERR1090837
40152.0,1505663,genus,0.0152284,Erysipelatoclostridium,ERR1090837
40152.0,33042,genus,0.0152284,Coprococcus,ERR1090837
40152.0,572511,genus,0.0101523,Blautia,ERR1090837
40152.0,1350,genus,0.0101523,Enterococcus,ERR1090837
40152.0,724,genus,0.0101523,Haemophilus,ERR1090837
40152.0,872,genus,0.00761421,Desulfovibrio,ERR1090837
40152.0,204037,genus,0.00761421,Dickeya,ERR1090837
40152.0,61170,genus,0.00761421,Holdemania,ERR1090837
40152.0,265980,genus,0.00507614,Alkalimonas,ERR1090837
40152.0,189330,genus,0.00507614,Dorea,ERR1090837
40152.0,1263,genus,0.00507614,Ruminococcus,ERR1090837
40152.0,239934,genus,0.00507614,Akkermansia,ERR1090837
40152.0,836,genus,0.00507614,Porphyromonas,ERR1090837
40152.0,48075,genus,0.00507614,Marinobacterium,ERR1090837
40152.0,68287,genus,0.00507614,Mesorhizobium,ERR1090837
40152.0,117563,genus,0.00507614,Granulicatella,ERR1090837
40152.0,629,genus,0.00507614,Yersinia,ERR1090837
40152.0,469,genus,0.00507614,Acinetobacter,ERR1090837
40152.0,32257,genus,0.00253807,Kingella,ERR1090837
40152.0,570,genus,0.00253807,Klebsiella,ERR1090837
40152.0,239759,genus,0.00253807,Alistipes,ERR1090837
40152.0,28253,genus,0.00253807,Marinomonas,ERR1090837
40152.0,162289,genus,0.00253807,Peptoniphilus,ERR1090837
40152.0,838,genus,0.00253807,Prevotella,ERR1090837
40152.0,244127,genus,0.00253807,Anaerotruncus,ERR1090837
40152.0,102106,genus,0.00253807,Collinsella,ERR1090837
40152.0,1654,genus,0.00253807,Actinomyces,ERR1090837
40152.0,111142,genus,0.00253807,Alishewanella,ERR1090837
40152.0,152053,genus,0.00253807,Starkeya,ERR1090837
40152.0,2147,genus,0.00253807,Acholeplasma,ERR1090837
40152.0,1678,genus,0.00253807,Bifidobacterium,ERR1090837
40152.0,590,genus,0.00253807,Salmonella,ERR1090837
40152.0,48073,genus,0.00253807,Microbulbifer,ERR1090837
40152.0,29407,genus,0.00253807,Rhodoplanes,ERR1090837
40152.0,482,genus,0.00253807,Neisseria,ERR1090837
40152.0,475,genus,0.00253807,Moraxella,ERR1090837
40152.0,848,genus,0.00253807,Fusobacterium,ERR1090837
40152.0,998014,genus,0.00253807,Cocleimonas,ERR1090837
40152.0,445,genus,0.00253807,Legionella,ERR1090837
40152.0,1380,genus,0.00253807,Atopobium,ERR1090837
40152.0,292635,genus,0.00253807,Laceyella,ERR1090837
40152.0,28453,genus,0.00253807,Sphingobacterium,ERR1090837
40152.0,642,genus,0.00253807,Aeromonas,ERR1090837
40152.0,702,genus,0.00253807,Plesiomonas,ERR1090837
,-1,genus,26.467,Unknown,ERR1090837
37713.0,375288,genus,19.7012,Parabacteroides,ERR1090854
37713.0,816,genus,17.6414,Bacteroides,ERR1090854
37713.0,239759,genus,9.53274,Alistipes,ERR1090854
37713.0,216851,genus,4.28163,Faecalibacterium,ERR1090854
37713.0,1485,genus,1.95804,Clostridium,ERR1090854
37713.0,836,genus,1.30006,Porphyromonas,ERR1090854
37713.0,459786,genus,1.23013,Oscillibacter,ERR1090854
37713.0,1730,genus,1.13795,Eubacterium,ERR1090854
37713.0,577310,genus,1.11888,Parasutterella,ERR1090854
37713.0,838,genus,0.937699,Prevotella,ERR1090854
37713.0,572511,genus,0.731087,Blautia,ERR1090854
37713.0,1505657,genus,0.727908,Intestinibacter,ERR1090854
37713.0,397864,genus,0.718373,Barnesiella,ERR1090854
37713.0,162289,genus,0.702479,Peptoniphilus,ERR1090854
37713.0,1263,genus,0.619835,Ruminococcus,ERR1090854
37713.0,990721,genus,0.575334,Christensenella,ERR1090854
37713.0,841,genus,0.460903,Roseburia,ERR1090854
37713.0,869806,genus,0.454545,Marivirga,ERR1090854
37713.0,165779,genus,0.381437,Anaerococcus,ERR1090854
37713.0,2172,genus,0.375079,Methanobrevibacter,ERR1090854
37713.0,283168,genus,0.362365,Odoribacter,ERR1090854
37713.0,184869,genus,0.254291,Varibaculum,ERR1090854
37713.0,189330,genus,0.20979,Dorea,ERR1090854
37713.0,33042,genus,0.206612,Coprococcus,ERR1090854
37713.0,848,genus,0.184361,Fusobacterium,ERR1090854
37713.0,724,genus,0.171647,Haemophilus,ERR1090854
37713.0,39948,genus,0.158932,Dialister,ERR1090854
37713.0,1301,genus,0.146217,Streptococcus,ERR1090854
37713.0,244127,genus,0.143039,Anaerotruncus,ERR1090854
37713.0,1678,genus,0.13986,Bifidobacterium,ERR1090854
37713.0,1506553,genus,0.136681,Lachnoclostridium,ERR1090854
37713.0,1236988,genus,0.123967,Geofilum,ERR1090854
37713.0,1505663,genus,0.11761,Erysipelatoclostridium,ERR1090854
37713.0,1386,genus,0.0921806,Bacillus,ERR1090854
37713.0,1279,genus,0.0921806,Staphylococcus,ERR1090854
37713.0,253238,genus,0.0826446,Ethanoligenens,ERR1090854
37713.0,29465,genus,0.0762874,Veillonella,ERR1090854
37713.0,102106,genus,0.0731087,Collinsella,ERR1090854
37713.0,1716,genus,0.0731087,Corynebacterium,ERR1090854
37713.0,83660,genus,0.0603942,Desulfonispora,ERR1090854
37713.0,44748,genus,0.034965,Sporobacter,ERR1090854
37713.0,286,genus,0.0254291,Pseudomonas,ERR1090854
37713.0,239934,genus,0.0254291,Akkermansia,ERR1090854
37713.0,150022,genus,0.0222505,Finegoldia,ERR1090854
37713.0,1578,genus,0.0222505,Lactobacillus,ERR1090854
37713.0,35832,genus,0.0222505,Bilophila,ERR1090854
37713.0,420345,genus,0.0190718,Lactonifactor,ERR1090854
37713.0,644652,genus,0.0190718,Gordonibacter,ERR1090854
37713.0,346096,genus,0.0190718,Paludibacter,ERR1090854
37713.0,1505652,genus,0.0158932,Terrisporobacter,ERR1090854
37713.0,906,genus,0.0158932,Megasphaera,ERR1090854
37713.0,32067,genus,0.0158932,Leptotrichia,ERR1090854
37713.0,52225,genus,0.0127146,Mitsuokella,ERR1090854
37713.0,28453,genus,0.0127146,Sphingobacterium,ERR1090854
37713.0,482,genus,0.0127146,Neisseria,ERR1090854
37713.0,1854,genus,0.0127146,Frankia,ERR1090854
37713.0,84108,genus,0.0127146,Slackia,ERR1090854
37713.0,2050,genus,0.00953592,Mobiluncus,ERR1090854
37713.0,698776,genus,0.00953592,Cellulosilyticum,ERR1090854
37713.0,1637257,genus,0.00953592,Mageeibacillus,ERR1090854
37713.0,237,genus,0.00953592,Flavobacterium,ERR1090854
37713.0,241189,genus,0.00953592,Hespellia,ERR1090854
37713.0,34098,genus,0.00953592,Blattabacterium,ERR1090854
37713.0,59735,genus,0.00953592,Bergeyella,ERR1090854
37713.0,2132,genus,0.00635728,Spiroplasma,ERR1090854
37713.0,1654,genus,0.00635728,Actinomyces,ERR1090854
37713.0,511434,genus,0.00635728,Candidatus Azobacteroides,ERR1090854
37713.0,35823,genus,0.00635728,Arthrospira,ERR1090854
37713.0,52784,genus,0.00635728,Anaerofilum,ERR1090854
37713.0,1573535,genus,0.00635728,Holdemanella,ERR1090854
37713.0,33071,genus,0.00635728,Gloeobacter,ERR1090854
37713.0,469,genus,0.00635728,Acinetobacter,ERR1090854
37713.0,194,genus,0.00635728,Campylobacter,ERR1090854
37713.0,61434,genus,0.00635728,Dehalococcoides,ERR1090854
37713.0,1508657,genus,0.00635728,Ruminiclostridium,ERR1090854
37713.0,61170,genus,0.00635728,Holdemania,ERR1090854
37713.0,156973,genus,0.00635728,Dysgonomonas,ERR1090854
37713.0,267986,genus,0.00635728,Owenweeksia,ERR1090854
37713.0,264995,genus,0.00635728,Anaerofustis,ERR1090854
37713.0,1378,genus,0.00635728,Gemella,ERR1090854
37713.0,212791,genus,0.00635728,Enhydrobacter,ERR1090854
37713.0,588605,genus,0.00317864,Robinsoniella,ERR1090854
37713.0,65551,genus,0.00317864,Meiothermus,ERR1090854
37713.0,262406,genus,0.00317864,Thermobaculum,ERR1090854
37713.0,233191,genus,0.00317864,Caldilinea,ERR1090854
37713.0,13334,genus,0.00317864,Anaerobiospirillum,ERR1090854
37713.0,543311,genus,0.00317864,Parvimonas,ERR1090854
37713.0,55080,genus,0.00317864,Brevibacillus,ERR1090854
37713.0,44249,genus,0.00317864,Paenibacillus,ERR1090854
37713.0,830,genus,0.00317864,Butyrivibrio,ERR1090854
37713.0,123375,genus,0.00317864,Solobacterium,ERR1090854
37713.0,32207,genus,0.00317864,Rothia,ERR1090854
37713.0,1017280,genus,0.00317864,Pseudoflavonifractor,ERR1090854
37713.0,102234,genus,0.00317864,Cyanobacterium,ERR1090854
37713.0,896,genus,0.00317864,Desulfococcus,ERR1090854
37713.0,216431,genus,0.00317864,Croceibacter,ERR1090854
37713.0,207244,genus,0.00317864,Anaerostipes,ERR1090854
37713.0,256846,genus,0.00317864,Lentisphaera,ERR1090854
37713.0,166484,genus,0.00317864,Caminicella,ERR1090854
37713.0,32257,genus,0.00317864,Kingella,ERR1090854
37713.0,1350,genus,0.00317864,Enterococcus,ERR1090854
37713.0,28253,genus,0.00317864,Marinomonas,ERR1090854
37713.0,117563,genus,0.00317864,Granulicatella,ERR1090854
37713.0,336260,genus,0.00317864,Thermovirga,ERR1090854
,-1,genus,31.4781,Unknown,ERR1090854
37713.0,375288,genus,19.7012,Parabacteroides,ERR1090854
37713.0,816,genus,17.6414,Bacteroides,ERR1090854
37713.0,239759,genus,9.53274,Alistipes,ERR1090854
37713.0,216851,genus,4.28163,Faecalibacterium,ERR1090854
37713.0,1485,genus,1.95804,Clostridium,ERR1090854
37713.0,836,genus,1.30006,Porphyromonas,ERR1090854
37713.0,459786,genus,1.23013,Oscillibacter,ERR1090854
37713.0,1730,genus,1.13795,Eubacterium,ERR1090854
37713.0,577310,genus,1.11888,Parasutterella,ERR1090854
37713.0,838,genus,0.937699,Prevotella,ERR1090854
37713.0,572511,genus,0.731087,Blautia,ERR1090854
37713.0,1505657,genus,0.727908,Intestinibacter,ERR1090854
37713.0,397864,genus,0.718373,Barnesiella,ERR1090854
37713.0,162289,genus,0.702479,Peptoniphilus,ERR1090854
37713.0,1263,genus,0.619835,Ruminococcus,ERR1090854
37713.0,990721,genus,0.575334,Christensenella,ERR1090854
37713.0,841,genus,0.460903,Roseburia,ERR1090854
37713.0,869806,genus,0.454545,Marivirga,ERR1090854
37713.0,165779,genus,0.381437,Anaerococcus,ERR1090854
37713.0,2172,genus,0.375079,Methanobrevibacter,ERR1090854
37713.0,283168,genus,0.362365,Odoribacter,ERR1090854
37713.0,184869,genus,0.254291,Varibaculum,ERR1090854
37713.0,189330,genus,0.20979,Dorea,ERR1090854
37713.0,33042,genus,0.206612,Coprococcus,ERR1090854
37713.0,848,genus,0.184361,Fusobacterium,ERR1090854
37713.0,724,genus,0.171647,Haemophilus,ERR1090854
37713.0,39948,genus,0.158932,Dialister,ERR1090854
37713.0,1301,genus,0.146217,Streptococcus,ERR1090854
37713.0,244127,genus,0.143039,Anaerotruncus,ERR1090854
37713.0,1678,genus,0.13986,Bifidobacterium,ERR1090854
37713.0,1506553,genus,0.136681,Lachnoclostridium,ERR1090854
37713.0,1236988,genus,0.123967,Geofilum,ERR1090854
37713.0,1505663,genus,0.11761,Erysipelatoclostridium,ERR1090854
37713.0,1386,genus,0.0921806,Bacillus,ERR1090854
37713.0,1279,genus,0.0921806,Staphylococcus,ERR1090854
37713.0,253238,genus,0.0826446,Ethanoligenens,ERR1090854
37713.0,29465,genus,0.0762874,Veillonella,ERR1090854
37713.0,102106,genus,0.0731087,Collinsella,ERR1090854
37713.0,1716,genus,0.0731087,Corynebacterium,ERR1090854
37713.0,83660,genus,0.0603942,Desulfonispora,ERR1090854
37713.0,44748,genus,0.034965,Sporobacter,ERR1090854
37713.0,286,genus,0.0254291,Pseudomonas,ERR1090854
37713.0,239934,genus,0.0254291,Akkermansia,ERR1090854
37713.0,150022,genus,0.0222505,Finegoldia,ERR1090854
37713.0,1578,genus,0.0222505,Lactobacillus,ERR1090854
37713.0,35832,genus,0.0222505,Bilophila,ERR1090854
37713.0,420345,genus,0.0190718,Lactonifactor,ERR1090854
37713.0,644652,genus,0.0190718,Gordonibacter,ERR1090854
37713.0,346096,genus,0.0190718,Paludibacter,ERR1090854
37713.0,1505652,genus,0.0158932,Terrisporobacter,ERR1090854
37713.0,906,genus,0.0158932,Megasphaera,ERR1090854
37713.0,32067,genus,0.0158932,Leptotrichia,ERR1090854
37713.0,52225,genus,0.0127146,Mitsuokella,ERR1090854
37713.0,28453,genus,0.0127146,Sphingobacterium,ERR1090854
37713.0,482,genus,0.0127146,Neisseria,ERR1090854
37713.0,1854,genus,0.0127146,Frankia,ERR1090854
37713.0,84108,genus,0.0127146,Slackia,ERR1090854
37713.0,237,genus,0.00953592,Flavobacterium,ERR1090854
37713.0,241189,genus,0.00953592,Hespellia,ERR1090854
37713.0,34098,genus,0.00953592,Blattabacterium,ERR1090854
37713.0,59735,genus,0.00953592,Bergeyella,ERR1090854
37713.0,2050,genus,0.00953592,Mobiluncus,ERR1090854
37713.0,698776,genus,0.00953592,Cellulosilyticum,ERR1090854
37713.0,1637257,genus,0.00953592,Mageeibacillus,ERR1090854
37713.0,2132,genus,0.00635728,Spiroplasma,ERR1090854
37713.0,1654,genus,0.00635728,Actinomyces,ERR1090854
37713.0,511434,genus,0.00635728,Candidatus Azobacteroides,ERR1090854
37713.0,35823,genus,0.00635728,Arthrospira,ERR1090854
37713.0,52784,genus,0.00635728,Anaerofilum,ERR1090854
37713.0,1573535,genus,0.00635728,Holdemanella,ERR1090854
37713.0,33071,genus,0.00635728,Gloeobacter,ERR1090854
37713.0,469,genus,0.00635728,Acinetobacter,ERR1090854
37713.0,194,genus,0.00635728,Campylobacter,ERR1090854
37713.0,61434,genus,0.00635728,Dehalococcoides,ERR1090854
37713.0,1508657,genus,0.00635728,Ruminiclostridium,ERR1090854
37713.0,61170,genus,0.00635728,Holdemania,ERR1090854
37713.0,156973,genus,0.00635728,Dysgonomonas,ERR1090854
37713.0,267986,genus,0.00635728,Owenweeksia,ERR1090854
37713.0,264995,genus,0.00635728,Anaerofustis,ERR1090854
37713.0,1378,genus,0.00635728,Gemella,ERR1090854
37713.0,212791,genus,0.00635728,Enhydrobacter,ERR1090854
37713.0,588605,genus,0.00317864,Robinsoniella,ERR1090854
37713.0,65551,genus,0.00317864,Meiothermus,ERR1090854
37713.0,262406,genus,0.00317864,Thermobaculum,ERR1090854
37713.0,233191,genus,0.00317864,Caldilinea,ERR1090854
37713.0,13334,genus,0.00317864,Anaerobiospirillum,ERR1090854
37713.0,543311,genus,0.00317864,Parvimonas,ERR1090854
37713.0,55080,genus,0.00317864,Brevibacillus,ERR1090854
37713.0,44249,genus,0.00317864,Paenibacillus,ERR1090854
37713.0,830,genus,0.00317864,Butyrivibrio,ERR1090854
37713.0,123375,genus,0.00317864,Solobacterium,ERR1090854
37713.0,32207,genus,0.00317864,Rothia,ERR1090854
37713.0,1017280,genus,0.00317864,Pseudoflavonifractor,ERR1090854
37713.0,102234,genus,0.00317864,Cyanobacterium,ERR1090854
37713.0,896,genus,0.00317864,Desulfococcus,ERR1090854
37713.0,216431,genus,0.00317864,Croceibacter,ERR1090854
37713.0,207244,genus,0.00317864,Anaerostipes,ERR1090854
37713.0,256846,genus,0.00317864,Lentisphaera,ERR1090854
37713.0,166484,genus,0.00317864,Caminicella,ERR1090854
37713.0,32257,genus,0.00317864,Kingella,ERR1090854
37713.0,1350,genus,0.00317864,Enterococcus,ERR1090854
37713.0,28253,genus,0.00317864,Marinomonas,ERR1090854
37713.0,117563,genus,0.00317864,Granulicatella,ERR1090854
37713.0,336260,genus,0.00317864,Thermovirga,ERR1090854
,-1,genus,31.4781,Unknown,ERR1090854
37713.0,375288,genus,19.7012,Parabacteroides,ERR1090854
37713.0,816,genus,17.6414,Bacteroides,ERR1090854
37713.0,239759,genus,9.53274,Alistipes,ERR1090854
37713.0,216851,genus,4.28163,Faecalibacterium,ERR1090854
37713.0,1485,genus,1.95804,Clostridium,ERR1090854
37713.0,836,genus,1.30006,Porphyromonas,ERR1090854
37713.0,459786,genus,1.23013,Oscillibacter,ERR1090854
37713.0,1730,genus,1.13795,Eubacterium,ERR1090854
37713.0,577310,genus,1.11888,Parasutterella,ERR1090854
37713.0,838,genus,0.937699,Prevotella,ERR1090854
37713.0,572511,genus,0.731087,Blautia,ERR1090854
37713.0,1505657,genus,0.727908,Intestinibacter,ERR1090854
37713.0,397864,genus,0.718373,Barnesiella,ERR1090854
37713.0,162289,genus,0.702479,Peptoniphilus,ERR1090854
37713.0,1263,genus,0.619835,Ruminococcus,ERR1090854
37713.0,990721,genus,0.575334,Christensenella,ERR1090854
37713.0,841,genus,0.460903,Roseburia,ERR1090854
37713.0,869806,genus,0.454545,Marivirga,ERR1090854
37713.0,165779,genus,0.381437,Anaerococcus,ERR1090854
37713.0,2172,genus,0.375079,Methanobrevibacter,ERR1090854
37713.0,283168,genus,0.362365,Odoribacter,ERR1090854
37713.0,184869,genus,0.254291,Varibaculum,ERR1090854
37713.0,189330,genus,0.20979,Dorea,ERR1090854
37713.0,33042,genus,0.206612,Coprococcus,ERR1090854
37713.0,848,genus,0.184361,Fusobacterium,ERR1090854
37713.0,724,genus,0.171647,Haemophilus,ERR1090854
37713.0,39948,genus,0.158932,Dialister,ERR1090854
37713.0,1301,genus,0.146217,Streptococcus,ERR1090854
37713.0,244127,genus,0.143039,Anaerotruncus,ERR1090854
37713.0,1678,genus,0.13986,Bifidobacterium,ERR1090854
37713.0,1506553,genus,0.136681,Lachnoclostridium,ERR1090854
37713.0,1236988,genus,0.123967,Geofilum,ERR1090854
37713.0,1505663,genus,0.11761,Erysipelatoclostridium,ERR1090854
37713.0,1279,genus,0.0921806,Staphylococcus,ERR1090854
37713.0,1386,genus,0.0921806,Bacillus,ERR1090854
37713.0,253238,genus,0.0826446,Ethanoligenens,ERR1090854
37713.0,29465,genus,0.0762874,Veillonella,ERR1090854
37713.0,102106,genus,0.0731087,Collinsella,ERR1090854
37713.0,1716,genus,0.0731087,Corynebacterium,ERR1090854
37713.0,83660,genus,0.0603942,Desulfonispora,ERR1090854
37713.0,44748,genus,0.034965,Sporobacter,ERR1090854
37713.0,239934,genus,0.0254291,Akkermansia,ERR1090854
37713.0,286,genus,0.0254291,Pseudomonas,ERR1090854
37713.0,1578,genus,0.0222505,Lactobacillus,ERR1090854
37713.0,35832,genus,0.0222505,Bilophila,ERR1090854
37713.0,150022,genus,0.0222505,Finegoldia,ERR1090854
37713.0,644652,genus,0.0190718,Gordonibacter,ERR1090854
37713.0,346096,genus,0.0190718,Paludibacter,ERR1090854
37713.0,420345,genus,0.0190718,Lactonifactor,ERR1090854
37713.0,906,genus,0.0158932,Megasphaera,ERR1090854
37713.0,32067,genus,0.0158932,Leptotrichia,ERR1090854
37713.0,1505652,genus,0.0158932,Terrisporobacter,ERR1090854
37713.0,482,genus,0.0127146,Neisseria,ERR1090854
37713.0,1854,genus,0.0127146,Frankia,ERR1090854
37713.0,84108,genus,0.0127146,Slackia,ERR1090854
37713.0,52225,genus,0.0127146,Mitsuokella,ERR1090854
37713.0,28453,genus,0.0127146,Sphingobacterium,ERR1090854
37713.0,241189,genus,0.00953592,Hespellia,ERR1090854
37713.0,34098,genus,0.00953592,Blattabacterium,ERR1090854
37713.0,59735,genus,0.00953592,Bergeyella,ERR1090854
37713.0,1637257,genus,0.00953592,Mageeibacillus,ERR1090854
37713.0,2050,genus,0.00953592,Mobiluncus,ERR1090854
37713.0,698776,genus,0.00953592,Cellulosilyticum,ERR1090854
37713.0,237,genus,0.00953592,Flavobacterium,ERR1090854
37713.0,469,genus,0.00635728,Acinetobacter,ERR1090854
37713.0,194,genus,0.00635728,Campylobacter,ERR1090854
37713.0,61434,genus,0.00635728,Dehalococcoides,ERR1090854
37713.0,1508657,genus,0.00635728,Ruminiclostridium,ERR1090854
37713.0,61170,genus,0.00635728,Holdemania,ERR1090854
37713.0,267986,genus,0.00635728,Owenweeksia,ERR1090854
37713.0,156973,genus,0.00635728,Dysgonomonas,ERR1090854
37713.0,1378,genus,0.00635728,Gemella,ERR1090854
37713.0,264995,genus,0.00635728,Anaerofustis,ERR1090854
37713.0,212791,genus,0.00635728,Enhydrobacter,ERR1090854
37713.0,511434,genus,0.00635728,Candidatus Azobacteroides,ERR1090854
37713.0,2132,genus,0.00635728,Spiroplasma,ERR1090854
37713.0,1654,genus,0.00635728,Actinomyces,ERR1090854
37713.0,35823,genus,0.00635728,Arthrospira,ERR1090854
37713.0,52784,genus,0.00635728,Anaerofilum,ERR1090854
37713.0,1573535,genus,0.00635728,Holdemanella,ERR1090854
37713.0,33071,genus,0.00635728,Gloeobacter,ERR1090854
37713.0,830,genus,0.00317864,Butyrivibrio,ERR1090854
37713.0,123375,genus,0.00317864,Solobacterium,ERR1090854
37713.0,896,genus,0.00317864,Desulfococcus,ERR1090854
37713.0,216431,genus,0.00317864,Croceibacter,ERR1090854
37713.0,32207,genus,0.00317864,Rothia,ERR1090854
37713.0,1017280,genus,0.00317864,Pseudoflavonifractor,ERR1090854
37713.0,102234,genus,0.00317864,Cyanobacterium,ERR1090854
37713.0,207244,genus,0.00317864,Anaerostipes,ERR1090854
37713.0,256846,genus,0.00317864,Lentisphaera,ERR1090854
37713.0,166484,genus,0.00317864,Caminicella,ERR1090854
37713.0,32257,genus,0.00317864,Kingella,ERR1090854
37713.0,1350,genus,0.00317864,Enterococcus,ERR1090854
37713.0,28253,genus,0.00317864,Marinomonas,ERR1090854
37713.0,117563,genus,0.00317864,Granulicatella,ERR1090854
37713.0,336260,genus,0.00317864,Thermovirga,ERR1090854
37713.0,588605,genus,0.00317864,Robinsoniella,ERR1090854
37713.0,65551,genus,0.00317864,Meiothermus,ERR1090854
37713.0,262406,genus,0.00317864,Thermobaculum,ERR1090854
37713.0,233191,genus,0.00317864,Caldilinea,ERR1090854
37713.0,13334,genus,0.00317864,Anaerobiospirillum,ERR1090854
37713.0,543311,genus,0.00317864,Parvimonas,ERR1090854
37713.0,55080,genus,0.00317864,Brevibacillus,ERR1090854
37713.0,44249,genus,0.00317864,Paenibacillus,ERR1090854
,-1,genus,31.4781,Unknown,ERR1090854
37713.0,375288,genus,19.7012,Parabacteroides,ERR1090854
37713.0,816,genus,17.6414,Bacteroides,ERR1090854
37713.0,239759,genus,9.53274,Alistipes,ERR1090854
37713.0,216851,genus,4.28163,Faecalibacterium,ERR1090854
37713.0,1485,genus,1.95804,Clostridium,ERR1090854
37713.0,836,genus,1.30006,Porphyromonas,ERR1090854
37713.0,459786,genus,1.23013,Oscillibacter,ERR1090854
37713.0,1730,genus,1.13795,Eubacterium,ERR1090854
37713.0,577310,genus,1.11888,Parasutterella,ERR1090854
37713.0,838,genus,0.937699,Prevotella,ERR1090854
37713.0,572511,genus,0.731087,Blautia,ERR1090854
37713.0,1505657,genus,0.727908,Intestinibacter,ERR1090854
37713.0,397864,genus,0.718373,Barnesiella,ERR1090854
37713.0,162289,genus,0.702479,Peptoniphilus,ERR1090854
37713.0,1263,genus,0.619835,Ruminococcus,ERR1090854
37713.0,990721,genus,0.575334,Christensenella,ERR1090854
37713.0,841,genus,0.460903,Roseburia,ERR1090854
37713.0,869806,genus,0.454545,Marivirga,ERR1090854
37713.0,165779,genus,0.381437,Anaerococcus,ERR1090854
37713.0,2172,genus,0.375079,Methanobrevibacter,ERR1090854
37713.0,283168,genus,0.362365,Odoribacter,ERR1090854
37713.0,184869,genus,0.254291,Varibaculum,ERR1090854
37713.0,189330,genus,0.20979,Dorea,ERR1090854
37713.0,33042,genus,0.206612,Coprococcus,ERR1090854
37713.0,848,genus,0.184361,Fusobacterium,ERR1090854
37713.0,724,genus,0.171647,Haemophilus,ERR1090854
37713.0,39948,genus,0.158932,Dialister,ERR1090854
37713.0,1301,genus,0.146217,Streptococcus,ERR1090854
37713.0,244127,genus,0.143039,Anaerotruncus,ERR1090854
37713.0,1678,genus,0.13986,Bifidobacterium,ERR1090854
37713.0,1506553,genus,0.136681,Lachnoclostridium,ERR1090854
37713.0,1236988,genus,0.123967,Geofilum,ERR1090854
37713.0,1505663,genus,0.11761,Erysipelatoclostridium,ERR1090854
37713.0,1279,genus,0.0921806,Staphylococcus,ERR1090854
37713.0,1386,genus,0.0921806,Bacillus,ERR1090854
37713.0,253238,genus,0.0826446,Ethanoligenens,ERR1090854
37713.0,29465,genus,0.0762874,Veillonella,ERR1090854
37713.0,102106,genus,0.0731087,Collinsella,ERR1090854
37713.0,1716,genus,0.0731087,Corynebacterium,ERR1090854
37713.0,83660,genus,0.0603942,Desulfonispora,ERR1090854
37713.0,44748,genus,0.034965,Sporobacter,ERR1090854
37713.0,239934,genus,0.0254291,Akkermansia,ERR1090854
37713.0,286,genus,0.0254291,Pseudomonas,ERR1090854
37713.0,1578,genus,0.0222505,Lactobacillus,ERR1090854
37713.0,35832,genus,0.0222505,Bilophila,ERR1090854
37713.0,150022,genus,0.0222505,Finegoldia,ERR1090854
37713.0,420345,genus,0.0190718,Lactonifactor,ERR1090854
37713.0,644652,genus,0.0190718,Gordonibacter,ERR1090854
37713.0,346096,genus,0.0190718,Paludibacter,ERR1090854
37713.0,906,genus,0.0158932,Megasphaera,ERR1090854
37713.0,32067,genus,0.0158932,Leptotrichia,ERR1090854
37713.0,1505652,genus,0.0158932,Terrisporobacter,ERR1090854
37713.0,482,genus,0.0127146,Neisseria,ERR1090854
37713.0,1854,genus,0.0127146,Frankia,ERR1090854
37713.0,84108,genus,0.0127146,Slackia,ERR1090854
37713.0,52225,genus,0.0127146,Mitsuokella,ERR1090854
37713.0,28453,genus,0.0127146,Sphingobacterium,ERR1090854
37713.0,241189,genus,0.00953592,Hespellia,ERR1090854
37713.0,34098,genus,0.00953592,Blattabacterium,ERR1090854
37713.0,59735,genus,0.00953592,Bergeyella,ERR1090854
37713.0,1637257,genus,0.00953592,Mageeibacillus,ERR1090854
37713.0,2050,genus,0.00953592,Mobiluncus,ERR1090854
37713.0,698776,genus,0.00953592,Cellulosilyticum,ERR1090854
37713.0,237,genus,0.00953592,Flavobacterium,ERR1090854
37713.0,469,genus,0.00635728,Acinetobacter,ERR1090854
37713.0,61434,genus,0.00635728,Dehalococcoides,ERR1090854
37713.0,194,genus,0.00635728,Campylobacter,ERR1090854
37713.0,61170,genus,0.00635728,Holdemania,ERR1090854
37713.0,1508657,genus,0.00635728,Ruminiclostridium,ERR1090854
37713.0,156973,genus,0.00635728,Dysgonomonas,ERR1090854
37713.0,267986,genus,0.00635728,Owenweeksia,ERR1090854
37713.0,1378,genus,0.00635728,Gemella,ERR1090854
37713.0,264995,genus,0.00635728,Anaerofustis,ERR1090854
37713.0,212791,genus,0.00635728,Enhydrobacter,ERR1090854
37713.0,511434,genus,0.00635728,Candidatus Azobacteroides,ERR1090854
37713.0,2132,genus,0.00635728,Spiroplasma,ERR1090854
37713.0,1654,genus,0.00635728,Actinomyces,ERR1090854
37713.0,35823,genus,0.00635728,Arthrospira,ERR1090854
37713.0,52784,genus,0.00635728,Anaerofilum,ERR1090854
37713.0,1573535,genus,0.00635728,Holdemanella,ERR1090854
37713.0,33071,genus,0.00635728,Gloeobacter,ERR1090854
37713.0,55080,genus,0.00317864,Brevibacillus,ERR1090854
37713.0,44249,genus,0.00317864,Paenibacillus,ERR1090854
37713.0,830,genus,0.00317864,Butyrivibrio,ERR1090854
37713.0,123375,genus,0.00317864,Solobacterium,ERR1090854
37713.0,1017280,genus,0.00317864,Pseudoflavonifractor,ERR1090854
37713.0,102234,genus,0.00317864,Cyanobacterium,ERR1090854
37713.0,896,genus,0.00317864,Desulfococcus,ERR1090854
37713.0,216431,genus,0.00317864,Croceibacter,ERR1090854
37713.0,32207,genus,0.00317864,Rothia,ERR1090854
37713.0,166484,genus,0.00317864,Caminicella,ERR1090854
37713.0,32257,genus,0.00317864,Kingella,ERR1090854
37713.0,207244,genus,0.00317864,Anaerostipes,ERR1090854
37713.0,256846,genus,0.00317864,Lentisphaera,ERR1090854
37713.0,1350,genus,0.00317864,Enterococcus,ERR1090854
37713.0,28253,genus,0.00317864,Marinomonas,ERR1090854
37713.0,117563,genus,0.00317864,Granulicatella,ERR1090854
37713.0,336260,genus,0.00317864,Thermovirga,ERR1090854
37713.0,588605,genus,0.00317864,Robinsoniella,ERR1090854
37713.0,13334,genus,0.00317864,Anaerobiospirillum,ERR1090854
37713.0,65551,genus,0.00317864,Meiothermus,ERR1090854
37713.0,262406,genus,0.00317864,Thermobaculum,ERR1090854
37713.0,233191,genus,0.00317864,Caldilinea,ERR1090854
37713.0,543311,genus,0.00317864,Parvimonas,ERR1090854
,-1,genus,31.4781,Unknown,ERR1090854
37713.0,375288,genus,19.7012,Parabacteroides,ERR1090854
37713.0,816,genus,17.6414,Bacteroides,ERR1090854
37713.0,239759,genus,9.53274,Alistipes,ERR1090854
37713.0,216851,genus,4.28163,Faecalibacterium,ERR1090854
37713.0,1485,genus,1.95804,Clostridium,ERR1090854
37713.0,836,genus,1.30006,Porphyromonas,ERR1090854
37713.0,459786,genus,1.23013,Oscillibacter,ERR1090854
37713.0,1730,genus,1.13795,Eubacterium,ERR1090854
37713.0,577310,genus,1.11888,Parasutterella,ERR1090854
37713.0,838,genus,0.937699,Prevotella,ERR1090854
37713.0,572511,genus,0.731087,Blautia,ERR1090854
37713.0,1505657,genus,0.727908,Intestinibacter,ERR1090854
37713.0,397864,genus,0.718373,Barnesiella,ERR1090854
37713.0,162289,genus,0.702479,Peptoniphilus,ERR1090854
37713.0,1263,genus,0.619835,Ruminococcus,ERR1090854
37713.0,990721,genus,0.575334,Christensenella,ERR1090854
37713.0,841,genus,0.460903,Roseburia,ERR1090854
37713.0,869806,genus,0.454545,Marivirga,ERR1090854
37713.0,165779,genus,0.381437,Anaerococcus,ERR1090854
37713.0,2172,genus,0.375079,Methanobrevibacter,ERR1090854
37713.0,283168,genus,0.362365,Odoribacter,ERR1090854
37713.0,184869,genus,0.254291,Varibaculum,ERR1090854
37713.0,189330,genus,0.20979,Dorea,ERR1090854
37713.0,33042,genus,0.206612,Coprococcus,ERR1090854
37713.0,848,genus,0.184361,Fusobacterium,ERR1090854
37713.0,724,genus,0.171647,Haemophilus,ERR1090854
37713.0,39948,genus,0.158932,Dialister,ERR1090854
37713.0,1301,genus,0.146217,Streptococcus,ERR1090854
37713.0,244127,genus,0.143039,Anaerotruncus,ERR1090854
37713.0,1678,genus,0.13986,Bifidobacterium,ERR1090854
37713.0,1506553,genus,0.136681,Lachnoclostridium,ERR1090854
37713.0,1236988,genus,0.123967,Geofilum,ERR1090854
37713.0,1505663,genus,0.11761,Erysipelatoclostridium,ERR1090854
37713.0,1386,genus,0.0921806,Bacillus,ERR1090854
37713.0,1279,genus,0.0921806,Staphylococcus,ERR1090854
37713.0,253238,genus,0.0826446,Ethanoligenens,ERR1090854
37713.0,29465,genus,0.0762874,Veillonella,ERR1090854
37713.0,102106,genus,0.0731087,Collinsella,ERR1090854
37713.0,1716,genus,0.0731087,Corynebacterium,ERR1090854
37713.0,83660,genus,0.0603942,Desulfonispora,ERR1090854
37713.0,44748,genus,0.034965,Sporobacter,ERR1090854
37713.0,286,genus,0.0254291,Pseudomonas,ERR1090854
37713.0,239934,genus,0.0254291,Akkermansia,ERR1090854
37713.0,1578,genus,0.0222505,Lactobacillus,ERR1090854
37713.0,35832,genus,0.0222505,Bilophila,ERR1090854
37713.0,150022,genus,0.0222505,Finegoldia,ERR1090854
37713.0,420345,genus,0.0190718,Lactonifactor,ERR1090854
37713.0,644652,genus,0.0190718,Gordonibacter,ERR1090854
37713.0,346096,genus,0.0190718,Paludibacter,ERR1090854
37713.0,1505652,genus,0.0158932,Terrisporobacter,ERR1090854
37713.0,906,genus,0.0158932,Megasphaera,ERR1090854
37713.0,32067,genus,0.0158932,Leptotrichia,ERR1090854
37713.0,52225,genus,0.0127146,Mitsuokella,ERR1090854
37713.0,28453,genus,0.0127146,Sphingobacterium,ERR1090854
37713.0,482,genus,0.0127146,Neisseria,ERR1090854
37713.0,1854,genus,0.0127146,Frankia,ERR1090854
37713.0,84108,genus,0.0127146,Slackia,ERR1090854
37713.0,237,genus,0.00953592,Flavobacterium,ERR1090854
37713.0,241189,genus,0.00953592,Hespellia,ERR1090854
37713.0,34098,genus,0.00953592,Blattabacterium,ERR1090854
37713.0,59735,genus,0.00953592,Bergeyella,ERR1090854
37713.0,2050,genus,0.00953592,Mobiluncus,ERR1090854
37713.0,698776,genus,0.00953592,Cellulosilyticum,ERR1090854
37713.0,1637257,genus,0.00953592,Mageeibacillus,ERR1090854
37713.0,35823,genus,0.00635728,Arthrospira,ERR1090854
37713.0,52784,genus,0.00635728,Anaerofilum,ERR1090854
37713.0,1573535,genus,0.00635728,Holdemanella,ERR1090854
37713.0,33071,genus,0.00635728,Gloeobacter,ERR1090854
37713.0,469,genus,0.00635728,Acinetobacter,ERR1090854
37713.0,194,genus,0.00635728,Campylobacter,ERR1090854
37713.0,61434,genus,0.00635728,Dehalococcoides,ERR1090854
37713.0,1508657,genus,0.00635728,Ruminiclostridium,ERR1090854
37713.0,61170,genus,0.00635728,Holdemania,ERR1090854
37713.0,156973,genus,0.00635728,Dysgonomonas,ERR1090854
37713.0,267986,genus,0.00635728,Owenweeksia,ERR1090854
37713.0,264995,genus,0.00635728,Anaerofustis,ERR1090854
37713.0,1378,genus,0.00635728,Gemella,ERR1090854
37713.0,212791,genus,0.00635728,Enhydrobacter,ERR1090854
37713.0,2132,genus,0.00635728,Spiroplasma,ERR1090854
37713.0,1654,genus,0.00635728,Actinomyces,ERR1090854
37713.0,511434,genus,0.00635728,Candidatus Azobacteroides,ERR1090854
37713.0,588605,genus,0.00317864,Robinsoniella,ERR1090854
37713.0,65551,genus,0.00317864,Meiothermus,ERR1090854
37713.0,262406,genus,0.00317864,Thermobaculum,ERR1090854
37713.0,233191,genus,0.00317864,Caldilinea,ERR1090854
37713.0,13334,genus,0.00317864,Anaerobiospirillum,ERR1090854
37713.0,543311,genus,0.00317864,Parvimonas,ERR1090854
37713.0,55080,genus,0.00317864,Brevibacillus,ERR1090854
37713.0,44249,genus,0.00317864,Paenibacillus,ERR1090854
37713.0,830,genus,0.00317864,Butyrivibrio,ERR1090854
37713.0,123375,genus,0.00317864,Solobacterium,ERR1090854
37713.0,32207,genus,0.00317864,Rothia,ERR1090854
37713.0,1017280,genus,0.00317864,Pseudoflavonifractor,ERR1090854
37713.0,102234,genus,0.00317864,Cyanobacterium,ERR1090854
37713.0,896,genus,0.00317864,Desulfococcus,ERR1090854
37713.0,216431,genus,0.00317864,Croceibacter,ERR1090854
37713.0,207244,genus,0.00317864,Anaerostipes,ERR1090854
37713.0,256846,genus,0.00317864,Lentisphaera,ERR1090854
37713.0,166484,genus,0.00317864,Caminicella,ERR1090854
37713.0,32257,genus,0.00317864,Kingella,ERR1090854
37713.0,1350,genus,0.00317864,Enterococcus,ERR1090854
37713.0,28253,genus,0.00317864,Marinomonas,ERR1090854
37713.0,117563,genus,0.00317864,Granulicatella,ERR1090854
37713.0,336260,genus,0.00317864,Thermovirga,ERR1090854
,-1,genus,31.4781,Unknown,ERR1090854
37713.0,375288,genus,19.7012,Parabacteroides,ERR1090854
37713.0,816,genus,17.6414,Bacteroides,ERR1090854
37713.0,239759,genus,9.53274,Alistipes,ERR1090854
37713.0,216851,genus,4.28163,Faecalibacterium,ERR1090854
37713.0,1485,genus,1.95804,Clostridium,ERR1090854
37713.0,836,genus,1.30006,Porphyromonas,ERR1090854
37713.0,459786,genus,1.23013,Oscillibacter,ERR1090854
37713.0,1730,genus,1.13795,Eubacterium,ERR1090854
37713.0,577310,genus,1.11888,Parasutterella,ERR1090854
37713.0,838,genus,0.937699,Prevotella,ERR1090854
37713.0,572511,genus,0.731087,Blautia,ERR1090854
37713.0,1505657,genus,0.727908,Intestinibacter,ERR1090854
37713.0,397864,genus,0.718373,Barnesiella,ERR1090854
37713.0,162289,genus,0.702479,Peptoniphilus,ERR1090854
37713.0,1263,genus,0.619835,Ruminococcus,ERR1090854
37713.0,990721,genus,0.575334,Christensenella,ERR1090854
37713.0,841,genus,0.460903,Roseburia,ERR1090854
37713.0,869806,genus,0.454545,Marivirga,ERR1090854
37713.0,165779,genus,0.381437,Anaerococcus,ERR1090854
37713.0,2172,genus,0.375079,Methanobrevibacter,ERR1090854
37713.0,283168,genus,0.362365,Odoribacter,ERR1090854
37713.0,184869,genus,0.254291,Varibaculum,ERR1090854
37713.0,189330,genus,0.20979,Dorea,ERR1090854
37713.0,33042,genus,0.206612,Coprococcus,ERR1090854
37713.0,848,genus,0.184361,Fusobacterium,ERR1090854
37713.0,724,genus,0.171647,Haemophilus,ERR1090854
37713.0,39948,genus,0.158932,Dialister,ERR1090854
37713.0,1301,genus,0.146217,Streptococcus,ERR1090854
37713.0,244127,genus,0.143039,Anaerotruncus,ERR1090854
37713.0,1678,genus,0.13986,Bifidobacterium,ERR1090854
37713.0,1506553,genus,0.136681,Lachnoclostridium,ERR1090854
37713.0,1236988,genus,0.123967,Geofilum,ERR1090854
37713.0,1505663,genus,0.11761,Erysipelatoclostridium,ERR1090854
37713.0,1279,genus,0.0921806,Staphylococcus,ERR1090854
37713.0,1386,genus,0.0921806,Bacillus,ERR1090854
37713.0,253238,genus,0.0826446,Ethanoligenens,ERR1090854
37713.0,29465,genus,0.0762874,Veillonella,ERR1090854
37713.0,1716,genus,0.0731087,Corynebacterium,ERR1090854
37713.0,102106,genus,0.0731087,Collinsella,ERR1090854
37713.0,83660,genus,0.0603942,Desulfonispora,ERR1090854
37713.0,44748,genus,0.034965,Sporobacter,ERR1090854
37713.0,286,genus,0.0254291,Pseudomonas,ERR1090854
37713.0,239934,genus,0.0254291,Akkermansia,ERR1090854
37713.0,35832,genus,0.0222505,Bilophila,ERR1090854
37713.0,150022,genus,0.0222505,Finegoldia,ERR1090854
37713.0,1578,genus,0.0222505,Lactobacillus,ERR1090854
37713.0,346096,genus,0.0190718,Paludibacter,ERR1090854
37713.0,420345,genus,0.0190718,Lactonifactor,ERR1090854
37713.0,644652,genus,0.0190718,Gordonibacter,ERR1090854
37713.0,1505652,genus,0.0158932,Terrisporobacter,ERR1090854
37713.0,906,genus,0.0158932,Megasphaera,ERR1090854
37713.0,32067,genus,0.0158932,Leptotrichia,ERR1090854
37713.0,84108,genus,0.0127146,Slackia,ERR1090854
37713.0,52225,genus,0.0127146,Mitsuokella,ERR1090854
37713.0,28453,genus,0.0127146,Sphingobacterium,ERR1090854
37713.0,482,genus,0.0127146,Neisseria,ERR1090854
37713.0,1854,genus,0.0127146,Frankia,ERR1090854
37713.0,2050,genus,0.00953592,Mobiluncus,ERR1090854
37713.0,698776,genus,0.00953592,Cellulosilyticum,ERR1090854
37713.0,1637257,genus,0.00953592,Mageeibacillus,ERR1090854
37713.0,237,genus,0.00953592,Flavobacterium,ERR1090854
37713.0,241189,genus,0.00953592,Hespellia,ERR1090854
37713.0,34098,genus,0.00953592,Blattabacterium,ERR1090854
37713.0,59735,genus,0.00953592,Bergeyella,ERR1090854
37713.0,156973,genus,0.00635728,Dysgonomonas,ERR1090854
37713.0,267986,genus,0.00635728,Owenweeksia,ERR1090854
37713.0,264995,genus,0.00635728,Anaerofustis,ERR1090854
37713.0,1378,genus,0.00635728,Gemella,ERR1090854
37713.0,212791,genus,0.00635728,Enhydrobacter,ERR1090854
37713.0,2132,genus,0.00635728,Spiroplasma,ERR1090854
37713.0,1654,genus,0.00635728,Actinomyces,ERR1090854
37713.0,511434,genus,0.00635728,Candidatus Azobacteroides,ERR1090854
37713.0,35823,genus,0.00635728,Arthrospira,ERR1090854
37713.0,52784,genus,0.00635728,Anaerofilum,ERR1090854
37713.0,1573535,genus,0.00635728,Holdemanella,ERR1090854
37713.0,33071,genus,0.00635728,Gloeobacter,ERR1090854
37713.0,469,genus,0.00635728,Acinetobacter,ERR1090854
37713.0,194,genus,0.00635728,Campylobacter,ERR1090854
37713.0,61434,genus,0.00635728,Dehalococcoides,ERR1090854
37713.0,1508657,genus,0.00635728,Ruminiclostridium,ERR1090854
37713.0,61170,genus,0.00635728,Holdemania,ERR1090854
37713.0,117563,genus,0.00317864,Granulicatella,ERR1090854
37713.0,336260,genus,0.00317864,Thermovirga,ERR1090854
37713.0,588605,genus,0.00317864,Robinsoniella,ERR1090854
37713.0,65551,genus,0.00317864,Meiothermus,ERR1090854
37713.0,262406,genus,0.00317864,Thermobaculum,ERR1090854
37713.0,233191,genus,0.00317864,Caldilinea,ERR1090854
37713.0,13334,genus,0.00317864,Anaerobiospirillum,ERR1090854
37713.0,543311,genus,0.00317864,Parvimonas,ERR1090854
37713.0,55080,genus,0.00317864,Brevibacillus,ERR1090854
37713.0,44249,genus,0.00317864,Paenibacillus,ERR1090854
37713.0,830,genus,0.00317864,Butyrivibrio,ERR1090854
37713.0,123375,genus,0.00317864,Solobacterium,ERR1090854
37713.0,32207,genus,0.00317864,Rothia,ERR1090854
37713.0,1017280,genus,0.00317864,Pseudoflavonifractor,ERR1090854
37713.0,102234,genus,0.00317864,Cyanobacterium,ERR1090854
37713.0,896,genus,0.00317864,Desulfococcus,ERR1090854
37713.0,216431,genus,0.00317864,Croceibacter,ERR1090854
37713.0,207244,genus,0.00317864,Anaerostipes,ERR1090854
37713.0,256846,genus,0.00317864,Lentisphaera,ERR1090854
37713.0,166484,genus,0.00317864,Caminicella,ERR1090854
37713.0,32257,genus,0.00317864,Kingella,ERR1090854
37713.0,1350,genus,0.00317864,Enterococcus,ERR1090854
37713.0,28253,genus,0.00317864,Marinomonas,ERR1090854
,-1,genus,31.4781,Unknown,ERR1090854
