loaded_uid,ncbi_taxon_id,taxon_rank_level,relative_abundance,scientific_name,run_id
34038.0,816,genus,17.0077,Bacteroides,ERR1073113
34038.0,216851,genus,1.12201,Faecalibacterium,ERR1073113
34038.0,1730,genus,0.57273,Eubacterium,ERR1073113
34038.0,459786,genus,0.47895,Oscillibacter,ERR1073113
34038.0,239759,genus,0.391868,Alistipes,ERR1073113
34038.0,572511,genus,0.358375,Blautia,ERR1073113
34038.0,1508657,genus,0.328231,Ruminiclostridium,ERR1073113
34038.0,1386,genus,0.301437,Bacillus,ERR1073113
34038.0,1506553,genus,0.271293,Lachnoclostridium,ERR1073113
34038.0,1263,genus,0.247848,Ruminococcus,ERR1073113
34038.0,39948,genus,0.217704,Dialister,ERR1073113
34038.0,35832,genus,0.117225,Bilophila,ERR1073113
34038.0,841,genus,0.100479,Roseburia,ERR1073113
34038.0,244127,genus,0.0904311,Anaerotruncus,ERR1073113
34038.0,156973,genus,0.0904311,Dysgonomonas,ERR1073113
34038.0,1716,genus,0.0870818,Corynebacterium,ERR1073113
34038.0,29465,genus,0.0770339,Veillonella,ERR1073113
34038.0,561,genus,0.0736846,Escherichia,ERR1073113
34038.0,872,genus,0.0401916,Desulfovibrio,ERR1073113
34038.0,1301,genus,0.0368423,Streptococcus,ERR1073113
34038.0,61170,genus,0.0234451,Holdemania,ERR1073113
34038.0,286,genus,0.0167465,Pseudomonas,ERR1073113
34038.0,1505663,genus,0.0167465,Erysipelatoclostridium,ERR1073113
34038.0,52784,genus,0.0133972,Anaerofilum,ERR1073113
34038.0,1051,genus,0.0100479,Ectothiorhodospira,ERR1073113
34038.0,59732,genus,0.0100479,Chryseobacterium,ERR1073113
34038.0,1678,genus,0.0100479,Bifidobacterium,ERR1073113
34038.0,836,genus,0.0100479,Porphyromonas,ERR1073113
34038.0,84111,genus,0.0100479,Eggerthella,ERR1073113
34038.0,1485,genus,0.0100479,Clostridium,ERR1073113
34038.0,157920,genus,0.0066986,Cellulosimicrobium,ERR1073113
34038.0,577310,genus,0.0066986,Parasutterella,ERR1073113
34038.0,838,genus,0.0066986,Prevotella,ERR1073113
34038.0,620,genus,0.0066986,Shigella,ERR1073113
34038.0,1578,genus,0.0066986,Lactobacillus,ERR1073113
34038.0,1350,genus,0.0066986,Enterococcus,ERR1073113
34038.0,84565,genus,0.0066986,Sodalis,ERR1073113
34038.0,207244,genus,0.0066986,Anaerostipes,ERR1073113
34038.0,375288,genus,0.0066986,Parabacteroides,ERR1073113
34038.0,44260,genus,0.0033493,Moorella,ERR1073113
34038.0,265980,genus,0.0033493,Alkalimonas,ERR1073113
34038.0,61434,genus,0.0033493,Dehalococcoides,ERR1073113
34038.0,626,genus,0.0033493,Xenorhabdus,ERR1073113
34038.0,44249,genus,0.0033493,Paenibacillus,ERR1073113
34038.0,34098,genus,0.0033493,Blattabacterium,ERR1073113
34038.0,1565532,genus,0.0033493,Rouxiella,ERR1073113
34038.0,397864,genus,0.0033493,Barnesiella,ERR1073113
34038.0,1017280,genus,0.0033493,Pseudoflavonifractor,ERR1073113
34038.0,41273,genus,0.0033493,Tissierella,ERR1073113
34038.0,528,genus,0.0033493,Ochrobactrum,ERR1073113
34038.0,233189,genus,0.0033493,Anaerolinea,ERR1073113
34038.0,698776,genus,0.0033493,Cellulosilyticum,ERR1073113
34038.0,253238,genus,0.0033493,Ethanoligenens,ERR1073113
34038.0,586,genus,0.0033493,Providencia,ERR1073113
34038.0,135575,genus,0.0033493,Idiomarina,ERR1073113
34038.0,28231,genus,0.0033493,Geobacter,ERR1073113
34038.0,2742,genus,0.0033493,Marinobacter,ERR1073113
34038.0,44748,genus,0.0033493,Sporobacter,ERR1073113
34038.0,482,genus,0.0033493,Neisseria,ERR1073113
,-1,genus,77.5865,Unknown,ERR1073113
34038.0,816,genus,17.0077,Bacteroides,ERR1073113
34038.0,216851,genus,1.12201,Faecalibacterium,ERR1073113
34038.0,1730,genus,0.57273,Eubacterium,ERR1073113
34038.0,459786,genus,0.47895,Oscillibacter,ERR1073113
34038.0,239759,genus,0.391868,Alistipes,ERR1073113
34038.0,572511,genus,0.358375,Blautia,ERR1073113
34038.0,1508657,genus,0.328231,Ruminiclostridium,ERR1073113
34038.0,1386,genus,0.301437,Bacillus,ERR1073113
34038.0,1506553,genus,0.271293,Lachnoclostridium,ERR1073113
34038.0,1263,genus,0.247848,Ruminococcus,ERR1073113
34038.0,39948,genus,0.217704,Dialister,ERR1073113
34038.0,35832,genus,0.117225,Bilophila,ERR1073113
34038.0,841,genus,0.100479,Roseburia,ERR1073113
34038.0,156973,genus,0.0904311,Dysgonomonas,ERR1073113
34038.0,244127,genus,0.0904311,Anaerotruncus,ERR1073113
34038.0,1716,genus,0.0870818,Corynebacterium,ERR1073113
34038.0,29465,genus,0.0770339,Veillonella,ERR1073113
34038.0,561,genus,0.0736846,Escherichia,ERR1073113
34038.0,872,genus,0.0401916,Desulfovibrio,ERR1073113
34038.0,1301,genus,0.0368423,Streptococcus,ERR1073113
34038.0,61170,genus,0.0234451,Holdemania,ERR1073113
34038.0,286,genus,0.0167465,Pseudomonas,ERR1073113
34038.0,1505663,genus,0.0167465,Erysipelatoclostridium,ERR1073113
34038.0,52784,genus,0.0133972,Anaerofilum,ERR1073113
34038.0,84111,genus,0.0100479,Eggerthella,ERR1073113
34038.0,1485,genus,0.0100479,Clostridium,ERR1073113
34038.0,1051,genus,0.0100479,Ectothiorhodospira,ERR1073113
34038.0,59732,genus,0.0100479,Chryseobacterium,ERR1073113
34038.0,1678,genus,0.0100479,Bifidobacterium,ERR1073113
34038.0,836,genus,0.0100479,Porphyromonas,ERR1073113
34038.0,1350,genus,0.0066986,Enterococcus,ERR1073113
34038.0,84565,genus,0.0066986,Sodalis,ERR1073113
34038.0,207244,genus,0.0066986,Anaerostipes,ERR1073113
34038.0,375288,genus,0.0066986,Parabacteroides,ERR1073113
34038.0,157920,genus,0.0066986,Cellulosimicrobium,ERR1073113
34038.0,577310,genus,0.0066986,Parasutterella,ERR1073113
34038.0,838,genus,0.0066986,Prevotella,ERR1073113
34038.0,620,genus,0.0066986,Shigella,ERR1073113
34038.0,1578,genus,0.0066986,Lactobacillus,ERR1073113
34038.0,233189,genus,0.0033493,Anaerolinea,ERR1073113
34038.0,698776,genus,0.0033493,Cellulosilyticum,ERR1073113
34038.0,253238,genus,0.0033493,Ethanoligenens,ERR1073113
34038.0,586,genus,0.0033493,Providencia,ERR1073113
34038.0,135575,genus,0.0033493,Idiomarina,ERR1073113
34038.0,28231,genus,0.0033493,Geobacter,ERR1073113
34038.0,2742,genus,0.0033493,Marinobacter,ERR1073113
34038.0,44748,genus,0.0033493,Sporobacter,ERR1073113
34038.0,482,genus,0.0033493,Neisseria,ERR1073113
34038.0,44260,genus,0.0033493,Moorella,ERR1073113
34038.0,265980,genus,0.0033493,Alkalimonas,ERR1073113
34038.0,61434,genus,0.0033493,Dehalococcoides,ERR1073113
34038.0,626,genus,0.0033493,Xenorhabdus,ERR1073113
34038.0,44249,genus,0.0033493,Paenibacillus,ERR1073113
34038.0,34098,genus,0.0033493,Blattabacterium,ERR1073113
34038.0,1565532,genus,0.0033493,Rouxiella,ERR1073113
34038.0,397864,genus,0.0033493,Barnesiella,ERR1073113
34038.0,1017280,genus,0.0033493,Pseudoflavonifractor,ERR1073113
34038.0,41273,genus,0.0033493,Tissierella,ERR1073113
34038.0,528,genus,0.0033493,Ochrobactrum,ERR1073113
,-1,genus,77.5865,Unknown,ERR1073113
34038.0,816,genus,17.0077,Bacteroides,ERR1073113
34038.0,216851,genus,1.12201,Faecalibacterium,ERR1073113
34038.0,1730,genus,0.57273,Eubacterium,ERR1073113
34038.0,459786,genus,0.47895,Oscillibacter,ERR1073113
34038.0,239759,genus,0.391868,Alistipes,ERR1073113
34038.0,572511,genus,0.358375,Blautia,ERR1073113
34038.0,1508657,genus,0.328231,Ruminiclostridium,ERR1073113
34038.0,1386,genus,0.301437,Bacillus,ERR1073113
34038.0,1506553,genus,0.271293,Lachnoclostridium,ERR1073113
34038.0,1263,genus,0.247848,Ruminococcus,ERR1073113
34038.0,39948,genus,0.217704,Dialister,ERR1073113
34038.0,35832,genus,0.117225,Bilophila,ERR1073113
34038.0,841,genus,0.100479,Roseburia,ERR1073113
34038.0,156973,genus,0.0904311,Dysgonomonas,ERR1073113
34038.0,244127,genus,0.0904311,Anaerotruncus,ERR1073113
34038.0,1716,genus,0.0870818,Corynebacterium,ERR1073113
34038.0,29465,genus,0.0770339,Veillonella,ERR1073113
34038.0,561,genus,0.0736846,Escherichia,ERR1073113
34038.0,872,genus,0.0401916,Desulfovibrio,ERR1073113
34038.0,1301,genus,0.0368423,Streptococcus,ERR1073113
34038.0,61170,genus,0.0234451,Holdemania,ERR1073113
34038.0,286,genus,0.0167465,Pseudomonas,ERR1073113
34038.0,1505663,genus,0.0167465,Erysipelatoclostridium,ERR1073113
34038.0,52784,genus,0.0133972,Anaerofilum,ERR1073113
34038.0,84111,genus,0.0100479,Eggerthella,ERR1073113
34038.0,1485,genus,0.0100479,Clostridium,ERR1073113
34038.0,1051,genus,0.0100479,Ectothiorhodospira,ERR1073113
34038.0,59732,genus,0.0100479,Chryseobacterium,ERR1073113
34038.0,1678,genus,0.0100479,Bifidobacterium,ERR1073113
34038.0,836,genus,0.0100479,Porphyromonas,ERR1073113
34038.0,207244,genus,0.0066986,Anaerostipes,ERR1073113
34038.0,375288,genus,0.0066986,Parabacteroides,ERR1073113
34038.0,157920,genus,0.0066986,Cellulosimicrobium,ERR1073113
34038.0,577310,genus,0.0066986,Parasutterella,ERR1073113
34038.0,838,genus,0.0066986,Prevotella,ERR1073113
34038.0,620,genus,0.0066986,Shigella,ERR1073113
34038.0,1578,genus,0.0066986,Lactobacillus,ERR1073113
34038.0,1350,genus,0.0066986,Enterococcus,ERR1073113
34038.0,84565,genus,0.0066986,Sodalis,ERR1073113
34038.0,28231,genus,0.0033493,Geobacter,ERR1073113
34038.0,2742,genus,0.0033493,Marinobacter,ERR1073113
34038.0,44748,genus,0.0033493,Sporobacter,ERR1073113
34038.0,482,genus,0.0033493,Neisseria,ERR1073113
34038.0,44260,genus,0.0033493,Moorella,ERR1073113
34038.0,265980,genus,0.0033493,Alkalimonas,ERR1073113
34038.0,61434,genus,0.0033493,Dehalococcoides,ERR1073113
34038.0,626,genus,0.0033493,Xenorhabdus,ERR1073113
34038.0,44249,genus,0.0033493,Paenibacillus,ERR1073113
34038.0,34098,genus,0.0033493,Blattabacterium,ERR1073113
34038.0,1565532,genus,0.0033493,Rouxiella,ERR1073113
34038.0,397864,genus,0.0033493,Barnesiella,ERR1073113
34038.0,1017280,genus,0.0033493,Pseudoflavonifractor,ERR1073113
34038.0,41273,genus,0.0033493,Tissierella,ERR1073113
34038.0,528,genus,0.0033493,Ochrobactrum,ERR1073113
34038.0,233189,genus,0.0033493,Anaerolinea,ERR1073113
34038.0,698776,genus,0.0033493,Cellulosilyticum,ERR1073113
34038.0,253238,genus,0.0033493,Ethanoligenens,ERR1073113
34038.0,586,genus,0.0033493,Providencia,ERR1073113
34038.0,135575,genus,0.0033493,Idiomarina,ERR1073113
,-1,genus,77.5865,Unknown,ERR1073113
34038.0,816,genus,17.0077,Bacteroides,ERR1073113
34038.0,216851,genus,1.12201,Faecalibacterium,ERR1073113
34038.0,1730,genus,0.57273,Eubacterium,ERR1073113
34038.0,459786,genus,0.47895,Oscillibacter,ERR1073113
34038.0,239759,genus,0.391868,Alistipes,ERR1073113
34038.0,572511,genus,0.358375,Blautia,ERR1073113
34038.0,1508657,genus,0.328231,Ruminiclostridium,ERR1073113
34038.0,1386,genus,0.301437,Bacillus,ERR1073113
34038.0,1506553,genus,0.271293,Lachnoclostridium,ERR1073113
34038.0,1263,genus,0.247848,Ruminococcus,ERR1073113
34038.0,39948,genus,0.217704,Dialister,ERR1073113
34038.0,35832,genus,0.117225,Bilophila,ERR1073113
34038.0,841,genus,0.100479,Roseburia,ERR1073113
34038.0,156973,genus,0.0904311,Dysgonomonas,ERR1073113
34038.0,244127,genus,0.0904311,Anaerotruncus,ERR1073113
34038.0,1716,genus,0.0870818,Corynebacterium,ERR1073113
34038.0,29465,genus,0.0770339,Veillonella,ERR1073113
34038.0,561,genus,0.0736846,Escherichia,ERR1073113
34038.0,872,genus,0.0401916,Desulfovibrio,ERR1073113
34038.0,1301,genus,0.0368423,Streptococcus,ERR1073113
34038.0,61170,genus,0.0234451,Holdemania,ERR1073113
34038.0,286,genus,0.0167465,Pseudomonas,ERR1073113
34038.0,1505663,genus,0.0167465,Erysipelatoclostridium,ERR1073113
34038.0,52784,genus,0.0133972,Anaerofilum,ERR1073113
34038.0,1051,genus,0.0100479,Ectothiorhodospira,ERR1073113
34038.0,59732,genus,0.0100479,Chryseobacterium,ERR1073113
34038.0,1678,genus,0.0100479,Bifidobacterium,ERR1073113
34038.0,836,genus,0.0100479,Porphyromonas,ERR1073113
34038.0,1485,genus,0.0100479,Clostridium,ERR1073113
34038.0,84111,genus,0.0100479,Eggerthella,ERR1073113
34038.0,157920,genus,0.0066986,Cellulosimicrobium,ERR1073113
34038.0,577310,genus,0.0066986,Parasutterella,ERR1073113
34038.0,838,genus,0.0066986,Prevotella,ERR1073113
34038.0,1578,genus,0.0066986,Lactobacillus,ERR1073113
34038.0,620,genus,0.0066986,Shigella,ERR1073113
34038.0,1350,genus,0.0066986,Enterococcus,ERR1073113
34038.0,84565,genus,0.0066986,Sodalis,ERR1073113
34038.0,207244,genus,0.0066986,Anaerostipes,ERR1073113
34038.0,375288,genus,0.0066986,Parabacteroides,ERR1073113
34038.0,265980,genus,0.0033493,Alkalimonas,ERR1073113
34038.0,44260,genus,0.0033493,Moorella,ERR1073113
34038.0,61434,genus,0.0033493,Dehalococcoides,ERR1073113
34038.0,626,genus,0.0033493,Xenorhabdus,ERR1073113
34038.0,44249,genus,0.0033493,Paenibacillus,ERR1073113
34038.0,1565532,genus,0.0033493,Rouxiella,ERR1073113
34038.0,34098,genus,0.0033493,Blattabacterium,ERR1073113
34038.0,397864,genus,0.0033493,Barnesiella,ERR1073113
34038.0,1017280,genus,0.0033493,Pseudoflavonifractor,ERR1073113
34038.0,41273,genus,0.0033493,Tissierella,ERR1073113
34038.0,528,genus,0.0033493,Ochrobactrum,ERR1073113
34038.0,698776,genus,0.0033493,Cellulosilyticum,ERR1073113
34038.0,233189,genus,0.0033493,Anaerolinea,ERR1073113
34038.0,253238,genus,0.0033493,Ethanoligenens,ERR1073113
34038.0,135575,genus,0.0033493,Idiomarina,ERR1073113
34038.0,586,genus,0.0033493,Providencia,ERR1073113
34038.0,28231,genus,0.0033493,Geobacter,ERR1073113
34038.0,2742,genus,0.0033493,Marinobacter,ERR1073113
34038.0,44748,genus,0.0033493,Sporobacter,ERR1073113
34038.0,482,genus,0.0033493,Neisseria,ERR1073113
,-1,genus,77.5865,Unknown,ERR1073113
34038.0,816,genus,17.0077,Bacteroides,ERR1073113
34038.0,216851,genus,1.12201,Faecalibacterium,ERR1073113
34038.0,1730,genus,0.57273,Eubacterium,ERR1073113
34038.0,459786,genus,0.47895,Oscillibacter,ERR1073113
34038.0,239759,genus,0.391868,Alistipes,ERR1073113
34038.0,572511,genus,0.358375,Blautia,ERR1073113
34038.0,1508657,genus,0.328231,Ruminiclostridium,ERR1073113
34038.0,1386,genus,0.301437,Bacillus,ERR1073113
34038.0,1506553,genus,0.271293,Lachnoclostridium,ERR1073113
34038.0,1263,genus,0.247848,Ruminococcus,ERR1073113
34038.0,39948,genus,0.217704,Dialister,ERR1073113
34038.0,35832,genus,0.117225,Bilophila,ERR1073113
34038.0,841,genus,0.100479,Roseburia,ERR1073113
34038.0,156973,genus,0.0904311,Dysgonomonas,ERR1073113
34038.0,244127,genus,0.0904311,Anaerotruncus,ERR1073113
34038.0,1716,genus,0.0870818,Corynebacterium,ERR1073113
34038.0,29465,genus,0.0770339,Veillonella,ERR1073113
34038.0,561,genus,0.0736846,Escherichia,ERR1073113
34038.0,872,genus,0.0401916,Desulfovibrio,ERR1073113
34038.0,1301,genus,0.0368423,Streptococcus,ERR1073113
34038.0,61170,genus,0.0234451,Holdemania,ERR1073113
34038.0,286,genus,0.0167465,Pseudomonas,ERR1073113
34038.0,1505663,genus,0.0167465,Erysipelatoclostridium,ERR1073113
34038.0,52784,genus,0.0133972,Anaerofilum,ERR1073113
34038.0,84111,genus,0.0100479,Eggerthella,ERR1073113
34038.0,1485,genus,0.0100479,Clostridium,ERR1073113
34038.0,1051,genus,0.0100479,Ectothiorhodospira,ERR1073113
34038.0,59732,genus,0.0100479,Chryseobacterium,ERR1073113
34038.0,1678,genus,0.0100479,Bifidobacterium,ERR1073113
34038.0,836,genus,0.0100479,Porphyromonas,ERR1073113
34038.0,84565,genus,0.0066986,Sodalis,ERR1073113
34038.0,207244,genus,0.0066986,Anaerostipes,ERR1073113
34038.0,375288,genus,0.0066986,Parabacteroides,ERR1073113
34038.0,157920,genus,0.0066986,Cellulosimicrobium,ERR1073113
34038.0,577310,genus,0.0066986,Parasutterella,ERR1073113
34038.0,838,genus,0.0066986,Prevotella,ERR1073113
34038.0,620,genus,0.0066986,Shigella,ERR1073113
34038.0,1578,genus,0.0066986,Lactobacillus,ERR1073113
34038.0,1350,genus,0.0066986,Enterococcus,ERR1073113
34038.0,586,genus,0.0033493,Providencia,ERR1073113
34038.0,135575,genus,0.0033493,Idiomarina,ERR1073113
34038.0,28231,genus,0.0033493,Geobacter,ERR1073113
34038.0,2742,genus,0.0033493,Marinobacter,ERR1073113
34038.0,44748,genus,0.0033493,Sporobacter,ERR1073113
34038.0,482,genus,0.0033493,Neisseria,ERR1073113
34038.0,44260,genus,0.0033493,Moorella,ERR1073113
34038.0,265980,genus,0.0033493,Alkalimonas,ERR1073113
34038.0,61434,genus,0.0033493,Dehalococcoides,ERR1073113
34038.0,626,genus,0.0033493,Xenorhabdus,ERR1073113
34038.0,44249,genus,0.0033493,Paenibacillus,ERR1073113
34038.0,34098,genus,0.0033493,Blattabacterium,ERR1073113
34038.0,1565532,genus,0.0033493,Rouxiella,ERR1073113
34038.0,397864,genus,0.0033493,Barnesiella,ERR1073113
34038.0,1017280,genus,0.0033493,Pseudoflavonifractor,ERR1073113
34038.0,41273,genus,0.0033493,Tissierella,ERR1073113
34038.0,528,genus,0.0033493,Ochrobactrum,ERR1073113
34038.0,233189,genus,0.0033493,Anaerolinea,ERR1073113
34038.0,698776,genus,0.0033493,Cellulosilyticum,ERR1073113
34038.0,253238,genus,0.0033493,Ethanoligenens,ERR1073113
,-1,genus,77.5865,Unknown,ERR1073113
34041.0,286,genus,32.6122,Pseudomonas,ERR1073712
34041.0,816,genus,8.37011,Bacteroides,ERR1073712
34041.0,239759,genus,4.59996,Alistipes,ERR1073712
34041.0,1508657,genus,2.44148,Ruminiclostridium,ERR1073712
34041.0,40323,genus,2.16807,Stenotrophomonas,ERR1073712
34041.0,216851,genus,1.67402,Faecalibacterium,ERR1073712
34041.0,1730,genus,1.5685,Eubacterium,ERR1073712
34041.0,572511,genus,0.546815,Blautia,ERR1073712
34041.0,528,genus,0.278204,Ochrobactrum,ERR1073712
34041.0,469,genus,0.259018,Acinetobacter,ERR1073712
34041.0,459786,genus,0.196662,Oscillibacter,ERR1073712
34041.0,1505663,genus,0.187068,Erysipelatoclostridium,ERR1073712
34041.0,157920,genus,0.134305,Cellulosimicrobium,ERR1073712
34041.0,283168,genus,0.134305,Odoribacter,ERR1073712
34041.0,1301,genus,0.119916,Streptococcus,ERR1073712
34041.0,207244,genus,0.115119,Anaerostipes,ERR1073712
34041.0,841,genus,0.0911358,Roseburia,ERR1073712
34041.0,239934,genus,0.0815426,Akkermansia,ERR1073712
34041.0,507,genus,0.0815426,Alcaligenes,ERR1073712
34041.0,44249,genus,0.0431696,Paenibacillus,ERR1073712
34041.0,1827,genus,0.0431696,Rhodococcus,ERR1073712
34041.0,561,genus,0.0431696,Escherichia,ERR1073712
34041.0,1350,genus,0.0287797,Enterococcus,ERR1073712
34041.0,1506553,genus,0.0287797,Lachnoclostridium,ERR1073712
34041.0,838,genus,0.0287797,Prevotella,ERR1073712
34041.0,1263,genus,0.0287797,Ruminococcus,ERR1073712
34041.0,305976,genus,0.0287797,Pusillimonas,ERR1073712
34041.0,244127,genus,0.0239831,Anaerotruncus,ERR1073712
34041.0,1386,genus,0.0191865,Bacillus,ERR1073712
34041.0,590,genus,0.0191865,Salmonella,ERR1073712
34041.0,872,genus,0.0191865,Desulfovibrio,ERR1073712
34041.0,265980,genus,0.0143899,Alkalimonas,ERR1073712
34041.0,570,genus,0.0143899,Klebsiella,ERR1073712
34041.0,33042,genus,0.0143899,Coprococcus,ERR1073712
34041.0,233189,genus,0.00959325,Anaerolinea,ERR1073712
34041.0,497,genus,0.00959325,Psychrobacter,ERR1073712
34041.0,724,genus,0.00959325,Haemophilus,ERR1073712
34041.0,265,genus,0.00959325,Paracoccus,ERR1073712
34041.0,998014,genus,0.00959325,Cocleimonas,ERR1073712
34041.0,1485,genus,0.00959325,Clostridium,ERR1073712
34041.0,1822464,genus,0.00959325,Paraburkholderia,ERR1073712
34041.0,1017280,genus,0.00959325,Pseudoflavonifractor,ERR1073712
34041.0,642,genus,0.00959325,Aeromonas,ERR1073712
34041.0,1051,genus,0.00959325,Ectothiorhodospira,ERR1073712
34041.0,1505657,genus,0.00959325,Intestinibacter,ERR1073712
34041.0,44748,genus,0.00959325,Sporobacter,ERR1073712
34041.0,863253,genus,0.00959325,Marinicella,ERR1073712
34041.0,620,genus,0.00959325,Shigella,ERR1073712
34041.0,41275,genus,0.00479662,Brevundimonas,ERR1073712
34041.0,375288,genus,0.00479662,Parabacteroides,ERR1073712
34041.0,583,genus,0.00479662,Proteus,ERR1073712
34041.0,165779,genus,0.00479662,Anaerococcus,ERR1073712
34041.0,776,genus,0.00479662,Coxiella,ERR1073712
34041.0,61170,genus,0.00479662,Holdemania,ERR1073712
34041.0,577309,genus,0.00479662,Paraprevotella,ERR1073712
34041.0,102106,genus,0.00479662,Collinsella,ERR1073712
34041.0,795750,genus,0.00479662,Ignavibacterium,ERR1073712
34041.0,1279,genus,0.00479662,Staphylococcus,ERR1073712
34041.0,346096,genus,0.00479662,Paludibacter,ERR1073712
34041.0,397864,genus,0.00479662,Barnesiella,ERR1073712
34041.0,1030,genus,0.00479662,Thiothrix,ERR1073712
34041.0,28453,genus,0.00479662,Sphingobacterium,ERR1073712
34041.0,84111,genus,0.00479662,Eggerthella,ERR1073712
34041.0,39948,genus,0.00479662,Dialister,ERR1073712
34041.0,32207,genus,0.00479662,Rothia,ERR1073712
34041.0,469322,genus,0.00479662,Steroidobacter,ERR1073712
34041.0,60919,genus,0.00479662,Sanguibacter,ERR1073712
,-1,genus,43.6205,Unknown,ERR1073712
34041.0,286,genus,32.6122,Pseudomonas,ERR1073712
34041.0,816,genus,8.37011,Bacteroides,ERR1073712
34041.0,239759,genus,4.59996,Alistipes,ERR1073712
34041.0,1508657,genus,2.44148,Ruminiclostridium,ERR1073712
34041.0,40323,genus,2.16807,Stenotrophomonas,ERR1073712
34041.0,216851,genus,1.67402,Faecalibacterium,ERR1073712
34041.0,1730,genus,1.5685,Eubacterium,ERR1073712
34041.0,572511,genus,0.546815,Blautia,ERR1073712
34041.0,528,genus,0.278204,Ochrobactrum,ERR1073712
34041.0,469,genus,0.259018,Acinetobacter,ERR1073712
34041.0,459786,genus,0.196662,Oscillibacter,ERR1073712
34041.0,1505663,genus,0.187068,Erysipelatoclostridium,ERR1073712
34041.0,157920,genus,0.134305,Cellulosimicrobium,ERR1073712
34041.0,283168,genus,0.134305,Odoribacter,ERR1073712
34041.0,1301,genus,0.119916,Streptococcus,ERR1073712
34041.0,207244,genus,0.115119,Anaerostipes,ERR1073712
34041.0,841,genus,0.0911358,Roseburia,ERR1073712
34041.0,507,genus,0.0815426,Alcaligenes,ERR1073712
34041.0,239934,genus,0.0815426,Akkermansia,ERR1073712
34041.0,561,genus,0.0431696,Escherichia,ERR1073712
34041.0,44249,genus,0.0431696,Paenibacillus,ERR1073712
34041.0,1827,genus,0.0431696,Rhodococcus,ERR1073712
34041.0,838,genus,0.0287797,Prevotella,ERR1073712
34041.0,1263,genus,0.0287797,Ruminococcus,ERR1073712
34041.0,305976,genus,0.0287797,Pusillimonas,ERR1073712
34041.0,1350,genus,0.0287797,Enterococcus,ERR1073712
34041.0,1506553,genus,0.0287797,Lachnoclostridium,ERR1073712
34041.0,244127,genus,0.0239831,Anaerotruncus,ERR1073712
34041.0,1386,genus,0.0191865,Bacillus,ERR1073712
34041.0,590,genus,0.0191865,Salmonella,ERR1073712
34041.0,872,genus,0.0191865,Desulfovibrio,ERR1073712
34041.0,265980,genus,0.0143899,Alkalimonas,ERR1073712
34041.0,570,genus,0.0143899,Klebsiella,ERR1073712
34041.0,33042,genus,0.0143899,Coprococcus,ERR1073712
34041.0,1505657,genus,0.00959325,Intestinibacter,ERR1073712
34041.0,44748,genus,0.00959325,Sporobacter,ERR1073712
34041.0,863253,genus,0.00959325,Marinicella,ERR1073712
34041.0,620,genus,0.00959325,Shigella,ERR1073712
34041.0,233189,genus,0.00959325,Anaerolinea,ERR1073712
34041.0,497,genus,0.00959325,Psychrobacter,ERR1073712
34041.0,724,genus,0.00959325,Haemophilus,ERR1073712
34041.0,265,genus,0.00959325,Paracoccus,ERR1073712
34041.0,998014,genus,0.00959325,Cocleimonas,ERR1073712
34041.0,1485,genus,0.00959325,Clostridium,ERR1073712
34041.0,1822464,genus,0.00959325,Paraburkholderia,ERR1073712
34041.0,1017280,genus,0.00959325,Pseudoflavonifractor,ERR1073712
34041.0,642,genus,0.00959325,Aeromonas,ERR1073712
34041.0,1051,genus,0.00959325,Ectothiorhodospira,ERR1073712
34041.0,346096,genus,0.00479662,Paludibacter,ERR1073712
34041.0,397864,genus,0.00479662,Barnesiella,ERR1073712
34041.0,1030,genus,0.00479662,Thiothrix,ERR1073712
34041.0,28453,genus,0.00479662,Sphingobacterium,ERR1073712
34041.0,84111,genus,0.00479662,Eggerthella,ERR1073712
34041.0,39948,genus,0.00479662,Dialister,ERR1073712
34041.0,32207,genus,0.00479662,Rothia,ERR1073712
34041.0,469322,genus,0.00479662,Steroidobacter,ERR1073712
34041.0,60919,genus,0.00479662,Sanguibacter,ERR1073712
34041.0,41275,genus,0.00479662,Brevundimonas,ERR1073712
34041.0,375288,genus,0.00479662,Parabacteroides,ERR1073712
34041.0,583,genus,0.00479662,Proteus,ERR1073712
34041.0,165779,genus,0.00479662,Anaerococcus,ERR1073712
34041.0,776,genus,0.00479662,Coxiella,ERR1073712
34041.0,61170,genus,0.00479662,Holdemania,ERR1073712
34041.0,577309,genus,0.00479662,Paraprevotella,ERR1073712
34041.0,102106,genus,0.00479662,Collinsella,ERR1073712
34041.0,795750,genus,0.00479662,Ignavibacterium,ERR1073712
34041.0,1279,genus,0.00479662,Staphylococcus,ERR1073712
,-1,genus,43.6205,Unknown,ERR1073712
34041.0,286,genus,32.6122,Pseudomonas,ERR1073712
34041.0,816,genus,8.37011,Bacteroides,ERR1073712
34041.0,239759,genus,4.59996,Alistipes,ERR1073712
34041.0,1508657,genus,2.44148,Ruminiclostridium,ERR1073712
34041.0,40323,genus,2.16807,Stenotrophomonas,ERR1073712
34041.0,216851,genus,1.67402,Faecalibacterium,ERR1073712
34041.0,1730,genus,1.5685,Eubacterium,ERR1073712
34041.0,572511,genus,0.546815,Blautia,ERR1073712
34041.0,528,genus,0.278204,Ochrobactrum,ERR1073712
34041.0,469,genus,0.259018,Acinetobacter,ERR1073712
34041.0,459786,genus,0.196662,Oscillibacter,ERR1073712
34041.0,1505663,genus,0.187068,Erysipelatoclostridium,ERR1073712
34041.0,157920,genus,0.134305,Cellulosimicrobium,ERR1073712
34041.0,283168,genus,0.134305,Odoribacter,ERR1073712
34041.0,1301,genus,0.119916,Streptococcus,ERR1073712
34041.0,207244,genus,0.115119,Anaerostipes,ERR1073712
34041.0,841,genus,0.0911358,Roseburia,ERR1073712
34041.0,507,genus,0.0815426,Alcaligenes,ERR1073712
34041.0,239934,genus,0.0815426,Akkermansia,ERR1073712
34041.0,44249,genus,0.0431696,Paenibacillus,ERR1073712
34041.0,1827,genus,0.0431696,Rhodococcus,ERR1073712
34041.0,561,genus,0.0431696,Escherichia,ERR1073712
34041.0,838,genus,0.0287797,Prevotella,ERR1073712
34041.0,1263,genus,0.0287797,Ruminococcus,ERR1073712
34041.0,305976,genus,0.0287797,Pusillimonas,ERR1073712
34041.0,1350,genus,0.0287797,Enterococcus,ERR1073712
34041.0,1506553,genus,0.0287797,Lachnoclostridium,ERR1073712
34041.0,244127,genus,0.0239831,Anaerotruncus,ERR1073712
34041.0,590,genus,0.0191865,Salmonella,ERR1073712
34041.0,872,genus,0.0191865,Desulfovibrio,ERR1073712
34041.0,1386,genus,0.0191865,Bacillus,ERR1073712
34041.0,265980,genus,0.0143899,Alkalimonas,ERR1073712
34041.0,570,genus,0.0143899,Klebsiella,ERR1073712
34041.0,33042,genus,0.0143899,Coprococcus,ERR1073712
34041.0,620,genus,0.00959325,Shigella,ERR1073712
34041.0,233189,genus,0.00959325,Anaerolinea,ERR1073712
34041.0,497,genus,0.00959325,Psychrobacter,ERR1073712
34041.0,724,genus,0.00959325,Haemophilus,ERR1073712
34041.0,265,genus,0.00959325,Paracoccus,ERR1073712
34041.0,998014,genus,0.00959325,Cocleimonas,ERR1073712
34041.0,1485,genus,0.00959325,Clostridium,ERR1073712
34041.0,1822464,genus,0.00959325,Paraburkholderia,ERR1073712
34041.0,1017280,genus,0.00959325,Pseudoflavonifractor,ERR1073712
34041.0,642,genus,0.00959325,Aeromonas,ERR1073712
34041.0,1051,genus,0.00959325,Ectothiorhodospira,ERR1073712
34041.0,1505657,genus,0.00959325,Intestinibacter,ERR1073712
34041.0,44748,genus,0.00959325,Sporobacter,ERR1073712
34041.0,863253,genus,0.00959325,Marinicella,ERR1073712
34041.0,84111,genus,0.00479662,Eggerthella,ERR1073712
34041.0,39948,genus,0.00479662,Dialister,ERR1073712
34041.0,32207,genus,0.00479662,Rothia,ERR1073712
34041.0,469322,genus,0.00479662,Steroidobacter,ERR1073712
34041.0,60919,genus,0.00479662,Sanguibacter,ERR1073712
34041.0,41275,genus,0.00479662,Brevundimonas,ERR1073712
34041.0,375288,genus,0.00479662,Parabacteroides,ERR1073712
34041.0,583,genus,0.00479662,Proteus,ERR1073712
34041.0,165779,genus,0.00479662,Anaerococcus,ERR1073712
34041.0,776,genus,0.00479662,Coxiella,ERR1073712
34041.0,61170,genus,0.00479662,Holdemania,ERR1073712
34041.0,577309,genus,0.00479662,Paraprevotella,ERR1073712
34041.0,102106,genus,0.00479662,Collinsella,ERR1073712
34041.0,795750,genus,0.00479662,Ignavibacterium,ERR1073712
34041.0,1279,genus,0.00479662,Staphylococcus,ERR1073712
34041.0,346096,genus,0.00479662,Paludibacter,ERR1073712
34041.0,397864,genus,0.00479662,Barnesiella,ERR1073712
34041.0,1030,genus,0.00479662,Thiothrix,ERR1073712
34041.0,28453,genus,0.00479662,Sphingobacterium,ERR1073712
,-1,genus,43.6205,Unknown,ERR1073712
34041.0,286,genus,32.6122,Pseudomonas,ERR1073712
34041.0,816,genus,8.37011,Bacteroides,ERR1073712
34041.0,239759,genus,4.59996,Alistipes,ERR1073712
34041.0,1508657,genus,2.44148,Ruminiclostridium,ERR1073712
34041.0,40323,genus,2.16807,Stenotrophomonas,ERR1073712
34041.0,216851,genus,1.67402,Faecalibacterium,ERR1073712
34041.0,1730,genus,1.5685,Eubacterium,ERR1073712
34041.0,572511,genus,0.546815,Blautia,ERR1073712
34041.0,528,genus,0.278204,Ochrobactrum,ERR1073712
34041.0,469,genus,0.259018,Acinetobacter,ERR1073712
34041.0,459786,genus,0.196662,Oscillibacter,ERR1073712
34041.0,1505663,genus,0.187068,Erysipelatoclostridium,ERR1073712
34041.0,157920,genus,0.134305,Cellulosimicrobium,ERR1073712
34041.0,283168,genus,0.134305,Odoribacter,ERR1073712
34041.0,1301,genus,0.119916,Streptococcus,ERR1073712
34041.0,207244,genus,0.115119,Anaerostipes,ERR1073712
34041.0,841,genus,0.0911358,Roseburia,ERR1073712
34041.0,507,genus,0.0815426,Alcaligenes,ERR1073712
34041.0,239934,genus,0.0815426,Akkermansia,ERR1073712
34041.0,44249,genus,0.0431696,Paenibacillus,ERR1073712
34041.0,1827,genus,0.0431696,Rhodococcus,ERR1073712
34041.0,561,genus,0.0431696,Escherichia,ERR1073712
34041.0,1506553,genus,0.0287797,Lachnoclostridium,ERR1073712
34041.0,1350,genus,0.0287797,Enterococcus,ERR1073712
34041.0,1263,genus,0.0287797,Ruminococcus,ERR1073712
34041.0,838,genus,0.0287797,Prevotella,ERR1073712
34041.0,305976,genus,0.0287797,Pusillimonas,ERR1073712
34041.0,244127,genus,0.0239831,Anaerotruncus,ERR1073712
34041.0,872,genus,0.0191865,Desulfovibrio,ERR1073712
34041.0,1386,genus,0.0191865,Bacillus,ERR1073712
34041.0,590,genus,0.0191865,Salmonella,ERR1073712
34041.0,265980,genus,0.0143899,Alkalimonas,ERR1073712
34041.0,570,genus,0.0143899,Klebsiella,ERR1073712
34041.0,33042,genus,0.0143899,Coprococcus,ERR1073712
34041.0,233189,genus,0.00959325,Anaerolinea,ERR1073712
34041.0,497,genus,0.00959325,Psychrobacter,ERR1073712
34041.0,724,genus,0.00959325,Haemophilus,ERR1073712
34041.0,265,genus,0.00959325,Paracoccus,ERR1073712
34041.0,1485,genus,0.00959325,Clostridium,ERR1073712
34041.0,998014,genus,0.00959325,Cocleimonas,ERR1073712
34041.0,1822464,genus,0.00959325,Paraburkholderia,ERR1073712
34041.0,1017280,genus,0.00959325,Pseudoflavonifractor,ERR1073712
34041.0,642,genus,0.00959325,Aeromonas,ERR1073712
34041.0,1051,genus,0.00959325,Ectothiorhodospira,ERR1073712
34041.0,1505657,genus,0.00959325,Intestinibacter,ERR1073712
34041.0,44748,genus,0.00959325,Sporobacter,ERR1073712
34041.0,863253,genus,0.00959325,Marinicella,ERR1073712
34041.0,620,genus,0.00959325,Shigella,ERR1073712
34041.0,41275,genus,0.00479662,Brevundimonas,ERR1073712
34041.0,375288,genus,0.00479662,Parabacteroides,ERR1073712
34041.0,583,genus,0.00479662,Proteus,ERR1073712
34041.0,165779,genus,0.00479662,Anaerococcus,ERR1073712
34041.0,776,genus,0.00479662,Coxiella,ERR1073712
34041.0,61170,genus,0.00479662,Holdemania,ERR1073712
34041.0,577309,genus,0.00479662,Paraprevotella,ERR1073712
34041.0,1279,genus,0.00479662,Staphylococcus,ERR1073712
34041.0,102106,genus,0.00479662,Collinsella,ERR1073712
34041.0,795750,genus,0.00479662,Ignavibacterium,ERR1073712
34041.0,397864,genus,0.00479662,Barnesiella,ERR1073712
34041.0,346096,genus,0.00479662,Paludibacter,ERR1073712
34041.0,1030,genus,0.00479662,Thiothrix,ERR1073712
34041.0,28453,genus,0.00479662,Sphingobacterium,ERR1073712
34041.0,84111,genus,0.00479662,Eggerthella,ERR1073712
34041.0,469322,genus,0.00479662,Steroidobacter,ERR1073712
34041.0,39948,genus,0.00479662,Dialister,ERR1073712
34041.0,32207,genus,0.00479662,Rothia,ERR1073712
34041.0,60919,genus,0.00479662,Sanguibacter,ERR1073712
,-1,genus,43.6205,Unknown,ERR1073712
34041.0,286,genus,32.6122,Pseudomonas,ERR1073712
34041.0,816,genus,8.37011,Bacteroides,ERR1073712
34041.0,239759,genus,4.59996,Alistipes,ERR1073712
34041.0,1508657,genus,2.44148,Ruminiclostridium,ERR1073712
34041.0,40323,genus,2.16807,Stenotrophomonas,ERR1073712
34041.0,216851,genus,1.67402,Faecalibacterium,ERR1073712
34041.0,1730,genus,1.5685,Eubacterium,ERR1073712
34041.0,572511,genus,0.546815,Blautia,ERR1073712
34041.0,528,genus,0.278204,Ochrobactrum,ERR1073712
34041.0,469,genus,0.259018,Acinetobacter,ERR1073712
34041.0,459786,genus,0.196662,Oscillibacter,ERR1073712
34041.0,1505663,genus,0.187068,Erysipelatoclostridium,ERR1073712
34041.0,157920,genus,0.134305,Cellulosimicrobium,ERR1073712
34041.0,283168,genus,0.134305,Odoribacter,ERR1073712
34041.0,1301,genus,0.119916,Streptococcus,ERR1073712
34041.0,207244,genus,0.115119,Anaerostipes,ERR1073712
34041.0,841,genus,0.0911358,Roseburia,ERR1073712
34041.0,507,genus,0.0815426,Alcaligenes,ERR1073712
34041.0,239934,genus,0.0815426,Akkermansia,ERR1073712
34041.0,561,genus,0.0431696,Escherichia,ERR1073712
34041.0,44249,genus,0.0431696,Paenibacillus,ERR1073712
34041.0,1827,genus,0.0431696,Rhodococcus,ERR1073712
34041.0,838,genus,0.0287797,Prevotella,ERR1073712
34041.0,1263,genus,0.0287797,Ruminococcus,ERR1073712
34041.0,305976,genus,0.0287797,Pusillimonas,ERR1073712
34041.0,1350,genus,0.0287797,Enterococcus,ERR1073712
34041.0,1506553,genus,0.0287797,Lachnoclostridium,ERR1073712
34041.0,244127,genus,0.0239831,Anaerotruncus,ERR1073712
34041.0,590,genus,0.0191865,Salmonella,ERR1073712
34041.0,872,genus,0.0191865,Desulfovibrio,ERR1073712
34041.0,1386,genus,0.0191865,Bacillus,ERR1073712
34041.0,265980,genus,0.0143899,Alkalimonas,ERR1073712
34041.0,570,genus,0.0143899,Klebsiella,ERR1073712
34041.0,33042,genus,0.0143899,Coprococcus,ERR1073712
34041.0,620,genus,0.00959325,Shigella,ERR1073712
34041.0,233189,genus,0.00959325,Anaerolinea,ERR1073712
34041.0,497,genus,0.00959325,Psychrobacter,ERR1073712
34041.0,724,genus,0.00959325,Haemophilus,ERR1073712
34041.0,265,genus,0.00959325,Paracoccus,ERR1073712
34041.0,998014,genus,0.00959325,Cocleimonas,ERR1073712
34041.0,1485,genus,0.00959325,Clostridium,ERR1073712
34041.0,1822464,genus,0.00959325,Paraburkholderia,ERR1073712
34041.0,1017280,genus,0.00959325,Pseudoflavonifractor,ERR1073712
34041.0,642,genus,0.00959325,Aeromonas,ERR1073712
34041.0,1051,genus,0.00959325,Ectothiorhodospira,ERR1073712
34041.0,1505657,genus,0.00959325,Intestinibacter,ERR1073712
34041.0,44748,genus,0.00959325,Sporobacter,ERR1073712
34041.0,863253,genus,0.00959325,Marinicella,ERR1073712
34041.0,28453,genus,0.00479662,Sphingobacterium,ERR1073712
34041.0,84111,genus,0.00479662,Eggerthella,ERR1073712
34041.0,39948,genus,0.00479662,Dialister,ERR1073712
34041.0,32207,genus,0.00479662,Rothia,ERR1073712
34041.0,469322,genus,0.00479662,Steroidobacter,ERR1073712
34041.0,60919,genus,0.00479662,Sanguibacter,ERR1073712
34041.0,41275,genus,0.00479662,Brevundimonas,ERR1073712
34041.0,375288,genus,0.00479662,Parabacteroides,ERR1073712
34041.0,583,genus,0.00479662,Proteus,ERR1073712
34041.0,165779,genus,0.00479662,Anaerococcus,ERR1073712
34041.0,776,genus,0.00479662,Coxiella,ERR1073712
34041.0,61170,genus,0.00479662,Holdemania,ERR1073712
34041.0,577309,genus,0.00479662,Paraprevotella,ERR1073712
34041.0,102106,genus,0.00479662,Collinsella,ERR1073712
34041.0,795750,genus,0.00479662,Ignavibacterium,ERR1073712
34041.0,1279,genus,0.00479662,Staphylococcus,ERR1073712
34041.0,346096,genus,0.00479662,Paludibacter,ERR1073712
34041.0,397864,genus,0.00479662,Barnesiella,ERR1073712
34041.0,1030,genus,0.00479662,Thiothrix,ERR1073712
,-1,genus,43.6205,Unknown,ERR1073712
34055.0,816,genus,19.3207,Bacteroides,ERR1075893
34055.0,239759,genus,10.5308,Alistipes,ERR1075893
34055.0,375288,genus,5.94811,Parabacteroides,ERR1075893
34055.0,1508657,genus,5.82011,Ruminiclostridium,ERR1075893
34055.0,216851,genus,5.77317,Faecalibacterium,ERR1075893
34055.0,459786,genus,2.84178,Oscillibacter,ERR1075893
34055.0,397864,genus,2.35535,Barnesiella,ERR1075893
34055.0,39948,genus,1.69398,Dialister,ERR1075893
34055.0,239934,genus,1.68117,Akkermansia,ERR1075893
34055.0,1730,genus,1.52756,Eubacterium,ERR1075893
34055.0,572511,genus,1.42089,Blautia,ERR1075893
34055.0,44748,genus,1.0198,Sporobacter,ERR1075893
34055.0,1263,genus,0.925926,Ruminococcus,ERR1075893
34055.0,1279388,genus,0.913125,Kandleria,ERR1075893
34055.0,577310,genus,0.874723,Parasutterella,ERR1075893
34055.0,283168,genus,0.678443,Odoribacter,ERR1075893
34055.0,841,genus,0.631507,Roseburia,ERR1075893
34055.0,1506553,genus,0.580304,Lachnoclostridium,ERR1075893
34055.0,904,genus,0.512033,Acidaminococcus,ERR1075893
34055.0,724,genus,0.499232,Haemophilus,ERR1075893
34055.0,244127,genus,0.443762,Anaerotruncus,ERR1075893
34055.0,35832,genus,0.371224,Bilophila,ERR1075893
34055.0,1573535,genus,0.332821,Holdemanella,ERR1075893
34055.0,872,genus,0.302953,Desulfovibrio,ERR1075893
34055.0,33042,genus,0.281618,Coprococcus,ERR1075893
34055.0,1301,genus,0.238949,Streptococcus,ERR1075893
34055.0,1485,genus,0.179211,Clostridium,ERR1075893
34055.0,2147,genus,0.145076,Acholeplasma,ERR1075893
34055.0,1505663,genus,0.128008,Erysipelatoclostridium,ERR1075893
34055.0,836,genus,0.115207,Porphyromonas,ERR1075893
34055.0,1678,genus,0.115207,Bifidobacterium,ERR1075893
34055.0,990721,genus,0.11094,Christensenella,ERR1075893
34055.0,2172,genus,0.0938727,Methanobrevibacter,ERR1075893
34055.0,838,genus,0.0810719,Prevotella,ERR1075893
34055.0,1386,genus,0.0810719,Bacillus,ERR1075893
34055.0,189330,genus,0.072538,Dorea,ERR1075893
34055.0,61170,genus,0.0469363,Holdemania,ERR1075893
34055.0,846,genus,0.0426694,Oxalobacter,ERR1075893
34055.0,172900,genus,0.0298686,Victivallis,ERR1075893
34055.0,2740,genus,0.0256016,Peptococcus,ERR1075893
34055.0,561,genus,0.0256016,Escherichia,ERR1075893
34055.0,207244,genus,0.0213347,Anaerostipes,ERR1075893
34055.0,1380,genus,0.0170678,Atopobium,ERR1075893
34055.0,1654,genus,0.0170678,Actinomyces,ERR1075893
34055.0,286,genus,0.0128008,Pseudomonas,ERR1075893
34055.0,41273,genus,0.0128008,Tissierella,ERR1075893
34055.0,392735,genus,0.0128008,Uliginosibacterium,ERR1075893
34055.0,29465,genus,0.0128008,Veillonella,ERR1075893
34055.0,32636,genus,0.00853388,Halothermothrix,ERR1075893
34055.0,61434,genus,0.00853388,Dehalococcoides,ERR1075893
34055.0,278993,genus,0.00853388,Thermincola,ERR1075893
34055.0,233191,genus,0.00853388,Caldilinea,ERR1075893
34055.0,508459,genus,0.00853388,Cloacibacillus,ERR1075893
34055.0,146813,genus,0.00853388,Dendrosporobacter,ERR1075893
34055.0,156973,genus,0.00853388,Dysgonomonas,ERR1075893
34055.0,53335,genus,0.00853388,Pantoea,ERR1075893
34055.0,898,genus,0.00426694,Desulfomicrobium,ERR1075893
34055.0,346096,genus,0.00426694,Paludibacter,ERR1075893
34055.0,1200657,genus,0.00426694,Saccharofermentans,ERR1075893
34055.0,497,genus,0.00426694,Psychrobacter,ERR1075893
34055.0,914,genus,0.00426694,Nitrosomonas,ERR1075893
34055.0,55079,genus,0.00426694,Aneurinibacillus,ERR1075893
34055.0,312278,genus,0.00426694,Emticicia,ERR1075893
34055.0,864,genus,0.00426694,Pectinatus,ERR1075893
34055.0,36853,genus,0.00426694,Desulfitobacterium,ERR1075893
34055.0,715222,genus,0.00426694,Caldicoprobacter,ERR1075893
34055.0,22,genus,0.00426694,Shewanella,ERR1075893
34055.0,670486,genus,0.00426694,Dehalogenimonas,ERR1075893
34055.0,1870884,genus,0.00426694,Clostridioides,ERR1075893
34055.0,195950,genus,0.00426694,Tannerella,ERR1075893
34055.0,100175,genus,0.00426694,Papillibacter,ERR1075893
34055.0,1573534,genus,0.00426694,Faecalitalea,ERR1075893
34055.0,52784,genus,0.00426694,Anaerofilum,ERR1075893
34055.0,1652133,genus,0.00426694,Halobacteriovorax,ERR1075893
34055.0,173479,genus,0.00426694,Gemmatimonas,ERR1075893
34055.0,44261,genus,0.00426694,Oxobacter,ERR1075893
34055.0,226,genus,0.00426694,Alteromonas,ERR1075893
34055.0,118966,genus,0.00426694,Anaerorhabdus,ERR1075893
34055.0,48463,genus,0.00426694,Prosthecobacter,ERR1075893
34055.0,929509,genus,0.00426694,Solitalea,ERR1075893
34055.0,637,genus,0.00426694,Arsenophonus,ERR1075893
34055.0,32067,genus,0.00426694,Leptotrichia,ERR1075893
34055.0,332248,genus,0.00426694,Truepera,ERR1075893
34055.0,79206,genus,0.00426694,Desulfosporosinus,ERR1075893
34055.0,133925,genus,0.00426694,Olsenella,ERR1075893
34055.0,1481960,genus,0.00426694,Peptoclostridium,ERR1075893
34055.0,28453,genus,0.00426694,Sphingobacterium,ERR1075893
34055.0,482,genus,0.00426694,Neisseria,ERR1075893
34055.0,1716,genus,0.00426694,Corynebacterium,ERR1075893
34055.0,1082702,genus,0.00426694,Lonsdalea,ERR1075893
34055.0,1505657,genus,0.00426694,Intestinibacter,ERR1075893
34055.0,106633,genus,0.00426694,Thioalkalivibrio,ERR1075893
34055.0,150247,genus,0.00426694,Anoxybacillus,ERR1075893
34055.0,70992,genus,0.00426694,Flexithrix,ERR1075893
34055.0,262406,genus,0.00426694,Thermobaculum,ERR1075893
34055.0,84111,genus,0.00426694,Eggerthella,ERR1075893
34055.0,270497,genus,0.00426694,Catabacter,ERR1075893
,-1,genus,30.2697,Unknown,ERR1075893
34055.0,816,genus,19.3207,Bacteroides,ERR1075893
34055.0,239759,genus,10.5308,Alistipes,ERR1075893
34055.0,375288,genus,5.94811,Parabacteroides,ERR1075893
34055.0,1508657,genus,5.82011,Ruminiclostridium,ERR1075893
34055.0,216851,genus,5.77317,Faecalibacterium,ERR1075893
34055.0,459786,genus,2.84178,Oscillibacter,ERR1075893
34055.0,397864,genus,2.35535,Barnesiella,ERR1075893
34055.0,39948,genus,1.69398,Dialister,ERR1075893
34055.0,239934,genus,1.68117,Akkermansia,ERR1075893
34055.0,1730,genus,1.52756,Eubacterium,ERR1075893
34055.0,572511,genus,1.42089,Blautia,ERR1075893
34055.0,44748,genus,1.0198,Sporobacter,ERR1075893
34055.0,1263,genus,0.925926,Ruminococcus,ERR1075893
34055.0,1279388,genus,0.913125,Kandleria,ERR1075893
34055.0,577310,genus,0.874723,Parasutterella,ERR1075893
34055.0,283168,genus,0.678443,Odoribacter,ERR1075893
34055.0,841,genus,0.631507,Roseburia,ERR1075893
34055.0,1506553,genus,0.580304,Lachnoclostridium,ERR1075893
34055.0,904,genus,0.512033,Acidaminococcus,ERR1075893
34055.0,724,genus,0.499232,Haemophilus,ERR1075893
34055.0,244127,genus,0.443762,Anaerotruncus,ERR1075893
34055.0,35832,genus,0.371224,Bilophila,ERR1075893
34055.0,1573535,genus,0.332821,Holdemanella,ERR1075893
34055.0,872,genus,0.302953,Desulfovibrio,ERR1075893
34055.0,33042,genus,0.281618,Coprococcus,ERR1075893
34055.0,1301,genus,0.238949,Streptococcus,ERR1075893
34055.0,1485,genus,0.179211,Clostridium,ERR1075893
34055.0,2147,genus,0.145076,Acholeplasma,ERR1075893
34055.0,1505663,genus,0.128008,Erysipelatoclostridium,ERR1075893
34055.0,836,genus,0.115207,Porphyromonas,ERR1075893
34055.0,1678,genus,0.115207,Bifidobacterium,ERR1075893
34055.0,990721,genus,0.11094,Christensenella,ERR1075893
34055.0,2172,genus,0.0938727,Methanobrevibacter,ERR1075893
34055.0,838,genus,0.0810719,Prevotella,ERR1075893
34055.0,1386,genus,0.0810719,Bacillus,ERR1075893
34055.0,189330,genus,0.072538,Dorea,ERR1075893
34055.0,61170,genus,0.0469363,Holdemania,ERR1075893
34055.0,846,genus,0.0426694,Oxalobacter,ERR1075893
34055.0,172900,genus,0.0298686,Victivallis,ERR1075893
34055.0,561,genus,0.0256016,Escherichia,ERR1075893
34055.0,2740,genus,0.0256016,Peptococcus,ERR1075893
34055.0,207244,genus,0.0213347,Anaerostipes,ERR1075893
34055.0,1380,genus,0.0170678,Atopobium,ERR1075893
34055.0,1654,genus,0.0170678,Actinomyces,ERR1075893
34055.0,29465,genus,0.0128008,Veillonella,ERR1075893
34055.0,286,genus,0.0128008,Pseudomonas,ERR1075893
34055.0,41273,genus,0.0128008,Tissierella,ERR1075893
34055.0,392735,genus,0.0128008,Uliginosibacterium,ERR1075893
34055.0,53335,genus,0.00853388,Pantoea,ERR1075893
34055.0,32636,genus,0.00853388,Halothermothrix,ERR1075893
34055.0,61434,genus,0.00853388,Dehalococcoides,ERR1075893
34055.0,278993,genus,0.00853388,Thermincola,ERR1075893
34055.0,233191,genus,0.00853388,Caldilinea,ERR1075893
34055.0,508459,genus,0.00853388,Cloacibacillus,ERR1075893
34055.0,146813,genus,0.00853388,Dendrosporobacter,ERR1075893
34055.0,156973,genus,0.00853388,Dysgonomonas,ERR1075893
34055.0,1505657,genus,0.00426694,Intestinibacter,ERR1075893
34055.0,106633,genus,0.00426694,Thioalkalivibrio,ERR1075893
34055.0,150247,genus,0.00426694,Anoxybacillus,ERR1075893
34055.0,70992,genus,0.00426694,Flexithrix,ERR1075893
34055.0,262406,genus,0.00426694,Thermobaculum,ERR1075893
34055.0,84111,genus,0.00426694,Eggerthella,ERR1075893
34055.0,270497,genus,0.00426694,Catabacter,ERR1075893
34055.0,898,genus,0.00426694,Desulfomicrobium,ERR1075893
34055.0,346096,genus,0.00426694,Paludibacter,ERR1075893
34055.0,1200657,genus,0.00426694,Saccharofermentans,ERR1075893
34055.0,497,genus,0.00426694,Psychrobacter,ERR1075893
34055.0,914,genus,0.00426694,Nitrosomonas,ERR1075893
34055.0,55079,genus,0.00426694,Aneurinibacillus,ERR1075893
34055.0,312278,genus,0.00426694,Emticicia,ERR1075893
34055.0,864,genus,0.00426694,Pectinatus,ERR1075893
34055.0,36853,genus,0.00426694,Desulfitobacterium,ERR1075893
34055.0,715222,genus,0.00426694,Caldicoprobacter,ERR1075893
34055.0,22,genus,0.00426694,Shewanella,ERR1075893
34055.0,670486,genus,0.00426694,Dehalogenimonas,ERR1075893
34055.0,1870884,genus,0.00426694,Clostridioides,ERR1075893
34055.0,195950,genus,0.00426694,Tannerella,ERR1075893
34055.0,100175,genus,0.00426694,Papillibacter,ERR1075893
34055.0,1573534,genus,0.00426694,Faecalitalea,ERR1075893
34055.0,52784,genus,0.00426694,Anaerofilum,ERR1075893
34055.0,1652133,genus,0.00426694,Halobacteriovorax,ERR1075893
34055.0,173479,genus,0.00426694,Gemmatimonas,ERR1075893
34055.0,44261,genus,0.00426694,Oxobacter,ERR1075893
34055.0,226,genus,0.00426694,Alteromonas,ERR1075893
34055.0,118966,genus,0.00426694,Anaerorhabdus,ERR1075893
34055.0,48463,genus,0.00426694,Prosthecobacter,ERR1075893
34055.0,929509,genus,0.00426694,Solitalea,ERR1075893
34055.0,637,genus,0.00426694,Arsenophonus,ERR1075893
34055.0,32067,genus,0.00426694,Leptotrichia,ERR1075893
34055.0,332248,genus,0.00426694,Truepera,ERR1075893
34055.0,79206,genus,0.00426694,Desulfosporosinus,ERR1075893
34055.0,133925,genus,0.00426694,Olsenella,ERR1075893
34055.0,1481960,genus,0.00426694,Peptoclostridium,ERR1075893
34055.0,28453,genus,0.00426694,Sphingobacterium,ERR1075893
34055.0,482,genus,0.00426694,Neisseria,ERR1075893
34055.0,1716,genus,0.00426694,Corynebacterium,ERR1075893
34055.0,1082702,genus,0.00426694,Lonsdalea,ERR1075893
,-1,genus,30.2697,Unknown,ERR1075893
34055.0,816,genus,19.3207,Bacteroides,ERR1075893
34055.0,239759,genus,10.5308,Alistipes,ERR1075893
34055.0,375288,genus,5.94811,Parabacteroides,ERR1075893
34055.0,1508657,genus,5.82011,Ruminiclostridium,ERR1075893
34055.0,216851,genus,5.77317,Faecalibacterium,ERR1075893
34055.0,459786,genus,2.84178,Oscillibacter,ERR1075893
34055.0,397864,genus,2.35535,Barnesiella,ERR1075893
34055.0,39948,genus,1.69398,Dialister,ERR1075893
34055.0,239934,genus,1.68117,Akkermansia,ERR1075893
34055.0,1730,genus,1.52756,Eubacterium,ERR1075893
34055.0,572511,genus,1.42089,Blautia,ERR1075893
34055.0,44748,genus,1.0198,Sporobacter,ERR1075893
34055.0,1263,genus,0.925926,Ruminococcus,ERR1075893
34055.0,1279388,genus,0.913125,Kandleria,ERR1075893
34055.0,577310,genus,0.874723,Parasutterella,ERR1075893
34055.0,283168,genus,0.678443,Odoribacter,ERR1075893
34055.0,841,genus,0.631507,Roseburia,ERR1075893
34055.0,1506553,genus,0.580304,Lachnoclostridium,ERR1075893
34055.0,904,genus,0.512033,Acidaminococcus,ERR1075893
34055.0,724,genus,0.499232,Haemophilus,ERR1075893
34055.0,244127,genus,0.443762,Anaerotruncus,ERR1075893
34055.0,35832,genus,0.371224,Bilophila,ERR1075893
34055.0,1573535,genus,0.332821,Holdemanella,ERR1075893
34055.0,872,genus,0.302953,Desulfovibrio,ERR1075893
34055.0,33042,genus,0.281618,Coprococcus,ERR1075893
34055.0,1301,genus,0.238949,Streptococcus,ERR1075893
34055.0,1485,genus,0.179211,Clostridium,ERR1075893
34055.0,2147,genus,0.145076,Acholeplasma,ERR1075893
34055.0,1505663,genus,0.128008,Erysipelatoclostridium,ERR1075893
34055.0,1678,genus,0.115207,Bifidobacterium,ERR1075893
34055.0,836,genus,0.115207,Porphyromonas,ERR1075893
34055.0,990721,genus,0.11094,Christensenella,ERR1075893
34055.0,2172,genus,0.0938727,Methanobrevibacter,ERR1075893
34055.0,838,genus,0.0810719,Prevotella,ERR1075893
34055.0,1386,genus,0.0810719,Bacillus,ERR1075893
34055.0,189330,genus,0.072538,Dorea,ERR1075893
34055.0,61170,genus,0.0469363,Holdemania,ERR1075893
34055.0,846,genus,0.0426694,Oxalobacter,ERR1075893
34055.0,172900,genus,0.0298686,Victivallis,ERR1075893
34055.0,2740,genus,0.0256016,Peptococcus,ERR1075893
34055.0,561,genus,0.0256016,Escherichia,ERR1075893
34055.0,207244,genus,0.0213347,Anaerostipes,ERR1075893
34055.0,1654,genus,0.0170678,Actinomyces,ERR1075893
34055.0,1380,genus,0.0170678,Atopobium,ERR1075893
34055.0,41273,genus,0.0128008,Tissierella,ERR1075893
34055.0,392735,genus,0.0128008,Uliginosibacterium,ERR1075893
34055.0,29465,genus,0.0128008,Veillonella,ERR1075893
34055.0,286,genus,0.0128008,Pseudomonas,ERR1075893
34055.0,278993,genus,0.00853388,Thermincola,ERR1075893
34055.0,233191,genus,0.00853388,Caldilinea,ERR1075893
34055.0,508459,genus,0.00853388,Cloacibacillus,ERR1075893
34055.0,156973,genus,0.00853388,Dysgonomonas,ERR1075893
34055.0,146813,genus,0.00853388,Dendrosporobacter,ERR1075893
34055.0,53335,genus,0.00853388,Pantoea,ERR1075893
34055.0,32636,genus,0.00853388,Halothermothrix,ERR1075893
34055.0,61434,genus,0.00853388,Dehalococcoides,ERR1075893
34055.0,173479,genus,0.00426694,Gemmatimonas,ERR1075893
34055.0,44261,genus,0.00426694,Oxobacter,ERR1075893
34055.0,226,genus,0.00426694,Alteromonas,ERR1075893
34055.0,48463,genus,0.00426694,Prosthecobacter,ERR1075893
34055.0,118966,genus,0.00426694,Anaerorhabdus,ERR1075893
34055.0,637,genus,0.00426694,Arsenophonus,ERR1075893
34055.0,929509,genus,0.00426694,Solitalea,ERR1075893
34055.0,32067,genus,0.00426694,Leptotrichia,ERR1075893
34055.0,332248,genus,0.00426694,Truepera,ERR1075893
34055.0,79206,genus,0.00426694,Desulfosporosinus,ERR1075893
34055.0,482,genus,0.00426694,Neisseria,ERR1075893
34055.0,133925,genus,0.00426694,Olsenella,ERR1075893
34055.0,1481960,genus,0.00426694,Peptoclostridium,ERR1075893
34055.0,28453,genus,0.00426694,Sphingobacterium,ERR1075893
34055.0,1716,genus,0.00426694,Corynebacterium,ERR1075893
34055.0,1082702,genus,0.00426694,Lonsdalea,ERR1075893
34055.0,106633,genus,0.00426694,Thioalkalivibrio,ERR1075893
34055.0,1505657,genus,0.00426694,Intestinibacter,ERR1075893
34055.0,262406,genus,0.00426694,Thermobaculum,ERR1075893
34055.0,150247,genus,0.00426694,Anoxybacillus,ERR1075893
34055.0,70992,genus,0.00426694,Flexithrix,ERR1075893
34055.0,84111,genus,0.00426694,Eggerthella,ERR1075893
34055.0,270497,genus,0.00426694,Catabacter,ERR1075893
34055.0,898,genus,0.00426694,Desulfomicrobium,ERR1075893
34055.0,346096,genus,0.00426694,Paludibacter,ERR1075893
34055.0,1200657,genus,0.00426694,Saccharofermentans,ERR1075893
34055.0,497,genus,0.00426694,Psychrobacter,ERR1075893
34055.0,914,genus,0.00426694,Nitrosomonas,ERR1075893
34055.0,55079,genus,0.00426694,Aneurinibacillus,ERR1075893
34055.0,36853,genus,0.00426694,Desulfitobacterium,ERR1075893
34055.0,312278,genus,0.00426694,Emticicia,ERR1075893
34055.0,864,genus,0.00426694,Pectinatus,ERR1075893
34055.0,670486,genus,0.00426694,Dehalogenimonas,ERR1075893
34055.0,1870884,genus,0.00426694,Clostridioides,ERR1075893
34055.0,715222,genus,0.00426694,Caldicoprobacter,ERR1075893
34055.0,22,genus,0.00426694,Shewanella,ERR1075893
34055.0,1573534,genus,0.00426694,Faecalitalea,ERR1075893
34055.0,195950,genus,0.00426694,Tannerella,ERR1075893
34055.0,100175,genus,0.00426694,Papillibacter,ERR1075893
34055.0,52784,genus,0.00426694,Anaerofilum,ERR1075893
34055.0,1652133,genus,0.00426694,Halobacteriovorax,ERR1075893
,-1,genus,30.2697,Unknown,ERR1075893
38447.0,216851,genus,18.8608,Faecalibacterium,ERR1076013
38447.0,816,genus,13.1374,Bacteroides,ERR1076013
38447.0,397864,genus,12.8582,Barnesiella,ERR1076013
38447.0,841,genus,4.88968,Roseburia,ERR1076013
38447.0,375288,genus,4.56008,Parabacteroides,ERR1076013
38447.0,1730,genus,2.60964,Eubacterium,ERR1076013
38447.0,572511,genus,2.2529,Blautia,ERR1076013
38447.0,459786,genus,2.1482,Oscillibacter,ERR1076013
38447.0,1506553,genus,2.09392,Lachnoclostridium,ERR1076013
38447.0,1263,genus,1.04308,Ruminococcus,ERR1076013
38447.0,577310,genus,0.907364,Parasutterella,ERR1076013
38447.0,239934,genus,0.756136,Akkermansia,ERR1076013
38447.0,1508657,genus,0.694094,Ruminiclostridium,ERR1076013
38447.0,239759,genus,0.643685,Alistipes,ERR1076013
38447.0,1505663,genus,0.62042,Erysipelatoclostridium,ERR1076013
38447.0,244127,genus,0.32572,Anaerotruncus,ERR1076013
38447.0,904,genus,0.321843,Acidaminococcus,ERR1076013
38447.0,207244,genus,0.240413,Anaerostipes,ERR1076013
38447.0,44748,genus,0.182248,Sporobacter,ERR1076013
38447.0,838,genus,0.135717,Prevotella,ERR1076013
38447.0,1485,genus,0.124084,Clostridium,ERR1076013
38447.0,100175,genus,0.104696,Papillibacter,ERR1076013
38447.0,990721,genus,0.0969406,Christensenella,ERR1076013
38447.0,872,genus,0.0969406,Desulfovibrio,ERR1076013
38447.0,283168,genus,0.0969406,Odoribacter,ERR1076013
38447.0,35832,genus,0.0581643,Bilophila,ERR1076013
38447.0,1716,genus,0.0504091,Corynebacterium,ERR1076013
38447.0,1386,genus,0.0426538,Bacillus,ERR1076013
38447.0,84108,genus,0.0426538,Slackia,ERR1076013
38447.0,1301,genus,0.0426538,Streptococcus,ERR1076013
38447.0,189330,genus,0.0387762,Dorea,ERR1076013
38447.0,392735,genus,0.031021,Uliginosibacterium,ERR1076013
38447.0,29465,genus,0.031021,Veillonella,ERR1076013
38447.0,61170,genus,0.031021,Holdemania,ERR1076013
38447.0,52784,genus,0.0271434,Anaerofilum,ERR1076013
38447.0,61434,genus,0.0271434,Dehalococcoides,ERR1076013
38447.0,1618113,genus,0.0271434,Saccharicrinis,ERR1076013
38447.0,32207,genus,0.0232657,Rothia,ERR1076013
38447.0,33042,genus,0.0193881,Coprococcus,ERR1076013
38447.0,869806,genus,0.0193881,Marivirga,ERR1076013
38447.0,162289,genus,0.0193881,Peptoniphilus,ERR1076013
38447.0,286,genus,0.0155105,Pseudomonas,ERR1076013
38447.0,84111,genus,0.0155105,Eggerthella,ERR1076013
38447.0,79206,genus,0.0155105,Desulfosporosinus,ERR1076013
38447.0,233189,genus,0.0155105,Anaerolinea,ERR1076013
38447.0,1578,genus,0.0155105,Lactobacillus,ERR1076013
38447.0,233191,genus,0.0116329,Caldilinea,ERR1076013
38447.0,346096,genus,0.0116329,Paludibacter,ERR1076013
38447.0,2172,genus,0.0116329,Methanobrevibacter,ERR1076013
38447.0,846,genus,0.0116329,Oxalobacter,ERR1076013
38447.0,36853,genus,0.0116329,Desulfitobacterium,ERR1076013
38447.0,795750,genus,0.0116329,Ignavibacterium,ERR1076013
38447.0,577309,genus,0.0116329,Paraprevotella,ERR1076013
38447.0,836,genus,0.0116329,Porphyromonas,ERR1076013
38447.0,264995,genus,0.00775524,Anaerofustis,ERR1076013
38447.0,2740,genus,0.00775524,Peptococcus,ERR1076013
38447.0,2147,genus,0.00775524,Acholeplasma,ERR1076013
38447.0,28453,genus,0.00775524,Sphingobacterium,ERR1076013
38447.0,1471399,genus,0.00775524,Draconibacterium,ERR1076013
38447.0,420345,genus,0.00775524,Lactonifactor,ERR1076013
38447.0,1678,genus,0.00775524,Bifidobacterium,ERR1076013
38447.0,482,genus,0.00775524,Neisseria,ERR1076013
38447.0,150022,genus,0.00775524,Finegoldia,ERR1076013
38447.0,644652,genus,0.00775524,Gordonibacter,ERR1076013
38447.0,626,genus,0.00775524,Xenorhabdus,ERR1076013
38447.0,1696,genus,0.00775524,Brevibacterium,ERR1076013
38447.0,195950,genus,0.00775524,Tannerella,ERR1076013
38447.0,36739,genus,0.00775524,Dermabacter,ERR1076013
38447.0,1378,genus,0.00775524,Gemella,ERR1076013
38447.0,445,genus,0.00775524,Legionella,ERR1076013
38447.0,561,genus,0.00775524,Escherichia,ERR1076013
38447.0,830,genus,0.00775524,Butyrivibrio,ERR1076013
38447.0,59732,genus,0.00387762,Chryseobacterium,ERR1076013
38447.0,117563,genus,0.00387762,Granulicatella,ERR1076013
38447.0,41273,genus,0.00387762,Tissierella,ERR1076013
38447.0,1654,genus,0.00387762,Actinomyces,ERR1076013
38447.0,2299,genus,0.00387762,Desulfosarcina,ERR1076013
38447.0,118747,genus,0.00387762,Bulleidia,ERR1076013
38447.0,2701,genus,0.00387762,Gardnerella,ERR1076013
38447.0,44249,genus,0.00387762,Paenibacillus,ERR1076013
38447.0,898,genus,0.00387762,Desulfomicrobium,ERR1076013
38447.0,1257,genus,0.00387762,Peptostreptococcus,ERR1076013
38447.0,278993,genus,0.00387762,Thermincola,ERR1076013
38447.0,267986,genus,0.00387762,Owenweeksia,ERR1076013
38447.0,270497,genus,0.00387762,Catabacter,ERR1076013
38447.0,262406,genus,0.00387762,Thermobaculum,ERR1076013
38447.0,156973,genus,0.00387762,Dysgonomonas,ERR1076013
38447.0,1645,genus,0.00387762,Renibacterium,ERR1076013
38447.0,848,genus,0.00387762,Fusobacterium,ERR1076013
38447.0,13687,genus,0.00387762,Sphingomonas,ERR1076013
38447.0,102106,genus,0.00387762,Collinsella,ERR1076013
38447.0,670486,genus,0.00387762,Dehalogenimonas,ERR1076013
38447.0,724,genus,0.00387762,Haemophilus,ERR1076013
38447.0,1843210,genus,0.00387762,Anaerocolumna,ERR1076013
38447.0,165779,genus,0.00387762,Anaerococcus,ERR1076013
38447.0,1827,genus,0.00387762,Rhodococcus,ERR1076013
38447.0,180541,genus,0.00387762,Salinisphaera,ERR1076013
38447.0,37914,genus,0.00387762,Dietzia,ERR1076013
38447.0,83660,genus,0.00387762,Desulfonispora,ERR1076013
38447.0,475,genus,0.00387762,Moraxella,ERR1076013
38447.0,48073,genus,0.00387762,Microbulbifer,ERR1076013
38447.0,187144,genus,0.00387762,Caldithrix,ERR1076013
,-1,genus,28.7603,Unknown,ERR1076013
38447.0,216851,genus,18.8608,Faecalibacterium,ERR1076013
38447.0,816,genus,13.1374,Bacteroides,ERR1076013
38447.0,397864,genus,12.8582,Barnesiella,ERR1076013
38447.0,841,genus,4.88968,Roseburia,ERR1076013
38447.0,375288,genus,4.56008,Parabacteroides,ERR1076013
38447.0,1730,genus,2.60964,Eubacterium,ERR1076013
38447.0,572511,genus,2.2529,Blautia,ERR1076013
38447.0,459786,genus,2.1482,Oscillibacter,ERR1076013
38447.0,1506553,genus,2.09392,Lachnoclostridium,ERR1076013
38447.0,1263,genus,1.04308,Ruminococcus,ERR1076013
38447.0,577310,genus,0.907364,Parasutterella,ERR1076013
38447.0,239934,genus,0.756136,Akkermansia,ERR1076013
38447.0,1508657,genus,0.694094,Ruminiclostridium,ERR1076013
38447.0,239759,genus,0.643685,Alistipes,ERR1076013
38447.0,1505663,genus,0.62042,Erysipelatoclostridium,ERR1076013
38447.0,244127,genus,0.32572,Anaerotruncus,ERR1076013
38447.0,904,genus,0.321843,Acidaminococcus,ERR1076013
38447.0,207244,genus,0.240413,Anaerostipes,ERR1076013
38447.0,44748,genus,0.182248,Sporobacter,ERR1076013
38447.0,838,genus,0.135717,Prevotella,ERR1076013
38447.0,1485,genus,0.124084,Clostridium,ERR1076013
38447.0,100175,genus,0.104696,Papillibacter,ERR1076013
38447.0,283168,genus,0.0969406,Odoribacter,ERR1076013
38447.0,990721,genus,0.0969406,Christensenella,ERR1076013
38447.0,872,genus,0.0969406,Desulfovibrio,ERR1076013
38447.0,35832,genus,0.0581643,Bilophila,ERR1076013
38447.0,1716,genus,0.0504091,Corynebacterium,ERR1076013
38447.0,1386,genus,0.0426538,Bacillus,ERR1076013
38447.0,84108,genus,0.0426538,Slackia,ERR1076013
38447.0,1301,genus,0.0426538,Streptococcus,ERR1076013
38447.0,189330,genus,0.0387762,Dorea,ERR1076013
38447.0,29465,genus,0.031021,Veillonella,ERR1076013
38447.0,61170,genus,0.031021,Holdemania,ERR1076013
38447.0,392735,genus,0.031021,Uliginosibacterium,ERR1076013
38447.0,61434,genus,0.0271434,Dehalococcoides,ERR1076013
38447.0,1618113,genus,0.0271434,Saccharicrinis,ERR1076013
38447.0,52784,genus,0.0271434,Anaerofilum,ERR1076013
38447.0,32207,genus,0.0232657,Rothia,ERR1076013
38447.0,33042,genus,0.0193881,Coprococcus,ERR1076013
38447.0,869806,genus,0.0193881,Marivirga,ERR1076013
38447.0,162289,genus,0.0193881,Peptoniphilus,ERR1076013
38447.0,79206,genus,0.0155105,Desulfosporosinus,ERR1076013
38447.0,233189,genus,0.0155105,Anaerolinea,ERR1076013
38447.0,1578,genus,0.0155105,Lactobacillus,ERR1076013
38447.0,286,genus,0.0155105,Pseudomonas,ERR1076013
38447.0,84111,genus,0.0155105,Eggerthella,ERR1076013
38447.0,2172,genus,0.0116329,Methanobrevibacter,ERR1076013
38447.0,36853,genus,0.0116329,Desulfitobacterium,ERR1076013
38447.0,795750,genus,0.0116329,Ignavibacterium,ERR1076013
38447.0,846,genus,0.0116329,Oxalobacter,ERR1076013
38447.0,577309,genus,0.0116329,Paraprevotella,ERR1076013
38447.0,836,genus,0.0116329,Porphyromonas,ERR1076013
38447.0,233191,genus,0.0116329,Caldilinea,ERR1076013
38447.0,346096,genus,0.0116329,Paludibacter,ERR1076013
38447.0,2740,genus,0.00775524,Peptococcus,ERR1076013
38447.0,2147,genus,0.00775524,Acholeplasma,ERR1076013
38447.0,28453,genus,0.00775524,Sphingobacterium,ERR1076013
38447.0,1471399,genus,0.00775524,Draconibacterium,ERR1076013
38447.0,420345,genus,0.00775524,Lactonifactor,ERR1076013
38447.0,1678,genus,0.00775524,Bifidobacterium,ERR1076013
38447.0,150022,genus,0.00775524,Finegoldia,ERR1076013
38447.0,482,genus,0.00775524,Neisseria,ERR1076013
38447.0,644652,genus,0.00775524,Gordonibacter,ERR1076013
38447.0,626,genus,0.00775524,Xenorhabdus,ERR1076013
38447.0,195950,genus,0.00775524,Tannerella,ERR1076013
38447.0,36739,genus,0.00775524,Dermabacter,ERR1076013
38447.0,1696,genus,0.00775524,Brevibacterium,ERR1076013
38447.0,1378,genus,0.00775524,Gemella,ERR1076013
38447.0,561,genus,0.00775524,Escherichia,ERR1076013
38447.0,445,genus,0.00775524,Legionella,ERR1076013
38447.0,830,genus,0.00775524,Butyrivibrio,ERR1076013
38447.0,264995,genus,0.00775524,Anaerofustis,ERR1076013
38447.0,117563,genus,0.00387762,Granulicatella,ERR1076013
38447.0,41273,genus,0.00387762,Tissierella,ERR1076013
38447.0,118747,genus,0.00387762,Bulleidia,ERR1076013
38447.0,2701,genus,0.00387762,Gardnerella,ERR1076013
38447.0,1654,genus,0.00387762,Actinomyces,ERR1076013
38447.0,2299,genus,0.00387762,Desulfosarcina,ERR1076013
38447.0,44249,genus,0.00387762,Paenibacillus,ERR1076013
38447.0,898,genus,0.00387762,Desulfomicrobium,ERR1076013
38447.0,267986,genus,0.00387762,Owenweeksia,ERR1076013
38447.0,270497,genus,0.00387762,Catabacter,ERR1076013
38447.0,1257,genus,0.00387762,Peptostreptococcus,ERR1076013
38447.0,278993,genus,0.00387762,Thermincola,ERR1076013
38447.0,848,genus,0.00387762,Fusobacterium,ERR1076013
38447.0,13687,genus,0.00387762,Sphingomonas,ERR1076013
38447.0,262406,genus,0.00387762,Thermobaculum,ERR1076013
38447.0,156973,genus,0.00387762,Dysgonomonas,ERR1076013
38447.0,1645,genus,0.00387762,Renibacterium,ERR1076013
38447.0,102106,genus,0.00387762,Collinsella,ERR1076013
38447.0,670486,genus,0.00387762,Dehalogenimonas,ERR1076013
38447.0,724,genus,0.00387762,Haemophilus,ERR1076013
38447.0,165779,genus,0.00387762,Anaerococcus,ERR1076013
38447.0,1843210,genus,0.00387762,Anaerocolumna,ERR1076013
38447.0,37914,genus,0.00387762,Dietzia,ERR1076013
38447.0,1827,genus,0.00387762,Rhodococcus,ERR1076013
38447.0,180541,genus,0.00387762,Salinisphaera,ERR1076013
38447.0,475,genus,0.00387762,Moraxella,ERR1076013
38447.0,48073,genus,0.00387762,Microbulbifer,ERR1076013
38447.0,83660,genus,0.00387762,Desulfonispora,ERR1076013
38447.0,187144,genus,0.00387762,Caldithrix,ERR1076013
38447.0,59732,genus,0.00387762,Chryseobacterium,ERR1076013
,-1,genus,28.7603,Unknown,ERR1076013
38447.0,216851,genus,18.8608,Faecalibacterium,ERR1076013
38447.0,816,genus,13.1374,Bacteroides,ERR1076013
38447.0,397864,genus,12.8582,Barnesiella,ERR1076013
38447.0,841,genus,4.88968,Roseburia,ERR1076013
38447.0,375288,genus,4.56008,Parabacteroides,ERR1076013
38447.0,1730,genus,2.60964,Eubacterium,ERR1076013
38447.0,572511,genus,2.2529,Blautia,ERR1076013
38447.0,459786,genus,2.1482,Oscillibacter,ERR1076013
38447.0,1506553,genus,2.09392,Lachnoclostridium,ERR1076013
38447.0,1263,genus,1.04308,Ruminococcus,ERR1076013
38447.0,577310,genus,0.907364,Parasutterella,ERR1076013
38447.0,239934,genus,0.756136,Akkermansia,ERR1076013
38447.0,1508657,genus,0.694094,Ruminiclostridium,ERR1076013
38447.0,239759,genus,0.643685,Alistipes,ERR1076013
38447.0,1505663,genus,0.62042,Erysipelatoclostridium,ERR1076013
38447.0,244127,genus,0.32572,Anaerotruncus,ERR1076013
38447.0,904,genus,0.321843,Acidaminococcus,ERR1076013
38447.0,207244,genus,0.240413,Anaerostipes,ERR1076013
38447.0,44748,genus,0.182248,Sporobacter,ERR1076013
38447.0,838,genus,0.135717,Prevotella,ERR1076013
38447.0,1485,genus,0.124084,Clostridium,ERR1076013
38447.0,100175,genus,0.104696,Papillibacter,ERR1076013
38447.0,990721,genus,0.0969406,Christensenella,ERR1076013
38447.0,872,genus,0.0969406,Desulfovibrio,ERR1076013
38447.0,283168,genus,0.0969406,Odoribacter,ERR1076013
38447.0,35832,genus,0.0581643,Bilophila,ERR1076013
38447.0,1716,genus,0.0504091,Corynebacterium,ERR1076013
38447.0,1386,genus,0.0426538,Bacillus,ERR1076013
38447.0,84108,genus,0.0426538,Slackia,ERR1076013
38447.0,1301,genus,0.0426538,Streptococcus,ERR1076013
38447.0,189330,genus,0.0387762,Dorea,ERR1076013
38447.0,392735,genus,0.031021,Uliginosibacterium,ERR1076013
38447.0,29465,genus,0.031021,Veillonella,ERR1076013
38447.0,61170,genus,0.031021,Holdemania,ERR1076013
38447.0,52784,genus,0.0271434,Anaerofilum,ERR1076013
38447.0,61434,genus,0.0271434,Dehalococcoides,ERR1076013
38447.0,1618113,genus,0.0271434,Saccharicrinis,ERR1076013
38447.0,32207,genus,0.0232657,Rothia,ERR1076013
38447.0,33042,genus,0.0193881,Coprococcus,ERR1076013
38447.0,869806,genus,0.0193881,Marivirga,ERR1076013
38447.0,162289,genus,0.0193881,Peptoniphilus,ERR1076013
38447.0,79206,genus,0.0155105,Desulfosporosinus,ERR1076013
38447.0,233189,genus,0.0155105,Anaerolinea,ERR1076013
38447.0,1578,genus,0.0155105,Lactobacillus,ERR1076013
38447.0,286,genus,0.0155105,Pseudomonas,ERR1076013
38447.0,84111,genus,0.0155105,Eggerthella,ERR1076013
38447.0,233191,genus,0.0116329,Caldilinea,ERR1076013
38447.0,346096,genus,0.0116329,Paludibacter,ERR1076013
38447.0,2172,genus,0.0116329,Methanobrevibacter,ERR1076013
38447.0,846,genus,0.0116329,Oxalobacter,ERR1076013
38447.0,36853,genus,0.0116329,Desulfitobacterium,ERR1076013
38447.0,795750,genus,0.0116329,Ignavibacterium,ERR1076013
38447.0,577309,genus,0.0116329,Paraprevotella,ERR1076013
38447.0,836,genus,0.0116329,Porphyromonas,ERR1076013
38447.0,2740,genus,0.00775524,Peptococcus,ERR1076013
38447.0,2147,genus,0.00775524,Acholeplasma,ERR1076013
38447.0,28453,genus,0.00775524,Sphingobacterium,ERR1076013
38447.0,1471399,genus,0.00775524,Draconibacterium,ERR1076013
38447.0,420345,genus,0.00775524,Lactonifactor,ERR1076013
38447.0,1678,genus,0.00775524,Bifidobacterium,ERR1076013
38447.0,482,genus,0.00775524,Neisseria,ERR1076013
38447.0,150022,genus,0.00775524,Finegoldia,ERR1076013
38447.0,644652,genus,0.00775524,Gordonibacter,ERR1076013
38447.0,626,genus,0.00775524,Xenorhabdus,ERR1076013
38447.0,1696,genus,0.00775524,Brevibacterium,ERR1076013
38447.0,195950,genus,0.00775524,Tannerella,ERR1076013
38447.0,36739,genus,0.00775524,Dermabacter,ERR1076013
38447.0,1378,genus,0.00775524,Gemella,ERR1076013
38447.0,445,genus,0.00775524,Legionella,ERR1076013
38447.0,561,genus,0.00775524,Escherichia,ERR1076013
38447.0,830,genus,0.00775524,Butyrivibrio,ERR1076013
38447.0,264995,genus,0.00775524,Anaerofustis,ERR1076013
38447.0,59732,genus,0.00387762,Chryseobacterium,ERR1076013
38447.0,117563,genus,0.00387762,Granulicatella,ERR1076013
38447.0,41273,genus,0.00387762,Tissierella,ERR1076013
38447.0,1654,genus,0.00387762,Actinomyces,ERR1076013
38447.0,2299,genus,0.00387762,Desulfosarcina,ERR1076013
38447.0,118747,genus,0.00387762,Bulleidia,ERR1076013
38447.0,2701,genus,0.00387762,Gardnerella,ERR1076013
38447.0,44249,genus,0.00387762,Paenibacillus,ERR1076013
38447.0,898,genus,0.00387762,Desulfomicrobium,ERR1076013
38447.0,1257,genus,0.00387762,Peptostreptococcus,ERR1076013
38447.0,278993,genus,0.00387762,Thermincola,ERR1076013
38447.0,267986,genus,0.00387762,Owenweeksia,ERR1076013
38447.0,270497,genus,0.00387762,Catabacter,ERR1076013
38447.0,262406,genus,0.00387762,Thermobaculum,ERR1076013
38447.0,156973,genus,0.00387762,Dysgonomonas,ERR1076013
38447.0,1645,genus,0.00387762,Renibacterium,ERR1076013
38447.0,848,genus,0.00387762,Fusobacterium,ERR1076013
38447.0,13687,genus,0.00387762,Sphingomonas,ERR1076013
38447.0,102106,genus,0.00387762,Collinsella,ERR1076013
38447.0,670486,genus,0.00387762,Dehalogenimonas,ERR1076013
38447.0,724,genus,0.00387762,Haemophilus,ERR1076013
38447.0,1843210,genus,0.00387762,Anaerocolumna,ERR1076013
38447.0,165779,genus,0.00387762,Anaerococcus,ERR1076013
38447.0,1827,genus,0.00387762,Rhodococcus,ERR1076013
38447.0,180541,genus,0.00387762,Salinisphaera,ERR1076013
38447.0,37914,genus,0.00387762,Dietzia,ERR1076013
38447.0,83660,genus,0.00387762,Desulfonispora,ERR1076013
38447.0,475,genus,0.00387762,Moraxella,ERR1076013
38447.0,48073,genus,0.00387762,Microbulbifer,ERR1076013
38447.0,187144,genus,0.00387762,Caldithrix,ERR1076013
,-1,genus,28.7603,Unknown,ERR1076013
38447.0,216851,genus,18.8608,Faecalibacterium,ERR1076013
38447.0,816,genus,13.1374,Bacteroides,ERR1076013
38447.0,397864,genus,12.8582,Barnesiella,ERR1076013
38447.0,841,genus,4.88968,Roseburia,ERR1076013
38447.0,375288,genus,4.56008,Parabacteroides,ERR1076013
38447.0,1730,genus,2.60964,Eubacterium,ERR1076013
38447.0,572511,genus,2.2529,Blautia,ERR1076013
38447.0,459786,genus,2.1482,Oscillibacter,ERR1076013
38447.0,1506553,genus,2.09392,Lachnoclostridium,ERR1076013
38447.0,1263,genus,1.04308,Ruminococcus,ERR1076013
38447.0,577310,genus,0.907364,Parasutterella,ERR1076013
38447.0,239934,genus,0.756136,Akkermansia,ERR1076013
38447.0,1508657,genus,0.694094,Ruminiclostridium,ERR1076013
38447.0,239759,genus,0.643685,Alistipes,ERR1076013
38447.0,1505663,genus,0.62042,Erysipelatoclostridium,ERR1076013
38447.0,244127,genus,0.32572,Anaerotruncus,ERR1076013
38447.0,904,genus,0.321843,Acidaminococcus,ERR1076013
38447.0,207244,genus,0.240413,Anaerostipes,ERR1076013
38447.0,44748,genus,0.182248,Sporobacter,ERR1076013
38447.0,838,genus,0.135717,Prevotella,ERR1076013
38447.0,1485,genus,0.124084,Clostridium,ERR1076013
38447.0,100175,genus,0.104696,Papillibacter,ERR1076013
38447.0,990721,genus,0.0969406,Christensenella,ERR1076013
38447.0,872,genus,0.0969406,Desulfovibrio,ERR1076013
38447.0,283168,genus,0.0969406,Odoribacter,ERR1076013
38447.0,35832,genus,0.0581643,Bilophila,ERR1076013
38447.0,1716,genus,0.0504091,Corynebacterium,ERR1076013
38447.0,1386,genus,0.0426538,Bacillus,ERR1076013
38447.0,84108,genus,0.0426538,Slackia,ERR1076013
38447.0,1301,genus,0.0426538,Streptococcus,ERR1076013
38447.0,189330,genus,0.0387762,Dorea,ERR1076013
38447.0,392735,genus,0.031021,Uliginosibacterium,ERR1076013
38447.0,29465,genus,0.031021,Veillonella,ERR1076013
38447.0,61170,genus,0.031021,Holdemania,ERR1076013
38447.0,1618113,genus,0.0271434,Saccharicrinis,ERR1076013
38447.0,52784,genus,0.0271434,Anaerofilum,ERR1076013
38447.0,61434,genus,0.0271434,Dehalococcoides,ERR1076013
38447.0,32207,genus,0.0232657,Rothia,ERR1076013
38447.0,33042,genus,0.0193881,Coprococcus,ERR1076013
38447.0,869806,genus,0.0193881,Marivirga,ERR1076013
38447.0,162289,genus,0.0193881,Peptoniphilus,ERR1076013
38447.0,1578,genus,0.0155105,Lactobacillus,ERR1076013
38447.0,286,genus,0.0155105,Pseudomonas,ERR1076013
38447.0,84111,genus,0.0155105,Eggerthella,ERR1076013
38447.0,79206,genus,0.0155105,Desulfosporosinus,ERR1076013
38447.0,233189,genus,0.0155105,Anaerolinea,ERR1076013
38447.0,233191,genus,0.0116329,Caldilinea,ERR1076013
38447.0,346096,genus,0.0116329,Paludibacter,ERR1076013
38447.0,2172,genus,0.0116329,Methanobrevibacter,ERR1076013
38447.0,846,genus,0.0116329,Oxalobacter,ERR1076013
38447.0,36853,genus,0.0116329,Desulfitobacterium,ERR1076013
38447.0,795750,genus,0.0116329,Ignavibacterium,ERR1076013
38447.0,577309,genus,0.0116329,Paraprevotella,ERR1076013
38447.0,836,genus,0.0116329,Porphyromonas,ERR1076013
38447.0,830,genus,0.00775524,Butyrivibrio,ERR1076013
38447.0,264995,genus,0.00775524,Anaerofustis,ERR1076013
38447.0,2740,genus,0.00775524,Peptococcus,ERR1076013
38447.0,2147,genus,0.00775524,Acholeplasma,ERR1076013
38447.0,28453,genus,0.00775524,Sphingobacterium,ERR1076013
38447.0,1471399,genus,0.00775524,Draconibacterium,ERR1076013
38447.0,420345,genus,0.00775524,Lactonifactor,ERR1076013
38447.0,1678,genus,0.00775524,Bifidobacterium,ERR1076013
38447.0,482,genus,0.00775524,Neisseria,ERR1076013
38447.0,150022,genus,0.00775524,Finegoldia,ERR1076013
38447.0,644652,genus,0.00775524,Gordonibacter,ERR1076013
38447.0,626,genus,0.00775524,Xenorhabdus,ERR1076013
38447.0,1696,genus,0.00775524,Brevibacterium,ERR1076013
38447.0,195950,genus,0.00775524,Tannerella,ERR1076013
38447.0,36739,genus,0.00775524,Dermabacter,ERR1076013
38447.0,1378,genus,0.00775524,Gemella,ERR1076013
38447.0,445,genus,0.00775524,Legionella,ERR1076013
38447.0,561,genus,0.00775524,Escherichia,ERR1076013
38447.0,187144,genus,0.00387762,Caldithrix,ERR1076013
38447.0,59732,genus,0.00387762,Chryseobacterium,ERR1076013
38447.0,117563,genus,0.00387762,Granulicatella,ERR1076013
38447.0,41273,genus,0.00387762,Tissierella,ERR1076013
38447.0,1654,genus,0.00387762,Actinomyces,ERR1076013
38447.0,2299,genus,0.00387762,Desulfosarcina,ERR1076013
38447.0,118747,genus,0.00387762,Bulleidia,ERR1076013
38447.0,2701,genus,0.00387762,Gardnerella,ERR1076013
38447.0,44249,genus,0.00387762,Paenibacillus,ERR1076013
38447.0,898,genus,0.00387762,Desulfomicrobium,ERR1076013
38447.0,1257,genus,0.00387762,Peptostreptococcus,ERR1076013
38447.0,278993,genus,0.00387762,Thermincola,ERR1076013
38447.0,267986,genus,0.00387762,Owenweeksia,ERR1076013
38447.0,270497,genus,0.00387762,Catabacter,ERR1076013
38447.0,262406,genus,0.00387762,Thermobaculum,ERR1076013
38447.0,156973,genus,0.00387762,Dysgonomonas,ERR1076013
38447.0,1645,genus,0.00387762,Renibacterium,ERR1076013
38447.0,848,genus,0.00387762,Fusobacterium,ERR1076013
38447.0,13687,genus,0.00387762,Sphingomonas,ERR1076013
38447.0,102106,genus,0.00387762,Collinsella,ERR1076013
38447.0,670486,genus,0.00387762,Dehalogenimonas,ERR1076013
38447.0,724,genus,0.00387762,Haemophilus,ERR1076013
38447.0,1843210,genus,0.00387762,Anaerocolumna,ERR1076013
38447.0,165779,genus,0.00387762,Anaerococcus,ERR1076013
38447.0,1827,genus,0.00387762,Rhodococcus,ERR1076013
38447.0,180541,genus,0.00387762,Salinisphaera,ERR1076013
38447.0,37914,genus,0.00387762,Dietzia,ERR1076013
38447.0,83660,genus,0.00387762,Desulfonispora,ERR1076013
38447.0,475,genus,0.00387762,Moraxella,ERR1076013
38447.0,48073,genus,0.00387762,Microbulbifer,ERR1076013
,-1,genus,28.7603,Unknown,ERR1076013
38447.0,216851,genus,18.8608,Faecalibacterium,ERR1076013
38447.0,816,genus,13.1374,Bacteroides,ERR1076013
38447.0,397864,genus,12.8582,Barnesiella,ERR1076013
38447.0,841,genus,4.88968,Roseburia,ERR1076013
38447.0,375288,genus,4.56008,Parabacteroides,ERR1076013
38447.0,1730,genus,2.60964,Eubacterium,ERR1076013
38447.0,572511,genus,2.2529,Blautia,ERR1076013
38447.0,459786,genus,2.1482,Oscillibacter,ERR1076013
38447.0,1506553,genus,2.09392,Lachnoclostridium,ERR1076013
38447.0,1263,genus,1.04308,Ruminococcus,ERR1076013
38447.0,577310,genus,0.907364,Parasutterella,ERR1076013
38447.0,239934,genus,0.756136,Akkermansia,ERR1076013
38447.0,1508657,genus,0.694094,Ruminiclostridium,ERR1076013
38447.0,239759,genus,0.643685,Alistipes,ERR1076013
38447.0,1505663,genus,0.62042,Erysipelatoclostridium,ERR1076013
38447.0,244127,genus,0.32572,Anaerotruncus,ERR1076013
38447.0,904,genus,0.321843,Acidaminococcus,ERR1076013
38447.0,207244,genus,0.240413,Anaerostipes,ERR1076013
38447.0,44748,genus,0.182248,Sporobacter,ERR1076013
38447.0,838,genus,0.135717,Prevotella,ERR1076013
38447.0,1485,genus,0.124084,Clostridium,ERR1076013
38447.0,100175,genus,0.104696,Papillibacter,ERR1076013
38447.0,990721,genus,0.0969406,Christensenella,ERR1076013
38447.0,872,genus,0.0969406,Desulfovibrio,ERR1076013
38447.0,283168,genus,0.0969406,Odoribacter,ERR1076013
38447.0,35832,genus,0.0581643,Bilophila,ERR1076013
38447.0,1716,genus,0.0504091,Corynebacterium,ERR1076013
38447.0,1386,genus,0.0426538,Bacillus,ERR1076013
38447.0,84108,genus,0.0426538,Slackia,ERR1076013
38447.0,1301,genus,0.0426538,Streptococcus,ERR1076013
38447.0,189330,genus,0.0387762,Dorea,ERR1076013
38447.0,392735,genus,0.031021,Uliginosibacterium,ERR1076013
38447.0,29465,genus,0.031021,Veillonella,ERR1076013
38447.0,61170,genus,0.031021,Holdemania,ERR1076013
38447.0,1618113,genus,0.0271434,Saccharicrinis,ERR1076013
38447.0,52784,genus,0.0271434,Anaerofilum,ERR1076013
38447.0,61434,genus,0.0271434,Dehalococcoides,ERR1076013
38447.0,32207,genus,0.0232657,Rothia,ERR1076013
38447.0,33042,genus,0.0193881,Coprococcus,ERR1076013
38447.0,869806,genus,0.0193881,Marivirga,ERR1076013
38447.0,162289,genus,0.0193881,Peptoniphilus,ERR1076013
38447.0,1578,genus,0.0155105,Lactobacillus,ERR1076013
38447.0,286,genus,0.0155105,Pseudomonas,ERR1076013
38447.0,84111,genus,0.0155105,Eggerthella,ERR1076013
38447.0,79206,genus,0.0155105,Desulfosporosinus,ERR1076013
38447.0,233189,genus,0.0155105,Anaerolinea,ERR1076013
38447.0,836,genus,0.0116329,Porphyromonas,ERR1076013
38447.0,233191,genus,0.0116329,Caldilinea,ERR1076013
38447.0,346096,genus,0.0116329,Paludibacter,ERR1076013
38447.0,2172,genus,0.0116329,Methanobrevibacter,ERR1076013
38447.0,846,genus,0.0116329,Oxalobacter,ERR1076013
38447.0,36853,genus,0.0116329,Desulfitobacterium,ERR1076013
38447.0,795750,genus,0.0116329,Ignavibacterium,ERR1076013
38447.0,577309,genus,0.0116329,Paraprevotella,ERR1076013
38447.0,445,genus,0.00775524,Legionella,ERR1076013
38447.0,561,genus,0.00775524,Escherichia,ERR1076013
38447.0,830,genus,0.00775524,Butyrivibrio,ERR1076013
38447.0,264995,genus,0.00775524,Anaerofustis,ERR1076013
38447.0,2740,genus,0.00775524,Peptococcus,ERR1076013
38447.0,2147,genus,0.00775524,Acholeplasma,ERR1076013
38447.0,28453,genus,0.00775524,Sphingobacterium,ERR1076013
38447.0,1471399,genus,0.00775524,Draconibacterium,ERR1076013
38447.0,420345,genus,0.00775524,Lactonifactor,ERR1076013
38447.0,1678,genus,0.00775524,Bifidobacterium,ERR1076013
38447.0,482,genus,0.00775524,Neisseria,ERR1076013
38447.0,150022,genus,0.00775524,Finegoldia,ERR1076013
38447.0,644652,genus,0.00775524,Gordonibacter,ERR1076013
38447.0,626,genus,0.00775524,Xenorhabdus,ERR1076013
38447.0,1696,genus,0.00775524,Brevibacterium,ERR1076013
38447.0,195950,genus,0.00775524,Tannerella,ERR1076013
38447.0,36739,genus,0.00775524,Dermabacter,ERR1076013
38447.0,1378,genus,0.00775524,Gemella,ERR1076013
38447.0,83660,genus,0.00387762,Desulfonispora,ERR1076013
38447.0,475,genus,0.00387762,Moraxella,ERR1076013
38447.0,48073,genus,0.00387762,Microbulbifer,ERR1076013
38447.0,187144,genus,0.00387762,Caldithrix,ERR1076013
38447.0,59732,genus,0.00387762,Chryseobacterium,ERR1076013
38447.0,117563,genus,0.00387762,Granulicatella,ERR1076013
38447.0,41273,genus,0.00387762,Tissierella,ERR1076013
38447.0,1654,genus,0.00387762,Actinomyces,ERR1076013
38447.0,2299,genus,0.00387762,Desulfosarcina,ERR1076013
38447.0,118747,genus,0.00387762,Bulleidia,ERR1076013
38447.0,2701,genus,0.00387762,Gardnerella,ERR1076013
38447.0,44249,genus,0.00387762,Paenibacillus,ERR1076013
38447.0,898,genus,0.00387762,Desulfomicrobium,ERR1076013
38447.0,1257,genus,0.00387762,Peptostreptococcus,ERR1076013
38447.0,278993,genus,0.00387762,Thermincola,ERR1076013
38447.0,267986,genus,0.00387762,Owenweeksia,ERR1076013
38447.0,270497,genus,0.00387762,Catabacter,ERR1076013
38447.0,262406,genus,0.00387762,Thermobaculum,ERR1076013
38447.0,156973,genus,0.00387762,Dysgonomonas,ERR1076013
38447.0,1645,genus,0.00387762,Renibacterium,ERR1076013
38447.0,848,genus,0.00387762,Fusobacterium,ERR1076013
38447.0,13687,genus,0.00387762,Sphingomonas,ERR1076013
38447.0,102106,genus,0.00387762,Collinsella,ERR1076013
38447.0,670486,genus,0.00387762,Dehalogenimonas,ERR1076013
38447.0,724,genus,0.00387762,Haemophilus,ERR1076013
38447.0,1843210,genus,0.00387762,Anaerocolumna,ERR1076013
38447.0,165779,genus,0.00387762,Anaerococcus,ERR1076013
38447.0,1827,genus,0.00387762,Rhodococcus,ERR1076013
38447.0,180541,genus,0.00387762,Salinisphaera,ERR1076013
38447.0,37914,genus,0.00387762,Dietzia,ERR1076013
,-1,genus,28.7603,Unknown,ERR1076013
46235.0,40323,genus,22.9133,Stenotrophomonas,ERR1089821
46235.0,28453,genus,5.27044,Sphingobacterium,ERR1089821
46235.0,283,genus,3.32673,Comamonas,ERR1089821
46235.0,41275,genus,2.82959,Brevundimonas,ERR1089821
46235.0,469,genus,1.74934,Acinetobacter,ERR1089821
46235.0,590,genus,1.10642,Salmonella,ERR1089821
46235.0,816,genus,0.321459,Bacteroides,ERR1089821
46235.0,239759,genus,0.272867,Alistipes,ERR1089821
46235.0,1678,genus,0.21306,Bifidobacterium,ERR1089821
46235.0,286,genus,0.209322,Pseudomonas,ERR1089821
46235.0,216851,genus,0.201847,Faecalibacterium,ERR1089821
46235.0,544,genus,0.194371,Citrobacter,ERR1089821
46235.0,572511,genus,0.179419,Blautia,ERR1089821
46235.0,1505663,genus,0.171943,Erysipelatoclostridium,ERR1089821
46235.0,59732,genus,0.153254,Chryseobacterium,ERR1089821
46235.0,400634,genus,0.123351,Lysinibacillus,ERR1089821
46235.0,375288,genus,0.104661,Parabacteroides,ERR1089821
46235.0,397864,genus,0.0897096,Barnesiella,ERR1089821
46235.0,1350,genus,0.0485927,Enterococcus,ERR1089821
46235.0,1827,genus,0.0485927,Rhodococcus,ERR1089821
46235.0,44748,genus,0.0448548,Sporobacter,ERR1089821
46235.0,1508657,genus,0.037379,Ruminiclostridium,ERR1089821
46235.0,2147,genus,0.0336411,Acholeplasma,ERR1089821
46235.0,338,genus,0.0299032,Xanthomonas,ERR1089821
46235.0,570,genus,0.0299032,Klebsiella,ERR1089821
46235.0,872,genus,0.0299032,Desulfovibrio,ERR1089821
46235.0,528,genus,0.0299032,Ochrobactrum,ERR1089821
46235.0,841,genus,0.0224274,Roseburia,ERR1089821
46235.0,1505657,genus,0.0224274,Intestinibacter,ERR1089821
46235.0,1485,genus,0.0224274,Clostridium,ERR1089821
46235.0,459786,genus,0.0224274,Oscillibacter,ERR1089821
46235.0,20,genus,0.0186895,Phenylobacterium,ERR1089821
46235.0,1730,genus,0.0186895,Eubacterium,ERR1089821
46235.0,1386,genus,0.0186895,Bacillus,ERR1089821
46235.0,33882,genus,0.0149516,Microbacterium,ERR1089821
46235.0,85413,genus,0.0149516,Bosea,ERR1089821
46235.0,561,genus,0.0112137,Escherichia,ERR1089821
46235.0,1263,genus,0.0112137,Ruminococcus,ERR1089821
46235.0,244127,genus,0.0112137,Anaerotruncus,ERR1089821
46235.0,13687,genus,0.0112137,Sphingomonas,ERR1089821
46235.0,55968,genus,0.0074758,Leucobacter,ERR1089821
46235.0,346096,genus,0.0074758,Paludibacter,ERR1089821
46235.0,581,genus,0.0074758,Morganella,ERR1089821
46235.0,904,genus,0.0074758,Acidaminococcus,ERR1089821
46235.0,583,genus,0.0074758,Proteus,ERR1089821
46235.0,1578,genus,0.0074758,Lactobacillus,ERR1089821
46235.0,2742,genus,0.0074758,Marinobacter,ERR1089821
46235.0,265,genus,0.0074758,Paracoccus,ERR1089821
46235.0,475,genus,0.0074758,Moraxella,ERR1089821
46235.0,407,genus,0.0074758,Methylobacterium,ERR1089821
46235.0,239934,genus,0.0074758,Akkermansia,ERR1089821
46235.0,68,genus,0.0074758,Lysobacter,ERR1089821
46235.0,283168,genus,0.0074758,Odoribacter,ERR1089821
46235.0,308865,genus,0.0074758,Elizabethkingia,ERR1089821
46235.0,39948,genus,0.0074758,Dialister,ERR1089821
46235.0,111142,genus,0.0074758,Alishewanella,ERR1089821
46235.0,131079,genus,0.0074758,Limnobacter,ERR1089821
46235.0,626,genus,0.0074758,Xenorhabdus,ERR1089821
46235.0,1301,genus,0.0074758,Streptococcus,ERR1089821
46235.0,93217,genus,0.0037379,Pandoraea,ERR1089821
46235.0,189330,genus,0.0037379,Dorea,ERR1089821
46235.0,434,genus,0.0037379,Acetobacter,ERR1089821
46235.0,13275,genus,0.0037379,Suttonella,ERR1089821
46235.0,1524249,genus,0.0037379,Pseudohongiella,ERR1089821
46235.0,40544,genus,0.0037379,Sutterella,ERR1089821
46235.0,642,genus,0.0037379,Aeromonas,ERR1089821
46235.0,649460,genus,0.0037379,Filimonas,ERR1089821
46235.0,135575,genus,0.0037379,Idiomarina,ERR1089821
46235.0,33042,genus,0.0037379,Coprococcus,ERR1089821
46235.0,12916,genus,0.0037379,Acidovorax,ERR1089821
46235.0,80865,genus,0.0037379,Delftia,ERR1089821
46235.0,28228,genus,0.0037379,Colwellia,ERR1089821
46235.0,2349,genus,0.0037379,Haliscomenobacter,ERR1089821
46235.0,1551504,genus,0.0037379,Candidatus Babela,ERR1089821
46235.0,1344362,genus,0.0037379,Rehaibacterium,ERR1089821
46235.0,547,genus,0.0037379,Enterobacter,ERR1089821
46235.0,886360,genus,0.0037379,Rudaea,ERR1089821
46235.0,67575,genus,0.0037379,Rheinheimera,ERR1089821
46235.0,209,genus,0.0037379,Helicobacter,ERR1089821
46235.0,180541,genus,0.0037379,Salinisphaera,ERR1089821
46235.0,46205,genus,0.0037379,Pseudobutyrivibrio,ERR1089821
46235.0,898,genus,0.0037379,Desulfomicrobium,ERR1089821
46235.0,262406,genus,0.0037379,Thermobaculum,ERR1089821
46235.0,109262,genus,0.0037379,Halothiobacillus,ERR1089821
46235.0,269260,genus,0.0037379,Nitratifractor,ERR1089821
46235.0,1380,genus,0.0037379,Atopobium,ERR1089821
46235.0,44249,genus,0.0037379,Paenibacillus,ERR1089821
46235.0,233191,genus,0.0037379,Caldilinea,ERR1089821
46235.0,133925,genus,0.0037379,Olsenella,ERR1089821
46235.0,83618,genus,0.0037379,Pseudoxanthomonas,ERR1089821
46235.0,586,genus,0.0037379,Providencia,ERR1089821
46235.0,32207,genus,0.0037379,Rothia,ERR1089821
46235.0,1573535,genus,0.0037379,Holdemanella,ERR1089821
46235.0,2299,genus,0.0037379,Desulfosarcina,ERR1089821
46235.0,2735,genus,0.0037379,Verrucomicrobium,ERR1089821
46235.0,165697,genus,0.0037379,Sphingopyxis,ERR1089821
46235.0,207244,genus,0.0037379,Anaerostipes,ERR1089821
46235.0,237,genus,0.0037379,Flavobacterium,ERR1089821
46235.0,33057,genus,0.0037379,Thauera,ERR1089821
46235.0,84111,genus,0.0037379,Eggerthella,ERR1089821
46235.0,830,genus,0.0037379,Butyrivibrio,ERR1089821
46235.0,1716,genus,0.0037379,Corynebacterium,ERR1089821
46235.0,57493,genus,0.0037379,Kocuria,ERR1089821
46235.0,2747,genus,0.0037379,Carnobacterium,ERR1089821
46235.0,1030,genus,0.0037379,Thiothrix,ERR1089821
46235.0,442430,genus,0.0037379,Coraliomargarita,ERR1089821
46235.0,990721,genus,0.0037379,Christensenella,ERR1089821
,-1,genus,59.6718,Unknown,ERR1089821
34077.0,239934,genus,14.1524,Akkermansia,ERR1089822
34077.0,816,genus,9.20583,Bacteroides,ERR1089822
34077.0,1508657,genus,8.51864,Ruminiclostridium,ERR1089822
34077.0,459786,genus,4.84927,Oscillibacter,ERR1089822
34077.0,904,genus,2.95624,Acidaminococcus,ERR1089822
34077.0,375288,genus,2.73582,Parabacteroides,ERR1089822
34077.0,216851,genus,2.47002,Faecalibacterium,ERR1089822
34077.0,572511,genus,2.16532,Blautia,ERR1089822
34077.0,1263,genus,2.02917,Ruminococcus,ERR1089822
34077.0,990721,genus,1.50405,Christensenella,ERR1089822
34077.0,44748,genus,1.46515,Sporobacter,ERR1089822
34077.0,397864,genus,1.35494,Barnesiella,ERR1089822
34077.0,239759,genus,1.27066,Alistipes,ERR1089822
34077.0,33042,genus,1.1799,Coprococcus,ERR1089822
34077.0,1730,genus,1.16694,Eubacterium,ERR1089822
34077.0,1505663,genus,1.10859,Erysipelatoclostridium,ERR1089822
34077.0,577310,genus,0.894652,Parasutterella,ERR1089822
34077.0,1506553,genus,0.615883,Lachnoclostridium,ERR1089822
34077.0,52784,genus,0.525122,Anaerofilum,ERR1089822
34077.0,838,genus,0.43436,Prevotella,ERR1089822
34077.0,44249,genus,0.343598,Paenibacillus,ERR1089822
34077.0,1485,genus,0.291734,Clostridium,ERR1089822
34077.0,244127,genus,0.259319,Anaerotruncus,ERR1089822
34077.0,35832,genus,0.226904,Bilophila,ERR1089822
34077.0,189330,genus,0.175041,Dorea,ERR1089822
34077.0,1301,genus,0.162075,Streptococcus,ERR1089822
34077.0,207244,genus,0.155592,Anaerostipes,ERR1089822
34077.0,84111,genus,0.149109,Eggerthella,ERR1089822
34077.0,162289,genus,0.12966,Peptoniphilus,ERR1089822
34077.0,39948,genus,0.103728,Dialister,ERR1089822
34077.0,1569,genus,0.0972447,Sporosarcina,ERR1089822
34077.0,79206,genus,0.0972447,Desulfosporosinus,ERR1089822
34077.0,841,genus,0.0907618,Roseburia,ERR1089822
34077.0,1578,genus,0.0777958,Lactobacillus,ERR1089822
34077.0,836,genus,0.0648298,Porphyromonas,ERR1089822
34077.0,117563,genus,0.0583468,Granulicatella,ERR1089822
34077.0,1505657,genus,0.0518639,Intestinibacter,ERR1089822
34077.0,262406,genus,0.0388979,Thermobaculum,ERR1089822
34077.0,61434,genus,0.0388979,Dehalococcoides,ERR1089822
34077.0,32207,genus,0.0388979,Rothia,ERR1089822
34077.0,233189,genus,0.0388979,Anaerolinea,ERR1089822
34077.0,1678,genus,0.0388979,Bifidobacterium,ERR1089822
34077.0,84108,genus,0.0388979,Slackia,ERR1089822
34077.0,40323,genus,0.0388979,Stenotrophomonas,ERR1089822
34077.0,36853,genus,0.0324149,Desulfitobacterium,ERR1089822
34077.0,1023,genus,0.0324149,Microscilla,ERR1089822
34077.0,146813,genus,0.0324149,Dendrosporobacter,ERR1089822
34077.0,1654,genus,0.0259319,Actinomyces,ERR1089822
34077.0,41273,genus,0.0259319,Tissierella,ERR1089822
34077.0,392735,genus,0.0259319,Uliginosibacterium,ERR1089822
34077.0,278993,genus,0.0259319,Thermincola,ERR1089822
34077.0,248744,genus,0.0194489,Marvinbryantia,ERR1089822
34077.0,187144,genus,0.0194489,Caldithrix,ERR1089822
34077.0,872,genus,0.0194489,Desulfovibrio,ERR1089822
34077.0,644652,genus,0.0194489,Gordonibacter,ERR1089822
34077.0,28453,genus,0.0194489,Sphingobacterium,ERR1089822
34077.0,1279,genus,0.0194489,Staphylococcus,ERR1089822
34077.0,698776,genus,0.0194489,Cellulosilyticum,ERR1089822
34077.0,286,genus,0.0194489,Pseudomonas,ERR1089822
34077.0,1506577,genus,0.0194489,Tyzzerella,ERR1089822
34077.0,1386,genus,0.012966,Bacillus,ERR1089822
34077.0,100175,genus,0.012966,Papillibacter,ERR1089822
34077.0,1200657,genus,0.012966,Saccharofermentans,ERR1089822
34077.0,1253,genus,0.012966,Pediococcus,ERR1089822
34077.0,29330,genus,0.012966,Alicyclobacillus,ERR1089822
34077.0,1716,genus,0.012966,Corynebacterium,ERR1089822
34077.0,1017280,genus,0.012966,Pseudoflavonifractor,ERR1089822
34077.0,48463,genus,0.012966,Prosthecobacter,ERR1089822
34077.0,233191,genus,0.012966,Caldilinea,ERR1089822
34077.0,1121829,genus,0.012966,Fodinicurvata,ERR1089822
34077.0,2132,genus,0.012966,Spiroplasma,ERR1089822
34077.0,29465,genus,0.00648298,Veillonella,ERR1089822
34077.0,1839,genus,0.00648298,Nocardioides,ERR1089822
34077.0,978,genus,0.00648298,Cytophaga,ERR1089822
34077.0,2093,genus,0.00648298,Mycoplasma,ERR1089822
34077.0,2735,genus,0.00648298,Verrucomicrobium,ERR1089822
34077.0,270497,genus,0.00648298,Catabacter,ERR1089822
34077.0,264995,genus,0.00648298,Anaerofustis,ERR1089822
34077.0,1505664,genus,0.00648298,Gottschalkia,ERR1089822
34077.0,1769729,genus,0.00648298,Hathewaya,ERR1089822
34077.0,1471399,genus,0.00648298,Draconibacterium,ERR1089822
34077.0,172900,genus,0.00648298,Victivallis,ERR1089822
34077.0,866673,genus,0.00648298,Marinifilum,ERR1089822
34077.0,482,genus,0.00648298,Neisseria,ERR1089822
34077.0,866,genus,0.00648298,Ruminobacter,ERR1089822
34077.0,118747,genus,0.00648298,Bulleidia,ERR1089822
34077.0,724,genus,0.00648298,Haemophilus,ERR1089822
34077.0,715222,genus,0.00648298,Caldicoprobacter,ERR1089822
34077.0,44259,genus,0.00648298,Filifactor,ERR1089822
34077.0,467975,genus,0.00648298,Iamia,ERR1089822
34077.0,61170,genus,0.00648298,Holdemania,ERR1089822
34077.0,1433993,genus,0.00648298,Chryseolinea,ERR1089822
34077.0,1883,genus,0.00648298,Streptomyces,ERR1089822
34077.0,1357,genus,0.00648298,Lactococcus,ERR1089822
34077.0,86331,genus,0.00648298,Mogibacterium,ERR1089822
34077.0,41275,genus,0.00648298,Brevundimonas,ERR1089822
34077.0,561,genus,0.00648298,Escherichia,ERR1089822
34077.0,312278,genus,0.00648298,Emticicia,ERR1089822
34077.0,1843210,genus,0.00648298,Anaerocolumna,ERR1089822
34077.0,46239,genus,0.00648298,Mesoplasma,ERR1089822
34077.0,121038,genus,0.00648298,Ferrimicrobium,ERR1089822
34077.0,42447,genus,0.00648298,Anaerobranca,ERR1089822
34077.0,100883,genus,0.00648298,Coprobacillus,ERR1089822
34077.0,795750,genus,0.00648298,Ignavibacterium,ERR1089822
34077.0,1663,genus,0.00648298,Arthrobacter,ERR1089822
34077.0,165779,genus,0.00648298,Anaerococcus,ERR1089822
34077.0,33926,genus,0.00648298,Candidatus Phytoplasma,ERR1089822
,-1,genus,35.3647,Unknown,ERR1089822
34077.0,239934,genus,14.1524,Akkermansia,ERR1089822
34077.0,816,genus,9.20583,Bacteroides,ERR1089822
34077.0,1508657,genus,8.51864,Ruminiclostridium,ERR1089822
34077.0,459786,genus,4.84927,Oscillibacter,ERR1089822
34077.0,904,genus,2.95624,Acidaminococcus,ERR1089822
34077.0,375288,genus,2.73582,Parabacteroides,ERR1089822
34077.0,216851,genus,2.47002,Faecalibacterium,ERR1089822
34077.0,572511,genus,2.16532,Blautia,ERR1089822
34077.0,1263,genus,2.02917,Ruminococcus,ERR1089822
34077.0,990721,genus,1.50405,Christensenella,ERR1089822
34077.0,44748,genus,1.46515,Sporobacter,ERR1089822
34077.0,397864,genus,1.35494,Barnesiella,ERR1089822
34077.0,239759,genus,1.27066,Alistipes,ERR1089822
34077.0,33042,genus,1.1799,Coprococcus,ERR1089822
34077.0,1730,genus,1.16694,Eubacterium,ERR1089822
34077.0,1505663,genus,1.10859,Erysipelatoclostridium,ERR1089822
34077.0,577310,genus,0.894652,Parasutterella,ERR1089822
34077.0,1506553,genus,0.615883,Lachnoclostridium,ERR1089822
34077.0,52784,genus,0.525122,Anaerofilum,ERR1089822
34077.0,838,genus,0.43436,Prevotella,ERR1089822
34077.0,44249,genus,0.343598,Paenibacillus,ERR1089822
34077.0,1485,genus,0.291734,Clostridium,ERR1089822
34077.0,244127,genus,0.259319,Anaerotruncus,ERR1089822
34077.0,35832,genus,0.226904,Bilophila,ERR1089822
34077.0,189330,genus,0.175041,Dorea,ERR1089822
34077.0,1301,genus,0.162075,Streptococcus,ERR1089822
34077.0,207244,genus,0.155592,Anaerostipes,ERR1089822
34077.0,84111,genus,0.149109,Eggerthella,ERR1089822
34077.0,162289,genus,0.12966,Peptoniphilus,ERR1089822
34077.0,39948,genus,0.103728,Dialister,ERR1089822
34077.0,79206,genus,0.0972447,Desulfosporosinus,ERR1089822
34077.0,1569,genus,0.0972447,Sporosarcina,ERR1089822
34077.0,841,genus,0.0907618,Roseburia,ERR1089822
34077.0,1578,genus,0.0777958,Lactobacillus,ERR1089822
34077.0,836,genus,0.0648298,Porphyromonas,ERR1089822
34077.0,117563,genus,0.0583468,Granulicatella,ERR1089822
34077.0,1505657,genus,0.0518639,Intestinibacter,ERR1089822
34077.0,84108,genus,0.0388979,Slackia,ERR1089822
34077.0,40323,genus,0.0388979,Stenotrophomonas,ERR1089822
34077.0,61434,genus,0.0388979,Dehalococcoides,ERR1089822
34077.0,262406,genus,0.0388979,Thermobaculum,ERR1089822
34077.0,32207,genus,0.0388979,Rothia,ERR1089822
34077.0,233189,genus,0.0388979,Anaerolinea,ERR1089822
34077.0,1678,genus,0.0388979,Bifidobacterium,ERR1089822
34077.0,146813,genus,0.0324149,Dendrosporobacter,ERR1089822
34077.0,36853,genus,0.0324149,Desulfitobacterium,ERR1089822
34077.0,1023,genus,0.0324149,Microscilla,ERR1089822
34077.0,1654,genus,0.0259319,Actinomyces,ERR1089822
34077.0,41273,genus,0.0259319,Tissierella,ERR1089822
34077.0,392735,genus,0.0259319,Uliginosibacterium,ERR1089822
34077.0,278993,genus,0.0259319,Thermincola,ERR1089822
34077.0,248744,genus,0.0194489,Marvinbryantia,ERR1089822
34077.0,187144,genus,0.0194489,Caldithrix,ERR1089822
34077.0,872,genus,0.0194489,Desulfovibrio,ERR1089822
34077.0,644652,genus,0.0194489,Gordonibacter,ERR1089822
34077.0,28453,genus,0.0194489,Sphingobacterium,ERR1089822
34077.0,1279,genus,0.0194489,Staphylococcus,ERR1089822
34077.0,698776,genus,0.0194489,Cellulosilyticum,ERR1089822
34077.0,286,genus,0.0194489,Pseudomonas,ERR1089822
34077.0,1506577,genus,0.0194489,Tyzzerella,ERR1089822
34077.0,2132,genus,0.012966,Spiroplasma,ERR1089822
34077.0,1121829,genus,0.012966,Fodinicurvata,ERR1089822
34077.0,1386,genus,0.012966,Bacillus,ERR1089822
34077.0,100175,genus,0.012966,Papillibacter,ERR1089822
34077.0,1253,genus,0.012966,Pediococcus,ERR1089822
34077.0,1200657,genus,0.012966,Saccharofermentans,ERR1089822
34077.0,1716,genus,0.012966,Corynebacterium,ERR1089822
34077.0,29330,genus,0.012966,Alicyclobacillus,ERR1089822
34077.0,1017280,genus,0.012966,Pseudoflavonifractor,ERR1089822
34077.0,48463,genus,0.012966,Prosthecobacter,ERR1089822
34077.0,233191,genus,0.012966,Caldilinea,ERR1089822
34077.0,121038,genus,0.00648298,Ferrimicrobium,ERR1089822
34077.0,1843210,genus,0.00648298,Anaerocolumna,ERR1089822
34077.0,46239,genus,0.00648298,Mesoplasma,ERR1089822
34077.0,100883,genus,0.00648298,Coprobacillus,ERR1089822
34077.0,795750,genus,0.00648298,Ignavibacterium,ERR1089822
34077.0,42447,genus,0.00648298,Anaerobranca,ERR1089822
34077.0,165779,genus,0.00648298,Anaerococcus,ERR1089822
34077.0,33926,genus,0.00648298,Candidatus Phytoplasma,ERR1089822
34077.0,1663,genus,0.00648298,Arthrobacter,ERR1089822
34077.0,978,genus,0.00648298,Cytophaga,ERR1089822
34077.0,29465,genus,0.00648298,Veillonella,ERR1089822
34077.0,1839,genus,0.00648298,Nocardioides,ERR1089822
34077.0,2093,genus,0.00648298,Mycoplasma,ERR1089822
34077.0,2735,genus,0.00648298,Verrucomicrobium,ERR1089822
34077.0,1505664,genus,0.00648298,Gottschalkia,ERR1089822
34077.0,1769729,genus,0.00648298,Hathewaya,ERR1089822
34077.0,270497,genus,0.00648298,Catabacter,ERR1089822
34077.0,264995,genus,0.00648298,Anaerofustis,ERR1089822
34077.0,172900,genus,0.00648298,Victivallis,ERR1089822
34077.0,1471399,genus,0.00648298,Draconibacterium,ERR1089822
34077.0,866673,genus,0.00648298,Marinifilum,ERR1089822
34077.0,724,genus,0.00648298,Haemophilus,ERR1089822
34077.0,482,genus,0.00648298,Neisseria,ERR1089822
34077.0,866,genus,0.00648298,Ruminobacter,ERR1089822
34077.0,118747,genus,0.00648298,Bulleidia,ERR1089822
34077.0,715222,genus,0.00648298,Caldicoprobacter,ERR1089822
34077.0,44259,genus,0.00648298,Filifactor,ERR1089822
34077.0,1433993,genus,0.00648298,Chryseolinea,ERR1089822
34077.0,1883,genus,0.00648298,Streptomyces,ERR1089822
34077.0,467975,genus,0.00648298,Iamia,ERR1089822
34077.0,61170,genus,0.00648298,Holdemania,ERR1089822
34077.0,86331,genus,0.00648298,Mogibacterium,ERR1089822
34077.0,41275,genus,0.00648298,Brevundimonas,ERR1089822
34077.0,1357,genus,0.00648298,Lactococcus,ERR1089822
34077.0,561,genus,0.00648298,Escherichia,ERR1089822
34077.0,312278,genus,0.00648298,Emticicia,ERR1089822
,-1,genus,35.3647,Unknown,ERR1089822
34077.0,239934,genus,14.1524,Akkermansia,ERR1089822
34077.0,816,genus,9.20583,Bacteroides,ERR1089822
34077.0,1508657,genus,8.51864,Ruminiclostridium,ERR1089822
34077.0,459786,genus,4.84927,Oscillibacter,ERR1089822
34077.0,904,genus,2.95624,Acidaminococcus,ERR1089822
34077.0,375288,genus,2.73582,Parabacteroides,ERR1089822
34077.0,216851,genus,2.47002,Faecalibacterium,ERR1089822
34077.0,572511,genus,2.16532,Blautia,ERR1089822
34077.0,1263,genus,2.02917,Ruminococcus,ERR1089822
34077.0,990721,genus,1.50405,Christensenella,ERR1089822
34077.0,44748,genus,1.46515,Sporobacter,ERR1089822
34077.0,397864,genus,1.35494,Barnesiella,ERR1089822
34077.0,239759,genus,1.27066,Alistipes,ERR1089822
34077.0,33042,genus,1.1799,Coprococcus,ERR1089822
34077.0,1730,genus,1.16694,Eubacterium,ERR1089822
34077.0,1505663,genus,1.10859,Erysipelatoclostridium,ERR1089822
34077.0,577310,genus,0.894652,Parasutterella,ERR1089822
34077.0,1506553,genus,0.615883,Lachnoclostridium,ERR1089822
34077.0,52784,genus,0.525122,Anaerofilum,ERR1089822
34077.0,838,genus,0.43436,Prevotella,ERR1089822
34077.0,44249,genus,0.343598,Paenibacillus,ERR1089822
34077.0,1485,genus,0.291734,Clostridium,ERR1089822
34077.0,244127,genus,0.259319,Anaerotruncus,ERR1089822
34077.0,35832,genus,0.226904,Bilophila,ERR1089822
34077.0,189330,genus,0.175041,Dorea,ERR1089822
34077.0,1301,genus,0.162075,Streptococcus,ERR1089822
34077.0,207244,genus,0.155592,Anaerostipes,ERR1089822
34077.0,84111,genus,0.149109,Eggerthella,ERR1089822
34077.0,162289,genus,0.12966,Peptoniphilus,ERR1089822
34077.0,39948,genus,0.103728,Dialister,ERR1089822
34077.0,79206,genus,0.0972447,Desulfosporosinus,ERR1089822
34077.0,1569,genus,0.0972447,Sporosarcina,ERR1089822
34077.0,841,genus,0.0907618,Roseburia,ERR1089822
34077.0,1578,genus,0.0777958,Lactobacillus,ERR1089822
34077.0,836,genus,0.0648298,Porphyromonas,ERR1089822
34077.0,117563,genus,0.0583468,Granulicatella,ERR1089822
34077.0,1505657,genus,0.0518639,Intestinibacter,ERR1089822
34077.0,84108,genus,0.0388979,Slackia,ERR1089822
34077.0,40323,genus,0.0388979,Stenotrophomonas,ERR1089822
34077.0,61434,genus,0.0388979,Dehalococcoides,ERR1089822
34077.0,262406,genus,0.0388979,Thermobaculum,ERR1089822
34077.0,32207,genus,0.0388979,Rothia,ERR1089822
34077.0,233189,genus,0.0388979,Anaerolinea,ERR1089822
34077.0,1678,genus,0.0388979,Bifidobacterium,ERR1089822
34077.0,146813,genus,0.0324149,Dendrosporobacter,ERR1089822
34077.0,36853,genus,0.0324149,Desulfitobacterium,ERR1089822
34077.0,1023,genus,0.0324149,Microscilla,ERR1089822
34077.0,1654,genus,0.0259319,Actinomyces,ERR1089822
34077.0,41273,genus,0.0259319,Tissierella,ERR1089822
34077.0,392735,genus,0.0259319,Uliginosibacterium,ERR1089822
34077.0,278993,genus,0.0259319,Thermincola,ERR1089822
34077.0,248744,genus,0.0194489,Marvinbryantia,ERR1089822
34077.0,187144,genus,0.0194489,Caldithrix,ERR1089822
34077.0,872,genus,0.0194489,Desulfovibrio,ERR1089822
34077.0,644652,genus,0.0194489,Gordonibacter,ERR1089822
34077.0,28453,genus,0.0194489,Sphingobacterium,ERR1089822
34077.0,1279,genus,0.0194489,Staphylococcus,ERR1089822
34077.0,698776,genus,0.0194489,Cellulosilyticum,ERR1089822
34077.0,286,genus,0.0194489,Pseudomonas,ERR1089822
34077.0,1506577,genus,0.0194489,Tyzzerella,ERR1089822
34077.0,1386,genus,0.012966,Bacillus,ERR1089822
34077.0,100175,genus,0.012966,Papillibacter,ERR1089822
34077.0,1253,genus,0.012966,Pediococcus,ERR1089822
34077.0,1200657,genus,0.012966,Saccharofermentans,ERR1089822
34077.0,1716,genus,0.012966,Corynebacterium,ERR1089822
34077.0,29330,genus,0.012966,Alicyclobacillus,ERR1089822
34077.0,1017280,genus,0.012966,Pseudoflavonifractor,ERR1089822
34077.0,48463,genus,0.012966,Prosthecobacter,ERR1089822
34077.0,233191,genus,0.012966,Caldilinea,ERR1089822
34077.0,2132,genus,0.012966,Spiroplasma,ERR1089822
34077.0,1121829,genus,0.012966,Fodinicurvata,ERR1089822
34077.0,100883,genus,0.00648298,Coprobacillus,ERR1089822
34077.0,795750,genus,0.00648298,Ignavibacterium,ERR1089822
34077.0,42447,genus,0.00648298,Anaerobranca,ERR1089822
34077.0,165779,genus,0.00648298,Anaerococcus,ERR1089822
34077.0,33926,genus,0.00648298,Candidatus Phytoplasma,ERR1089822
34077.0,1663,genus,0.00648298,Arthrobacter,ERR1089822
34077.0,978,genus,0.00648298,Cytophaga,ERR1089822
34077.0,29465,genus,0.00648298,Veillonella,ERR1089822
34077.0,1839,genus,0.00648298,Nocardioides,ERR1089822
34077.0,2093,genus,0.00648298,Mycoplasma,ERR1089822
34077.0,2735,genus,0.00648298,Verrucomicrobium,ERR1089822
34077.0,1505664,genus,0.00648298,Gottschalkia,ERR1089822
34077.0,1769729,genus,0.00648298,Hathewaya,ERR1089822
34077.0,270497,genus,0.00648298,Catabacter,ERR1089822
34077.0,264995,genus,0.00648298,Anaerofustis,ERR1089822
34077.0,172900,genus,0.00648298,Victivallis,ERR1089822
34077.0,1471399,genus,0.00648298,Draconibacterium,ERR1089822
34077.0,866673,genus,0.00648298,Marinifilum,ERR1089822
34077.0,724,genus,0.00648298,Haemophilus,ERR1089822
34077.0,482,genus,0.00648298,Neisseria,ERR1089822
34077.0,866,genus,0.00648298,Ruminobacter,ERR1089822
34077.0,118747,genus,0.00648298,Bulleidia,ERR1089822
34077.0,715222,genus,0.00648298,Caldicoprobacter,ERR1089822
34077.0,44259,genus,0.00648298,Filifactor,ERR1089822
34077.0,1433993,genus,0.00648298,Chryseolinea,ERR1089822
34077.0,1883,genus,0.00648298,Streptomyces,ERR1089822
34077.0,467975,genus,0.00648298,Iamia,ERR1089822
34077.0,61170,genus,0.00648298,Holdemania,ERR1089822
34077.0,86331,genus,0.00648298,Mogibacterium,ERR1089822
34077.0,41275,genus,0.00648298,Brevundimonas,ERR1089822
34077.0,1357,genus,0.00648298,Lactococcus,ERR1089822
34077.0,561,genus,0.00648298,Escherichia,ERR1089822
34077.0,312278,genus,0.00648298,Emticicia,ERR1089822
34077.0,121038,genus,0.00648298,Ferrimicrobium,ERR1089822
34077.0,1843210,genus,0.00648298,Anaerocolumna,ERR1089822
34077.0,46239,genus,0.00648298,Mesoplasma,ERR1089822
,-1,genus,35.3647,Unknown,ERR1089822
34077.0,239934,genus,14.1524,Akkermansia,ERR1089822
34077.0,816,genus,9.20583,Bacteroides,ERR1089822
34077.0,1508657,genus,8.51864,Ruminiclostridium,ERR1089822
34077.0,459786,genus,4.84927,Oscillibacter,ERR1089822
34077.0,904,genus,2.95624,Acidaminococcus,ERR1089822
34077.0,375288,genus,2.73582,Parabacteroides,ERR1089822
34077.0,216851,genus,2.47002,Faecalibacterium,ERR1089822
34077.0,572511,genus,2.16532,Blautia,ERR1089822
34077.0,1263,genus,2.02917,Ruminococcus,ERR1089822
34077.0,990721,genus,1.50405,Christensenella,ERR1089822
34077.0,44748,genus,1.46515,Sporobacter,ERR1089822
34077.0,397864,genus,1.35494,Barnesiella,ERR1089822
34077.0,239759,genus,1.27066,Alistipes,ERR1089822
34077.0,33042,genus,1.1799,Coprococcus,ERR1089822
34077.0,1730,genus,1.16694,Eubacterium,ERR1089822
34077.0,1505663,genus,1.10859,Erysipelatoclostridium,ERR1089822
34077.0,577310,genus,0.894652,Parasutterella,ERR1089822
34077.0,1506553,genus,0.615883,Lachnoclostridium,ERR1089822
34077.0,52784,genus,0.525122,Anaerofilum,ERR1089822
34077.0,838,genus,0.43436,Prevotella,ERR1089822
34077.0,44249,genus,0.343598,Paenibacillus,ERR1089822
34077.0,1485,genus,0.291734,Clostridium,ERR1089822
34077.0,244127,genus,0.259319,Anaerotruncus,ERR1089822
34077.0,35832,genus,0.226904,Bilophila,ERR1089822
34077.0,189330,genus,0.175041,Dorea,ERR1089822
34077.0,1301,genus,0.162075,Streptococcus,ERR1089822
34077.0,207244,genus,0.155592,Anaerostipes,ERR1089822
34077.0,84111,genus,0.149109,Eggerthella,ERR1089822
34077.0,162289,genus,0.12966,Peptoniphilus,ERR1089822
34077.0,39948,genus,0.103728,Dialister,ERR1089822
34077.0,79206,genus,0.0972447,Desulfosporosinus,ERR1089822
34077.0,1569,genus,0.0972447,Sporosarcina,ERR1089822
34077.0,841,genus,0.0907618,Roseburia,ERR1089822
34077.0,1578,genus,0.0777958,Lactobacillus,ERR1089822
34077.0,836,genus,0.0648298,Porphyromonas,ERR1089822
34077.0,117563,genus,0.0583468,Granulicatella,ERR1089822
34077.0,1505657,genus,0.0518639,Intestinibacter,ERR1089822
34077.0,84108,genus,0.0388979,Slackia,ERR1089822
34077.0,40323,genus,0.0388979,Stenotrophomonas,ERR1089822
34077.0,61434,genus,0.0388979,Dehalococcoides,ERR1089822
34077.0,262406,genus,0.0388979,Thermobaculum,ERR1089822
34077.0,32207,genus,0.0388979,Rothia,ERR1089822
34077.0,233189,genus,0.0388979,Anaerolinea,ERR1089822
34077.0,1678,genus,0.0388979,Bifidobacterium,ERR1089822
34077.0,146813,genus,0.0324149,Dendrosporobacter,ERR1089822
34077.0,36853,genus,0.0324149,Desulfitobacterium,ERR1089822
34077.0,1023,genus,0.0324149,Microscilla,ERR1089822
34077.0,278993,genus,0.0259319,Thermincola,ERR1089822
34077.0,1654,genus,0.0259319,Actinomyces,ERR1089822
34077.0,41273,genus,0.0259319,Tissierella,ERR1089822
34077.0,392735,genus,0.0259319,Uliginosibacterium,ERR1089822
34077.0,1506577,genus,0.0194489,Tyzzerella,ERR1089822
34077.0,248744,genus,0.0194489,Marvinbryantia,ERR1089822
34077.0,187144,genus,0.0194489,Caldithrix,ERR1089822
34077.0,872,genus,0.0194489,Desulfovibrio,ERR1089822
34077.0,644652,genus,0.0194489,Gordonibacter,ERR1089822
34077.0,28453,genus,0.0194489,Sphingobacterium,ERR1089822
34077.0,1279,genus,0.0194489,Staphylococcus,ERR1089822
34077.0,698776,genus,0.0194489,Cellulosilyticum,ERR1089822
34077.0,286,genus,0.0194489,Pseudomonas,ERR1089822
34077.0,2132,genus,0.012966,Spiroplasma,ERR1089822
34077.0,1121829,genus,0.012966,Fodinicurvata,ERR1089822
34077.0,1386,genus,0.012966,Bacillus,ERR1089822
34077.0,100175,genus,0.012966,Papillibacter,ERR1089822
34077.0,1253,genus,0.012966,Pediococcus,ERR1089822
34077.0,1200657,genus,0.012966,Saccharofermentans,ERR1089822
34077.0,1716,genus,0.012966,Corynebacterium,ERR1089822
34077.0,29330,genus,0.012966,Alicyclobacillus,ERR1089822
34077.0,1017280,genus,0.012966,Pseudoflavonifractor,ERR1089822
34077.0,48463,genus,0.012966,Prosthecobacter,ERR1089822
34077.0,233191,genus,0.012966,Caldilinea,ERR1089822
34077.0,312278,genus,0.00648298,Emticicia,ERR1089822
34077.0,121038,genus,0.00648298,Ferrimicrobium,ERR1089822
34077.0,1843210,genus,0.00648298,Anaerocolumna,ERR1089822
34077.0,46239,genus,0.00648298,Mesoplasma,ERR1089822
34077.0,100883,genus,0.00648298,Coprobacillus,ERR1089822
34077.0,795750,genus,0.00648298,Ignavibacterium,ERR1089822
34077.0,42447,genus,0.00648298,Anaerobranca,ERR1089822
34077.0,165779,genus,0.00648298,Anaerococcus,ERR1089822
34077.0,33926,genus,0.00648298,Candidatus Phytoplasma,ERR1089822
34077.0,1663,genus,0.00648298,Arthrobacter,ERR1089822
34077.0,978,genus,0.00648298,Cytophaga,ERR1089822
34077.0,29465,genus,0.00648298,Veillonella,ERR1089822
34077.0,1839,genus,0.00648298,Nocardioides,ERR1089822
34077.0,2093,genus,0.00648298,Mycoplasma,ERR1089822
34077.0,2735,genus,0.00648298,Verrucomicrobium,ERR1089822
34077.0,1505664,genus,0.00648298,Gottschalkia,ERR1089822
34077.0,1769729,genus,0.00648298,Hathewaya,ERR1089822
34077.0,270497,genus,0.00648298,Catabacter,ERR1089822
34077.0,264995,genus,0.00648298,Anaerofustis,ERR1089822
34077.0,172900,genus,0.00648298,Victivallis,ERR1089822
34077.0,1471399,genus,0.00648298,Draconibacterium,ERR1089822
34077.0,866673,genus,0.00648298,Marinifilum,ERR1089822
34077.0,724,genus,0.00648298,Haemophilus,ERR1089822
34077.0,482,genus,0.00648298,Neisseria,ERR1089822
34077.0,866,genus,0.00648298,Ruminobacter,ERR1089822
34077.0,118747,genus,0.00648298,Bulleidia,ERR1089822
34077.0,715222,genus,0.00648298,Caldicoprobacter,ERR1089822
34077.0,44259,genus,0.00648298,Filifactor,ERR1089822
34077.0,1433993,genus,0.00648298,Chryseolinea,ERR1089822
34077.0,1883,genus,0.00648298,Streptomyces,ERR1089822
34077.0,467975,genus,0.00648298,Iamia,ERR1089822
34077.0,61170,genus,0.00648298,Holdemania,ERR1089822
34077.0,86331,genus,0.00648298,Mogibacterium,ERR1089822
34077.0,41275,genus,0.00648298,Brevundimonas,ERR1089822
34077.0,1357,genus,0.00648298,Lactococcus,ERR1089822
34077.0,561,genus,0.00648298,Escherichia,ERR1089822
,-1,genus,35.3647,Unknown,ERR1089822
46236.0,816,genus,16.8612,Bacteroides,ERR1089911
46236.0,216851,genus,12.6813,Faecalibacterium,ERR1089911
46236.0,1508657,genus,3.40349,Ruminiclostridium,ERR1089911
46236.0,239934,genus,1.90927,Akkermansia,ERR1089911
46236.0,33042,genus,1.27448,Coprococcus,ERR1089911
46236.0,1730,genus,0.766639,Eubacterium,ERR1089911
46236.0,572511,genus,0.717808,Blautia,ERR1089911
46236.0,239759,genus,0.625031,Alistipes,ERR1089911
46236.0,459786,genus,0.556668,Oscillibacter,ERR1089911
46236.0,1506553,genus,0.307632,Lachnoclostridium,ERR1089911
46236.0,1263,genus,0.302749,Ruminococcus,ERR1089911
46236.0,1573535,genus,0.229503,Holdemanella,ERR1089911
46236.0,724,genus,0.209971,Haemophilus,ERR1089911
46236.0,841,genus,0.195322,Roseburia,ERR1089911
46236.0,1505657,genus,0.141608,Intestinibacter,ERR1089911
46236.0,1386,genus,0.097661,Bacillus,ERR1089911
46236.0,286,genus,0.0781288,Pseudomonas,ERR1089911
46236.0,469,genus,0.0683627,Acinetobacter,ERR1089911
46236.0,39948,genus,0.0634797,Dialister,ERR1089911
46236.0,1678,genus,0.0585966,Bifidobacterium,ERR1089911
46236.0,44748,genus,0.0488305,Sporobacter,ERR1089911
46236.0,838,genus,0.0439475,Prevotella,ERR1089911
46236.0,561,genus,0.0439475,Escherichia,ERR1089911
46236.0,1505663,genus,0.0390644,Erysipelatoclostridium,ERR1089911
46236.0,61170,genus,0.0341814,Holdemania,ERR1089911
46236.0,1485,genus,0.0292983,Clostridium,ERR1089911
46236.0,1578,genus,0.0244153,Lactobacillus,ERR1089911
46236.0,872,genus,0.0195322,Desulfovibrio,ERR1089911
46236.0,898,genus,0.0195322,Desulfomicrobium,ERR1089911
46236.0,46205,genus,0.0195322,Pseudobutyrivibrio,ERR1089911
46236.0,52784,genus,0.0195322,Anaerofilum,ERR1089911
46236.0,590,genus,0.0146492,Salmonella,ERR1089911
46236.0,180541,genus,0.0146492,Salinisphaera,ERR1089911
46236.0,420345,genus,0.0146492,Lactonifactor,ERR1089911
46236.0,1301,genus,0.0097661,Streptococcus,ERR1089911
46236.0,189330,genus,0.0097661,Dorea,ERR1089911
46236.0,244127,genus,0.0097661,Anaerotruncus,ERR1089911
46236.0,1716,genus,0.0097661,Corynebacterium,ERR1089911
46236.0,836,genus,0.0097661,Porphyromonas,ERR1089911
46236.0,795750,genus,0.0097661,Ignavibacterium,ERR1089911
46236.0,1350,genus,0.00488305,Enterococcus,ERR1089911
46236.0,670486,genus,0.00488305,Dehalogenimonas,ERR1089911
46236.0,118966,genus,0.00488305,Anaerorhabdus,ERR1089911
46236.0,581,genus,0.00488305,Morganella,ERR1089911
46236.0,866673,genus,0.00488305,Marinifilum,ERR1089911
46236.0,29393,genus,0.00488305,Dolosigranulum,ERR1089911
46236.0,413496,genus,0.00488305,Cronobacter,ERR1089911
46236.0,13687,genus,0.00488305,Sphingomonas,ERR1089911
46236.0,583,genus,0.00488305,Proteus,ERR1089911
46236.0,445,genus,0.00488305,Legionella,ERR1089911
46236.0,1549126,genus,0.00488305,Desulfatiglans,ERR1089911
46236.0,61434,genus,0.00488305,Dehalococcoides,ERR1089911
46236.0,262406,genus,0.00488305,Thermobaculum,ERR1089911
46236.0,34037,genus,0.00488305,Rahnella,ERR1089911
46236.0,40544,genus,0.00488305,Sutterella,ERR1089911
46236.0,332248,genus,0.00488305,Truepera,ERR1089911
46236.0,1645,genus,0.00488305,Renibacterium,ERR1089911
46236.0,1618113,genus,0.00488305,Saccharicrinis,ERR1089911
46236.0,689697,genus,0.00488305,Salisaeta,ERR1089911
46236.0,2299,genus,0.00488305,Desulfosarcina,ERR1089911
46236.0,233191,genus,0.00488305,Caldilinea,ERR1089911
46236.0,57665,genus,0.00488305,Sulfurospirillum,ERR1089911
46236.0,397864,genus,0.00488305,Barnesiella,ERR1089911
46236.0,1524249,genus,0.00488305,Pseudohongiella,ERR1089911
46236.0,84111,genus,0.00488305,Eggerthella,ERR1089911
46236.0,207244,genus,0.00488305,Anaerostipes,ERR1089911
46236.0,1551504,genus,0.00488305,Candidatus Babela,ERR1089911
46236.0,1562,genus,0.00488305,Desulfotomaculum,ERR1089911
46236.0,79328,genus,0.00488305,Chitinophaga,ERR1089911
46236.0,1082702,genus,0.00488305,Lonsdalea,ERR1089911
,-1,genus,58.5966,Unknown,ERR1089911
46236.0,816,genus,16.8612,Bacteroides,ERR1089911
46236.0,216851,genus,12.6813,Faecalibacterium,ERR1089911
46236.0,1508657,genus,3.40349,Ruminiclostridium,ERR1089911
46236.0,239934,genus,1.90927,Akkermansia,ERR1089911
46236.0,33042,genus,1.27448,Coprococcus,ERR1089911
46236.0,1730,genus,0.766639,Eubacterium,ERR1089911
46236.0,572511,genus,0.717808,Blautia,ERR1089911
46236.0,239759,genus,0.625031,Alistipes,ERR1089911
46236.0,459786,genus,0.556668,Oscillibacter,ERR1089911
46236.0,1506553,genus,0.307632,Lachnoclostridium,ERR1089911
46236.0,1263,genus,0.302749,Ruminococcus,ERR1089911
46236.0,1573535,genus,0.229503,Holdemanella,ERR1089911
46236.0,724,genus,0.209971,Haemophilus,ERR1089911
46236.0,841,genus,0.195322,Roseburia,ERR1089911
46236.0,1505657,genus,0.141608,Intestinibacter,ERR1089911
46236.0,1386,genus,0.097661,Bacillus,ERR1089911
46236.0,286,genus,0.0781288,Pseudomonas,ERR1089911
46236.0,469,genus,0.0683627,Acinetobacter,ERR1089911
46236.0,39948,genus,0.0634797,Dialister,ERR1089911
46236.0,1678,genus,0.0585966,Bifidobacterium,ERR1089911
46236.0,44748,genus,0.0488305,Sporobacter,ERR1089911
46236.0,561,genus,0.0439475,Escherichia,ERR1089911
46236.0,838,genus,0.0439475,Prevotella,ERR1089911
46236.0,1505663,genus,0.0390644,Erysipelatoclostridium,ERR1089911
46236.0,61170,genus,0.0341814,Holdemania,ERR1089911
46236.0,1485,genus,0.0292983,Clostridium,ERR1089911
46236.0,1578,genus,0.0244153,Lactobacillus,ERR1089911
46236.0,46205,genus,0.0195322,Pseudobutyrivibrio,ERR1089911
46236.0,52784,genus,0.0195322,Anaerofilum,ERR1089911
46236.0,872,genus,0.0195322,Desulfovibrio,ERR1089911
46236.0,898,genus,0.0195322,Desulfomicrobium,ERR1089911
46236.0,420345,genus,0.0146492,Lactonifactor,ERR1089911
46236.0,590,genus,0.0146492,Salmonella,ERR1089911
46236.0,180541,genus,0.0146492,Salinisphaera,ERR1089911
46236.0,1716,genus,0.0097661,Corynebacterium,ERR1089911
46236.0,836,genus,0.0097661,Porphyromonas,ERR1089911
46236.0,795750,genus,0.0097661,Ignavibacterium,ERR1089911
46236.0,1301,genus,0.0097661,Streptococcus,ERR1089911
46236.0,189330,genus,0.0097661,Dorea,ERR1089911
46236.0,244127,genus,0.0097661,Anaerotruncus,ERR1089911
46236.0,262406,genus,0.00488305,Thermobaculum,ERR1089911
46236.0,34037,genus,0.00488305,Rahnella,ERR1089911
46236.0,40544,genus,0.00488305,Sutterella,ERR1089911
46236.0,332248,genus,0.00488305,Truepera,ERR1089911
46236.0,1645,genus,0.00488305,Renibacterium,ERR1089911
46236.0,1618113,genus,0.00488305,Saccharicrinis,ERR1089911
46236.0,689697,genus,0.00488305,Salisaeta,ERR1089911
46236.0,2299,genus,0.00488305,Desulfosarcina,ERR1089911
46236.0,233191,genus,0.00488305,Caldilinea,ERR1089911
46236.0,57665,genus,0.00488305,Sulfurospirillum,ERR1089911
46236.0,397864,genus,0.00488305,Barnesiella,ERR1089911
46236.0,1524249,genus,0.00488305,Pseudohongiella,ERR1089911
46236.0,84111,genus,0.00488305,Eggerthella,ERR1089911
46236.0,207244,genus,0.00488305,Anaerostipes,ERR1089911
46236.0,1551504,genus,0.00488305,Candidatus Babela,ERR1089911
46236.0,1562,genus,0.00488305,Desulfotomaculum,ERR1089911
46236.0,79328,genus,0.00488305,Chitinophaga,ERR1089911
46236.0,1082702,genus,0.00488305,Lonsdalea,ERR1089911
46236.0,1350,genus,0.00488305,Enterococcus,ERR1089911
46236.0,670486,genus,0.00488305,Dehalogenimonas,ERR1089911
46236.0,118966,genus,0.00488305,Anaerorhabdus,ERR1089911
46236.0,581,genus,0.00488305,Morganella,ERR1089911
46236.0,866673,genus,0.00488305,Marinifilum,ERR1089911
46236.0,29393,genus,0.00488305,Dolosigranulum,ERR1089911
46236.0,413496,genus,0.00488305,Cronobacter,ERR1089911
46236.0,13687,genus,0.00488305,Sphingomonas,ERR1089911
46236.0,583,genus,0.00488305,Proteus,ERR1089911
46236.0,445,genus,0.00488305,Legionella,ERR1089911
46236.0,1549126,genus,0.00488305,Desulfatiglans,ERR1089911
46236.0,61434,genus,0.00488305,Dehalococcoides,ERR1089911
,-1,genus,58.5966,Unknown,ERR1089911
46236.0,816,genus,16.8612,Bacteroides,ERR1089911
46236.0,216851,genus,12.6813,Faecalibacterium,ERR1089911
46236.0,1508657,genus,3.40349,Ruminiclostridium,ERR1089911
46236.0,239934,genus,1.90927,Akkermansia,ERR1089911
46236.0,33042,genus,1.27448,Coprococcus,ERR1089911
46236.0,1730,genus,0.766639,Eubacterium,ERR1089911
46236.0,572511,genus,0.717808,Blautia,ERR1089911
46236.0,239759,genus,0.625031,Alistipes,ERR1089911
46236.0,459786,genus,0.556668,Oscillibacter,ERR1089911
46236.0,1506553,genus,0.307632,Lachnoclostridium,ERR1089911
46236.0,1263,genus,0.302749,Ruminococcus,ERR1089911
46236.0,1573535,genus,0.229503,Holdemanella,ERR1089911
46236.0,724,genus,0.209971,Haemophilus,ERR1089911
46236.0,841,genus,0.195322,Roseburia,ERR1089911
46236.0,1505657,genus,0.141608,Intestinibacter,ERR1089911
46236.0,1386,genus,0.097661,Bacillus,ERR1089911
46236.0,286,genus,0.0781288,Pseudomonas,ERR1089911
46236.0,469,genus,0.0683627,Acinetobacter,ERR1089911
46236.0,39948,genus,0.0634797,Dialister,ERR1089911
46236.0,1678,genus,0.0585966,Bifidobacterium,ERR1089911
46236.0,44748,genus,0.0488305,Sporobacter,ERR1089911
46236.0,561,genus,0.0439475,Escherichia,ERR1089911
46236.0,838,genus,0.0439475,Prevotella,ERR1089911
46236.0,1505663,genus,0.0390644,Erysipelatoclostridium,ERR1089911
46236.0,61170,genus,0.0341814,Holdemania,ERR1089911
46236.0,1485,genus,0.0292983,Clostridium,ERR1089911
46236.0,1578,genus,0.0244153,Lactobacillus,ERR1089911
46236.0,52784,genus,0.0195322,Anaerofilum,ERR1089911
46236.0,872,genus,0.0195322,Desulfovibrio,ERR1089911
46236.0,898,genus,0.0195322,Desulfomicrobium,ERR1089911
46236.0,46205,genus,0.0195322,Pseudobutyrivibrio,ERR1089911
46236.0,420345,genus,0.0146492,Lactonifactor,ERR1089911
46236.0,590,genus,0.0146492,Salmonella,ERR1089911
46236.0,180541,genus,0.0146492,Salinisphaera,ERR1089911
46236.0,836,genus,0.0097661,Porphyromonas,ERR1089911
46236.0,795750,genus,0.0097661,Ignavibacterium,ERR1089911
46236.0,1301,genus,0.0097661,Streptococcus,ERR1089911
46236.0,189330,genus,0.0097661,Dorea,ERR1089911
46236.0,244127,genus,0.0097661,Anaerotruncus,ERR1089911
46236.0,1716,genus,0.0097661,Corynebacterium,ERR1089911
46236.0,1645,genus,0.00488305,Renibacterium,ERR1089911
46236.0,1618113,genus,0.00488305,Saccharicrinis,ERR1089911
46236.0,689697,genus,0.00488305,Salisaeta,ERR1089911
46236.0,2299,genus,0.00488305,Desulfosarcina,ERR1089911
46236.0,233191,genus,0.00488305,Caldilinea,ERR1089911
46236.0,57665,genus,0.00488305,Sulfurospirillum,ERR1089911
46236.0,397864,genus,0.00488305,Barnesiella,ERR1089911
46236.0,1524249,genus,0.00488305,Pseudohongiella,ERR1089911
46236.0,84111,genus,0.00488305,Eggerthella,ERR1089911
46236.0,207244,genus,0.00488305,Anaerostipes,ERR1089911
46236.0,1551504,genus,0.00488305,Candidatus Babela,ERR1089911
46236.0,1562,genus,0.00488305,Desulfotomaculum,ERR1089911
46236.0,79328,genus,0.00488305,Chitinophaga,ERR1089911
46236.0,1082702,genus,0.00488305,Lonsdalea,ERR1089911
46236.0,1350,genus,0.00488305,Enterococcus,ERR1089911
46236.0,670486,genus,0.00488305,Dehalogenimonas,ERR1089911
46236.0,118966,genus,0.00488305,Anaerorhabdus,ERR1089911
46236.0,581,genus,0.00488305,Morganella,ERR1089911
46236.0,866673,genus,0.00488305,Marinifilum,ERR1089911
46236.0,29393,genus,0.00488305,Dolosigranulum,ERR1089911
46236.0,413496,genus,0.00488305,Cronobacter,ERR1089911
46236.0,13687,genus,0.00488305,Sphingomonas,ERR1089911
46236.0,583,genus,0.00488305,Proteus,ERR1089911
46236.0,445,genus,0.00488305,Legionella,ERR1089911
46236.0,1549126,genus,0.00488305,Desulfatiglans,ERR1089911
46236.0,61434,genus,0.00488305,Dehalococcoides,ERR1089911
46236.0,262406,genus,0.00488305,Thermobaculum,ERR1089911
46236.0,34037,genus,0.00488305,Rahnella,ERR1089911
46236.0,40544,genus,0.00488305,Sutterella,ERR1089911
46236.0,332248,genus,0.00488305,Truepera,ERR1089911
,-1,genus,58.5966,Unknown,ERR1089911
46237.0,216851,genus,22.5234,Faecalibacterium,ERR1089916
46237.0,39948,genus,13.3593,Dialister,ERR1089916
46237.0,1508657,genus,12.2649,Ruminiclostridium,ERR1089916
46237.0,816,genus,8.51626,Bacteroides,ERR1089916
46237.0,239934,genus,6.13246,Akkermansia,ERR1089916
46237.0,397864,genus,2.40896,Barnesiella,ERR1089916
46237.0,572511,genus,2.17624,Blautia,ERR1089916
46237.0,375288,genus,1.31455,Parabacteroides,ERR1089916
46237.0,33042,genus,1.18246,Coprococcus,ERR1089916
46237.0,239759,genus,0.899428,Alistipes,ERR1089916
46237.0,459786,genus,0.792503,Oscillibacter,ERR1089916
46237.0,1505663,genus,0.786213,Erysipelatoclostridium,ERR1089916
46237.0,44748,genus,0.597522,Sporobacter,ERR1089916
46237.0,1506553,genus,0.522045,Lachnoclostridium,ERR1089916
46237.0,41273,genus,0.509466,Tissierella,ERR1089916
46237.0,1730,genus,0.478017,Eubacterium,ERR1089916
46237.0,469,genus,0.43399,Acinetobacter,ERR1089916
46237.0,1263,genus,0.42141,Ruminococcus,ERR1089916
46237.0,283168,genus,0.345934,Odoribacter,ERR1089916
46237.0,841,genus,0.339644,Roseburia,ERR1089916
46237.0,1301,genus,0.327065,Streptococcus,ERR1089916
46237.0,162289,genus,0.314485,Peptoniphilus,ERR1089916
46237.0,1253,genus,0.276747,Pediococcus,ERR1089916
46237.0,1678,genus,0.257878,Bifidobacterium,ERR1089916
46237.0,46255,genus,0.251588,Weissella,ERR1089916
46237.0,244127,genus,0.232719,Anaerotruncus,ERR1089916
46237.0,1506577,genus,0.21385,Tyzzerella,ERR1089916
46237.0,189330,genus,0.21385,Dorea,ERR1089916
46237.0,165779,genus,0.20756,Anaerococcus,ERR1089916
46237.0,286,genus,0.194981,Pseudomonas,ERR1089916
46237.0,84111,genus,0.169822,Eggerthella,ERR1089916
46237.0,906,genus,0.150953,Megasphaera,ERR1089916
46237.0,1279388,genus,0.144663,Kandleria,ERR1089916
46237.0,61170,genus,0.100635,Holdemania,ERR1089916
46237.0,836,genus,0.0943456,Porphyromonas,ERR1089916
46237.0,40323,genus,0.0880558,Stenotrophomonas,ERR1089916
46237.0,1386,genus,0.0754764,Bacillus,ERR1089916
46237.0,52784,genus,0.062897,Anaerofilum,ERR1089916
46237.0,1716,genus,0.0566073,Corynebacterium,ERR1089916
46237.0,1578,genus,0.0566073,Lactobacillus,ERR1089916
46237.0,150022,genus,0.0566073,Finegoldia,ERR1089916
46237.0,482,genus,0.0503176,Neisseria,ERR1089916
46237.0,1485,genus,0.0503176,Clostridium,ERR1089916
46237.0,2735,genus,0.0377382,Verrucomicrobium,ERR1089916
46237.0,55080,genus,0.0377382,Brevibacillus,ERR1089916
46237.0,838,genus,0.0314485,Prevotella,ERR1089916
46237.0,590,genus,0.0314485,Salmonella,ERR1089916
46237.0,1357,genus,0.0251588,Lactococcus,ERR1089916
46237.0,1471399,genus,0.0251588,Draconibacterium,ERR1089916
46237.0,207244,genus,0.0251588,Anaerostipes,ERR1089916
46237.0,195950,genus,0.0251588,Tannerella,ERR1089916
46237.0,990721,genus,0.0188691,Christensenella,ERR1089916
46237.0,644652,genus,0.0188691,Gordonibacter,ERR1089916
46237.0,48463,genus,0.0188691,Prosthecobacter,ERR1089916
46237.0,2172,genus,0.0125794,Methanobrevibacter,ERR1089916
46237.0,233189,genus,0.0125794,Anaerolinea,ERR1089916
46237.0,28453,genus,0.0125794,Sphingobacterium,ERR1089916
46237.0,42255,genus,0.0125794,Rubrobacter,ERR1089916
46237.0,79328,genus,0.0125794,Chitinophaga,ERR1089916
46237.0,1017280,genus,0.0125794,Pseudoflavonifractor,ERR1089916
46237.0,1843210,genus,0.0125794,Anaerocolumna,ERR1089916
46237.0,184869,genus,0.0125794,Varibaculum,ERR1089916
46237.0,156973,genus,0.0125794,Dysgonomonas,ERR1089916
46237.0,581,genus,0.0062897,Morganella,ERR1089916
46237.0,1269,genus,0.0062897,Micrococcus,ERR1089916
46237.0,561,genus,0.0062897,Escherichia,ERR1089916
46237.0,233191,genus,0.0062897,Caldilinea,ERR1089916
46237.0,1502725,genus,0.0062897,Effusibacillus,ERR1089916
46237.0,586,genus,0.0062897,Providencia,ERR1089916
46237.0,698776,genus,0.0062897,Cellulosilyticum,ERR1089916
46237.0,1778601,genus,0.0062897,Apibacter,ERR1089916
46237.0,1827,genus,0.0062897,Rhodococcus,ERR1089916
46237.0,1056,genus,0.0062897,Thiocapsa,ERR1089916
46237.0,33986,genus,0.0062897,Exiguobacterium,ERR1089916
46237.0,165695,genus,0.0062897,Sphingobium,ERR1089916
46237.0,105,genus,0.0062897,Runella,ERR1089916
46237.0,34037,genus,0.0062897,Rahnella,ERR1089916
46237.0,29465,genus,0.0062897,Veillonella,ERR1089916
46237.0,171,genus,0.0062897,Leptospira,ERR1089916
46237.0,1637257,genus,0.0062897,Mageeibacillus,ERR1089916
46237.0,68335,genus,0.0062897,Coprothermobacter,ERR1089916
46237.0,1569,genus,0.0062897,Sporosarcina,ERR1089916
46237.0,32205,genus,0.0062897,Leptonema,ERR1089916
46237.0,262406,genus,0.0062897,Thermobaculum,ERR1089916
46237.0,182709,genus,0.0062897,Oceanobacillus,ERR1089916
46237.0,37914,genus,0.0062897,Dietzia,ERR1089916
46237.0,31983,genus,0.0062897,Helcococcus,ERR1089916
46237.0,1134403,genus,0.0062897,Melioribacter,ERR1089916
46237.0,61434,genus,0.0062897,Dehalococcoides,ERR1089916
46237.0,414371,genus,0.0062897,Aureimonas,ERR1089916
46237.0,1654,genus,0.0062897,Actinomyces,ERR1089916
46237.0,289201,genus,0.0062897,Pontibacillus,ERR1089916
46237.0,973,genus,0.0062897,Sporohalobacter,ERR1089916
46237.0,2299,genus,0.0062897,Desulfosarcina,ERR1089916
46237.0,125216,genus,0.0062897,Roseomonas,ERR1089916
46237.0,44249,genus,0.0062897,Paenibacillus,ERR1089916
46237.0,82802,genus,0.0062897,Trichococcus,ERR1089916
46237.0,846,genus,0.0062897,Oxalobacter,ERR1089916
46237.0,416949,genus,0.0062897,Parapedobacter,ERR1089916
46237.0,28138,genus,0.0062897,Rikenella,ERR1089916
46237.0,264995,genus,0.0062897,Anaerofustis,ERR1089916
46237.0,1645,genus,0.0062897,Renibacterium,ERR1089916
,-1,genus,19.5044,Unknown,ERR1089916
46237.0,216851,genus,22.5234,Faecalibacterium,ERR1089916
46237.0,39948,genus,13.3593,Dialister,ERR1089916
46237.0,1508657,genus,12.2649,Ruminiclostridium,ERR1089916
46237.0,816,genus,8.51626,Bacteroides,ERR1089916
46237.0,239934,genus,6.13246,Akkermansia,ERR1089916
46237.0,397864,genus,2.40896,Barnesiella,ERR1089916
46237.0,572511,genus,2.17624,Blautia,ERR1089916
46237.0,375288,genus,1.31455,Parabacteroides,ERR1089916
46237.0,33042,genus,1.18246,Coprococcus,ERR1089916
46237.0,239759,genus,0.899428,Alistipes,ERR1089916
46237.0,459786,genus,0.792503,Oscillibacter,ERR1089916
46237.0,1505663,genus,0.786213,Erysipelatoclostridium,ERR1089916
46237.0,44748,genus,0.597522,Sporobacter,ERR1089916
46237.0,1506553,genus,0.522045,Lachnoclostridium,ERR1089916
46237.0,41273,genus,0.509466,Tissierella,ERR1089916
46237.0,1730,genus,0.478017,Eubacterium,ERR1089916
46237.0,469,genus,0.43399,Acinetobacter,ERR1089916
46237.0,1263,genus,0.42141,Ruminococcus,ERR1089916
46237.0,283168,genus,0.345934,Odoribacter,ERR1089916
46237.0,841,genus,0.339644,Roseburia,ERR1089916
46237.0,1301,genus,0.327065,Streptococcus,ERR1089916
46237.0,162289,genus,0.314485,Peptoniphilus,ERR1089916
46237.0,1253,genus,0.276747,Pediococcus,ERR1089916
46237.0,1678,genus,0.257878,Bifidobacterium,ERR1089916
46237.0,46255,genus,0.251588,Weissella,ERR1089916
46237.0,244127,genus,0.232719,Anaerotruncus,ERR1089916
46237.0,1506577,genus,0.21385,Tyzzerella,ERR1089916
46237.0,189330,genus,0.21385,Dorea,ERR1089916
46237.0,165779,genus,0.20756,Anaerococcus,ERR1089916
46237.0,286,genus,0.194981,Pseudomonas,ERR1089916
46237.0,84111,genus,0.169822,Eggerthella,ERR1089916
46237.0,906,genus,0.150953,Megasphaera,ERR1089916
46237.0,1279388,genus,0.144663,Kandleria,ERR1089916
46237.0,61170,genus,0.100635,Holdemania,ERR1089916
46237.0,836,genus,0.0943456,Porphyromonas,ERR1089916
46237.0,40323,genus,0.0880558,Stenotrophomonas,ERR1089916
46237.0,1386,genus,0.0754764,Bacillus,ERR1089916
46237.0,52784,genus,0.062897,Anaerofilum,ERR1089916
46237.0,150022,genus,0.0566073,Finegoldia,ERR1089916
46237.0,1716,genus,0.0566073,Corynebacterium,ERR1089916
46237.0,1578,genus,0.0566073,Lactobacillus,ERR1089916
46237.0,482,genus,0.0503176,Neisseria,ERR1089916
46237.0,1485,genus,0.0503176,Clostridium,ERR1089916
46237.0,2735,genus,0.0377382,Verrucomicrobium,ERR1089916
46237.0,55080,genus,0.0377382,Brevibacillus,ERR1089916
46237.0,838,genus,0.0314485,Prevotella,ERR1089916
46237.0,590,genus,0.0314485,Salmonella,ERR1089916
46237.0,1357,genus,0.0251588,Lactococcus,ERR1089916
46237.0,1471399,genus,0.0251588,Draconibacterium,ERR1089916
46237.0,207244,genus,0.0251588,Anaerostipes,ERR1089916
46237.0,195950,genus,0.0251588,Tannerella,ERR1089916
46237.0,48463,genus,0.0188691,Prosthecobacter,ERR1089916
46237.0,990721,genus,0.0188691,Christensenella,ERR1089916
46237.0,644652,genus,0.0188691,Gordonibacter,ERR1089916
46237.0,2172,genus,0.0125794,Methanobrevibacter,ERR1089916
46237.0,233189,genus,0.0125794,Anaerolinea,ERR1089916
46237.0,28453,genus,0.0125794,Sphingobacterium,ERR1089916
46237.0,42255,genus,0.0125794,Rubrobacter,ERR1089916
46237.0,79328,genus,0.0125794,Chitinophaga,ERR1089916
46237.0,1017280,genus,0.0125794,Pseudoflavonifractor,ERR1089916
46237.0,1843210,genus,0.0125794,Anaerocolumna,ERR1089916
46237.0,184869,genus,0.0125794,Varibaculum,ERR1089916
46237.0,156973,genus,0.0125794,Dysgonomonas,ERR1089916
46237.0,416949,genus,0.0062897,Parapedobacter,ERR1089916
46237.0,28138,genus,0.0062897,Rikenella,ERR1089916
46237.0,264995,genus,0.0062897,Anaerofustis,ERR1089916
46237.0,1645,genus,0.0062897,Renibacterium,ERR1089916
46237.0,581,genus,0.0062897,Morganella,ERR1089916
46237.0,1269,genus,0.0062897,Micrococcus,ERR1089916
46237.0,561,genus,0.0062897,Escherichia,ERR1089916
46237.0,233191,genus,0.0062897,Caldilinea,ERR1089916
46237.0,1502725,genus,0.0062897,Effusibacillus,ERR1089916
46237.0,586,genus,0.0062897,Providencia,ERR1089916
46237.0,698776,genus,0.0062897,Cellulosilyticum,ERR1089916
46237.0,1778601,genus,0.0062897,Apibacter,ERR1089916
46237.0,1827,genus,0.0062897,Rhodococcus,ERR1089916
46237.0,1056,genus,0.0062897,Thiocapsa,ERR1089916
46237.0,33986,genus,0.0062897,Exiguobacterium,ERR1089916
46237.0,165695,genus,0.0062897,Sphingobium,ERR1089916
46237.0,105,genus,0.0062897,Runella,ERR1089916
46237.0,34037,genus,0.0062897,Rahnella,ERR1089916
46237.0,29465,genus,0.0062897,Veillonella,ERR1089916
46237.0,171,genus,0.0062897,Leptospira,ERR1089916
46237.0,1637257,genus,0.0062897,Mageeibacillus,ERR1089916
46237.0,68335,genus,0.0062897,Coprothermobacter,ERR1089916
46237.0,1569,genus,0.0062897,Sporosarcina,ERR1089916
46237.0,32205,genus,0.0062897,Leptonema,ERR1089916
46237.0,262406,genus,0.0062897,Thermobaculum,ERR1089916
46237.0,182709,genus,0.0062897,Oceanobacillus,ERR1089916
46237.0,37914,genus,0.0062897,Dietzia,ERR1089916
46237.0,31983,genus,0.0062897,Helcococcus,ERR1089916
46237.0,1134403,genus,0.0062897,Melioribacter,ERR1089916
46237.0,61434,genus,0.0062897,Dehalococcoides,ERR1089916
46237.0,414371,genus,0.0062897,Aureimonas,ERR1089916
46237.0,1654,genus,0.0062897,Actinomyces,ERR1089916
46237.0,289201,genus,0.0062897,Pontibacillus,ERR1089916
46237.0,973,genus,0.0062897,Sporohalobacter,ERR1089916
46237.0,2299,genus,0.0062897,Desulfosarcina,ERR1089916
46237.0,125216,genus,0.0062897,Roseomonas,ERR1089916
46237.0,44249,genus,0.0062897,Paenibacillus,ERR1089916
46237.0,82802,genus,0.0062897,Trichococcus,ERR1089916
46237.0,846,genus,0.0062897,Oxalobacter,ERR1089916
,-1,genus,19.5044,Unknown,ERR1089916
46237.0,216851,genus,22.5234,Faecalibacterium,ERR1089916
46237.0,39948,genus,13.3593,Dialister,ERR1089916
46237.0,1508657,genus,12.2649,Ruminiclostridium,ERR1089916
46237.0,816,genus,8.51626,Bacteroides,ERR1089916
46237.0,239934,genus,6.13246,Akkermansia,ERR1089916
46237.0,397864,genus,2.40896,Barnesiella,ERR1089916
46237.0,572511,genus,2.17624,Blautia,ERR1089916
46237.0,375288,genus,1.31455,Parabacteroides,ERR1089916
46237.0,33042,genus,1.18246,Coprococcus,ERR1089916
46237.0,239759,genus,0.899428,Alistipes,ERR1089916
46237.0,459786,genus,0.792503,Oscillibacter,ERR1089916
46237.0,1505663,genus,0.786213,Erysipelatoclostridium,ERR1089916
46237.0,44748,genus,0.597522,Sporobacter,ERR1089916
46237.0,1506553,genus,0.522045,Lachnoclostridium,ERR1089916
46237.0,41273,genus,0.509466,Tissierella,ERR1089916
46237.0,1730,genus,0.478017,Eubacterium,ERR1089916
46237.0,469,genus,0.43399,Acinetobacter,ERR1089916
46237.0,1263,genus,0.42141,Ruminococcus,ERR1089916
46237.0,283168,genus,0.345934,Odoribacter,ERR1089916
46237.0,841,genus,0.339644,Roseburia,ERR1089916
46237.0,1301,genus,0.327065,Streptococcus,ERR1089916
46237.0,162289,genus,0.314485,Peptoniphilus,ERR1089916
46237.0,1253,genus,0.276747,Pediococcus,ERR1089916
46237.0,1678,genus,0.257878,Bifidobacterium,ERR1089916
46237.0,46255,genus,0.251588,Weissella,ERR1089916
46237.0,244127,genus,0.232719,Anaerotruncus,ERR1089916
46237.0,1506577,genus,0.21385,Tyzzerella,ERR1089916
46237.0,189330,genus,0.21385,Dorea,ERR1089916
46237.0,165779,genus,0.20756,Anaerococcus,ERR1089916
46237.0,286,genus,0.194981,Pseudomonas,ERR1089916
46237.0,84111,genus,0.169822,Eggerthella,ERR1089916
46237.0,906,genus,0.150953,Megasphaera,ERR1089916
46237.0,1279388,genus,0.144663,Kandleria,ERR1089916
46237.0,61170,genus,0.100635,Holdemania,ERR1089916
46237.0,836,genus,0.0943456,Porphyromonas,ERR1089916
46237.0,40323,genus,0.0880558,Stenotrophomonas,ERR1089916
46237.0,1386,genus,0.0754764,Bacillus,ERR1089916
46237.0,52784,genus,0.062897,Anaerofilum,ERR1089916
46237.0,150022,genus,0.0566073,Finegoldia,ERR1089916
46237.0,1716,genus,0.0566073,Corynebacterium,ERR1089916
46237.0,1578,genus,0.0566073,Lactobacillus,ERR1089916
46237.0,482,genus,0.0503176,Neisseria,ERR1089916
46237.0,1485,genus,0.0503176,Clostridium,ERR1089916
46237.0,55080,genus,0.0377382,Brevibacillus,ERR1089916
46237.0,2735,genus,0.0377382,Verrucomicrobium,ERR1089916
46237.0,590,genus,0.0314485,Salmonella,ERR1089916
46237.0,838,genus,0.0314485,Prevotella,ERR1089916
46237.0,1471399,genus,0.0251588,Draconibacterium,ERR1089916
46237.0,207244,genus,0.0251588,Anaerostipes,ERR1089916
46237.0,195950,genus,0.0251588,Tannerella,ERR1089916
46237.0,1357,genus,0.0251588,Lactococcus,ERR1089916
46237.0,990721,genus,0.0188691,Christensenella,ERR1089916
46237.0,644652,genus,0.0188691,Gordonibacter,ERR1089916
46237.0,48463,genus,0.0188691,Prosthecobacter,ERR1089916
46237.0,79328,genus,0.0125794,Chitinophaga,ERR1089916
46237.0,42255,genus,0.0125794,Rubrobacter,ERR1089916
46237.0,1017280,genus,0.0125794,Pseudoflavonifractor,ERR1089916
46237.0,1843210,genus,0.0125794,Anaerocolumna,ERR1089916
46237.0,184869,genus,0.0125794,Varibaculum,ERR1089916
46237.0,156973,genus,0.0125794,Dysgonomonas,ERR1089916
46237.0,2172,genus,0.0125794,Methanobrevibacter,ERR1089916
46237.0,233189,genus,0.0125794,Anaerolinea,ERR1089916
46237.0,28453,genus,0.0125794,Sphingobacterium,ERR1089916
46237.0,1056,genus,0.0062897,Thiocapsa,ERR1089916
46237.0,1778601,genus,0.0062897,Apibacter,ERR1089916
46237.0,1827,genus,0.0062897,Rhodococcus,ERR1089916
46237.0,33986,genus,0.0062897,Exiguobacterium,ERR1089916
46237.0,171,genus,0.0062897,Leptospira,ERR1089916
46237.0,1637257,genus,0.0062897,Mageeibacillus,ERR1089916
46237.0,165695,genus,0.0062897,Sphingobium,ERR1089916
46237.0,105,genus,0.0062897,Runella,ERR1089916
46237.0,34037,genus,0.0062897,Rahnella,ERR1089916
46237.0,29465,genus,0.0062897,Veillonella,ERR1089916
46237.0,1569,genus,0.0062897,Sporosarcina,ERR1089916
46237.0,68335,genus,0.0062897,Coprothermobacter,ERR1089916
46237.0,182709,genus,0.0062897,Oceanobacillus,ERR1089916
46237.0,32205,genus,0.0062897,Leptonema,ERR1089916
46237.0,262406,genus,0.0062897,Thermobaculum,ERR1089916
46237.0,1134403,genus,0.0062897,Melioribacter,ERR1089916
46237.0,37914,genus,0.0062897,Dietzia,ERR1089916
46237.0,31983,genus,0.0062897,Helcococcus,ERR1089916
46237.0,61434,genus,0.0062897,Dehalococcoides,ERR1089916
46237.0,414371,genus,0.0062897,Aureimonas,ERR1089916
46237.0,1654,genus,0.0062897,Actinomyces,ERR1089916
46237.0,125216,genus,0.0062897,Roseomonas,ERR1089916
46237.0,44249,genus,0.0062897,Paenibacillus,ERR1089916
46237.0,289201,genus,0.0062897,Pontibacillus,ERR1089916
46237.0,973,genus,0.0062897,Sporohalobacter,ERR1089916
46237.0,2299,genus,0.0062897,Desulfosarcina,ERR1089916
46237.0,846,genus,0.0062897,Oxalobacter,ERR1089916
46237.0,82802,genus,0.0062897,Trichococcus,ERR1089916
46237.0,1645,genus,0.0062897,Renibacterium,ERR1089916
46237.0,416949,genus,0.0062897,Parapedobacter,ERR1089916
46237.0,28138,genus,0.0062897,Rikenella,ERR1089916
46237.0,264995,genus,0.0062897,Anaerofustis,ERR1089916
46237.0,1269,genus,0.0062897,Micrococcus,ERR1089916
46237.0,561,genus,0.0062897,Escherichia,ERR1089916
46237.0,581,genus,0.0062897,Morganella,ERR1089916
46237.0,233191,genus,0.0062897,Caldilinea,ERR1089916
46237.0,1502725,genus,0.0062897,Effusibacillus,ERR1089916
46237.0,698776,genus,0.0062897,Cellulosilyticum,ERR1089916
46237.0,586,genus,0.0062897,Providencia,ERR1089916
,-1,genus,19.5044,Unknown,ERR1089916
34089.0,286,genus,5.72133,Pseudomonas,ERR1089997
34089.0,239934,genus,5.36406,Akkermansia,ERR1089997
34089.0,1508657,genus,3.64817,Ruminiclostridium,ERR1089997
34089.0,816,genus,2.16877,Bacteroides,ERR1089997
34089.0,239759,genus,1.91717,Alistipes,ERR1089997
34089.0,375288,genus,1.29824,Parabacteroides,ERR1089997
34089.0,216851,genus,1.09193,Faecalibacterium,ERR1089997
34089.0,904,genus,0.533387,Acidaminococcus,ERR1089997
34089.0,397864,genus,0.498163,Barnesiella,ERR1089997
34089.0,459786,genus,0.493131,Oscillibacter,ERR1089997
34089.0,572511,genus,0.296885,Blautia,ERR1089997
34089.0,590,genus,0.186182,Salmonella,ERR1089997
34089.0,1301,genus,0.18115,Streptococcus,ERR1089997
34089.0,1506553,genus,0.135863,Lachnoclostridium,ERR1089997
34089.0,1505663,genus,0.130831,Erysipelatoclostridium,ERR1089997
34089.0,1578,genus,0.125799,Lactobacillus,ERR1089997
34089.0,1730,genus,0.125799,Eubacterium,ERR1089997
34089.0,207244,genus,0.0905752,Anaerostipes,ERR1089997
34089.0,1263,genus,0.0905752,Ruminococcus,ERR1089997
34089.0,561,genus,0.0855432,Escherichia,ERR1089997
34089.0,84111,genus,0.0855432,Eggerthella,ERR1089997
34089.0,1678,genus,0.0654154,Bifidobacterium,ERR1089997
34089.0,841,genus,0.0603834,Roseburia,ERR1089997
34089.0,872,genus,0.0553515,Desulfovibrio,ERR1089997
34089.0,2172,genus,0.0452876,Methanobrevibacter,ERR1089997
34089.0,44748,genus,0.0301917,Sporobacter,ERR1089997
34089.0,146813,genus,0.0301917,Dendrosporobacter,ERR1089997
34089.0,244127,genus,0.0251598,Anaerotruncus,ERR1089997
34089.0,898,genus,0.0251598,Desulfomicrobium,ERR1089997
34089.0,1573534,genus,0.0201278,Faecalitalea,ERR1089997
34089.0,2299,genus,0.0201278,Desulfosarcina,ERR1089997
34089.0,702,genus,0.0150959,Plesiomonas,ERR1089997
34089.0,48463,genus,0.0150959,Prosthecobacter,ERR1089997
34089.0,61170,genus,0.0150959,Holdemania,ERR1089997
34089.0,990721,genus,0.0150959,Christensenella,ERR1089997
34089.0,2147,genus,0.0100639,Acholeplasma,ERR1089997
34089.0,180541,genus,0.0100639,Salinisphaera,ERR1089997
34089.0,1253,genus,0.0100639,Pediococcus,ERR1089997
34089.0,1485,genus,0.0100639,Clostridium,ERR1089997
34089.0,33042,genus,0.0100639,Coprococcus,ERR1089997
34089.0,32207,genus,0.0100639,Rothia,ERR1089997
34089.0,642,genus,0.00503195,Aeromonas,ERR1089997
34089.0,2316,genus,0.00503195,Methanosphaera,ERR1089997
34089.0,42255,genus,0.00503195,Rubrobacter,ERR1089997
34089.0,469,genus,0.00503195,Acinetobacter,ERR1089997
34089.0,909656,genus,0.00503195,Phocaeicola,ERR1089997
34089.0,1433993,genus,0.00503195,Chryseolinea,ERR1089997
34089.0,2747,genus,0.00503195,Carnobacterium,ERR1089997
34089.0,79206,genus,0.00503195,Desulfosporosinus,ERR1089997
34089.0,447020,genus,0.00503195,Adlercreutzia,ERR1089997
34089.0,620,genus,0.00503195,Shigella,ERR1089997
34089.0,262406,genus,0.00503195,Thermobaculum,ERR1089997
34089.0,226,genus,0.00503195,Alteromonas,ERR1089997
34089.0,1988,genus,0.00503195,Actinomadura,ERR1089997
34089.0,666508,genus,0.00503195,Phycisphaera,ERR1089997
34089.0,1506577,genus,0.00503195,Tyzzerella,ERR1089997
34089.0,59753,genus,0.00503195,Alcanivorax,ERR1089997
34089.0,61434,genus,0.00503195,Dehalococcoides,ERR1089997
34089.0,278993,genus,0.00503195,Thermincola,ERR1089997
34089.0,1618113,genus,0.00503195,Saccharicrinis,ERR1089997
34089.0,119977,genus,0.00503195,Acidithiobacillus,ERR1089997
34089.0,649460,genus,0.00503195,Filimonas,ERR1089997
34089.0,332248,genus,0.00503195,Truepera,ERR1089997
34089.0,626,genus,0.00503195,Xenorhabdus,ERR1089997
34089.0,866673,genus,0.00503195,Marinifilum,ERR1089997
34089.0,34037,genus,0.00503195,Rahnella,ERR1089997
34089.0,67575,genus,0.00503195,Rheinheimera,ERR1089997
34089.0,13687,genus,0.00503195,Sphingomonas,ERR1089997
34089.0,1471399,genus,0.00503195,Draconibacterium,ERR1089997
34089.0,1279388,genus,0.00503195,Kandleria,ERR1089997
34089.0,100175,genus,0.00503195,Papillibacter,ERR1089997
34089.0,1386,genus,0.00503195,Bacillus,ERR1089997
34089.0,189330,genus,0.00503195,Dorea,ERR1089997
,-1,genus,75.0465,Unknown,ERR1089997
34089.0,286,genus,5.72133,Pseudomonas,ERR1089997
34089.0,239934,genus,5.36406,Akkermansia,ERR1089997
34089.0,1508657,genus,3.64817,Ruminiclostridium,ERR1089997
34089.0,816,genus,2.16877,Bacteroides,ERR1089997
34089.0,239759,genus,1.91717,Alistipes,ERR1089997
34089.0,375288,genus,1.29824,Parabacteroides,ERR1089997
34089.0,216851,genus,1.09193,Faecalibacterium,ERR1089997
34089.0,904,genus,0.533387,Acidaminococcus,ERR1089997
34089.0,397864,genus,0.498163,Barnesiella,ERR1089997
34089.0,459786,genus,0.493131,Oscillibacter,ERR1089997
34089.0,572511,genus,0.296885,Blautia,ERR1089997
34089.0,590,genus,0.186182,Salmonella,ERR1089997
34089.0,1301,genus,0.18115,Streptococcus,ERR1089997
34089.0,1506553,genus,0.135863,Lachnoclostridium,ERR1089997
34089.0,1505663,genus,0.130831,Erysipelatoclostridium,ERR1089997
34089.0,1730,genus,0.125799,Eubacterium,ERR1089997
34089.0,1578,genus,0.125799,Lactobacillus,ERR1089997
34089.0,207244,genus,0.0905752,Anaerostipes,ERR1089997
34089.0,1263,genus,0.0905752,Ruminococcus,ERR1089997
34089.0,561,genus,0.0855432,Escherichia,ERR1089997
34089.0,84111,genus,0.0855432,Eggerthella,ERR1089997
34089.0,1678,genus,0.0654154,Bifidobacterium,ERR1089997
34089.0,841,genus,0.0603834,Roseburia,ERR1089997
34089.0,872,genus,0.0553515,Desulfovibrio,ERR1089997
34089.0,2172,genus,0.0452876,Methanobrevibacter,ERR1089997
34089.0,44748,genus,0.0301917,Sporobacter,ERR1089997
34089.0,146813,genus,0.0301917,Dendrosporobacter,ERR1089997
34089.0,898,genus,0.0251598,Desulfomicrobium,ERR1089997
34089.0,244127,genus,0.0251598,Anaerotruncus,ERR1089997
34089.0,2299,genus,0.0201278,Desulfosarcina,ERR1089997
34089.0,1573534,genus,0.0201278,Faecalitalea,ERR1089997
34089.0,990721,genus,0.0150959,Christensenella,ERR1089997
34089.0,702,genus,0.0150959,Plesiomonas,ERR1089997
34089.0,48463,genus,0.0150959,Prosthecobacter,ERR1089997
34089.0,61170,genus,0.0150959,Holdemania,ERR1089997
34089.0,33042,genus,0.0100639,Coprococcus,ERR1089997
34089.0,32207,genus,0.0100639,Rothia,ERR1089997
34089.0,2147,genus,0.0100639,Acholeplasma,ERR1089997
34089.0,180541,genus,0.0100639,Salinisphaera,ERR1089997
34089.0,1253,genus,0.0100639,Pediococcus,ERR1089997
34089.0,1485,genus,0.0100639,Clostridium,ERR1089997
34089.0,1386,genus,0.00503195,Bacillus,ERR1089997
34089.0,189330,genus,0.00503195,Dorea,ERR1089997
34089.0,642,genus,0.00503195,Aeromonas,ERR1089997
34089.0,2316,genus,0.00503195,Methanosphaera,ERR1089997
34089.0,42255,genus,0.00503195,Rubrobacter,ERR1089997
34089.0,469,genus,0.00503195,Acinetobacter,ERR1089997
34089.0,909656,genus,0.00503195,Phocaeicola,ERR1089997
34089.0,1433993,genus,0.00503195,Chryseolinea,ERR1089997
34089.0,2747,genus,0.00503195,Carnobacterium,ERR1089997
34089.0,79206,genus,0.00503195,Desulfosporosinus,ERR1089997
34089.0,447020,genus,0.00503195,Adlercreutzia,ERR1089997
34089.0,620,genus,0.00503195,Shigella,ERR1089997
34089.0,262406,genus,0.00503195,Thermobaculum,ERR1089997
34089.0,226,genus,0.00503195,Alteromonas,ERR1089997
34089.0,1988,genus,0.00503195,Actinomadura,ERR1089997
34089.0,666508,genus,0.00503195,Phycisphaera,ERR1089997
34089.0,1506577,genus,0.00503195,Tyzzerella,ERR1089997
34089.0,59753,genus,0.00503195,Alcanivorax,ERR1089997
34089.0,61434,genus,0.00503195,Dehalococcoides,ERR1089997
34089.0,278993,genus,0.00503195,Thermincola,ERR1089997
34089.0,1618113,genus,0.00503195,Saccharicrinis,ERR1089997
34089.0,119977,genus,0.00503195,Acidithiobacillus,ERR1089997
34089.0,649460,genus,0.00503195,Filimonas,ERR1089997
34089.0,332248,genus,0.00503195,Truepera,ERR1089997
34089.0,626,genus,0.00503195,Xenorhabdus,ERR1089997
34089.0,866673,genus,0.00503195,Marinifilum,ERR1089997
34089.0,34037,genus,0.00503195,Rahnella,ERR1089997
34089.0,67575,genus,0.00503195,Rheinheimera,ERR1089997
34089.0,13687,genus,0.00503195,Sphingomonas,ERR1089997
34089.0,1471399,genus,0.00503195,Draconibacterium,ERR1089997
34089.0,1279388,genus,0.00503195,Kandleria,ERR1089997
34089.0,100175,genus,0.00503195,Papillibacter,ERR1089997
,-1,genus,75.0465,Unknown,ERR1089997
34089.0,286,genus,5.72133,Pseudomonas,ERR1089997
34089.0,239934,genus,5.36406,Akkermansia,ERR1089997
34089.0,1508657,genus,3.64817,Ruminiclostridium,ERR1089997
34089.0,816,genus,2.16877,Bacteroides,ERR1089997
34089.0,239759,genus,1.91717,Alistipes,ERR1089997
34089.0,375288,genus,1.29824,Parabacteroides,ERR1089997
34089.0,216851,genus,1.09193,Faecalibacterium,ERR1089997
34089.0,904,genus,0.533387,Acidaminococcus,ERR1089997
34089.0,397864,genus,0.498163,Barnesiella,ERR1089997
34089.0,459786,genus,0.493131,Oscillibacter,ERR1089997
34089.0,572511,genus,0.296885,Blautia,ERR1089997
34089.0,590,genus,0.186182,Salmonella,ERR1089997
34089.0,1301,genus,0.18115,Streptococcus,ERR1089997
34089.0,1506553,genus,0.135863,Lachnoclostridium,ERR1089997
34089.0,1505663,genus,0.130831,Erysipelatoclostridium,ERR1089997
34089.0,1730,genus,0.125799,Eubacterium,ERR1089997
34089.0,1578,genus,0.125799,Lactobacillus,ERR1089997
34089.0,1263,genus,0.0905752,Ruminococcus,ERR1089997
34089.0,207244,genus,0.0905752,Anaerostipes,ERR1089997
34089.0,561,genus,0.0855432,Escherichia,ERR1089997
34089.0,84111,genus,0.0855432,Eggerthella,ERR1089997
34089.0,1678,genus,0.0654154,Bifidobacterium,ERR1089997
34089.0,841,genus,0.0603834,Roseburia,ERR1089997
34089.0,872,genus,0.0553515,Desulfovibrio,ERR1089997
34089.0,2172,genus,0.0452876,Methanobrevibacter,ERR1089997
34089.0,44748,genus,0.0301917,Sporobacter,ERR1089997
34089.0,146813,genus,0.0301917,Dendrosporobacter,ERR1089997
34089.0,244127,genus,0.0251598,Anaerotruncus,ERR1089997
34089.0,898,genus,0.0251598,Desulfomicrobium,ERR1089997
34089.0,2299,genus,0.0201278,Desulfosarcina,ERR1089997
34089.0,1573534,genus,0.0201278,Faecalitalea,ERR1089997
34089.0,990721,genus,0.0150959,Christensenella,ERR1089997
34089.0,702,genus,0.0150959,Plesiomonas,ERR1089997
34089.0,48463,genus,0.0150959,Prosthecobacter,ERR1089997
34089.0,61170,genus,0.0150959,Holdemania,ERR1089997
34089.0,33042,genus,0.0100639,Coprococcus,ERR1089997
34089.0,32207,genus,0.0100639,Rothia,ERR1089997
34089.0,2147,genus,0.0100639,Acholeplasma,ERR1089997
34089.0,180541,genus,0.0100639,Salinisphaera,ERR1089997
34089.0,1253,genus,0.0100639,Pediococcus,ERR1089997
34089.0,1485,genus,0.0100639,Clostridium,ERR1089997
34089.0,1279388,genus,0.00503195,Kandleria,ERR1089997
34089.0,100175,genus,0.00503195,Papillibacter,ERR1089997
34089.0,1386,genus,0.00503195,Bacillus,ERR1089997
34089.0,189330,genus,0.00503195,Dorea,ERR1089997
34089.0,642,genus,0.00503195,Aeromonas,ERR1089997
34089.0,2316,genus,0.00503195,Methanosphaera,ERR1089997
34089.0,42255,genus,0.00503195,Rubrobacter,ERR1089997
34089.0,469,genus,0.00503195,Acinetobacter,ERR1089997
34089.0,909656,genus,0.00503195,Phocaeicola,ERR1089997
34089.0,1433993,genus,0.00503195,Chryseolinea,ERR1089997
34089.0,2747,genus,0.00503195,Carnobacterium,ERR1089997
34089.0,79206,genus,0.00503195,Desulfosporosinus,ERR1089997
34089.0,447020,genus,0.00503195,Adlercreutzia,ERR1089997
34089.0,620,genus,0.00503195,Shigella,ERR1089997
34089.0,262406,genus,0.00503195,Thermobaculum,ERR1089997
34089.0,226,genus,0.00503195,Alteromonas,ERR1089997
34089.0,1988,genus,0.00503195,Actinomadura,ERR1089997
34089.0,666508,genus,0.00503195,Phycisphaera,ERR1089997
34089.0,1506577,genus,0.00503195,Tyzzerella,ERR1089997
34089.0,59753,genus,0.00503195,Alcanivorax,ERR1089997
34089.0,61434,genus,0.00503195,Dehalococcoides,ERR1089997
34089.0,278993,genus,0.00503195,Thermincola,ERR1089997
34089.0,1618113,genus,0.00503195,Saccharicrinis,ERR1089997
34089.0,119977,genus,0.00503195,Acidithiobacillus,ERR1089997
34089.0,649460,genus,0.00503195,Filimonas,ERR1089997
34089.0,332248,genus,0.00503195,Truepera,ERR1089997
34089.0,626,genus,0.00503195,Xenorhabdus,ERR1089997
34089.0,866673,genus,0.00503195,Marinifilum,ERR1089997
34089.0,34037,genus,0.00503195,Rahnella,ERR1089997
34089.0,67575,genus,0.00503195,Rheinheimera,ERR1089997
34089.0,13687,genus,0.00503195,Sphingomonas,ERR1089997
34089.0,1471399,genus,0.00503195,Draconibacterium,ERR1089997
,-1,genus,75.0465,Unknown,ERR1089997
34089.0,286,genus,5.72133,Pseudomonas,ERR1089997
34089.0,239934,genus,5.36406,Akkermansia,ERR1089997
34089.0,1508657,genus,3.64817,Ruminiclostridium,ERR1089997
34089.0,816,genus,2.16877,Bacteroides,ERR1089997
34089.0,239759,genus,1.91717,Alistipes,ERR1089997
34089.0,375288,genus,1.29824,Parabacteroides,ERR1089997
34089.0,216851,genus,1.09193,Faecalibacterium,ERR1089997
34089.0,904,genus,0.533387,Acidaminococcus,ERR1089997
34089.0,397864,genus,0.498163,Barnesiella,ERR1089997
34089.0,459786,genus,0.493131,Oscillibacter,ERR1089997
34089.0,572511,genus,0.296885,Blautia,ERR1089997
34089.0,590,genus,0.186182,Salmonella,ERR1089997
34089.0,1301,genus,0.18115,Streptococcus,ERR1089997
34089.0,1506553,genus,0.135863,Lachnoclostridium,ERR1089997
34089.0,1505663,genus,0.130831,Erysipelatoclostridium,ERR1089997
34089.0,1578,genus,0.125799,Lactobacillus,ERR1089997
34089.0,1730,genus,0.125799,Eubacterium,ERR1089997
34089.0,207244,genus,0.0905752,Anaerostipes,ERR1089997
34089.0,1263,genus,0.0905752,Ruminococcus,ERR1089997
34089.0,561,genus,0.0855432,Escherichia,ERR1089997
34089.0,84111,genus,0.0855432,Eggerthella,ERR1089997
34089.0,1678,genus,0.0654154,Bifidobacterium,ERR1089997
34089.0,841,genus,0.0603834,Roseburia,ERR1089997
34089.0,872,genus,0.0553515,Desulfovibrio,ERR1089997
34089.0,2172,genus,0.0452876,Methanobrevibacter,ERR1089997
34089.0,44748,genus,0.0301917,Sporobacter,ERR1089997
34089.0,146813,genus,0.0301917,Dendrosporobacter,ERR1089997
34089.0,244127,genus,0.0251598,Anaerotruncus,ERR1089997
34089.0,898,genus,0.0251598,Desulfomicrobium,ERR1089997
34089.0,1573534,genus,0.0201278,Faecalitalea,ERR1089997
34089.0,2299,genus,0.0201278,Desulfosarcina,ERR1089997
34089.0,48463,genus,0.0150959,Prosthecobacter,ERR1089997
34089.0,61170,genus,0.0150959,Holdemania,ERR1089997
34089.0,990721,genus,0.0150959,Christensenella,ERR1089997
34089.0,702,genus,0.0150959,Plesiomonas,ERR1089997
34089.0,2147,genus,0.0100639,Acholeplasma,ERR1089997
34089.0,180541,genus,0.0100639,Salinisphaera,ERR1089997
34089.0,1253,genus,0.0100639,Pediococcus,ERR1089997
34089.0,1485,genus,0.0100639,Clostridium,ERR1089997
34089.0,33042,genus,0.0100639,Coprococcus,ERR1089997
34089.0,32207,genus,0.0100639,Rothia,ERR1089997
34089.0,447020,genus,0.00503195,Adlercreutzia,ERR1089997
34089.0,620,genus,0.00503195,Shigella,ERR1089997
34089.0,262406,genus,0.00503195,Thermobaculum,ERR1089997
34089.0,226,genus,0.00503195,Alteromonas,ERR1089997
34089.0,1988,genus,0.00503195,Actinomadura,ERR1089997
34089.0,666508,genus,0.00503195,Phycisphaera,ERR1089997
34089.0,1506577,genus,0.00503195,Tyzzerella,ERR1089997
34089.0,59753,genus,0.00503195,Alcanivorax,ERR1089997
34089.0,61434,genus,0.00503195,Dehalococcoides,ERR1089997
34089.0,278993,genus,0.00503195,Thermincola,ERR1089997
34089.0,1618113,genus,0.00503195,Saccharicrinis,ERR1089997
34089.0,119977,genus,0.00503195,Acidithiobacillus,ERR1089997
34089.0,649460,genus,0.00503195,Filimonas,ERR1089997
34089.0,332248,genus,0.00503195,Truepera,ERR1089997
34089.0,626,genus,0.00503195,Xenorhabdus,ERR1089997
34089.0,866673,genus,0.00503195,Marinifilum,ERR1089997
34089.0,34037,genus,0.00503195,Rahnella,ERR1089997
34089.0,67575,genus,0.00503195,Rheinheimera,ERR1089997
34089.0,13687,genus,0.00503195,Sphingomonas,ERR1089997
34089.0,1471399,genus,0.00503195,Draconibacterium,ERR1089997
34089.0,1279388,genus,0.00503195,Kandleria,ERR1089997
34089.0,100175,genus,0.00503195,Papillibacter,ERR1089997
34089.0,1386,genus,0.00503195,Bacillus,ERR1089997
34089.0,189330,genus,0.00503195,Dorea,ERR1089997
34089.0,642,genus,0.00503195,Aeromonas,ERR1089997
34089.0,2316,genus,0.00503195,Methanosphaera,ERR1089997
34089.0,42255,genus,0.00503195,Rubrobacter,ERR1089997
34089.0,469,genus,0.00503195,Acinetobacter,ERR1089997
34089.0,909656,genus,0.00503195,Phocaeicola,ERR1089997
34089.0,1433993,genus,0.00503195,Chryseolinea,ERR1089997
34089.0,2747,genus,0.00503195,Carnobacterium,ERR1089997
34089.0,79206,genus,0.00503195,Desulfosporosinus,ERR1089997
,-1,genus,75.0465,Unknown,ERR1089997
34089.0,286,genus,5.72133,Pseudomonas,ERR1089997
34089.0,239934,genus,5.36406,Akkermansia,ERR1089997
34089.0,1508657,genus,3.64817,Ruminiclostridium,ERR1089997
34089.0,816,genus,2.16877,Bacteroides,ERR1089997
34089.0,239759,genus,1.91717,Alistipes,ERR1089997
34089.0,375288,genus,1.29824,Parabacteroides,ERR1089997
34089.0,216851,genus,1.09193,Faecalibacterium,ERR1089997
34089.0,904,genus,0.533387,Acidaminococcus,ERR1089997
34089.0,397864,genus,0.498163,Barnesiella,ERR1089997
34089.0,459786,genus,0.493131,Oscillibacter,ERR1089997
34089.0,572511,genus,0.296885,Blautia,ERR1089997
34089.0,590,genus,0.186182,Salmonella,ERR1089997
34089.0,1301,genus,0.18115,Streptococcus,ERR1089997
34089.0,1506553,genus,0.135863,Lachnoclostridium,ERR1089997
34089.0,1505663,genus,0.130831,Erysipelatoclostridium,ERR1089997
34089.0,1730,genus,0.125799,Eubacterium,ERR1089997
34089.0,1578,genus,0.125799,Lactobacillus,ERR1089997
34089.0,1263,genus,0.0905752,Ruminococcus,ERR1089997
34089.0,207244,genus,0.0905752,Anaerostipes,ERR1089997
34089.0,561,genus,0.0855432,Escherichia,ERR1089997
34089.0,84111,genus,0.0855432,Eggerthella,ERR1089997
34089.0,1678,genus,0.0654154,Bifidobacterium,ERR1089997
34089.0,841,genus,0.0603834,Roseburia,ERR1089997
34089.0,872,genus,0.0553515,Desulfovibrio,ERR1089997
34089.0,2172,genus,0.0452876,Methanobrevibacter,ERR1089997
34089.0,44748,genus,0.0301917,Sporobacter,ERR1089997
34089.0,146813,genus,0.0301917,Dendrosporobacter,ERR1089997
34089.0,244127,genus,0.0251598,Anaerotruncus,ERR1089997
34089.0,898,genus,0.0251598,Desulfomicrobium,ERR1089997
34089.0,2299,genus,0.0201278,Desulfosarcina,ERR1089997
34089.0,1573534,genus,0.0201278,Faecalitalea,ERR1089997
34089.0,61170,genus,0.0150959,Holdemania,ERR1089997
34089.0,990721,genus,0.0150959,Christensenella,ERR1089997
34089.0,702,genus,0.0150959,Plesiomonas,ERR1089997
34089.0,48463,genus,0.0150959,Prosthecobacter,ERR1089997
34089.0,180541,genus,0.0100639,Salinisphaera,ERR1089997
34089.0,1253,genus,0.0100639,Pediococcus,ERR1089997
34089.0,1485,genus,0.0100639,Clostridium,ERR1089997
34089.0,33042,genus,0.0100639,Coprococcus,ERR1089997
34089.0,32207,genus,0.0100639,Rothia,ERR1089997
34089.0,2147,genus,0.0100639,Acholeplasma,ERR1089997
34089.0,332248,genus,0.00503195,Truepera,ERR1089997
34089.0,626,genus,0.00503195,Xenorhabdus,ERR1089997
34089.0,866673,genus,0.00503195,Marinifilum,ERR1089997
34089.0,34037,genus,0.00503195,Rahnella,ERR1089997
34089.0,67575,genus,0.00503195,Rheinheimera,ERR1089997
34089.0,13687,genus,0.00503195,Sphingomonas,ERR1089997
34089.0,1471399,genus,0.00503195,Draconibacterium,ERR1089997
34089.0,1279388,genus,0.00503195,Kandleria,ERR1089997
34089.0,100175,genus,0.00503195,Papillibacter,ERR1089997
34089.0,1386,genus,0.00503195,Bacillus,ERR1089997
34089.0,189330,genus,0.00503195,Dorea,ERR1089997
34089.0,642,genus,0.00503195,Aeromonas,ERR1089997
34089.0,2316,genus,0.00503195,Methanosphaera,ERR1089997
34089.0,42255,genus,0.00503195,Rubrobacter,ERR1089997
34089.0,469,genus,0.00503195,Acinetobacter,ERR1089997
34089.0,909656,genus,0.00503195,Phocaeicola,ERR1089997
34089.0,1433993,genus,0.00503195,Chryseolinea,ERR1089997
34089.0,2747,genus,0.00503195,Carnobacterium,ERR1089997
34089.0,79206,genus,0.00503195,Desulfosporosinus,ERR1089997
34089.0,447020,genus,0.00503195,Adlercreutzia,ERR1089997
34089.0,620,genus,0.00503195,Shigella,ERR1089997
34089.0,262406,genus,0.00503195,Thermobaculum,ERR1089997
34089.0,226,genus,0.00503195,Alteromonas,ERR1089997
34089.0,1988,genus,0.00503195,Actinomadura,ERR1089997
34089.0,666508,genus,0.00503195,Phycisphaera,ERR1089997
34089.0,1506577,genus,0.00503195,Tyzzerella,ERR1089997
34089.0,59753,genus,0.00503195,Alcanivorax,ERR1089997
34089.0,61434,genus,0.00503195,Dehalococcoides,ERR1089997
34089.0,278993,genus,0.00503195,Thermincola,ERR1089997
34089.0,1618113,genus,0.00503195,Saccharicrinis,ERR1089997
34089.0,119977,genus,0.00503195,Acidithiobacillus,ERR1089997
34089.0,649460,genus,0.00503195,Filimonas,ERR1089997
,-1,genus,75.0465,Unknown,ERR1089997
34089.0,286,genus,5.72133,Pseudomonas,ERR1089997
34089.0,239934,genus,5.36406,Akkermansia,ERR1089997
34089.0,1508657,genus,3.64817,Ruminiclostridium,ERR1089997
34089.0,816,genus,2.16877,Bacteroides,ERR1089997
34089.0,239759,genus,1.91717,Alistipes,ERR1089997
34089.0,375288,genus,1.29824,Parabacteroides,ERR1089997
34089.0,216851,genus,1.09193,Faecalibacterium,ERR1089997
34089.0,904,genus,0.533387,Acidaminococcus,ERR1089997
34089.0,397864,genus,0.498163,Barnesiella,ERR1089997
34089.0,459786,genus,0.493131,Oscillibacter,ERR1089997
34089.0,572511,genus,0.296885,Blautia,ERR1089997
34089.0,590,genus,0.186182,Salmonella,ERR1089997
34089.0,1301,genus,0.18115,Streptococcus,ERR1089997
34089.0,1506553,genus,0.135863,Lachnoclostridium,ERR1089997
34089.0,1505663,genus,0.130831,Erysipelatoclostridium,ERR1089997
34089.0,1730,genus,0.125799,Eubacterium,ERR1089997
34089.0,1578,genus,0.125799,Lactobacillus,ERR1089997
34089.0,1263,genus,0.0905752,Ruminococcus,ERR1089997
34089.0,207244,genus,0.0905752,Anaerostipes,ERR1089997
34089.0,561,genus,0.0855432,Escherichia,ERR1089997
34089.0,84111,genus,0.0855432,Eggerthella,ERR1089997
34089.0,1678,genus,0.0654154,Bifidobacterium,ERR1089997
34089.0,841,genus,0.0603834,Roseburia,ERR1089997
34089.0,872,genus,0.0553515,Desulfovibrio,ERR1089997
34089.0,2172,genus,0.0452876,Methanobrevibacter,ERR1089997
34089.0,44748,genus,0.0301917,Sporobacter,ERR1089997
34089.0,146813,genus,0.0301917,Dendrosporobacter,ERR1089997
34089.0,244127,genus,0.0251598,Anaerotruncus,ERR1089997
34089.0,898,genus,0.0251598,Desulfomicrobium,ERR1089997
34089.0,2299,genus,0.0201278,Desulfosarcina,ERR1089997
34089.0,1573534,genus,0.0201278,Faecalitalea,ERR1089997
34089.0,990721,genus,0.0150959,Christensenella,ERR1089997
34089.0,702,genus,0.0150959,Plesiomonas,ERR1089997
34089.0,48463,genus,0.0150959,Prosthecobacter,ERR1089997
34089.0,61170,genus,0.0150959,Holdemania,ERR1089997
34089.0,1253,genus,0.0100639,Pediococcus,ERR1089997
34089.0,1485,genus,0.0100639,Clostridium,ERR1089997
34089.0,33042,genus,0.0100639,Coprococcus,ERR1089997
34089.0,32207,genus,0.0100639,Rothia,ERR1089997
34089.0,2147,genus,0.0100639,Acholeplasma,ERR1089997
34089.0,180541,genus,0.0100639,Salinisphaera,ERR1089997
34089.0,13687,genus,0.00503195,Sphingomonas,ERR1089997
34089.0,1471399,genus,0.00503195,Draconibacterium,ERR1089997
34089.0,1279388,genus,0.00503195,Kandleria,ERR1089997
34089.0,100175,genus,0.00503195,Papillibacter,ERR1089997
34089.0,1386,genus,0.00503195,Bacillus,ERR1089997
34089.0,189330,genus,0.00503195,Dorea,ERR1089997
34089.0,642,genus,0.00503195,Aeromonas,ERR1089997
34089.0,2316,genus,0.00503195,Methanosphaera,ERR1089997
34089.0,42255,genus,0.00503195,Rubrobacter,ERR1089997
34089.0,469,genus,0.00503195,Acinetobacter,ERR1089997
34089.0,909656,genus,0.00503195,Phocaeicola,ERR1089997
34089.0,1433993,genus,0.00503195,Chryseolinea,ERR1089997
34089.0,2747,genus,0.00503195,Carnobacterium,ERR1089997
34089.0,79206,genus,0.00503195,Desulfosporosinus,ERR1089997
34089.0,447020,genus,0.00503195,Adlercreutzia,ERR1089997
34089.0,620,genus,0.00503195,Shigella,ERR1089997
34089.0,262406,genus,0.00503195,Thermobaculum,ERR1089997
34089.0,226,genus,0.00503195,Alteromonas,ERR1089997
34089.0,1988,genus,0.00503195,Actinomadura,ERR1089997
34089.0,666508,genus,0.00503195,Phycisphaera,ERR1089997
34089.0,1506577,genus,0.00503195,Tyzzerella,ERR1089997
34089.0,59753,genus,0.00503195,Alcanivorax,ERR1089997
34089.0,61434,genus,0.00503195,Dehalococcoides,ERR1089997
34089.0,278993,genus,0.00503195,Thermincola,ERR1089997
34089.0,1618113,genus,0.00503195,Saccharicrinis,ERR1089997
34089.0,119977,genus,0.00503195,Acidithiobacillus,ERR1089997
34089.0,649460,genus,0.00503195,Filimonas,ERR1089997
34089.0,332248,genus,0.00503195,Truepera,ERR1089997
34089.0,626,genus,0.00503195,Xenorhabdus,ERR1089997
34089.0,866673,genus,0.00503195,Marinifilum,ERR1089997
34089.0,34037,genus,0.00503195,Rahnella,ERR1089997
34089.0,67575,genus,0.00503195,Rheinheimera,ERR1089997
,-1,genus,75.0465,Unknown,ERR1089997
34089.0,286,genus,5.72133,Pseudomonas,ERR1089997
34089.0,239934,genus,5.36406,Akkermansia,ERR1089997
34089.0,1508657,genus,3.64817,Ruminiclostridium,ERR1089997
34089.0,816,genus,2.16877,Bacteroides,ERR1089997
34089.0,239759,genus,1.91717,Alistipes,ERR1089997
34089.0,375288,genus,1.29824,Parabacteroides,ERR1089997
34089.0,216851,genus,1.09193,Faecalibacterium,ERR1089997
34089.0,904,genus,0.533387,Acidaminococcus,ERR1089997
34089.0,397864,genus,0.498163,Barnesiella,ERR1089997
34089.0,459786,genus,0.493131,Oscillibacter,ERR1089997
34089.0,572511,genus,0.296885,Blautia,ERR1089997
34089.0,590,genus,0.186182,Salmonella,ERR1089997
34089.0,1301,genus,0.18115,Streptococcus,ERR1089997
34089.0,1506553,genus,0.135863,Lachnoclostridium,ERR1089997
34089.0,1505663,genus,0.130831,Erysipelatoclostridium,ERR1089997
34089.0,1578,genus,0.125799,Lactobacillus,ERR1089997
34089.0,1730,genus,0.125799,Eubacterium,ERR1089997
34089.0,207244,genus,0.0905752,Anaerostipes,ERR1089997
34089.0,1263,genus,0.0905752,Ruminococcus,ERR1089997
34089.0,561,genus,0.0855432,Escherichia,ERR1089997
34089.0,84111,genus,0.0855432,Eggerthella,ERR1089997
34089.0,1678,genus,0.0654154,Bifidobacterium,ERR1089997
34089.0,841,genus,0.0603834,Roseburia,ERR1089997
34089.0,872,genus,0.0553515,Desulfovibrio,ERR1089997
34089.0,2172,genus,0.0452876,Methanobrevibacter,ERR1089997
34089.0,44748,genus,0.0301917,Sporobacter,ERR1089997
34089.0,146813,genus,0.0301917,Dendrosporobacter,ERR1089997
34089.0,244127,genus,0.0251598,Anaerotruncus,ERR1089997
34089.0,898,genus,0.0251598,Desulfomicrobium,ERR1089997
34089.0,1573534,genus,0.0201278,Faecalitalea,ERR1089997
34089.0,2299,genus,0.0201278,Desulfosarcina,ERR1089997
34089.0,48463,genus,0.0150959,Prosthecobacter,ERR1089997
34089.0,61170,genus,0.0150959,Holdemania,ERR1089997
34089.0,990721,genus,0.0150959,Christensenella,ERR1089997
34089.0,702,genus,0.0150959,Plesiomonas,ERR1089997
34089.0,2147,genus,0.0100639,Acholeplasma,ERR1089997
34089.0,180541,genus,0.0100639,Salinisphaera,ERR1089997
34089.0,1485,genus,0.0100639,Clostridium,ERR1089997
34089.0,1253,genus,0.0100639,Pediococcus,ERR1089997
34089.0,32207,genus,0.0100639,Rothia,ERR1089997
34089.0,33042,genus,0.0100639,Coprococcus,ERR1089997
34089.0,79206,genus,0.00503195,Desulfosporosinus,ERR1089997
34089.0,1433993,genus,0.00503195,Chryseolinea,ERR1089997
34089.0,2747,genus,0.00503195,Carnobacterium,ERR1089997
34089.0,262406,genus,0.00503195,Thermobaculum,ERR1089997
34089.0,447020,genus,0.00503195,Adlercreutzia,ERR1089997
34089.0,620,genus,0.00503195,Shigella,ERR1089997
34089.0,226,genus,0.00503195,Alteromonas,ERR1089997
34089.0,1988,genus,0.00503195,Actinomadura,ERR1089997
34089.0,666508,genus,0.00503195,Phycisphaera,ERR1089997
34089.0,59753,genus,0.00503195,Alcanivorax,ERR1089997
34089.0,1506577,genus,0.00503195,Tyzzerella,ERR1089997
34089.0,278993,genus,0.00503195,Thermincola,ERR1089997
34089.0,61434,genus,0.00503195,Dehalococcoides,ERR1089997
34089.0,1618113,genus,0.00503195,Saccharicrinis,ERR1089997
34089.0,119977,genus,0.00503195,Acidithiobacillus,ERR1089997
34089.0,649460,genus,0.00503195,Filimonas,ERR1089997
34089.0,866673,genus,0.00503195,Marinifilum,ERR1089997
34089.0,332248,genus,0.00503195,Truepera,ERR1089997
34089.0,626,genus,0.00503195,Xenorhabdus,ERR1089997
34089.0,67575,genus,0.00503195,Rheinheimera,ERR1089997
34089.0,34037,genus,0.00503195,Rahnella,ERR1089997
34089.0,1471399,genus,0.00503195,Draconibacterium,ERR1089997
34089.0,13687,genus,0.00503195,Sphingomonas,ERR1089997
34089.0,100175,genus,0.00503195,Papillibacter,ERR1089997
34089.0,1279388,genus,0.00503195,Kandleria,ERR1089997
34089.0,189330,genus,0.00503195,Dorea,ERR1089997
34089.0,1386,genus,0.00503195,Bacillus,ERR1089997
34089.0,2316,genus,0.00503195,Methanosphaera,ERR1089997
34089.0,642,genus,0.00503195,Aeromonas,ERR1089997
34089.0,909656,genus,0.00503195,Phocaeicola,ERR1089997
34089.0,42255,genus,0.00503195,Rubrobacter,ERR1089997
34089.0,469,genus,0.00503195,Acinetobacter,ERR1089997
,-1,genus,75.0465,Unknown,ERR1089997
34089.0,286,genus,5.72133,Pseudomonas,ERR1089997
34089.0,239934,genus,5.36406,Akkermansia,ERR1089997
34089.0,1508657,genus,3.64817,Ruminiclostridium,ERR1089997
34089.0,816,genus,2.16877,Bacteroides,ERR1089997
34089.0,239759,genus,1.91717,Alistipes,ERR1089997
34089.0,375288,genus,1.29824,Parabacteroides,ERR1089997
34089.0,216851,genus,1.09193,Faecalibacterium,ERR1089997
34089.0,904,genus,0.533387,Acidaminococcus,ERR1089997
34089.0,397864,genus,0.498163,Barnesiella,ERR1089997
34089.0,459786,genus,0.493131,Oscillibacter,ERR1089997
34089.0,572511,genus,0.296885,Blautia,ERR1089997
34089.0,590,genus,0.186182,Salmonella,ERR1089997
34089.0,1301,genus,0.18115,Streptococcus,ERR1089997
34089.0,1506553,genus,0.135863,Lachnoclostridium,ERR1089997
34089.0,1505663,genus,0.130831,Erysipelatoclostridium,ERR1089997
34089.0,1730,genus,0.125799,Eubacterium,ERR1089997
34089.0,1578,genus,0.125799,Lactobacillus,ERR1089997
34089.0,207244,genus,0.0905752,Anaerostipes,ERR1089997
34089.0,1263,genus,0.0905752,Ruminococcus,ERR1089997
34089.0,561,genus,0.0855432,Escherichia,ERR1089997
34089.0,84111,genus,0.0855432,Eggerthella,ERR1089997
34089.0,1678,genus,0.0654154,Bifidobacterium,ERR1089997
34089.0,841,genus,0.0603834,Roseburia,ERR1089997
34089.0,872,genus,0.0553515,Desulfovibrio,ERR1089997
34089.0,2172,genus,0.0452876,Methanobrevibacter,ERR1089997
34089.0,44748,genus,0.0301917,Sporobacter,ERR1089997
34089.0,146813,genus,0.0301917,Dendrosporobacter,ERR1089997
34089.0,244127,genus,0.0251598,Anaerotruncus,ERR1089997
34089.0,898,genus,0.0251598,Desulfomicrobium,ERR1089997
34089.0,1573534,genus,0.0201278,Faecalitalea,ERR1089997
34089.0,2299,genus,0.0201278,Desulfosarcina,ERR1089997
34089.0,990721,genus,0.0150959,Christensenella,ERR1089997
34089.0,702,genus,0.0150959,Plesiomonas,ERR1089997
34089.0,48463,genus,0.0150959,Prosthecobacter,ERR1089997
34089.0,61170,genus,0.0150959,Holdemania,ERR1089997
34089.0,33042,genus,0.0100639,Coprococcus,ERR1089997
34089.0,32207,genus,0.0100639,Rothia,ERR1089997
34089.0,2147,genus,0.0100639,Acholeplasma,ERR1089997
34089.0,180541,genus,0.0100639,Salinisphaera,ERR1089997
34089.0,1253,genus,0.0100639,Pediococcus,ERR1089997
34089.0,1485,genus,0.0100639,Clostridium,ERR1089997
34089.0,642,genus,0.00503195,Aeromonas,ERR1089997
34089.0,2316,genus,0.00503195,Methanosphaera,ERR1089997
34089.0,42255,genus,0.00503195,Rubrobacter,ERR1089997
34089.0,469,genus,0.00503195,Acinetobacter,ERR1089997
34089.0,909656,genus,0.00503195,Phocaeicola,ERR1089997
34089.0,1433993,genus,0.00503195,Chryseolinea,ERR1089997
34089.0,2747,genus,0.00503195,Carnobacterium,ERR1089997
34089.0,79206,genus,0.00503195,Desulfosporosinus,ERR1089997
34089.0,447020,genus,0.00503195,Adlercreutzia,ERR1089997
34089.0,620,genus,0.00503195,Shigella,ERR1089997
34089.0,262406,genus,0.00503195,Thermobaculum,ERR1089997
34089.0,226,genus,0.00503195,Alteromonas,ERR1089997
34089.0,1988,genus,0.00503195,Actinomadura,ERR1089997
34089.0,666508,genus,0.00503195,Phycisphaera,ERR1089997
34089.0,1506577,genus,0.00503195,Tyzzerella,ERR1089997
34089.0,59753,genus,0.00503195,Alcanivorax,ERR1089997
34089.0,61434,genus,0.00503195,Dehalococcoides,ERR1089997
34089.0,278993,genus,0.00503195,Thermincola,ERR1089997
34089.0,1618113,genus,0.00503195,Saccharicrinis,ERR1089997
34089.0,119977,genus,0.00503195,Acidithiobacillus,ERR1089997
34089.0,649460,genus,0.00503195,Filimonas,ERR1089997
34089.0,332248,genus,0.00503195,Truepera,ERR1089997
34089.0,626,genus,0.00503195,Xenorhabdus,ERR1089997
34089.0,866673,genus,0.00503195,Marinifilum,ERR1089997
34089.0,34037,genus,0.00503195,Rahnella,ERR1089997
34089.0,67575,genus,0.00503195,Rheinheimera,ERR1089997
34089.0,13687,genus,0.00503195,Sphingomonas,ERR1089997
34089.0,1471399,genus,0.00503195,Draconibacterium,ERR1089997
34089.0,1279388,genus,0.00503195,Kandleria,ERR1089997
34089.0,100175,genus,0.00503195,Papillibacter,ERR1089997
34089.0,1386,genus,0.00503195,Bacillus,ERR1089997
34089.0,189330,genus,0.00503195,Dorea,ERR1089997
,-1,genus,75.0465,Unknown,ERR1089997
38491.0,216851,genus,6.93439,Faecalibacterium,ERR1090047
38491.0,816,genus,3.29635,Bacteroides,ERR1090047
38491.0,572511,genus,2.3396,Blautia,ERR1090047
38491.0,239759,genus,1.00096,Alistipes,ERR1090047
38491.0,1263,genus,0.936646,Ruminococcus,ERR1090047
38491.0,1505663,genus,0.406014,Erysipelatoclostridium,ERR1090047
38491.0,1730,genus,0.401994,Eubacterium,ERR1090047
38491.0,1505657,genus,0.349735,Intestinibacter,ERR1090047
38491.0,244127,genus,0.301495,Anaerotruncus,ERR1090047
38491.0,1301,genus,0.261296,Streptococcus,ERR1090047
38491.0,459786,genus,0.209037,Oscillibacter,ERR1090047
38491.0,397864,genus,0.200997,Barnesiella,ERR1090047
38491.0,84111,genus,0.192957,Eggerthella,ERR1090047
38491.0,1508657,genus,0.180897,Ruminiclostridium,ERR1090047
38491.0,1485,genus,0.148738,Clostridium,ERR1090047
38491.0,1386,genus,0.148738,Bacillus,ERR1090047
38491.0,841,genus,0.116578,Roseburia,ERR1090047
38491.0,375288,genus,0.100498,Parabacteroides,ERR1090047
38491.0,1350,genus,0.0924586,Enterococcus,ERR1090047
38491.0,1678,genus,0.0884387,Bifidobacterium,ERR1090047
38491.0,1506553,genus,0.0884387,Lachnoclostridium,ERR1090047
38491.0,561,genus,0.0844187,Escherichia,ERR1090047
38491.0,1243,genus,0.064319,Leuconostoc,ERR1090047
38491.0,189330,genus,0.0602991,Dorea,ERR1090047
38491.0,286,genus,0.0562791,Pseudomonas,ERR1090047
38491.0,33042,genus,0.0522592,Coprococcus,ERR1090047
38491.0,872,genus,0.0482393,Desulfovibrio,ERR1090047
38491.0,898,genus,0.0442193,Desulfomicrobium,ERR1090047
38491.0,1505652,genus,0.0401994,Terrisporobacter,ERR1090047
38491.0,44748,genus,0.0361794,Sporobacter,ERR1090047
38491.0,283168,genus,0.0321595,Odoribacter,ERR1090047
38491.0,61170,genus,0.0321595,Holdemania,ERR1090047
38491.0,528,genus,0.0321595,Ochrobactrum,ERR1090047
38491.0,583,genus,0.0281396,Proteus,ERR1090047
38491.0,413496,genus,0.0241196,Cronobacter,ERR1090047
38491.0,52784,genus,0.0241196,Anaerofilum,ERR1090047
38491.0,86795,genus,0.0200997,Marmoricola,ERR1090047
38491.0,39948,genus,0.0160798,Dialister,ERR1090047
38491.0,1654,genus,0.0160798,Actinomyces,ERR1090047
38491.0,1578,genus,0.0160798,Lactobacillus,ERR1090047
38491.0,233191,genus,0.0160798,Caldilinea,ERR1090047
38491.0,1357,genus,0.0160798,Lactococcus,ERR1090047
38491.0,61434,genus,0.0120598,Dehalococcoides,ERR1090047
38491.0,187144,genus,0.0120598,Caldithrix,ERR1090047
38491.0,182709,genus,0.0120598,Oceanobacillus,ERR1090047
38491.0,620,genus,0.0120598,Shigella,ERR1090047
38491.0,626,genus,0.0120598,Xenorhabdus,ERR1090047
38491.0,469,genus,0.0120598,Acinetobacter,ERR1090047
38491.0,180541,genus,0.0120598,Salinisphaera,ERR1090047
38491.0,35832,genus,0.00803988,Bilophila,ERR1090047
38491.0,1827,genus,0.00803988,Rhodococcus,ERR1090047
38491.0,41275,genus,0.00803988,Brevundimonas,ERR1090047
38491.0,1565532,genus,0.00803988,Rouxiella,ERR1090047
38491.0,2299,genus,0.00803988,Desulfosarcina,ERR1090047
38491.0,581,genus,0.00803988,Morganella,ERR1090047
38491.0,2747,genus,0.00401994,Carnobacterium,ERR1090047
38491.0,1663,genus,0.00401994,Arthrobacter,ERR1090047
38491.0,1843210,genus,0.00401994,Anaerocolumna,ERR1090047
38491.0,2742,genus,0.00401994,Marinobacter,ERR1090047
38491.0,32207,genus,0.00401994,Rothia,ERR1090047
38491.0,670486,genus,0.00401994,Dehalogenimonas,ERR1090047
38491.0,46254,genus,0.00401994,Oenococcus,ERR1090047
38491.0,29404,genus,0.00401994,Microlunatus,ERR1090047
38491.0,590,genus,0.00401994,Salmonella,ERR1090047
38491.0,262406,genus,0.00401994,Thermobaculum,ERR1090047
38491.0,67575,genus,0.00401994,Rheinheimera,ERR1090047
38491.0,194,genus,0.00401994,Campylobacter,ERR1090047
38491.0,357,genus,0.00401994,Agrobacterium,ERR1090047
38491.0,265980,genus,0.00401994,Alkalimonas,ERR1090047
38491.0,100883,genus,0.00401994,Coprobacillus,ERR1090047
38491.0,58050,genus,0.00401994,Moritella,ERR1090047
38491.0,207244,genus,0.00401994,Anaerostipes,ERR1090047
38491.0,28231,genus,0.00401994,Geobacter,ERR1090047
38491.0,904,genus,0.00401994,Acidaminococcus,ERR1090047
38491.0,264995,genus,0.00401994,Anaerofustis,ERR1090047
38491.0,838,genus,0.00401994,Prevotella,ERR1090047
38491.0,836,genus,0.00401994,Porphyromonas,ERR1090047
38491.0,28453,genus,0.00401994,Sphingobacterium,ERR1090047
38491.0,570,genus,0.00401994,Klebsiella,ERR1090047
38491.0,40323,genus,0.00401994,Stenotrophomonas,ERR1090047
38491.0,662,genus,0.00401994,Vibrio,ERR1090047
38491.0,445,genus,0.00401994,Legionella,ERR1090047
,-1,genus,80.9415,Unknown,ERR1090047
38491.0,216851,genus,6.93439,Faecalibacterium,ERR1090047
38491.0,816,genus,3.29635,Bacteroides,ERR1090047
38491.0,572511,genus,2.3396,Blautia,ERR1090047
38491.0,239759,genus,1.00096,Alistipes,ERR1090047
38491.0,1263,genus,0.936646,Ruminococcus,ERR1090047
38491.0,1505663,genus,0.406014,Erysipelatoclostridium,ERR1090047
38491.0,1730,genus,0.401994,Eubacterium,ERR1090047
38491.0,1505657,genus,0.349735,Intestinibacter,ERR1090047
38491.0,244127,genus,0.301495,Anaerotruncus,ERR1090047
38491.0,1301,genus,0.261296,Streptococcus,ERR1090047
38491.0,459786,genus,0.209037,Oscillibacter,ERR1090047
38491.0,397864,genus,0.200997,Barnesiella,ERR1090047
38491.0,84111,genus,0.192957,Eggerthella,ERR1090047
38491.0,1508657,genus,0.180897,Ruminiclostridium,ERR1090047
38491.0,1485,genus,0.148738,Clostridium,ERR1090047
38491.0,1386,genus,0.148738,Bacillus,ERR1090047
38491.0,841,genus,0.116578,Roseburia,ERR1090047
38491.0,375288,genus,0.100498,Parabacteroides,ERR1090047
38491.0,1350,genus,0.0924586,Enterococcus,ERR1090047
38491.0,1678,genus,0.0884387,Bifidobacterium,ERR1090047
38491.0,1506553,genus,0.0884387,Lachnoclostridium,ERR1090047
38491.0,561,genus,0.0844187,Escherichia,ERR1090047
38491.0,1243,genus,0.064319,Leuconostoc,ERR1090047
38491.0,189330,genus,0.0602991,Dorea,ERR1090047
38491.0,286,genus,0.0562791,Pseudomonas,ERR1090047
38491.0,33042,genus,0.0522592,Coprococcus,ERR1090047
38491.0,872,genus,0.0482393,Desulfovibrio,ERR1090047
38491.0,898,genus,0.0442193,Desulfomicrobium,ERR1090047
38491.0,1505652,genus,0.0401994,Terrisporobacter,ERR1090047
38491.0,44748,genus,0.0361794,Sporobacter,ERR1090047
38491.0,61170,genus,0.0321595,Holdemania,ERR1090047
38491.0,528,genus,0.0321595,Ochrobactrum,ERR1090047
38491.0,283168,genus,0.0321595,Odoribacter,ERR1090047
38491.0,583,genus,0.0281396,Proteus,ERR1090047
38491.0,413496,genus,0.0241196,Cronobacter,ERR1090047
38491.0,52784,genus,0.0241196,Anaerofilum,ERR1090047
38491.0,86795,genus,0.0200997,Marmoricola,ERR1090047
38491.0,1654,genus,0.0160798,Actinomyces,ERR1090047
38491.0,39948,genus,0.0160798,Dialister,ERR1090047
38491.0,1578,genus,0.0160798,Lactobacillus,ERR1090047
38491.0,233191,genus,0.0160798,Caldilinea,ERR1090047
38491.0,1357,genus,0.0160798,Lactococcus,ERR1090047
38491.0,469,genus,0.0120598,Acinetobacter,ERR1090047
38491.0,180541,genus,0.0120598,Salinisphaera,ERR1090047
38491.0,61434,genus,0.0120598,Dehalococcoides,ERR1090047
38491.0,187144,genus,0.0120598,Caldithrix,ERR1090047
38491.0,182709,genus,0.0120598,Oceanobacillus,ERR1090047
38491.0,620,genus,0.0120598,Shigella,ERR1090047
38491.0,626,genus,0.0120598,Xenorhabdus,ERR1090047
38491.0,2299,genus,0.00803988,Desulfosarcina,ERR1090047
38491.0,581,genus,0.00803988,Morganella,ERR1090047
38491.0,35832,genus,0.00803988,Bilophila,ERR1090047
38491.0,1827,genus,0.00803988,Rhodococcus,ERR1090047
38491.0,41275,genus,0.00803988,Brevundimonas,ERR1090047
38491.0,1565532,genus,0.00803988,Rouxiella,ERR1090047
38491.0,67575,genus,0.00401994,Rheinheimera,ERR1090047
38491.0,265980,genus,0.00401994,Alkalimonas,ERR1090047
38491.0,194,genus,0.00401994,Campylobacter,ERR1090047
38491.0,357,genus,0.00401994,Agrobacterium,ERR1090047
38491.0,100883,genus,0.00401994,Coprobacillus,ERR1090047
38491.0,58050,genus,0.00401994,Moritella,ERR1090047
38491.0,904,genus,0.00401994,Acidaminococcus,ERR1090047
38491.0,207244,genus,0.00401994,Anaerostipes,ERR1090047
38491.0,28231,genus,0.00401994,Geobacter,ERR1090047
38491.0,264995,genus,0.00401994,Anaerofustis,ERR1090047
38491.0,838,genus,0.00401994,Prevotella,ERR1090047
38491.0,836,genus,0.00401994,Porphyromonas,ERR1090047
38491.0,28453,genus,0.00401994,Sphingobacterium,ERR1090047
38491.0,570,genus,0.00401994,Klebsiella,ERR1090047
38491.0,40323,genus,0.00401994,Stenotrophomonas,ERR1090047
38491.0,662,genus,0.00401994,Vibrio,ERR1090047
38491.0,445,genus,0.00401994,Legionella,ERR1090047
38491.0,2747,genus,0.00401994,Carnobacterium,ERR1090047
38491.0,1663,genus,0.00401994,Arthrobacter,ERR1090047
38491.0,1843210,genus,0.00401994,Anaerocolumna,ERR1090047
38491.0,2742,genus,0.00401994,Marinobacter,ERR1090047
38491.0,32207,genus,0.00401994,Rothia,ERR1090047
38491.0,46254,genus,0.00401994,Oenococcus,ERR1090047
38491.0,670486,genus,0.00401994,Dehalogenimonas,ERR1090047
38491.0,29404,genus,0.00401994,Microlunatus,ERR1090047
38491.0,590,genus,0.00401994,Salmonella,ERR1090047
38491.0,262406,genus,0.00401994,Thermobaculum,ERR1090047
,-1,genus,80.9415,Unknown,ERR1090047
38491.0,216851,genus,6.93439,Faecalibacterium,ERR1090047
38491.0,816,genus,3.29635,Bacteroides,ERR1090047
38491.0,572511,genus,2.3396,Blautia,ERR1090047
38491.0,239759,genus,1.00096,Alistipes,ERR1090047
38491.0,1263,genus,0.936646,Ruminococcus,ERR1090047
38491.0,1505663,genus,0.406014,Erysipelatoclostridium,ERR1090047
38491.0,1730,genus,0.401994,Eubacterium,ERR1090047
38491.0,1505657,genus,0.349735,Intestinibacter,ERR1090047
38491.0,244127,genus,0.301495,Anaerotruncus,ERR1090047
38491.0,1301,genus,0.261296,Streptococcus,ERR1090047
38491.0,459786,genus,0.209037,Oscillibacter,ERR1090047
38491.0,397864,genus,0.200997,Barnesiella,ERR1090047
38491.0,84111,genus,0.192957,Eggerthella,ERR1090047
38491.0,1508657,genus,0.180897,Ruminiclostridium,ERR1090047
38491.0,1485,genus,0.148738,Clostridium,ERR1090047
38491.0,1386,genus,0.148738,Bacillus,ERR1090047
38491.0,841,genus,0.116578,Roseburia,ERR1090047
38491.0,375288,genus,0.100498,Parabacteroides,ERR1090047
38491.0,1350,genus,0.0924586,Enterococcus,ERR1090047
38491.0,1506553,genus,0.0884387,Lachnoclostridium,ERR1090047
38491.0,1678,genus,0.0884387,Bifidobacterium,ERR1090047
38491.0,561,genus,0.0844187,Escherichia,ERR1090047
38491.0,1243,genus,0.064319,Leuconostoc,ERR1090047
38491.0,189330,genus,0.0602991,Dorea,ERR1090047
38491.0,286,genus,0.0562791,Pseudomonas,ERR1090047
38491.0,33042,genus,0.0522592,Coprococcus,ERR1090047
38491.0,872,genus,0.0482393,Desulfovibrio,ERR1090047
38491.0,898,genus,0.0442193,Desulfomicrobium,ERR1090047
38491.0,1505652,genus,0.0401994,Terrisporobacter,ERR1090047
38491.0,44748,genus,0.0361794,Sporobacter,ERR1090047
38491.0,61170,genus,0.0321595,Holdemania,ERR1090047
38491.0,528,genus,0.0321595,Ochrobactrum,ERR1090047
38491.0,283168,genus,0.0321595,Odoribacter,ERR1090047
38491.0,583,genus,0.0281396,Proteus,ERR1090047
38491.0,413496,genus,0.0241196,Cronobacter,ERR1090047
38491.0,52784,genus,0.0241196,Anaerofilum,ERR1090047
38491.0,86795,genus,0.0200997,Marmoricola,ERR1090047
38491.0,1357,genus,0.0160798,Lactococcus,ERR1090047
38491.0,39948,genus,0.0160798,Dialister,ERR1090047
38491.0,1654,genus,0.0160798,Actinomyces,ERR1090047
38491.0,1578,genus,0.0160798,Lactobacillus,ERR1090047
38491.0,233191,genus,0.0160798,Caldilinea,ERR1090047
38491.0,61434,genus,0.0120598,Dehalococcoides,ERR1090047
38491.0,187144,genus,0.0120598,Caldithrix,ERR1090047
38491.0,182709,genus,0.0120598,Oceanobacillus,ERR1090047
38491.0,620,genus,0.0120598,Shigella,ERR1090047
38491.0,626,genus,0.0120598,Xenorhabdus,ERR1090047
38491.0,469,genus,0.0120598,Acinetobacter,ERR1090047
38491.0,180541,genus,0.0120598,Salinisphaera,ERR1090047
38491.0,581,genus,0.00803988,Morganella,ERR1090047
38491.0,35832,genus,0.00803988,Bilophila,ERR1090047
38491.0,1827,genus,0.00803988,Rhodococcus,ERR1090047
38491.0,41275,genus,0.00803988,Brevundimonas,ERR1090047
38491.0,1565532,genus,0.00803988,Rouxiella,ERR1090047
38491.0,2299,genus,0.00803988,Desulfosarcina,ERR1090047
38491.0,28453,genus,0.00401994,Sphingobacterium,ERR1090047
38491.0,570,genus,0.00401994,Klebsiella,ERR1090047
38491.0,40323,genus,0.00401994,Stenotrophomonas,ERR1090047
38491.0,662,genus,0.00401994,Vibrio,ERR1090047
38491.0,445,genus,0.00401994,Legionella,ERR1090047
38491.0,2747,genus,0.00401994,Carnobacterium,ERR1090047
38491.0,1663,genus,0.00401994,Arthrobacter,ERR1090047
38491.0,1843210,genus,0.00401994,Anaerocolumna,ERR1090047
38491.0,2742,genus,0.00401994,Marinobacter,ERR1090047
38491.0,32207,genus,0.00401994,Rothia,ERR1090047
38491.0,670486,genus,0.00401994,Dehalogenimonas,ERR1090047
38491.0,46254,genus,0.00401994,Oenococcus,ERR1090047
38491.0,29404,genus,0.00401994,Microlunatus,ERR1090047
38491.0,590,genus,0.00401994,Salmonella,ERR1090047
38491.0,262406,genus,0.00401994,Thermobaculum,ERR1090047
38491.0,67575,genus,0.00401994,Rheinheimera,ERR1090047
38491.0,194,genus,0.00401994,Campylobacter,ERR1090047
38491.0,357,genus,0.00401994,Agrobacterium,ERR1090047
38491.0,265980,genus,0.00401994,Alkalimonas,ERR1090047
38491.0,100883,genus,0.00401994,Coprobacillus,ERR1090047
38491.0,58050,genus,0.00401994,Moritella,ERR1090047
38491.0,207244,genus,0.00401994,Anaerostipes,ERR1090047
38491.0,28231,genus,0.00401994,Geobacter,ERR1090047
38491.0,904,genus,0.00401994,Acidaminococcus,ERR1090047
38491.0,264995,genus,0.00401994,Anaerofustis,ERR1090047
38491.0,838,genus,0.00401994,Prevotella,ERR1090047
38491.0,836,genus,0.00401994,Porphyromonas,ERR1090047
,-1,genus,80.9415,Unknown,ERR1090047
38491.0,216851,genus,6.93439,Faecalibacterium,ERR1090047
38491.0,816,genus,3.29635,Bacteroides,ERR1090047
38491.0,572511,genus,2.3396,Blautia,ERR1090047
38491.0,239759,genus,1.00096,Alistipes,ERR1090047
38491.0,1263,genus,0.936646,Ruminococcus,ERR1090047
38491.0,1505663,genus,0.406014,Erysipelatoclostridium,ERR1090047
38491.0,1730,genus,0.401994,Eubacterium,ERR1090047
38491.0,1505657,genus,0.349735,Intestinibacter,ERR1090047
38491.0,244127,genus,0.301495,Anaerotruncus,ERR1090047
38491.0,1301,genus,0.261296,Streptococcus,ERR1090047
38491.0,459786,genus,0.209037,Oscillibacter,ERR1090047
38491.0,397864,genus,0.200997,Barnesiella,ERR1090047
38491.0,84111,genus,0.192957,Eggerthella,ERR1090047
38491.0,1508657,genus,0.180897,Ruminiclostridium,ERR1090047
38491.0,1485,genus,0.148738,Clostridium,ERR1090047
38491.0,1386,genus,0.148738,Bacillus,ERR1090047
38491.0,841,genus,0.116578,Roseburia,ERR1090047
38491.0,375288,genus,0.100498,Parabacteroides,ERR1090047
38491.0,1350,genus,0.0924586,Enterococcus,ERR1090047
38491.0,1678,genus,0.0884387,Bifidobacterium,ERR1090047
38491.0,1506553,genus,0.0884387,Lachnoclostridium,ERR1090047
38491.0,561,genus,0.0844187,Escherichia,ERR1090047
38491.0,1243,genus,0.064319,Leuconostoc,ERR1090047
38491.0,189330,genus,0.0602991,Dorea,ERR1090047
38491.0,286,genus,0.0562791,Pseudomonas,ERR1090047
38491.0,33042,genus,0.0522592,Coprococcus,ERR1090047
38491.0,872,genus,0.0482393,Desulfovibrio,ERR1090047
38491.0,898,genus,0.0442193,Desulfomicrobium,ERR1090047
38491.0,1505652,genus,0.0401994,Terrisporobacter,ERR1090047
38491.0,44748,genus,0.0361794,Sporobacter,ERR1090047
38491.0,528,genus,0.0321595,Ochrobactrum,ERR1090047
38491.0,283168,genus,0.0321595,Odoribacter,ERR1090047
38491.0,61170,genus,0.0321595,Holdemania,ERR1090047
38491.0,583,genus,0.0281396,Proteus,ERR1090047
38491.0,413496,genus,0.0241196,Cronobacter,ERR1090047
38491.0,52784,genus,0.0241196,Anaerofilum,ERR1090047
38491.0,86795,genus,0.0200997,Marmoricola,ERR1090047
38491.0,1357,genus,0.0160798,Lactococcus,ERR1090047
38491.0,39948,genus,0.0160798,Dialister,ERR1090047
38491.0,1654,genus,0.0160798,Actinomyces,ERR1090047
38491.0,1578,genus,0.0160798,Lactobacillus,ERR1090047
38491.0,233191,genus,0.0160798,Caldilinea,ERR1090047
38491.0,61434,genus,0.0120598,Dehalococcoides,ERR1090047
38491.0,187144,genus,0.0120598,Caldithrix,ERR1090047
38491.0,182709,genus,0.0120598,Oceanobacillus,ERR1090047
38491.0,620,genus,0.0120598,Shigella,ERR1090047
38491.0,626,genus,0.0120598,Xenorhabdus,ERR1090047
38491.0,469,genus,0.0120598,Acinetobacter,ERR1090047
38491.0,180541,genus,0.0120598,Salinisphaera,ERR1090047
38491.0,35832,genus,0.00803988,Bilophila,ERR1090047
38491.0,1827,genus,0.00803988,Rhodococcus,ERR1090047
38491.0,41275,genus,0.00803988,Brevundimonas,ERR1090047
38491.0,1565532,genus,0.00803988,Rouxiella,ERR1090047
38491.0,2299,genus,0.00803988,Desulfosarcina,ERR1090047
38491.0,581,genus,0.00803988,Morganella,ERR1090047
38491.0,662,genus,0.00401994,Vibrio,ERR1090047
38491.0,445,genus,0.00401994,Legionella,ERR1090047
38491.0,2747,genus,0.00401994,Carnobacterium,ERR1090047
38491.0,1663,genus,0.00401994,Arthrobacter,ERR1090047
38491.0,1843210,genus,0.00401994,Anaerocolumna,ERR1090047
38491.0,2742,genus,0.00401994,Marinobacter,ERR1090047
38491.0,32207,genus,0.00401994,Rothia,ERR1090047
38491.0,670486,genus,0.00401994,Dehalogenimonas,ERR1090047
38491.0,46254,genus,0.00401994,Oenococcus,ERR1090047
38491.0,29404,genus,0.00401994,Microlunatus,ERR1090047
38491.0,590,genus,0.00401994,Salmonella,ERR1090047
38491.0,262406,genus,0.00401994,Thermobaculum,ERR1090047
38491.0,67575,genus,0.00401994,Rheinheimera,ERR1090047
38491.0,194,genus,0.00401994,Campylobacter,ERR1090047
38491.0,357,genus,0.00401994,Agrobacterium,ERR1090047
38491.0,265980,genus,0.00401994,Alkalimonas,ERR1090047
38491.0,100883,genus,0.00401994,Coprobacillus,ERR1090047
38491.0,58050,genus,0.00401994,Moritella,ERR1090047
38491.0,207244,genus,0.00401994,Anaerostipes,ERR1090047
38491.0,28231,genus,0.00401994,Geobacter,ERR1090047
38491.0,904,genus,0.00401994,Acidaminococcus,ERR1090047
38491.0,264995,genus,0.00401994,Anaerofustis,ERR1090047
38491.0,838,genus,0.00401994,Prevotella,ERR1090047
38491.0,836,genus,0.00401994,Porphyromonas,ERR1090047
38491.0,28453,genus,0.00401994,Sphingobacterium,ERR1090047
38491.0,570,genus,0.00401994,Klebsiella,ERR1090047
38491.0,40323,genus,0.00401994,Stenotrophomonas,ERR1090047
,-1,genus,80.9415,Unknown,ERR1090047
38491.0,216851,genus,6.93439,Faecalibacterium,ERR1090047
38491.0,816,genus,3.29635,Bacteroides,ERR1090047
38491.0,572511,genus,2.3396,Blautia,ERR1090047
38491.0,239759,genus,1.00096,Alistipes,ERR1090047
38491.0,1263,genus,0.936646,Ruminococcus,ERR1090047
38491.0,1505663,genus,0.406014,Erysipelatoclostridium,ERR1090047
38491.0,1730,genus,0.401994,Eubacterium,ERR1090047
38491.0,1505657,genus,0.349735,Intestinibacter,ERR1090047
38491.0,244127,genus,0.301495,Anaerotruncus,ERR1090047
38491.0,1301,genus,0.261296,Streptococcus,ERR1090047
38491.0,459786,genus,0.209037,Oscillibacter,ERR1090047
38491.0,397864,genus,0.200997,Barnesiella,ERR1090047
38491.0,84111,genus,0.192957,Eggerthella,ERR1090047
38491.0,1508657,genus,0.180897,Ruminiclostridium,ERR1090047
38491.0,1386,genus,0.148738,Bacillus,ERR1090047
38491.0,1485,genus,0.148738,Clostridium,ERR1090047
38491.0,841,genus,0.116578,Roseburia,ERR1090047
38491.0,375288,genus,0.100498,Parabacteroides,ERR1090047
38491.0,1350,genus,0.0924586,Enterococcus,ERR1090047
38491.0,1678,genus,0.0884387,Bifidobacterium,ERR1090047
38491.0,1506553,genus,0.0884387,Lachnoclostridium,ERR1090047
38491.0,561,genus,0.0844187,Escherichia,ERR1090047
38491.0,1243,genus,0.064319,Leuconostoc,ERR1090047
38491.0,189330,genus,0.0602991,Dorea,ERR1090047
38491.0,286,genus,0.0562791,Pseudomonas,ERR1090047
38491.0,33042,genus,0.0522592,Coprococcus,ERR1090047
38491.0,872,genus,0.0482393,Desulfovibrio,ERR1090047
38491.0,898,genus,0.0442193,Desulfomicrobium,ERR1090047
38491.0,1505652,genus,0.0401994,Terrisporobacter,ERR1090047
38491.0,44748,genus,0.0361794,Sporobacter,ERR1090047
38491.0,61170,genus,0.0321595,Holdemania,ERR1090047
38491.0,528,genus,0.0321595,Ochrobactrum,ERR1090047
38491.0,283168,genus,0.0321595,Odoribacter,ERR1090047
38491.0,583,genus,0.0281396,Proteus,ERR1090047
38491.0,413496,genus,0.0241196,Cronobacter,ERR1090047
38491.0,52784,genus,0.0241196,Anaerofilum,ERR1090047
38491.0,86795,genus,0.0200997,Marmoricola,ERR1090047
38491.0,1654,genus,0.0160798,Actinomyces,ERR1090047
38491.0,39948,genus,0.0160798,Dialister,ERR1090047
38491.0,1578,genus,0.0160798,Lactobacillus,ERR1090047
38491.0,233191,genus,0.0160798,Caldilinea,ERR1090047
38491.0,1357,genus,0.0160798,Lactococcus,ERR1090047
38491.0,626,genus,0.0120598,Xenorhabdus,ERR1090047
38491.0,620,genus,0.0120598,Shigella,ERR1090047
38491.0,469,genus,0.0120598,Acinetobacter,ERR1090047
38491.0,180541,genus,0.0120598,Salinisphaera,ERR1090047
38491.0,61434,genus,0.0120598,Dehalococcoides,ERR1090047
38491.0,187144,genus,0.0120598,Caldithrix,ERR1090047
38491.0,182709,genus,0.0120598,Oceanobacillus,ERR1090047
38491.0,2299,genus,0.00803988,Desulfosarcina,ERR1090047
38491.0,581,genus,0.00803988,Morganella,ERR1090047
38491.0,35832,genus,0.00803988,Bilophila,ERR1090047
38491.0,1827,genus,0.00803988,Rhodococcus,ERR1090047
38491.0,41275,genus,0.00803988,Brevundimonas,ERR1090047
38491.0,1565532,genus,0.00803988,Rouxiella,ERR1090047
38491.0,262406,genus,0.00401994,Thermobaculum,ERR1090047
38491.0,67575,genus,0.00401994,Rheinheimera,ERR1090047
38491.0,265980,genus,0.00401994,Alkalimonas,ERR1090047
38491.0,194,genus,0.00401994,Campylobacter,ERR1090047
38491.0,357,genus,0.00401994,Agrobacterium,ERR1090047
38491.0,58050,genus,0.00401994,Moritella,ERR1090047
38491.0,100883,genus,0.00401994,Coprobacillus,ERR1090047
38491.0,904,genus,0.00401994,Acidaminococcus,ERR1090047
38491.0,207244,genus,0.00401994,Anaerostipes,ERR1090047
38491.0,28231,genus,0.00401994,Geobacter,ERR1090047
38491.0,264995,genus,0.00401994,Anaerofustis,ERR1090047
38491.0,836,genus,0.00401994,Porphyromonas,ERR1090047
38491.0,838,genus,0.00401994,Prevotella,ERR1090047
38491.0,28453,genus,0.00401994,Sphingobacterium,ERR1090047
38491.0,40323,genus,0.00401994,Stenotrophomonas,ERR1090047
38491.0,570,genus,0.00401994,Klebsiella,ERR1090047
38491.0,445,genus,0.00401994,Legionella,ERR1090047
38491.0,662,genus,0.00401994,Vibrio,ERR1090047
38491.0,1663,genus,0.00401994,Arthrobacter,ERR1090047
38491.0,1843210,genus,0.00401994,Anaerocolumna,ERR1090047
38491.0,2747,genus,0.00401994,Carnobacterium,ERR1090047
38491.0,2742,genus,0.00401994,Marinobacter,ERR1090047
38491.0,32207,genus,0.00401994,Rothia,ERR1090047
38491.0,46254,genus,0.00401994,Oenococcus,ERR1090047
38491.0,670486,genus,0.00401994,Dehalogenimonas,ERR1090047
38491.0,29404,genus,0.00401994,Microlunatus,ERR1090047
38491.0,590,genus,0.00401994,Salmonella,ERR1090047
,-1,genus,80.9415,Unknown,ERR1090047
38491.0,216851,genus,6.93439,Faecalibacterium,ERR1090047
38491.0,816,genus,3.29635,Bacteroides,ERR1090047
38491.0,572511,genus,2.3396,Blautia,ERR1090047
38491.0,239759,genus,1.00096,Alistipes,ERR1090047
38491.0,1263,genus,0.936646,Ruminococcus,ERR1090047
38491.0,1505663,genus,0.406014,Erysipelatoclostridium,ERR1090047
38491.0,1730,genus,0.401994,Eubacterium,ERR1090047
38491.0,1505657,genus,0.349735,Intestinibacter,ERR1090047
38491.0,244127,genus,0.301495,Anaerotruncus,ERR1090047
38491.0,1301,genus,0.261296,Streptococcus,ERR1090047
38491.0,459786,genus,0.209037,Oscillibacter,ERR1090047
38491.0,397864,genus,0.200997,Barnesiella,ERR1090047
38491.0,84111,genus,0.192957,Eggerthella,ERR1090047
38491.0,1508657,genus,0.180897,Ruminiclostridium,ERR1090047
38491.0,1485,genus,0.148738,Clostridium,ERR1090047
38491.0,1386,genus,0.148738,Bacillus,ERR1090047
38491.0,841,genus,0.116578,Roseburia,ERR1090047
38491.0,375288,genus,0.100498,Parabacteroides,ERR1090047
38491.0,1350,genus,0.0924586,Enterococcus,ERR1090047
38491.0,1678,genus,0.0884387,Bifidobacterium,ERR1090047
38491.0,1506553,genus,0.0884387,Lachnoclostridium,ERR1090047
38491.0,561,genus,0.0844187,Escherichia,ERR1090047
38491.0,1243,genus,0.064319,Leuconostoc,ERR1090047
38491.0,189330,genus,0.0602991,Dorea,ERR1090047
38491.0,286,genus,0.0562791,Pseudomonas,ERR1090047
38491.0,33042,genus,0.0522592,Coprococcus,ERR1090047
38491.0,872,genus,0.0482393,Desulfovibrio,ERR1090047
38491.0,898,genus,0.0442193,Desulfomicrobium,ERR1090047
38491.0,1505652,genus,0.0401994,Terrisporobacter,ERR1090047
38491.0,44748,genus,0.0361794,Sporobacter,ERR1090047
38491.0,283168,genus,0.0321595,Odoribacter,ERR1090047
38491.0,61170,genus,0.0321595,Holdemania,ERR1090047
38491.0,528,genus,0.0321595,Ochrobactrum,ERR1090047
38491.0,583,genus,0.0281396,Proteus,ERR1090047
38491.0,413496,genus,0.0241196,Cronobacter,ERR1090047
38491.0,52784,genus,0.0241196,Anaerofilum,ERR1090047
38491.0,86795,genus,0.0200997,Marmoricola,ERR1090047
38491.0,39948,genus,0.0160798,Dialister,ERR1090047
38491.0,1654,genus,0.0160798,Actinomyces,ERR1090047
38491.0,1578,genus,0.0160798,Lactobacillus,ERR1090047
38491.0,233191,genus,0.0160798,Caldilinea,ERR1090047
38491.0,1357,genus,0.0160798,Lactococcus,ERR1090047
38491.0,187144,genus,0.0120598,Caldithrix,ERR1090047
38491.0,182709,genus,0.0120598,Oceanobacillus,ERR1090047
38491.0,620,genus,0.0120598,Shigella,ERR1090047
38491.0,626,genus,0.0120598,Xenorhabdus,ERR1090047
38491.0,469,genus,0.0120598,Acinetobacter,ERR1090047
38491.0,180541,genus,0.0120598,Salinisphaera,ERR1090047
38491.0,61434,genus,0.0120598,Dehalococcoides,ERR1090047
38491.0,41275,genus,0.00803988,Brevundimonas,ERR1090047
38491.0,1565532,genus,0.00803988,Rouxiella,ERR1090047
38491.0,2299,genus,0.00803988,Desulfosarcina,ERR1090047
38491.0,581,genus,0.00803988,Morganella,ERR1090047
38491.0,35832,genus,0.00803988,Bilophila,ERR1090047
38491.0,1827,genus,0.00803988,Rhodococcus,ERR1090047
38491.0,670486,genus,0.00401994,Dehalogenimonas,ERR1090047
38491.0,46254,genus,0.00401994,Oenococcus,ERR1090047
38491.0,29404,genus,0.00401994,Microlunatus,ERR1090047
38491.0,590,genus,0.00401994,Salmonella,ERR1090047
38491.0,262406,genus,0.00401994,Thermobaculum,ERR1090047
38491.0,67575,genus,0.00401994,Rheinheimera,ERR1090047
38491.0,194,genus,0.00401994,Campylobacter,ERR1090047
38491.0,357,genus,0.00401994,Agrobacterium,ERR1090047
38491.0,265980,genus,0.00401994,Alkalimonas,ERR1090047
38491.0,100883,genus,0.00401994,Coprobacillus,ERR1090047
38491.0,58050,genus,0.00401994,Moritella,ERR1090047
38491.0,207244,genus,0.00401994,Anaerostipes,ERR1090047
38491.0,28231,genus,0.00401994,Geobacter,ERR1090047
38491.0,904,genus,0.00401994,Acidaminococcus,ERR1090047
38491.0,264995,genus,0.00401994,Anaerofustis,ERR1090047
38491.0,838,genus,0.00401994,Prevotella,ERR1090047
38491.0,836,genus,0.00401994,Porphyromonas,ERR1090047
38491.0,28453,genus,0.00401994,Sphingobacterium,ERR1090047
38491.0,570,genus,0.00401994,Klebsiella,ERR1090047
38491.0,40323,genus,0.00401994,Stenotrophomonas,ERR1090047
38491.0,662,genus,0.00401994,Vibrio,ERR1090047
38491.0,445,genus,0.00401994,Legionella,ERR1090047
38491.0,2747,genus,0.00401994,Carnobacterium,ERR1090047
38491.0,1663,genus,0.00401994,Arthrobacter,ERR1090047
38491.0,1843210,genus,0.00401994,Anaerocolumna,ERR1090047
38491.0,2742,genus,0.00401994,Marinobacter,ERR1090047
38491.0,32207,genus,0.00401994,Rothia,ERR1090047
,-1,genus,80.9415,Unknown,ERR1090047
34101.0,286,genus,18.336,Pseudomonas,ERR1090143
34101.0,40323,genus,10.8758,Stenotrophomonas,ERR1090143
34101.0,816,genus,7.12881,Bacteroides,ERR1090143
34101.0,239759,genus,6.29178,Alistipes,ERR1090143
34101.0,1508657,genus,1.16847,Ruminiclostridium,ERR1090143
34101.0,375288,genus,1.03927,Parabacteroides,ERR1090143
34101.0,216851,genus,0.331442,Faecalibacterium,ERR1090143
34101.0,459786,genus,0.252795,Oscillibacter,ERR1090143
34101.0,561,genus,0.179765,Escherichia,ERR1090143
34101.0,397864,genus,0.16853,Barnesiella,ERR1090143
34101.0,1573534,genus,0.117971,Faecalitalea,ERR1090143
34101.0,1730,genus,0.112353,Eubacterium,ERR1090143
34101.0,590,genus,0.112353,Salmonella,ERR1090143
34101.0,413496,genus,0.101118,Cronobacter,ERR1090143
34101.0,265980,genus,0.0955003,Alkalimonas,ERR1090143
34101.0,283168,genus,0.0898826,Odoribacter,ERR1090143
34101.0,1263,genus,0.0898826,Ruminococcus,ERR1090143
34101.0,572511,genus,0.0842649,Blautia,ERR1090143
34101.0,838,genus,0.0730296,Prevotella,ERR1090143
34101.0,2147,genus,0.0730296,Acholeplasma,ERR1090143
34101.0,1678,genus,0.0674119,Bifidobacterium,ERR1090143
34101.0,1301,genus,0.0674119,Streptococcus,ERR1090143
34101.0,872,genus,0.0617943,Desulfovibrio,ERR1090143
34101.0,904,genus,0.0617943,Acidaminococcus,ERR1090143
34101.0,44748,genus,0.050559,Sporobacter,ERR1090143
34101.0,244127,genus,0.0449413,Anaerotruncus,ERR1090143
34101.0,1716,genus,0.033706,Corynebacterium,ERR1090143
34101.0,239934,genus,0.0280883,Akkermansia,ERR1090143
34101.0,53335,genus,0.0280883,Pantoea,ERR1090143
34101.0,1505663,genus,0.0280883,Erysipelatoclostridium,ERR1090143
34101.0,577310,genus,0.0280883,Parasutterella,ERR1090143
34101.0,469,genus,0.0224706,Acinetobacter,ERR1090143
34101.0,2172,genus,0.0224706,Methanobrevibacter,ERR1090143
34101.0,84111,genus,0.0224706,Eggerthella,ERR1090143
34101.0,29393,genus,0.0224706,Dolosigranulum,ERR1090143
34101.0,44249,genus,0.0224706,Paenibacillus,ERR1090143
34101.0,1350,genus,0.0224706,Enterococcus,ERR1090143
34101.0,33042,genus,0.0224706,Coprococcus,ERR1090143
34101.0,986106,genus,0.016853,Acidiferrobacter,ERR1090143
34101.0,841,genus,0.016853,Roseburia,ERR1090143
34101.0,61170,genus,0.016853,Holdemania,ERR1090143
34101.0,642,genus,0.016853,Aeromonas,ERR1090143
34101.0,497,genus,0.016853,Psychrobacter,ERR1090143
34101.0,2299,genus,0.0112353,Desulfosarcina,ERR1090143
34101.0,1485,genus,0.0112353,Clostridium,ERR1090143
34101.0,1386,genus,0.0112353,Bacillus,ERR1090143
34101.0,1506553,genus,0.0112353,Lachnoclostridium,ERR1090143
34101.0,286130,genus,0.0112353,Sulfuricurvum,ERR1090143
34101.0,28138,genus,0.0112353,Rikenella,ERR1090143
34101.0,162289,genus,0.0112353,Peptoniphilus,ERR1090143
34101.0,180541,genus,0.0112353,Salinisphaera,ERR1090143
34101.0,195950,genus,0.0112353,Tannerella,ERR1090143
34101.0,1618113,genus,0.0112353,Saccharicrinis,ERR1090143
34101.0,226,genus,0.00561766,Alteromonas,ERR1090143
34101.0,1578,genus,0.00561766,Lactobacillus,ERR1090143
34101.0,886360,genus,0.00561766,Rudaea,ERR1090143
34101.0,35832,genus,0.00561766,Bilophila,ERR1090143
34101.0,52784,genus,0.00561766,Anaerofilum,ERR1090143
34101.0,1652133,genus,0.00561766,Halobacteriovorax,ERR1090143
34101.0,13687,genus,0.00561766,Sphingomonas,ERR1090143
34101.0,28253,genus,0.00561766,Marinomonas,ERR1090143
34101.0,1524249,genus,0.00561766,Pseudohongiella,ERR1090143
34101.0,423604,genus,0.00561766,Elusimicrobium,ERR1090143
34101.0,267986,genus,0.00561766,Owenweeksia,ERR1090143
34101.0,150022,genus,0.00561766,Finegoldia,ERR1090143
34101.0,1030,genus,0.00561766,Thiothrix,ERR1090143
34101.0,1471399,genus,0.00561766,Draconibacterium,ERR1090143
34101.0,1769729,genus,0.00561766,Hathewaya,ERR1090143
34101.0,156973,genus,0.00561766,Dysgonomonas,ERR1090143
34101.0,1883,genus,0.00561766,Streptomyces,ERR1090143
34101.0,577309,genus,0.00561766,Paraprevotella,ERR1090143
34101.0,445,genus,0.00561766,Legionella,ERR1090143
34101.0,338,genus,0.00561766,Xanthomonas,ERR1090143
34101.0,581,genus,0.00561766,Morganella,ERR1090143
34101.0,79206,genus,0.00561766,Desulfosporosinus,ERR1090143
34101.0,380240,genus,0.00561766,Candidatus Brocadia,ERR1090143
34101.0,1082702,genus,0.00561766,Lonsdalea,ERR1090143
,-1,genus,52.2555,Unknown,ERR1090143
34101.0,286,genus,18.336,Pseudomonas,ERR1090143
34101.0,40323,genus,10.8758,Stenotrophomonas,ERR1090143
34101.0,816,genus,7.12881,Bacteroides,ERR1090143
34101.0,239759,genus,6.29178,Alistipes,ERR1090143
34101.0,1508657,genus,1.16847,Ruminiclostridium,ERR1090143
34101.0,375288,genus,1.03927,Parabacteroides,ERR1090143
34101.0,216851,genus,0.331442,Faecalibacterium,ERR1090143
34101.0,459786,genus,0.252795,Oscillibacter,ERR1090143
34101.0,561,genus,0.179765,Escherichia,ERR1090143
34101.0,397864,genus,0.16853,Barnesiella,ERR1090143
34101.0,1573534,genus,0.117971,Faecalitalea,ERR1090143
34101.0,1730,genus,0.112353,Eubacterium,ERR1090143
34101.0,590,genus,0.112353,Salmonella,ERR1090143
34101.0,413496,genus,0.101118,Cronobacter,ERR1090143
34101.0,265980,genus,0.0955003,Alkalimonas,ERR1090143
34101.0,283168,genus,0.0898826,Odoribacter,ERR1090143
34101.0,1263,genus,0.0898826,Ruminococcus,ERR1090143
34101.0,572511,genus,0.0842649,Blautia,ERR1090143
34101.0,838,genus,0.0730296,Prevotella,ERR1090143
34101.0,2147,genus,0.0730296,Acholeplasma,ERR1090143
34101.0,1678,genus,0.0674119,Bifidobacterium,ERR1090143
34101.0,1301,genus,0.0674119,Streptococcus,ERR1090143
34101.0,872,genus,0.0617943,Desulfovibrio,ERR1090143
34101.0,904,genus,0.0617943,Acidaminococcus,ERR1090143
34101.0,44748,genus,0.050559,Sporobacter,ERR1090143
34101.0,244127,genus,0.0449413,Anaerotruncus,ERR1090143
34101.0,1716,genus,0.033706,Corynebacterium,ERR1090143
34101.0,239934,genus,0.0280883,Akkermansia,ERR1090143
34101.0,53335,genus,0.0280883,Pantoea,ERR1090143
34101.0,1505663,genus,0.0280883,Erysipelatoclostridium,ERR1090143
34101.0,577310,genus,0.0280883,Parasutterella,ERR1090143
34101.0,2172,genus,0.0224706,Methanobrevibacter,ERR1090143
34101.0,84111,genus,0.0224706,Eggerthella,ERR1090143
34101.0,29393,genus,0.0224706,Dolosigranulum,ERR1090143
34101.0,44249,genus,0.0224706,Paenibacillus,ERR1090143
34101.0,1350,genus,0.0224706,Enterococcus,ERR1090143
34101.0,33042,genus,0.0224706,Coprococcus,ERR1090143
34101.0,469,genus,0.0224706,Acinetobacter,ERR1090143
34101.0,841,genus,0.016853,Roseburia,ERR1090143
34101.0,61170,genus,0.016853,Holdemania,ERR1090143
34101.0,642,genus,0.016853,Aeromonas,ERR1090143
34101.0,497,genus,0.016853,Psychrobacter,ERR1090143
34101.0,986106,genus,0.016853,Acidiferrobacter,ERR1090143
34101.0,2299,genus,0.0112353,Desulfosarcina,ERR1090143
34101.0,1485,genus,0.0112353,Clostridium,ERR1090143
34101.0,1386,genus,0.0112353,Bacillus,ERR1090143
34101.0,1506553,genus,0.0112353,Lachnoclostridium,ERR1090143
34101.0,286130,genus,0.0112353,Sulfuricurvum,ERR1090143
34101.0,28138,genus,0.0112353,Rikenella,ERR1090143
34101.0,162289,genus,0.0112353,Peptoniphilus,ERR1090143
34101.0,180541,genus,0.0112353,Salinisphaera,ERR1090143
34101.0,195950,genus,0.0112353,Tannerella,ERR1090143
34101.0,1618113,genus,0.0112353,Saccharicrinis,ERR1090143
34101.0,52784,genus,0.00561766,Anaerofilum,ERR1090143
34101.0,1652133,genus,0.00561766,Halobacteriovorax,ERR1090143
34101.0,13687,genus,0.00561766,Sphingomonas,ERR1090143
34101.0,28253,genus,0.00561766,Marinomonas,ERR1090143
34101.0,1524249,genus,0.00561766,Pseudohongiella,ERR1090143
34101.0,423604,genus,0.00561766,Elusimicrobium,ERR1090143
34101.0,267986,genus,0.00561766,Owenweeksia,ERR1090143
34101.0,150022,genus,0.00561766,Finegoldia,ERR1090143
34101.0,1030,genus,0.00561766,Thiothrix,ERR1090143
34101.0,1471399,genus,0.00561766,Draconibacterium,ERR1090143
34101.0,1769729,genus,0.00561766,Hathewaya,ERR1090143
34101.0,156973,genus,0.00561766,Dysgonomonas,ERR1090143
34101.0,1883,genus,0.00561766,Streptomyces,ERR1090143
34101.0,577309,genus,0.00561766,Paraprevotella,ERR1090143
34101.0,445,genus,0.00561766,Legionella,ERR1090143
34101.0,338,genus,0.00561766,Xanthomonas,ERR1090143
34101.0,581,genus,0.00561766,Morganella,ERR1090143
34101.0,79206,genus,0.00561766,Desulfosporosinus,ERR1090143
34101.0,380240,genus,0.00561766,Candidatus Brocadia,ERR1090143
34101.0,1082702,genus,0.00561766,Lonsdalea,ERR1090143
34101.0,226,genus,0.00561766,Alteromonas,ERR1090143
34101.0,1578,genus,0.00561766,Lactobacillus,ERR1090143
34101.0,886360,genus,0.00561766,Rudaea,ERR1090143
34101.0,35832,genus,0.00561766,Bilophila,ERR1090143
,-1,genus,52.2555,Unknown,ERR1090143
46238.0,1578,genus,51.1725,Lactobacillus,ERR1090423
46238.0,1678,genus,13.4712,Bifidobacterium,ERR1090423
46238.0,216851,genus,8.8266,Faecalibacterium,ERR1090423
46238.0,1301,genus,4.53576,Streptococcus,ERR1090423
46238.0,906,genus,3.90529,Megasphaera,ERR1090423
46238.0,816,genus,2.09099,Bacteroides,ERR1090423
46238.0,1508657,genus,1.83245,Ruminiclostridium,ERR1090423
46238.0,841,genus,1.1158,Roseburia,ERR1090423
46238.0,1506553,genus,0.625935,Lachnoclostridium,ERR1090423
46238.0,239934,genus,0.616864,Akkermansia,ERR1090423
46238.0,904,genus,0.548828,Acidaminococcus,ERR1090423
46238.0,239759,genus,0.326575,Alistipes,ERR1090423
46238.0,459786,genus,0.263074,Oscillibacter,ERR1090423
46238.0,44748,genus,0.254003,Sporobacter,ERR1090423
46238.0,1730,genus,0.249467,Eubacterium,ERR1090423
46238.0,1263,genus,0.217717,Ruminococcus,ERR1090423
46238.0,572511,genus,0.213181,Blautia,ERR1090423
46238.0,577310,genus,0.145144,Parasutterella,ERR1090423
46238.0,33042,genus,0.127001,Coprococcus,ERR1090423
46238.0,244127,genus,0.108858,Anaerotruncus,ERR1090423
46238.0,35832,genus,0.077108,Bilophila,ERR1090423
46238.0,1485,genus,0.0725722,Clostridium,ERR1090423
46238.0,1386,genus,0.0589649,Bacillus,ERR1090423
46238.0,1017280,genus,0.0453576,Pseudoflavonifractor,ERR1090423
46238.0,1350,genus,0.0362861,Enterococcus,ERR1090423
46238.0,52784,genus,0.0362861,Anaerofilum,ERR1090423
46238.0,189330,genus,0.0362861,Dorea,ERR1090423
46238.0,724,genus,0.0317504,Haemophilus,ERR1090423
46238.0,872,genus,0.0272146,Desulfovibrio,ERR1090423
46238.0,55080,genus,0.0272146,Brevibacillus,ERR1090423
46238.0,29465,genus,0.0272146,Veillonella,ERR1090423
46238.0,846,genus,0.0226788,Oxalobacter,ERR1090423
46238.0,375288,genus,0.0226788,Parabacteroides,ERR1090423
46238.0,283168,genus,0.0226788,Odoribacter,ERR1090423
46238.0,1506577,genus,0.0226788,Tyzzerella,ERR1090423
46238.0,1253,genus,0.0181431,Pediococcus,ERR1090423
46238.0,39948,genus,0.0181431,Dialister,ERR1090423
46238.0,2172,genus,0.0181431,Methanobrevibacter,ERR1090423
46238.0,1380,genus,0.0181431,Atopobium,ERR1090423
46238.0,838,genus,0.0181431,Prevotella,ERR1090423
46238.0,1357,genus,0.0136073,Lactococcus,ERR1090423
46238.0,1200657,genus,0.0136073,Saccharofermentans,ERR1090423
46238.0,117563,genus,0.0136073,Granulicatella,ERR1090423
46238.0,577309,genus,0.0136073,Paraprevotella,ERR1090423
46238.0,1645,genus,0.0136073,Renibacterium,ERR1090423
46238.0,172900,genus,0.00907153,Victivallis,ERR1090423
46238.0,61170,genus,0.00907153,Holdemania,ERR1090423
46238.0,44261,genus,0.00907153,Oxobacter,ERR1090423
46238.0,2147,genus,0.00907153,Acholeplasma,ERR1090423
46238.0,1870884,genus,0.00907153,Clostridioides,ERR1090423
46238.0,1654,genus,0.00907153,Actinomyces,ERR1090423
46238.0,830,genus,0.00907153,Butyrivibrio,ERR1090423
46238.0,114627,genus,0.00907153,Alkaliphilus,ERR1090423
46238.0,286,genus,0.00907153,Pseudomonas,ERR1090423
46238.0,2747,genus,0.00907153,Carnobacterium,ERR1090423
46238.0,100175,genus,0.00907153,Papillibacter,ERR1090423
46238.0,990721,genus,0.00907153,Christensenella,ERR1090423
46238.0,970,genus,0.00907153,Selenomonas,ERR1090423
46238.0,332248,genus,0.00907153,Truepera,ERR1090423
46238.0,81411,genus,0.00453576,Aminomonas,ERR1090423
46238.0,541,genus,0.00453576,Zymomonas,ERR1090423
46238.0,2375,genus,0.00453576,Sporomusa,ERR1090423
46238.0,253238,genus,0.00453576,Ethanoligenens,ERR1090423
46238.0,84111,genus,0.00453576,Eggerthella,ERR1090423
46238.0,61434,genus,0.00453576,Dehalococcoides,ERR1090423
46238.0,84567,genus,0.00453576,Pedobacter,ERR1090423
46238.0,1565532,genus,0.00453576,Rouxiella,ERR1090423
46238.0,33882,genus,0.00453576,Microbacterium,ERR1090423
46238.0,2697,genus,0.00453576,Heliobacterium,ERR1090423
46238.0,2316,genus,0.00453576,Methanosphaera,ERR1090423
46238.0,32207,genus,0.00453576,Rothia,ERR1090423
46238.0,2093,genus,0.00453576,Mycoplasma,ERR1090423
46238.0,914,genus,0.00453576,Nitrosomonas,ERR1090423
46238.0,264995,genus,0.00453576,Anaerofustis,ERR1090423
46238.0,289201,genus,0.00453576,Pontibacillus,ERR1090423
46238.0,1505663,genus,0.00453576,Erysipelatoclostridium,ERR1090423
46238.0,187144,genus,0.00453576,Caldithrix,ERR1090423
46238.0,397864,genus,0.00453576,Barnesiella,ERR1090423
46238.0,40323,genus,0.00453576,Stenotrophomonas,ERR1090423
46238.0,836,genus,0.00453576,Porphyromonas,ERR1090423
46238.0,445,genus,0.00453576,Legionella,ERR1090423
46238.0,86331,genus,0.00453576,Mogibacterium,ERR1090423
46238.0,467975,genus,0.00453576,Iamia,ERR1090423
46238.0,237,genus,0.00453576,Flavobacterium,ERR1090423
46238.0,1637,genus,0.00453576,Listeria,ERR1090423
46238.0,420345,genus,0.00453576,Lactonifactor,ERR1090423
,-1,genus,8.15984,Unknown,ERR1090423
46238.0,1578,genus,51.1725,Lactobacillus,ERR1090423
46238.0,1678,genus,13.4712,Bifidobacterium,ERR1090423
46238.0,216851,genus,8.8266,Faecalibacterium,ERR1090423
46238.0,1301,genus,4.53576,Streptococcus,ERR1090423
46238.0,906,genus,3.90529,Megasphaera,ERR1090423
46238.0,816,genus,2.09099,Bacteroides,ERR1090423
46238.0,1508657,genus,1.83245,Ruminiclostridium,ERR1090423
46238.0,841,genus,1.1158,Roseburia,ERR1090423
46238.0,1506553,genus,0.625935,Lachnoclostridium,ERR1090423
46238.0,239934,genus,0.616864,Akkermansia,ERR1090423
46238.0,904,genus,0.548828,Acidaminococcus,ERR1090423
46238.0,239759,genus,0.326575,Alistipes,ERR1090423
46238.0,459786,genus,0.263074,Oscillibacter,ERR1090423
46238.0,44748,genus,0.254003,Sporobacter,ERR1090423
46238.0,1730,genus,0.249467,Eubacterium,ERR1090423
46238.0,1263,genus,0.217717,Ruminococcus,ERR1090423
46238.0,572511,genus,0.213181,Blautia,ERR1090423
46238.0,577310,genus,0.145144,Parasutterella,ERR1090423
46238.0,33042,genus,0.127001,Coprococcus,ERR1090423
46238.0,244127,genus,0.108858,Anaerotruncus,ERR1090423
46238.0,35832,genus,0.077108,Bilophila,ERR1090423
46238.0,1485,genus,0.0725722,Clostridium,ERR1090423
46238.0,1386,genus,0.0589649,Bacillus,ERR1090423
46238.0,1017280,genus,0.0453576,Pseudoflavonifractor,ERR1090423
46238.0,1350,genus,0.0362861,Enterococcus,ERR1090423
46238.0,52784,genus,0.0362861,Anaerofilum,ERR1090423
46238.0,189330,genus,0.0362861,Dorea,ERR1090423
46238.0,724,genus,0.0317504,Haemophilus,ERR1090423
46238.0,872,genus,0.0272146,Desulfovibrio,ERR1090423
46238.0,29465,genus,0.0272146,Veillonella,ERR1090423
46238.0,55080,genus,0.0272146,Brevibacillus,ERR1090423
46238.0,375288,genus,0.0226788,Parabacteroides,ERR1090423
46238.0,846,genus,0.0226788,Oxalobacter,ERR1090423
46238.0,283168,genus,0.0226788,Odoribacter,ERR1090423
46238.0,1506577,genus,0.0226788,Tyzzerella,ERR1090423
46238.0,838,genus,0.0181431,Prevotella,ERR1090423
46238.0,1253,genus,0.0181431,Pediococcus,ERR1090423
46238.0,39948,genus,0.0181431,Dialister,ERR1090423
46238.0,1380,genus,0.0181431,Atopobium,ERR1090423
46238.0,2172,genus,0.0181431,Methanobrevibacter,ERR1090423
46238.0,1357,genus,0.0136073,Lactococcus,ERR1090423
46238.0,1200657,genus,0.0136073,Saccharofermentans,ERR1090423
46238.0,117563,genus,0.0136073,Granulicatella,ERR1090423
46238.0,577309,genus,0.0136073,Paraprevotella,ERR1090423
46238.0,1645,genus,0.0136073,Renibacterium,ERR1090423
46238.0,970,genus,0.00907153,Selenomonas,ERR1090423
46238.0,332248,genus,0.00907153,Truepera,ERR1090423
46238.0,172900,genus,0.00907153,Victivallis,ERR1090423
46238.0,61170,genus,0.00907153,Holdemania,ERR1090423
46238.0,44261,genus,0.00907153,Oxobacter,ERR1090423
46238.0,1870884,genus,0.00907153,Clostridioides,ERR1090423
46238.0,1654,genus,0.00907153,Actinomyces,ERR1090423
46238.0,2147,genus,0.00907153,Acholeplasma,ERR1090423
46238.0,830,genus,0.00907153,Butyrivibrio,ERR1090423
46238.0,114627,genus,0.00907153,Alkaliphilus,ERR1090423
46238.0,286,genus,0.00907153,Pseudomonas,ERR1090423
46238.0,100175,genus,0.00907153,Papillibacter,ERR1090423
46238.0,2747,genus,0.00907153,Carnobacterium,ERR1090423
46238.0,990721,genus,0.00907153,Christensenella,ERR1090423
46238.0,1637,genus,0.00453576,Listeria,ERR1090423
46238.0,420345,genus,0.00453576,Lactonifactor,ERR1090423
46238.0,81411,genus,0.00453576,Aminomonas,ERR1090423
46238.0,541,genus,0.00453576,Zymomonas,ERR1090423
46238.0,253238,genus,0.00453576,Ethanoligenens,ERR1090423
46238.0,2375,genus,0.00453576,Sporomusa,ERR1090423
46238.0,84111,genus,0.00453576,Eggerthella,ERR1090423
46238.0,1565532,genus,0.00453576,Rouxiella,ERR1090423
46238.0,61434,genus,0.00453576,Dehalococcoides,ERR1090423
46238.0,84567,genus,0.00453576,Pedobacter,ERR1090423
46238.0,2697,genus,0.00453576,Heliobacterium,ERR1090423
46238.0,2316,genus,0.00453576,Methanosphaera,ERR1090423
46238.0,33882,genus,0.00453576,Microbacterium,ERR1090423
46238.0,32207,genus,0.00453576,Rothia,ERR1090423
46238.0,2093,genus,0.00453576,Mycoplasma,ERR1090423
46238.0,914,genus,0.00453576,Nitrosomonas,ERR1090423
46238.0,264995,genus,0.00453576,Anaerofustis,ERR1090423
46238.0,289201,genus,0.00453576,Pontibacillus,ERR1090423
46238.0,397864,genus,0.00453576,Barnesiella,ERR1090423
46238.0,1505663,genus,0.00453576,Erysipelatoclostridium,ERR1090423
46238.0,187144,genus,0.00453576,Caldithrix,ERR1090423
46238.0,40323,genus,0.00453576,Stenotrophomonas,ERR1090423
46238.0,836,genus,0.00453576,Porphyromonas,ERR1090423
46238.0,445,genus,0.00453576,Legionella,ERR1090423
46238.0,237,genus,0.00453576,Flavobacterium,ERR1090423
46238.0,86331,genus,0.00453576,Mogibacterium,ERR1090423
46238.0,467975,genus,0.00453576,Iamia,ERR1090423
,-1,genus,8.15984,Unknown,ERR1090423
