loaded_uid,ncbi_taxon_id,taxon_rank_level,relative_abundance,scientific_name,run_id
34041.0,286,genus,32.6122,Pseudomonas,ERR1073712
34041.0,816,genus,8.37011,Bacteroides,ERR1073712
34041.0,239759,genus,4.59996,Alistipes,ERR1073712
34041.0,1508657,genus,2.44148,Ruminiclostridium,ERR1073712
34041.0,40323,genus,2.16807,Stenotrophomonas,ERR1073712
34041.0,216851,genus,1.67402,Faecalibacterium,ERR1073712
34041.0,1730,genus,1.5685,Eubacterium,ERR1073712
34041.0,572511,genus,0.546815,Blautia,ERR1073712
34041.0,528,genus,0.278204,Ochrobactrum,ERR1073712
34041.0,469,genus,0.259018,Acinetobacter,ERR1073712
34041.0,459786,genus,0.196662,Oscillibacter,ERR1073712
34041.0,1505663,genus,0.187068,Erysipelatoclostridium,ERR1073712
34041.0,157920,genus,0.134305,Cellulosimicrobium,ERR1073712
34041.0,283168,genus,0.134305,Odoribacter,ERR1073712
34041.0,1301,genus,0.119916,Streptococcus,ERR1073712
34041.0,207244,genus,0.115119,Anaerostipes,ERR1073712
34041.0,841,genus,0.0911358,Roseburia,ERR1073712
34041.0,239934,genus,0.0815426,Akkermansia,ERR1073712
34041.0,507,genus,0.0815426,Alcaligenes,ERR1073712
34041.0,44249,genus,0.0431696,Paenibacillus,ERR1073712
34041.0,1827,genus,0.0431696,Rhodococcus,ERR1073712
34041.0,561,genus,0.0431696,Escherichia,ERR1073712
34041.0,1350,genus,0.0287797,Enterococcus,ERR1073712
34041.0,1506553,genus,0.0287797,Lachnoclostridium,ERR1073712
34041.0,838,genus,0.0287797,Prevotella,ERR1073712
34041.0,1263,genus,0.0287797,Ruminococcus,ERR1073712
34041.0,305976,genus,0.0287797,Pusillimonas,ERR1073712
34041.0,244127,genus,0.0239831,Anaerotruncus,ERR1073712
34041.0,1386,genus,0.0191865,Bacillus,ERR1073712
34041.0,590,genus,0.0191865,Salmonella,ERR1073712
34041.0,872,genus,0.0191865,Desulfovibrio,ERR1073712
34041.0,265980,genus,0.0143899,Alkalimonas,ERR1073712
34041.0,570,genus,0.0143899,Klebsiella,ERR1073712
34041.0,33042,genus,0.0143899,Coprococcus,ERR1073712
34041.0,233189,genus,0.00959325,Anaerolinea,ERR1073712
34041.0,497,genus,0.00959325,Psychrobacter,ERR1073712
34041.0,724,genus,0.00959325,Haemophilus,ERR1073712
34041.0,265,genus,0.00959325,Paracoccus,ERR1073712
34041.0,998014,genus,0.00959325,Cocleimonas,ERR1073712
34041.0,1485,genus,0.00959325,Clostridium,ERR1073712
34041.0,1822464,genus,0.00959325,Paraburkholderia,ERR1073712
34041.0,1017280,genus,0.00959325,Pseudoflavonifractor,ERR1073712
34041.0,642,genus,0.00959325,Aeromonas,ERR1073712
34041.0,1051,genus,0.00959325,Ectothiorhodospira,ERR1073712
34041.0,1505657,genus,0.00959325,Intestinibacter,ERR1073712
34041.0,44748,genus,0.00959325,Sporobacter,ERR1073712
34041.0,863253,genus,0.00959325,Marinicella,ERR1073712
34041.0,620,genus,0.00959325,Shigella,ERR1073712
34041.0,41275,genus,0.00479662,Brevundimonas,ERR1073712
34041.0,375288,genus,0.00479662,Parabacteroides,ERR1073712
34041.0,583,genus,0.00479662,Proteus,ERR1073712
34041.0,165779,genus,0.00479662,Anaerococcus,ERR1073712
34041.0,776,genus,0.00479662,Coxiella,ERR1073712
34041.0,61170,genus,0.00479662,Holdemania,ERR1073712
34041.0,577309,genus,0.00479662,Paraprevotella,ERR1073712
34041.0,102106,genus,0.00479662,Collinsella,ERR1073712
34041.0,795750,genus,0.00479662,Ignavibacterium,ERR1073712
34041.0,1279,genus,0.00479662,Staphylococcus,ERR1073712
34041.0,346096,genus,0.00479662,Paludibacter,ERR1073712
34041.0,397864,genus,0.00479662,Barnesiella,ERR1073712
34041.0,1030,genus,0.00479662,Thiothrix,ERR1073712
34041.0,28453,genus,0.00479662,Sphingobacterium,ERR1073712
34041.0,84111,genus,0.00479662,Eggerthella,ERR1073712
34041.0,39948,genus,0.00479662,Dialister,ERR1073712
34041.0,32207,genus,0.00479662,Rothia,ERR1073712
34041.0,469322,genus,0.00479662,Steroidobacter,ERR1073712
34041.0,60919,genus,0.00479662,Sanguibacter,ERR1073712
,-1,genus,43.6205,Unknown,ERR1073712
34041.0,286,genus,32.6122,Pseudomonas,ERR1073712
34041.0,816,genus,8.37011,Bacteroides,ERR1073712
34041.0,239759,genus,4.59996,Alistipes,ERR1073712
34041.0,1508657,genus,2.44148,Ruminiclostridium,ERR1073712
34041.0,40323,genus,2.16807,Stenotrophomonas,ERR1073712
34041.0,216851,genus,1.67402,Faecalibacterium,ERR1073712
34041.0,1730,genus,1.5685,Eubacterium,ERR1073712
34041.0,572511,genus,0.546815,Blautia,ERR1073712
34041.0,528,genus,0.278204,Ochrobactrum,ERR1073712
34041.0,469,genus,0.259018,Acinetobacter,ERR1073712
34041.0,459786,genus,0.196662,Oscillibacter,ERR1073712
34041.0,1505663,genus,0.187068,Erysipelatoclostridium,ERR1073712
34041.0,157920,genus,0.134305,Cellulosimicrobium,ERR1073712
34041.0,283168,genus,0.134305,Odoribacter,ERR1073712
34041.0,1301,genus,0.119916,Streptococcus,ERR1073712
34041.0,207244,genus,0.115119,Anaerostipes,ERR1073712
34041.0,841,genus,0.0911358,Roseburia,ERR1073712
34041.0,507,genus,0.0815426,Alcaligenes,ERR1073712
34041.0,239934,genus,0.0815426,Akkermansia,ERR1073712
34041.0,561,genus,0.0431696,Escherichia,ERR1073712
34041.0,44249,genus,0.0431696,Paenibacillus,ERR1073712
34041.0,1827,genus,0.0431696,Rhodococcus,ERR1073712
34041.0,838,genus,0.0287797,Prevotella,ERR1073712
34041.0,1263,genus,0.0287797,Ruminococcus,ERR1073712
34041.0,305976,genus,0.0287797,Pusillimonas,ERR1073712
34041.0,1350,genus,0.0287797,Enterococcus,ERR1073712
34041.0,1506553,genus,0.0287797,Lachnoclostridium,ERR1073712
34041.0,244127,genus,0.0239831,Anaerotruncus,ERR1073712
34041.0,1386,genus,0.0191865,Bacillus,ERR1073712
34041.0,590,genus,0.0191865,Salmonella,ERR1073712
34041.0,872,genus,0.0191865,Desulfovibrio,ERR1073712
34041.0,265980,genus,0.0143899,Alkalimonas,ERR1073712
34041.0,570,genus,0.0143899,Klebsiella,ERR1073712
34041.0,33042,genus,0.0143899,Coprococcus,ERR1073712
34041.0,1505657,genus,0.00959325,Intestinibacter,ERR1073712
34041.0,44748,genus,0.00959325,Sporobacter,ERR1073712
34041.0,863253,genus,0.00959325,Marinicella,ERR1073712
34041.0,620,genus,0.00959325,Shigella,ERR1073712
34041.0,233189,genus,0.00959325,Anaerolinea,ERR1073712
34041.0,497,genus,0.00959325,Psychrobacter,ERR1073712
34041.0,724,genus,0.00959325,Haemophilus,ERR1073712
34041.0,265,genus,0.00959325,Paracoccus,ERR1073712
34041.0,998014,genus,0.00959325,Cocleimonas,ERR1073712
34041.0,1485,genus,0.00959325,Clostridium,ERR1073712
34041.0,1822464,genus,0.00959325,Paraburkholderia,ERR1073712
34041.0,1017280,genus,0.00959325,Pseudoflavonifractor,ERR1073712
34041.0,642,genus,0.00959325,Aeromonas,ERR1073712
34041.0,1051,genus,0.00959325,Ectothiorhodospira,ERR1073712
34041.0,346096,genus,0.00479662,Paludibacter,ERR1073712
34041.0,397864,genus,0.00479662,Barnesiella,ERR1073712
34041.0,1030,genus,0.00479662,Thiothrix,ERR1073712
34041.0,28453,genus,0.00479662,Sphingobacterium,ERR1073712
34041.0,84111,genus,0.00479662,Eggerthella,ERR1073712
34041.0,39948,genus,0.00479662,Dialister,ERR1073712
34041.0,32207,genus,0.00479662,Rothia,ERR1073712
34041.0,469322,genus,0.00479662,Steroidobacter,ERR1073712
34041.0,60919,genus,0.00479662,Sanguibacter,ERR1073712
34041.0,41275,genus,0.00479662,Brevundimonas,ERR1073712
34041.0,375288,genus,0.00479662,Parabacteroides,ERR1073712
34041.0,583,genus,0.00479662,Proteus,ERR1073712
34041.0,165779,genus,0.00479662,Anaerococcus,ERR1073712
34041.0,776,genus,0.00479662,Coxiella,ERR1073712
34041.0,61170,genus,0.00479662,Holdemania,ERR1073712
34041.0,577309,genus,0.00479662,Paraprevotella,ERR1073712
34041.0,102106,genus,0.00479662,Collinsella,ERR1073712
34041.0,795750,genus,0.00479662,Ignavibacterium,ERR1073712
34041.0,1279,genus,0.00479662,Staphylococcus,ERR1073712
,-1,genus,43.6205,Unknown,ERR1073712
34041.0,286,genus,32.6122,Pseudomonas,ERR1073712
34041.0,816,genus,8.37011,Bacteroides,ERR1073712
34041.0,239759,genus,4.59996,Alistipes,ERR1073712
34041.0,1508657,genus,2.44148,Ruminiclostridium,ERR1073712
34041.0,40323,genus,2.16807,Stenotrophomonas,ERR1073712
34041.0,216851,genus,1.67402,Faecalibacterium,ERR1073712
34041.0,1730,genus,1.5685,Eubacterium,ERR1073712
34041.0,572511,genus,0.546815,Blautia,ERR1073712
34041.0,528,genus,0.278204,Ochrobactrum,ERR1073712
34041.0,469,genus,0.259018,Acinetobacter,ERR1073712
34041.0,459786,genus,0.196662,Oscillibacter,ERR1073712
34041.0,1505663,genus,0.187068,Erysipelatoclostridium,ERR1073712
34041.0,157920,genus,0.134305,Cellulosimicrobium,ERR1073712
34041.0,283168,genus,0.134305,Odoribacter,ERR1073712
34041.0,1301,genus,0.119916,Streptococcus,ERR1073712
34041.0,207244,genus,0.115119,Anaerostipes,ERR1073712
34041.0,841,genus,0.0911358,Roseburia,ERR1073712
34041.0,507,genus,0.0815426,Alcaligenes,ERR1073712
34041.0,239934,genus,0.0815426,Akkermansia,ERR1073712
34041.0,44249,genus,0.0431696,Paenibacillus,ERR1073712
34041.0,1827,genus,0.0431696,Rhodococcus,ERR1073712
34041.0,561,genus,0.0431696,Escherichia,ERR1073712
34041.0,838,genus,0.0287797,Prevotella,ERR1073712
34041.0,1263,genus,0.0287797,Ruminococcus,ERR1073712
34041.0,305976,genus,0.0287797,Pusillimonas,ERR1073712
34041.0,1350,genus,0.0287797,Enterococcus,ERR1073712
34041.0,1506553,genus,0.0287797,Lachnoclostridium,ERR1073712
34041.0,244127,genus,0.0239831,Anaerotruncus,ERR1073712
34041.0,590,genus,0.0191865,Salmonella,ERR1073712
34041.0,872,genus,0.0191865,Desulfovibrio,ERR1073712
34041.0,1386,genus,0.0191865,Bacillus,ERR1073712
34041.0,265980,genus,0.0143899,Alkalimonas,ERR1073712
34041.0,570,genus,0.0143899,Klebsiella,ERR1073712
34041.0,33042,genus,0.0143899,Coprococcus,ERR1073712
34041.0,620,genus,0.00959325,Shigella,ERR1073712
34041.0,233189,genus,0.00959325,Anaerolinea,ERR1073712
34041.0,497,genus,0.00959325,Psychrobacter,ERR1073712
34041.0,724,genus,0.00959325,Haemophilus,ERR1073712
34041.0,265,genus,0.00959325,Paracoccus,ERR1073712
34041.0,998014,genus,0.00959325,Cocleimonas,ERR1073712
34041.0,1485,genus,0.00959325,Clostridium,ERR1073712
34041.0,1822464,genus,0.00959325,Paraburkholderia,ERR1073712
34041.0,1017280,genus,0.00959325,Pseudoflavonifractor,ERR1073712
34041.0,642,genus,0.00959325,Aeromonas,ERR1073712
34041.0,1051,genus,0.00959325,Ectothiorhodospira,ERR1073712
34041.0,1505657,genus,0.00959325,Intestinibacter,ERR1073712
34041.0,44748,genus,0.00959325,Sporobacter,ERR1073712
34041.0,863253,genus,0.00959325,Marinicella,ERR1073712
34041.0,84111,genus,0.00479662,Eggerthella,ERR1073712
34041.0,39948,genus,0.00479662,Dialister,ERR1073712
34041.0,32207,genus,0.00479662,Rothia,ERR1073712
34041.0,469322,genus,0.00479662,Steroidobacter,ERR1073712
34041.0,60919,genus,0.00479662,Sanguibacter,ERR1073712
34041.0,41275,genus,0.00479662,Brevundimonas,ERR1073712
34041.0,375288,genus,0.00479662,Parabacteroides,ERR1073712
34041.0,583,genus,0.00479662,Proteus,ERR1073712
34041.0,165779,genus,0.00479662,Anaerococcus,ERR1073712
34041.0,776,genus,0.00479662,Coxiella,ERR1073712
34041.0,61170,genus,0.00479662,Holdemania,ERR1073712
34041.0,577309,genus,0.00479662,Paraprevotella,ERR1073712
34041.0,102106,genus,0.00479662,Collinsella,ERR1073712
34041.0,795750,genus,0.00479662,Ignavibacterium,ERR1073712
34041.0,1279,genus,0.00479662,Staphylococcus,ERR1073712
34041.0,346096,genus,0.00479662,Paludibacter,ERR1073712
34041.0,397864,genus,0.00479662,Barnesiella,ERR1073712
34041.0,1030,genus,0.00479662,Thiothrix,ERR1073712
34041.0,28453,genus,0.00479662,Sphingobacterium,ERR1073712
,-1,genus,43.6205,Unknown,ERR1073712
34041.0,286,genus,32.6122,Pseudomonas,ERR1073712
34041.0,816,genus,8.37011,Bacteroides,ERR1073712
34041.0,239759,genus,4.59996,Alistipes,ERR1073712
34041.0,1508657,genus,2.44148,Ruminiclostridium,ERR1073712
34041.0,40323,genus,2.16807,Stenotrophomonas,ERR1073712
34041.0,216851,genus,1.67402,Faecalibacterium,ERR1073712
34041.0,1730,genus,1.5685,Eubacterium,ERR1073712
34041.0,572511,genus,0.546815,Blautia,ERR1073712
34041.0,528,genus,0.278204,Ochrobactrum,ERR1073712
34041.0,469,genus,0.259018,Acinetobacter,ERR1073712
34041.0,459786,genus,0.196662,Oscillibacter,ERR1073712
34041.0,1505663,genus,0.187068,Erysipelatoclostridium,ERR1073712
34041.0,157920,genus,0.134305,Cellulosimicrobium,ERR1073712
34041.0,283168,genus,0.134305,Odoribacter,ERR1073712
34041.0,1301,genus,0.119916,Streptococcus,ERR1073712
34041.0,207244,genus,0.115119,Anaerostipes,ERR1073712
34041.0,841,genus,0.0911358,Roseburia,ERR1073712
34041.0,507,genus,0.0815426,Alcaligenes,ERR1073712
34041.0,239934,genus,0.0815426,Akkermansia,ERR1073712
34041.0,44249,genus,0.0431696,Paenibacillus,ERR1073712
34041.0,1827,genus,0.0431696,Rhodococcus,ERR1073712
34041.0,561,genus,0.0431696,Escherichia,ERR1073712
34041.0,1506553,genus,0.0287797,Lachnoclostridium,ERR1073712
34041.0,1350,genus,0.0287797,Enterococcus,ERR1073712
34041.0,1263,genus,0.0287797,Ruminococcus,ERR1073712
34041.0,838,genus,0.0287797,Prevotella,ERR1073712
34041.0,305976,genus,0.0287797,Pusillimonas,ERR1073712
34041.0,244127,genus,0.0239831,Anaerotruncus,ERR1073712
34041.0,872,genus,0.0191865,Desulfovibrio,ERR1073712
34041.0,1386,genus,0.0191865,Bacillus,ERR1073712
34041.0,590,genus,0.0191865,Salmonella,ERR1073712
34041.0,265980,genus,0.0143899,Alkalimonas,ERR1073712
34041.0,570,genus,0.0143899,Klebsiella,ERR1073712
34041.0,33042,genus,0.0143899,Coprococcus,ERR1073712
34041.0,233189,genus,0.00959325,Anaerolinea,ERR1073712
34041.0,497,genus,0.00959325,Psychrobacter,ERR1073712
34041.0,724,genus,0.00959325,Haemophilus,ERR1073712
34041.0,265,genus,0.00959325,Paracoccus,ERR1073712
34041.0,1485,genus,0.00959325,Clostridium,ERR1073712
34041.0,998014,genus,0.00959325,Cocleimonas,ERR1073712
34041.0,1822464,genus,0.00959325,Paraburkholderia,ERR1073712
34041.0,1017280,genus,0.00959325,Pseudoflavonifractor,ERR1073712
34041.0,642,genus,0.00959325,Aeromonas,ERR1073712
34041.0,1051,genus,0.00959325,Ectothiorhodospira,ERR1073712
34041.0,1505657,genus,0.00959325,Intestinibacter,ERR1073712
34041.0,44748,genus,0.00959325,Sporobacter,ERR1073712
34041.0,863253,genus,0.00959325,Marinicella,ERR1073712
34041.0,620,genus,0.00959325,Shigella,ERR1073712
34041.0,41275,genus,0.00479662,Brevundimonas,ERR1073712
34041.0,375288,genus,0.00479662,Parabacteroides,ERR1073712
34041.0,583,genus,0.00479662,Proteus,ERR1073712
34041.0,165779,genus,0.00479662,Anaerococcus,ERR1073712
34041.0,776,genus,0.00479662,Coxiella,ERR1073712
34041.0,61170,genus,0.00479662,Holdemania,ERR1073712
34041.0,577309,genus,0.00479662,Paraprevotella,ERR1073712
34041.0,1279,genus,0.00479662,Staphylococcus,ERR1073712
34041.0,102106,genus,0.00479662,Collinsella,ERR1073712
34041.0,795750,genus,0.00479662,Ignavibacterium,ERR1073712
34041.0,397864,genus,0.00479662,Barnesiella,ERR1073712
34041.0,346096,genus,0.00479662,Paludibacter,ERR1073712
34041.0,1030,genus,0.00479662,Thiothrix,ERR1073712
34041.0,28453,genus,0.00479662,Sphingobacterium,ERR1073712
34041.0,84111,genus,0.00479662,Eggerthella,ERR1073712
34041.0,469322,genus,0.00479662,Steroidobacter,ERR1073712
34041.0,39948,genus,0.00479662,Dialister,ERR1073712
34041.0,32207,genus,0.00479662,Rothia,ERR1073712
34041.0,60919,genus,0.00479662,Sanguibacter,ERR1073712
,-1,genus,43.6205,Unknown,ERR1073712
34041.0,286,genus,32.6122,Pseudomonas,ERR1073712
34041.0,816,genus,8.37011,Bacteroides,ERR1073712
34041.0,239759,genus,4.59996,Alistipes,ERR1073712
34041.0,1508657,genus,2.44148,Ruminiclostridium,ERR1073712
34041.0,40323,genus,2.16807,Stenotrophomonas,ERR1073712
34041.0,216851,genus,1.67402,Faecalibacterium,ERR1073712
34041.0,1730,genus,1.5685,Eubacterium,ERR1073712
34041.0,572511,genus,0.546815,Blautia,ERR1073712
34041.0,528,genus,0.278204,Ochrobactrum,ERR1073712
34041.0,469,genus,0.259018,Acinetobacter,ERR1073712
34041.0,459786,genus,0.196662,Oscillibacter,ERR1073712
34041.0,1505663,genus,0.187068,Erysipelatoclostridium,ERR1073712
34041.0,157920,genus,0.134305,Cellulosimicrobium,ERR1073712
34041.0,283168,genus,0.134305,Odoribacter,ERR1073712
34041.0,1301,genus,0.119916,Streptococcus,ERR1073712
34041.0,207244,genus,0.115119,Anaerostipes,ERR1073712
34041.0,841,genus,0.0911358,Roseburia,ERR1073712
34041.0,507,genus,0.0815426,Alcaligenes,ERR1073712
34041.0,239934,genus,0.0815426,Akkermansia,ERR1073712
34041.0,561,genus,0.0431696,Escherichia,ERR1073712
34041.0,44249,genus,0.0431696,Paenibacillus,ERR1073712
34041.0,1827,genus,0.0431696,Rhodococcus,ERR1073712
34041.0,838,genus,0.0287797,Prevotella,ERR1073712
34041.0,1263,genus,0.0287797,Ruminococcus,ERR1073712
34041.0,305976,genus,0.0287797,Pusillimonas,ERR1073712
34041.0,1350,genus,0.0287797,Enterococcus,ERR1073712
34041.0,1506553,genus,0.0287797,Lachnoclostridium,ERR1073712
34041.0,244127,genus,0.0239831,Anaerotruncus,ERR1073712
34041.0,590,genus,0.0191865,Salmonella,ERR1073712
34041.0,872,genus,0.0191865,Desulfovibrio,ERR1073712
34041.0,1386,genus,0.0191865,Bacillus,ERR1073712
34041.0,265980,genus,0.0143899,Alkalimonas,ERR1073712
34041.0,570,genus,0.0143899,Klebsiella,ERR1073712
34041.0,33042,genus,0.0143899,Coprococcus,ERR1073712
34041.0,620,genus,0.00959325,Shigella,ERR1073712
34041.0,233189,genus,0.00959325,Anaerolinea,ERR1073712
34041.0,497,genus,0.00959325,Psychrobacter,ERR1073712
34041.0,724,genus,0.00959325,Haemophilus,ERR1073712
34041.0,265,genus,0.00959325,Paracoccus,ERR1073712
34041.0,998014,genus,0.00959325,Cocleimonas,ERR1073712
34041.0,1485,genus,0.00959325,Clostridium,ERR1073712
34041.0,1822464,genus,0.00959325,Paraburkholderia,ERR1073712
34041.0,1017280,genus,0.00959325,Pseudoflavonifractor,ERR1073712
34041.0,642,genus,0.00959325,Aeromonas,ERR1073712
34041.0,1051,genus,0.00959325,Ectothiorhodospira,ERR1073712
34041.0,1505657,genus,0.00959325,Intestinibacter,ERR1073712
34041.0,44748,genus,0.00959325,Sporobacter,ERR1073712
34041.0,863253,genus,0.00959325,Marinicella,ERR1073712
34041.0,28453,genus,0.00479662,Sphingobacterium,ERR1073712
34041.0,84111,genus,0.00479662,Eggerthella,ERR1073712
34041.0,39948,genus,0.00479662,Dialister,ERR1073712
34041.0,32207,genus,0.00479662,Rothia,ERR1073712
34041.0,469322,genus,0.00479662,Steroidobacter,ERR1073712
34041.0,60919,genus,0.00479662,Sanguibacter,ERR1073712
34041.0,41275,genus,0.00479662,Brevundimonas,ERR1073712
34041.0,375288,genus,0.00479662,Parabacteroides,ERR1073712
34041.0,583,genus,0.00479662,Proteus,ERR1073712
34041.0,165779,genus,0.00479662,Anaerococcus,ERR1073712
34041.0,776,genus,0.00479662,Coxiella,ERR1073712
34041.0,61170,genus,0.00479662,Holdemania,ERR1073712
34041.0,577309,genus,0.00479662,Paraprevotella,ERR1073712
34041.0,102106,genus,0.00479662,Collinsella,ERR1073712
34041.0,795750,genus,0.00479662,Ignavibacterium,ERR1073712
34041.0,1279,genus,0.00479662,Staphylococcus,ERR1073712
34041.0,346096,genus,0.00479662,Paludibacter,ERR1073712
34041.0,397864,genus,0.00479662,Barnesiella,ERR1073712
34041.0,1030,genus,0.00479662,Thiothrix,ERR1073712
,-1,genus,43.6205,Unknown,ERR1073712
46904.0,816,genus,11.009,Bacteroides,ERR1074794
46904.0,469,genus,8.1334,Acinetobacter,ERR1074794
46904.0,216851,genus,3.72072,Faecalibacterium,ERR1074794
46904.0,1263,genus,2.80755,Ruminococcus,ERR1074794
46904.0,286,genus,2.48993,Pseudomonas,ERR1074794
46904.0,1730,genus,2.25739,Eubacterium,ERR1074794
46904.0,239759,genus,2.08723,Alistipes,ERR1074794
46904.0,1508657,genus,1.832,Ruminiclostridium,ERR1074794
46904.0,459786,genus,1.63349,Oscillibacter,ERR1074794
46904.0,239934,genus,1.50303,Akkermansia,ERR1074794
46904.0,117563,genus,1.40094,Granulicatella,ERR1074794
46904.0,872,genus,1.11735,Desulfovibrio,ERR1074794
46904.0,1506553,genus,0.952867,Lachnoclostridium,ERR1074794
46904.0,283168,genus,0.907492,Odoribacter,ERR1074794
46904.0,904,genus,0.839431,Acidaminococcus,ERR1074794
46904.0,572511,genus,0.71465,Blautia,ERR1074794
46904.0,841,genus,0.71465,Roseburia,ERR1074794
46904.0,44748,genus,0.697635,Sporobacter,ERR1074794
46904.0,990721,genus,0.680619,Christensenella,ERR1074794
46904.0,35832,genus,0.516136,Bilophila,ERR1074794
46904.0,375288,genus,0.510465,Parabacteroides,ERR1074794
46904.0,1291539,genus,0.46509,Candidatus Methanomethylophilus,ERR1074794
46904.0,172900,genus,0.436731,Victivallis,ERR1074794
46904.0,830,genus,0.4027,Butyrivibrio,ERR1074794
46904.0,507,genus,0.374341,Alcaligenes,ERR1074794
46904.0,1505663,genus,0.374341,Erysipelatoclostridium,ERR1074794
46904.0,244127,genus,0.243889,Anaerotruncus,ERR1074794
46904.0,1485,genus,0.209858,Clostridium,ERR1074794
46904.0,577310,genus,0.18717,Parasutterella,ERR1074794
46904.0,2172,genus,0.164483,Methanobrevibacter,ERR1074794
46904.0,189330,genus,0.147468,Dorea,ERR1074794
46904.0,660628,genus,0.141796,Insolitispirillum,ERR1074794
46904.0,963,genus,0.12478,Herbaspirillum,ERR1074794
46904.0,577309,genus,0.12478,Paraprevotella,ERR1074794
46904.0,404,genus,0.113437,Methylobacillus,ERR1074794
46904.0,838,genus,0.113437,Prevotella,ERR1074794
46904.0,508459,genus,0.0907492,Cloacibacillus,ERR1074794
46904.0,1200657,genus,0.0850774,Saccharofermentans,ERR1074794
46904.0,40544,genus,0.0850774,Sutterella,ERR1074794
46904.0,836,genus,0.0680619,Porphyromonas,ERR1074794
46904.0,848,genus,0.0510465,Fusobacterium,ERR1074794
46904.0,1301,genus,0.0453746,Streptococcus,ERR1074794
46904.0,184869,genus,0.0453746,Varibaculum,ERR1074794
46904.0,397864,genus,0.0397028,Barnesiella,ERR1074794
46904.0,84567,genus,0.0397028,Pedobacter,ERR1074794
46904.0,36853,genus,0.034031,Desulfitobacterium,ERR1074794
46904.0,44261,genus,0.034031,Oxobacter,ERR1074794
46904.0,207244,genus,0.034031,Anaerostipes,ERR1074794
46904.0,1350,genus,0.034031,Enterococcus,ERR1074794
46904.0,1763,genus,0.0283591,Mycobacterium,ERR1074794
46904.0,590,genus,0.0283591,Salmonella,ERR1074794
46904.0,1573534,genus,0.0283591,Faecalitalea,ERR1074794
46904.0,83660,genus,0.0226873,Desulfonispora,ERR1074794
46904.0,102106,genus,0.0226873,Collinsella,ERR1074794
46904.0,162289,genus,0.0226873,Peptoniphilus,ERR1074794
46904.0,1279,genus,0.0226873,Staphylococcus,ERR1074794
46904.0,61170,genus,0.0170155,Holdemania,ERR1074794
46904.0,264995,genus,0.0170155,Anaerofustis,ERR1074794
46904.0,41273,genus,0.0170155,Tissierella,ERR1074794
46904.0,442430,genus,0.0170155,Coraliomargarita,ERR1074794
46904.0,698776,genus,0.0170155,Cellulosilyticum,ERR1074794
46904.0,561,genus,0.0170155,Escherichia,ERR1074794
46904.0,1578,genus,0.0170155,Lactobacillus,ERR1074794
46904.0,1017280,genus,0.0170155,Pseudoflavonifractor,ERR1074794
46904.0,1573535,genus,0.0170155,Holdemanella,ERR1074794
46904.0,187144,genus,0.0113437,Caldithrix,ERR1074794
46904.0,34037,genus,0.0113437,Rahnella,ERR1074794
46904.0,100175,genus,0.0113437,Papillibacter,ERR1074794
46904.0,29465,genus,0.0113437,Veillonella,ERR1074794
46904.0,586,genus,0.0113437,Providencia,ERR1074794
46904.0,1654931,genus,0.0113437,Crenobacter,ERR1074794
46904.0,52784,genus,0.0113437,Anaerofilum,ERR1074794
46904.0,1471399,genus,0.00567183,Draconibacterium,ERR1074794
46904.0,1716,genus,0.00567183,Corynebacterium,ERR1074794
46904.0,482,genus,0.00567183,Neisseria,ERR1074794
46904.0,59740,genus,0.00567183,Persicobacter,ERR1074794
46904.0,114627,genus,0.00567183,Alkaliphilus,ERR1074794
46904.0,399320,genus,0.00567183,Sphaerochaeta,ERR1074794
46904.0,32012,genus,0.00567183,Thiomonas,ERR1074794
46904.0,570,genus,0.00567183,Klebsiella,ERR1074794
46904.0,2316,genus,0.00567183,Methanosphaera,ERR1074794
46904.0,196081,genus,0.00567183,Scardovia,ERR1074794
46904.0,1505652,genus,0.00567183,Terrisporobacter,ERR1074794
46904.0,583,genus,0.00567183,Proteus,ERR1074794
46904.0,79206,genus,0.00567183,Desulfosporosinus,ERR1074794
46904.0,262406,genus,0.00567183,Thermobaculum,ERR1074794
46904.0,2086,genus,0.00567183,Anaeroplasma,ERR1074794
46904.0,161492,genus,0.00567183,Anaeromyxobacter,ERR1074794
46904.0,1082702,genus,0.00567183,Lonsdalea,ERR1074794
46904.0,270497,genus,0.00567183,Catabacter,ERR1074794
46904.0,146813,genus,0.00567183,Dendrosporobacter,ERR1074794
46904.0,1386,genus,0.00567183,Bacillus,ERR1074794
46904.0,898,genus,0.00567183,Desulfomicrobium,ERR1074794
46904.0,1279388,genus,0.00567183,Kandleria,ERR1074794
46904.0,84111,genus,0.00567183,Eggerthella,ERR1074794
46904.0,1618113,genus,0.00567183,Saccharicrinis,ERR1074794
46904.0,1378,genus,0.00567183,Gemella,ERR1074794
46904.0,475,genus,0.00567183,Moraxella,ERR1074794
46904.0,413496,genus,0.00567183,Cronobacter,ERR1074794
46904.0,497,genus,0.00567183,Psychrobacter,ERR1074794
46904.0,233191,genus,0.00567183,Caldilinea,ERR1074794
46904.0,44249,genus,0.00567183,Paenibacillus,ERR1074794
46904.0,543311,genus,0.00567183,Parvimonas,ERR1074794
46904.0,724,genus,0.00567183,Haemophilus,ERR1074794
46904.0,100883,genus,0.00567183,Coprobacillus,ERR1074794
,-1,genus,48.1935,Unknown,ERR1074794
46904.0,816,genus,11.009,Bacteroides,ERR1074794
46904.0,469,genus,8.1334,Acinetobacter,ERR1074794
46904.0,216851,genus,3.72072,Faecalibacterium,ERR1074794
46904.0,1263,genus,2.80755,Ruminococcus,ERR1074794
46904.0,286,genus,2.48993,Pseudomonas,ERR1074794
46904.0,1730,genus,2.25739,Eubacterium,ERR1074794
46904.0,239759,genus,2.08723,Alistipes,ERR1074794
46904.0,1508657,genus,1.832,Ruminiclostridium,ERR1074794
46904.0,459786,genus,1.63349,Oscillibacter,ERR1074794
46904.0,239934,genus,1.50303,Akkermansia,ERR1074794
46904.0,117563,genus,1.40094,Granulicatella,ERR1074794
46904.0,872,genus,1.11735,Desulfovibrio,ERR1074794
46904.0,1506553,genus,0.952867,Lachnoclostridium,ERR1074794
46904.0,283168,genus,0.907492,Odoribacter,ERR1074794
46904.0,904,genus,0.839431,Acidaminococcus,ERR1074794
46904.0,572511,genus,0.71465,Blautia,ERR1074794
46904.0,841,genus,0.71465,Roseburia,ERR1074794
46904.0,44748,genus,0.697635,Sporobacter,ERR1074794
46904.0,990721,genus,0.680619,Christensenella,ERR1074794
46904.0,35832,genus,0.516136,Bilophila,ERR1074794
46904.0,375288,genus,0.510465,Parabacteroides,ERR1074794
46904.0,1291539,genus,0.46509,Candidatus Methanomethylophilus,ERR1074794
46904.0,172900,genus,0.436731,Victivallis,ERR1074794
46904.0,830,genus,0.4027,Butyrivibrio,ERR1074794
46904.0,1505663,genus,0.374341,Erysipelatoclostridium,ERR1074794
46904.0,507,genus,0.374341,Alcaligenes,ERR1074794
46904.0,244127,genus,0.243889,Anaerotruncus,ERR1074794
46904.0,1485,genus,0.209858,Clostridium,ERR1074794
46904.0,577310,genus,0.18717,Parasutterella,ERR1074794
46904.0,2172,genus,0.164483,Methanobrevibacter,ERR1074794
46904.0,189330,genus,0.147468,Dorea,ERR1074794
46904.0,660628,genus,0.141796,Insolitispirillum,ERR1074794
46904.0,577309,genus,0.12478,Paraprevotella,ERR1074794
46904.0,963,genus,0.12478,Herbaspirillum,ERR1074794
46904.0,404,genus,0.113437,Methylobacillus,ERR1074794
46904.0,838,genus,0.113437,Prevotella,ERR1074794
46904.0,508459,genus,0.0907492,Cloacibacillus,ERR1074794
46904.0,1200657,genus,0.0850774,Saccharofermentans,ERR1074794
46904.0,40544,genus,0.0850774,Sutterella,ERR1074794
46904.0,836,genus,0.0680619,Porphyromonas,ERR1074794
46904.0,848,genus,0.0510465,Fusobacterium,ERR1074794
46904.0,184869,genus,0.0453746,Varibaculum,ERR1074794
46904.0,1301,genus,0.0453746,Streptococcus,ERR1074794
46904.0,84567,genus,0.0397028,Pedobacter,ERR1074794
46904.0,397864,genus,0.0397028,Barnesiella,ERR1074794
46904.0,1350,genus,0.034031,Enterococcus,ERR1074794
46904.0,36853,genus,0.034031,Desulfitobacterium,ERR1074794
46904.0,44261,genus,0.034031,Oxobacter,ERR1074794
46904.0,207244,genus,0.034031,Anaerostipes,ERR1074794
46904.0,590,genus,0.0283591,Salmonella,ERR1074794
46904.0,1573534,genus,0.0283591,Faecalitalea,ERR1074794
46904.0,1763,genus,0.0283591,Mycobacterium,ERR1074794
46904.0,102106,genus,0.0226873,Collinsella,ERR1074794
46904.0,162289,genus,0.0226873,Peptoniphilus,ERR1074794
46904.0,1279,genus,0.0226873,Staphylococcus,ERR1074794
46904.0,83660,genus,0.0226873,Desulfonispora,ERR1074794
46904.0,698776,genus,0.0170155,Cellulosilyticum,ERR1074794
46904.0,561,genus,0.0170155,Escherichia,ERR1074794
46904.0,1578,genus,0.0170155,Lactobacillus,ERR1074794
46904.0,1017280,genus,0.0170155,Pseudoflavonifractor,ERR1074794
46904.0,1573535,genus,0.0170155,Holdemanella,ERR1074794
46904.0,61170,genus,0.0170155,Holdemania,ERR1074794
46904.0,264995,genus,0.0170155,Anaerofustis,ERR1074794
46904.0,41273,genus,0.0170155,Tissierella,ERR1074794
46904.0,442430,genus,0.0170155,Coraliomargarita,ERR1074794
46904.0,586,genus,0.0113437,Providencia,ERR1074794
46904.0,1654931,genus,0.0113437,Crenobacter,ERR1074794
46904.0,52784,genus,0.0113437,Anaerofilum,ERR1074794
46904.0,187144,genus,0.0113437,Caldithrix,ERR1074794
46904.0,34037,genus,0.0113437,Rahnella,ERR1074794
46904.0,100175,genus,0.0113437,Papillibacter,ERR1074794
46904.0,29465,genus,0.0113437,Veillonella,ERR1074794
46904.0,84111,genus,0.00567183,Eggerthella,ERR1074794
46904.0,1618113,genus,0.00567183,Saccharicrinis,ERR1074794
46904.0,475,genus,0.00567183,Moraxella,ERR1074794
46904.0,1378,genus,0.00567183,Gemella,ERR1074794
46904.0,497,genus,0.00567183,Psychrobacter,ERR1074794
46904.0,233191,genus,0.00567183,Caldilinea,ERR1074794
46904.0,413496,genus,0.00567183,Cronobacter,ERR1074794
46904.0,44249,genus,0.00567183,Paenibacillus,ERR1074794
46904.0,543311,genus,0.00567183,Parvimonas,ERR1074794
46904.0,100883,genus,0.00567183,Coprobacillus,ERR1074794
46904.0,724,genus,0.00567183,Haemophilus,ERR1074794
46904.0,1716,genus,0.00567183,Corynebacterium,ERR1074794
46904.0,1471399,genus,0.00567183,Draconibacterium,ERR1074794
46904.0,482,genus,0.00567183,Neisseria,ERR1074794
46904.0,570,genus,0.00567183,Klebsiella,ERR1074794
46904.0,59740,genus,0.00567183,Persicobacter,ERR1074794
46904.0,114627,genus,0.00567183,Alkaliphilus,ERR1074794
46904.0,399320,genus,0.00567183,Sphaerochaeta,ERR1074794
46904.0,32012,genus,0.00567183,Thiomonas,ERR1074794
46904.0,583,genus,0.00567183,Proteus,ERR1074794
46904.0,2316,genus,0.00567183,Methanosphaera,ERR1074794
46904.0,196081,genus,0.00567183,Scardovia,ERR1074794
46904.0,1505652,genus,0.00567183,Terrisporobacter,ERR1074794
46904.0,2086,genus,0.00567183,Anaeroplasma,ERR1074794
46904.0,161492,genus,0.00567183,Anaeromyxobacter,ERR1074794
46904.0,79206,genus,0.00567183,Desulfosporosinus,ERR1074794
46904.0,262406,genus,0.00567183,Thermobaculum,ERR1074794
46904.0,146813,genus,0.00567183,Dendrosporobacter,ERR1074794
46904.0,1386,genus,0.00567183,Bacillus,ERR1074794
46904.0,1082702,genus,0.00567183,Lonsdalea,ERR1074794
46904.0,270497,genus,0.00567183,Catabacter,ERR1074794
46904.0,1279388,genus,0.00567183,Kandleria,ERR1074794
46904.0,898,genus,0.00567183,Desulfomicrobium,ERR1074794
,-1,genus,48.1935,Unknown,ERR1074794
38175.0,283,genus,10.8507,Comamonas,ERR1089686
38175.0,816,genus,4.08501,Bacteroides,ERR1089686
38175.0,838,genus,1.26701,Prevotella,ERR1089686
38175.0,572511,genus,1.18899,Blautia,ERR1089686
38175.0,216851,genus,1.01735,Faecalibacterium,ERR1089686
38175.0,1578,genus,0.296467,Lactobacillus,ERR1089686
38175.0,459786,genus,0.17788,Oscillibacter,ERR1089686
38175.0,239759,genus,0.146673,Alistipes,ERR1089686
38175.0,1678,genus,0.137311,Bifidobacterium,ERR1089686
38175.0,577309,genus,0.102983,Paraprevotella,ERR1089686
38175.0,207244,genus,0.102983,Anaerostipes,ERR1089686
38175.0,375288,genus,0.0624142,Parabacteroides,ERR1089686
38175.0,286,genus,0.0592935,Pseudomonas,ERR1089686
38175.0,1505663,genus,0.0592935,Erysipelatoclostridium,ERR1089686
38175.0,872,genus,0.0592935,Desulfovibrio,ERR1089686
38175.0,44249,genus,0.0499313,Paenibacillus,ERR1089686
38175.0,561,genus,0.0468106,Escherichia,ERR1089686
38175.0,239934,genus,0.0405692,Akkermansia,ERR1089686
38175.0,111142,genus,0.0405692,Alishewanella,ERR1089686
38175.0,1301,genus,0.0405692,Streptococcus,ERR1089686
38175.0,898,genus,0.0374485,Desulfomicrobium,ERR1089686
38175.0,1506553,genus,0.0343278,Lachnoclostridium,ERR1089686
38175.0,189330,genus,0.0312071,Dorea,ERR1089686
38175.0,1485,genus,0.0312071,Clostridium,ERR1089686
38175.0,33042,genus,0.0280864,Coprococcus,ERR1089686
38175.0,93217,genus,0.0249657,Pandoraea,ERR1089686
38175.0,1730,genus,0.021845,Eubacterium,ERR1089686
38175.0,1508657,genus,0.021845,Ruminiclostridium,ERR1089686
38175.0,13687,genus,0.021845,Sphingomonas,ERR1089686
38175.0,1263,genus,0.0156035,Ruminococcus,ERR1089686
38175.0,590,genus,0.0156035,Salmonella,ERR1089686
38175.0,2299,genus,0.0156035,Desulfosarcina,ERR1089686
38175.0,131079,genus,0.0156035,Limnobacter,ERR1089686
38175.0,1827,genus,0.0124828,Rhodococcus,ERR1089686
38175.0,581,genus,0.0124828,Morganella,ERR1089686
38175.0,162289,genus,0.0124828,Peptoniphilus,ERR1089686
38175.0,1386,genus,0.0124828,Bacillus,ERR1089686
38175.0,180541,genus,0.00936213,Salinisphaera,ERR1089686
38175.0,445,genus,0.00936213,Legionella,ERR1089686
38175.0,626,genus,0.00936213,Xenorhabdus,ERR1089686
38175.0,469,genus,0.00936213,Acinetobacter,ERR1089686
38175.0,642,genus,0.00936213,Aeromonas,ERR1089686
38175.0,39948,genus,0.00936213,Dialister,ERR1089686
38175.0,146936,genus,0.00936213,Azonexus,ERR1089686
38175.0,586,genus,0.00624142,Providencia,ERR1089686
38175.0,724,genus,0.00624142,Haemophilus,ERR1089686
38175.0,61434,genus,0.00624142,Dehalococcoides,ERR1089686
38175.0,1357,genus,0.00624142,Lactococcus,ERR1089686
38175.0,244127,genus,0.00624142,Anaerotruncus,ERR1089686
38175.0,620,genus,0.00624142,Shigella,ERR1089686
38175.0,29465,genus,0.00624142,Veillonella,ERR1089686
38175.0,44748,genus,0.00624142,Sporobacter,ERR1089686
38175.0,1645,genus,0.00624142,Renibacterium,ERR1089686
38175.0,283168,genus,0.00624142,Odoribacter,ERR1089686
38175.0,58050,genus,0.00624142,Moritella,ERR1089686
38175.0,649460,genus,0.00624142,Filimonas,ERR1089686
38175.0,702,genus,0.00624142,Plesiomonas,ERR1089686
38175.0,904,genus,0.00624142,Acidaminococcus,ERR1089686
38175.0,2717,genus,0.00624142,Cardiobacterium,ERR1089686
38175.0,47420,genus,0.00624142,Hydrogenophaga,ERR1089686
38175.0,583,genus,0.00624142,Proteus,ERR1089686
38175.0,1134403,genus,0.00312071,Melioribacter,ERR1089686
38175.0,314318,genus,0.00312071,Prolixibacter,ERR1089686
38175.0,203697,genus,0.00312071,Derxia,ERR1089686
38175.0,1549126,genus,0.00312071,Desulfatiglans,ERR1089686
38175.0,1565532,genus,0.00312071,Rouxiella,ERR1089686
38175.0,84108,genus,0.00312071,Slackia,ERR1089686
38175.0,507,genus,0.00312071,Alcaligenes,ERR1089686
38175.0,35832,genus,0.00312071,Bilophila,ERR1089686
38175.0,40323,genus,0.00312071,Stenotrophomonas,ERR1089686
38175.0,1716,genus,0.00312071,Corynebacterium,ERR1089686
38175.0,45654,genus,0.00312071,Desulfonema,ERR1089686
38175.0,32008,genus,0.00312071,Burkholderia,ERR1089686
38175.0,404,genus,0.00312071,Methylobacillus,ERR1089686
38175.0,79328,genus,0.00312071,Chitinophaga,ERR1089686
38175.0,262406,genus,0.00312071,Thermobaculum,ERR1089686
38175.0,118966,genus,0.00312071,Anaerorhabdus,ERR1089686
38175.0,28067,genus,0.00312071,Rubrivivax,ERR1089686
38175.0,160795,genus,0.00312071,Ureibacillus,ERR1089686
38175.0,841,genus,0.00312071,Roseburia,ERR1089686
38175.0,2747,genus,0.00312071,Carnobacterium,ERR1089686
38175.0,226,genus,0.00312071,Alteromonas,ERR1089686
38175.0,35798,genus,0.00312071,Nitrosospira,ERR1089686
38175.0,413496,genus,0.00312071,Cronobacter,ERR1089686
38175.0,1030,genus,0.00312071,Thiothrix,ERR1089686
38175.0,28231,genus,0.00312071,Geobacter,ERR1089686
38175.0,40544,genus,0.00312071,Sutterella,ERR1089686
38175.0,32205,genus,0.00312071,Leptonema,ERR1089686
38175.0,86795,genus,0.00312071,Marmoricola,ERR1089686
38175.0,100175,genus,0.00312071,Papillibacter,ERR1089686
38175.0,1471399,genus,0.00312071,Draconibacterium,ERR1089686
38175.0,836,genus,0.00312071,Porphyromonas,ERR1089686
38175.0,2132,genus,0.00312071,Spiroplasma,ERR1089686
38175.0,29526,genus,0.00312071,Syntrophobacter,ERR1089686
38175.0,1257,genus,0.00312071,Peptostreptococcus,ERR1089686
38175.0,429,genus,0.00312071,Methylobacter,ERR1089686
38175.0,106633,genus,0.00312071,Thioalkalivibrio,ERR1089686
38175.0,397864,genus,0.00312071,Barnesiella,ERR1089686
38175.0,34072,genus,0.00312071,Variovorax,ERR1089686
38175.0,1350,genus,0.00312071,Enterococcus,ERR1089686
38175.0,914,genus,0.00312071,Nitrosomonas,ERR1089686
38175.0,830,genus,0.00312071,Butyrivibrio,ERR1089686
38175.0,305899,genus,0.00312071,Endozoicomonas,ERR1089686
38175.0,84111,genus,0.00312071,Eggerthella,ERR1089686
38175.0,34037,genus,0.00312071,Rahnella,ERR1089686
38175.0,1652133,genus,0.00312071,Halobacteriovorax,ERR1089686
38175.0,1279,genus,0.00312071,Staphylococcus,ERR1089686
38175.0,222,genus,0.00312071,Achromobacter,ERR1089686
,-1,genus,79.1661,Unknown,ERR1089686
38175.0,283,genus,10.8507,Comamonas,ERR1089686
38175.0,816,genus,4.08501,Bacteroides,ERR1089686
38175.0,838,genus,1.26701,Prevotella,ERR1089686
38175.0,572511,genus,1.18899,Blautia,ERR1089686
38175.0,216851,genus,1.01735,Faecalibacterium,ERR1089686
38175.0,1578,genus,0.296467,Lactobacillus,ERR1089686
38175.0,459786,genus,0.17788,Oscillibacter,ERR1089686
38175.0,239759,genus,0.146673,Alistipes,ERR1089686
38175.0,1678,genus,0.137311,Bifidobacterium,ERR1089686
38175.0,207244,genus,0.102983,Anaerostipes,ERR1089686
38175.0,577309,genus,0.102983,Paraprevotella,ERR1089686
38175.0,375288,genus,0.0624142,Parabacteroides,ERR1089686
38175.0,872,genus,0.0592935,Desulfovibrio,ERR1089686
38175.0,286,genus,0.0592935,Pseudomonas,ERR1089686
38175.0,1505663,genus,0.0592935,Erysipelatoclostridium,ERR1089686
38175.0,44249,genus,0.0499313,Paenibacillus,ERR1089686
38175.0,561,genus,0.0468106,Escherichia,ERR1089686
38175.0,239934,genus,0.0405692,Akkermansia,ERR1089686
38175.0,111142,genus,0.0405692,Alishewanella,ERR1089686
38175.0,1301,genus,0.0405692,Streptococcus,ERR1089686
38175.0,898,genus,0.0374485,Desulfomicrobium,ERR1089686
38175.0,1506553,genus,0.0343278,Lachnoclostridium,ERR1089686
38175.0,189330,genus,0.0312071,Dorea,ERR1089686
38175.0,1485,genus,0.0312071,Clostridium,ERR1089686
38175.0,33042,genus,0.0280864,Coprococcus,ERR1089686
38175.0,93217,genus,0.0249657,Pandoraea,ERR1089686
38175.0,1730,genus,0.021845,Eubacterium,ERR1089686
38175.0,1508657,genus,0.021845,Ruminiclostridium,ERR1089686
38175.0,13687,genus,0.021845,Sphingomonas,ERR1089686
38175.0,1263,genus,0.0156035,Ruminococcus,ERR1089686
38175.0,590,genus,0.0156035,Salmonella,ERR1089686
38175.0,2299,genus,0.0156035,Desulfosarcina,ERR1089686
38175.0,131079,genus,0.0156035,Limnobacter,ERR1089686
38175.0,1827,genus,0.0124828,Rhodococcus,ERR1089686
38175.0,581,genus,0.0124828,Morganella,ERR1089686
38175.0,162289,genus,0.0124828,Peptoniphilus,ERR1089686
38175.0,1386,genus,0.0124828,Bacillus,ERR1089686
38175.0,146936,genus,0.00936213,Azonexus,ERR1089686
38175.0,180541,genus,0.00936213,Salinisphaera,ERR1089686
38175.0,445,genus,0.00936213,Legionella,ERR1089686
38175.0,626,genus,0.00936213,Xenorhabdus,ERR1089686
38175.0,469,genus,0.00936213,Acinetobacter,ERR1089686
38175.0,642,genus,0.00936213,Aeromonas,ERR1089686
38175.0,39948,genus,0.00936213,Dialister,ERR1089686
38175.0,583,genus,0.00624142,Proteus,ERR1089686
38175.0,586,genus,0.00624142,Providencia,ERR1089686
38175.0,724,genus,0.00624142,Haemophilus,ERR1089686
38175.0,61434,genus,0.00624142,Dehalococcoides,ERR1089686
38175.0,1357,genus,0.00624142,Lactococcus,ERR1089686
38175.0,244127,genus,0.00624142,Anaerotruncus,ERR1089686
38175.0,620,genus,0.00624142,Shigella,ERR1089686
38175.0,29465,genus,0.00624142,Veillonella,ERR1089686
38175.0,44748,genus,0.00624142,Sporobacter,ERR1089686
38175.0,1645,genus,0.00624142,Renibacterium,ERR1089686
38175.0,283168,genus,0.00624142,Odoribacter,ERR1089686
38175.0,58050,genus,0.00624142,Moritella,ERR1089686
38175.0,649460,genus,0.00624142,Filimonas,ERR1089686
38175.0,702,genus,0.00624142,Plesiomonas,ERR1089686
38175.0,904,genus,0.00624142,Acidaminococcus,ERR1089686
38175.0,2717,genus,0.00624142,Cardiobacterium,ERR1089686
38175.0,47420,genus,0.00624142,Hydrogenophaga,ERR1089686
38175.0,1279,genus,0.00312071,Staphylococcus,ERR1089686
38175.0,222,genus,0.00312071,Achromobacter,ERR1089686
38175.0,1134403,genus,0.00312071,Melioribacter,ERR1089686
38175.0,314318,genus,0.00312071,Prolixibacter,ERR1089686
38175.0,203697,genus,0.00312071,Derxia,ERR1089686
38175.0,1549126,genus,0.00312071,Desulfatiglans,ERR1089686
38175.0,1565532,genus,0.00312071,Rouxiella,ERR1089686
38175.0,84108,genus,0.00312071,Slackia,ERR1089686
38175.0,507,genus,0.00312071,Alcaligenes,ERR1089686
38175.0,35832,genus,0.00312071,Bilophila,ERR1089686
38175.0,40323,genus,0.00312071,Stenotrophomonas,ERR1089686
38175.0,1716,genus,0.00312071,Corynebacterium,ERR1089686
38175.0,45654,genus,0.00312071,Desulfonema,ERR1089686
38175.0,32008,genus,0.00312071,Burkholderia,ERR1089686
38175.0,404,genus,0.00312071,Methylobacillus,ERR1089686
38175.0,79328,genus,0.00312071,Chitinophaga,ERR1089686
38175.0,262406,genus,0.00312071,Thermobaculum,ERR1089686
38175.0,118966,genus,0.00312071,Anaerorhabdus,ERR1089686
38175.0,28067,genus,0.00312071,Rubrivivax,ERR1089686
38175.0,160795,genus,0.00312071,Ureibacillus,ERR1089686
38175.0,841,genus,0.00312071,Roseburia,ERR1089686
38175.0,2747,genus,0.00312071,Carnobacterium,ERR1089686
38175.0,226,genus,0.00312071,Alteromonas,ERR1089686
38175.0,35798,genus,0.00312071,Nitrosospira,ERR1089686
38175.0,413496,genus,0.00312071,Cronobacter,ERR1089686
38175.0,1030,genus,0.00312071,Thiothrix,ERR1089686
38175.0,28231,genus,0.00312071,Geobacter,ERR1089686
38175.0,40544,genus,0.00312071,Sutterella,ERR1089686
38175.0,32205,genus,0.00312071,Leptonema,ERR1089686
38175.0,86795,genus,0.00312071,Marmoricola,ERR1089686
38175.0,100175,genus,0.00312071,Papillibacter,ERR1089686
38175.0,1471399,genus,0.00312071,Draconibacterium,ERR1089686
38175.0,836,genus,0.00312071,Porphyromonas,ERR1089686
38175.0,2132,genus,0.00312071,Spiroplasma,ERR1089686
38175.0,29526,genus,0.00312071,Syntrophobacter,ERR1089686
38175.0,1257,genus,0.00312071,Peptostreptococcus,ERR1089686
38175.0,429,genus,0.00312071,Methylobacter,ERR1089686
38175.0,106633,genus,0.00312071,Thioalkalivibrio,ERR1089686
38175.0,397864,genus,0.00312071,Barnesiella,ERR1089686
38175.0,34072,genus,0.00312071,Variovorax,ERR1089686
38175.0,1350,genus,0.00312071,Enterococcus,ERR1089686
38175.0,914,genus,0.00312071,Nitrosomonas,ERR1089686
38175.0,830,genus,0.00312071,Butyrivibrio,ERR1089686
38175.0,305899,genus,0.00312071,Endozoicomonas,ERR1089686
38175.0,84111,genus,0.00312071,Eggerthella,ERR1089686
38175.0,34037,genus,0.00312071,Rahnella,ERR1089686
38175.0,1652133,genus,0.00312071,Halobacteriovorax,ERR1089686
,-1,genus,79.1661,Unknown,ERR1089686
38175.0,283,genus,10.8507,Comamonas,ERR1089686
38175.0,816,genus,4.08501,Bacteroides,ERR1089686
38175.0,838,genus,1.26701,Prevotella,ERR1089686
38175.0,572511,genus,1.18899,Blautia,ERR1089686
38175.0,216851,genus,1.01735,Faecalibacterium,ERR1089686
38175.0,1578,genus,0.296467,Lactobacillus,ERR1089686
38175.0,459786,genus,0.17788,Oscillibacter,ERR1089686
38175.0,239759,genus,0.146673,Alistipes,ERR1089686
38175.0,1678,genus,0.137311,Bifidobacterium,ERR1089686
38175.0,207244,genus,0.102983,Anaerostipes,ERR1089686
38175.0,577309,genus,0.102983,Paraprevotella,ERR1089686
38175.0,375288,genus,0.0624142,Parabacteroides,ERR1089686
38175.0,1505663,genus,0.0592935,Erysipelatoclostridium,ERR1089686
38175.0,872,genus,0.0592935,Desulfovibrio,ERR1089686
38175.0,286,genus,0.0592935,Pseudomonas,ERR1089686
38175.0,44249,genus,0.0499313,Paenibacillus,ERR1089686
38175.0,561,genus,0.0468106,Escherichia,ERR1089686
38175.0,239934,genus,0.0405692,Akkermansia,ERR1089686
38175.0,111142,genus,0.0405692,Alishewanella,ERR1089686
38175.0,1301,genus,0.0405692,Streptococcus,ERR1089686
38175.0,898,genus,0.0374485,Desulfomicrobium,ERR1089686
38175.0,1506553,genus,0.0343278,Lachnoclostridium,ERR1089686
38175.0,189330,genus,0.0312071,Dorea,ERR1089686
38175.0,1485,genus,0.0312071,Clostridium,ERR1089686
38175.0,33042,genus,0.0280864,Coprococcus,ERR1089686
38175.0,93217,genus,0.0249657,Pandoraea,ERR1089686
38175.0,1508657,genus,0.021845,Ruminiclostridium,ERR1089686
38175.0,1730,genus,0.021845,Eubacterium,ERR1089686
38175.0,13687,genus,0.021845,Sphingomonas,ERR1089686
38175.0,2299,genus,0.0156035,Desulfosarcina,ERR1089686
38175.0,131079,genus,0.0156035,Limnobacter,ERR1089686
38175.0,1263,genus,0.0156035,Ruminococcus,ERR1089686
38175.0,590,genus,0.0156035,Salmonella,ERR1089686
38175.0,162289,genus,0.0124828,Peptoniphilus,ERR1089686
38175.0,1386,genus,0.0124828,Bacillus,ERR1089686
38175.0,1827,genus,0.0124828,Rhodococcus,ERR1089686
38175.0,581,genus,0.0124828,Morganella,ERR1089686
38175.0,626,genus,0.00936213,Xenorhabdus,ERR1089686
38175.0,469,genus,0.00936213,Acinetobacter,ERR1089686
38175.0,642,genus,0.00936213,Aeromonas,ERR1089686
38175.0,39948,genus,0.00936213,Dialister,ERR1089686
38175.0,146936,genus,0.00936213,Azonexus,ERR1089686
38175.0,180541,genus,0.00936213,Salinisphaera,ERR1089686
38175.0,445,genus,0.00936213,Legionella,ERR1089686
38175.0,1645,genus,0.00624142,Renibacterium,ERR1089686
38175.0,283168,genus,0.00624142,Odoribacter,ERR1089686
38175.0,58050,genus,0.00624142,Moritella,ERR1089686
38175.0,702,genus,0.00624142,Plesiomonas,ERR1089686
38175.0,649460,genus,0.00624142,Filimonas,ERR1089686
38175.0,47420,genus,0.00624142,Hydrogenophaga,ERR1089686
38175.0,904,genus,0.00624142,Acidaminococcus,ERR1089686
38175.0,2717,genus,0.00624142,Cardiobacterium,ERR1089686
38175.0,583,genus,0.00624142,Proteus,ERR1089686
38175.0,724,genus,0.00624142,Haemophilus,ERR1089686
38175.0,61434,genus,0.00624142,Dehalococcoides,ERR1089686
38175.0,586,genus,0.00624142,Providencia,ERR1089686
38175.0,620,genus,0.00624142,Shigella,ERR1089686
38175.0,1357,genus,0.00624142,Lactococcus,ERR1089686
38175.0,244127,genus,0.00624142,Anaerotruncus,ERR1089686
38175.0,44748,genus,0.00624142,Sporobacter,ERR1089686
38175.0,29465,genus,0.00624142,Veillonella,ERR1089686
38175.0,118966,genus,0.00312071,Anaerorhabdus,ERR1089686
38175.0,28067,genus,0.00312071,Rubrivivax,ERR1089686
38175.0,262406,genus,0.00312071,Thermobaculum,ERR1089686
38175.0,2747,genus,0.00312071,Carnobacterium,ERR1089686
38175.0,226,genus,0.00312071,Alteromonas,ERR1089686
38175.0,160795,genus,0.00312071,Ureibacillus,ERR1089686
38175.0,841,genus,0.00312071,Roseburia,ERR1089686
38175.0,28231,genus,0.00312071,Geobacter,ERR1089686
38175.0,35798,genus,0.00312071,Nitrosospira,ERR1089686
38175.0,413496,genus,0.00312071,Cronobacter,ERR1089686
38175.0,1030,genus,0.00312071,Thiothrix,ERR1089686
38175.0,86795,genus,0.00312071,Marmoricola,ERR1089686
38175.0,40544,genus,0.00312071,Sutterella,ERR1089686
38175.0,32205,genus,0.00312071,Leptonema,ERR1089686
38175.0,100175,genus,0.00312071,Papillibacter,ERR1089686
38175.0,1471399,genus,0.00312071,Draconibacterium,ERR1089686
38175.0,836,genus,0.00312071,Porphyromonas,ERR1089686
38175.0,2132,genus,0.00312071,Spiroplasma,ERR1089686
38175.0,29526,genus,0.00312071,Syntrophobacter,ERR1089686
38175.0,1257,genus,0.00312071,Peptostreptococcus,ERR1089686
38175.0,1350,genus,0.00312071,Enterococcus,ERR1089686
38175.0,429,genus,0.00312071,Methylobacter,ERR1089686
38175.0,106633,genus,0.00312071,Thioalkalivibrio,ERR1089686
38175.0,397864,genus,0.00312071,Barnesiella,ERR1089686
38175.0,34072,genus,0.00312071,Variovorax,ERR1089686
38175.0,914,genus,0.00312071,Nitrosomonas,ERR1089686
38175.0,34037,genus,0.00312071,Rahnella,ERR1089686
38175.0,1652133,genus,0.00312071,Halobacteriovorax,ERR1089686
38175.0,830,genus,0.00312071,Butyrivibrio,ERR1089686
38175.0,305899,genus,0.00312071,Endozoicomonas,ERR1089686
38175.0,84111,genus,0.00312071,Eggerthella,ERR1089686
38175.0,1279,genus,0.00312071,Staphylococcus,ERR1089686
38175.0,222,genus,0.00312071,Achromobacter,ERR1089686
38175.0,314318,genus,0.00312071,Prolixibacter,ERR1089686
38175.0,1134403,genus,0.00312071,Melioribacter,ERR1089686
38175.0,203697,genus,0.00312071,Derxia,ERR1089686
38175.0,507,genus,0.00312071,Alcaligenes,ERR1089686
38175.0,35832,genus,0.00312071,Bilophila,ERR1089686
38175.0,1549126,genus,0.00312071,Desulfatiglans,ERR1089686
38175.0,1565532,genus,0.00312071,Rouxiella,ERR1089686
38175.0,84108,genus,0.00312071,Slackia,ERR1089686
38175.0,1716,genus,0.00312071,Corynebacterium,ERR1089686
38175.0,45654,genus,0.00312071,Desulfonema,ERR1089686
38175.0,40323,genus,0.00312071,Stenotrophomonas,ERR1089686
38175.0,32008,genus,0.00312071,Burkholderia,ERR1089686
38175.0,404,genus,0.00312071,Methylobacillus,ERR1089686
38175.0,79328,genus,0.00312071,Chitinophaga,ERR1089686
,-1,genus,79.1661,Unknown,ERR1089686
38175.0,283,genus,10.8507,Comamonas,ERR1089686
38175.0,816,genus,4.08501,Bacteroides,ERR1089686
38175.0,838,genus,1.26701,Prevotella,ERR1089686
38175.0,572511,genus,1.18899,Blautia,ERR1089686
38175.0,216851,genus,1.01735,Faecalibacterium,ERR1089686
38175.0,1578,genus,0.296467,Lactobacillus,ERR1089686
38175.0,459786,genus,0.17788,Oscillibacter,ERR1089686
38175.0,239759,genus,0.146673,Alistipes,ERR1089686
38175.0,1678,genus,0.137311,Bifidobacterium,ERR1089686
38175.0,207244,genus,0.102983,Anaerostipes,ERR1089686
38175.0,577309,genus,0.102983,Paraprevotella,ERR1089686
38175.0,375288,genus,0.0624142,Parabacteroides,ERR1089686
38175.0,872,genus,0.0592935,Desulfovibrio,ERR1089686
38175.0,286,genus,0.0592935,Pseudomonas,ERR1089686
38175.0,1505663,genus,0.0592935,Erysipelatoclostridium,ERR1089686
38175.0,44249,genus,0.0499313,Paenibacillus,ERR1089686
38175.0,561,genus,0.0468106,Escherichia,ERR1089686
38175.0,111142,genus,0.0405692,Alishewanella,ERR1089686
38175.0,1301,genus,0.0405692,Streptococcus,ERR1089686
38175.0,239934,genus,0.0405692,Akkermansia,ERR1089686
38175.0,898,genus,0.0374485,Desulfomicrobium,ERR1089686
38175.0,1506553,genus,0.0343278,Lachnoclostridium,ERR1089686
38175.0,189330,genus,0.0312071,Dorea,ERR1089686
38175.0,1485,genus,0.0312071,Clostridium,ERR1089686
38175.0,33042,genus,0.0280864,Coprococcus,ERR1089686
38175.0,93217,genus,0.0249657,Pandoraea,ERR1089686
38175.0,13687,genus,0.021845,Sphingomonas,ERR1089686
38175.0,1730,genus,0.021845,Eubacterium,ERR1089686
38175.0,1508657,genus,0.021845,Ruminiclostridium,ERR1089686
38175.0,131079,genus,0.0156035,Limnobacter,ERR1089686
38175.0,1263,genus,0.0156035,Ruminococcus,ERR1089686
38175.0,590,genus,0.0156035,Salmonella,ERR1089686
38175.0,2299,genus,0.0156035,Desulfosarcina,ERR1089686
38175.0,1827,genus,0.0124828,Rhodococcus,ERR1089686
38175.0,581,genus,0.0124828,Morganella,ERR1089686
38175.0,162289,genus,0.0124828,Peptoniphilus,ERR1089686
38175.0,1386,genus,0.0124828,Bacillus,ERR1089686
38175.0,146936,genus,0.00936213,Azonexus,ERR1089686
38175.0,180541,genus,0.00936213,Salinisphaera,ERR1089686
38175.0,445,genus,0.00936213,Legionella,ERR1089686
38175.0,626,genus,0.00936213,Xenorhabdus,ERR1089686
38175.0,469,genus,0.00936213,Acinetobacter,ERR1089686
38175.0,642,genus,0.00936213,Aeromonas,ERR1089686
38175.0,39948,genus,0.00936213,Dialister,ERR1089686
38175.0,904,genus,0.00624142,Acidaminococcus,ERR1089686
38175.0,2717,genus,0.00624142,Cardiobacterium,ERR1089686
38175.0,47420,genus,0.00624142,Hydrogenophaga,ERR1089686
38175.0,583,genus,0.00624142,Proteus,ERR1089686
38175.0,586,genus,0.00624142,Providencia,ERR1089686
38175.0,724,genus,0.00624142,Haemophilus,ERR1089686
38175.0,61434,genus,0.00624142,Dehalococcoides,ERR1089686
38175.0,1357,genus,0.00624142,Lactococcus,ERR1089686
38175.0,244127,genus,0.00624142,Anaerotruncus,ERR1089686
38175.0,620,genus,0.00624142,Shigella,ERR1089686
38175.0,29465,genus,0.00624142,Veillonella,ERR1089686
38175.0,44748,genus,0.00624142,Sporobacter,ERR1089686
38175.0,1645,genus,0.00624142,Renibacterium,ERR1089686
38175.0,283168,genus,0.00624142,Odoribacter,ERR1089686
38175.0,58050,genus,0.00624142,Moritella,ERR1089686
38175.0,649460,genus,0.00624142,Filimonas,ERR1089686
38175.0,702,genus,0.00624142,Plesiomonas,ERR1089686
38175.0,429,genus,0.00312071,Methylobacter,ERR1089686
38175.0,106633,genus,0.00312071,Thioalkalivibrio,ERR1089686
38175.0,397864,genus,0.00312071,Barnesiella,ERR1089686
38175.0,34072,genus,0.00312071,Variovorax,ERR1089686
38175.0,1350,genus,0.00312071,Enterococcus,ERR1089686
38175.0,914,genus,0.00312071,Nitrosomonas,ERR1089686
38175.0,830,genus,0.00312071,Butyrivibrio,ERR1089686
38175.0,305899,genus,0.00312071,Endozoicomonas,ERR1089686
38175.0,84111,genus,0.00312071,Eggerthella,ERR1089686
38175.0,34037,genus,0.00312071,Rahnella,ERR1089686
38175.0,1652133,genus,0.00312071,Halobacteriovorax,ERR1089686
38175.0,1279,genus,0.00312071,Staphylococcus,ERR1089686
38175.0,222,genus,0.00312071,Achromobacter,ERR1089686
38175.0,1134403,genus,0.00312071,Melioribacter,ERR1089686
38175.0,314318,genus,0.00312071,Prolixibacter,ERR1089686
38175.0,203697,genus,0.00312071,Derxia,ERR1089686
38175.0,1549126,genus,0.00312071,Desulfatiglans,ERR1089686
38175.0,1565532,genus,0.00312071,Rouxiella,ERR1089686
38175.0,84108,genus,0.00312071,Slackia,ERR1089686
38175.0,507,genus,0.00312071,Alcaligenes,ERR1089686
38175.0,35832,genus,0.00312071,Bilophila,ERR1089686
38175.0,40323,genus,0.00312071,Stenotrophomonas,ERR1089686
38175.0,1716,genus,0.00312071,Corynebacterium,ERR1089686
38175.0,45654,genus,0.00312071,Desulfonema,ERR1089686
38175.0,32008,genus,0.00312071,Burkholderia,ERR1089686
38175.0,404,genus,0.00312071,Methylobacillus,ERR1089686
38175.0,79328,genus,0.00312071,Chitinophaga,ERR1089686
38175.0,262406,genus,0.00312071,Thermobaculum,ERR1089686
38175.0,118966,genus,0.00312071,Anaerorhabdus,ERR1089686
38175.0,28067,genus,0.00312071,Rubrivivax,ERR1089686
38175.0,160795,genus,0.00312071,Ureibacillus,ERR1089686
38175.0,841,genus,0.00312071,Roseburia,ERR1089686
38175.0,2747,genus,0.00312071,Carnobacterium,ERR1089686
38175.0,226,genus,0.00312071,Alteromonas,ERR1089686
38175.0,35798,genus,0.00312071,Nitrosospira,ERR1089686
38175.0,413496,genus,0.00312071,Cronobacter,ERR1089686
38175.0,1030,genus,0.00312071,Thiothrix,ERR1089686
38175.0,28231,genus,0.00312071,Geobacter,ERR1089686
38175.0,40544,genus,0.00312071,Sutterella,ERR1089686
38175.0,32205,genus,0.00312071,Leptonema,ERR1089686
38175.0,86795,genus,0.00312071,Marmoricola,ERR1089686
38175.0,100175,genus,0.00312071,Papillibacter,ERR1089686
38175.0,1471399,genus,0.00312071,Draconibacterium,ERR1089686
38175.0,836,genus,0.00312071,Porphyromonas,ERR1089686
38175.0,2132,genus,0.00312071,Spiroplasma,ERR1089686
38175.0,29526,genus,0.00312071,Syntrophobacter,ERR1089686
38175.0,1257,genus,0.00312071,Peptostreptococcus,ERR1089686
,-1,genus,79.1661,Unknown,ERR1089686
38175.0,283,genus,10.8507,Comamonas,ERR1089686
38175.0,816,genus,4.08501,Bacteroides,ERR1089686
38175.0,838,genus,1.26701,Prevotella,ERR1089686
38175.0,572511,genus,1.18899,Blautia,ERR1089686
38175.0,216851,genus,1.01735,Faecalibacterium,ERR1089686
38175.0,1578,genus,0.296467,Lactobacillus,ERR1089686
38175.0,459786,genus,0.17788,Oscillibacter,ERR1089686
38175.0,239759,genus,0.146673,Alistipes,ERR1089686
38175.0,1678,genus,0.137311,Bifidobacterium,ERR1089686
38175.0,207244,genus,0.102983,Anaerostipes,ERR1089686
38175.0,577309,genus,0.102983,Paraprevotella,ERR1089686
38175.0,375288,genus,0.0624142,Parabacteroides,ERR1089686
38175.0,872,genus,0.0592935,Desulfovibrio,ERR1089686
38175.0,286,genus,0.0592935,Pseudomonas,ERR1089686
38175.0,1505663,genus,0.0592935,Erysipelatoclostridium,ERR1089686
38175.0,44249,genus,0.0499313,Paenibacillus,ERR1089686
38175.0,561,genus,0.0468106,Escherichia,ERR1089686
38175.0,239934,genus,0.0405692,Akkermansia,ERR1089686
38175.0,111142,genus,0.0405692,Alishewanella,ERR1089686
38175.0,1301,genus,0.0405692,Streptococcus,ERR1089686
38175.0,898,genus,0.0374485,Desulfomicrobium,ERR1089686
38175.0,1506553,genus,0.0343278,Lachnoclostridium,ERR1089686
38175.0,189330,genus,0.0312071,Dorea,ERR1089686
38175.0,1485,genus,0.0312071,Clostridium,ERR1089686
38175.0,33042,genus,0.0280864,Coprococcus,ERR1089686
38175.0,93217,genus,0.0249657,Pandoraea,ERR1089686
38175.0,1730,genus,0.021845,Eubacterium,ERR1089686
38175.0,1508657,genus,0.021845,Ruminiclostridium,ERR1089686
38175.0,13687,genus,0.021845,Sphingomonas,ERR1089686
38175.0,1263,genus,0.0156035,Ruminococcus,ERR1089686
38175.0,590,genus,0.0156035,Salmonella,ERR1089686
38175.0,2299,genus,0.0156035,Desulfosarcina,ERR1089686
38175.0,131079,genus,0.0156035,Limnobacter,ERR1089686
38175.0,1827,genus,0.0124828,Rhodococcus,ERR1089686
38175.0,581,genus,0.0124828,Morganella,ERR1089686
38175.0,162289,genus,0.0124828,Peptoniphilus,ERR1089686
38175.0,1386,genus,0.0124828,Bacillus,ERR1089686
38175.0,146936,genus,0.00936213,Azonexus,ERR1089686
38175.0,180541,genus,0.00936213,Salinisphaera,ERR1089686
38175.0,445,genus,0.00936213,Legionella,ERR1089686
38175.0,626,genus,0.00936213,Xenorhabdus,ERR1089686
38175.0,469,genus,0.00936213,Acinetobacter,ERR1089686
38175.0,642,genus,0.00936213,Aeromonas,ERR1089686
38175.0,39948,genus,0.00936213,Dialister,ERR1089686
38175.0,583,genus,0.00624142,Proteus,ERR1089686
38175.0,586,genus,0.00624142,Providencia,ERR1089686
38175.0,724,genus,0.00624142,Haemophilus,ERR1089686
38175.0,61434,genus,0.00624142,Dehalococcoides,ERR1089686
38175.0,1357,genus,0.00624142,Lactococcus,ERR1089686
38175.0,244127,genus,0.00624142,Anaerotruncus,ERR1089686
38175.0,620,genus,0.00624142,Shigella,ERR1089686
38175.0,29465,genus,0.00624142,Veillonella,ERR1089686
38175.0,44748,genus,0.00624142,Sporobacter,ERR1089686
38175.0,1645,genus,0.00624142,Renibacterium,ERR1089686
38175.0,283168,genus,0.00624142,Odoribacter,ERR1089686
38175.0,58050,genus,0.00624142,Moritella,ERR1089686
38175.0,649460,genus,0.00624142,Filimonas,ERR1089686
38175.0,702,genus,0.00624142,Plesiomonas,ERR1089686
38175.0,904,genus,0.00624142,Acidaminococcus,ERR1089686
38175.0,2717,genus,0.00624142,Cardiobacterium,ERR1089686
38175.0,47420,genus,0.00624142,Hydrogenophaga,ERR1089686
38175.0,830,genus,0.00312071,Butyrivibrio,ERR1089686
38175.0,305899,genus,0.00312071,Endozoicomonas,ERR1089686
38175.0,84111,genus,0.00312071,Eggerthella,ERR1089686
38175.0,34037,genus,0.00312071,Rahnella,ERR1089686
38175.0,1652133,genus,0.00312071,Halobacteriovorax,ERR1089686
38175.0,1279,genus,0.00312071,Staphylococcus,ERR1089686
38175.0,222,genus,0.00312071,Achromobacter,ERR1089686
38175.0,1134403,genus,0.00312071,Melioribacter,ERR1089686
38175.0,314318,genus,0.00312071,Prolixibacter,ERR1089686
38175.0,203697,genus,0.00312071,Derxia,ERR1089686
38175.0,1549126,genus,0.00312071,Desulfatiglans,ERR1089686
38175.0,1565532,genus,0.00312071,Rouxiella,ERR1089686
38175.0,84108,genus,0.00312071,Slackia,ERR1089686
38175.0,507,genus,0.00312071,Alcaligenes,ERR1089686
38175.0,35832,genus,0.00312071,Bilophila,ERR1089686
38175.0,40323,genus,0.00312071,Stenotrophomonas,ERR1089686
38175.0,1716,genus,0.00312071,Corynebacterium,ERR1089686
38175.0,45654,genus,0.00312071,Desulfonema,ERR1089686
38175.0,32008,genus,0.00312071,Burkholderia,ERR1089686
38175.0,404,genus,0.00312071,Methylobacillus,ERR1089686
38175.0,79328,genus,0.00312071,Chitinophaga,ERR1089686
38175.0,262406,genus,0.00312071,Thermobaculum,ERR1089686
38175.0,118966,genus,0.00312071,Anaerorhabdus,ERR1089686
38175.0,28067,genus,0.00312071,Rubrivivax,ERR1089686
38175.0,160795,genus,0.00312071,Ureibacillus,ERR1089686
38175.0,841,genus,0.00312071,Roseburia,ERR1089686
38175.0,2747,genus,0.00312071,Carnobacterium,ERR1089686
38175.0,226,genus,0.00312071,Alteromonas,ERR1089686
38175.0,35798,genus,0.00312071,Nitrosospira,ERR1089686
38175.0,413496,genus,0.00312071,Cronobacter,ERR1089686
38175.0,1030,genus,0.00312071,Thiothrix,ERR1089686
38175.0,28231,genus,0.00312071,Geobacter,ERR1089686
38175.0,40544,genus,0.00312071,Sutterella,ERR1089686
38175.0,32205,genus,0.00312071,Leptonema,ERR1089686
38175.0,86795,genus,0.00312071,Marmoricola,ERR1089686
38175.0,100175,genus,0.00312071,Papillibacter,ERR1089686
38175.0,1471399,genus,0.00312071,Draconibacterium,ERR1089686
38175.0,836,genus,0.00312071,Porphyromonas,ERR1089686
38175.0,2132,genus,0.00312071,Spiroplasma,ERR1089686
38175.0,29526,genus,0.00312071,Syntrophobacter,ERR1089686
38175.0,1257,genus,0.00312071,Peptostreptococcus,ERR1089686
38175.0,429,genus,0.00312071,Methylobacter,ERR1089686
38175.0,106633,genus,0.00312071,Thioalkalivibrio,ERR1089686
38175.0,397864,genus,0.00312071,Barnesiella,ERR1089686
38175.0,34072,genus,0.00312071,Variovorax,ERR1089686
38175.0,1350,genus,0.00312071,Enterococcus,ERR1089686
38175.0,914,genus,0.00312071,Nitrosomonas,ERR1089686
,-1,genus,79.1661,Unknown,ERR1089686
38175.0,283,genus,10.8507,Comamonas,ERR1089686
38175.0,816,genus,4.08501,Bacteroides,ERR1089686
38175.0,838,genus,1.26701,Prevotella,ERR1089686
38175.0,572511,genus,1.18899,Blautia,ERR1089686
38175.0,216851,genus,1.01735,Faecalibacterium,ERR1089686
38175.0,1578,genus,0.296467,Lactobacillus,ERR1089686
38175.0,459786,genus,0.17788,Oscillibacter,ERR1089686
38175.0,239759,genus,0.146673,Alistipes,ERR1089686
38175.0,1678,genus,0.137311,Bifidobacterium,ERR1089686
38175.0,207244,genus,0.102983,Anaerostipes,ERR1089686
38175.0,577309,genus,0.102983,Paraprevotella,ERR1089686
38175.0,375288,genus,0.0624142,Parabacteroides,ERR1089686
38175.0,286,genus,0.0592935,Pseudomonas,ERR1089686
38175.0,1505663,genus,0.0592935,Erysipelatoclostridium,ERR1089686
38175.0,872,genus,0.0592935,Desulfovibrio,ERR1089686
38175.0,44249,genus,0.0499313,Paenibacillus,ERR1089686
38175.0,561,genus,0.0468106,Escherichia,ERR1089686
38175.0,239934,genus,0.0405692,Akkermansia,ERR1089686
38175.0,111142,genus,0.0405692,Alishewanella,ERR1089686
38175.0,1301,genus,0.0405692,Streptococcus,ERR1089686
38175.0,898,genus,0.0374485,Desulfomicrobium,ERR1089686
38175.0,1506553,genus,0.0343278,Lachnoclostridium,ERR1089686
38175.0,189330,genus,0.0312071,Dorea,ERR1089686
38175.0,1485,genus,0.0312071,Clostridium,ERR1089686
38175.0,33042,genus,0.0280864,Coprococcus,ERR1089686
38175.0,93217,genus,0.0249657,Pandoraea,ERR1089686
38175.0,1730,genus,0.021845,Eubacterium,ERR1089686
38175.0,1508657,genus,0.021845,Ruminiclostridium,ERR1089686
38175.0,13687,genus,0.021845,Sphingomonas,ERR1089686
38175.0,590,genus,0.0156035,Salmonella,ERR1089686
38175.0,2299,genus,0.0156035,Desulfosarcina,ERR1089686
38175.0,131079,genus,0.0156035,Limnobacter,ERR1089686
38175.0,1263,genus,0.0156035,Ruminococcus,ERR1089686
38175.0,581,genus,0.0124828,Morganella,ERR1089686
38175.0,162289,genus,0.0124828,Peptoniphilus,ERR1089686
38175.0,1386,genus,0.0124828,Bacillus,ERR1089686
38175.0,1827,genus,0.0124828,Rhodococcus,ERR1089686
38175.0,180541,genus,0.00936213,Salinisphaera,ERR1089686
38175.0,445,genus,0.00936213,Legionella,ERR1089686
38175.0,626,genus,0.00936213,Xenorhabdus,ERR1089686
38175.0,469,genus,0.00936213,Acinetobacter,ERR1089686
38175.0,642,genus,0.00936213,Aeromonas,ERR1089686
38175.0,39948,genus,0.00936213,Dialister,ERR1089686
38175.0,146936,genus,0.00936213,Azonexus,ERR1089686
38175.0,586,genus,0.00624142,Providencia,ERR1089686
38175.0,724,genus,0.00624142,Haemophilus,ERR1089686
38175.0,61434,genus,0.00624142,Dehalococcoides,ERR1089686
38175.0,1357,genus,0.00624142,Lactococcus,ERR1089686
38175.0,244127,genus,0.00624142,Anaerotruncus,ERR1089686
38175.0,620,genus,0.00624142,Shigella,ERR1089686
38175.0,29465,genus,0.00624142,Veillonella,ERR1089686
38175.0,44748,genus,0.00624142,Sporobacter,ERR1089686
38175.0,1645,genus,0.00624142,Renibacterium,ERR1089686
38175.0,283168,genus,0.00624142,Odoribacter,ERR1089686
38175.0,58050,genus,0.00624142,Moritella,ERR1089686
38175.0,649460,genus,0.00624142,Filimonas,ERR1089686
38175.0,702,genus,0.00624142,Plesiomonas,ERR1089686
38175.0,904,genus,0.00624142,Acidaminococcus,ERR1089686
38175.0,2717,genus,0.00624142,Cardiobacterium,ERR1089686
38175.0,47420,genus,0.00624142,Hydrogenophaga,ERR1089686
38175.0,583,genus,0.00624142,Proteus,ERR1089686
38175.0,203697,genus,0.00312071,Derxia,ERR1089686
38175.0,1549126,genus,0.00312071,Desulfatiglans,ERR1089686
38175.0,1565532,genus,0.00312071,Rouxiella,ERR1089686
38175.0,84108,genus,0.00312071,Slackia,ERR1089686
38175.0,507,genus,0.00312071,Alcaligenes,ERR1089686
38175.0,35832,genus,0.00312071,Bilophila,ERR1089686
38175.0,40323,genus,0.00312071,Stenotrophomonas,ERR1089686
38175.0,1716,genus,0.00312071,Corynebacterium,ERR1089686
38175.0,45654,genus,0.00312071,Desulfonema,ERR1089686
38175.0,32008,genus,0.00312071,Burkholderia,ERR1089686
38175.0,404,genus,0.00312071,Methylobacillus,ERR1089686
38175.0,79328,genus,0.00312071,Chitinophaga,ERR1089686
38175.0,262406,genus,0.00312071,Thermobaculum,ERR1089686
38175.0,118966,genus,0.00312071,Anaerorhabdus,ERR1089686
38175.0,28067,genus,0.00312071,Rubrivivax,ERR1089686
38175.0,160795,genus,0.00312071,Ureibacillus,ERR1089686
38175.0,841,genus,0.00312071,Roseburia,ERR1089686
38175.0,2747,genus,0.00312071,Carnobacterium,ERR1089686
38175.0,226,genus,0.00312071,Alteromonas,ERR1089686
38175.0,35798,genus,0.00312071,Nitrosospira,ERR1089686
38175.0,413496,genus,0.00312071,Cronobacter,ERR1089686
38175.0,1030,genus,0.00312071,Thiothrix,ERR1089686
38175.0,28231,genus,0.00312071,Geobacter,ERR1089686
38175.0,40544,genus,0.00312071,Sutterella,ERR1089686
38175.0,32205,genus,0.00312071,Leptonema,ERR1089686
38175.0,86795,genus,0.00312071,Marmoricola,ERR1089686
38175.0,100175,genus,0.00312071,Papillibacter,ERR1089686
38175.0,1471399,genus,0.00312071,Draconibacterium,ERR1089686
38175.0,836,genus,0.00312071,Porphyromonas,ERR1089686
38175.0,2132,genus,0.00312071,Spiroplasma,ERR1089686
38175.0,29526,genus,0.00312071,Syntrophobacter,ERR1089686
38175.0,1257,genus,0.00312071,Peptostreptococcus,ERR1089686
38175.0,429,genus,0.00312071,Methylobacter,ERR1089686
38175.0,106633,genus,0.00312071,Thioalkalivibrio,ERR1089686
38175.0,397864,genus,0.00312071,Barnesiella,ERR1089686
38175.0,34072,genus,0.00312071,Variovorax,ERR1089686
38175.0,1350,genus,0.00312071,Enterococcus,ERR1089686
38175.0,914,genus,0.00312071,Nitrosomonas,ERR1089686
38175.0,830,genus,0.00312071,Butyrivibrio,ERR1089686
38175.0,305899,genus,0.00312071,Endozoicomonas,ERR1089686
38175.0,84111,genus,0.00312071,Eggerthella,ERR1089686
38175.0,34037,genus,0.00312071,Rahnella,ERR1089686
38175.0,1652133,genus,0.00312071,Halobacteriovorax,ERR1089686
38175.0,1279,genus,0.00312071,Staphylococcus,ERR1089686
38175.0,222,genus,0.00312071,Achromobacter,ERR1089686
38175.0,1134403,genus,0.00312071,Melioribacter,ERR1089686
38175.0,314318,genus,0.00312071,Prolixibacter,ERR1089686
,-1,genus,79.1661,Unknown,ERR1089686
38175.0,283,genus,10.8507,Comamonas,ERR1089686
38175.0,816,genus,4.08501,Bacteroides,ERR1089686
38175.0,838,genus,1.26701,Prevotella,ERR1089686
38175.0,572511,genus,1.18899,Blautia,ERR1089686
38175.0,216851,genus,1.01735,Faecalibacterium,ERR1089686
38175.0,1578,genus,0.296467,Lactobacillus,ERR1089686
38175.0,459786,genus,0.17788,Oscillibacter,ERR1089686
38175.0,239759,genus,0.146673,Alistipes,ERR1089686
38175.0,1678,genus,0.137311,Bifidobacterium,ERR1089686
38175.0,207244,genus,0.102983,Anaerostipes,ERR1089686
38175.0,577309,genus,0.102983,Paraprevotella,ERR1089686
38175.0,375288,genus,0.0624142,Parabacteroides,ERR1089686
38175.0,286,genus,0.0592935,Pseudomonas,ERR1089686
38175.0,1505663,genus,0.0592935,Erysipelatoclostridium,ERR1089686
38175.0,872,genus,0.0592935,Desulfovibrio,ERR1089686
38175.0,44249,genus,0.0499313,Paenibacillus,ERR1089686
38175.0,561,genus,0.0468106,Escherichia,ERR1089686
38175.0,239934,genus,0.0405692,Akkermansia,ERR1089686
38175.0,111142,genus,0.0405692,Alishewanella,ERR1089686
38175.0,1301,genus,0.0405692,Streptococcus,ERR1089686
38175.0,898,genus,0.0374485,Desulfomicrobium,ERR1089686
38175.0,1506553,genus,0.0343278,Lachnoclostridium,ERR1089686
38175.0,189330,genus,0.0312071,Dorea,ERR1089686
38175.0,1485,genus,0.0312071,Clostridium,ERR1089686
38175.0,33042,genus,0.0280864,Coprococcus,ERR1089686
38175.0,93217,genus,0.0249657,Pandoraea,ERR1089686
38175.0,1730,genus,0.021845,Eubacterium,ERR1089686
38175.0,1508657,genus,0.021845,Ruminiclostridium,ERR1089686
38175.0,13687,genus,0.021845,Sphingomonas,ERR1089686
38175.0,2299,genus,0.0156035,Desulfosarcina,ERR1089686
38175.0,131079,genus,0.0156035,Limnobacter,ERR1089686
38175.0,1263,genus,0.0156035,Ruminococcus,ERR1089686
38175.0,590,genus,0.0156035,Salmonella,ERR1089686
38175.0,581,genus,0.0124828,Morganella,ERR1089686
38175.0,162289,genus,0.0124828,Peptoniphilus,ERR1089686
38175.0,1386,genus,0.0124828,Bacillus,ERR1089686
38175.0,1827,genus,0.0124828,Rhodococcus,ERR1089686
38175.0,626,genus,0.00936213,Xenorhabdus,ERR1089686
38175.0,469,genus,0.00936213,Acinetobacter,ERR1089686
38175.0,642,genus,0.00936213,Aeromonas,ERR1089686
38175.0,39948,genus,0.00936213,Dialister,ERR1089686
38175.0,146936,genus,0.00936213,Azonexus,ERR1089686
38175.0,180541,genus,0.00936213,Salinisphaera,ERR1089686
38175.0,445,genus,0.00936213,Legionella,ERR1089686
38175.0,29465,genus,0.00624142,Veillonella,ERR1089686
38175.0,44748,genus,0.00624142,Sporobacter,ERR1089686
38175.0,1645,genus,0.00624142,Renibacterium,ERR1089686
38175.0,283168,genus,0.00624142,Odoribacter,ERR1089686
38175.0,58050,genus,0.00624142,Moritella,ERR1089686
38175.0,649460,genus,0.00624142,Filimonas,ERR1089686
38175.0,702,genus,0.00624142,Plesiomonas,ERR1089686
38175.0,2717,genus,0.00624142,Cardiobacterium,ERR1089686
38175.0,47420,genus,0.00624142,Hydrogenophaga,ERR1089686
38175.0,904,genus,0.00624142,Acidaminococcus,ERR1089686
38175.0,583,genus,0.00624142,Proteus,ERR1089686
38175.0,724,genus,0.00624142,Haemophilus,ERR1089686
38175.0,61434,genus,0.00624142,Dehalococcoides,ERR1089686
38175.0,586,genus,0.00624142,Providencia,ERR1089686
38175.0,620,genus,0.00624142,Shigella,ERR1089686
38175.0,1357,genus,0.00624142,Lactococcus,ERR1089686
38175.0,244127,genus,0.00624142,Anaerotruncus,ERR1089686
38175.0,79328,genus,0.00312071,Chitinophaga,ERR1089686
38175.0,32008,genus,0.00312071,Burkholderia,ERR1089686
38175.0,404,genus,0.00312071,Methylobacillus,ERR1089686
38175.0,262406,genus,0.00312071,Thermobaculum,ERR1089686
38175.0,118966,genus,0.00312071,Anaerorhabdus,ERR1089686
38175.0,28067,genus,0.00312071,Rubrivivax,ERR1089686
38175.0,841,genus,0.00312071,Roseburia,ERR1089686
38175.0,2747,genus,0.00312071,Carnobacterium,ERR1089686
38175.0,226,genus,0.00312071,Alteromonas,ERR1089686
38175.0,160795,genus,0.00312071,Ureibacillus,ERR1089686
38175.0,1030,genus,0.00312071,Thiothrix,ERR1089686
38175.0,28231,genus,0.00312071,Geobacter,ERR1089686
38175.0,35798,genus,0.00312071,Nitrosospira,ERR1089686
38175.0,413496,genus,0.00312071,Cronobacter,ERR1089686
38175.0,32205,genus,0.00312071,Leptonema,ERR1089686
38175.0,86795,genus,0.00312071,Marmoricola,ERR1089686
38175.0,40544,genus,0.00312071,Sutterella,ERR1089686
38175.0,836,genus,0.00312071,Porphyromonas,ERR1089686
38175.0,2132,genus,0.00312071,Spiroplasma,ERR1089686
38175.0,100175,genus,0.00312071,Papillibacter,ERR1089686
38175.0,1471399,genus,0.00312071,Draconibacterium,ERR1089686
38175.0,29526,genus,0.00312071,Syntrophobacter,ERR1089686
38175.0,1257,genus,0.00312071,Peptostreptococcus,ERR1089686
38175.0,397864,genus,0.00312071,Barnesiella,ERR1089686
38175.0,34072,genus,0.00312071,Variovorax,ERR1089686
38175.0,1350,genus,0.00312071,Enterococcus,ERR1089686
38175.0,429,genus,0.00312071,Methylobacter,ERR1089686
38175.0,106633,genus,0.00312071,Thioalkalivibrio,ERR1089686
38175.0,914,genus,0.00312071,Nitrosomonas,ERR1089686
38175.0,305899,genus,0.00312071,Endozoicomonas,ERR1089686
38175.0,84111,genus,0.00312071,Eggerthella,ERR1089686
38175.0,34037,genus,0.00312071,Rahnella,ERR1089686
38175.0,1652133,genus,0.00312071,Halobacteriovorax,ERR1089686
38175.0,830,genus,0.00312071,Butyrivibrio,ERR1089686
38175.0,222,genus,0.00312071,Achromobacter,ERR1089686
38175.0,1279,genus,0.00312071,Staphylococcus,ERR1089686
38175.0,314318,genus,0.00312071,Prolixibacter,ERR1089686
38175.0,1134403,genus,0.00312071,Melioribacter,ERR1089686
38175.0,203697,genus,0.00312071,Derxia,ERR1089686
38175.0,84108,genus,0.00312071,Slackia,ERR1089686
38175.0,507,genus,0.00312071,Alcaligenes,ERR1089686
38175.0,35832,genus,0.00312071,Bilophila,ERR1089686
38175.0,1549126,genus,0.00312071,Desulfatiglans,ERR1089686
38175.0,1565532,genus,0.00312071,Rouxiella,ERR1089686
38175.0,1716,genus,0.00312071,Corynebacterium,ERR1089686
38175.0,45654,genus,0.00312071,Desulfonema,ERR1089686
38175.0,40323,genus,0.00312071,Stenotrophomonas,ERR1089686
,-1,genus,79.1661,Unknown,ERR1089686
38175.0,283,genus,10.8507,Comamonas,ERR1089686
38175.0,816,genus,4.08501,Bacteroides,ERR1089686
38175.0,838,genus,1.26701,Prevotella,ERR1089686
38175.0,572511,genus,1.18899,Blautia,ERR1089686
38175.0,216851,genus,1.01735,Faecalibacterium,ERR1089686
38175.0,1578,genus,0.296467,Lactobacillus,ERR1089686
38175.0,459786,genus,0.17788,Oscillibacter,ERR1089686
38175.0,239759,genus,0.146673,Alistipes,ERR1089686
38175.0,1678,genus,0.137311,Bifidobacterium,ERR1089686
38175.0,207244,genus,0.102983,Anaerostipes,ERR1089686
38175.0,577309,genus,0.102983,Paraprevotella,ERR1089686
38175.0,375288,genus,0.0624142,Parabacteroides,ERR1089686
38175.0,286,genus,0.0592935,Pseudomonas,ERR1089686
38175.0,1505663,genus,0.0592935,Erysipelatoclostridium,ERR1089686
38175.0,872,genus,0.0592935,Desulfovibrio,ERR1089686
38175.0,44249,genus,0.0499313,Paenibacillus,ERR1089686
38175.0,561,genus,0.0468106,Escherichia,ERR1089686
38175.0,239934,genus,0.0405692,Akkermansia,ERR1089686
38175.0,111142,genus,0.0405692,Alishewanella,ERR1089686
38175.0,1301,genus,0.0405692,Streptococcus,ERR1089686
38175.0,898,genus,0.0374485,Desulfomicrobium,ERR1089686
38175.0,1506553,genus,0.0343278,Lachnoclostridium,ERR1089686
38175.0,189330,genus,0.0312071,Dorea,ERR1089686
38175.0,1485,genus,0.0312071,Clostridium,ERR1089686
38175.0,33042,genus,0.0280864,Coprococcus,ERR1089686
38175.0,93217,genus,0.0249657,Pandoraea,ERR1089686
38175.0,1730,genus,0.021845,Eubacterium,ERR1089686
38175.0,1508657,genus,0.021845,Ruminiclostridium,ERR1089686
38175.0,13687,genus,0.021845,Sphingomonas,ERR1089686
38175.0,590,genus,0.0156035,Salmonella,ERR1089686
38175.0,2299,genus,0.0156035,Desulfosarcina,ERR1089686
38175.0,131079,genus,0.0156035,Limnobacter,ERR1089686
38175.0,1263,genus,0.0156035,Ruminococcus,ERR1089686
38175.0,581,genus,0.0124828,Morganella,ERR1089686
38175.0,162289,genus,0.0124828,Peptoniphilus,ERR1089686
38175.0,1386,genus,0.0124828,Bacillus,ERR1089686
38175.0,1827,genus,0.0124828,Rhodococcus,ERR1089686
38175.0,445,genus,0.00936213,Legionella,ERR1089686
38175.0,626,genus,0.00936213,Xenorhabdus,ERR1089686
38175.0,469,genus,0.00936213,Acinetobacter,ERR1089686
38175.0,642,genus,0.00936213,Aeromonas,ERR1089686
38175.0,39948,genus,0.00936213,Dialister,ERR1089686
38175.0,146936,genus,0.00936213,Azonexus,ERR1089686
38175.0,180541,genus,0.00936213,Salinisphaera,ERR1089686
38175.0,1357,genus,0.00624142,Lactococcus,ERR1089686
38175.0,244127,genus,0.00624142,Anaerotruncus,ERR1089686
38175.0,620,genus,0.00624142,Shigella,ERR1089686
38175.0,29465,genus,0.00624142,Veillonella,ERR1089686
38175.0,44748,genus,0.00624142,Sporobacter,ERR1089686
38175.0,1645,genus,0.00624142,Renibacterium,ERR1089686
38175.0,283168,genus,0.00624142,Odoribacter,ERR1089686
38175.0,58050,genus,0.00624142,Moritella,ERR1089686
38175.0,649460,genus,0.00624142,Filimonas,ERR1089686
38175.0,702,genus,0.00624142,Plesiomonas,ERR1089686
38175.0,904,genus,0.00624142,Acidaminococcus,ERR1089686
38175.0,2717,genus,0.00624142,Cardiobacterium,ERR1089686
38175.0,47420,genus,0.00624142,Hydrogenophaga,ERR1089686
38175.0,583,genus,0.00624142,Proteus,ERR1089686
38175.0,586,genus,0.00624142,Providencia,ERR1089686
38175.0,724,genus,0.00624142,Haemophilus,ERR1089686
38175.0,61434,genus,0.00624142,Dehalococcoides,ERR1089686
38175.0,1549126,genus,0.00312071,Desulfatiglans,ERR1089686
38175.0,1565532,genus,0.00312071,Rouxiella,ERR1089686
38175.0,84108,genus,0.00312071,Slackia,ERR1089686
38175.0,507,genus,0.00312071,Alcaligenes,ERR1089686
38175.0,35832,genus,0.00312071,Bilophila,ERR1089686
38175.0,40323,genus,0.00312071,Stenotrophomonas,ERR1089686
38175.0,1716,genus,0.00312071,Corynebacterium,ERR1089686
38175.0,45654,genus,0.00312071,Desulfonema,ERR1089686
38175.0,32008,genus,0.00312071,Burkholderia,ERR1089686
38175.0,404,genus,0.00312071,Methylobacillus,ERR1089686
38175.0,79328,genus,0.00312071,Chitinophaga,ERR1089686
38175.0,262406,genus,0.00312071,Thermobaculum,ERR1089686
38175.0,118966,genus,0.00312071,Anaerorhabdus,ERR1089686
38175.0,28067,genus,0.00312071,Rubrivivax,ERR1089686
38175.0,160795,genus,0.00312071,Ureibacillus,ERR1089686
38175.0,841,genus,0.00312071,Roseburia,ERR1089686
38175.0,2747,genus,0.00312071,Carnobacterium,ERR1089686
38175.0,226,genus,0.00312071,Alteromonas,ERR1089686
38175.0,35798,genus,0.00312071,Nitrosospira,ERR1089686
38175.0,413496,genus,0.00312071,Cronobacter,ERR1089686
38175.0,1030,genus,0.00312071,Thiothrix,ERR1089686
38175.0,28231,genus,0.00312071,Geobacter,ERR1089686
38175.0,40544,genus,0.00312071,Sutterella,ERR1089686
38175.0,32205,genus,0.00312071,Leptonema,ERR1089686
38175.0,86795,genus,0.00312071,Marmoricola,ERR1089686
38175.0,100175,genus,0.00312071,Papillibacter,ERR1089686
38175.0,1471399,genus,0.00312071,Draconibacterium,ERR1089686
38175.0,836,genus,0.00312071,Porphyromonas,ERR1089686
38175.0,2132,genus,0.00312071,Spiroplasma,ERR1089686
38175.0,29526,genus,0.00312071,Syntrophobacter,ERR1089686
38175.0,1257,genus,0.00312071,Peptostreptococcus,ERR1089686
38175.0,429,genus,0.00312071,Methylobacter,ERR1089686
38175.0,106633,genus,0.00312071,Thioalkalivibrio,ERR1089686
38175.0,397864,genus,0.00312071,Barnesiella,ERR1089686
38175.0,34072,genus,0.00312071,Variovorax,ERR1089686
38175.0,1350,genus,0.00312071,Enterococcus,ERR1089686
38175.0,914,genus,0.00312071,Nitrosomonas,ERR1089686
38175.0,830,genus,0.00312071,Butyrivibrio,ERR1089686
38175.0,305899,genus,0.00312071,Endozoicomonas,ERR1089686
38175.0,84111,genus,0.00312071,Eggerthella,ERR1089686
38175.0,34037,genus,0.00312071,Rahnella,ERR1089686
38175.0,1652133,genus,0.00312071,Halobacteriovorax,ERR1089686
38175.0,1279,genus,0.00312071,Staphylococcus,ERR1089686
38175.0,222,genus,0.00312071,Achromobacter,ERR1089686
38175.0,1134403,genus,0.00312071,Melioribacter,ERR1089686
38175.0,314318,genus,0.00312071,Prolixibacter,ERR1089686
38175.0,203697,genus,0.00312071,Derxia,ERR1089686
,-1,genus,79.1661,Unknown,ERR1089686
38175.0,283,genus,10.8507,Comamonas,ERR1089686
38175.0,816,genus,4.08501,Bacteroides,ERR1089686
38175.0,838,genus,1.26701,Prevotella,ERR1089686
38175.0,572511,genus,1.18899,Blautia,ERR1089686
38175.0,216851,genus,1.01735,Faecalibacterium,ERR1089686
38175.0,1578,genus,0.296467,Lactobacillus,ERR1089686
38175.0,459786,genus,0.17788,Oscillibacter,ERR1089686
38175.0,239759,genus,0.146673,Alistipes,ERR1089686
38175.0,1678,genus,0.137311,Bifidobacterium,ERR1089686
38175.0,577309,genus,0.102983,Paraprevotella,ERR1089686
38175.0,207244,genus,0.102983,Anaerostipes,ERR1089686
38175.0,375288,genus,0.0624142,Parabacteroides,ERR1089686
38175.0,286,genus,0.0592935,Pseudomonas,ERR1089686
38175.0,1505663,genus,0.0592935,Erysipelatoclostridium,ERR1089686
38175.0,872,genus,0.0592935,Desulfovibrio,ERR1089686
38175.0,44249,genus,0.0499313,Paenibacillus,ERR1089686
38175.0,561,genus,0.0468106,Escherichia,ERR1089686
38175.0,239934,genus,0.0405692,Akkermansia,ERR1089686
38175.0,111142,genus,0.0405692,Alishewanella,ERR1089686
38175.0,1301,genus,0.0405692,Streptococcus,ERR1089686
38175.0,898,genus,0.0374485,Desulfomicrobium,ERR1089686
38175.0,1506553,genus,0.0343278,Lachnoclostridium,ERR1089686
38175.0,189330,genus,0.0312071,Dorea,ERR1089686
38175.0,1485,genus,0.0312071,Clostridium,ERR1089686
38175.0,33042,genus,0.0280864,Coprococcus,ERR1089686
38175.0,93217,genus,0.0249657,Pandoraea,ERR1089686
38175.0,1730,genus,0.021845,Eubacterium,ERR1089686
38175.0,1508657,genus,0.021845,Ruminiclostridium,ERR1089686
38175.0,13687,genus,0.021845,Sphingomonas,ERR1089686
38175.0,1263,genus,0.0156035,Ruminococcus,ERR1089686
38175.0,590,genus,0.0156035,Salmonella,ERR1089686
38175.0,2299,genus,0.0156035,Desulfosarcina,ERR1089686
38175.0,131079,genus,0.0156035,Limnobacter,ERR1089686
38175.0,1827,genus,0.0124828,Rhodococcus,ERR1089686
38175.0,581,genus,0.0124828,Morganella,ERR1089686
38175.0,162289,genus,0.0124828,Peptoniphilus,ERR1089686
38175.0,1386,genus,0.0124828,Bacillus,ERR1089686
38175.0,180541,genus,0.00936213,Salinisphaera,ERR1089686
38175.0,445,genus,0.00936213,Legionella,ERR1089686
38175.0,626,genus,0.00936213,Xenorhabdus,ERR1089686
38175.0,469,genus,0.00936213,Acinetobacter,ERR1089686
38175.0,642,genus,0.00936213,Aeromonas,ERR1089686
38175.0,39948,genus,0.00936213,Dialister,ERR1089686
38175.0,146936,genus,0.00936213,Azonexus,ERR1089686
38175.0,586,genus,0.00624142,Providencia,ERR1089686
38175.0,724,genus,0.00624142,Haemophilus,ERR1089686
38175.0,61434,genus,0.00624142,Dehalococcoides,ERR1089686
38175.0,1357,genus,0.00624142,Lactococcus,ERR1089686
38175.0,244127,genus,0.00624142,Anaerotruncus,ERR1089686
38175.0,620,genus,0.00624142,Shigella,ERR1089686
38175.0,29465,genus,0.00624142,Veillonella,ERR1089686
38175.0,44748,genus,0.00624142,Sporobacter,ERR1089686
38175.0,1645,genus,0.00624142,Renibacterium,ERR1089686
38175.0,283168,genus,0.00624142,Odoribacter,ERR1089686
38175.0,58050,genus,0.00624142,Moritella,ERR1089686
38175.0,649460,genus,0.00624142,Filimonas,ERR1089686
38175.0,702,genus,0.00624142,Plesiomonas,ERR1089686
38175.0,904,genus,0.00624142,Acidaminococcus,ERR1089686
38175.0,2717,genus,0.00624142,Cardiobacterium,ERR1089686
38175.0,47420,genus,0.00624142,Hydrogenophaga,ERR1089686
38175.0,583,genus,0.00624142,Proteus,ERR1089686
38175.0,1134403,genus,0.00312071,Melioribacter,ERR1089686
38175.0,314318,genus,0.00312071,Prolixibacter,ERR1089686
38175.0,203697,genus,0.00312071,Derxia,ERR1089686
38175.0,1549126,genus,0.00312071,Desulfatiglans,ERR1089686
38175.0,1565532,genus,0.00312071,Rouxiella,ERR1089686
38175.0,84108,genus,0.00312071,Slackia,ERR1089686
38175.0,507,genus,0.00312071,Alcaligenes,ERR1089686
38175.0,35832,genus,0.00312071,Bilophila,ERR1089686
38175.0,40323,genus,0.00312071,Stenotrophomonas,ERR1089686
38175.0,1716,genus,0.00312071,Corynebacterium,ERR1089686
38175.0,45654,genus,0.00312071,Desulfonema,ERR1089686
38175.0,32008,genus,0.00312071,Burkholderia,ERR1089686
38175.0,404,genus,0.00312071,Methylobacillus,ERR1089686
38175.0,79328,genus,0.00312071,Chitinophaga,ERR1089686
38175.0,262406,genus,0.00312071,Thermobaculum,ERR1089686
38175.0,118966,genus,0.00312071,Anaerorhabdus,ERR1089686
38175.0,28067,genus,0.00312071,Rubrivivax,ERR1089686
38175.0,160795,genus,0.00312071,Ureibacillus,ERR1089686
38175.0,841,genus,0.00312071,Roseburia,ERR1089686
38175.0,2747,genus,0.00312071,Carnobacterium,ERR1089686
38175.0,226,genus,0.00312071,Alteromonas,ERR1089686
38175.0,35798,genus,0.00312071,Nitrosospira,ERR1089686
38175.0,413496,genus,0.00312071,Cronobacter,ERR1089686
38175.0,1030,genus,0.00312071,Thiothrix,ERR1089686
38175.0,28231,genus,0.00312071,Geobacter,ERR1089686
38175.0,40544,genus,0.00312071,Sutterella,ERR1089686
38175.0,32205,genus,0.00312071,Leptonema,ERR1089686
38175.0,86795,genus,0.00312071,Marmoricola,ERR1089686
38175.0,100175,genus,0.00312071,Papillibacter,ERR1089686
38175.0,1471399,genus,0.00312071,Draconibacterium,ERR1089686
38175.0,836,genus,0.00312071,Porphyromonas,ERR1089686
38175.0,2132,genus,0.00312071,Spiroplasma,ERR1089686
38175.0,29526,genus,0.00312071,Syntrophobacter,ERR1089686
38175.0,1257,genus,0.00312071,Peptostreptococcus,ERR1089686
38175.0,429,genus,0.00312071,Methylobacter,ERR1089686
38175.0,106633,genus,0.00312071,Thioalkalivibrio,ERR1089686
38175.0,397864,genus,0.00312071,Barnesiella,ERR1089686
38175.0,34072,genus,0.00312071,Variovorax,ERR1089686
38175.0,1350,genus,0.00312071,Enterococcus,ERR1089686
38175.0,914,genus,0.00312071,Nitrosomonas,ERR1089686
38175.0,830,genus,0.00312071,Butyrivibrio,ERR1089686
38175.0,305899,genus,0.00312071,Endozoicomonas,ERR1089686
38175.0,84111,genus,0.00312071,Eggerthella,ERR1089686
38175.0,34037,genus,0.00312071,Rahnella,ERR1089686
38175.0,1652133,genus,0.00312071,Halobacteriovorax,ERR1089686
38175.0,1279,genus,0.00312071,Staphylococcus,ERR1089686
38175.0,222,genus,0.00312071,Achromobacter,ERR1089686
,-1,genus,79.1661,Unknown,ERR1089686
38175.0,283,genus,10.8507,Comamonas,ERR1089686
38175.0,816,genus,4.08501,Bacteroides,ERR1089686
38175.0,838,genus,1.26701,Prevotella,ERR1089686
38175.0,572511,genus,1.18899,Blautia,ERR1089686
38175.0,216851,genus,1.01735,Faecalibacterium,ERR1089686
38175.0,1578,genus,0.296467,Lactobacillus,ERR1089686
38175.0,459786,genus,0.17788,Oscillibacter,ERR1089686
38175.0,239759,genus,0.146673,Alistipes,ERR1089686
38175.0,1678,genus,0.137311,Bifidobacterium,ERR1089686
38175.0,207244,genus,0.102983,Anaerostipes,ERR1089686
38175.0,577309,genus,0.102983,Paraprevotella,ERR1089686
38175.0,375288,genus,0.0624142,Parabacteroides,ERR1089686
38175.0,872,genus,0.0592935,Desulfovibrio,ERR1089686
38175.0,286,genus,0.0592935,Pseudomonas,ERR1089686
38175.0,1505663,genus,0.0592935,Erysipelatoclostridium,ERR1089686
38175.0,44249,genus,0.0499313,Paenibacillus,ERR1089686
38175.0,561,genus,0.0468106,Escherichia,ERR1089686
38175.0,239934,genus,0.0405692,Akkermansia,ERR1089686
38175.0,111142,genus,0.0405692,Alishewanella,ERR1089686
38175.0,1301,genus,0.0405692,Streptococcus,ERR1089686
38175.0,898,genus,0.0374485,Desulfomicrobium,ERR1089686
38175.0,1506553,genus,0.0343278,Lachnoclostridium,ERR1089686
38175.0,189330,genus,0.0312071,Dorea,ERR1089686
38175.0,1485,genus,0.0312071,Clostridium,ERR1089686
38175.0,33042,genus,0.0280864,Coprococcus,ERR1089686
38175.0,93217,genus,0.0249657,Pandoraea,ERR1089686
38175.0,1730,genus,0.021845,Eubacterium,ERR1089686
38175.0,1508657,genus,0.021845,Ruminiclostridium,ERR1089686
38175.0,13687,genus,0.021845,Sphingomonas,ERR1089686
38175.0,1263,genus,0.0156035,Ruminococcus,ERR1089686
38175.0,590,genus,0.0156035,Salmonella,ERR1089686
38175.0,2299,genus,0.0156035,Desulfosarcina,ERR1089686
38175.0,131079,genus,0.0156035,Limnobacter,ERR1089686
38175.0,1827,genus,0.0124828,Rhodococcus,ERR1089686
38175.0,581,genus,0.0124828,Morganella,ERR1089686
38175.0,162289,genus,0.0124828,Peptoniphilus,ERR1089686
38175.0,1386,genus,0.0124828,Bacillus,ERR1089686
38175.0,146936,genus,0.00936213,Azonexus,ERR1089686
38175.0,180541,genus,0.00936213,Salinisphaera,ERR1089686
38175.0,445,genus,0.00936213,Legionella,ERR1089686
38175.0,626,genus,0.00936213,Xenorhabdus,ERR1089686
38175.0,469,genus,0.00936213,Acinetobacter,ERR1089686
38175.0,642,genus,0.00936213,Aeromonas,ERR1089686
38175.0,39948,genus,0.00936213,Dialister,ERR1089686
38175.0,583,genus,0.00624142,Proteus,ERR1089686
38175.0,586,genus,0.00624142,Providencia,ERR1089686
38175.0,724,genus,0.00624142,Haemophilus,ERR1089686
38175.0,61434,genus,0.00624142,Dehalococcoides,ERR1089686
38175.0,1357,genus,0.00624142,Lactococcus,ERR1089686
38175.0,244127,genus,0.00624142,Anaerotruncus,ERR1089686
38175.0,620,genus,0.00624142,Shigella,ERR1089686
38175.0,29465,genus,0.00624142,Veillonella,ERR1089686
38175.0,44748,genus,0.00624142,Sporobacter,ERR1089686
38175.0,1645,genus,0.00624142,Renibacterium,ERR1089686
38175.0,283168,genus,0.00624142,Odoribacter,ERR1089686
38175.0,58050,genus,0.00624142,Moritella,ERR1089686
38175.0,649460,genus,0.00624142,Filimonas,ERR1089686
38175.0,702,genus,0.00624142,Plesiomonas,ERR1089686
38175.0,904,genus,0.00624142,Acidaminococcus,ERR1089686
38175.0,2717,genus,0.00624142,Cardiobacterium,ERR1089686
38175.0,47420,genus,0.00624142,Hydrogenophaga,ERR1089686
38175.0,1279,genus,0.00312071,Staphylococcus,ERR1089686
38175.0,222,genus,0.00312071,Achromobacter,ERR1089686
38175.0,1134403,genus,0.00312071,Melioribacter,ERR1089686
38175.0,314318,genus,0.00312071,Prolixibacter,ERR1089686
38175.0,203697,genus,0.00312071,Derxia,ERR1089686
38175.0,1549126,genus,0.00312071,Desulfatiglans,ERR1089686
38175.0,1565532,genus,0.00312071,Rouxiella,ERR1089686
38175.0,84108,genus,0.00312071,Slackia,ERR1089686
38175.0,507,genus,0.00312071,Alcaligenes,ERR1089686
38175.0,35832,genus,0.00312071,Bilophila,ERR1089686
38175.0,40323,genus,0.00312071,Stenotrophomonas,ERR1089686
38175.0,1716,genus,0.00312071,Corynebacterium,ERR1089686
38175.0,45654,genus,0.00312071,Desulfonema,ERR1089686
38175.0,32008,genus,0.00312071,Burkholderia,ERR1089686
38175.0,404,genus,0.00312071,Methylobacillus,ERR1089686
38175.0,79328,genus,0.00312071,Chitinophaga,ERR1089686
38175.0,262406,genus,0.00312071,Thermobaculum,ERR1089686
38175.0,118966,genus,0.00312071,Anaerorhabdus,ERR1089686
38175.0,28067,genus,0.00312071,Rubrivivax,ERR1089686
38175.0,160795,genus,0.00312071,Ureibacillus,ERR1089686
38175.0,841,genus,0.00312071,Roseburia,ERR1089686
38175.0,2747,genus,0.00312071,Carnobacterium,ERR1089686
38175.0,226,genus,0.00312071,Alteromonas,ERR1089686
38175.0,35798,genus,0.00312071,Nitrosospira,ERR1089686
38175.0,413496,genus,0.00312071,Cronobacter,ERR1089686
38175.0,1030,genus,0.00312071,Thiothrix,ERR1089686
38175.0,28231,genus,0.00312071,Geobacter,ERR1089686
38175.0,40544,genus,0.00312071,Sutterella,ERR1089686
38175.0,32205,genus,0.00312071,Leptonema,ERR1089686
38175.0,86795,genus,0.00312071,Marmoricola,ERR1089686
38175.0,100175,genus,0.00312071,Papillibacter,ERR1089686
38175.0,1471399,genus,0.00312071,Draconibacterium,ERR1089686
38175.0,836,genus,0.00312071,Porphyromonas,ERR1089686
38175.0,2132,genus,0.00312071,Spiroplasma,ERR1089686
38175.0,29526,genus,0.00312071,Syntrophobacter,ERR1089686
38175.0,1257,genus,0.00312071,Peptostreptococcus,ERR1089686
38175.0,429,genus,0.00312071,Methylobacter,ERR1089686
38175.0,106633,genus,0.00312071,Thioalkalivibrio,ERR1089686
38175.0,397864,genus,0.00312071,Barnesiella,ERR1089686
38175.0,34072,genus,0.00312071,Variovorax,ERR1089686
38175.0,1350,genus,0.00312071,Enterococcus,ERR1089686
38175.0,914,genus,0.00312071,Nitrosomonas,ERR1089686
38175.0,830,genus,0.00312071,Butyrivibrio,ERR1089686
38175.0,305899,genus,0.00312071,Endozoicomonas,ERR1089686
38175.0,84111,genus,0.00312071,Eggerthella,ERR1089686
38175.0,34037,genus,0.00312071,Rahnella,ERR1089686
38175.0,1652133,genus,0.00312071,Halobacteriovorax,ERR1089686
,-1,genus,79.1661,Unknown,ERR1089686
46144.0,816,genus,49.0672,Bacteroides,ERR1089756
46144.0,216851,genus,9.3326,Faecalibacterium,ERR1089756
46144.0,1730,genus,3.05766,Eubacterium,ERR1089756
46144.0,459786,genus,1.99521,Oscillibacter,ERR1089756
46144.0,1506553,genus,1.82562,Lachnoclostridium,ERR1089756
46144.0,1508657,genus,1.50638,Ruminiclostridium,ERR1089756
46144.0,283168,genus,0.857941,Odoribacter,ERR1089756
46144.0,39948,genus,0.498803,Dialister,ERR1089756
46144.0,244127,genus,0.324222,Anaerotruncus,ERR1089756
46144.0,572511,genus,0.314246,Blautia,ERR1089756
46144.0,1505663,genus,0.27933,Erysipelatoclostridium,ERR1089756
46144.0,61170,genus,0.244413,Holdemania,ERR1089756
46144.0,52784,genus,0.159617,Anaerofilum,ERR1089756
46144.0,189330,genus,0.0947725,Dorea,ERR1089756
46144.0,1485,genus,0.0598563,Clostridium,ERR1089756
46144.0,841,genus,0.0548683,Roseburia,ERR1089756
46144.0,1263,genus,0.0498803,Ruminococcus,ERR1089756
46144.0,1301,genus,0.0349162,Streptococcus,ERR1089756
46144.0,84111,genus,0.0349162,Eggerthella,ERR1089756
46144.0,838,genus,0.0349162,Prevotella,ERR1089756
46144.0,1578,genus,0.0299282,Lactobacillus,ERR1089756
46144.0,1350,genus,0.0249401,Enterococcus,ERR1089756
46144.0,1506577,genus,0.0249401,Tyzzerella,ERR1089756
46144.0,2299,genus,0.0249401,Desulfosarcina,ERR1089756
46144.0,44748,genus,0.0249401,Sporobacter,ERR1089756
46144.0,590,genus,0.0249401,Salmonella,ERR1089756
46144.0,1827,genus,0.0199521,Rhodococcus,ERR1089756
46144.0,375288,genus,0.0199521,Parabacteroides,ERR1089756
46144.0,445,genus,0.0149641,Legionella,ERR1089756
46144.0,795750,genus,0.0149641,Ignavibacterium,ERR1089756
46144.0,286,genus,0.0149641,Pseudomonas,ERR1089756
46144.0,872,genus,0.0149641,Desulfovibrio,ERR1089756
46144.0,397864,genus,0.0149641,Barnesiella,ERR1089756
46144.0,620,genus,0.0149641,Shigella,ERR1089756
46144.0,29465,genus,0.00997606,Veillonella,ERR1089756
46144.0,1716,genus,0.00997606,Corynebacterium,ERR1089756
46144.0,34037,genus,0.00997606,Rahnella,ERR1089756
46144.0,1386,genus,0.00997606,Bacillus,ERR1089756
46144.0,1236988,genus,0.00997606,Geofilum,ERR1089756
46144.0,561,genus,0.00997606,Escherichia,ERR1089756
46144.0,28453,genus,0.00997606,Sphingobacterium,ERR1089756
46144.0,239759,genus,0.00997606,Alistipes,ERR1089756
46144.0,581,genus,0.00498803,Morganella,ERR1089756
46144.0,150022,genus,0.00498803,Finegoldia,ERR1089756
46144.0,118966,genus,0.00498803,Anaerorhabdus,ERR1089756
46144.0,1279388,genus,0.00498803,Kandleria,ERR1089756
46144.0,363276,genus,0.00498803,Ktedonobacter,ERR1089756
46144.0,898,genus,0.00498803,Desulfomicrobium,ERR1089756
46144.0,2717,genus,0.00498803,Cardiobacterium,ERR1089756
46144.0,869806,genus,0.00498803,Marivirga,ERR1089756
46144.0,84567,genus,0.00498803,Pedobacter,ERR1089756
46144.0,61434,genus,0.00498803,Dehalococcoides,ERR1089756
46144.0,33042,genus,0.00498803,Coprococcus,ERR1089756
46144.0,118747,genus,0.00498803,Bulleidia,ERR1089756
46144.0,836,genus,0.00498803,Porphyromonas,ERR1089756
46144.0,570,genus,0.00498803,Klebsiella,ERR1089756
46144.0,312278,genus,0.00498803,Emticicia,ERR1089756
46144.0,119977,genus,0.00498803,Acidithiobacillus,ERR1089756
46144.0,33951,genus,0.00498803,Acetobacterium,ERR1089756
46144.0,233189,genus,0.00498803,Anaerolinea,ERR1089756
46144.0,294702,genus,0.00498803,Proteiniphilum,ERR1089756
46144.0,1253,genus,0.00498803,Pediococcus,ERR1089756
46144.0,1637257,genus,0.00498803,Mageeibacillus,ERR1089756
46144.0,1678,genus,0.00498803,Bifidobacterium,ERR1089756
46144.0,28138,genus,0.00498803,Rikenella,ERR1089756
46144.0,100883,genus,0.00498803,Coprobacillus,ERR1089756
46144.0,55080,genus,0.00498803,Brevibacillus,ERR1089756
46144.0,233191,genus,0.00498803,Caldilinea,ERR1089756
46144.0,482,genus,0.00498803,Neisseria,ERR1089756
46144.0,239934,genus,0.00498803,Akkermansia,ERR1089756
46144.0,702,genus,0.00498803,Plesiomonas,ERR1089756
46144.0,830,genus,0.00498803,Butyrivibrio,ERR1089756
,-1,genus,28.9356,Unknown,ERR1089756
46144.0,816,genus,49.0672,Bacteroides,ERR1089756
46144.0,216851,genus,9.3326,Faecalibacterium,ERR1089756
46144.0,1730,genus,3.05766,Eubacterium,ERR1089756
46144.0,459786,genus,1.99521,Oscillibacter,ERR1089756
46144.0,1506553,genus,1.82562,Lachnoclostridium,ERR1089756
46144.0,1508657,genus,1.50638,Ruminiclostridium,ERR1089756
46144.0,283168,genus,0.857941,Odoribacter,ERR1089756
46144.0,39948,genus,0.498803,Dialister,ERR1089756
46144.0,244127,genus,0.324222,Anaerotruncus,ERR1089756
46144.0,572511,genus,0.314246,Blautia,ERR1089756
46144.0,1505663,genus,0.27933,Erysipelatoclostridium,ERR1089756
46144.0,61170,genus,0.244413,Holdemania,ERR1089756
46144.0,52784,genus,0.159617,Anaerofilum,ERR1089756
46144.0,189330,genus,0.0947725,Dorea,ERR1089756
46144.0,1485,genus,0.0598563,Clostridium,ERR1089756
46144.0,841,genus,0.0548683,Roseburia,ERR1089756
46144.0,1263,genus,0.0498803,Ruminococcus,ERR1089756
46144.0,838,genus,0.0349162,Prevotella,ERR1089756
46144.0,1301,genus,0.0349162,Streptococcus,ERR1089756
46144.0,84111,genus,0.0349162,Eggerthella,ERR1089756
46144.0,1578,genus,0.0299282,Lactobacillus,ERR1089756
46144.0,1350,genus,0.0249401,Enterococcus,ERR1089756
46144.0,1506577,genus,0.0249401,Tyzzerella,ERR1089756
46144.0,2299,genus,0.0249401,Desulfosarcina,ERR1089756
46144.0,44748,genus,0.0249401,Sporobacter,ERR1089756
46144.0,590,genus,0.0249401,Salmonella,ERR1089756
46144.0,1827,genus,0.0199521,Rhodococcus,ERR1089756
46144.0,375288,genus,0.0199521,Parabacteroides,ERR1089756
46144.0,445,genus,0.0149641,Legionella,ERR1089756
46144.0,795750,genus,0.0149641,Ignavibacterium,ERR1089756
46144.0,286,genus,0.0149641,Pseudomonas,ERR1089756
46144.0,872,genus,0.0149641,Desulfovibrio,ERR1089756
46144.0,397864,genus,0.0149641,Barnesiella,ERR1089756
46144.0,620,genus,0.0149641,Shigella,ERR1089756
46144.0,239759,genus,0.00997606,Alistipes,ERR1089756
46144.0,29465,genus,0.00997606,Veillonella,ERR1089756
46144.0,1716,genus,0.00997606,Corynebacterium,ERR1089756
46144.0,34037,genus,0.00997606,Rahnella,ERR1089756
46144.0,1386,genus,0.00997606,Bacillus,ERR1089756
46144.0,1236988,genus,0.00997606,Geofilum,ERR1089756
46144.0,561,genus,0.00997606,Escherichia,ERR1089756
46144.0,28453,genus,0.00997606,Sphingobacterium,ERR1089756
46144.0,55080,genus,0.00498803,Brevibacillus,ERR1089756
46144.0,233191,genus,0.00498803,Caldilinea,ERR1089756
46144.0,239934,genus,0.00498803,Akkermansia,ERR1089756
46144.0,482,genus,0.00498803,Neisseria,ERR1089756
46144.0,702,genus,0.00498803,Plesiomonas,ERR1089756
46144.0,830,genus,0.00498803,Butyrivibrio,ERR1089756
46144.0,581,genus,0.00498803,Morganella,ERR1089756
46144.0,150022,genus,0.00498803,Finegoldia,ERR1089756
46144.0,118966,genus,0.00498803,Anaerorhabdus,ERR1089756
46144.0,1279388,genus,0.00498803,Kandleria,ERR1089756
46144.0,898,genus,0.00498803,Desulfomicrobium,ERR1089756
46144.0,363276,genus,0.00498803,Ktedonobacter,ERR1089756
46144.0,869806,genus,0.00498803,Marivirga,ERR1089756
46144.0,2717,genus,0.00498803,Cardiobacterium,ERR1089756
46144.0,84567,genus,0.00498803,Pedobacter,ERR1089756
46144.0,61434,genus,0.00498803,Dehalococcoides,ERR1089756
46144.0,33042,genus,0.00498803,Coprococcus,ERR1089756
46144.0,570,genus,0.00498803,Klebsiella,ERR1089756
46144.0,118747,genus,0.00498803,Bulleidia,ERR1089756
46144.0,836,genus,0.00498803,Porphyromonas,ERR1089756
46144.0,312278,genus,0.00498803,Emticicia,ERR1089756
46144.0,119977,genus,0.00498803,Acidithiobacillus,ERR1089756
46144.0,233189,genus,0.00498803,Anaerolinea,ERR1089756
46144.0,294702,genus,0.00498803,Proteiniphilum,ERR1089756
46144.0,1253,genus,0.00498803,Pediococcus,ERR1089756
46144.0,33951,genus,0.00498803,Acetobacterium,ERR1089756
46144.0,1678,genus,0.00498803,Bifidobacterium,ERR1089756
46144.0,1637257,genus,0.00498803,Mageeibacillus,ERR1089756
46144.0,28138,genus,0.00498803,Rikenella,ERR1089756
46144.0,100883,genus,0.00498803,Coprobacillus,ERR1089756
,-1,genus,28.9356,Unknown,ERR1089756
46144.0,816,genus,49.0672,Bacteroides,ERR1089756
46144.0,216851,genus,9.3326,Faecalibacterium,ERR1089756
46144.0,1730,genus,3.05766,Eubacterium,ERR1089756
46144.0,459786,genus,1.99521,Oscillibacter,ERR1089756
46144.0,1506553,genus,1.82562,Lachnoclostridium,ERR1089756
46144.0,1508657,genus,1.50638,Ruminiclostridium,ERR1089756
46144.0,283168,genus,0.857941,Odoribacter,ERR1089756
46144.0,39948,genus,0.498803,Dialister,ERR1089756
46144.0,244127,genus,0.324222,Anaerotruncus,ERR1089756
46144.0,572511,genus,0.314246,Blautia,ERR1089756
46144.0,1505663,genus,0.27933,Erysipelatoclostridium,ERR1089756
46144.0,61170,genus,0.244413,Holdemania,ERR1089756
46144.0,52784,genus,0.159617,Anaerofilum,ERR1089756
46144.0,189330,genus,0.0947725,Dorea,ERR1089756
46144.0,1485,genus,0.0598563,Clostridium,ERR1089756
46144.0,841,genus,0.0548683,Roseburia,ERR1089756
46144.0,1263,genus,0.0498803,Ruminococcus,ERR1089756
46144.0,1301,genus,0.0349162,Streptococcus,ERR1089756
46144.0,84111,genus,0.0349162,Eggerthella,ERR1089756
46144.0,838,genus,0.0349162,Prevotella,ERR1089756
46144.0,1578,genus,0.0299282,Lactobacillus,ERR1089756
46144.0,1350,genus,0.0249401,Enterococcus,ERR1089756
46144.0,1506577,genus,0.0249401,Tyzzerella,ERR1089756
46144.0,2299,genus,0.0249401,Desulfosarcina,ERR1089756
46144.0,44748,genus,0.0249401,Sporobacter,ERR1089756
46144.0,590,genus,0.0249401,Salmonella,ERR1089756
46144.0,1827,genus,0.0199521,Rhodococcus,ERR1089756
46144.0,375288,genus,0.0199521,Parabacteroides,ERR1089756
46144.0,445,genus,0.0149641,Legionella,ERR1089756
46144.0,795750,genus,0.0149641,Ignavibacterium,ERR1089756
46144.0,286,genus,0.0149641,Pseudomonas,ERR1089756
46144.0,872,genus,0.0149641,Desulfovibrio,ERR1089756
46144.0,397864,genus,0.0149641,Barnesiella,ERR1089756
46144.0,620,genus,0.0149641,Shigella,ERR1089756
46144.0,239759,genus,0.00997606,Alistipes,ERR1089756
46144.0,29465,genus,0.00997606,Veillonella,ERR1089756
46144.0,1716,genus,0.00997606,Corynebacterium,ERR1089756
46144.0,34037,genus,0.00997606,Rahnella,ERR1089756
46144.0,1386,genus,0.00997606,Bacillus,ERR1089756
46144.0,1236988,genus,0.00997606,Geofilum,ERR1089756
46144.0,561,genus,0.00997606,Escherichia,ERR1089756
46144.0,28453,genus,0.00997606,Sphingobacterium,ERR1089756
46144.0,239934,genus,0.00498803,Akkermansia,ERR1089756
46144.0,482,genus,0.00498803,Neisseria,ERR1089756
46144.0,702,genus,0.00498803,Plesiomonas,ERR1089756
46144.0,830,genus,0.00498803,Butyrivibrio,ERR1089756
46144.0,581,genus,0.00498803,Morganella,ERR1089756
46144.0,150022,genus,0.00498803,Finegoldia,ERR1089756
46144.0,118966,genus,0.00498803,Anaerorhabdus,ERR1089756
46144.0,1279388,genus,0.00498803,Kandleria,ERR1089756
46144.0,898,genus,0.00498803,Desulfomicrobium,ERR1089756
46144.0,363276,genus,0.00498803,Ktedonobacter,ERR1089756
46144.0,869806,genus,0.00498803,Marivirga,ERR1089756
46144.0,2717,genus,0.00498803,Cardiobacterium,ERR1089756
46144.0,84567,genus,0.00498803,Pedobacter,ERR1089756
46144.0,61434,genus,0.00498803,Dehalococcoides,ERR1089756
46144.0,33042,genus,0.00498803,Coprococcus,ERR1089756
46144.0,570,genus,0.00498803,Klebsiella,ERR1089756
46144.0,118747,genus,0.00498803,Bulleidia,ERR1089756
46144.0,836,genus,0.00498803,Porphyromonas,ERR1089756
46144.0,312278,genus,0.00498803,Emticicia,ERR1089756
46144.0,119977,genus,0.00498803,Acidithiobacillus,ERR1089756
46144.0,233189,genus,0.00498803,Anaerolinea,ERR1089756
46144.0,294702,genus,0.00498803,Proteiniphilum,ERR1089756
46144.0,1253,genus,0.00498803,Pediococcus,ERR1089756
46144.0,33951,genus,0.00498803,Acetobacterium,ERR1089756
46144.0,1678,genus,0.00498803,Bifidobacterium,ERR1089756
46144.0,1637257,genus,0.00498803,Mageeibacillus,ERR1089756
46144.0,28138,genus,0.00498803,Rikenella,ERR1089756
46144.0,100883,genus,0.00498803,Coprobacillus,ERR1089756
46144.0,55080,genus,0.00498803,Brevibacillus,ERR1089756
46144.0,233191,genus,0.00498803,Caldilinea,ERR1089756
,-1,genus,28.9356,Unknown,ERR1089756
46145.0,2172,genus,11.587,Methanobrevibacter,ERR1089768
46145.0,239934,genus,6.31332,Akkermansia,ERR1089768
46145.0,459786,genus,3.12348,Oscillibacter,ERR1089768
46145.0,216851,genus,1.43786,Faecalibacterium,ERR1089768
46145.0,1508657,genus,1.33611,Ruminiclostridium,ERR1089768
46145.0,1506553,genus,0.778658,Lachnoclostridium,ERR1089768
46145.0,1569,genus,0.676901,Sporosarcina,ERR1089768
46145.0,2316,genus,0.592842,Methanosphaera,ERR1089768
46145.0,816,genus,0.553024,Bacteroides,ERR1089768
46145.0,572511,genus,0.283148,Blautia,ERR1089768
46145.0,990721,genus,0.283148,Christensenella,ERR1089768
46145.0,239759,genus,0.243331,Alistipes,ERR1089768
46145.0,375288,genus,0.176968,Parabacteroides,ERR1089768
46145.0,44748,genus,0.128302,Sporobacter,ERR1089768
46145.0,1386,genus,0.115029,Bacillus,ERR1089768
46145.0,872,genus,0.110605,Desulfovibrio,ERR1089768
46145.0,244127,genus,0.0752113,Anaerotruncus,ERR1089768
46145.0,561,genus,0.0707871,Escherichia,ERR1089768
46145.0,1263,genus,0.0663629,Ruminococcus,ERR1089768
46145.0,838,genus,0.0530903,Prevotella,ERR1089768
46145.0,1485,genus,0.0530903,Clostridium,ERR1089768
46145.0,397864,genus,0.0486661,Barnesiella,ERR1089768
46145.0,1017280,genus,0.0442419,Pseudoflavonifractor,ERR1089768
46145.0,1678,genus,0.0442419,Bifidobacterium,ERR1089768
46145.0,33042,genus,0.0353935,Coprococcus,ERR1089768
46145.0,1350,genus,0.0353935,Enterococcus,ERR1089768
46145.0,620,genus,0.0353935,Shigella,ERR1089768
46145.0,841,genus,0.0265451,Roseburia,ERR1089768
46145.0,2299,genus,0.0265451,Desulfosarcina,ERR1089768
46145.0,286,genus,0.0265451,Pseudomonas,ERR1089768
46145.0,180541,genus,0.0265451,Salinisphaera,ERR1089768
46145.0,1730,genus,0.022121,Eubacterium,ERR1089768
46145.0,84108,genus,0.0176968,Slackia,ERR1089768
46145.0,1578,genus,0.0176968,Lactobacillus,ERR1089768
46145.0,189330,genus,0.0176968,Dorea,ERR1089768
46145.0,590,genus,0.0132726,Salmonella,ERR1089768
46145.0,1505663,genus,0.0132726,Erysipelatoclostridium,ERR1089768
46145.0,100175,genus,0.0132726,Papillibacter,ERR1089768
46145.0,79206,genus,0.0132726,Desulfosporosinus,ERR1089768
46145.0,583,genus,0.0132726,Proteus,ERR1089768
46145.0,898,genus,0.0132726,Desulfomicrobium,ERR1089768
46145.0,233191,genus,0.0132726,Caldilinea,ERR1089768
46145.0,1279,genus,0.0132726,Staphylococcus,ERR1089768
46145.0,698776,genus,0.00884838,Cellulosilyticum,ERR1089768
46145.0,18,genus,0.00884838,Pelobacter,ERR1089768
46145.0,28453,genus,0.00884838,Sphingobacterium,ERR1089768
46145.0,53335,genus,0.00884838,Pantoea,ERR1089768
46145.0,1716,genus,0.00884838,Corynebacterium,ERR1089768
46145.0,413496,genus,0.00884838,Cronobacter,ERR1089768
46145.0,265980,genus,0.00884838,Alkalimonas,ERR1089768
46145.0,400634,genus,0.00884838,Lysinibacillus,ERR1089768
46145.0,52784,genus,0.00884838,Anaerofilum,ERR1089768
46145.0,55080,genus,0.00884838,Brevibacillus,ERR1089768
46145.0,1221880,genus,0.00884838,Psychrobacillus,ERR1089768
46145.0,13724,genus,0.00442419,Thiocystis,ERR1089768
46145.0,58050,genus,0.00442419,Moritella,ERR1089768
46145.0,226,genus,0.00442419,Alteromonas,ERR1089768
46145.0,84565,genus,0.00442419,Sodalis,ERR1089768
46145.0,40323,genus,0.00442419,Stenotrophomonas,ERR1089768
46145.0,586,genus,0.00442419,Providencia,ERR1089768
46145.0,1843210,genus,0.00442419,Anaerocolumna,ERR1089768
46145.0,1769729,genus,0.00442419,Hathewaya,ERR1089768
46145.0,1380,genus,0.00442419,Atopobium,ERR1089768
46145.0,1663,genus,0.00442419,Arthrobacter,ERR1089768
46145.0,1301,genus,0.00442419,Streptococcus,ERR1089768
46145.0,2735,genus,0.00442419,Verrucomicrobium,ERR1089768
46145.0,102106,genus,0.00442419,Collinsella,ERR1089768
46145.0,262406,genus,0.00442419,Thermobaculum,ERR1089768
46145.0,1200657,genus,0.00442419,Saccharofermentans,ERR1089768
46145.0,570,genus,0.00442419,Klebsiella,ERR1089768
46145.0,13687,genus,0.00442419,Sphingomonas,ERR1089768
46145.0,1742989,genus,0.00442419,Glutamicibacter,ERR1089768
46145.0,61434,genus,0.00442419,Dehalococcoides,ERR1089768
46145.0,670486,genus,0.00442419,Dehalogenimonas,ERR1089768
46145.0,34037,genus,0.00442419,Rahnella,ERR1089768
46145.0,830,genus,0.00442419,Butyrivibrio,ERR1089768
46145.0,577310,genus,0.00442419,Parasutterella,ERR1089768
46145.0,469,genus,0.00442419,Acinetobacter,ERR1089768
46145.0,497,genus,0.00442419,Psychrobacter,ERR1089768
46145.0,836,genus,0.00442419,Porphyromonas,ERR1089768
46145.0,118747,genus,0.00442419,Bulleidia,ERR1089768
46145.0,84406,genus,0.00442419,Virgibacillus,ERR1089768
46145.0,48463,genus,0.00442419,Prosthecobacter,ERR1089768
46145.0,156454,genus,0.00442419,Anaeroglobus,ERR1089768
46145.0,450803,genus,0.00442419,Oceaniserpentilla,ERR1089768
46145.0,39948,genus,0.00442419,Dialister,ERR1089768
46145.0,13275,genus,0.00442419,Suttonella,ERR1089768
46145.0,445,genus,0.00442419,Legionella,ERR1089768
,-1,genus,71.1631,Unknown,ERR1089768
46145.0,2172,genus,11.587,Methanobrevibacter,ERR1089768
46145.0,239934,genus,6.31332,Akkermansia,ERR1089768
46145.0,459786,genus,3.12348,Oscillibacter,ERR1089768
46145.0,216851,genus,1.43786,Faecalibacterium,ERR1089768
46145.0,1508657,genus,1.33611,Ruminiclostridium,ERR1089768
46145.0,1506553,genus,0.778658,Lachnoclostridium,ERR1089768
46145.0,1569,genus,0.676901,Sporosarcina,ERR1089768
46145.0,2316,genus,0.592842,Methanosphaera,ERR1089768
46145.0,816,genus,0.553024,Bacteroides,ERR1089768
46145.0,572511,genus,0.283148,Blautia,ERR1089768
46145.0,990721,genus,0.283148,Christensenella,ERR1089768
46145.0,239759,genus,0.243331,Alistipes,ERR1089768
46145.0,375288,genus,0.176968,Parabacteroides,ERR1089768
46145.0,44748,genus,0.128302,Sporobacter,ERR1089768
46145.0,1386,genus,0.115029,Bacillus,ERR1089768
46145.0,872,genus,0.110605,Desulfovibrio,ERR1089768
46145.0,244127,genus,0.0752113,Anaerotruncus,ERR1089768
46145.0,561,genus,0.0707871,Escherichia,ERR1089768
46145.0,1263,genus,0.0663629,Ruminococcus,ERR1089768
46145.0,838,genus,0.0530903,Prevotella,ERR1089768
46145.0,1485,genus,0.0530903,Clostridium,ERR1089768
46145.0,397864,genus,0.0486661,Barnesiella,ERR1089768
46145.0,1017280,genus,0.0442419,Pseudoflavonifractor,ERR1089768
46145.0,1678,genus,0.0442419,Bifidobacterium,ERR1089768
46145.0,620,genus,0.0353935,Shigella,ERR1089768
46145.0,33042,genus,0.0353935,Coprococcus,ERR1089768
46145.0,1350,genus,0.0353935,Enterococcus,ERR1089768
46145.0,841,genus,0.0265451,Roseburia,ERR1089768
46145.0,2299,genus,0.0265451,Desulfosarcina,ERR1089768
46145.0,286,genus,0.0265451,Pseudomonas,ERR1089768
46145.0,180541,genus,0.0265451,Salinisphaera,ERR1089768
46145.0,1730,genus,0.022121,Eubacterium,ERR1089768
46145.0,84108,genus,0.0176968,Slackia,ERR1089768
46145.0,1578,genus,0.0176968,Lactobacillus,ERR1089768
46145.0,189330,genus,0.0176968,Dorea,ERR1089768
46145.0,590,genus,0.0132726,Salmonella,ERR1089768
46145.0,1505663,genus,0.0132726,Erysipelatoclostridium,ERR1089768
46145.0,100175,genus,0.0132726,Papillibacter,ERR1089768
46145.0,583,genus,0.0132726,Proteus,ERR1089768
46145.0,79206,genus,0.0132726,Desulfosporosinus,ERR1089768
46145.0,898,genus,0.0132726,Desulfomicrobium,ERR1089768
46145.0,233191,genus,0.0132726,Caldilinea,ERR1089768
46145.0,1279,genus,0.0132726,Staphylococcus,ERR1089768
46145.0,52784,genus,0.00884838,Anaerofilum,ERR1089768
46145.0,55080,genus,0.00884838,Brevibacillus,ERR1089768
46145.0,1221880,genus,0.00884838,Psychrobacillus,ERR1089768
46145.0,698776,genus,0.00884838,Cellulosilyticum,ERR1089768
46145.0,18,genus,0.00884838,Pelobacter,ERR1089768
46145.0,28453,genus,0.00884838,Sphingobacterium,ERR1089768
46145.0,1716,genus,0.00884838,Corynebacterium,ERR1089768
46145.0,53335,genus,0.00884838,Pantoea,ERR1089768
46145.0,265980,genus,0.00884838,Alkalimonas,ERR1089768
46145.0,413496,genus,0.00884838,Cronobacter,ERR1089768
46145.0,400634,genus,0.00884838,Lysinibacillus,ERR1089768
46145.0,39948,genus,0.00442419,Dialister,ERR1089768
46145.0,156454,genus,0.00442419,Anaeroglobus,ERR1089768
46145.0,450803,genus,0.00442419,Oceaniserpentilla,ERR1089768
46145.0,445,genus,0.00442419,Legionella,ERR1089768
46145.0,13275,genus,0.00442419,Suttonella,ERR1089768
46145.0,226,genus,0.00442419,Alteromonas,ERR1089768
46145.0,84565,genus,0.00442419,Sodalis,ERR1089768
46145.0,13724,genus,0.00442419,Thiocystis,ERR1089768
46145.0,58050,genus,0.00442419,Moritella,ERR1089768
46145.0,40323,genus,0.00442419,Stenotrophomonas,ERR1089768
46145.0,586,genus,0.00442419,Providencia,ERR1089768
46145.0,1769729,genus,0.00442419,Hathewaya,ERR1089768
46145.0,1843210,genus,0.00442419,Anaerocolumna,ERR1089768
46145.0,2735,genus,0.00442419,Verrucomicrobium,ERR1089768
46145.0,102106,genus,0.00442419,Collinsella,ERR1089768
46145.0,1380,genus,0.00442419,Atopobium,ERR1089768
46145.0,1663,genus,0.00442419,Arthrobacter,ERR1089768
46145.0,1301,genus,0.00442419,Streptococcus,ERR1089768
46145.0,1200657,genus,0.00442419,Saccharofermentans,ERR1089768
46145.0,262406,genus,0.00442419,Thermobaculum,ERR1089768
46145.0,570,genus,0.00442419,Klebsiella,ERR1089768
46145.0,13687,genus,0.00442419,Sphingomonas,ERR1089768
46145.0,61434,genus,0.00442419,Dehalococcoides,ERR1089768
46145.0,1742989,genus,0.00442419,Glutamicibacter,ERR1089768
46145.0,670486,genus,0.00442419,Dehalogenimonas,ERR1089768
46145.0,34037,genus,0.00442419,Rahnella,ERR1089768
46145.0,577310,genus,0.00442419,Parasutterella,ERR1089768
46145.0,830,genus,0.00442419,Butyrivibrio,ERR1089768
46145.0,497,genus,0.00442419,Psychrobacter,ERR1089768
46145.0,469,genus,0.00442419,Acinetobacter,ERR1089768
46145.0,84406,genus,0.00442419,Virgibacillus,ERR1089768
46145.0,48463,genus,0.00442419,Prosthecobacter,ERR1089768
46145.0,836,genus,0.00442419,Porphyromonas,ERR1089768
46145.0,118747,genus,0.00442419,Bulleidia,ERR1089768
,-1,genus,71.1631,Unknown,ERR1089768
46145.0,2172,genus,11.587,Methanobrevibacter,ERR1089768
46145.0,239934,genus,6.31332,Akkermansia,ERR1089768
46145.0,459786,genus,3.12348,Oscillibacter,ERR1089768
46145.0,216851,genus,1.43786,Faecalibacterium,ERR1089768
46145.0,1508657,genus,1.33611,Ruminiclostridium,ERR1089768
46145.0,1506553,genus,0.778658,Lachnoclostridium,ERR1089768
46145.0,1569,genus,0.676901,Sporosarcina,ERR1089768
46145.0,2316,genus,0.592842,Methanosphaera,ERR1089768
46145.0,816,genus,0.553024,Bacteroides,ERR1089768
46145.0,572511,genus,0.283148,Blautia,ERR1089768
46145.0,990721,genus,0.283148,Christensenella,ERR1089768
46145.0,239759,genus,0.243331,Alistipes,ERR1089768
46145.0,375288,genus,0.176968,Parabacteroides,ERR1089768
46145.0,44748,genus,0.128302,Sporobacter,ERR1089768
46145.0,1386,genus,0.115029,Bacillus,ERR1089768
46145.0,872,genus,0.110605,Desulfovibrio,ERR1089768
46145.0,244127,genus,0.0752113,Anaerotruncus,ERR1089768
46145.0,561,genus,0.0707871,Escherichia,ERR1089768
46145.0,1263,genus,0.0663629,Ruminococcus,ERR1089768
46145.0,838,genus,0.0530903,Prevotella,ERR1089768
46145.0,1485,genus,0.0530903,Clostridium,ERR1089768
46145.0,397864,genus,0.0486661,Barnesiella,ERR1089768
46145.0,1017280,genus,0.0442419,Pseudoflavonifractor,ERR1089768
46145.0,1678,genus,0.0442419,Bifidobacterium,ERR1089768
46145.0,620,genus,0.0353935,Shigella,ERR1089768
46145.0,33042,genus,0.0353935,Coprococcus,ERR1089768
46145.0,1350,genus,0.0353935,Enterococcus,ERR1089768
46145.0,841,genus,0.0265451,Roseburia,ERR1089768
46145.0,2299,genus,0.0265451,Desulfosarcina,ERR1089768
46145.0,286,genus,0.0265451,Pseudomonas,ERR1089768
46145.0,180541,genus,0.0265451,Salinisphaera,ERR1089768
46145.0,1730,genus,0.022121,Eubacterium,ERR1089768
46145.0,84108,genus,0.0176968,Slackia,ERR1089768
46145.0,1578,genus,0.0176968,Lactobacillus,ERR1089768
46145.0,189330,genus,0.0176968,Dorea,ERR1089768
46145.0,590,genus,0.0132726,Salmonella,ERR1089768
46145.0,1505663,genus,0.0132726,Erysipelatoclostridium,ERR1089768
46145.0,100175,genus,0.0132726,Papillibacter,ERR1089768
46145.0,583,genus,0.0132726,Proteus,ERR1089768
46145.0,79206,genus,0.0132726,Desulfosporosinus,ERR1089768
46145.0,898,genus,0.0132726,Desulfomicrobium,ERR1089768
46145.0,233191,genus,0.0132726,Caldilinea,ERR1089768
46145.0,1279,genus,0.0132726,Staphylococcus,ERR1089768
46145.0,52784,genus,0.00884838,Anaerofilum,ERR1089768
46145.0,55080,genus,0.00884838,Brevibacillus,ERR1089768
46145.0,1221880,genus,0.00884838,Psychrobacillus,ERR1089768
46145.0,698776,genus,0.00884838,Cellulosilyticum,ERR1089768
46145.0,18,genus,0.00884838,Pelobacter,ERR1089768
46145.0,28453,genus,0.00884838,Sphingobacterium,ERR1089768
46145.0,1716,genus,0.00884838,Corynebacterium,ERR1089768
46145.0,53335,genus,0.00884838,Pantoea,ERR1089768
46145.0,265980,genus,0.00884838,Alkalimonas,ERR1089768
46145.0,413496,genus,0.00884838,Cronobacter,ERR1089768
46145.0,400634,genus,0.00884838,Lysinibacillus,ERR1089768
46145.0,445,genus,0.00442419,Legionella,ERR1089768
46145.0,13275,genus,0.00442419,Suttonella,ERR1089768
46145.0,226,genus,0.00442419,Alteromonas,ERR1089768
46145.0,84565,genus,0.00442419,Sodalis,ERR1089768
46145.0,13724,genus,0.00442419,Thiocystis,ERR1089768
46145.0,58050,genus,0.00442419,Moritella,ERR1089768
46145.0,40323,genus,0.00442419,Stenotrophomonas,ERR1089768
46145.0,586,genus,0.00442419,Providencia,ERR1089768
46145.0,1769729,genus,0.00442419,Hathewaya,ERR1089768
46145.0,1843210,genus,0.00442419,Anaerocolumna,ERR1089768
46145.0,2735,genus,0.00442419,Verrucomicrobium,ERR1089768
46145.0,102106,genus,0.00442419,Collinsella,ERR1089768
46145.0,1380,genus,0.00442419,Atopobium,ERR1089768
46145.0,1663,genus,0.00442419,Arthrobacter,ERR1089768
46145.0,1301,genus,0.00442419,Streptococcus,ERR1089768
46145.0,1200657,genus,0.00442419,Saccharofermentans,ERR1089768
46145.0,262406,genus,0.00442419,Thermobaculum,ERR1089768
46145.0,570,genus,0.00442419,Klebsiella,ERR1089768
46145.0,13687,genus,0.00442419,Sphingomonas,ERR1089768
46145.0,61434,genus,0.00442419,Dehalococcoides,ERR1089768
46145.0,1742989,genus,0.00442419,Glutamicibacter,ERR1089768
46145.0,670486,genus,0.00442419,Dehalogenimonas,ERR1089768
46145.0,34037,genus,0.00442419,Rahnella,ERR1089768
46145.0,577310,genus,0.00442419,Parasutterella,ERR1089768
46145.0,830,genus,0.00442419,Butyrivibrio,ERR1089768
46145.0,497,genus,0.00442419,Psychrobacter,ERR1089768
46145.0,469,genus,0.00442419,Acinetobacter,ERR1089768
46145.0,84406,genus,0.00442419,Virgibacillus,ERR1089768
46145.0,48463,genus,0.00442419,Prosthecobacter,ERR1089768
46145.0,836,genus,0.00442419,Porphyromonas,ERR1089768
46145.0,118747,genus,0.00442419,Bulleidia,ERR1089768
46145.0,39948,genus,0.00442419,Dialister,ERR1089768
46145.0,156454,genus,0.00442419,Anaeroglobus,ERR1089768
46145.0,450803,genus,0.00442419,Oceaniserpentilla,ERR1089768
,-1,genus,71.1631,Unknown,ERR1089768
46145.0,2172,genus,11.587,Methanobrevibacter,ERR1089768
46145.0,239934,genus,6.31332,Akkermansia,ERR1089768
46145.0,459786,genus,3.12348,Oscillibacter,ERR1089768
46145.0,216851,genus,1.43786,Faecalibacterium,ERR1089768
46145.0,1508657,genus,1.33611,Ruminiclostridium,ERR1089768
46145.0,1506553,genus,0.778658,Lachnoclostridium,ERR1089768
46145.0,1569,genus,0.676901,Sporosarcina,ERR1089768
46145.0,2316,genus,0.592842,Methanosphaera,ERR1089768
46145.0,816,genus,0.553024,Bacteroides,ERR1089768
46145.0,572511,genus,0.283148,Blautia,ERR1089768
46145.0,990721,genus,0.283148,Christensenella,ERR1089768
46145.0,239759,genus,0.243331,Alistipes,ERR1089768
46145.0,375288,genus,0.176968,Parabacteroides,ERR1089768
46145.0,44748,genus,0.128302,Sporobacter,ERR1089768
46145.0,1386,genus,0.115029,Bacillus,ERR1089768
46145.0,872,genus,0.110605,Desulfovibrio,ERR1089768
46145.0,244127,genus,0.0752113,Anaerotruncus,ERR1089768
46145.0,561,genus,0.0707871,Escherichia,ERR1089768
46145.0,1263,genus,0.0663629,Ruminococcus,ERR1089768
46145.0,838,genus,0.0530903,Prevotella,ERR1089768
46145.0,1485,genus,0.0530903,Clostridium,ERR1089768
46145.0,397864,genus,0.0486661,Barnesiella,ERR1089768
46145.0,1017280,genus,0.0442419,Pseudoflavonifractor,ERR1089768
46145.0,1678,genus,0.0442419,Bifidobacterium,ERR1089768
46145.0,620,genus,0.0353935,Shigella,ERR1089768
46145.0,33042,genus,0.0353935,Coprococcus,ERR1089768
46145.0,1350,genus,0.0353935,Enterococcus,ERR1089768
46145.0,841,genus,0.0265451,Roseburia,ERR1089768
46145.0,2299,genus,0.0265451,Desulfosarcina,ERR1089768
46145.0,286,genus,0.0265451,Pseudomonas,ERR1089768
46145.0,180541,genus,0.0265451,Salinisphaera,ERR1089768
46145.0,1730,genus,0.022121,Eubacterium,ERR1089768
46145.0,84108,genus,0.0176968,Slackia,ERR1089768
46145.0,1578,genus,0.0176968,Lactobacillus,ERR1089768
46145.0,189330,genus,0.0176968,Dorea,ERR1089768
46145.0,1279,genus,0.0132726,Staphylococcus,ERR1089768
46145.0,590,genus,0.0132726,Salmonella,ERR1089768
46145.0,1505663,genus,0.0132726,Erysipelatoclostridium,ERR1089768
46145.0,100175,genus,0.0132726,Papillibacter,ERR1089768
46145.0,583,genus,0.0132726,Proteus,ERR1089768
46145.0,79206,genus,0.0132726,Desulfosporosinus,ERR1089768
46145.0,898,genus,0.0132726,Desulfomicrobium,ERR1089768
46145.0,233191,genus,0.0132726,Caldilinea,ERR1089768
46145.0,400634,genus,0.00884838,Lysinibacillus,ERR1089768
46145.0,52784,genus,0.00884838,Anaerofilum,ERR1089768
46145.0,55080,genus,0.00884838,Brevibacillus,ERR1089768
46145.0,1221880,genus,0.00884838,Psychrobacillus,ERR1089768
46145.0,698776,genus,0.00884838,Cellulosilyticum,ERR1089768
46145.0,18,genus,0.00884838,Pelobacter,ERR1089768
46145.0,28453,genus,0.00884838,Sphingobacterium,ERR1089768
46145.0,1716,genus,0.00884838,Corynebacterium,ERR1089768
46145.0,53335,genus,0.00884838,Pantoea,ERR1089768
46145.0,265980,genus,0.00884838,Alkalimonas,ERR1089768
46145.0,413496,genus,0.00884838,Cronobacter,ERR1089768
46145.0,84406,genus,0.00442419,Virgibacillus,ERR1089768
46145.0,48463,genus,0.00442419,Prosthecobacter,ERR1089768
46145.0,836,genus,0.00442419,Porphyromonas,ERR1089768
46145.0,118747,genus,0.00442419,Bulleidia,ERR1089768
46145.0,39948,genus,0.00442419,Dialister,ERR1089768
46145.0,156454,genus,0.00442419,Anaeroglobus,ERR1089768
46145.0,450803,genus,0.00442419,Oceaniserpentilla,ERR1089768
46145.0,445,genus,0.00442419,Legionella,ERR1089768
46145.0,13275,genus,0.00442419,Suttonella,ERR1089768
46145.0,226,genus,0.00442419,Alteromonas,ERR1089768
46145.0,84565,genus,0.00442419,Sodalis,ERR1089768
46145.0,13724,genus,0.00442419,Thiocystis,ERR1089768
46145.0,58050,genus,0.00442419,Moritella,ERR1089768
46145.0,40323,genus,0.00442419,Stenotrophomonas,ERR1089768
46145.0,586,genus,0.00442419,Providencia,ERR1089768
46145.0,1769729,genus,0.00442419,Hathewaya,ERR1089768
46145.0,1843210,genus,0.00442419,Anaerocolumna,ERR1089768
46145.0,2735,genus,0.00442419,Verrucomicrobium,ERR1089768
46145.0,102106,genus,0.00442419,Collinsella,ERR1089768
46145.0,1380,genus,0.00442419,Atopobium,ERR1089768
46145.0,1663,genus,0.00442419,Arthrobacter,ERR1089768
46145.0,1301,genus,0.00442419,Streptococcus,ERR1089768
46145.0,1200657,genus,0.00442419,Saccharofermentans,ERR1089768
46145.0,262406,genus,0.00442419,Thermobaculum,ERR1089768
46145.0,570,genus,0.00442419,Klebsiella,ERR1089768
46145.0,13687,genus,0.00442419,Sphingomonas,ERR1089768
46145.0,61434,genus,0.00442419,Dehalococcoides,ERR1089768
46145.0,1742989,genus,0.00442419,Glutamicibacter,ERR1089768
46145.0,670486,genus,0.00442419,Dehalogenimonas,ERR1089768
46145.0,34037,genus,0.00442419,Rahnella,ERR1089768
46145.0,577310,genus,0.00442419,Parasutterella,ERR1089768
46145.0,830,genus,0.00442419,Butyrivibrio,ERR1089768
46145.0,497,genus,0.00442419,Psychrobacter,ERR1089768
46145.0,469,genus,0.00442419,Acinetobacter,ERR1089768
,-1,genus,71.1631,Unknown,ERR1089768
36324.0,816,genus,31.1748,Bacteroides,ERR1089787
36324.0,375288,genus,11.8981,Parabacteroides,ERR1089787
36324.0,841,genus,6.08003,Roseburia,ERR1089787
36324.0,1263,genus,5.21066,Ruminococcus,ERR1089787
36324.0,572511,genus,3.92889,Blautia,ERR1089787
36324.0,239934,genus,3.65582,Akkermansia,ERR1089787
36324.0,239759,genus,2.16786,Alistipes,ERR1089787
36324.0,1508657,genus,1.76661,Ruminiclostridium,ERR1089787
36324.0,459786,genus,1.29291,Oscillibacter,ERR1089787
36324.0,1506553,genus,0.874944,Lachnoclostridium,ERR1089787
36324.0,1505663,genus,0.769059,Erysipelatoclostridium,ERR1089787
36324.0,904,genus,0.769059,Acidaminococcus,ERR1089787
36324.0,44748,genus,0.557289,Sporobacter,ERR1089787
36324.0,1730,genus,0.445831,Eubacterium,ERR1089787
36324.0,577310,genus,0.334374,Parasutterella,ERR1089787
36324.0,283168,genus,0.328801,Odoribacter,ERR1089787
36324.0,1485,genus,0.328801,Clostridium,ERR1089787
36324.0,216851,genus,0.312082,Faecalibacterium,ERR1089787
36324.0,1573534,genus,0.28979,Faecalitalea,ERR1089787
36324.0,244127,genus,0.239634,Anaerotruncus,ERR1089787
36324.0,102106,genus,0.234062,Collinsella,ERR1089787
36324.0,1505657,genus,0.234062,Intestinibacter,ERR1089787
36324.0,100883,genus,0.144895,Coprobacillus,ERR1089787
36324.0,1386,genus,0.117031,Bacillus,ERR1089787
36324.0,1350,genus,0.117031,Enterococcus,ERR1089787
36324.0,207244,genus,0.0947392,Anaerostipes,ERR1089787
36324.0,35832,genus,0.0835934,Bilophila,ERR1089787
36324.0,189330,genus,0.0780205,Dorea,ERR1089787
36324.0,84111,genus,0.0613018,Eggerthella,ERR1089787
36324.0,1301,genus,0.0557289,Streptococcus,ERR1089787
36324.0,270497,genus,0.0557289,Catabacter,ERR1089787
36324.0,286,genus,0.050156,Pseudomonas,ERR1089787
36324.0,1678,genus,0.0390103,Bifidobacterium,ERR1089787
36324.0,52784,genus,0.0334374,Anaerofilum,ERR1089787
36324.0,1578,genus,0.0334374,Lactobacillus,ERR1089787
36324.0,561,genus,0.0278645,Escherichia,ERR1089787
36324.0,84108,genus,0.0278645,Slackia,ERR1089787
36324.0,1200657,genus,0.0278645,Saccharofermentans,ERR1089787
36324.0,150022,genus,0.0278645,Finegoldia,ERR1089787
36324.0,872,genus,0.0222916,Desulfovibrio,ERR1089787
36324.0,61170,genus,0.0222916,Holdemania,ERR1089787
36324.0,583,genus,0.0167187,Proteus,ERR1089787
36324.0,2172,genus,0.0111458,Methanobrevibacter,ERR1089787
36324.0,420345,genus,0.0111458,Lactonifactor,ERR1089787
36324.0,413496,genus,0.00557289,Cronobacter,ERR1089787
36324.0,508459,genus,0.00557289,Cloacibacillus,ERR1089787
36324.0,581,genus,0.00557289,Morganella,ERR1089787
36324.0,795750,genus,0.00557289,Ignavibacterium,ERR1089787
36324.0,469,genus,0.00557289,Acinetobacter,ERR1089787
36324.0,33042,genus,0.00557289,Coprococcus,ERR1089787
36324.0,79206,genus,0.00557289,Desulfosporosinus,ERR1089787
36324.0,1357,genus,0.00557289,Lactococcus,ERR1089787
36324.0,294702,genus,0.00557289,Proteiniphilum,ERR1089787
36324.0,392735,genus,0.00557289,Uliginosibacterium,ERR1089787
36324.0,1243,genus,0.00557289,Leuconostoc,ERR1089787
36324.0,1988,genus,0.00557289,Actinomadura,ERR1089787
36324.0,662,genus,0.00557289,Vibrio,ERR1089787
36324.0,445,genus,0.00557289,Legionella,ERR1089787
36324.0,698776,genus,0.00557289,Cellulosilyticum,ERR1089787
36324.0,165779,genus,0.00557289,Anaerococcus,ERR1089787
36324.0,590,genus,0.00557289,Salmonella,ERR1089787
36324.0,1549126,genus,0.00557289,Desulfatiglans,ERR1089787
36324.0,187144,genus,0.00557289,Caldithrix,ERR1089787
36324.0,100175,genus,0.00557289,Papillibacter,ERR1089787
,-1,genus,25.2731,Unknown,ERR1089787
34072.0,816,genus,14.9297,Bacteroides,ERR1089796
34072.0,459786,genus,5.14541,Oscillibacter,ERR1089796
34072.0,375288,genus,1.78971,Parabacteroides,ERR1089796
34072.0,216851,genus,1.68418,Faecalibacterium,ERR1089796
34072.0,239759,genus,1.21565,Alistipes,ERR1089796
34072.0,283168,genus,0.696467,Odoribacter,ERR1089796
34072.0,904,genus,0.303913,Acidaminococcus,ERR1089796
34072.0,1506553,genus,0.215272,Lachnoclostridium,ERR1089796
34072.0,52784,genus,0.20683,Anaerofilum,ERR1089796
34072.0,244127,genus,0.16884,Anaerotruncus,ERR1089796
34072.0,572511,genus,0.105525,Blautia,ERR1089796
34072.0,1508657,genus,0.0970833,Ruminiclostridium,ERR1089796
34072.0,1301,genus,0.0759782,Streptococcus,ERR1089796
34072.0,1263,genus,0.0675362,Ruminococcus,ERR1089796
34072.0,561,genus,0.0633152,Escherichia,ERR1089796
34072.0,1485,genus,0.0590942,Clostridium,ERR1089796
34072.0,44748,genus,0.0590942,Sporobacter,ERR1089796
34072.0,838,genus,0.0506521,Prevotella,ERR1089796
34072.0,1505663,genus,0.0464311,Erysipelatoclostridium,ERR1089796
34072.0,898,genus,0.0422101,Desulfomicrobium,ERR1089796
34072.0,872,genus,0.0422101,Desulfovibrio,ERR1089796
34072.0,1386,genus,0.0379891,Bacillus,ERR1089796
34072.0,1678,genus,0.0337681,Bifidobacterium,ERR1089796
34072.0,286,genus,0.0337681,Pseudomonas,ERR1089796
34072.0,1505657,genus,0.0295471,Intestinibacter,ERR1089796
34072.0,33042,genus,0.0295471,Coprococcus,ERR1089796
34072.0,2299,genus,0.0253261,Desulfosarcina,ERR1089796
34072.0,836,genus,0.0253261,Porphyromonas,ERR1089796
34072.0,180541,genus,0.0253261,Salinisphaera,ERR1089796
34072.0,189330,genus,0.016884,Dorea,ERR1089796
34072.0,265980,genus,0.016884,Alkalimonas,ERR1089796
34072.0,146813,genus,0.016884,Dendrosporobacter,ERR1089796
34072.0,1471399,genus,0.016884,Draconibacterium,ERR1089796
34072.0,620,genus,0.016884,Shigella,ERR1089796
34072.0,41273,genus,0.012663,Tissierella,ERR1089796
34072.0,133925,genus,0.012663,Olsenella,ERR1089796
34072.0,168808,genus,0.012663,Sneathia,ERR1089796
34072.0,18,genus,0.00844202,Pelobacter,ERR1089796
34072.0,841,genus,0.00844202,Roseburia,ERR1089796
34072.0,1730,genus,0.00844202,Eubacterium,ERR1089796
34072.0,84111,genus,0.00844202,Eggerthella,ERR1089796
34072.0,795750,genus,0.00844202,Ignavibacterium,ERR1089796
34072.0,182709,genus,0.00844202,Oceanobacillus,ERR1089796
34072.0,413496,genus,0.00844202,Cronobacter,ERR1089796
34072.0,1578,genus,0.00844202,Lactobacillus,ERR1089796
34072.0,581,genus,0.00844202,Morganella,ERR1089796
34072.0,58050,genus,0.00844202,Moritella,ERR1089796
34072.0,162289,genus,0.00844202,Peptoniphilus,ERR1089796
34072.0,590,genus,0.00844202,Salmonella,ERR1089796
34072.0,445,genus,0.00844202,Legionella,ERR1089796
34072.0,637,genus,0.00844202,Arsenophonus,ERR1089796
34072.0,233191,genus,0.00844202,Caldilinea,ERR1089796
34072.0,239934,genus,0.00844202,Akkermansia,ERR1089796
34072.0,28231,genus,0.00422101,Geobacter,ERR1089796
34072.0,642,genus,0.00422101,Aeromonas,ERR1089796
34072.0,262406,genus,0.00422101,Thermobaculum,ERR1089796
34072.0,207244,genus,0.00422101,Anaerostipes,ERR1089796
34072.0,226,genus,0.00422101,Alteromonas,ERR1089796
34072.0,218207,genus,0.00422101,Desulfatibacillum,ERR1089796
34072.0,39948,genus,0.00422101,Dialister,ERR1089796
34072.0,469,genus,0.00422101,Acinetobacter,ERR1089796
34072.0,165779,genus,0.00422101,Anaerococcus,ERR1089796
34072.0,44249,genus,0.00422101,Paenibacillus,ERR1089796
34072.0,203804,genus,0.00422101,Candidatus Blochmannia,ERR1089796
34072.0,13687,genus,0.00422101,Sphingomonas,ERR1089796
34072.0,39773,genus,0.00422101,Methylomicrobium,ERR1089796
34072.0,2742,genus,0.00422101,Marinobacter,ERR1089796
34072.0,28453,genus,0.00422101,Sphingobacterium,ERR1089796
34072.0,1378,genus,0.00422101,Gemella,ERR1089796
34072.0,1792239,genus,0.00422101,Caviibacter,ERR1089796
34072.0,577310,genus,0.00422101,Parasutterella,ERR1089796
34072.0,13275,genus,0.00422101,Suttonella,ERR1089796
34072.0,172900,genus,0.00422101,Victivallis,ERR1089796
34072.0,79328,genus,0.00422101,Chitinophaga,ERR1089796
34072.0,59753,genus,0.00422101,Alcanivorax,ERR1089796
34072.0,233189,genus,0.00422101,Anaerolinea,ERR1089796
34072.0,577309,genus,0.00422101,Paraprevotella,ERR1089796
34072.0,1654931,genus,0.00422101,Crenobacter,ERR1089796
34072.0,1716,genus,0.00422101,Corynebacterium,ERR1089796
34072.0,35832,genus,0.00422101,Bilophila,ERR1089796
34072.0,1279,genus,0.00422101,Staphylococcus,ERR1089796
34072.0,79206,genus,0.00422101,Desulfosporosinus,ERR1089796
34072.0,32205,genus,0.00422101,Leptonema,ERR1089796
34072.0,1506577,genus,0.00422101,Tyzzerella,ERR1089796
34072.0,649460,genus,0.00422101,Filimonas,ERR1089796
34072.0,1618113,genus,0.00422101,Saccharicrinis,ERR1089796
34072.0,1357,genus,0.00422101,Lactococcus,ERR1089796
34072.0,397864,genus,0.00422101,Barnesiella,ERR1089796
34072.0,227979,genus,0.00422101,Jeotgalicoccus,ERR1089796
,-1,genus,72.2089,Unknown,ERR1089796
34072.0,816,genus,14.9297,Bacteroides,ERR1089796
34072.0,459786,genus,5.14541,Oscillibacter,ERR1089796
34072.0,375288,genus,1.78971,Parabacteroides,ERR1089796
34072.0,216851,genus,1.68418,Faecalibacterium,ERR1089796
34072.0,239759,genus,1.21565,Alistipes,ERR1089796
34072.0,283168,genus,0.696467,Odoribacter,ERR1089796
34072.0,904,genus,0.303913,Acidaminococcus,ERR1089796
34072.0,1506553,genus,0.215272,Lachnoclostridium,ERR1089796
34072.0,52784,genus,0.20683,Anaerofilum,ERR1089796
34072.0,244127,genus,0.16884,Anaerotruncus,ERR1089796
34072.0,572511,genus,0.105525,Blautia,ERR1089796
34072.0,1508657,genus,0.0970833,Ruminiclostridium,ERR1089796
34072.0,1301,genus,0.0759782,Streptococcus,ERR1089796
34072.0,1263,genus,0.0675362,Ruminococcus,ERR1089796
34072.0,561,genus,0.0633152,Escherichia,ERR1089796
34072.0,44748,genus,0.0590942,Sporobacter,ERR1089796
34072.0,1485,genus,0.0590942,Clostridium,ERR1089796
34072.0,838,genus,0.0506521,Prevotella,ERR1089796
34072.0,1505663,genus,0.0464311,Erysipelatoclostridium,ERR1089796
34072.0,898,genus,0.0422101,Desulfomicrobium,ERR1089796
34072.0,872,genus,0.0422101,Desulfovibrio,ERR1089796
34072.0,1386,genus,0.0379891,Bacillus,ERR1089796
34072.0,1678,genus,0.0337681,Bifidobacterium,ERR1089796
34072.0,286,genus,0.0337681,Pseudomonas,ERR1089796
34072.0,33042,genus,0.0295471,Coprococcus,ERR1089796
34072.0,1505657,genus,0.0295471,Intestinibacter,ERR1089796
34072.0,180541,genus,0.0253261,Salinisphaera,ERR1089796
34072.0,2299,genus,0.0253261,Desulfosarcina,ERR1089796
34072.0,836,genus,0.0253261,Porphyromonas,ERR1089796
34072.0,620,genus,0.016884,Shigella,ERR1089796
34072.0,189330,genus,0.016884,Dorea,ERR1089796
34072.0,146813,genus,0.016884,Dendrosporobacter,ERR1089796
34072.0,265980,genus,0.016884,Alkalimonas,ERR1089796
34072.0,1471399,genus,0.016884,Draconibacterium,ERR1089796
34072.0,168808,genus,0.012663,Sneathia,ERR1089796
34072.0,41273,genus,0.012663,Tissierella,ERR1089796
34072.0,133925,genus,0.012663,Olsenella,ERR1089796
34072.0,1578,genus,0.00844202,Lactobacillus,ERR1089796
34072.0,581,genus,0.00844202,Morganella,ERR1089796
34072.0,162289,genus,0.00844202,Peptoniphilus,ERR1089796
34072.0,58050,genus,0.00844202,Moritella,ERR1089796
34072.0,590,genus,0.00844202,Salmonella,ERR1089796
34072.0,233191,genus,0.00844202,Caldilinea,ERR1089796
34072.0,445,genus,0.00844202,Legionella,ERR1089796
34072.0,637,genus,0.00844202,Arsenophonus,ERR1089796
34072.0,239934,genus,0.00844202,Akkermansia,ERR1089796
34072.0,84111,genus,0.00844202,Eggerthella,ERR1089796
34072.0,18,genus,0.00844202,Pelobacter,ERR1089796
34072.0,841,genus,0.00844202,Roseburia,ERR1089796
34072.0,1730,genus,0.00844202,Eubacterium,ERR1089796
34072.0,795750,genus,0.00844202,Ignavibacterium,ERR1089796
34072.0,182709,genus,0.00844202,Oceanobacillus,ERR1089796
34072.0,413496,genus,0.00844202,Cronobacter,ERR1089796
34072.0,2742,genus,0.00422101,Marinobacter,ERR1089796
34072.0,28453,genus,0.00422101,Sphingobacterium,ERR1089796
34072.0,1792239,genus,0.00422101,Caviibacter,ERR1089796
34072.0,577310,genus,0.00422101,Parasutterella,ERR1089796
34072.0,1378,genus,0.00422101,Gemella,ERR1089796
34072.0,172900,genus,0.00422101,Victivallis,ERR1089796
34072.0,13275,genus,0.00422101,Suttonella,ERR1089796
34072.0,79328,genus,0.00422101,Chitinophaga,ERR1089796
34072.0,233189,genus,0.00422101,Anaerolinea,ERR1089796
34072.0,59753,genus,0.00422101,Alcanivorax,ERR1089796
34072.0,1716,genus,0.00422101,Corynebacterium,ERR1089796
34072.0,35832,genus,0.00422101,Bilophila,ERR1089796
34072.0,577309,genus,0.00422101,Paraprevotella,ERR1089796
34072.0,1654931,genus,0.00422101,Crenobacter,ERR1089796
34072.0,32205,genus,0.00422101,Leptonema,ERR1089796
34072.0,1506577,genus,0.00422101,Tyzzerella,ERR1089796
34072.0,1279,genus,0.00422101,Staphylococcus,ERR1089796
34072.0,79206,genus,0.00422101,Desulfosporosinus,ERR1089796
34072.0,649460,genus,0.00422101,Filimonas,ERR1089796
34072.0,1618113,genus,0.00422101,Saccharicrinis,ERR1089796
34072.0,227979,genus,0.00422101,Jeotgalicoccus,ERR1089796
34072.0,1357,genus,0.00422101,Lactococcus,ERR1089796
34072.0,397864,genus,0.00422101,Barnesiella,ERR1089796
34072.0,28231,genus,0.00422101,Geobacter,ERR1089796
34072.0,642,genus,0.00422101,Aeromonas,ERR1089796
34072.0,207244,genus,0.00422101,Anaerostipes,ERR1089796
34072.0,226,genus,0.00422101,Alteromonas,ERR1089796
34072.0,262406,genus,0.00422101,Thermobaculum,ERR1089796
34072.0,39948,genus,0.00422101,Dialister,ERR1089796
34072.0,218207,genus,0.00422101,Desulfatibacillum,ERR1089796
34072.0,165779,genus,0.00422101,Anaerococcus,ERR1089796
34072.0,469,genus,0.00422101,Acinetobacter,ERR1089796
34072.0,13687,genus,0.00422101,Sphingomonas,ERR1089796
34072.0,39773,genus,0.00422101,Methylomicrobium,ERR1089796
34072.0,44249,genus,0.00422101,Paenibacillus,ERR1089796
34072.0,203804,genus,0.00422101,Candidatus Blochmannia,ERR1089796
,-1,genus,72.2089,Unknown,ERR1089796
34072.0,816,genus,14.9297,Bacteroides,ERR1089796
34072.0,459786,genus,5.14541,Oscillibacter,ERR1089796
34072.0,375288,genus,1.78971,Parabacteroides,ERR1089796
34072.0,216851,genus,1.68418,Faecalibacterium,ERR1089796
34072.0,239759,genus,1.21565,Alistipes,ERR1089796
34072.0,283168,genus,0.696467,Odoribacter,ERR1089796
34072.0,904,genus,0.303913,Acidaminococcus,ERR1089796
34072.0,1506553,genus,0.215272,Lachnoclostridium,ERR1089796
34072.0,52784,genus,0.20683,Anaerofilum,ERR1089796
34072.0,244127,genus,0.16884,Anaerotruncus,ERR1089796
34072.0,572511,genus,0.105525,Blautia,ERR1089796
34072.0,1508657,genus,0.0970833,Ruminiclostridium,ERR1089796
34072.0,1301,genus,0.0759782,Streptococcus,ERR1089796
34072.0,1263,genus,0.0675362,Ruminococcus,ERR1089796
34072.0,561,genus,0.0633152,Escherichia,ERR1089796
34072.0,1485,genus,0.0590942,Clostridium,ERR1089796
34072.0,44748,genus,0.0590942,Sporobacter,ERR1089796
34072.0,838,genus,0.0506521,Prevotella,ERR1089796
34072.0,1505663,genus,0.0464311,Erysipelatoclostridium,ERR1089796
34072.0,898,genus,0.0422101,Desulfomicrobium,ERR1089796
34072.0,872,genus,0.0422101,Desulfovibrio,ERR1089796
34072.0,1386,genus,0.0379891,Bacillus,ERR1089796
34072.0,1678,genus,0.0337681,Bifidobacterium,ERR1089796
34072.0,286,genus,0.0337681,Pseudomonas,ERR1089796
34072.0,1505657,genus,0.0295471,Intestinibacter,ERR1089796
34072.0,33042,genus,0.0295471,Coprococcus,ERR1089796
34072.0,836,genus,0.0253261,Porphyromonas,ERR1089796
34072.0,180541,genus,0.0253261,Salinisphaera,ERR1089796
34072.0,2299,genus,0.0253261,Desulfosarcina,ERR1089796
34072.0,265980,genus,0.016884,Alkalimonas,ERR1089796
34072.0,146813,genus,0.016884,Dendrosporobacter,ERR1089796
34072.0,1471399,genus,0.016884,Draconibacterium,ERR1089796
34072.0,620,genus,0.016884,Shigella,ERR1089796
34072.0,189330,genus,0.016884,Dorea,ERR1089796
34072.0,133925,genus,0.012663,Olsenella,ERR1089796
34072.0,168808,genus,0.012663,Sneathia,ERR1089796
34072.0,41273,genus,0.012663,Tissierella,ERR1089796
34072.0,182709,genus,0.00844202,Oceanobacillus,ERR1089796
34072.0,413496,genus,0.00844202,Cronobacter,ERR1089796
34072.0,1578,genus,0.00844202,Lactobacillus,ERR1089796
34072.0,581,genus,0.00844202,Morganella,ERR1089796
34072.0,58050,genus,0.00844202,Moritella,ERR1089796
34072.0,162289,genus,0.00844202,Peptoniphilus,ERR1089796
34072.0,590,genus,0.00844202,Salmonella,ERR1089796
34072.0,445,genus,0.00844202,Legionella,ERR1089796
34072.0,637,genus,0.00844202,Arsenophonus,ERR1089796
34072.0,233191,genus,0.00844202,Caldilinea,ERR1089796
34072.0,239934,genus,0.00844202,Akkermansia,ERR1089796
34072.0,18,genus,0.00844202,Pelobacter,ERR1089796
34072.0,841,genus,0.00844202,Roseburia,ERR1089796
34072.0,1730,genus,0.00844202,Eubacterium,ERR1089796
34072.0,84111,genus,0.00844202,Eggerthella,ERR1089796
34072.0,795750,genus,0.00844202,Ignavibacterium,ERR1089796
34072.0,469,genus,0.00422101,Acinetobacter,ERR1089796
34072.0,165779,genus,0.00422101,Anaerococcus,ERR1089796
34072.0,44249,genus,0.00422101,Paenibacillus,ERR1089796
34072.0,203804,genus,0.00422101,Candidatus Blochmannia,ERR1089796
34072.0,13687,genus,0.00422101,Sphingomonas,ERR1089796
34072.0,39773,genus,0.00422101,Methylomicrobium,ERR1089796
34072.0,2742,genus,0.00422101,Marinobacter,ERR1089796
34072.0,28453,genus,0.00422101,Sphingobacterium,ERR1089796
34072.0,1378,genus,0.00422101,Gemella,ERR1089796
34072.0,1792239,genus,0.00422101,Caviibacter,ERR1089796
34072.0,577310,genus,0.00422101,Parasutterella,ERR1089796
34072.0,13275,genus,0.00422101,Suttonella,ERR1089796
34072.0,172900,genus,0.00422101,Victivallis,ERR1089796
34072.0,79328,genus,0.00422101,Chitinophaga,ERR1089796
34072.0,59753,genus,0.00422101,Alcanivorax,ERR1089796
34072.0,233189,genus,0.00422101,Anaerolinea,ERR1089796
34072.0,577309,genus,0.00422101,Paraprevotella,ERR1089796
34072.0,1654931,genus,0.00422101,Crenobacter,ERR1089796
34072.0,1716,genus,0.00422101,Corynebacterium,ERR1089796
34072.0,35832,genus,0.00422101,Bilophila,ERR1089796
34072.0,1279,genus,0.00422101,Staphylococcus,ERR1089796
34072.0,79206,genus,0.00422101,Desulfosporosinus,ERR1089796
34072.0,32205,genus,0.00422101,Leptonema,ERR1089796
34072.0,1506577,genus,0.00422101,Tyzzerella,ERR1089796
34072.0,649460,genus,0.00422101,Filimonas,ERR1089796
34072.0,1618113,genus,0.00422101,Saccharicrinis,ERR1089796
34072.0,1357,genus,0.00422101,Lactococcus,ERR1089796
34072.0,397864,genus,0.00422101,Barnesiella,ERR1089796
34072.0,227979,genus,0.00422101,Jeotgalicoccus,ERR1089796
34072.0,28231,genus,0.00422101,Geobacter,ERR1089796
34072.0,642,genus,0.00422101,Aeromonas,ERR1089796
34072.0,262406,genus,0.00422101,Thermobaculum,ERR1089796
34072.0,207244,genus,0.00422101,Anaerostipes,ERR1089796
34072.0,226,genus,0.00422101,Alteromonas,ERR1089796
34072.0,218207,genus,0.00422101,Desulfatibacillum,ERR1089796
34072.0,39948,genus,0.00422101,Dialister,ERR1089796
,-1,genus,72.2089,Unknown,ERR1089796
34072.0,816,genus,14.9297,Bacteroides,ERR1089796
34072.0,459786,genus,5.14541,Oscillibacter,ERR1089796
34072.0,375288,genus,1.78971,Parabacteroides,ERR1089796
34072.0,216851,genus,1.68418,Faecalibacterium,ERR1089796
34072.0,239759,genus,1.21565,Alistipes,ERR1089796
34072.0,283168,genus,0.696467,Odoribacter,ERR1089796
34072.0,904,genus,0.303913,Acidaminococcus,ERR1089796
34072.0,1506553,genus,0.215272,Lachnoclostridium,ERR1089796
34072.0,52784,genus,0.20683,Anaerofilum,ERR1089796
34072.0,244127,genus,0.16884,Anaerotruncus,ERR1089796
34072.0,572511,genus,0.105525,Blautia,ERR1089796
34072.0,1508657,genus,0.0970833,Ruminiclostridium,ERR1089796
34072.0,1301,genus,0.0759782,Streptococcus,ERR1089796
34072.0,1263,genus,0.0675362,Ruminococcus,ERR1089796
34072.0,561,genus,0.0633152,Escherichia,ERR1089796
34072.0,1485,genus,0.0590942,Clostridium,ERR1089796
34072.0,44748,genus,0.0590942,Sporobacter,ERR1089796
34072.0,838,genus,0.0506521,Prevotella,ERR1089796
34072.0,1505663,genus,0.0464311,Erysipelatoclostridium,ERR1089796
34072.0,898,genus,0.0422101,Desulfomicrobium,ERR1089796
34072.0,872,genus,0.0422101,Desulfovibrio,ERR1089796
34072.0,1386,genus,0.0379891,Bacillus,ERR1089796
34072.0,1678,genus,0.0337681,Bifidobacterium,ERR1089796
34072.0,286,genus,0.0337681,Pseudomonas,ERR1089796
34072.0,33042,genus,0.0295471,Coprococcus,ERR1089796
34072.0,1505657,genus,0.0295471,Intestinibacter,ERR1089796
34072.0,180541,genus,0.0253261,Salinisphaera,ERR1089796
34072.0,2299,genus,0.0253261,Desulfosarcina,ERR1089796
34072.0,836,genus,0.0253261,Porphyromonas,ERR1089796
34072.0,1471399,genus,0.016884,Draconibacterium,ERR1089796
34072.0,620,genus,0.016884,Shigella,ERR1089796
34072.0,189330,genus,0.016884,Dorea,ERR1089796
34072.0,265980,genus,0.016884,Alkalimonas,ERR1089796
34072.0,146813,genus,0.016884,Dendrosporobacter,ERR1089796
34072.0,133925,genus,0.012663,Olsenella,ERR1089796
34072.0,168808,genus,0.012663,Sneathia,ERR1089796
34072.0,41273,genus,0.012663,Tissierella,ERR1089796
34072.0,413496,genus,0.00844202,Cronobacter,ERR1089796
34072.0,1578,genus,0.00844202,Lactobacillus,ERR1089796
34072.0,581,genus,0.00844202,Morganella,ERR1089796
34072.0,58050,genus,0.00844202,Moritella,ERR1089796
34072.0,162289,genus,0.00844202,Peptoniphilus,ERR1089796
34072.0,590,genus,0.00844202,Salmonella,ERR1089796
34072.0,445,genus,0.00844202,Legionella,ERR1089796
34072.0,637,genus,0.00844202,Arsenophonus,ERR1089796
34072.0,233191,genus,0.00844202,Caldilinea,ERR1089796
34072.0,239934,genus,0.00844202,Akkermansia,ERR1089796
34072.0,18,genus,0.00844202,Pelobacter,ERR1089796
34072.0,841,genus,0.00844202,Roseburia,ERR1089796
34072.0,1730,genus,0.00844202,Eubacterium,ERR1089796
34072.0,84111,genus,0.00844202,Eggerthella,ERR1089796
34072.0,795750,genus,0.00844202,Ignavibacterium,ERR1089796
34072.0,182709,genus,0.00844202,Oceanobacillus,ERR1089796
34072.0,469,genus,0.00422101,Acinetobacter,ERR1089796
34072.0,165779,genus,0.00422101,Anaerococcus,ERR1089796
34072.0,44249,genus,0.00422101,Paenibacillus,ERR1089796
34072.0,203804,genus,0.00422101,Candidatus Blochmannia,ERR1089796
34072.0,13687,genus,0.00422101,Sphingomonas,ERR1089796
34072.0,39773,genus,0.00422101,Methylomicrobium,ERR1089796
34072.0,2742,genus,0.00422101,Marinobacter,ERR1089796
34072.0,28453,genus,0.00422101,Sphingobacterium,ERR1089796
34072.0,1378,genus,0.00422101,Gemella,ERR1089796
34072.0,1792239,genus,0.00422101,Caviibacter,ERR1089796
34072.0,577310,genus,0.00422101,Parasutterella,ERR1089796
34072.0,13275,genus,0.00422101,Suttonella,ERR1089796
34072.0,172900,genus,0.00422101,Victivallis,ERR1089796
34072.0,79328,genus,0.00422101,Chitinophaga,ERR1089796
34072.0,59753,genus,0.00422101,Alcanivorax,ERR1089796
34072.0,233189,genus,0.00422101,Anaerolinea,ERR1089796
34072.0,577309,genus,0.00422101,Paraprevotella,ERR1089796
34072.0,1654931,genus,0.00422101,Crenobacter,ERR1089796
34072.0,1716,genus,0.00422101,Corynebacterium,ERR1089796
34072.0,35832,genus,0.00422101,Bilophila,ERR1089796
34072.0,1279,genus,0.00422101,Staphylococcus,ERR1089796
34072.0,79206,genus,0.00422101,Desulfosporosinus,ERR1089796
34072.0,32205,genus,0.00422101,Leptonema,ERR1089796
34072.0,1506577,genus,0.00422101,Tyzzerella,ERR1089796
34072.0,649460,genus,0.00422101,Filimonas,ERR1089796
34072.0,1618113,genus,0.00422101,Saccharicrinis,ERR1089796
34072.0,1357,genus,0.00422101,Lactococcus,ERR1089796
34072.0,397864,genus,0.00422101,Barnesiella,ERR1089796
34072.0,227979,genus,0.00422101,Jeotgalicoccus,ERR1089796
34072.0,28231,genus,0.00422101,Geobacter,ERR1089796
34072.0,642,genus,0.00422101,Aeromonas,ERR1089796
34072.0,262406,genus,0.00422101,Thermobaculum,ERR1089796
34072.0,207244,genus,0.00422101,Anaerostipes,ERR1089796
34072.0,226,genus,0.00422101,Alteromonas,ERR1089796
34072.0,218207,genus,0.00422101,Desulfatibacillum,ERR1089796
34072.0,39948,genus,0.00422101,Dialister,ERR1089796
,-1,genus,72.2089,Unknown,ERR1089796
34089.0,286,genus,5.72133,Pseudomonas,ERR1089997
34089.0,239934,genus,5.36406,Akkermansia,ERR1089997
34089.0,1508657,genus,3.64817,Ruminiclostridium,ERR1089997
34089.0,816,genus,2.16877,Bacteroides,ERR1089997
34089.0,239759,genus,1.91717,Alistipes,ERR1089997
34089.0,375288,genus,1.29824,Parabacteroides,ERR1089997
34089.0,216851,genus,1.09193,Faecalibacterium,ERR1089997
34089.0,904,genus,0.533387,Acidaminococcus,ERR1089997
34089.0,397864,genus,0.498163,Barnesiella,ERR1089997
34089.0,459786,genus,0.493131,Oscillibacter,ERR1089997
34089.0,572511,genus,0.296885,Blautia,ERR1089997
34089.0,590,genus,0.186182,Salmonella,ERR1089997
34089.0,1301,genus,0.18115,Streptococcus,ERR1089997
34089.0,1506553,genus,0.135863,Lachnoclostridium,ERR1089997
34089.0,1505663,genus,0.130831,Erysipelatoclostridium,ERR1089997
34089.0,1578,genus,0.125799,Lactobacillus,ERR1089997
34089.0,1730,genus,0.125799,Eubacterium,ERR1089997
34089.0,207244,genus,0.0905752,Anaerostipes,ERR1089997
34089.0,1263,genus,0.0905752,Ruminococcus,ERR1089997
34089.0,561,genus,0.0855432,Escherichia,ERR1089997
34089.0,84111,genus,0.0855432,Eggerthella,ERR1089997
34089.0,1678,genus,0.0654154,Bifidobacterium,ERR1089997
34089.0,841,genus,0.0603834,Roseburia,ERR1089997
34089.0,872,genus,0.0553515,Desulfovibrio,ERR1089997
34089.0,2172,genus,0.0452876,Methanobrevibacter,ERR1089997
34089.0,44748,genus,0.0301917,Sporobacter,ERR1089997
34089.0,146813,genus,0.0301917,Dendrosporobacter,ERR1089997
34089.0,244127,genus,0.0251598,Anaerotruncus,ERR1089997
34089.0,898,genus,0.0251598,Desulfomicrobium,ERR1089997
34089.0,1573534,genus,0.0201278,Faecalitalea,ERR1089997
34089.0,2299,genus,0.0201278,Desulfosarcina,ERR1089997
34089.0,702,genus,0.0150959,Plesiomonas,ERR1089997
34089.0,48463,genus,0.0150959,Prosthecobacter,ERR1089997
34089.0,61170,genus,0.0150959,Holdemania,ERR1089997
34089.0,990721,genus,0.0150959,Christensenella,ERR1089997
34089.0,2147,genus,0.0100639,Acholeplasma,ERR1089997
34089.0,180541,genus,0.0100639,Salinisphaera,ERR1089997
34089.0,1253,genus,0.0100639,Pediococcus,ERR1089997
34089.0,1485,genus,0.0100639,Clostridium,ERR1089997
34089.0,33042,genus,0.0100639,Coprococcus,ERR1089997
34089.0,32207,genus,0.0100639,Rothia,ERR1089997
34089.0,642,genus,0.00503195,Aeromonas,ERR1089997
34089.0,2316,genus,0.00503195,Methanosphaera,ERR1089997
34089.0,42255,genus,0.00503195,Rubrobacter,ERR1089997
34089.0,469,genus,0.00503195,Acinetobacter,ERR1089997
34089.0,909656,genus,0.00503195,Phocaeicola,ERR1089997
34089.0,1433993,genus,0.00503195,Chryseolinea,ERR1089997
34089.0,2747,genus,0.00503195,Carnobacterium,ERR1089997
34089.0,79206,genus,0.00503195,Desulfosporosinus,ERR1089997
34089.0,447020,genus,0.00503195,Adlercreutzia,ERR1089997
34089.0,620,genus,0.00503195,Shigella,ERR1089997
34089.0,262406,genus,0.00503195,Thermobaculum,ERR1089997
34089.0,226,genus,0.00503195,Alteromonas,ERR1089997
34089.0,1988,genus,0.00503195,Actinomadura,ERR1089997
34089.0,666508,genus,0.00503195,Phycisphaera,ERR1089997
34089.0,1506577,genus,0.00503195,Tyzzerella,ERR1089997
34089.0,59753,genus,0.00503195,Alcanivorax,ERR1089997
34089.0,61434,genus,0.00503195,Dehalococcoides,ERR1089997
34089.0,278993,genus,0.00503195,Thermincola,ERR1089997
34089.0,1618113,genus,0.00503195,Saccharicrinis,ERR1089997
34089.0,119977,genus,0.00503195,Acidithiobacillus,ERR1089997
34089.0,649460,genus,0.00503195,Filimonas,ERR1089997
34089.0,332248,genus,0.00503195,Truepera,ERR1089997
34089.0,626,genus,0.00503195,Xenorhabdus,ERR1089997
34089.0,866673,genus,0.00503195,Marinifilum,ERR1089997
34089.0,34037,genus,0.00503195,Rahnella,ERR1089997
34089.0,67575,genus,0.00503195,Rheinheimera,ERR1089997
34089.0,13687,genus,0.00503195,Sphingomonas,ERR1089997
34089.0,1471399,genus,0.00503195,Draconibacterium,ERR1089997
34089.0,1279388,genus,0.00503195,Kandleria,ERR1089997
34089.0,100175,genus,0.00503195,Papillibacter,ERR1089997
34089.0,1386,genus,0.00503195,Bacillus,ERR1089997
34089.0,189330,genus,0.00503195,Dorea,ERR1089997
,-1,genus,75.0465,Unknown,ERR1089997
34089.0,286,genus,5.72133,Pseudomonas,ERR1089997
34089.0,239934,genus,5.36406,Akkermansia,ERR1089997
34089.0,1508657,genus,3.64817,Ruminiclostridium,ERR1089997
34089.0,816,genus,2.16877,Bacteroides,ERR1089997
34089.0,239759,genus,1.91717,Alistipes,ERR1089997
34089.0,375288,genus,1.29824,Parabacteroides,ERR1089997
34089.0,216851,genus,1.09193,Faecalibacterium,ERR1089997
34089.0,904,genus,0.533387,Acidaminococcus,ERR1089997
34089.0,397864,genus,0.498163,Barnesiella,ERR1089997
34089.0,459786,genus,0.493131,Oscillibacter,ERR1089997
34089.0,572511,genus,0.296885,Blautia,ERR1089997
34089.0,590,genus,0.186182,Salmonella,ERR1089997
34089.0,1301,genus,0.18115,Streptococcus,ERR1089997
34089.0,1506553,genus,0.135863,Lachnoclostridium,ERR1089997
34089.0,1505663,genus,0.130831,Erysipelatoclostridium,ERR1089997
34089.0,1730,genus,0.125799,Eubacterium,ERR1089997
34089.0,1578,genus,0.125799,Lactobacillus,ERR1089997
34089.0,207244,genus,0.0905752,Anaerostipes,ERR1089997
34089.0,1263,genus,0.0905752,Ruminococcus,ERR1089997
34089.0,561,genus,0.0855432,Escherichia,ERR1089997
34089.0,84111,genus,0.0855432,Eggerthella,ERR1089997
34089.0,1678,genus,0.0654154,Bifidobacterium,ERR1089997
34089.0,841,genus,0.0603834,Roseburia,ERR1089997
34089.0,872,genus,0.0553515,Desulfovibrio,ERR1089997
34089.0,2172,genus,0.0452876,Methanobrevibacter,ERR1089997
34089.0,44748,genus,0.0301917,Sporobacter,ERR1089997
34089.0,146813,genus,0.0301917,Dendrosporobacter,ERR1089997
34089.0,898,genus,0.0251598,Desulfomicrobium,ERR1089997
34089.0,244127,genus,0.0251598,Anaerotruncus,ERR1089997
34089.0,2299,genus,0.0201278,Desulfosarcina,ERR1089997
34089.0,1573534,genus,0.0201278,Faecalitalea,ERR1089997
34089.0,990721,genus,0.0150959,Christensenella,ERR1089997
34089.0,702,genus,0.0150959,Plesiomonas,ERR1089997
34089.0,48463,genus,0.0150959,Prosthecobacter,ERR1089997
34089.0,61170,genus,0.0150959,Holdemania,ERR1089997
34089.0,33042,genus,0.0100639,Coprococcus,ERR1089997
34089.0,32207,genus,0.0100639,Rothia,ERR1089997
34089.0,2147,genus,0.0100639,Acholeplasma,ERR1089997
34089.0,180541,genus,0.0100639,Salinisphaera,ERR1089997
34089.0,1253,genus,0.0100639,Pediococcus,ERR1089997
34089.0,1485,genus,0.0100639,Clostridium,ERR1089997
34089.0,1386,genus,0.00503195,Bacillus,ERR1089997
34089.0,189330,genus,0.00503195,Dorea,ERR1089997
34089.0,642,genus,0.00503195,Aeromonas,ERR1089997
34089.0,2316,genus,0.00503195,Methanosphaera,ERR1089997
34089.0,42255,genus,0.00503195,Rubrobacter,ERR1089997
34089.0,469,genus,0.00503195,Acinetobacter,ERR1089997
34089.0,909656,genus,0.00503195,Phocaeicola,ERR1089997
34089.0,1433993,genus,0.00503195,Chryseolinea,ERR1089997
34089.0,2747,genus,0.00503195,Carnobacterium,ERR1089997
34089.0,79206,genus,0.00503195,Desulfosporosinus,ERR1089997
34089.0,447020,genus,0.00503195,Adlercreutzia,ERR1089997
34089.0,620,genus,0.00503195,Shigella,ERR1089997
34089.0,262406,genus,0.00503195,Thermobaculum,ERR1089997
34089.0,226,genus,0.00503195,Alteromonas,ERR1089997
34089.0,1988,genus,0.00503195,Actinomadura,ERR1089997
34089.0,666508,genus,0.00503195,Phycisphaera,ERR1089997
34089.0,1506577,genus,0.00503195,Tyzzerella,ERR1089997
34089.0,59753,genus,0.00503195,Alcanivorax,ERR1089997
34089.0,61434,genus,0.00503195,Dehalococcoides,ERR1089997
34089.0,278993,genus,0.00503195,Thermincola,ERR1089997
34089.0,1618113,genus,0.00503195,Saccharicrinis,ERR1089997
34089.0,119977,genus,0.00503195,Acidithiobacillus,ERR1089997
34089.0,649460,genus,0.00503195,Filimonas,ERR1089997
34089.0,332248,genus,0.00503195,Truepera,ERR1089997
34089.0,626,genus,0.00503195,Xenorhabdus,ERR1089997
34089.0,866673,genus,0.00503195,Marinifilum,ERR1089997
34089.0,34037,genus,0.00503195,Rahnella,ERR1089997
34089.0,67575,genus,0.00503195,Rheinheimera,ERR1089997
34089.0,13687,genus,0.00503195,Sphingomonas,ERR1089997
34089.0,1471399,genus,0.00503195,Draconibacterium,ERR1089997
34089.0,1279388,genus,0.00503195,Kandleria,ERR1089997
34089.0,100175,genus,0.00503195,Papillibacter,ERR1089997
,-1,genus,75.0465,Unknown,ERR1089997
34089.0,286,genus,5.72133,Pseudomonas,ERR1089997
34089.0,239934,genus,5.36406,Akkermansia,ERR1089997
34089.0,1508657,genus,3.64817,Ruminiclostridium,ERR1089997
34089.0,816,genus,2.16877,Bacteroides,ERR1089997
34089.0,239759,genus,1.91717,Alistipes,ERR1089997
34089.0,375288,genus,1.29824,Parabacteroides,ERR1089997
34089.0,216851,genus,1.09193,Faecalibacterium,ERR1089997
34089.0,904,genus,0.533387,Acidaminococcus,ERR1089997
34089.0,397864,genus,0.498163,Barnesiella,ERR1089997
34089.0,459786,genus,0.493131,Oscillibacter,ERR1089997
34089.0,572511,genus,0.296885,Blautia,ERR1089997
34089.0,590,genus,0.186182,Salmonella,ERR1089997
34089.0,1301,genus,0.18115,Streptococcus,ERR1089997
34089.0,1506553,genus,0.135863,Lachnoclostridium,ERR1089997
34089.0,1505663,genus,0.130831,Erysipelatoclostridium,ERR1089997
34089.0,1730,genus,0.125799,Eubacterium,ERR1089997
34089.0,1578,genus,0.125799,Lactobacillus,ERR1089997
34089.0,1263,genus,0.0905752,Ruminococcus,ERR1089997
34089.0,207244,genus,0.0905752,Anaerostipes,ERR1089997
34089.0,561,genus,0.0855432,Escherichia,ERR1089997
34089.0,84111,genus,0.0855432,Eggerthella,ERR1089997
34089.0,1678,genus,0.0654154,Bifidobacterium,ERR1089997
34089.0,841,genus,0.0603834,Roseburia,ERR1089997
34089.0,872,genus,0.0553515,Desulfovibrio,ERR1089997
34089.0,2172,genus,0.0452876,Methanobrevibacter,ERR1089997
34089.0,44748,genus,0.0301917,Sporobacter,ERR1089997
34089.0,146813,genus,0.0301917,Dendrosporobacter,ERR1089997
34089.0,244127,genus,0.0251598,Anaerotruncus,ERR1089997
34089.0,898,genus,0.0251598,Desulfomicrobium,ERR1089997
34089.0,2299,genus,0.0201278,Desulfosarcina,ERR1089997
34089.0,1573534,genus,0.0201278,Faecalitalea,ERR1089997
34089.0,990721,genus,0.0150959,Christensenella,ERR1089997
34089.0,702,genus,0.0150959,Plesiomonas,ERR1089997
34089.0,48463,genus,0.0150959,Prosthecobacter,ERR1089997
34089.0,61170,genus,0.0150959,Holdemania,ERR1089997
34089.0,33042,genus,0.0100639,Coprococcus,ERR1089997
34089.0,32207,genus,0.0100639,Rothia,ERR1089997
34089.0,2147,genus,0.0100639,Acholeplasma,ERR1089997
34089.0,180541,genus,0.0100639,Salinisphaera,ERR1089997
34089.0,1253,genus,0.0100639,Pediococcus,ERR1089997
34089.0,1485,genus,0.0100639,Clostridium,ERR1089997
34089.0,1279388,genus,0.00503195,Kandleria,ERR1089997
34089.0,100175,genus,0.00503195,Papillibacter,ERR1089997
34089.0,1386,genus,0.00503195,Bacillus,ERR1089997
34089.0,189330,genus,0.00503195,Dorea,ERR1089997
34089.0,642,genus,0.00503195,Aeromonas,ERR1089997
34089.0,2316,genus,0.00503195,Methanosphaera,ERR1089997
34089.0,42255,genus,0.00503195,Rubrobacter,ERR1089997
34089.0,469,genus,0.00503195,Acinetobacter,ERR1089997
34089.0,909656,genus,0.00503195,Phocaeicola,ERR1089997
34089.0,1433993,genus,0.00503195,Chryseolinea,ERR1089997
34089.0,2747,genus,0.00503195,Carnobacterium,ERR1089997
34089.0,79206,genus,0.00503195,Desulfosporosinus,ERR1089997
34089.0,447020,genus,0.00503195,Adlercreutzia,ERR1089997
34089.0,620,genus,0.00503195,Shigella,ERR1089997
34089.0,262406,genus,0.00503195,Thermobaculum,ERR1089997
34089.0,226,genus,0.00503195,Alteromonas,ERR1089997
34089.0,1988,genus,0.00503195,Actinomadura,ERR1089997
34089.0,666508,genus,0.00503195,Phycisphaera,ERR1089997
34089.0,1506577,genus,0.00503195,Tyzzerella,ERR1089997
34089.0,59753,genus,0.00503195,Alcanivorax,ERR1089997
34089.0,61434,genus,0.00503195,Dehalococcoides,ERR1089997
34089.0,278993,genus,0.00503195,Thermincola,ERR1089997
34089.0,1618113,genus,0.00503195,Saccharicrinis,ERR1089997
34089.0,119977,genus,0.00503195,Acidithiobacillus,ERR1089997
34089.0,649460,genus,0.00503195,Filimonas,ERR1089997
34089.0,332248,genus,0.00503195,Truepera,ERR1089997
34089.0,626,genus,0.00503195,Xenorhabdus,ERR1089997
34089.0,866673,genus,0.00503195,Marinifilum,ERR1089997
34089.0,34037,genus,0.00503195,Rahnella,ERR1089997
34089.0,67575,genus,0.00503195,Rheinheimera,ERR1089997
34089.0,13687,genus,0.00503195,Sphingomonas,ERR1089997
34089.0,1471399,genus,0.00503195,Draconibacterium,ERR1089997
,-1,genus,75.0465,Unknown,ERR1089997
34089.0,286,genus,5.72133,Pseudomonas,ERR1089997
34089.0,239934,genus,5.36406,Akkermansia,ERR1089997
34089.0,1508657,genus,3.64817,Ruminiclostridium,ERR1089997
34089.0,816,genus,2.16877,Bacteroides,ERR1089997
34089.0,239759,genus,1.91717,Alistipes,ERR1089997
34089.0,375288,genus,1.29824,Parabacteroides,ERR1089997
34089.0,216851,genus,1.09193,Faecalibacterium,ERR1089997
34089.0,904,genus,0.533387,Acidaminococcus,ERR1089997
34089.0,397864,genus,0.498163,Barnesiella,ERR1089997
34089.0,459786,genus,0.493131,Oscillibacter,ERR1089997
34089.0,572511,genus,0.296885,Blautia,ERR1089997
34089.0,590,genus,0.186182,Salmonella,ERR1089997
34089.0,1301,genus,0.18115,Streptococcus,ERR1089997
34089.0,1506553,genus,0.135863,Lachnoclostridium,ERR1089997
34089.0,1505663,genus,0.130831,Erysipelatoclostridium,ERR1089997
34089.0,1578,genus,0.125799,Lactobacillus,ERR1089997
34089.0,1730,genus,0.125799,Eubacterium,ERR1089997
34089.0,207244,genus,0.0905752,Anaerostipes,ERR1089997
34089.0,1263,genus,0.0905752,Ruminococcus,ERR1089997
34089.0,561,genus,0.0855432,Escherichia,ERR1089997
34089.0,84111,genus,0.0855432,Eggerthella,ERR1089997
34089.0,1678,genus,0.0654154,Bifidobacterium,ERR1089997
34089.0,841,genus,0.0603834,Roseburia,ERR1089997
34089.0,872,genus,0.0553515,Desulfovibrio,ERR1089997
34089.0,2172,genus,0.0452876,Methanobrevibacter,ERR1089997
34089.0,44748,genus,0.0301917,Sporobacter,ERR1089997
34089.0,146813,genus,0.0301917,Dendrosporobacter,ERR1089997
34089.0,244127,genus,0.0251598,Anaerotruncus,ERR1089997
34089.0,898,genus,0.0251598,Desulfomicrobium,ERR1089997
34089.0,1573534,genus,0.0201278,Faecalitalea,ERR1089997
34089.0,2299,genus,0.0201278,Desulfosarcina,ERR1089997
34089.0,48463,genus,0.0150959,Prosthecobacter,ERR1089997
34089.0,61170,genus,0.0150959,Holdemania,ERR1089997
34089.0,990721,genus,0.0150959,Christensenella,ERR1089997
34089.0,702,genus,0.0150959,Plesiomonas,ERR1089997
34089.0,2147,genus,0.0100639,Acholeplasma,ERR1089997
34089.0,180541,genus,0.0100639,Salinisphaera,ERR1089997
34089.0,1253,genus,0.0100639,Pediococcus,ERR1089997
34089.0,1485,genus,0.0100639,Clostridium,ERR1089997
34089.0,33042,genus,0.0100639,Coprococcus,ERR1089997
34089.0,32207,genus,0.0100639,Rothia,ERR1089997
34089.0,447020,genus,0.00503195,Adlercreutzia,ERR1089997
34089.0,620,genus,0.00503195,Shigella,ERR1089997
34089.0,262406,genus,0.00503195,Thermobaculum,ERR1089997
34089.0,226,genus,0.00503195,Alteromonas,ERR1089997
34089.0,1988,genus,0.00503195,Actinomadura,ERR1089997
34089.0,666508,genus,0.00503195,Phycisphaera,ERR1089997
34089.0,1506577,genus,0.00503195,Tyzzerella,ERR1089997
34089.0,59753,genus,0.00503195,Alcanivorax,ERR1089997
34089.0,61434,genus,0.00503195,Dehalococcoides,ERR1089997
34089.0,278993,genus,0.00503195,Thermincola,ERR1089997
34089.0,1618113,genus,0.00503195,Saccharicrinis,ERR1089997
34089.0,119977,genus,0.00503195,Acidithiobacillus,ERR1089997
34089.0,649460,genus,0.00503195,Filimonas,ERR1089997
34089.0,332248,genus,0.00503195,Truepera,ERR1089997
34089.0,626,genus,0.00503195,Xenorhabdus,ERR1089997
34089.0,866673,genus,0.00503195,Marinifilum,ERR1089997
34089.0,34037,genus,0.00503195,Rahnella,ERR1089997
34089.0,67575,genus,0.00503195,Rheinheimera,ERR1089997
34089.0,13687,genus,0.00503195,Sphingomonas,ERR1089997
34089.0,1471399,genus,0.00503195,Draconibacterium,ERR1089997
34089.0,1279388,genus,0.00503195,Kandleria,ERR1089997
34089.0,100175,genus,0.00503195,Papillibacter,ERR1089997
34089.0,1386,genus,0.00503195,Bacillus,ERR1089997
34089.0,189330,genus,0.00503195,Dorea,ERR1089997
34089.0,642,genus,0.00503195,Aeromonas,ERR1089997
34089.0,2316,genus,0.00503195,Methanosphaera,ERR1089997
34089.0,42255,genus,0.00503195,Rubrobacter,ERR1089997
34089.0,469,genus,0.00503195,Acinetobacter,ERR1089997
34089.0,909656,genus,0.00503195,Phocaeicola,ERR1089997
34089.0,1433993,genus,0.00503195,Chryseolinea,ERR1089997
34089.0,2747,genus,0.00503195,Carnobacterium,ERR1089997
34089.0,79206,genus,0.00503195,Desulfosporosinus,ERR1089997
,-1,genus,75.0465,Unknown,ERR1089997
34089.0,286,genus,5.72133,Pseudomonas,ERR1089997
34089.0,239934,genus,5.36406,Akkermansia,ERR1089997
34089.0,1508657,genus,3.64817,Ruminiclostridium,ERR1089997
34089.0,816,genus,2.16877,Bacteroides,ERR1089997
34089.0,239759,genus,1.91717,Alistipes,ERR1089997
34089.0,375288,genus,1.29824,Parabacteroides,ERR1089997
34089.0,216851,genus,1.09193,Faecalibacterium,ERR1089997
34089.0,904,genus,0.533387,Acidaminococcus,ERR1089997
34089.0,397864,genus,0.498163,Barnesiella,ERR1089997
34089.0,459786,genus,0.493131,Oscillibacter,ERR1089997
34089.0,572511,genus,0.296885,Blautia,ERR1089997
34089.0,590,genus,0.186182,Salmonella,ERR1089997
34089.0,1301,genus,0.18115,Streptococcus,ERR1089997
34089.0,1506553,genus,0.135863,Lachnoclostridium,ERR1089997
34089.0,1505663,genus,0.130831,Erysipelatoclostridium,ERR1089997
34089.0,1730,genus,0.125799,Eubacterium,ERR1089997
34089.0,1578,genus,0.125799,Lactobacillus,ERR1089997
34089.0,1263,genus,0.0905752,Ruminococcus,ERR1089997
34089.0,207244,genus,0.0905752,Anaerostipes,ERR1089997
34089.0,561,genus,0.0855432,Escherichia,ERR1089997
34089.0,84111,genus,0.0855432,Eggerthella,ERR1089997
34089.0,1678,genus,0.0654154,Bifidobacterium,ERR1089997
34089.0,841,genus,0.0603834,Roseburia,ERR1089997
34089.0,872,genus,0.0553515,Desulfovibrio,ERR1089997
34089.0,2172,genus,0.0452876,Methanobrevibacter,ERR1089997
34089.0,44748,genus,0.0301917,Sporobacter,ERR1089997
34089.0,146813,genus,0.0301917,Dendrosporobacter,ERR1089997
34089.0,244127,genus,0.0251598,Anaerotruncus,ERR1089997
34089.0,898,genus,0.0251598,Desulfomicrobium,ERR1089997
34089.0,2299,genus,0.0201278,Desulfosarcina,ERR1089997
34089.0,1573534,genus,0.0201278,Faecalitalea,ERR1089997
34089.0,61170,genus,0.0150959,Holdemania,ERR1089997
34089.0,990721,genus,0.0150959,Christensenella,ERR1089997
34089.0,702,genus,0.0150959,Plesiomonas,ERR1089997
34089.0,48463,genus,0.0150959,Prosthecobacter,ERR1089997
34089.0,180541,genus,0.0100639,Salinisphaera,ERR1089997
34089.0,1253,genus,0.0100639,Pediococcus,ERR1089997
34089.0,1485,genus,0.0100639,Clostridium,ERR1089997
34089.0,33042,genus,0.0100639,Coprococcus,ERR1089997
34089.0,32207,genus,0.0100639,Rothia,ERR1089997
34089.0,2147,genus,0.0100639,Acholeplasma,ERR1089997
34089.0,332248,genus,0.00503195,Truepera,ERR1089997
34089.0,626,genus,0.00503195,Xenorhabdus,ERR1089997
34089.0,866673,genus,0.00503195,Marinifilum,ERR1089997
34089.0,34037,genus,0.00503195,Rahnella,ERR1089997
34089.0,67575,genus,0.00503195,Rheinheimera,ERR1089997
34089.0,13687,genus,0.00503195,Sphingomonas,ERR1089997
34089.0,1471399,genus,0.00503195,Draconibacterium,ERR1089997
34089.0,1279388,genus,0.00503195,Kandleria,ERR1089997
34089.0,100175,genus,0.00503195,Papillibacter,ERR1089997
34089.0,1386,genus,0.00503195,Bacillus,ERR1089997
34089.0,189330,genus,0.00503195,Dorea,ERR1089997
34089.0,642,genus,0.00503195,Aeromonas,ERR1089997
34089.0,2316,genus,0.00503195,Methanosphaera,ERR1089997
34089.0,42255,genus,0.00503195,Rubrobacter,ERR1089997
34089.0,469,genus,0.00503195,Acinetobacter,ERR1089997
34089.0,909656,genus,0.00503195,Phocaeicola,ERR1089997
34089.0,1433993,genus,0.00503195,Chryseolinea,ERR1089997
34089.0,2747,genus,0.00503195,Carnobacterium,ERR1089997
34089.0,79206,genus,0.00503195,Desulfosporosinus,ERR1089997
34089.0,447020,genus,0.00503195,Adlercreutzia,ERR1089997
34089.0,620,genus,0.00503195,Shigella,ERR1089997
34089.0,262406,genus,0.00503195,Thermobaculum,ERR1089997
34089.0,226,genus,0.00503195,Alteromonas,ERR1089997
34089.0,1988,genus,0.00503195,Actinomadura,ERR1089997
34089.0,666508,genus,0.00503195,Phycisphaera,ERR1089997
34089.0,1506577,genus,0.00503195,Tyzzerella,ERR1089997
34089.0,59753,genus,0.00503195,Alcanivorax,ERR1089997
34089.0,61434,genus,0.00503195,Dehalococcoides,ERR1089997
34089.0,278993,genus,0.00503195,Thermincola,ERR1089997
34089.0,1618113,genus,0.00503195,Saccharicrinis,ERR1089997
34089.0,119977,genus,0.00503195,Acidithiobacillus,ERR1089997
34089.0,649460,genus,0.00503195,Filimonas,ERR1089997
,-1,genus,75.0465,Unknown,ERR1089997
34089.0,286,genus,5.72133,Pseudomonas,ERR1089997
34089.0,239934,genus,5.36406,Akkermansia,ERR1089997
34089.0,1508657,genus,3.64817,Ruminiclostridium,ERR1089997
34089.0,816,genus,2.16877,Bacteroides,ERR1089997
34089.0,239759,genus,1.91717,Alistipes,ERR1089997
34089.0,375288,genus,1.29824,Parabacteroides,ERR1089997
34089.0,216851,genus,1.09193,Faecalibacterium,ERR1089997
34089.0,904,genus,0.533387,Acidaminococcus,ERR1089997
34089.0,397864,genus,0.498163,Barnesiella,ERR1089997
34089.0,459786,genus,0.493131,Oscillibacter,ERR1089997
34089.0,572511,genus,0.296885,Blautia,ERR1089997
34089.0,590,genus,0.186182,Salmonella,ERR1089997
34089.0,1301,genus,0.18115,Streptococcus,ERR1089997
34089.0,1506553,genus,0.135863,Lachnoclostridium,ERR1089997
34089.0,1505663,genus,0.130831,Erysipelatoclostridium,ERR1089997
34089.0,1730,genus,0.125799,Eubacterium,ERR1089997
34089.0,1578,genus,0.125799,Lactobacillus,ERR1089997
34089.0,1263,genus,0.0905752,Ruminococcus,ERR1089997
34089.0,207244,genus,0.0905752,Anaerostipes,ERR1089997
34089.0,561,genus,0.0855432,Escherichia,ERR1089997
34089.0,84111,genus,0.0855432,Eggerthella,ERR1089997
34089.0,1678,genus,0.0654154,Bifidobacterium,ERR1089997
34089.0,841,genus,0.0603834,Roseburia,ERR1089997
34089.0,872,genus,0.0553515,Desulfovibrio,ERR1089997
34089.0,2172,genus,0.0452876,Methanobrevibacter,ERR1089997
34089.0,44748,genus,0.0301917,Sporobacter,ERR1089997
34089.0,146813,genus,0.0301917,Dendrosporobacter,ERR1089997
34089.0,244127,genus,0.0251598,Anaerotruncus,ERR1089997
34089.0,898,genus,0.0251598,Desulfomicrobium,ERR1089997
34089.0,2299,genus,0.0201278,Desulfosarcina,ERR1089997
34089.0,1573534,genus,0.0201278,Faecalitalea,ERR1089997
34089.0,990721,genus,0.0150959,Christensenella,ERR1089997
34089.0,702,genus,0.0150959,Plesiomonas,ERR1089997
34089.0,48463,genus,0.0150959,Prosthecobacter,ERR1089997
34089.0,61170,genus,0.0150959,Holdemania,ERR1089997
34089.0,1253,genus,0.0100639,Pediococcus,ERR1089997
34089.0,1485,genus,0.0100639,Clostridium,ERR1089997
34089.0,33042,genus,0.0100639,Coprococcus,ERR1089997
34089.0,32207,genus,0.0100639,Rothia,ERR1089997
34089.0,2147,genus,0.0100639,Acholeplasma,ERR1089997
34089.0,180541,genus,0.0100639,Salinisphaera,ERR1089997
34089.0,13687,genus,0.00503195,Sphingomonas,ERR1089997
34089.0,1471399,genus,0.00503195,Draconibacterium,ERR1089997
34089.0,1279388,genus,0.00503195,Kandleria,ERR1089997
34089.0,100175,genus,0.00503195,Papillibacter,ERR1089997
34089.0,1386,genus,0.00503195,Bacillus,ERR1089997
34089.0,189330,genus,0.00503195,Dorea,ERR1089997
34089.0,642,genus,0.00503195,Aeromonas,ERR1089997
34089.0,2316,genus,0.00503195,Methanosphaera,ERR1089997
34089.0,42255,genus,0.00503195,Rubrobacter,ERR1089997
34089.0,469,genus,0.00503195,Acinetobacter,ERR1089997
34089.0,909656,genus,0.00503195,Phocaeicola,ERR1089997
34089.0,1433993,genus,0.00503195,Chryseolinea,ERR1089997
34089.0,2747,genus,0.00503195,Carnobacterium,ERR1089997
34089.0,79206,genus,0.00503195,Desulfosporosinus,ERR1089997
34089.0,447020,genus,0.00503195,Adlercreutzia,ERR1089997
34089.0,620,genus,0.00503195,Shigella,ERR1089997
34089.0,262406,genus,0.00503195,Thermobaculum,ERR1089997
34089.0,226,genus,0.00503195,Alteromonas,ERR1089997
34089.0,1988,genus,0.00503195,Actinomadura,ERR1089997
34089.0,666508,genus,0.00503195,Phycisphaera,ERR1089997
34089.0,1506577,genus,0.00503195,Tyzzerella,ERR1089997
34089.0,59753,genus,0.00503195,Alcanivorax,ERR1089997
34089.0,61434,genus,0.00503195,Dehalococcoides,ERR1089997
34089.0,278993,genus,0.00503195,Thermincola,ERR1089997
34089.0,1618113,genus,0.00503195,Saccharicrinis,ERR1089997
34089.0,119977,genus,0.00503195,Acidithiobacillus,ERR1089997
34089.0,649460,genus,0.00503195,Filimonas,ERR1089997
34089.0,332248,genus,0.00503195,Truepera,ERR1089997
34089.0,626,genus,0.00503195,Xenorhabdus,ERR1089997
34089.0,866673,genus,0.00503195,Marinifilum,ERR1089997
34089.0,34037,genus,0.00503195,Rahnella,ERR1089997
34089.0,67575,genus,0.00503195,Rheinheimera,ERR1089997
,-1,genus,75.0465,Unknown,ERR1089997
34089.0,286,genus,5.72133,Pseudomonas,ERR1089997
34089.0,239934,genus,5.36406,Akkermansia,ERR1089997
34089.0,1508657,genus,3.64817,Ruminiclostridium,ERR1089997
34089.0,816,genus,2.16877,Bacteroides,ERR1089997
34089.0,239759,genus,1.91717,Alistipes,ERR1089997
34089.0,375288,genus,1.29824,Parabacteroides,ERR1089997
34089.0,216851,genus,1.09193,Faecalibacterium,ERR1089997
34089.0,904,genus,0.533387,Acidaminococcus,ERR1089997
34089.0,397864,genus,0.498163,Barnesiella,ERR1089997
34089.0,459786,genus,0.493131,Oscillibacter,ERR1089997
34089.0,572511,genus,0.296885,Blautia,ERR1089997
34089.0,590,genus,0.186182,Salmonella,ERR1089997
34089.0,1301,genus,0.18115,Streptococcus,ERR1089997
34089.0,1506553,genus,0.135863,Lachnoclostridium,ERR1089997
34089.0,1505663,genus,0.130831,Erysipelatoclostridium,ERR1089997
34089.0,1578,genus,0.125799,Lactobacillus,ERR1089997
34089.0,1730,genus,0.125799,Eubacterium,ERR1089997
34089.0,207244,genus,0.0905752,Anaerostipes,ERR1089997
34089.0,1263,genus,0.0905752,Ruminococcus,ERR1089997
34089.0,561,genus,0.0855432,Escherichia,ERR1089997
34089.0,84111,genus,0.0855432,Eggerthella,ERR1089997
34089.0,1678,genus,0.0654154,Bifidobacterium,ERR1089997
34089.0,841,genus,0.0603834,Roseburia,ERR1089997
34089.0,872,genus,0.0553515,Desulfovibrio,ERR1089997
34089.0,2172,genus,0.0452876,Methanobrevibacter,ERR1089997
34089.0,44748,genus,0.0301917,Sporobacter,ERR1089997
34089.0,146813,genus,0.0301917,Dendrosporobacter,ERR1089997
34089.0,244127,genus,0.0251598,Anaerotruncus,ERR1089997
34089.0,898,genus,0.0251598,Desulfomicrobium,ERR1089997
34089.0,1573534,genus,0.0201278,Faecalitalea,ERR1089997
34089.0,2299,genus,0.0201278,Desulfosarcina,ERR1089997
34089.0,48463,genus,0.0150959,Prosthecobacter,ERR1089997
34089.0,61170,genus,0.0150959,Holdemania,ERR1089997
34089.0,990721,genus,0.0150959,Christensenella,ERR1089997
34089.0,702,genus,0.0150959,Plesiomonas,ERR1089997
34089.0,2147,genus,0.0100639,Acholeplasma,ERR1089997
34089.0,180541,genus,0.0100639,Salinisphaera,ERR1089997
34089.0,1485,genus,0.0100639,Clostridium,ERR1089997
34089.0,1253,genus,0.0100639,Pediococcus,ERR1089997
34089.0,32207,genus,0.0100639,Rothia,ERR1089997
34089.0,33042,genus,0.0100639,Coprococcus,ERR1089997
34089.0,79206,genus,0.00503195,Desulfosporosinus,ERR1089997
34089.0,1433993,genus,0.00503195,Chryseolinea,ERR1089997
34089.0,2747,genus,0.00503195,Carnobacterium,ERR1089997
34089.0,262406,genus,0.00503195,Thermobaculum,ERR1089997
34089.0,447020,genus,0.00503195,Adlercreutzia,ERR1089997
34089.0,620,genus,0.00503195,Shigella,ERR1089997
34089.0,226,genus,0.00503195,Alteromonas,ERR1089997
34089.0,1988,genus,0.00503195,Actinomadura,ERR1089997
34089.0,666508,genus,0.00503195,Phycisphaera,ERR1089997
34089.0,59753,genus,0.00503195,Alcanivorax,ERR1089997
34089.0,1506577,genus,0.00503195,Tyzzerella,ERR1089997
34089.0,278993,genus,0.00503195,Thermincola,ERR1089997
34089.0,61434,genus,0.00503195,Dehalococcoides,ERR1089997
34089.0,1618113,genus,0.00503195,Saccharicrinis,ERR1089997
34089.0,119977,genus,0.00503195,Acidithiobacillus,ERR1089997
34089.0,649460,genus,0.00503195,Filimonas,ERR1089997
34089.0,866673,genus,0.00503195,Marinifilum,ERR1089997
34089.0,332248,genus,0.00503195,Truepera,ERR1089997
34089.0,626,genus,0.00503195,Xenorhabdus,ERR1089997
34089.0,67575,genus,0.00503195,Rheinheimera,ERR1089997
34089.0,34037,genus,0.00503195,Rahnella,ERR1089997
34089.0,1471399,genus,0.00503195,Draconibacterium,ERR1089997
34089.0,13687,genus,0.00503195,Sphingomonas,ERR1089997
34089.0,100175,genus,0.00503195,Papillibacter,ERR1089997
34089.0,1279388,genus,0.00503195,Kandleria,ERR1089997
34089.0,189330,genus,0.00503195,Dorea,ERR1089997
34089.0,1386,genus,0.00503195,Bacillus,ERR1089997
34089.0,2316,genus,0.00503195,Methanosphaera,ERR1089997
34089.0,642,genus,0.00503195,Aeromonas,ERR1089997
34089.0,909656,genus,0.00503195,Phocaeicola,ERR1089997
34089.0,42255,genus,0.00503195,Rubrobacter,ERR1089997
34089.0,469,genus,0.00503195,Acinetobacter,ERR1089997
,-1,genus,75.0465,Unknown,ERR1089997
34089.0,286,genus,5.72133,Pseudomonas,ERR1089997
34089.0,239934,genus,5.36406,Akkermansia,ERR1089997
34089.0,1508657,genus,3.64817,Ruminiclostridium,ERR1089997
34089.0,816,genus,2.16877,Bacteroides,ERR1089997
34089.0,239759,genus,1.91717,Alistipes,ERR1089997
34089.0,375288,genus,1.29824,Parabacteroides,ERR1089997
34089.0,216851,genus,1.09193,Faecalibacterium,ERR1089997
34089.0,904,genus,0.533387,Acidaminococcus,ERR1089997
34089.0,397864,genus,0.498163,Barnesiella,ERR1089997
34089.0,459786,genus,0.493131,Oscillibacter,ERR1089997
34089.0,572511,genus,0.296885,Blautia,ERR1089997
34089.0,590,genus,0.186182,Salmonella,ERR1089997
34089.0,1301,genus,0.18115,Streptococcus,ERR1089997
34089.0,1506553,genus,0.135863,Lachnoclostridium,ERR1089997
34089.0,1505663,genus,0.130831,Erysipelatoclostridium,ERR1089997
34089.0,1730,genus,0.125799,Eubacterium,ERR1089997
34089.0,1578,genus,0.125799,Lactobacillus,ERR1089997
34089.0,207244,genus,0.0905752,Anaerostipes,ERR1089997
34089.0,1263,genus,0.0905752,Ruminococcus,ERR1089997
34089.0,561,genus,0.0855432,Escherichia,ERR1089997
34089.0,84111,genus,0.0855432,Eggerthella,ERR1089997
34089.0,1678,genus,0.0654154,Bifidobacterium,ERR1089997
34089.0,841,genus,0.0603834,Roseburia,ERR1089997
34089.0,872,genus,0.0553515,Desulfovibrio,ERR1089997
34089.0,2172,genus,0.0452876,Methanobrevibacter,ERR1089997
34089.0,44748,genus,0.0301917,Sporobacter,ERR1089997
34089.0,146813,genus,0.0301917,Dendrosporobacter,ERR1089997
34089.0,244127,genus,0.0251598,Anaerotruncus,ERR1089997
34089.0,898,genus,0.0251598,Desulfomicrobium,ERR1089997
34089.0,1573534,genus,0.0201278,Faecalitalea,ERR1089997
34089.0,2299,genus,0.0201278,Desulfosarcina,ERR1089997
34089.0,990721,genus,0.0150959,Christensenella,ERR1089997
34089.0,702,genus,0.0150959,Plesiomonas,ERR1089997
34089.0,48463,genus,0.0150959,Prosthecobacter,ERR1089997
34089.0,61170,genus,0.0150959,Holdemania,ERR1089997
34089.0,33042,genus,0.0100639,Coprococcus,ERR1089997
34089.0,32207,genus,0.0100639,Rothia,ERR1089997
34089.0,2147,genus,0.0100639,Acholeplasma,ERR1089997
34089.0,180541,genus,0.0100639,Salinisphaera,ERR1089997
34089.0,1253,genus,0.0100639,Pediococcus,ERR1089997
34089.0,1485,genus,0.0100639,Clostridium,ERR1089997
34089.0,642,genus,0.00503195,Aeromonas,ERR1089997
34089.0,2316,genus,0.00503195,Methanosphaera,ERR1089997
34089.0,42255,genus,0.00503195,Rubrobacter,ERR1089997
34089.0,469,genus,0.00503195,Acinetobacter,ERR1089997
34089.0,909656,genus,0.00503195,Phocaeicola,ERR1089997
34089.0,1433993,genus,0.00503195,Chryseolinea,ERR1089997
34089.0,2747,genus,0.00503195,Carnobacterium,ERR1089997
34089.0,79206,genus,0.00503195,Desulfosporosinus,ERR1089997
34089.0,447020,genus,0.00503195,Adlercreutzia,ERR1089997
34089.0,620,genus,0.00503195,Shigella,ERR1089997
34089.0,262406,genus,0.00503195,Thermobaculum,ERR1089997
34089.0,226,genus,0.00503195,Alteromonas,ERR1089997
34089.0,1988,genus,0.00503195,Actinomadura,ERR1089997
34089.0,666508,genus,0.00503195,Phycisphaera,ERR1089997
34089.0,1506577,genus,0.00503195,Tyzzerella,ERR1089997
34089.0,59753,genus,0.00503195,Alcanivorax,ERR1089997
34089.0,61434,genus,0.00503195,Dehalococcoides,ERR1089997
34089.0,278993,genus,0.00503195,Thermincola,ERR1089997
34089.0,1618113,genus,0.00503195,Saccharicrinis,ERR1089997
34089.0,119977,genus,0.00503195,Acidithiobacillus,ERR1089997
34089.0,649460,genus,0.00503195,Filimonas,ERR1089997
34089.0,332248,genus,0.00503195,Truepera,ERR1089997
34089.0,626,genus,0.00503195,Xenorhabdus,ERR1089997
34089.0,866673,genus,0.00503195,Marinifilum,ERR1089997
34089.0,34037,genus,0.00503195,Rahnella,ERR1089997
34089.0,67575,genus,0.00503195,Rheinheimera,ERR1089997
34089.0,13687,genus,0.00503195,Sphingomonas,ERR1089997
34089.0,1471399,genus,0.00503195,Draconibacterium,ERR1089997
34089.0,1279388,genus,0.00503195,Kandleria,ERR1089997
34089.0,100175,genus,0.00503195,Papillibacter,ERR1089997
34089.0,1386,genus,0.00503195,Bacillus,ERR1089997
34089.0,189330,genus,0.00503195,Dorea,ERR1089997
,-1,genus,75.0465,Unknown,ERR1089997
36326.0,216851,genus,4.78465,Faecalibacterium,ERR1090151
36326.0,816,genus,4.71053,Bacteroides,ERR1090151
36326.0,1508657,genus,1.05822,Ruminiclostridium,ERR1090151
36326.0,1505663,genus,0.860578,Erysipelatoclostridium,ERR1090151
36326.0,572511,genus,0.642345,Blautia,ERR1090151
36326.0,239934,genus,0.424113,Akkermansia,ERR1090151
36326.0,1350,genus,0.288232,Enterococcus,ERR1090151
36326.0,33042,genus,0.284114,Coprococcus,ERR1090151
36326.0,1730,genus,0.238821,Eubacterium,ERR1090151
36326.0,1386,genus,0.214115,Bacillus,ERR1090151
36326.0,1578,genus,0.197645,Lactobacillus,ERR1090151
36326.0,44748,genus,0.193527,Sporobacter,ERR1090151
36326.0,375288,genus,0.172939,Parabacteroides,ERR1090151
36326.0,1263,genus,0.152351,Ruminococcus,ERR1090151
36326.0,459786,genus,0.148234,Oscillibacter,ERR1090151
36326.0,1506553,genus,0.135881,Lachnoclostridium,ERR1090151
36326.0,1716,genus,0.127646,Corynebacterium,ERR1090151
36326.0,39948,genus,0.11941,Dialister,ERR1090151
36326.0,239759,genus,0.0947048,Alistipes,ERR1090151
36326.0,561,genus,0.0864696,Escherichia,ERR1090151
36326.0,207244,genus,0.082352,Anaerostipes,ERR1090151
36326.0,286,genus,0.082352,Pseudomonas,ERR1090151
36326.0,1485,genus,0.082352,Clostridium,ERR1090151
36326.0,1301,genus,0.0658816,Streptococcus,ERR1090151
36326.0,189330,genus,0.0576464,Dorea,ERR1090151
36326.0,1663,genus,0.0535288,Arthrobacter,ERR1090151
36326.0,1505657,genus,0.0535288,Intestinibacter,ERR1090151
36326.0,872,genus,0.0494112,Desulfovibrio,ERR1090151
36326.0,2132,genus,0.0494112,Spiroplasma,ERR1090151
36326.0,445,genus,0.0370584,Legionella,ERR1090151
36326.0,1678,genus,0.0370584,Bifidobacterium,ERR1090151
36326.0,841,genus,0.0370584,Roseburia,ERR1090151
36326.0,898,genus,0.0370584,Desulfomicrobium,ERR1090151
36326.0,244127,genus,0.0329408,Anaerotruncus,ERR1090151
36326.0,590,genus,0.0329408,Salmonella,ERR1090151
36326.0,2299,genus,0.0329408,Desulfosarcina,ERR1090151
36326.0,838,genus,0.020588,Prevotella,ERR1090151
36326.0,13687,genus,0.020588,Sphingomonas,ERR1090151
36326.0,644652,genus,0.020588,Gordonibacter,ERR1090151
36326.0,182709,genus,0.020588,Oceanobacillus,ERR1090151
36326.0,180541,genus,0.0164704,Salinisphaera,ERR1090151
36326.0,702,genus,0.0164704,Plesiomonas,ERR1090151
36326.0,84111,genus,0.0164704,Eggerthella,ERR1090151
36326.0,233191,genus,0.0164704,Caldilinea,ERR1090151
36326.0,1569,genus,0.0164704,Sporosarcina,ERR1090151
36326.0,626,genus,0.0164704,Xenorhabdus,ERR1090151
36326.0,1827,genus,0.0164704,Rhodococcus,ERR1090151
36326.0,642,genus,0.0123528,Aeromonas,ERR1090151
36326.0,620,genus,0.0123528,Shigella,ERR1090151
36326.0,1565532,genus,0.0123528,Rouxiella,ERR1090151
36326.0,2735,genus,0.0123528,Verrucomicrobium,ERR1090151
36326.0,400634,genus,0.0123528,Lysinibacillus,ERR1090151
36326.0,649460,genus,0.0082352,Filimonas,ERR1090151
36326.0,469,genus,0.0082352,Acinetobacter,ERR1090151
36326.0,581,genus,0.0082352,Morganella,ERR1090151
36326.0,1253,genus,0.0082352,Pediococcus,ERR1090151
36326.0,1279,genus,0.0082352,Staphylococcus,ERR1090151
36326.0,61170,genus,0.0082352,Holdemania,ERR1090151
36326.0,270497,genus,0.0082352,Catabacter,ERR1090151
36326.0,698776,genus,0.0082352,Cellulosilyticum,ERR1090151
36326.0,28231,genus,0.0082352,Geobacter,ERR1090151
36326.0,264995,genus,0.0082352,Anaerofustis,ERR1090151
36326.0,100883,genus,0.0082352,Coprobacillus,ERR1090151
36326.0,332248,genus,0.0082352,Truepera,ERR1090151
36326.0,52784,genus,0.0082352,Anaerofilum,ERR1090151
36326.0,2295,genus,0.0041176,Desulfobacterium,ERR1090151
36326.0,41273,genus,0.0041176,Tissierella,ERR1090151
36326.0,265980,genus,0.0041176,Alkalimonas,ERR1090151
36326.0,32207,genus,0.0041176,Rothia,ERR1090151
36326.0,84406,genus,0.0041176,Virgibacillus,ERR1090151
36326.0,836,genus,0.0041176,Porphyromonas,ERR1090151
36326.0,29331,genus,0.0041176,Amphibacillus,ERR1090151
36326.0,28453,genus,0.0041176,Sphingobacterium,ERR1090151
36326.0,146813,genus,0.0041176,Dendrosporobacter,ERR1090151
36326.0,583,genus,0.0041176,Proteus,ERR1090151
36326.0,1017280,genus,0.0041176,Pseudoflavonifractor,ERR1090151
36326.0,262406,genus,0.0041176,Thermobaculum,ERR1090151
36326.0,467975,genus,0.0041176,Iamia,ERR1090151
36326.0,35832,genus,0.0041176,Bilophila,ERR1090151
36326.0,283168,genus,0.0041176,Odoribacter,ERR1090151
36326.0,44249,genus,0.0041176,Paenibacillus,ERR1090151
36326.0,1637257,genus,0.0041176,Mageeibacillus,ERR1090151
36326.0,2747,genus,0.0041176,Carnobacterium,ERR1090151
36326.0,51668,genus,0.0041176,Tetragenococcus,ERR1090151
36326.0,137460,genus,0.0041176,Aerosphaera,ERR1090151
36326.0,226,genus,0.0041176,Alteromonas,ERR1090151
36326.0,577309,genus,0.0041176,Paraprevotella,ERR1090151
36326.0,397864,genus,0.0041176,Barnesiella,ERR1090151
36326.0,46205,genus,0.0041176,Pseudobutyrivibrio,ERR1090151
36326.0,292713,genus,0.0041176,Silanimonas,ERR1090151
36326.0,84108,genus,0.0041176,Slackia,ERR1090151
36326.0,28196,genus,0.0041176,Arcobacter,ERR1090151
36326.0,497,genus,0.0041176,Psychrobacter,ERR1090151
36326.0,1380,genus,0.0041176,Atopobium,ERR1090151
36326.0,1618113,genus,0.0041176,Saccharicrinis,ERR1090151
36326.0,34037,genus,0.0041176,Rahnella,ERR1090151
36326.0,269773,genus,0.0041176,Atopococcus,ERR1090151
36326.0,1357,genus,0.0041176,Lactococcus,ERR1090151
36326.0,704093,genus,0.0041176,Anaerobacillus,ERR1090151
36326.0,57665,genus,0.0041176,Sulfurospirillum,ERR1090151
36326.0,84565,genus,0.0041176,Sodalis,ERR1090151
36326.0,1506577,genus,0.0041176,Tyzzerella,ERR1090151
36326.0,893,genus,0.0041176,Desulfobulbus,ERR1090151
36326.0,830,genus,0.0041176,Butyrivibrio,ERR1090151
36326.0,413496,genus,0.0041176,Cronobacter,ERR1090151
36326.0,904,genus,0.0041176,Acidaminococcus,ERR1090151
36326.0,117563,genus,0.0041176,Granulicatella,ERR1090151
36326.0,1372,genus,0.0041176,Planococcus,ERR1090151
36326.0,55080,genus,0.0041176,Brevibacillus,ERR1090151
36326.0,237,genus,0.0041176,Flavobacterium,ERR1090151
36326.0,53460,genus,0.0041176,Nakamurella,ERR1090151
36326.0,416916,genus,0.0041176,Aggregatibacter,ERR1090151
36326.0,32205,genus,0.0041176,Leptonema,ERR1090151
36326.0,61434,genus,0.0041176,Dehalococcoides,ERR1090151
36326.0,2742,genus,0.0041176,Marinobacter,ERR1090151
36326.0,79328,genus,0.0041176,Chitinophaga,ERR1090151
36326.0,579,genus,0.0041176,Kluyvera,ERR1090151
,-1,genus,83.3731,Unknown,ERR1090151
34109.0,239934,genus,13.5045,Akkermansia,ERR1090529
34109.0,216851,genus,9.28777,Faecalibacterium,ERR1090529
34109.0,39948,genus,6.62231,Dialister,ERR1090529
34109.0,816,genus,3.29147,Bacteroides,ERR1090529
34109.0,239759,genus,2.48041,Alistipes,ERR1090529
34109.0,1678,genus,2.47254,Bifidobacterium,ERR1090529
34109.0,1263,genus,1.73629,Ruminococcus,ERR1090529
34109.0,572511,genus,1.5473,Blautia,ERR1090529
34109.0,35832,genus,1.31108,Bilophila,ERR1090529
34109.0,375288,genus,0.779558,Parabacteroides,ERR1090529
34109.0,1730,genus,0.633883,Eubacterium,ERR1090529
34109.0,1505663,genus,0.5827,Erysipelatoclostridium,ERR1090529
34109.0,1506553,genus,0.362219,Lachnoclostridium,ERR1090529
34109.0,1573535,genus,0.29135,Holdemanella,ERR1090529
34109.0,1508657,genus,0.26379,Ruminiclostridium,ERR1090529
34109.0,838,genus,0.165361,Prevotella,ERR1090529
34109.0,189330,genus,0.157487,Dorea,ERR1090529
34109.0,1578,genus,0.122052,Lactobacillus,ERR1090529
34109.0,1505657,genus,0.122052,Intestinibacter,ERR1090529
34109.0,397864,genus,0.0944919,Barnesiella,ERR1090529
34109.0,84111,genus,0.0866176,Eggerthella,ERR1090529
34109.0,459786,genus,0.0826804,Oscillibacter,ERR1090529
34109.0,561,genus,0.0590574,Escherichia,ERR1090529
34109.0,33042,genus,0.0590574,Coprococcus,ERR1090529
34109.0,872,genus,0.047246,Desulfovibrio,ERR1090529
34109.0,244127,genus,0.047246,Anaerotruncus,ERR1090529
34109.0,1573534,genus,0.047246,Faecalitalea,ERR1090529
34109.0,1301,genus,0.047246,Streptococcus,ERR1090529
34109.0,61170,genus,0.0433088,Holdemania,ERR1090529
34109.0,1485,genus,0.0393716,Clostridium,ERR1090529
34109.0,207244,genus,0.023623,Anaerostipes,ERR1090529
34109.0,283168,genus,0.023623,Odoribacter,ERR1090529
34109.0,590,genus,0.023623,Salmonella,ERR1090529
34109.0,841,genus,0.0196858,Roseburia,ERR1090529
34109.0,40544,genus,0.0157487,Sutterella,ERR1090529
34109.0,44748,genus,0.0157487,Sporobacter,ERR1090529
34109.0,34037,genus,0.0118115,Rahnella,ERR1090529
34109.0,40323,genus,0.0118115,Stenotrophomonas,ERR1090529
34109.0,52784,genus,0.0118115,Anaerofilum,ERR1090529
34109.0,180541,genus,0.00787433,Salinisphaera,ERR1090529
34109.0,29465,genus,0.00787433,Veillonella,ERR1090529
34109.0,28453,genus,0.00787433,Sphingobacterium,ERR1090529
34109.0,898,genus,0.00787433,Desulfomicrobium,ERR1090529
34109.0,100175,genus,0.00787433,Papillibacter,ERR1090529
34109.0,70774,genus,0.00787433,Hydrogenophilus,ERR1090529
34109.0,1350,genus,0.00787433,Enterococcus,ERR1090529
34109.0,620,genus,0.00787433,Shigella,ERR1090529
34109.0,48463,genus,0.00787433,Prosthecobacter,ERR1090529
34109.0,233191,genus,0.00787433,Caldilinea,ERR1090529
34109.0,1386,genus,0.00787433,Bacillus,ERR1090529
34109.0,469,genus,0.00787433,Acinetobacter,ERR1090529
34109.0,233189,genus,0.00787433,Anaerolinea,ERR1090529
34109.0,724,genus,0.00787433,Haemophilus,ERR1090529
34109.0,161492,genus,0.00787433,Anaeromyxobacter,ERR1090529
34109.0,289201,genus,0.00787433,Pontibacillus,ERR1090529
34109.0,642,genus,0.00787433,Aeromonas,ERR1090529
34109.0,79328,genus,0.00393716,Chitinophaga,ERR1090529
34109.0,332248,genus,0.00393716,Truepera,ERR1090529
34109.0,286,genus,0.00393716,Pseudomonas,ERR1090529
34109.0,1378,genus,0.00393716,Gemella,ERR1090529
34109.0,13687,genus,0.00393716,Sphingomonas,ERR1090529
34109.0,1279,genus,0.00393716,Staphylococcus,ERR1090529
34109.0,156454,genus,0.00393716,Anaeroglobus,ERR1090529
34109.0,445,genus,0.00393716,Legionella,ERR1090529
34109.0,114627,genus,0.00393716,Alkaliphilus,ERR1090529
34109.0,510690,genus,0.00393716,Sneathiella,ERR1090529
34109.0,59732,genus,0.00393716,Chryseobacterium,ERR1090529
34109.0,100883,genus,0.00393716,Coprobacillus,ERR1090529
34109.0,47420,genus,0.00393716,Hydrogenophaga,ERR1090529
34109.0,160795,genus,0.00393716,Ureibacillus,ERR1090529
34109.0,44249,genus,0.00393716,Paenibacillus,ERR1090529
34109.0,380240,genus,0.00393716,Candidatus Brocadia,ERR1090529
34109.0,44262,genus,0.00393716,Oxalophagus,ERR1090529
34109.0,187144,genus,0.00393716,Caldithrix,ERR1090529
34109.0,118747,genus,0.00393716,Bulleidia,ERR1090529
34109.0,482,genus,0.00393716,Neisseria,ERR1090529
34109.0,55080,genus,0.00393716,Brevibacillus,ERR1090529
34109.0,55079,genus,0.00393716,Aneurinibacillus,ERR1090529
34109.0,653683,genus,0.00393716,Anaerosporobacter,ERR1090529
34109.0,1274351,genus,0.00393716,Kroppenstedtia,ERR1090529
34109.0,1372,genus,0.00393716,Planococcus,ERR1090529
34109.0,1257,genus,0.00393716,Peptostreptococcus,ERR1090529
34109.0,392332,genus,0.00393716,Geoalkalibacter,ERR1090529
,-1,genus,53.0651,Unknown,ERR1090529
34109.0,239934,genus,13.5045,Akkermansia,ERR1090529
34109.0,216851,genus,9.28777,Faecalibacterium,ERR1090529
34109.0,39948,genus,6.62231,Dialister,ERR1090529
34109.0,816,genus,3.29147,Bacteroides,ERR1090529
34109.0,239759,genus,2.48041,Alistipes,ERR1090529
34109.0,1678,genus,2.47254,Bifidobacterium,ERR1090529
34109.0,1263,genus,1.73629,Ruminococcus,ERR1090529
34109.0,572511,genus,1.5473,Blautia,ERR1090529
34109.0,35832,genus,1.31108,Bilophila,ERR1090529
34109.0,375288,genus,0.779558,Parabacteroides,ERR1090529
34109.0,1730,genus,0.633883,Eubacterium,ERR1090529
34109.0,1505663,genus,0.5827,Erysipelatoclostridium,ERR1090529
34109.0,1506553,genus,0.362219,Lachnoclostridium,ERR1090529
34109.0,1573535,genus,0.29135,Holdemanella,ERR1090529
34109.0,1508657,genus,0.26379,Ruminiclostridium,ERR1090529
34109.0,838,genus,0.165361,Prevotella,ERR1090529
34109.0,189330,genus,0.157487,Dorea,ERR1090529
34109.0,1578,genus,0.122052,Lactobacillus,ERR1090529
34109.0,1505657,genus,0.122052,Intestinibacter,ERR1090529
34109.0,397864,genus,0.0944919,Barnesiella,ERR1090529
34109.0,84111,genus,0.0866176,Eggerthella,ERR1090529
34109.0,459786,genus,0.0826804,Oscillibacter,ERR1090529
34109.0,33042,genus,0.0590574,Coprococcus,ERR1090529
34109.0,561,genus,0.0590574,Escherichia,ERR1090529
34109.0,872,genus,0.047246,Desulfovibrio,ERR1090529
34109.0,244127,genus,0.047246,Anaerotruncus,ERR1090529
34109.0,1573534,genus,0.047246,Faecalitalea,ERR1090529
34109.0,1301,genus,0.047246,Streptococcus,ERR1090529
34109.0,61170,genus,0.0433088,Holdemania,ERR1090529
34109.0,1485,genus,0.0393716,Clostridium,ERR1090529
34109.0,283168,genus,0.023623,Odoribacter,ERR1090529
34109.0,590,genus,0.023623,Salmonella,ERR1090529
34109.0,207244,genus,0.023623,Anaerostipes,ERR1090529
34109.0,841,genus,0.0196858,Roseburia,ERR1090529
34109.0,44748,genus,0.0157487,Sporobacter,ERR1090529
34109.0,40544,genus,0.0157487,Sutterella,ERR1090529
34109.0,34037,genus,0.0118115,Rahnella,ERR1090529
34109.0,40323,genus,0.0118115,Stenotrophomonas,ERR1090529
34109.0,52784,genus,0.0118115,Anaerofilum,ERR1090529
34109.0,180541,genus,0.00787433,Salinisphaera,ERR1090529
34109.0,29465,genus,0.00787433,Veillonella,ERR1090529
34109.0,28453,genus,0.00787433,Sphingobacterium,ERR1090529
34109.0,898,genus,0.00787433,Desulfomicrobium,ERR1090529
34109.0,100175,genus,0.00787433,Papillibacter,ERR1090529
34109.0,70774,genus,0.00787433,Hydrogenophilus,ERR1090529
34109.0,1350,genus,0.00787433,Enterococcus,ERR1090529
34109.0,620,genus,0.00787433,Shigella,ERR1090529
34109.0,48463,genus,0.00787433,Prosthecobacter,ERR1090529
34109.0,233191,genus,0.00787433,Caldilinea,ERR1090529
34109.0,1386,genus,0.00787433,Bacillus,ERR1090529
34109.0,469,genus,0.00787433,Acinetobacter,ERR1090529
34109.0,233189,genus,0.00787433,Anaerolinea,ERR1090529
34109.0,724,genus,0.00787433,Haemophilus,ERR1090529
34109.0,161492,genus,0.00787433,Anaeromyxobacter,ERR1090529
34109.0,289201,genus,0.00787433,Pontibacillus,ERR1090529
34109.0,642,genus,0.00787433,Aeromonas,ERR1090529
34109.0,332248,genus,0.00393716,Truepera,ERR1090529
34109.0,286,genus,0.00393716,Pseudomonas,ERR1090529
34109.0,1378,genus,0.00393716,Gemella,ERR1090529
34109.0,13687,genus,0.00393716,Sphingomonas,ERR1090529
34109.0,1279,genus,0.00393716,Staphylococcus,ERR1090529
34109.0,156454,genus,0.00393716,Anaeroglobus,ERR1090529
34109.0,445,genus,0.00393716,Legionella,ERR1090529
34109.0,114627,genus,0.00393716,Alkaliphilus,ERR1090529
34109.0,510690,genus,0.00393716,Sneathiella,ERR1090529
34109.0,59732,genus,0.00393716,Chryseobacterium,ERR1090529
34109.0,100883,genus,0.00393716,Coprobacillus,ERR1090529
34109.0,47420,genus,0.00393716,Hydrogenophaga,ERR1090529
34109.0,160795,genus,0.00393716,Ureibacillus,ERR1090529
34109.0,44249,genus,0.00393716,Paenibacillus,ERR1090529
34109.0,380240,genus,0.00393716,Candidatus Brocadia,ERR1090529
34109.0,44262,genus,0.00393716,Oxalophagus,ERR1090529
34109.0,187144,genus,0.00393716,Caldithrix,ERR1090529
34109.0,118747,genus,0.00393716,Bulleidia,ERR1090529
34109.0,482,genus,0.00393716,Neisseria,ERR1090529
34109.0,55080,genus,0.00393716,Brevibacillus,ERR1090529
34109.0,55079,genus,0.00393716,Aneurinibacillus,ERR1090529
34109.0,653683,genus,0.00393716,Anaerosporobacter,ERR1090529
34109.0,1274351,genus,0.00393716,Kroppenstedtia,ERR1090529
34109.0,1372,genus,0.00393716,Planococcus,ERR1090529
34109.0,1257,genus,0.00393716,Peptostreptococcus,ERR1090529
34109.0,392332,genus,0.00393716,Geoalkalibacter,ERR1090529
34109.0,79328,genus,0.00393716,Chitinophaga,ERR1090529
,-1,genus,53.0651,Unknown,ERR1090529
34109.0,239934,genus,13.5045,Akkermansia,ERR1090529
34109.0,216851,genus,9.28777,Faecalibacterium,ERR1090529
34109.0,39948,genus,6.62231,Dialister,ERR1090529
34109.0,816,genus,3.29147,Bacteroides,ERR1090529
34109.0,239759,genus,2.48041,Alistipes,ERR1090529
34109.0,1678,genus,2.47254,Bifidobacterium,ERR1090529
34109.0,1263,genus,1.73629,Ruminococcus,ERR1090529
34109.0,572511,genus,1.5473,Blautia,ERR1090529
34109.0,35832,genus,1.31108,Bilophila,ERR1090529
34109.0,375288,genus,0.779558,Parabacteroides,ERR1090529
34109.0,1730,genus,0.633883,Eubacterium,ERR1090529
34109.0,1505663,genus,0.5827,Erysipelatoclostridium,ERR1090529
34109.0,1506553,genus,0.362219,Lachnoclostridium,ERR1090529
34109.0,1573535,genus,0.29135,Holdemanella,ERR1090529
34109.0,1508657,genus,0.26379,Ruminiclostridium,ERR1090529
34109.0,838,genus,0.165361,Prevotella,ERR1090529
34109.0,189330,genus,0.157487,Dorea,ERR1090529
34109.0,1578,genus,0.122052,Lactobacillus,ERR1090529
34109.0,1505657,genus,0.122052,Intestinibacter,ERR1090529
34109.0,397864,genus,0.0944919,Barnesiella,ERR1090529
34109.0,84111,genus,0.0866176,Eggerthella,ERR1090529
34109.0,459786,genus,0.0826804,Oscillibacter,ERR1090529
34109.0,561,genus,0.0590574,Escherichia,ERR1090529
34109.0,33042,genus,0.0590574,Coprococcus,ERR1090529
34109.0,1301,genus,0.047246,Streptococcus,ERR1090529
34109.0,872,genus,0.047246,Desulfovibrio,ERR1090529
34109.0,244127,genus,0.047246,Anaerotruncus,ERR1090529
34109.0,1573534,genus,0.047246,Faecalitalea,ERR1090529
34109.0,61170,genus,0.0433088,Holdemania,ERR1090529
34109.0,1485,genus,0.0393716,Clostridium,ERR1090529
34109.0,207244,genus,0.023623,Anaerostipes,ERR1090529
34109.0,283168,genus,0.023623,Odoribacter,ERR1090529
34109.0,590,genus,0.023623,Salmonella,ERR1090529
34109.0,841,genus,0.0196858,Roseburia,ERR1090529
34109.0,40544,genus,0.0157487,Sutterella,ERR1090529
34109.0,44748,genus,0.0157487,Sporobacter,ERR1090529
34109.0,34037,genus,0.0118115,Rahnella,ERR1090529
34109.0,40323,genus,0.0118115,Stenotrophomonas,ERR1090529
34109.0,52784,genus,0.0118115,Anaerofilum,ERR1090529
34109.0,289201,genus,0.00787433,Pontibacillus,ERR1090529
34109.0,642,genus,0.00787433,Aeromonas,ERR1090529
34109.0,180541,genus,0.00787433,Salinisphaera,ERR1090529
34109.0,29465,genus,0.00787433,Veillonella,ERR1090529
34109.0,28453,genus,0.00787433,Sphingobacterium,ERR1090529
34109.0,898,genus,0.00787433,Desulfomicrobium,ERR1090529
34109.0,100175,genus,0.00787433,Papillibacter,ERR1090529
34109.0,70774,genus,0.00787433,Hydrogenophilus,ERR1090529
34109.0,1350,genus,0.00787433,Enterococcus,ERR1090529
34109.0,620,genus,0.00787433,Shigella,ERR1090529
34109.0,48463,genus,0.00787433,Prosthecobacter,ERR1090529
34109.0,233191,genus,0.00787433,Caldilinea,ERR1090529
34109.0,1386,genus,0.00787433,Bacillus,ERR1090529
34109.0,469,genus,0.00787433,Acinetobacter,ERR1090529
34109.0,233189,genus,0.00787433,Anaerolinea,ERR1090529
34109.0,724,genus,0.00787433,Haemophilus,ERR1090529
34109.0,161492,genus,0.00787433,Anaeromyxobacter,ERR1090529
34109.0,55080,genus,0.00393716,Brevibacillus,ERR1090529
34109.0,55079,genus,0.00393716,Aneurinibacillus,ERR1090529
34109.0,653683,genus,0.00393716,Anaerosporobacter,ERR1090529
34109.0,1274351,genus,0.00393716,Kroppenstedtia,ERR1090529
34109.0,1372,genus,0.00393716,Planococcus,ERR1090529
34109.0,1257,genus,0.00393716,Peptostreptococcus,ERR1090529
34109.0,392332,genus,0.00393716,Geoalkalibacter,ERR1090529
34109.0,79328,genus,0.00393716,Chitinophaga,ERR1090529
34109.0,332248,genus,0.00393716,Truepera,ERR1090529
34109.0,286,genus,0.00393716,Pseudomonas,ERR1090529
34109.0,1378,genus,0.00393716,Gemella,ERR1090529
34109.0,13687,genus,0.00393716,Sphingomonas,ERR1090529
34109.0,1279,genus,0.00393716,Staphylococcus,ERR1090529
34109.0,156454,genus,0.00393716,Anaeroglobus,ERR1090529
34109.0,445,genus,0.00393716,Legionella,ERR1090529
34109.0,114627,genus,0.00393716,Alkaliphilus,ERR1090529
34109.0,510690,genus,0.00393716,Sneathiella,ERR1090529
34109.0,59732,genus,0.00393716,Chryseobacterium,ERR1090529
34109.0,100883,genus,0.00393716,Coprobacillus,ERR1090529
34109.0,47420,genus,0.00393716,Hydrogenophaga,ERR1090529
34109.0,160795,genus,0.00393716,Ureibacillus,ERR1090529
34109.0,44249,genus,0.00393716,Paenibacillus,ERR1090529
34109.0,380240,genus,0.00393716,Candidatus Brocadia,ERR1090529
34109.0,44262,genus,0.00393716,Oxalophagus,ERR1090529
34109.0,187144,genus,0.00393716,Caldithrix,ERR1090529
34109.0,118747,genus,0.00393716,Bulleidia,ERR1090529
34109.0,482,genus,0.00393716,Neisseria,ERR1090529
,-1,genus,53.0651,Unknown,ERR1090529
34109.0,239934,genus,13.5045,Akkermansia,ERR1090529
34109.0,216851,genus,9.28777,Faecalibacterium,ERR1090529
34109.0,39948,genus,6.62231,Dialister,ERR1090529
34109.0,816,genus,3.29147,Bacteroides,ERR1090529
34109.0,239759,genus,2.48041,Alistipes,ERR1090529
34109.0,1678,genus,2.47254,Bifidobacterium,ERR1090529
34109.0,1263,genus,1.73629,Ruminococcus,ERR1090529
34109.0,572511,genus,1.5473,Blautia,ERR1090529
34109.0,35832,genus,1.31108,Bilophila,ERR1090529
34109.0,375288,genus,0.779558,Parabacteroides,ERR1090529
34109.0,1730,genus,0.633883,Eubacterium,ERR1090529
34109.0,1505663,genus,0.5827,Erysipelatoclostridium,ERR1090529
34109.0,1506553,genus,0.362219,Lachnoclostridium,ERR1090529
34109.0,1573535,genus,0.29135,Holdemanella,ERR1090529
34109.0,1508657,genus,0.26379,Ruminiclostridium,ERR1090529
34109.0,838,genus,0.165361,Prevotella,ERR1090529
34109.0,189330,genus,0.157487,Dorea,ERR1090529
34109.0,1578,genus,0.122052,Lactobacillus,ERR1090529
34109.0,1505657,genus,0.122052,Intestinibacter,ERR1090529
34109.0,397864,genus,0.0944919,Barnesiella,ERR1090529
34109.0,84111,genus,0.0866176,Eggerthella,ERR1090529
34109.0,459786,genus,0.0826804,Oscillibacter,ERR1090529
34109.0,561,genus,0.0590574,Escherichia,ERR1090529
34109.0,33042,genus,0.0590574,Coprococcus,ERR1090529
34109.0,1301,genus,0.047246,Streptococcus,ERR1090529
34109.0,872,genus,0.047246,Desulfovibrio,ERR1090529
34109.0,244127,genus,0.047246,Anaerotruncus,ERR1090529
34109.0,1573534,genus,0.047246,Faecalitalea,ERR1090529
34109.0,61170,genus,0.0433088,Holdemania,ERR1090529
34109.0,1485,genus,0.0393716,Clostridium,ERR1090529
34109.0,207244,genus,0.023623,Anaerostipes,ERR1090529
34109.0,283168,genus,0.023623,Odoribacter,ERR1090529
34109.0,590,genus,0.023623,Salmonella,ERR1090529
34109.0,841,genus,0.0196858,Roseburia,ERR1090529
34109.0,40544,genus,0.0157487,Sutterella,ERR1090529
34109.0,44748,genus,0.0157487,Sporobacter,ERR1090529
34109.0,34037,genus,0.0118115,Rahnella,ERR1090529
34109.0,40323,genus,0.0118115,Stenotrophomonas,ERR1090529
34109.0,52784,genus,0.0118115,Anaerofilum,ERR1090529
34109.0,642,genus,0.00787433,Aeromonas,ERR1090529
34109.0,180541,genus,0.00787433,Salinisphaera,ERR1090529
34109.0,29465,genus,0.00787433,Veillonella,ERR1090529
34109.0,28453,genus,0.00787433,Sphingobacterium,ERR1090529
34109.0,898,genus,0.00787433,Desulfomicrobium,ERR1090529
34109.0,100175,genus,0.00787433,Papillibacter,ERR1090529
34109.0,70774,genus,0.00787433,Hydrogenophilus,ERR1090529
34109.0,1350,genus,0.00787433,Enterococcus,ERR1090529
34109.0,620,genus,0.00787433,Shigella,ERR1090529
34109.0,48463,genus,0.00787433,Prosthecobacter,ERR1090529
34109.0,233191,genus,0.00787433,Caldilinea,ERR1090529
34109.0,1386,genus,0.00787433,Bacillus,ERR1090529
34109.0,469,genus,0.00787433,Acinetobacter,ERR1090529
34109.0,233189,genus,0.00787433,Anaerolinea,ERR1090529
34109.0,724,genus,0.00787433,Haemophilus,ERR1090529
34109.0,161492,genus,0.00787433,Anaeromyxobacter,ERR1090529
34109.0,289201,genus,0.00787433,Pontibacillus,ERR1090529
34109.0,1274351,genus,0.00393716,Kroppenstedtia,ERR1090529
34109.0,1372,genus,0.00393716,Planococcus,ERR1090529
34109.0,1257,genus,0.00393716,Peptostreptococcus,ERR1090529
34109.0,392332,genus,0.00393716,Geoalkalibacter,ERR1090529
34109.0,79328,genus,0.00393716,Chitinophaga,ERR1090529
34109.0,332248,genus,0.00393716,Truepera,ERR1090529
34109.0,286,genus,0.00393716,Pseudomonas,ERR1090529
34109.0,1378,genus,0.00393716,Gemella,ERR1090529
34109.0,13687,genus,0.00393716,Sphingomonas,ERR1090529
34109.0,1279,genus,0.00393716,Staphylococcus,ERR1090529
34109.0,156454,genus,0.00393716,Anaeroglobus,ERR1090529
34109.0,445,genus,0.00393716,Legionella,ERR1090529
34109.0,114627,genus,0.00393716,Alkaliphilus,ERR1090529
34109.0,510690,genus,0.00393716,Sneathiella,ERR1090529
34109.0,59732,genus,0.00393716,Chryseobacterium,ERR1090529
34109.0,100883,genus,0.00393716,Coprobacillus,ERR1090529
34109.0,47420,genus,0.00393716,Hydrogenophaga,ERR1090529
34109.0,160795,genus,0.00393716,Ureibacillus,ERR1090529
34109.0,44249,genus,0.00393716,Paenibacillus,ERR1090529
34109.0,380240,genus,0.00393716,Candidatus Brocadia,ERR1090529
34109.0,44262,genus,0.00393716,Oxalophagus,ERR1090529
34109.0,187144,genus,0.00393716,Caldithrix,ERR1090529
34109.0,118747,genus,0.00393716,Bulleidia,ERR1090529
34109.0,482,genus,0.00393716,Neisseria,ERR1090529
34109.0,55080,genus,0.00393716,Brevibacillus,ERR1090529
34109.0,55079,genus,0.00393716,Aneurinibacillus,ERR1090529
34109.0,653683,genus,0.00393716,Anaerosporobacter,ERR1090529
,-1,genus,53.0651,Unknown,ERR1090529
34109.0,239934,genus,13.5045,Akkermansia,ERR1090529
34109.0,216851,genus,9.28777,Faecalibacterium,ERR1090529
34109.0,39948,genus,6.62231,Dialister,ERR1090529
34109.0,816,genus,3.29147,Bacteroides,ERR1090529
34109.0,239759,genus,2.48041,Alistipes,ERR1090529
34109.0,1678,genus,2.47254,Bifidobacterium,ERR1090529
34109.0,1263,genus,1.73629,Ruminococcus,ERR1090529
34109.0,572511,genus,1.5473,Blautia,ERR1090529
34109.0,35832,genus,1.31108,Bilophila,ERR1090529
34109.0,375288,genus,0.779558,Parabacteroides,ERR1090529
34109.0,1730,genus,0.633883,Eubacterium,ERR1090529
34109.0,1505663,genus,0.5827,Erysipelatoclostridium,ERR1090529
34109.0,1506553,genus,0.362219,Lachnoclostridium,ERR1090529
34109.0,1573535,genus,0.29135,Holdemanella,ERR1090529
34109.0,1508657,genus,0.26379,Ruminiclostridium,ERR1090529
34109.0,838,genus,0.165361,Prevotella,ERR1090529
34109.0,189330,genus,0.157487,Dorea,ERR1090529
34109.0,1578,genus,0.122052,Lactobacillus,ERR1090529
34109.0,1505657,genus,0.122052,Intestinibacter,ERR1090529
34109.0,397864,genus,0.0944919,Barnesiella,ERR1090529
34109.0,84111,genus,0.0866176,Eggerthella,ERR1090529
34109.0,459786,genus,0.0826804,Oscillibacter,ERR1090529
34109.0,561,genus,0.0590574,Escherichia,ERR1090529
34109.0,33042,genus,0.0590574,Coprococcus,ERR1090529
34109.0,1301,genus,0.047246,Streptococcus,ERR1090529
34109.0,872,genus,0.047246,Desulfovibrio,ERR1090529
34109.0,244127,genus,0.047246,Anaerotruncus,ERR1090529
34109.0,1573534,genus,0.047246,Faecalitalea,ERR1090529
34109.0,61170,genus,0.0433088,Holdemania,ERR1090529
34109.0,1485,genus,0.0393716,Clostridium,ERR1090529
34109.0,207244,genus,0.023623,Anaerostipes,ERR1090529
34109.0,283168,genus,0.023623,Odoribacter,ERR1090529
34109.0,590,genus,0.023623,Salmonella,ERR1090529
34109.0,841,genus,0.0196858,Roseburia,ERR1090529
34109.0,40544,genus,0.0157487,Sutterella,ERR1090529
34109.0,44748,genus,0.0157487,Sporobacter,ERR1090529
34109.0,34037,genus,0.0118115,Rahnella,ERR1090529
34109.0,40323,genus,0.0118115,Stenotrophomonas,ERR1090529
34109.0,52784,genus,0.0118115,Anaerofilum,ERR1090529
34109.0,180541,genus,0.00787433,Salinisphaera,ERR1090529
34109.0,29465,genus,0.00787433,Veillonella,ERR1090529
34109.0,28453,genus,0.00787433,Sphingobacterium,ERR1090529
34109.0,898,genus,0.00787433,Desulfomicrobium,ERR1090529
34109.0,100175,genus,0.00787433,Papillibacter,ERR1090529
34109.0,70774,genus,0.00787433,Hydrogenophilus,ERR1090529
34109.0,1350,genus,0.00787433,Enterococcus,ERR1090529
34109.0,620,genus,0.00787433,Shigella,ERR1090529
34109.0,48463,genus,0.00787433,Prosthecobacter,ERR1090529
34109.0,233191,genus,0.00787433,Caldilinea,ERR1090529
34109.0,1386,genus,0.00787433,Bacillus,ERR1090529
34109.0,469,genus,0.00787433,Acinetobacter,ERR1090529
34109.0,233189,genus,0.00787433,Anaerolinea,ERR1090529
34109.0,724,genus,0.00787433,Haemophilus,ERR1090529
34109.0,161492,genus,0.00787433,Anaeromyxobacter,ERR1090529
34109.0,289201,genus,0.00787433,Pontibacillus,ERR1090529
34109.0,642,genus,0.00787433,Aeromonas,ERR1090529
34109.0,392332,genus,0.00393716,Geoalkalibacter,ERR1090529
34109.0,79328,genus,0.00393716,Chitinophaga,ERR1090529
34109.0,332248,genus,0.00393716,Truepera,ERR1090529
34109.0,286,genus,0.00393716,Pseudomonas,ERR1090529
34109.0,1378,genus,0.00393716,Gemella,ERR1090529
34109.0,13687,genus,0.00393716,Sphingomonas,ERR1090529
34109.0,1279,genus,0.00393716,Staphylococcus,ERR1090529
34109.0,156454,genus,0.00393716,Anaeroglobus,ERR1090529
34109.0,445,genus,0.00393716,Legionella,ERR1090529
34109.0,114627,genus,0.00393716,Alkaliphilus,ERR1090529
34109.0,510690,genus,0.00393716,Sneathiella,ERR1090529
34109.0,59732,genus,0.00393716,Chryseobacterium,ERR1090529
34109.0,100883,genus,0.00393716,Coprobacillus,ERR1090529
34109.0,47420,genus,0.00393716,Hydrogenophaga,ERR1090529
34109.0,160795,genus,0.00393716,Ureibacillus,ERR1090529
34109.0,44249,genus,0.00393716,Paenibacillus,ERR1090529
34109.0,380240,genus,0.00393716,Candidatus Brocadia,ERR1090529
34109.0,44262,genus,0.00393716,Oxalophagus,ERR1090529
34109.0,187144,genus,0.00393716,Caldithrix,ERR1090529
34109.0,118747,genus,0.00393716,Bulleidia,ERR1090529
34109.0,482,genus,0.00393716,Neisseria,ERR1090529
34109.0,55080,genus,0.00393716,Brevibacillus,ERR1090529
34109.0,55079,genus,0.00393716,Aneurinibacillus,ERR1090529
34109.0,653683,genus,0.00393716,Anaerosporobacter,ERR1090529
34109.0,1274351,genus,0.00393716,Kroppenstedtia,ERR1090529
34109.0,1372,genus,0.00393716,Planococcus,ERR1090529
34109.0,1257,genus,0.00393716,Peptostreptococcus,ERR1090529
,-1,genus,53.0651,Unknown,ERR1090529
34109.0,239934,genus,13.5045,Akkermansia,ERR1090529
34109.0,216851,genus,9.28777,Faecalibacterium,ERR1090529
34109.0,39948,genus,6.62231,Dialister,ERR1090529
34109.0,816,genus,3.29147,Bacteroides,ERR1090529
34109.0,239759,genus,2.48041,Alistipes,ERR1090529
34109.0,1678,genus,2.47254,Bifidobacterium,ERR1090529
34109.0,1263,genus,1.73629,Ruminococcus,ERR1090529
34109.0,572511,genus,1.5473,Blautia,ERR1090529
34109.0,35832,genus,1.31108,Bilophila,ERR1090529
34109.0,375288,genus,0.779558,Parabacteroides,ERR1090529
34109.0,1730,genus,0.633883,Eubacterium,ERR1090529
34109.0,1505663,genus,0.5827,Erysipelatoclostridium,ERR1090529
34109.0,1506553,genus,0.362219,Lachnoclostridium,ERR1090529
34109.0,1573535,genus,0.29135,Holdemanella,ERR1090529
34109.0,1508657,genus,0.26379,Ruminiclostridium,ERR1090529
34109.0,838,genus,0.165361,Prevotella,ERR1090529
34109.0,189330,genus,0.157487,Dorea,ERR1090529
34109.0,1505657,genus,0.122052,Intestinibacter,ERR1090529
34109.0,1578,genus,0.122052,Lactobacillus,ERR1090529
34109.0,397864,genus,0.0944919,Barnesiella,ERR1090529
34109.0,84111,genus,0.0866176,Eggerthella,ERR1090529
34109.0,459786,genus,0.0826804,Oscillibacter,ERR1090529
34109.0,33042,genus,0.0590574,Coprococcus,ERR1090529
34109.0,561,genus,0.0590574,Escherichia,ERR1090529
34109.0,872,genus,0.047246,Desulfovibrio,ERR1090529
34109.0,244127,genus,0.047246,Anaerotruncus,ERR1090529
34109.0,1573534,genus,0.047246,Faecalitalea,ERR1090529
34109.0,1301,genus,0.047246,Streptococcus,ERR1090529
34109.0,61170,genus,0.0433088,Holdemania,ERR1090529
34109.0,1485,genus,0.0393716,Clostridium,ERR1090529
34109.0,207244,genus,0.023623,Anaerostipes,ERR1090529
34109.0,590,genus,0.023623,Salmonella,ERR1090529
34109.0,283168,genus,0.023623,Odoribacter,ERR1090529
34109.0,841,genus,0.0196858,Roseburia,ERR1090529
34109.0,44748,genus,0.0157487,Sporobacter,ERR1090529
34109.0,40544,genus,0.0157487,Sutterella,ERR1090529
34109.0,40323,genus,0.0118115,Stenotrophomonas,ERR1090529
34109.0,52784,genus,0.0118115,Anaerofilum,ERR1090529
34109.0,34037,genus,0.0118115,Rahnella,ERR1090529
34109.0,28453,genus,0.00787433,Sphingobacterium,ERR1090529
34109.0,898,genus,0.00787433,Desulfomicrobium,ERR1090529
34109.0,100175,genus,0.00787433,Papillibacter,ERR1090529
34109.0,70774,genus,0.00787433,Hydrogenophilus,ERR1090529
34109.0,1350,genus,0.00787433,Enterococcus,ERR1090529
34109.0,620,genus,0.00787433,Shigella,ERR1090529
34109.0,48463,genus,0.00787433,Prosthecobacter,ERR1090529
34109.0,469,genus,0.00787433,Acinetobacter,ERR1090529
34109.0,233191,genus,0.00787433,Caldilinea,ERR1090529
34109.0,1386,genus,0.00787433,Bacillus,ERR1090529
34109.0,233189,genus,0.00787433,Anaerolinea,ERR1090529
34109.0,724,genus,0.00787433,Haemophilus,ERR1090529
34109.0,161492,genus,0.00787433,Anaeromyxobacter,ERR1090529
34109.0,289201,genus,0.00787433,Pontibacillus,ERR1090529
34109.0,642,genus,0.00787433,Aeromonas,ERR1090529
34109.0,180541,genus,0.00787433,Salinisphaera,ERR1090529
34109.0,29465,genus,0.00787433,Veillonella,ERR1090529
34109.0,156454,genus,0.00393716,Anaeroglobus,ERR1090529
34109.0,114627,genus,0.00393716,Alkaliphilus,ERR1090529
34109.0,445,genus,0.00393716,Legionella,ERR1090529
34109.0,59732,genus,0.00393716,Chryseobacterium,ERR1090529
34109.0,510690,genus,0.00393716,Sneathiella,ERR1090529
34109.0,100883,genus,0.00393716,Coprobacillus,ERR1090529
34109.0,47420,genus,0.00393716,Hydrogenophaga,ERR1090529
34109.0,160795,genus,0.00393716,Ureibacillus,ERR1090529
34109.0,44249,genus,0.00393716,Paenibacillus,ERR1090529
34109.0,380240,genus,0.00393716,Candidatus Brocadia,ERR1090529
34109.0,44262,genus,0.00393716,Oxalophagus,ERR1090529
34109.0,187144,genus,0.00393716,Caldithrix,ERR1090529
34109.0,118747,genus,0.00393716,Bulleidia,ERR1090529
34109.0,482,genus,0.00393716,Neisseria,ERR1090529
34109.0,55080,genus,0.00393716,Brevibacillus,ERR1090529
34109.0,55079,genus,0.00393716,Aneurinibacillus,ERR1090529
34109.0,653683,genus,0.00393716,Anaerosporobacter,ERR1090529
34109.0,1274351,genus,0.00393716,Kroppenstedtia,ERR1090529
34109.0,1372,genus,0.00393716,Planococcus,ERR1090529
34109.0,1257,genus,0.00393716,Peptostreptococcus,ERR1090529
34109.0,392332,genus,0.00393716,Geoalkalibacter,ERR1090529
34109.0,79328,genus,0.00393716,Chitinophaga,ERR1090529
34109.0,1378,genus,0.00393716,Gemella,ERR1090529
34109.0,332248,genus,0.00393716,Truepera,ERR1090529
34109.0,286,genus,0.00393716,Pseudomonas,ERR1090529
34109.0,13687,genus,0.00393716,Sphingomonas,ERR1090529
34109.0,1279,genus,0.00393716,Staphylococcus,ERR1090529
,-1,genus,53.0651,Unknown,ERR1090529
36329.0,816,genus,51.4463,Bacteroides,ERR1090674
36329.0,216851,genus,12.1825,Faecalibacterium,ERR1090674
36329.0,1263,genus,5.79512,Ruminococcus,ERR1090674
36329.0,39948,genus,2.56473,Dialister,ERR1090674
36329.0,1730,genus,1.11595,Eubacterium,ERR1090674
36329.0,1508657,genus,1.05232,Ruminiclostridium,ERR1090674
36329.0,1301,genus,1.01806,Streptococcus,ERR1090674
36329.0,44748,genus,0.978905,Sporobacter,ERR1090674
36329.0,239934,genus,0.929959,Akkermansia,ERR1090674
36329.0,1506553,genus,0.925065,Lachnoclostridium,ERR1090674
36329.0,1678,genus,0.895698,Bifidobacterium,ERR1090674
36329.0,572511,genus,0.881014,Blautia,ERR1090674
36329.0,841,genus,0.861436,Roseburia,ERR1090674
36329.0,375288,genus,0.763546,Parabacteroides,ERR1090674
36329.0,459786,genus,0.611815,Oscillibacter,ERR1090674
36329.0,244127,genus,0.210464,Anaerotruncus,ERR1090674
36329.0,1505657,genus,0.20557,Intestinibacter,ERR1090674
36329.0,33042,genus,0.137047,Coprococcus,ERR1090674
36329.0,239759,genus,0.122363,Alistipes,ERR1090674
36329.0,1505663,genus,0.117469,Erysipelatoclostridium,ERR1090674
36329.0,1485,genus,0.102785,Clostridium,ERR1090674
36329.0,189330,genus,0.0881014,Dorea,ERR1090674
36329.0,52784,genus,0.0489452,Anaerofilum,ERR1090674
36329.0,207244,genus,0.0489452,Anaerostipes,ERR1090674
36329.0,1506577,genus,0.0489452,Tyzzerella,ERR1090674
36329.0,61170,genus,0.0440507,Holdemania,ERR1090674
36329.0,397864,genus,0.0440507,Barnesiella,ERR1090674
36329.0,1386,genus,0.0293671,Bacillus,ERR1090674
36329.0,838,genus,0.0244726,Prevotella,ERR1090674
36329.0,990721,genus,0.0244726,Christensenella,ERR1090674
36329.0,29465,genus,0.0195781,Veillonella,ERR1090674
36329.0,872,genus,0.0195781,Desulfovibrio,ERR1090674
36329.0,32207,genus,0.0195781,Rothia,ERR1090674
36329.0,1654,genus,0.0195781,Actinomyces,ERR1090674
36329.0,40544,genus,0.0146836,Sutterella,ERR1090674
36329.0,286,genus,0.00978905,Pseudomonas,ERR1090674
36329.0,469,genus,0.00978905,Acinetobacter,ERR1090674
36329.0,864,genus,0.00978905,Pectinatus,ERR1090674
36329.0,44249,genus,0.00978905,Paenibacillus,ERR1090674
36329.0,267986,genus,0.00978905,Owenweeksia,ERR1090674
36329.0,724,genus,0.00489452,Haemophilus,ERR1090674
36329.0,13687,genus,0.00489452,Sphingomonas,ERR1090674
36329.0,61434,genus,0.00489452,Dehalococcoides,ERR1090674
36329.0,2023,genus,0.00489452,Thermoactinomyces,ERR1090674
36329.0,830,genus,0.00489452,Butyrivibrio,ERR1090674
36329.0,1839,genus,0.00489452,Nocardioides,ERR1090674
36329.0,102106,genus,0.00489452,Collinsella,ERR1090674
36329.0,346096,genus,0.00489452,Paludibacter,ERR1090674
36329.0,906,genus,0.00489452,Megasphaera,ERR1090674
36329.0,670486,genus,0.00489452,Dehalogenimonas,ERR1090674
36329.0,1716,genus,0.00489452,Corynebacterium,ERR1090674
36329.0,70992,genus,0.00489452,Flexithrix,ERR1090674
36329.0,904,genus,0.00489452,Acidaminococcus,ERR1090674
36329.0,84111,genus,0.00489452,Eggerthella,ERR1090674
36329.0,187144,genus,0.00489452,Caldithrix,ERR1090674
36329.0,1645,genus,0.00489452,Renibacterium,ERR1090674
36329.0,28453,genus,0.00489452,Sphingobacterium,ERR1090674
36329.0,182709,genus,0.00489452,Oceanobacillus,ERR1090674
36329.0,1017280,genus,0.00489452,Pseudoflavonifractor,ERR1090674
36329.0,118966,genus,0.00489452,Anaerorhabdus,ERR1090674
36329.0,1502725,genus,0.00489452,Effusibacillus,ERR1090674
36329.0,1134403,genus,0.00489452,Melioribacter,ERR1090674
36329.0,100883,genus,0.00489452,Coprobacillus,ERR1090674
36329.0,649462,genus,0.00489452,Gracilimonas,ERR1090674
,-1,genus,14.9919,Unknown,ERR1090674
36331.0,816,genus,47.9949,Bacteroides,ERR1090675
36331.0,216851,genus,16.6261,Faecalibacterium,ERR1090675
36331.0,1263,genus,5.89793,Ruminococcus,ERR1090675
36331.0,39948,genus,1.42644,Dialister,ERR1090675
36331.0,1730,genus,1.22998,Eubacterium,ERR1090675
36331.0,1506553,genus,1.22571,Lachnoclostridium,ERR1090675
36331.0,841,genus,1.14884,Roseburia,ERR1090675
36331.0,572511,genus,0.841341,Blautia,ERR1090675
36331.0,1678,genus,0.832799,Bifidobacterium,ERR1090675
36331.0,1508657,genus,0.683323,Ruminiclostridium,ERR1090675
36331.0,459786,genus,0.661969,Oscillibacter,ERR1090675
36331.0,577310,genus,0.456972,Parasutterella,ERR1090675
36331.0,44748,genus,0.397181,Sporobacter,ERR1090675
36331.0,239934,genus,0.179372,Akkermansia,ERR1090675
36331.0,397864,genus,0.175101,Barnesiella,ERR1090675
36331.0,1505663,genus,0.162289,Erysipelatoclostridium,ERR1090675
36331.0,189330,genus,0.136665,Dorea,ERR1090675
36331.0,244127,genus,0.132394,Anaerotruncus,ERR1090675
36331.0,61170,genus,0.0896861,Holdemania,ERR1090675
36331.0,40544,genus,0.0768738,Sutterella,ERR1090675
36331.0,1505657,genus,0.0640615,Intestinibacter,ERR1090675
36331.0,239759,genus,0.0597907,Alistipes,ERR1090675
36331.0,1485,genus,0.0512492,Clostridium,ERR1090675
36331.0,1301,genus,0.0469784,Streptococcus,ERR1090675
36331.0,52784,genus,0.0427077,Anaerofilum,ERR1090675
36331.0,33042,genus,0.0384369,Coprococcus,ERR1090675
36331.0,1578,genus,0.0384369,Lactobacillus,ERR1090675
36331.0,1506577,genus,0.0256246,Tyzzerella,ERR1090675
36331.0,990721,genus,0.0256246,Christensenella,ERR1090675
36331.0,1017280,genus,0.0213538,Pseudoflavonifractor,ERR1090675
36331.0,392735,genus,0.0128123,Uliginosibacterium,ERR1090675
36331.0,84034,genus,0.0128123,Propionispira,ERR1090675
36331.0,838,genus,0.00854153,Prevotella,ERR1090675
36331.0,203470,genus,0.00854153,Tepidiphilus,ERR1090675
36331.0,28453,genus,0.00854153,Sphingobacterium,ERR1090675
36331.0,1573534,genus,0.00854153,Faecalitalea,ERR1090675
36331.0,44260,genus,0.00854153,Moorella,ERR1090675
36331.0,61434,genus,0.00854153,Dehalococcoides,ERR1090675
36331.0,286,genus,0.00854153,Pseudomonas,ERR1090675
36331.0,32207,genus,0.00854153,Rothia,ERR1090675
36331.0,187144,genus,0.00854153,Caldithrix,ERR1090675
36331.0,1645,genus,0.00427077,Renibacterium,ERR1090675
36331.0,830,genus,0.00427077,Butyrivibrio,ERR1090675
36331.0,40323,genus,0.00427077,Stenotrophomonas,ERR1090675
36331.0,469,genus,0.00427077,Acinetobacter,ERR1090675
36331.0,2132,genus,0.00427077,Spiroplasma,ERR1090675
36331.0,795750,genus,0.00427077,Ignavibacterium,ERR1090675
36331.0,836,genus,0.00427077,Porphyromonas,ERR1090675
36331.0,42255,genus,0.00427077,Rubrobacter,ERR1090675
36331.0,666508,genus,0.00427077,Phycisphaera,ERR1090675
36331.0,18,genus,0.00427077,Pelobacter,ERR1090675
36331.0,114627,genus,0.00427077,Alkaliphilus,ERR1090675
36331.0,207599,genus,0.00427077,Solirubrobacter,ERR1090675
36331.0,294702,genus,0.00427077,Proteiniphilum,ERR1090675
36331.0,55080,genus,0.00427077,Brevibacillus,ERR1090675
36331.0,75309,genus,0.00427077,Rhodanobacter,ERR1090675
36331.0,670486,genus,0.00427077,Dehalogenimonas,ERR1090675
36331.0,29465,genus,0.00427077,Veillonella,ERR1090675
36331.0,283168,genus,0.00427077,Odoribacter,ERR1090675
36331.0,467975,genus,0.00427077,Iamia,ERR1090675
36331.0,1654,genus,0.00427077,Actinomyces,ERR1090675
36331.0,160795,genus,0.00427077,Ureibacillus,ERR1090675
36331.0,84108,genus,0.00427077,Slackia,ERR1090675
36331.0,1378,genus,0.00427077,Gemella,ERR1090675
36331.0,100883,genus,0.00427077,Coprobacillus,ERR1090675
36331.0,1372,genus,0.00427077,Planococcus,ERR1090675
,-1,genus,18.3259,Unknown,ERR1090675
