loaded_uid,ncbi_taxon_id,taxon_rank_level,relative_abundance,scientific_name,run_id
34047.0,816,genus,17.8116,Bacteroides,ERR1075057
34047.0,216851,genus,13.2737,Faecalibacterium,ERR1075057
34047.0,239759,genus,7.7433,Alistipes,ERR1075057
34047.0,841,genus,6.77113,Roseburia,ERR1075057
34047.0,1263,genus,4.19117,Ruminococcus,ERR1075057
34047.0,239934,genus,4.08579,Akkermansia,ERR1075057
34047.0,375288,genus,3.97022,Parabacteroides,ERR1075057
34047.0,39948,genus,3.86485,Dialister,ERR1075057
34047.0,1506553,genus,2.90968,Lachnoclostridium,ERR1075057
34047.0,1730,genus,2.67174,Eubacterium,ERR1075057
34047.0,572511,genus,2.08029,Blautia,ERR1075057
34047.0,1508657,genus,0.863388,Ruminiclostridium,ERR1075057
34047.0,1505663,genus,0.550665,Erysipelatoclostridium,ERR1075057
34047.0,459786,genus,0.458887,Oscillibacter,ERR1075057
34047.0,35832,genus,0.4045,Bilophila,ERR1075057
34047.0,397864,genus,0.390904,Barnesiella,ERR1075057
34047.0,283168,genus,0.343316,Odoribacter,ERR1075057
34047.0,244127,genus,0.271933,Anaerotruncus,ERR1075057
34047.0,40544,genus,0.265135,Sutterella,ERR1075057
34047.0,442430,genus,0.241341,Coraliomargarita,ERR1075057
34047.0,84111,genus,0.217546,Eggerthella,ERR1075057
34047.0,44748,genus,0.200551,Sporobacter,ERR1075057
34047.0,1485,genus,0.146164,Clostridium,ERR1075057
34047.0,172900,genus,0.125769,Victivallis,ERR1075057
34047.0,61170,genus,0.0781808,Holdemania,ERR1075057
34047.0,207244,genus,0.0781808,Anaerostipes,ERR1075057
34047.0,838,genus,0.0747816,Prevotella,ERR1075057
34047.0,189330,genus,0.0747816,Dorea,ERR1075057
34047.0,1357,genus,0.0679833,Lactococcus,ERR1075057
34047.0,1386,genus,0.0577858,Bacillus,ERR1075057
34047.0,846,genus,0.0441891,Oxalobacter,ERR1075057
34047.0,1505657,genus,0.04079,Intestinibacter,ERR1075057
34047.0,33042,genus,0.0339916,Coprococcus,ERR1075057
34047.0,1301,genus,0.0271933,Streptococcus,ERR1075057
34047.0,2172,genus,0.0237941,Methanobrevibacter,ERR1075057
34047.0,194,genus,0.0237941,Campylobacter,ERR1075057
34047.0,286,genus,0.020395,Pseudomonas,ERR1075057
34047.0,270497,genus,0.020395,Catabacter,ERR1075057
34047.0,906,genus,0.0169958,Megasphaera,ERR1075057
34047.0,233189,genus,0.0135967,Anaerolinea,ERR1075057
34047.0,670486,genus,0.0135967,Dehalogenimonas,ERR1075057
34047.0,156973,genus,0.0135967,Dysgonomonas,ERR1075057
34047.0,1578,genus,0.0135967,Lactobacillus,ERR1075057
34047.0,29465,genus,0.0135967,Veillonella,ERR1075057
34047.0,262406,genus,0.0135967,Thermobaculum,ERR1075057
34047.0,1121829,genus,0.0101975,Fodinicurvata,ERR1075057
34047.0,1678,genus,0.0101975,Bifidobacterium,ERR1075057
34047.0,1279,genus,0.0101975,Staphylococcus,ERR1075057
34047.0,61434,genus,0.0101975,Dehalococcoides,ERR1075057
34047.0,963,genus,0.0101975,Herbaspirillum,ERR1075057
34047.0,1471399,genus,0.0101975,Draconibacterium,ERR1075057
34047.0,100883,genus,0.00679833,Coprobacillus,ERR1075057
34047.0,1637257,genus,0.00679833,Mageeibacillus,ERR1075057
34047.0,32207,genus,0.00679833,Rothia,ERR1075057
34047.0,644652,genus,0.00679833,Gordonibacter,ERR1075057
34047.0,872,genus,0.00679833,Desulfovibrio,ERR1075057
34047.0,79206,genus,0.00679833,Desulfosporosinus,ERR1075057
34047.0,848,genus,0.00679833,Fusobacterium,ERR1075057
34047.0,836,genus,0.00679833,Porphyromonas,ERR1075057
34047.0,666508,genus,0.00679833,Phycisphaera,ERR1075057
34047.0,1654,genus,0.00679833,Actinomyces,ERR1075057
34047.0,577310,genus,0.00679833,Parasutterella,ERR1075057
34047.0,184869,genus,0.00679833,Varibaculum,ERR1075057
34047.0,990721,genus,0.00679833,Christensenella,ERR1075057
34047.0,44249,genus,0.00679833,Paenibacillus,ERR1075057
34047.0,237,genus,0.00679833,Flavobacterium,ERR1075057
34047.0,292635,genus,0.00339916,Laceyella,ERR1075057
34047.0,1870884,genus,0.00339916,Clostridioides,ERR1075057
34047.0,1843210,genus,0.00339916,Anaerocolumna,ERR1075057
34047.0,59,genus,0.00339916,Vitreoscilla,ERR1075057
34047.0,1827,genus,0.00339916,Rhodococcus,ERR1075057
34047.0,53634,genus,0.00339916,Acidimicrobium,ERR1075057
34047.0,52784,genus,0.00339916,Anaerofilum,ERR1075057
34047.0,55079,genus,0.00339916,Aneurinibacillus,ERR1075057
34047.0,363276,genus,0.00339916,Ktedonobacter,ERR1075057
34047.0,724,genus,0.00339916,Haemophilus,ERR1075057
34047.0,577309,genus,0.00339916,Paraprevotella,ERR1075057
34047.0,2697,genus,0.00339916,Heliobacterium,ERR1075057
34047.0,187144,genus,0.00339916,Caldithrix,ERR1075057
34047.0,41273,genus,0.00339916,Tissierella,ERR1075057
34047.0,93,genus,0.00339916,Stella,ERR1075057
34047.0,429,genus,0.00339916,Methylobacter,ERR1075057
34047.0,29393,genus,0.00339916,Dolosigranulum,ERR1075057
34047.0,1081,genus,0.00339916,Rhodospirillum,ERR1075057
34047.0,469,genus,0.00339916,Acinetobacter,ERR1075057
34047.0,84567,genus,0.00339916,Pedobacter,ERR1075057
34047.0,830,genus,0.00339916,Butyrivibrio,ERR1075057
34047.0,649461,genus,0.00339916,Lacibacter,ERR1075057
34047.0,76831,genus,0.00339916,Myroides,ERR1075057
34047.0,286130,genus,0.00339916,Sulfuricurvum,ERR1075057
34047.0,34019,genus,0.00339916,Candidatus Liberibacter,ERR1075057
34047.0,2735,genus,0.00339916,Verrucomicrobium,ERR1075057
34047.0,314318,genus,0.00339916,Prolixibacter,ERR1075057
34047.0,100175,genus,0.00339916,Papillibacter,ERR1075057
34047.0,43996,genus,0.00339916,Catonella,ERR1075057
34047.0,1243,genus,0.00339916,Leuconostoc,ERR1075057
34047.0,346096,genus,0.00339916,Paludibacter,ERR1075057
34047.0,698776,genus,0.00339916,Cellulosilyticum,ERR1075057
34047.0,1375,genus,0.00339916,Aerococcus,ERR1075057
34047.0,1506577,genus,0.00339916,Tyzzerella,ERR1075057
34047.0,40323,genus,0.00339916,Stenotrophomonas,ERR1075057
34047.0,59739,genus,0.00339916,Flammeovirga,ERR1075057
34047.0,118747,genus,0.00339916,Bulleidia,ERR1075057
34047.0,1647,genus,0.00339916,Erysipelothrix,ERR1075057
34047.0,1548510,genus,0.00339916,Microbacter,ERR1075057
34047.0,162289,genus,0.00339916,Peptoniphilus,ERR1075057
34047.0,45654,genus,0.00339916,Desulfonema,ERR1075057
34047.0,795750,genus,0.00339916,Ignavibacterium,ERR1075057
34047.0,319458,genus,0.00339916,Leadbetterella,ERR1075057
34047.0,65551,genus,0.00339916,Meiothermus,ERR1075057
34047.0,590,genus,0.00339916,Salmonella,ERR1075057
34047.0,1502725,genus,0.00339916,Effusibacillus,ERR1075057
,-1,genus,24.5182,Unknown,ERR1075057
34047.0,816,genus,17.8116,Bacteroides,ERR1075057
34047.0,216851,genus,13.2737,Faecalibacterium,ERR1075057
34047.0,239759,genus,7.7433,Alistipes,ERR1075057
34047.0,841,genus,6.77113,Roseburia,ERR1075057
34047.0,1263,genus,4.19117,Ruminococcus,ERR1075057
34047.0,239934,genus,4.08579,Akkermansia,ERR1075057
34047.0,375288,genus,3.97022,Parabacteroides,ERR1075057
34047.0,39948,genus,3.86485,Dialister,ERR1075057
34047.0,1506553,genus,2.90968,Lachnoclostridium,ERR1075057
34047.0,1730,genus,2.67174,Eubacterium,ERR1075057
34047.0,572511,genus,2.08029,Blautia,ERR1075057
34047.0,1508657,genus,0.863388,Ruminiclostridium,ERR1075057
34047.0,1505663,genus,0.550665,Erysipelatoclostridium,ERR1075057
34047.0,459786,genus,0.458887,Oscillibacter,ERR1075057
34047.0,35832,genus,0.4045,Bilophila,ERR1075057
34047.0,397864,genus,0.390904,Barnesiella,ERR1075057
34047.0,283168,genus,0.343316,Odoribacter,ERR1075057
34047.0,244127,genus,0.271933,Anaerotruncus,ERR1075057
34047.0,40544,genus,0.265135,Sutterella,ERR1075057
34047.0,442430,genus,0.241341,Coraliomargarita,ERR1075057
34047.0,84111,genus,0.217546,Eggerthella,ERR1075057
34047.0,44748,genus,0.200551,Sporobacter,ERR1075057
34047.0,1485,genus,0.146164,Clostridium,ERR1075057
34047.0,172900,genus,0.125769,Victivallis,ERR1075057
34047.0,61170,genus,0.0781808,Holdemania,ERR1075057
34047.0,207244,genus,0.0781808,Anaerostipes,ERR1075057
34047.0,838,genus,0.0747816,Prevotella,ERR1075057
34047.0,189330,genus,0.0747816,Dorea,ERR1075057
34047.0,1357,genus,0.0679833,Lactococcus,ERR1075057
34047.0,1386,genus,0.0577858,Bacillus,ERR1075057
34047.0,846,genus,0.0441891,Oxalobacter,ERR1075057
34047.0,1505657,genus,0.04079,Intestinibacter,ERR1075057
34047.0,33042,genus,0.0339916,Coprococcus,ERR1075057
34047.0,1301,genus,0.0271933,Streptococcus,ERR1075057
34047.0,2172,genus,0.0237941,Methanobrevibacter,ERR1075057
34047.0,194,genus,0.0237941,Campylobacter,ERR1075057
34047.0,270497,genus,0.020395,Catabacter,ERR1075057
34047.0,286,genus,0.020395,Pseudomonas,ERR1075057
34047.0,906,genus,0.0169958,Megasphaera,ERR1075057
34047.0,233189,genus,0.0135967,Anaerolinea,ERR1075057
34047.0,670486,genus,0.0135967,Dehalogenimonas,ERR1075057
34047.0,156973,genus,0.0135967,Dysgonomonas,ERR1075057
34047.0,1578,genus,0.0135967,Lactobacillus,ERR1075057
34047.0,29465,genus,0.0135967,Veillonella,ERR1075057
34047.0,262406,genus,0.0135967,Thermobaculum,ERR1075057
34047.0,1121829,genus,0.0101975,Fodinicurvata,ERR1075057
34047.0,1678,genus,0.0101975,Bifidobacterium,ERR1075057
34047.0,1279,genus,0.0101975,Staphylococcus,ERR1075057
34047.0,61434,genus,0.0101975,Dehalococcoides,ERR1075057
34047.0,963,genus,0.0101975,Herbaspirillum,ERR1075057
34047.0,1471399,genus,0.0101975,Draconibacterium,ERR1075057
34047.0,237,genus,0.00679833,Flavobacterium,ERR1075057
34047.0,100883,genus,0.00679833,Coprobacillus,ERR1075057
34047.0,1637257,genus,0.00679833,Mageeibacillus,ERR1075057
34047.0,32207,genus,0.00679833,Rothia,ERR1075057
34047.0,644652,genus,0.00679833,Gordonibacter,ERR1075057
34047.0,872,genus,0.00679833,Desulfovibrio,ERR1075057
34047.0,79206,genus,0.00679833,Desulfosporosinus,ERR1075057
34047.0,848,genus,0.00679833,Fusobacterium,ERR1075057
34047.0,836,genus,0.00679833,Porphyromonas,ERR1075057
34047.0,666508,genus,0.00679833,Phycisphaera,ERR1075057
34047.0,1654,genus,0.00679833,Actinomyces,ERR1075057
34047.0,577310,genus,0.00679833,Parasutterella,ERR1075057
34047.0,184869,genus,0.00679833,Varibaculum,ERR1075057
34047.0,990721,genus,0.00679833,Christensenella,ERR1075057
34047.0,44249,genus,0.00679833,Paenibacillus,ERR1075057
34047.0,1506577,genus,0.00339916,Tyzzerella,ERR1075057
34047.0,40323,genus,0.00339916,Stenotrophomonas,ERR1075057
34047.0,59739,genus,0.00339916,Flammeovirga,ERR1075057
34047.0,118747,genus,0.00339916,Bulleidia,ERR1075057
34047.0,1647,genus,0.00339916,Erysipelothrix,ERR1075057
34047.0,1548510,genus,0.00339916,Microbacter,ERR1075057
34047.0,162289,genus,0.00339916,Peptoniphilus,ERR1075057
34047.0,45654,genus,0.00339916,Desulfonema,ERR1075057
34047.0,795750,genus,0.00339916,Ignavibacterium,ERR1075057
34047.0,319458,genus,0.00339916,Leadbetterella,ERR1075057
34047.0,65551,genus,0.00339916,Meiothermus,ERR1075057
34047.0,590,genus,0.00339916,Salmonella,ERR1075057
34047.0,1502725,genus,0.00339916,Effusibacillus,ERR1075057
34047.0,292635,genus,0.00339916,Laceyella,ERR1075057
34047.0,1870884,genus,0.00339916,Clostridioides,ERR1075057
34047.0,1843210,genus,0.00339916,Anaerocolumna,ERR1075057
34047.0,59,genus,0.00339916,Vitreoscilla,ERR1075057
34047.0,1827,genus,0.00339916,Rhodococcus,ERR1075057
34047.0,53634,genus,0.00339916,Acidimicrobium,ERR1075057
34047.0,52784,genus,0.00339916,Anaerofilum,ERR1075057
34047.0,55079,genus,0.00339916,Aneurinibacillus,ERR1075057
34047.0,363276,genus,0.00339916,Ktedonobacter,ERR1075057
34047.0,724,genus,0.00339916,Haemophilus,ERR1075057
34047.0,577309,genus,0.00339916,Paraprevotella,ERR1075057
34047.0,2697,genus,0.00339916,Heliobacterium,ERR1075057
34047.0,187144,genus,0.00339916,Caldithrix,ERR1075057
34047.0,41273,genus,0.00339916,Tissierella,ERR1075057
34047.0,93,genus,0.00339916,Stella,ERR1075057
34047.0,429,genus,0.00339916,Methylobacter,ERR1075057
34047.0,29393,genus,0.00339916,Dolosigranulum,ERR1075057
34047.0,1081,genus,0.00339916,Rhodospirillum,ERR1075057
34047.0,469,genus,0.00339916,Acinetobacter,ERR1075057
34047.0,84567,genus,0.00339916,Pedobacter,ERR1075057
34047.0,830,genus,0.00339916,Butyrivibrio,ERR1075057
34047.0,649461,genus,0.00339916,Lacibacter,ERR1075057
34047.0,76831,genus,0.00339916,Myroides,ERR1075057
34047.0,286130,genus,0.00339916,Sulfuricurvum,ERR1075057
34047.0,34019,genus,0.00339916,Candidatus Liberibacter,ERR1075057
34047.0,2735,genus,0.00339916,Verrucomicrobium,ERR1075057
34047.0,314318,genus,0.00339916,Prolixibacter,ERR1075057
34047.0,100175,genus,0.00339916,Papillibacter,ERR1075057
34047.0,43996,genus,0.00339916,Catonella,ERR1075057
34047.0,1243,genus,0.00339916,Leuconostoc,ERR1075057
34047.0,346096,genus,0.00339916,Paludibacter,ERR1075057
34047.0,698776,genus,0.00339916,Cellulosilyticum,ERR1075057
34047.0,1375,genus,0.00339916,Aerococcus,ERR1075057
,-1,genus,24.5182,Unknown,ERR1075057
34047.0,816,genus,17.8116,Bacteroides,ERR1075057
34047.0,216851,genus,13.2737,Faecalibacterium,ERR1075057
34047.0,239759,genus,7.7433,Alistipes,ERR1075057
34047.0,841,genus,6.77113,Roseburia,ERR1075057
34047.0,1263,genus,4.19117,Ruminococcus,ERR1075057
34047.0,239934,genus,4.08579,Akkermansia,ERR1075057
34047.0,375288,genus,3.97022,Parabacteroides,ERR1075057
34047.0,39948,genus,3.86485,Dialister,ERR1075057
34047.0,1506553,genus,2.90968,Lachnoclostridium,ERR1075057
34047.0,1730,genus,2.67174,Eubacterium,ERR1075057
34047.0,572511,genus,2.08029,Blautia,ERR1075057
34047.0,1508657,genus,0.863388,Ruminiclostridium,ERR1075057
34047.0,1505663,genus,0.550665,Erysipelatoclostridium,ERR1075057
34047.0,459786,genus,0.458887,Oscillibacter,ERR1075057
34047.0,35832,genus,0.4045,Bilophila,ERR1075057
34047.0,397864,genus,0.390904,Barnesiella,ERR1075057
34047.0,283168,genus,0.343316,Odoribacter,ERR1075057
34047.0,244127,genus,0.271933,Anaerotruncus,ERR1075057
34047.0,40544,genus,0.265135,Sutterella,ERR1075057
34047.0,442430,genus,0.241341,Coraliomargarita,ERR1075057
34047.0,84111,genus,0.217546,Eggerthella,ERR1075057
34047.0,44748,genus,0.200551,Sporobacter,ERR1075057
34047.0,1485,genus,0.146164,Clostridium,ERR1075057
34047.0,172900,genus,0.125769,Victivallis,ERR1075057
34047.0,207244,genus,0.0781808,Anaerostipes,ERR1075057
34047.0,61170,genus,0.0781808,Holdemania,ERR1075057
34047.0,189330,genus,0.0747816,Dorea,ERR1075057
34047.0,838,genus,0.0747816,Prevotella,ERR1075057
34047.0,1357,genus,0.0679833,Lactococcus,ERR1075057
34047.0,1386,genus,0.0577858,Bacillus,ERR1075057
34047.0,846,genus,0.0441891,Oxalobacter,ERR1075057
34047.0,1505657,genus,0.04079,Intestinibacter,ERR1075057
34047.0,33042,genus,0.0339916,Coprococcus,ERR1075057
34047.0,1301,genus,0.0271933,Streptococcus,ERR1075057
34047.0,2172,genus,0.0237941,Methanobrevibacter,ERR1075057
34047.0,194,genus,0.0237941,Campylobacter,ERR1075057
34047.0,270497,genus,0.020395,Catabacter,ERR1075057
34047.0,286,genus,0.020395,Pseudomonas,ERR1075057
34047.0,906,genus,0.0169958,Megasphaera,ERR1075057
34047.0,156973,genus,0.0135967,Dysgonomonas,ERR1075057
34047.0,1578,genus,0.0135967,Lactobacillus,ERR1075057
34047.0,29465,genus,0.0135967,Veillonella,ERR1075057
34047.0,262406,genus,0.0135967,Thermobaculum,ERR1075057
34047.0,233189,genus,0.0135967,Anaerolinea,ERR1075057
34047.0,670486,genus,0.0135967,Dehalogenimonas,ERR1075057
34047.0,963,genus,0.0101975,Herbaspirillum,ERR1075057
34047.0,1471399,genus,0.0101975,Draconibacterium,ERR1075057
34047.0,61434,genus,0.0101975,Dehalococcoides,ERR1075057
34047.0,1121829,genus,0.0101975,Fodinicurvata,ERR1075057
34047.0,1678,genus,0.0101975,Bifidobacterium,ERR1075057
34047.0,1279,genus,0.0101975,Staphylococcus,ERR1075057
34047.0,79206,genus,0.00679833,Desulfosporosinus,ERR1075057
34047.0,836,genus,0.00679833,Porphyromonas,ERR1075057
34047.0,848,genus,0.00679833,Fusobacterium,ERR1075057
34047.0,1654,genus,0.00679833,Actinomyces,ERR1075057
34047.0,666508,genus,0.00679833,Phycisphaera,ERR1075057
34047.0,577310,genus,0.00679833,Parasutterella,ERR1075057
34047.0,184869,genus,0.00679833,Varibaculum,ERR1075057
34047.0,990721,genus,0.00679833,Christensenella,ERR1075057
34047.0,44249,genus,0.00679833,Paenibacillus,ERR1075057
34047.0,237,genus,0.00679833,Flavobacterium,ERR1075057
34047.0,100883,genus,0.00679833,Coprobacillus,ERR1075057
34047.0,1637257,genus,0.00679833,Mageeibacillus,ERR1075057
34047.0,32207,genus,0.00679833,Rothia,ERR1075057
34047.0,644652,genus,0.00679833,Gordonibacter,ERR1075057
34047.0,872,genus,0.00679833,Desulfovibrio,ERR1075057
34047.0,469,genus,0.00339916,Acinetobacter,ERR1075057
34047.0,1081,genus,0.00339916,Rhodospirillum,ERR1075057
34047.0,830,genus,0.00339916,Butyrivibrio,ERR1075057
34047.0,649461,genus,0.00339916,Lacibacter,ERR1075057
34047.0,84567,genus,0.00339916,Pedobacter,ERR1075057
34047.0,34019,genus,0.00339916,Candidatus Liberibacter,ERR1075057
34047.0,76831,genus,0.00339916,Myroides,ERR1075057
34047.0,286130,genus,0.00339916,Sulfuricurvum,ERR1075057
34047.0,100175,genus,0.00339916,Papillibacter,ERR1075057
34047.0,2735,genus,0.00339916,Verrucomicrobium,ERR1075057
34047.0,314318,genus,0.00339916,Prolixibacter,ERR1075057
34047.0,43996,genus,0.00339916,Catonella,ERR1075057
34047.0,1243,genus,0.00339916,Leuconostoc,ERR1075057
34047.0,346096,genus,0.00339916,Paludibacter,ERR1075057
34047.0,698776,genus,0.00339916,Cellulosilyticum,ERR1075057
34047.0,1375,genus,0.00339916,Aerococcus,ERR1075057
34047.0,40323,genus,0.00339916,Stenotrophomonas,ERR1075057
34047.0,1506577,genus,0.00339916,Tyzzerella,ERR1075057
34047.0,1548510,genus,0.00339916,Microbacter,ERR1075057
34047.0,59739,genus,0.00339916,Flammeovirga,ERR1075057
34047.0,118747,genus,0.00339916,Bulleidia,ERR1075057
34047.0,1647,genus,0.00339916,Erysipelothrix,ERR1075057
34047.0,590,genus,0.00339916,Salmonella,ERR1075057
34047.0,1502725,genus,0.00339916,Effusibacillus,ERR1075057
34047.0,162289,genus,0.00339916,Peptoniphilus,ERR1075057
34047.0,45654,genus,0.00339916,Desulfonema,ERR1075057
34047.0,795750,genus,0.00339916,Ignavibacterium,ERR1075057
34047.0,319458,genus,0.00339916,Leadbetterella,ERR1075057
34047.0,65551,genus,0.00339916,Meiothermus,ERR1075057
34047.0,1870884,genus,0.00339916,Clostridioides,ERR1075057
34047.0,1843210,genus,0.00339916,Anaerocolumna,ERR1075057
34047.0,292635,genus,0.00339916,Laceyella,ERR1075057
34047.0,1827,genus,0.00339916,Rhodococcus,ERR1075057
34047.0,59,genus,0.00339916,Vitreoscilla,ERR1075057
34047.0,363276,genus,0.00339916,Ktedonobacter,ERR1075057
34047.0,53634,genus,0.00339916,Acidimicrobium,ERR1075057
34047.0,52784,genus,0.00339916,Anaerofilum,ERR1075057
34047.0,55079,genus,0.00339916,Aneurinibacillus,ERR1075057
34047.0,577309,genus,0.00339916,Paraprevotella,ERR1075057
34047.0,2697,genus,0.00339916,Heliobacterium,ERR1075057
34047.0,724,genus,0.00339916,Haemophilus,ERR1075057
34047.0,41273,genus,0.00339916,Tissierella,ERR1075057
34047.0,187144,genus,0.00339916,Caldithrix,ERR1075057
34047.0,29393,genus,0.00339916,Dolosigranulum,ERR1075057
34047.0,93,genus,0.00339916,Stella,ERR1075057
34047.0,429,genus,0.00339916,Methylobacter,ERR1075057
,-1,genus,24.5182,Unknown,ERR1075057
34047.0,816,genus,17.8116,Bacteroides,ERR1075057
34047.0,216851,genus,13.2737,Faecalibacterium,ERR1075057
34047.0,239759,genus,7.7433,Alistipes,ERR1075057
34047.0,841,genus,6.77113,Roseburia,ERR1075057
34047.0,1263,genus,4.19117,Ruminococcus,ERR1075057
34047.0,239934,genus,4.08579,Akkermansia,ERR1075057
34047.0,375288,genus,3.97022,Parabacteroides,ERR1075057
34047.0,39948,genus,3.86485,Dialister,ERR1075057
34047.0,1506553,genus,2.90968,Lachnoclostridium,ERR1075057
34047.0,1730,genus,2.67174,Eubacterium,ERR1075057
34047.0,572511,genus,2.08029,Blautia,ERR1075057
34047.0,1508657,genus,0.863388,Ruminiclostridium,ERR1075057
34047.0,1505663,genus,0.550665,Erysipelatoclostridium,ERR1075057
34047.0,459786,genus,0.458887,Oscillibacter,ERR1075057
34047.0,35832,genus,0.4045,Bilophila,ERR1075057
34047.0,397864,genus,0.390904,Barnesiella,ERR1075057
34047.0,283168,genus,0.343316,Odoribacter,ERR1075057
34047.0,244127,genus,0.271933,Anaerotruncus,ERR1075057
34047.0,40544,genus,0.265135,Sutterella,ERR1075057
34047.0,442430,genus,0.241341,Coraliomargarita,ERR1075057
34047.0,84111,genus,0.217546,Eggerthella,ERR1075057
34047.0,44748,genus,0.200551,Sporobacter,ERR1075057
34047.0,1485,genus,0.146164,Clostridium,ERR1075057
34047.0,172900,genus,0.125769,Victivallis,ERR1075057
34047.0,61170,genus,0.0781808,Holdemania,ERR1075057
34047.0,207244,genus,0.0781808,Anaerostipes,ERR1075057
34047.0,838,genus,0.0747816,Prevotella,ERR1075057
34047.0,189330,genus,0.0747816,Dorea,ERR1075057
34047.0,1357,genus,0.0679833,Lactococcus,ERR1075057
34047.0,1386,genus,0.0577858,Bacillus,ERR1075057
34047.0,846,genus,0.0441891,Oxalobacter,ERR1075057
34047.0,1505657,genus,0.04079,Intestinibacter,ERR1075057
34047.0,33042,genus,0.0339916,Coprococcus,ERR1075057
34047.0,1301,genus,0.0271933,Streptococcus,ERR1075057
34047.0,2172,genus,0.0237941,Methanobrevibacter,ERR1075057
34047.0,194,genus,0.0237941,Campylobacter,ERR1075057
34047.0,286,genus,0.020395,Pseudomonas,ERR1075057
34047.0,270497,genus,0.020395,Catabacter,ERR1075057
34047.0,906,genus,0.0169958,Megasphaera,ERR1075057
34047.0,233189,genus,0.0135967,Anaerolinea,ERR1075057
34047.0,670486,genus,0.0135967,Dehalogenimonas,ERR1075057
34047.0,156973,genus,0.0135967,Dysgonomonas,ERR1075057
34047.0,1578,genus,0.0135967,Lactobacillus,ERR1075057
34047.0,29465,genus,0.0135967,Veillonella,ERR1075057
34047.0,262406,genus,0.0135967,Thermobaculum,ERR1075057
34047.0,1121829,genus,0.0101975,Fodinicurvata,ERR1075057
34047.0,1678,genus,0.0101975,Bifidobacterium,ERR1075057
34047.0,1279,genus,0.0101975,Staphylococcus,ERR1075057
34047.0,61434,genus,0.0101975,Dehalococcoides,ERR1075057
34047.0,963,genus,0.0101975,Herbaspirillum,ERR1075057
34047.0,1471399,genus,0.0101975,Draconibacterium,ERR1075057
34047.0,100883,genus,0.00679833,Coprobacillus,ERR1075057
34047.0,1637257,genus,0.00679833,Mageeibacillus,ERR1075057
34047.0,32207,genus,0.00679833,Rothia,ERR1075057
34047.0,644652,genus,0.00679833,Gordonibacter,ERR1075057
34047.0,872,genus,0.00679833,Desulfovibrio,ERR1075057
34047.0,79206,genus,0.00679833,Desulfosporosinus,ERR1075057
34047.0,848,genus,0.00679833,Fusobacterium,ERR1075057
34047.0,836,genus,0.00679833,Porphyromonas,ERR1075057
34047.0,666508,genus,0.00679833,Phycisphaera,ERR1075057
34047.0,1654,genus,0.00679833,Actinomyces,ERR1075057
34047.0,577310,genus,0.00679833,Parasutterella,ERR1075057
34047.0,184869,genus,0.00679833,Varibaculum,ERR1075057
34047.0,990721,genus,0.00679833,Christensenella,ERR1075057
34047.0,44249,genus,0.00679833,Paenibacillus,ERR1075057
34047.0,237,genus,0.00679833,Flavobacterium,ERR1075057
34047.0,162289,genus,0.00339916,Peptoniphilus,ERR1075057
34047.0,45654,genus,0.00339916,Desulfonema,ERR1075057
34047.0,795750,genus,0.00339916,Ignavibacterium,ERR1075057
34047.0,319458,genus,0.00339916,Leadbetterella,ERR1075057
34047.0,65551,genus,0.00339916,Meiothermus,ERR1075057
34047.0,590,genus,0.00339916,Salmonella,ERR1075057
34047.0,1502725,genus,0.00339916,Effusibacillus,ERR1075057
34047.0,292635,genus,0.00339916,Laceyella,ERR1075057
34047.0,1870884,genus,0.00339916,Clostridioides,ERR1075057
34047.0,1843210,genus,0.00339916,Anaerocolumna,ERR1075057
34047.0,59,genus,0.00339916,Vitreoscilla,ERR1075057
34047.0,1827,genus,0.00339916,Rhodococcus,ERR1075057
34047.0,53634,genus,0.00339916,Acidimicrobium,ERR1075057
34047.0,52784,genus,0.00339916,Anaerofilum,ERR1075057
34047.0,55079,genus,0.00339916,Aneurinibacillus,ERR1075057
34047.0,363276,genus,0.00339916,Ktedonobacter,ERR1075057
34047.0,724,genus,0.00339916,Haemophilus,ERR1075057
34047.0,577309,genus,0.00339916,Paraprevotella,ERR1075057
34047.0,2697,genus,0.00339916,Heliobacterium,ERR1075057
34047.0,187144,genus,0.00339916,Caldithrix,ERR1075057
34047.0,41273,genus,0.00339916,Tissierella,ERR1075057
34047.0,93,genus,0.00339916,Stella,ERR1075057
34047.0,429,genus,0.00339916,Methylobacter,ERR1075057
34047.0,29393,genus,0.00339916,Dolosigranulum,ERR1075057
34047.0,1081,genus,0.00339916,Rhodospirillum,ERR1075057
34047.0,469,genus,0.00339916,Acinetobacter,ERR1075057
34047.0,84567,genus,0.00339916,Pedobacter,ERR1075057
34047.0,830,genus,0.00339916,Butyrivibrio,ERR1075057
34047.0,649461,genus,0.00339916,Lacibacter,ERR1075057
34047.0,76831,genus,0.00339916,Myroides,ERR1075057
34047.0,286130,genus,0.00339916,Sulfuricurvum,ERR1075057
34047.0,34019,genus,0.00339916,Candidatus Liberibacter,ERR1075057
34047.0,2735,genus,0.00339916,Verrucomicrobium,ERR1075057
34047.0,314318,genus,0.00339916,Prolixibacter,ERR1075057
34047.0,100175,genus,0.00339916,Papillibacter,ERR1075057
34047.0,43996,genus,0.00339916,Catonella,ERR1075057
34047.0,1243,genus,0.00339916,Leuconostoc,ERR1075057
34047.0,346096,genus,0.00339916,Paludibacter,ERR1075057
34047.0,698776,genus,0.00339916,Cellulosilyticum,ERR1075057
34047.0,1375,genus,0.00339916,Aerococcus,ERR1075057
34047.0,1506577,genus,0.00339916,Tyzzerella,ERR1075057
34047.0,40323,genus,0.00339916,Stenotrophomonas,ERR1075057
34047.0,59739,genus,0.00339916,Flammeovirga,ERR1075057
34047.0,118747,genus,0.00339916,Bulleidia,ERR1075057
34047.0,1647,genus,0.00339916,Erysipelothrix,ERR1075057
34047.0,1548510,genus,0.00339916,Microbacter,ERR1075057
,-1,genus,24.5182,Unknown,ERR1075057
34047.0,816,genus,17.8116,Bacteroides,ERR1075057
34047.0,216851,genus,13.2737,Faecalibacterium,ERR1075057
34047.0,239759,genus,7.7433,Alistipes,ERR1075057
34047.0,841,genus,6.77113,Roseburia,ERR1075057
34047.0,1263,genus,4.19117,Ruminococcus,ERR1075057
34047.0,239934,genus,4.08579,Akkermansia,ERR1075057
34047.0,375288,genus,3.97022,Parabacteroides,ERR1075057
34047.0,39948,genus,3.86485,Dialister,ERR1075057
34047.0,1506553,genus,2.90968,Lachnoclostridium,ERR1075057
34047.0,1730,genus,2.67174,Eubacterium,ERR1075057
34047.0,572511,genus,2.08029,Blautia,ERR1075057
34047.0,1508657,genus,0.863388,Ruminiclostridium,ERR1075057
34047.0,1505663,genus,0.550665,Erysipelatoclostridium,ERR1075057
34047.0,459786,genus,0.458887,Oscillibacter,ERR1075057
34047.0,35832,genus,0.4045,Bilophila,ERR1075057
34047.0,397864,genus,0.390904,Barnesiella,ERR1075057
34047.0,283168,genus,0.343316,Odoribacter,ERR1075057
34047.0,244127,genus,0.271933,Anaerotruncus,ERR1075057
34047.0,40544,genus,0.265135,Sutterella,ERR1075057
34047.0,442430,genus,0.241341,Coraliomargarita,ERR1075057
34047.0,84111,genus,0.217546,Eggerthella,ERR1075057
34047.0,44748,genus,0.200551,Sporobacter,ERR1075057
34047.0,1485,genus,0.146164,Clostridium,ERR1075057
34047.0,172900,genus,0.125769,Victivallis,ERR1075057
34047.0,207244,genus,0.0781808,Anaerostipes,ERR1075057
34047.0,61170,genus,0.0781808,Holdemania,ERR1075057
34047.0,838,genus,0.0747816,Prevotella,ERR1075057
34047.0,189330,genus,0.0747816,Dorea,ERR1075057
34047.0,1357,genus,0.0679833,Lactococcus,ERR1075057
34047.0,1386,genus,0.0577858,Bacillus,ERR1075057
34047.0,846,genus,0.0441891,Oxalobacter,ERR1075057
34047.0,1505657,genus,0.04079,Intestinibacter,ERR1075057
34047.0,33042,genus,0.0339916,Coprococcus,ERR1075057
34047.0,1301,genus,0.0271933,Streptococcus,ERR1075057
34047.0,2172,genus,0.0237941,Methanobrevibacter,ERR1075057
34047.0,194,genus,0.0237941,Campylobacter,ERR1075057
34047.0,270497,genus,0.020395,Catabacter,ERR1075057
34047.0,286,genus,0.020395,Pseudomonas,ERR1075057
34047.0,906,genus,0.0169958,Megasphaera,ERR1075057
34047.0,233189,genus,0.0135967,Anaerolinea,ERR1075057
34047.0,670486,genus,0.0135967,Dehalogenimonas,ERR1075057
34047.0,156973,genus,0.0135967,Dysgonomonas,ERR1075057
34047.0,1578,genus,0.0135967,Lactobacillus,ERR1075057
34047.0,29465,genus,0.0135967,Veillonella,ERR1075057
34047.0,262406,genus,0.0135967,Thermobaculum,ERR1075057
34047.0,1121829,genus,0.0101975,Fodinicurvata,ERR1075057
34047.0,1678,genus,0.0101975,Bifidobacterium,ERR1075057
34047.0,1279,genus,0.0101975,Staphylococcus,ERR1075057
34047.0,61434,genus,0.0101975,Dehalococcoides,ERR1075057
34047.0,963,genus,0.0101975,Herbaspirillum,ERR1075057
34047.0,1471399,genus,0.0101975,Draconibacterium,ERR1075057
34047.0,644652,genus,0.00679833,Gordonibacter,ERR1075057
34047.0,872,genus,0.00679833,Desulfovibrio,ERR1075057
34047.0,79206,genus,0.00679833,Desulfosporosinus,ERR1075057
34047.0,848,genus,0.00679833,Fusobacterium,ERR1075057
34047.0,836,genus,0.00679833,Porphyromonas,ERR1075057
34047.0,666508,genus,0.00679833,Phycisphaera,ERR1075057
34047.0,1654,genus,0.00679833,Actinomyces,ERR1075057
34047.0,577310,genus,0.00679833,Parasutterella,ERR1075057
34047.0,184869,genus,0.00679833,Varibaculum,ERR1075057
34047.0,990721,genus,0.00679833,Christensenella,ERR1075057
34047.0,44249,genus,0.00679833,Paenibacillus,ERR1075057
34047.0,237,genus,0.00679833,Flavobacterium,ERR1075057
34047.0,100883,genus,0.00679833,Coprobacillus,ERR1075057
34047.0,1637257,genus,0.00679833,Mageeibacillus,ERR1075057
34047.0,32207,genus,0.00679833,Rothia,ERR1075057
34047.0,53634,genus,0.00339916,Acidimicrobium,ERR1075057
34047.0,52784,genus,0.00339916,Anaerofilum,ERR1075057
34047.0,55079,genus,0.00339916,Aneurinibacillus,ERR1075057
34047.0,363276,genus,0.00339916,Ktedonobacter,ERR1075057
34047.0,724,genus,0.00339916,Haemophilus,ERR1075057
34047.0,577309,genus,0.00339916,Paraprevotella,ERR1075057
34047.0,2697,genus,0.00339916,Heliobacterium,ERR1075057
34047.0,187144,genus,0.00339916,Caldithrix,ERR1075057
34047.0,41273,genus,0.00339916,Tissierella,ERR1075057
34047.0,93,genus,0.00339916,Stella,ERR1075057
34047.0,429,genus,0.00339916,Methylobacter,ERR1075057
34047.0,29393,genus,0.00339916,Dolosigranulum,ERR1075057
34047.0,1081,genus,0.00339916,Rhodospirillum,ERR1075057
34047.0,469,genus,0.00339916,Acinetobacter,ERR1075057
34047.0,84567,genus,0.00339916,Pedobacter,ERR1075057
34047.0,830,genus,0.00339916,Butyrivibrio,ERR1075057
34047.0,649461,genus,0.00339916,Lacibacter,ERR1075057
34047.0,76831,genus,0.00339916,Myroides,ERR1075057
34047.0,286130,genus,0.00339916,Sulfuricurvum,ERR1075057
34047.0,34019,genus,0.00339916,Candidatus Liberibacter,ERR1075057
34047.0,2735,genus,0.00339916,Verrucomicrobium,ERR1075057
34047.0,314318,genus,0.00339916,Prolixibacter,ERR1075057
34047.0,100175,genus,0.00339916,Papillibacter,ERR1075057
34047.0,43996,genus,0.00339916,Catonella,ERR1075057
34047.0,1243,genus,0.00339916,Leuconostoc,ERR1075057
34047.0,346096,genus,0.00339916,Paludibacter,ERR1075057
34047.0,698776,genus,0.00339916,Cellulosilyticum,ERR1075057
34047.0,1375,genus,0.00339916,Aerococcus,ERR1075057
34047.0,1506577,genus,0.00339916,Tyzzerella,ERR1075057
34047.0,40323,genus,0.00339916,Stenotrophomonas,ERR1075057
34047.0,59739,genus,0.00339916,Flammeovirga,ERR1075057
34047.0,118747,genus,0.00339916,Bulleidia,ERR1075057
34047.0,1647,genus,0.00339916,Erysipelothrix,ERR1075057
34047.0,1548510,genus,0.00339916,Microbacter,ERR1075057
34047.0,162289,genus,0.00339916,Peptoniphilus,ERR1075057
34047.0,45654,genus,0.00339916,Desulfonema,ERR1075057
34047.0,795750,genus,0.00339916,Ignavibacterium,ERR1075057
34047.0,319458,genus,0.00339916,Leadbetterella,ERR1075057
34047.0,65551,genus,0.00339916,Meiothermus,ERR1075057
34047.0,590,genus,0.00339916,Salmonella,ERR1075057
34047.0,1502725,genus,0.00339916,Effusibacillus,ERR1075057
34047.0,292635,genus,0.00339916,Laceyella,ERR1075057
34047.0,1870884,genus,0.00339916,Clostridioides,ERR1075057
34047.0,1843210,genus,0.00339916,Anaerocolumna,ERR1075057
34047.0,59,genus,0.00339916,Vitreoscilla,ERR1075057
34047.0,1827,genus,0.00339916,Rhodococcus,ERR1075057
,-1,genus,24.5182,Unknown,ERR1075057
34049.0,816,genus,16.9947,Bacteroides,ERR1075141
34049.0,239934,genus,3.48577,Akkermansia,ERR1075141
34049.0,838,genus,2.99262,Prevotella,ERR1075141
34049.0,904,genus,2.65753,Acidaminococcus,ERR1075141
34049.0,216851,genus,1.84826,Faecalibacterium,ERR1075141
34049.0,165779,genus,0.760801,Anaerococcus,ERR1075141
34049.0,1716,genus,0.657534,Corynebacterium,ERR1075141
34049.0,194,genus,0.644889,Campylobacter,ERR1075141
34049.0,41273,genus,0.573235,Tissierella,ERR1075141
34049.0,1279388,genus,0.547945,Kandleria,ERR1075141
34049.0,375288,genus,0.448894,Parabacteroides,ERR1075141
34049.0,162289,genus,0.440464,Peptoniphilus,ERR1075141
34049.0,836,genus,0.406744,Porphyromonas,ERR1075141
34049.0,239759,genus,0.330875,Alistipes,ERR1075141
34049.0,459786,genus,0.305585,Oscillibacter,ERR1075141
34049.0,39948,genus,0.30137,Dialister,ERR1075141
34049.0,150022,genus,0.263435,Finegoldia,ERR1075141
34049.0,906,genus,0.25079,Megasphaera,ERR1075141
34049.0,1301,genus,0.23393,Streptococcus,ERR1075141
34049.0,848,genus,0.164384,Fusobacterium,ERR1075141
34049.0,590,genus,0.139094,Salmonella,ERR1075141
34049.0,1380,genus,0.126449,Atopobium,ERR1075141
34049.0,572511,genus,0.126449,Blautia,ERR1075141
34049.0,1506553,genus,0.120126,Lachnoclostridium,ERR1075141
34049.0,1257,genus,0.118019,Peptostreptococcus,ERR1075141
34049.0,35832,genus,0.113804,Bilophila,ERR1075141
34049.0,872,genus,0.109589,Desulfovibrio,ERR1075141
34049.0,2701,genus,0.107482,Gardnerella,ERR1075141
34049.0,561,genus,0.0800843,Escherichia,ERR1075141
34049.0,184869,genus,0.0800843,Varibaculum,ERR1075141
34049.0,2093,genus,0.0758693,Mycoplasma,ERR1075141
34049.0,1654,genus,0.0632244,Actinomyces,ERR1075141
34049.0,283168,genus,0.0632244,Odoribacter,ERR1075141
34049.0,168808,genus,0.061117,Sneathia,ERR1075141
34049.0,841,genus,0.0505796,Roseburia,ERR1075141
34049.0,86331,genus,0.0442571,Mogibacterium,ERR1075141
34049.0,1378,genus,0.0400422,Gemella,ERR1075141
34049.0,66831,genus,0.0379347,Facklamia,ERR1075141
34049.0,189330,genus,0.0379347,Dorea,ERR1075141
34049.0,33042,genus,0.0316122,Coprococcus,ERR1075141
34049.0,1485,genus,0.0316122,Clostridium,ERR1075141
34049.0,1508657,genus,0.0316122,Ruminiclostridium,ERR1075141
34049.0,577310,genus,0.0295047,Parasutterella,ERR1075141
34049.0,1573535,genus,0.0295047,Holdemanella,ERR1075141
34049.0,1505663,genus,0.0273973,Erysipelatoclostridium,ERR1075141
34049.0,1279,genus,0.0252898,Staphylococcus,ERR1075141
34049.0,286,genus,0.0210748,Pseudomonas,ERR1075141
34049.0,1578,genus,0.0210748,Lactobacillus,ERR1075141
34049.0,46205,genus,0.0210748,Pseudobutyrivibrio,ERR1075141
34049.0,1386,genus,0.0189673,Bacillus,ERR1075141
34049.0,61170,genus,0.0168599,Holdemania,ERR1075141
34049.0,52784,genus,0.0147524,Anaerofilum,ERR1075141
34049.0,1263,genus,0.0147524,Ruminococcus,ERR1075141
34049.0,2299,genus,0.0126449,Desulfosarcina,ERR1075141
34049.0,1730,genus,0.0105374,Eubacterium,ERR1075141
34049.0,497,genus,0.0105374,Psychrobacter,ERR1075141
34049.0,898,genus,0.0105374,Desulfomicrobium,ERR1075141
34049.0,397864,genus,0.00842993,Barnesiella,ERR1075141
34049.0,620,genus,0.00842993,Shigella,ERR1075141
34049.0,102106,genus,0.00632244,Collinsella,ERR1075141
34049.0,332248,genus,0.00632244,Truepera,ERR1075141
34049.0,413496,genus,0.00632244,Cronobacter,ERR1075141
34049.0,57665,genus,0.00632244,Sulfurospirillum,ERR1075141
34049.0,244127,genus,0.00632244,Anaerotruncus,ERR1075141
34049.0,34037,genus,0.00632244,Rahnella,ERR1075141
34049.0,265980,genus,0.00632244,Alkalimonas,ERR1075141
34049.0,724,genus,0.00632244,Haemophilus,ERR1075141
34049.0,577309,genus,0.00632244,Paraprevotella,ERR1075141
34049.0,180541,genus,0.00632244,Salinisphaera,ERR1075141
34049.0,543311,genus,0.00632244,Parvimonas,ERR1075141
34049.0,28453,genus,0.00632244,Sphingobacterium,ERR1075141
34049.0,1827,genus,0.00632244,Rhodococcus,ERR1075141
34049.0,1678,genus,0.00632244,Bifidobacterium,ERR1075141
34049.0,1350,genus,0.00421496,Enterococcus,ERR1075141
34049.0,518753,genus,0.00421496,Luteolibacter,ERR1075141
34049.0,39773,genus,0.00421496,Methylomicrobium,ERR1075141
34049.0,278993,genus,0.00421496,Thermincola,ERR1075141
34049.0,1236988,genus,0.00421496,Geofilum,ERR1075141
34049.0,61434,genus,0.00210748,Dehalococcoides,ERR1075141
34049.0,581,genus,0.00210748,Morganella,ERR1075141
34049.0,469,genus,0.00210748,Acinetobacter,ERR1075141
34049.0,1082702,genus,0.00210748,Lonsdalea,ERR1075141
34049.0,195950,genus,0.00210748,Tannerella,ERR1075141
34049.0,224465,genus,0.00210748,Kofleria,ERR1075141
34049.0,670486,genus,0.00210748,Dehalogenimonas,ERR1075141
34049.0,702,genus,0.00210748,Plesiomonas,ERR1075141
34049.0,32207,genus,0.00210748,Rothia,ERR1075141
34049.0,570,genus,0.00210748,Klebsiella,ERR1075141
34049.0,501783,genus,0.00210748,Cloacibacterium,ERR1075141
34049.0,1471399,genus,0.00210748,Draconibacterium,ERR1075141
34049.0,37817,genus,0.00210748,Desulfuromusa,ERR1075141
34049.0,33986,genus,0.00210748,Exiguobacterium,ERR1075141
34049.0,349,genus,0.00210748,Zoogloea,ERR1075141
34049.0,713,genus,0.00210748,Actinobacillus,ERR1075141
34049.0,118747,genus,0.00210748,Bulleidia,ERR1075141
34049.0,2056,genus,0.00210748,Sphaerobacter,ERR1075141
34049.0,133925,genus,0.00210748,Olsenella,ERR1075141
34049.0,22,genus,0.00210748,Shewanella,ERR1075141
34049.0,2740,genus,0.00210748,Peptococcus,ERR1075141
34049.0,84108,genus,0.00210748,Slackia,ERR1075141
34049.0,642,genus,0.00210748,Aeromonas,ERR1075141
34049.0,84111,genus,0.00210748,Eggerthella,ERR1075141
34049.0,596499,genus,0.00210748,Nitriliruptor,ERR1075141
34049.0,157,genus,0.00210748,Treponema,ERR1075141
34049.0,583,genus,0.00210748,Proteus,ERR1075141
34049.0,106633,genus,0.00210748,Thioalkalivibrio,ERR1075141
34049.0,413,genus,0.00210748,Methylococcus,ERR1075141
34049.0,84567,genus,0.00210748,Pedobacter,ERR1075141
34049.0,31983,genus,0.00210748,Helcococcus,ERR1075141
34049.0,84034,genus,0.00210748,Propionispira,ERR1075141
34049.0,626,genus,0.00210748,Xenorhabdus,ERR1075141
34049.0,2735,genus,0.00210748,Verrucomicrobium,ERR1075141
34049.0,1866885,genus,0.00210748,Mycobacterium fortuitum complex,ERR1075141
34049.0,119977,genus,0.00210748,Acidithiobacillus,ERR1075141
34049.0,830,genus,0.00210748,Butyrivibrio,ERR1075141
34049.0,1408818,genus,0.00210748,Youngiibacter,ERR1075141
34049.0,1279384,genus,0.00210748,Eggerthia,ERR1075141
34049.0,1253,genus,0.00210748,Pediococcus,ERR1075141
34049.0,28138,genus,0.00210748,Rikenella,ERR1075141
34049.0,2147,genus,0.00210748,Acholeplasma,ERR1075141
34049.0,207244,genus,0.00210748,Anaerostipes,ERR1075141
34049.0,48463,genus,0.00210748,Prosthecobacter,ERR1075141
34049.0,629,genus,0.00210748,Yersinia,ERR1075141
34049.0,44748,genus,0.00210748,Sporobacter,ERR1075141
34049.0,1357,genus,0.00210748,Lactococcus,ERR1075141
34049.0,37914,genus,0.00210748,Dietzia,ERR1075141
34049.0,2717,genus,0.00210748,Cardiobacterium,ERR1075141
34049.0,55080,genus,0.00210748,Brevibacillus,ERR1075141
34049.0,202746,genus,0.00210748,Sulfurimonas,ERR1075141
34049.0,40544,genus,0.00210748,Sutterella,ERR1075141
34049.0,265570,genus,0.00210748,Sulfurovum,ERR1075141
34049.0,1870884,genus,0.00210748,Clostridioides,ERR1075141
34049.0,2742,genus,0.00210748,Marinobacter,ERR1075141
34049.0,29465,genus,0.00210748,Veillonella,ERR1075141
34049.0,79206,genus,0.00210748,Desulfosporosinus,ERR1075141
34049.0,59753,genus,0.00210748,Alcanivorax,ERR1075141
,-1,genus,63.4331,Unknown,ERR1075141
34049.0,816,genus,16.9947,Bacteroides,ERR1075141
34049.0,239934,genus,3.48577,Akkermansia,ERR1075141
34049.0,838,genus,2.99262,Prevotella,ERR1075141
34049.0,904,genus,2.65753,Acidaminococcus,ERR1075141
34049.0,216851,genus,1.84826,Faecalibacterium,ERR1075141
34049.0,165779,genus,0.760801,Anaerococcus,ERR1075141
34049.0,1716,genus,0.657534,Corynebacterium,ERR1075141
34049.0,194,genus,0.644889,Campylobacter,ERR1075141
34049.0,41273,genus,0.573235,Tissierella,ERR1075141
34049.0,1279388,genus,0.547945,Kandleria,ERR1075141
34049.0,375288,genus,0.448894,Parabacteroides,ERR1075141
34049.0,162289,genus,0.440464,Peptoniphilus,ERR1075141
34049.0,836,genus,0.406744,Porphyromonas,ERR1075141
34049.0,239759,genus,0.330875,Alistipes,ERR1075141
34049.0,459786,genus,0.305585,Oscillibacter,ERR1075141
34049.0,39948,genus,0.30137,Dialister,ERR1075141
34049.0,150022,genus,0.263435,Finegoldia,ERR1075141
34049.0,906,genus,0.25079,Megasphaera,ERR1075141
34049.0,1301,genus,0.23393,Streptococcus,ERR1075141
34049.0,848,genus,0.164384,Fusobacterium,ERR1075141
34049.0,590,genus,0.139094,Salmonella,ERR1075141
34049.0,1380,genus,0.126449,Atopobium,ERR1075141
34049.0,572511,genus,0.126449,Blautia,ERR1075141
34049.0,1506553,genus,0.120126,Lachnoclostridium,ERR1075141
34049.0,1257,genus,0.118019,Peptostreptococcus,ERR1075141
34049.0,35832,genus,0.113804,Bilophila,ERR1075141
34049.0,872,genus,0.109589,Desulfovibrio,ERR1075141
34049.0,2701,genus,0.107482,Gardnerella,ERR1075141
34049.0,561,genus,0.0800843,Escherichia,ERR1075141
34049.0,184869,genus,0.0800843,Varibaculum,ERR1075141
34049.0,2093,genus,0.0758693,Mycoplasma,ERR1075141
34049.0,283168,genus,0.0632244,Odoribacter,ERR1075141
34049.0,1654,genus,0.0632244,Actinomyces,ERR1075141
34049.0,168808,genus,0.061117,Sneathia,ERR1075141
34049.0,841,genus,0.0505796,Roseburia,ERR1075141
34049.0,86331,genus,0.0442571,Mogibacterium,ERR1075141
34049.0,1378,genus,0.0400422,Gemella,ERR1075141
34049.0,66831,genus,0.0379347,Facklamia,ERR1075141
34049.0,189330,genus,0.0379347,Dorea,ERR1075141
34049.0,1485,genus,0.0316122,Clostridium,ERR1075141
34049.0,1508657,genus,0.0316122,Ruminiclostridium,ERR1075141
34049.0,33042,genus,0.0316122,Coprococcus,ERR1075141
34049.0,577310,genus,0.0295047,Parasutterella,ERR1075141
34049.0,1573535,genus,0.0295047,Holdemanella,ERR1075141
34049.0,1505663,genus,0.0273973,Erysipelatoclostridium,ERR1075141
34049.0,1279,genus,0.0252898,Staphylococcus,ERR1075141
34049.0,1578,genus,0.0210748,Lactobacillus,ERR1075141
34049.0,46205,genus,0.0210748,Pseudobutyrivibrio,ERR1075141
34049.0,286,genus,0.0210748,Pseudomonas,ERR1075141
34049.0,1386,genus,0.0189673,Bacillus,ERR1075141
34049.0,61170,genus,0.0168599,Holdemania,ERR1075141
34049.0,52784,genus,0.0147524,Anaerofilum,ERR1075141
34049.0,1263,genus,0.0147524,Ruminococcus,ERR1075141
34049.0,2299,genus,0.0126449,Desulfosarcina,ERR1075141
34049.0,497,genus,0.0105374,Psychrobacter,ERR1075141
34049.0,898,genus,0.0105374,Desulfomicrobium,ERR1075141
34049.0,1730,genus,0.0105374,Eubacterium,ERR1075141
34049.0,620,genus,0.00842993,Shigella,ERR1075141
34049.0,397864,genus,0.00842993,Barnesiella,ERR1075141
34049.0,724,genus,0.00632244,Haemophilus,ERR1075141
34049.0,577309,genus,0.00632244,Paraprevotella,ERR1075141
34049.0,543311,genus,0.00632244,Parvimonas,ERR1075141
34049.0,180541,genus,0.00632244,Salinisphaera,ERR1075141
34049.0,1827,genus,0.00632244,Rhodococcus,ERR1075141
34049.0,28453,genus,0.00632244,Sphingobacterium,ERR1075141
34049.0,1678,genus,0.00632244,Bifidobacterium,ERR1075141
34049.0,102106,genus,0.00632244,Collinsella,ERR1075141
34049.0,332248,genus,0.00632244,Truepera,ERR1075141
34049.0,413496,genus,0.00632244,Cronobacter,ERR1075141
34049.0,34037,genus,0.00632244,Rahnella,ERR1075141
34049.0,57665,genus,0.00632244,Sulfurospirillum,ERR1075141
34049.0,244127,genus,0.00632244,Anaerotruncus,ERR1075141
34049.0,265980,genus,0.00632244,Alkalimonas,ERR1075141
34049.0,278993,genus,0.00421496,Thermincola,ERR1075141
34049.0,1236988,genus,0.00421496,Geofilum,ERR1075141
34049.0,1350,genus,0.00421496,Enterococcus,ERR1075141
34049.0,518753,genus,0.00421496,Luteolibacter,ERR1075141
34049.0,39773,genus,0.00421496,Methylomicrobium,ERR1075141
34049.0,1408818,genus,0.00210748,Youngiibacter,ERR1075141
34049.0,1279384,genus,0.00210748,Eggerthia,ERR1075141
34049.0,2147,genus,0.00210748,Acholeplasma,ERR1075141
34049.0,1253,genus,0.00210748,Pediococcus,ERR1075141
34049.0,28138,genus,0.00210748,Rikenella,ERR1075141
34049.0,207244,genus,0.00210748,Anaerostipes,ERR1075141
34049.0,48463,genus,0.00210748,Prosthecobacter,ERR1075141
34049.0,44748,genus,0.00210748,Sporobacter,ERR1075141
34049.0,1357,genus,0.00210748,Lactococcus,ERR1075141
34049.0,629,genus,0.00210748,Yersinia,ERR1075141
34049.0,55080,genus,0.00210748,Brevibacillus,ERR1075141
34049.0,202746,genus,0.00210748,Sulfurimonas,ERR1075141
34049.0,40544,genus,0.00210748,Sutterella,ERR1075141
34049.0,37914,genus,0.00210748,Dietzia,ERR1075141
34049.0,2717,genus,0.00210748,Cardiobacterium,ERR1075141
34049.0,2742,genus,0.00210748,Marinobacter,ERR1075141
34049.0,29465,genus,0.00210748,Veillonella,ERR1075141
34049.0,265570,genus,0.00210748,Sulfurovum,ERR1075141
34049.0,1870884,genus,0.00210748,Clostridioides,ERR1075141
34049.0,59753,genus,0.00210748,Alcanivorax,ERR1075141
34049.0,79206,genus,0.00210748,Desulfosporosinus,ERR1075141
34049.0,581,genus,0.00210748,Morganella,ERR1075141
34049.0,469,genus,0.00210748,Acinetobacter,ERR1075141
34049.0,1082702,genus,0.00210748,Lonsdalea,ERR1075141
34049.0,61434,genus,0.00210748,Dehalococcoides,ERR1075141
34049.0,670486,genus,0.00210748,Dehalogenimonas,ERR1075141
34049.0,195950,genus,0.00210748,Tannerella,ERR1075141
34049.0,224465,genus,0.00210748,Kofleria,ERR1075141
34049.0,702,genus,0.00210748,Plesiomonas,ERR1075141
34049.0,32207,genus,0.00210748,Rothia,ERR1075141
34049.0,33986,genus,0.00210748,Exiguobacterium,ERR1075141
34049.0,570,genus,0.00210748,Klebsiella,ERR1075141
34049.0,501783,genus,0.00210748,Cloacibacterium,ERR1075141
34049.0,1471399,genus,0.00210748,Draconibacterium,ERR1075141
34049.0,37817,genus,0.00210748,Desulfuromusa,ERR1075141
34049.0,713,genus,0.00210748,Actinobacillus,ERR1075141
34049.0,118747,genus,0.00210748,Bulleidia,ERR1075141
34049.0,349,genus,0.00210748,Zoogloea,ERR1075141
34049.0,2740,genus,0.00210748,Peptococcus,ERR1075141
34049.0,84108,genus,0.00210748,Slackia,ERR1075141
34049.0,2056,genus,0.00210748,Sphaerobacter,ERR1075141
34049.0,133925,genus,0.00210748,Olsenella,ERR1075141
34049.0,22,genus,0.00210748,Shewanella,ERR1075141
34049.0,583,genus,0.00210748,Proteus,ERR1075141
34049.0,106633,genus,0.00210748,Thioalkalivibrio,ERR1075141
34049.0,642,genus,0.00210748,Aeromonas,ERR1075141
34049.0,84111,genus,0.00210748,Eggerthella,ERR1075141
34049.0,596499,genus,0.00210748,Nitriliruptor,ERR1075141
34049.0,157,genus,0.00210748,Treponema,ERR1075141
34049.0,84034,genus,0.00210748,Propionispira,ERR1075141
34049.0,626,genus,0.00210748,Xenorhabdus,ERR1075141
34049.0,413,genus,0.00210748,Methylococcus,ERR1075141
34049.0,84567,genus,0.00210748,Pedobacter,ERR1075141
34049.0,31983,genus,0.00210748,Helcococcus,ERR1075141
34049.0,119977,genus,0.00210748,Acidithiobacillus,ERR1075141
34049.0,830,genus,0.00210748,Butyrivibrio,ERR1075141
34049.0,2735,genus,0.00210748,Verrucomicrobium,ERR1075141
34049.0,1866885,genus,0.00210748,Mycobacterium fortuitum complex,ERR1075141
,-1,genus,63.4331,Unknown,ERR1075141
34049.0,816,genus,16.9947,Bacteroides,ERR1075141
34049.0,239934,genus,3.48577,Akkermansia,ERR1075141
34049.0,838,genus,2.99262,Prevotella,ERR1075141
34049.0,904,genus,2.65753,Acidaminococcus,ERR1075141
34049.0,216851,genus,1.84826,Faecalibacterium,ERR1075141
34049.0,165779,genus,0.760801,Anaerococcus,ERR1075141
34049.0,1716,genus,0.657534,Corynebacterium,ERR1075141
34049.0,194,genus,0.644889,Campylobacter,ERR1075141
34049.0,41273,genus,0.573235,Tissierella,ERR1075141
34049.0,1279388,genus,0.547945,Kandleria,ERR1075141
34049.0,375288,genus,0.448894,Parabacteroides,ERR1075141
34049.0,162289,genus,0.440464,Peptoniphilus,ERR1075141
34049.0,836,genus,0.406744,Porphyromonas,ERR1075141
34049.0,239759,genus,0.330875,Alistipes,ERR1075141
34049.0,459786,genus,0.305585,Oscillibacter,ERR1075141
34049.0,39948,genus,0.30137,Dialister,ERR1075141
34049.0,150022,genus,0.263435,Finegoldia,ERR1075141
34049.0,906,genus,0.25079,Megasphaera,ERR1075141
34049.0,1301,genus,0.23393,Streptococcus,ERR1075141
34049.0,848,genus,0.164384,Fusobacterium,ERR1075141
34049.0,590,genus,0.139094,Salmonella,ERR1075141
34049.0,1380,genus,0.126449,Atopobium,ERR1075141
34049.0,572511,genus,0.126449,Blautia,ERR1075141
34049.0,1506553,genus,0.120126,Lachnoclostridium,ERR1075141
34049.0,1257,genus,0.118019,Peptostreptococcus,ERR1075141
34049.0,35832,genus,0.113804,Bilophila,ERR1075141
34049.0,872,genus,0.109589,Desulfovibrio,ERR1075141
34049.0,2701,genus,0.107482,Gardnerella,ERR1075141
34049.0,561,genus,0.0800843,Escherichia,ERR1075141
34049.0,184869,genus,0.0800843,Varibaculum,ERR1075141
34049.0,2093,genus,0.0758693,Mycoplasma,ERR1075141
34049.0,1654,genus,0.0632244,Actinomyces,ERR1075141
34049.0,283168,genus,0.0632244,Odoribacter,ERR1075141
34049.0,168808,genus,0.061117,Sneathia,ERR1075141
34049.0,841,genus,0.0505796,Roseburia,ERR1075141
34049.0,86331,genus,0.0442571,Mogibacterium,ERR1075141
34049.0,1378,genus,0.0400422,Gemella,ERR1075141
34049.0,66831,genus,0.0379347,Facklamia,ERR1075141
34049.0,189330,genus,0.0379347,Dorea,ERR1075141
34049.0,1485,genus,0.0316122,Clostridium,ERR1075141
34049.0,1508657,genus,0.0316122,Ruminiclostridium,ERR1075141
34049.0,33042,genus,0.0316122,Coprococcus,ERR1075141
34049.0,577310,genus,0.0295047,Parasutterella,ERR1075141
34049.0,1573535,genus,0.0295047,Holdemanella,ERR1075141
34049.0,1505663,genus,0.0273973,Erysipelatoclostridium,ERR1075141
34049.0,1279,genus,0.0252898,Staphylococcus,ERR1075141
34049.0,1578,genus,0.0210748,Lactobacillus,ERR1075141
34049.0,46205,genus,0.0210748,Pseudobutyrivibrio,ERR1075141
34049.0,286,genus,0.0210748,Pseudomonas,ERR1075141
34049.0,1386,genus,0.0189673,Bacillus,ERR1075141
34049.0,61170,genus,0.0168599,Holdemania,ERR1075141
34049.0,52784,genus,0.0147524,Anaerofilum,ERR1075141
34049.0,1263,genus,0.0147524,Ruminococcus,ERR1075141
34049.0,2299,genus,0.0126449,Desulfosarcina,ERR1075141
34049.0,1730,genus,0.0105374,Eubacterium,ERR1075141
34049.0,497,genus,0.0105374,Psychrobacter,ERR1075141
34049.0,898,genus,0.0105374,Desulfomicrobium,ERR1075141
34049.0,620,genus,0.00842993,Shigella,ERR1075141
34049.0,397864,genus,0.00842993,Barnesiella,ERR1075141
34049.0,413496,genus,0.00632244,Cronobacter,ERR1075141
34049.0,57665,genus,0.00632244,Sulfurospirillum,ERR1075141
34049.0,244127,genus,0.00632244,Anaerotruncus,ERR1075141
34049.0,34037,genus,0.00632244,Rahnella,ERR1075141
34049.0,265980,genus,0.00632244,Alkalimonas,ERR1075141
34049.0,724,genus,0.00632244,Haemophilus,ERR1075141
34049.0,577309,genus,0.00632244,Paraprevotella,ERR1075141
34049.0,180541,genus,0.00632244,Salinisphaera,ERR1075141
34049.0,543311,genus,0.00632244,Parvimonas,ERR1075141
34049.0,28453,genus,0.00632244,Sphingobacterium,ERR1075141
34049.0,1827,genus,0.00632244,Rhodococcus,ERR1075141
34049.0,1678,genus,0.00632244,Bifidobacterium,ERR1075141
34049.0,102106,genus,0.00632244,Collinsella,ERR1075141
34049.0,332248,genus,0.00632244,Truepera,ERR1075141
34049.0,1350,genus,0.00421496,Enterococcus,ERR1075141
34049.0,518753,genus,0.00421496,Luteolibacter,ERR1075141
34049.0,39773,genus,0.00421496,Methylomicrobium,ERR1075141
34049.0,278993,genus,0.00421496,Thermincola,ERR1075141
34049.0,1236988,genus,0.00421496,Geofilum,ERR1075141
34049.0,702,genus,0.00210748,Plesiomonas,ERR1075141
34049.0,32207,genus,0.00210748,Rothia,ERR1075141
34049.0,570,genus,0.00210748,Klebsiella,ERR1075141
34049.0,501783,genus,0.00210748,Cloacibacterium,ERR1075141
34049.0,1471399,genus,0.00210748,Draconibacterium,ERR1075141
34049.0,37817,genus,0.00210748,Desulfuromusa,ERR1075141
34049.0,33986,genus,0.00210748,Exiguobacterium,ERR1075141
34049.0,349,genus,0.00210748,Zoogloea,ERR1075141
34049.0,713,genus,0.00210748,Actinobacillus,ERR1075141
34049.0,118747,genus,0.00210748,Bulleidia,ERR1075141
34049.0,2056,genus,0.00210748,Sphaerobacter,ERR1075141
34049.0,133925,genus,0.00210748,Olsenella,ERR1075141
34049.0,22,genus,0.00210748,Shewanella,ERR1075141
34049.0,2740,genus,0.00210748,Peptococcus,ERR1075141
34049.0,84108,genus,0.00210748,Slackia,ERR1075141
34049.0,642,genus,0.00210748,Aeromonas,ERR1075141
34049.0,84111,genus,0.00210748,Eggerthella,ERR1075141
34049.0,596499,genus,0.00210748,Nitriliruptor,ERR1075141
34049.0,157,genus,0.00210748,Treponema,ERR1075141
34049.0,583,genus,0.00210748,Proteus,ERR1075141
34049.0,106633,genus,0.00210748,Thioalkalivibrio,ERR1075141
34049.0,413,genus,0.00210748,Methylococcus,ERR1075141
34049.0,84567,genus,0.00210748,Pedobacter,ERR1075141
34049.0,31983,genus,0.00210748,Helcococcus,ERR1075141
34049.0,84034,genus,0.00210748,Propionispira,ERR1075141
34049.0,626,genus,0.00210748,Xenorhabdus,ERR1075141
34049.0,2735,genus,0.00210748,Verrucomicrobium,ERR1075141
34049.0,1866885,genus,0.00210748,Mycobacterium fortuitum complex,ERR1075141
34049.0,119977,genus,0.00210748,Acidithiobacillus,ERR1075141
34049.0,830,genus,0.00210748,Butyrivibrio,ERR1075141
34049.0,1408818,genus,0.00210748,Youngiibacter,ERR1075141
34049.0,1279384,genus,0.00210748,Eggerthia,ERR1075141
34049.0,1253,genus,0.00210748,Pediococcus,ERR1075141
34049.0,28138,genus,0.00210748,Rikenella,ERR1075141
34049.0,2147,genus,0.00210748,Acholeplasma,ERR1075141
34049.0,207244,genus,0.00210748,Anaerostipes,ERR1075141
34049.0,48463,genus,0.00210748,Prosthecobacter,ERR1075141
34049.0,629,genus,0.00210748,Yersinia,ERR1075141
34049.0,44748,genus,0.00210748,Sporobacter,ERR1075141
34049.0,1357,genus,0.00210748,Lactococcus,ERR1075141
34049.0,37914,genus,0.00210748,Dietzia,ERR1075141
34049.0,2717,genus,0.00210748,Cardiobacterium,ERR1075141
34049.0,55080,genus,0.00210748,Brevibacillus,ERR1075141
34049.0,202746,genus,0.00210748,Sulfurimonas,ERR1075141
34049.0,40544,genus,0.00210748,Sutterella,ERR1075141
34049.0,265570,genus,0.00210748,Sulfurovum,ERR1075141
34049.0,1870884,genus,0.00210748,Clostridioides,ERR1075141
34049.0,2742,genus,0.00210748,Marinobacter,ERR1075141
34049.0,29465,genus,0.00210748,Veillonella,ERR1075141
34049.0,79206,genus,0.00210748,Desulfosporosinus,ERR1075141
34049.0,59753,genus,0.00210748,Alcanivorax,ERR1075141
34049.0,61434,genus,0.00210748,Dehalococcoides,ERR1075141
34049.0,581,genus,0.00210748,Morganella,ERR1075141
34049.0,469,genus,0.00210748,Acinetobacter,ERR1075141
34049.0,1082702,genus,0.00210748,Lonsdalea,ERR1075141
34049.0,195950,genus,0.00210748,Tannerella,ERR1075141
34049.0,224465,genus,0.00210748,Kofleria,ERR1075141
34049.0,670486,genus,0.00210748,Dehalogenimonas,ERR1075141
,-1,genus,63.4331,Unknown,ERR1075141
34049.0,816,genus,16.9947,Bacteroides,ERR1075141
34049.0,239934,genus,3.48577,Akkermansia,ERR1075141
34049.0,838,genus,2.99262,Prevotella,ERR1075141
34049.0,904,genus,2.65753,Acidaminococcus,ERR1075141
34049.0,216851,genus,1.84826,Faecalibacterium,ERR1075141
34049.0,165779,genus,0.760801,Anaerococcus,ERR1075141
34049.0,1716,genus,0.657534,Corynebacterium,ERR1075141
34049.0,194,genus,0.644889,Campylobacter,ERR1075141
34049.0,41273,genus,0.573235,Tissierella,ERR1075141
34049.0,1279388,genus,0.547945,Kandleria,ERR1075141
34049.0,375288,genus,0.448894,Parabacteroides,ERR1075141
34049.0,162289,genus,0.440464,Peptoniphilus,ERR1075141
34049.0,836,genus,0.406744,Porphyromonas,ERR1075141
34049.0,239759,genus,0.330875,Alistipes,ERR1075141
34049.0,459786,genus,0.305585,Oscillibacter,ERR1075141
34049.0,39948,genus,0.30137,Dialister,ERR1075141
34049.0,150022,genus,0.263435,Finegoldia,ERR1075141
34049.0,906,genus,0.25079,Megasphaera,ERR1075141
34049.0,1301,genus,0.23393,Streptococcus,ERR1075141
34049.0,848,genus,0.164384,Fusobacterium,ERR1075141
34049.0,590,genus,0.139094,Salmonella,ERR1075141
34049.0,1380,genus,0.126449,Atopobium,ERR1075141
34049.0,572511,genus,0.126449,Blautia,ERR1075141
34049.0,1506553,genus,0.120126,Lachnoclostridium,ERR1075141
34049.0,1257,genus,0.118019,Peptostreptococcus,ERR1075141
34049.0,35832,genus,0.113804,Bilophila,ERR1075141
34049.0,872,genus,0.109589,Desulfovibrio,ERR1075141
34049.0,2701,genus,0.107482,Gardnerella,ERR1075141
34049.0,561,genus,0.0800843,Escherichia,ERR1075141
34049.0,184869,genus,0.0800843,Varibaculum,ERR1075141
34049.0,2093,genus,0.0758693,Mycoplasma,ERR1075141
34049.0,283168,genus,0.0632244,Odoribacter,ERR1075141
34049.0,1654,genus,0.0632244,Actinomyces,ERR1075141
34049.0,168808,genus,0.061117,Sneathia,ERR1075141
34049.0,841,genus,0.0505796,Roseburia,ERR1075141
34049.0,86331,genus,0.0442571,Mogibacterium,ERR1075141
34049.0,1378,genus,0.0400422,Gemella,ERR1075141
34049.0,189330,genus,0.0379347,Dorea,ERR1075141
34049.0,66831,genus,0.0379347,Facklamia,ERR1075141
34049.0,1485,genus,0.0316122,Clostridium,ERR1075141
34049.0,1508657,genus,0.0316122,Ruminiclostridium,ERR1075141
34049.0,33042,genus,0.0316122,Coprococcus,ERR1075141
34049.0,1573535,genus,0.0295047,Holdemanella,ERR1075141
34049.0,577310,genus,0.0295047,Parasutterella,ERR1075141
34049.0,1505663,genus,0.0273973,Erysipelatoclostridium,ERR1075141
34049.0,1279,genus,0.0252898,Staphylococcus,ERR1075141
34049.0,1578,genus,0.0210748,Lactobacillus,ERR1075141
34049.0,46205,genus,0.0210748,Pseudobutyrivibrio,ERR1075141
34049.0,286,genus,0.0210748,Pseudomonas,ERR1075141
34049.0,1386,genus,0.0189673,Bacillus,ERR1075141
34049.0,61170,genus,0.0168599,Holdemania,ERR1075141
34049.0,52784,genus,0.0147524,Anaerofilum,ERR1075141
34049.0,1263,genus,0.0147524,Ruminococcus,ERR1075141
34049.0,2299,genus,0.0126449,Desulfosarcina,ERR1075141
34049.0,497,genus,0.0105374,Psychrobacter,ERR1075141
34049.0,898,genus,0.0105374,Desulfomicrobium,ERR1075141
34049.0,1730,genus,0.0105374,Eubacterium,ERR1075141
34049.0,620,genus,0.00842993,Shigella,ERR1075141
34049.0,397864,genus,0.00842993,Barnesiella,ERR1075141
34049.0,265980,genus,0.00632244,Alkalimonas,ERR1075141
34049.0,724,genus,0.00632244,Haemophilus,ERR1075141
34049.0,577309,genus,0.00632244,Paraprevotella,ERR1075141
34049.0,180541,genus,0.00632244,Salinisphaera,ERR1075141
34049.0,543311,genus,0.00632244,Parvimonas,ERR1075141
34049.0,28453,genus,0.00632244,Sphingobacterium,ERR1075141
34049.0,1827,genus,0.00632244,Rhodococcus,ERR1075141
34049.0,1678,genus,0.00632244,Bifidobacterium,ERR1075141
34049.0,102106,genus,0.00632244,Collinsella,ERR1075141
34049.0,332248,genus,0.00632244,Truepera,ERR1075141
34049.0,413496,genus,0.00632244,Cronobacter,ERR1075141
34049.0,57665,genus,0.00632244,Sulfurospirillum,ERR1075141
34049.0,244127,genus,0.00632244,Anaerotruncus,ERR1075141
34049.0,34037,genus,0.00632244,Rahnella,ERR1075141
34049.0,518753,genus,0.00421496,Luteolibacter,ERR1075141
34049.0,39773,genus,0.00421496,Methylomicrobium,ERR1075141
34049.0,278993,genus,0.00421496,Thermincola,ERR1075141
34049.0,1236988,genus,0.00421496,Geofilum,ERR1075141
34049.0,1350,genus,0.00421496,Enterococcus,ERR1075141
34049.0,2056,genus,0.00210748,Sphaerobacter,ERR1075141
34049.0,133925,genus,0.00210748,Olsenella,ERR1075141
34049.0,22,genus,0.00210748,Shewanella,ERR1075141
34049.0,2740,genus,0.00210748,Peptococcus,ERR1075141
34049.0,84108,genus,0.00210748,Slackia,ERR1075141
34049.0,642,genus,0.00210748,Aeromonas,ERR1075141
34049.0,84111,genus,0.00210748,Eggerthella,ERR1075141
34049.0,596499,genus,0.00210748,Nitriliruptor,ERR1075141
34049.0,157,genus,0.00210748,Treponema,ERR1075141
34049.0,583,genus,0.00210748,Proteus,ERR1075141
34049.0,106633,genus,0.00210748,Thioalkalivibrio,ERR1075141
34049.0,413,genus,0.00210748,Methylococcus,ERR1075141
34049.0,84567,genus,0.00210748,Pedobacter,ERR1075141
34049.0,31983,genus,0.00210748,Helcococcus,ERR1075141
34049.0,84034,genus,0.00210748,Propionispira,ERR1075141
34049.0,626,genus,0.00210748,Xenorhabdus,ERR1075141
34049.0,2735,genus,0.00210748,Verrucomicrobium,ERR1075141
34049.0,1866885,genus,0.00210748,Mycobacterium fortuitum complex,ERR1075141
34049.0,119977,genus,0.00210748,Acidithiobacillus,ERR1075141
34049.0,830,genus,0.00210748,Butyrivibrio,ERR1075141
34049.0,1408818,genus,0.00210748,Youngiibacter,ERR1075141
34049.0,1279384,genus,0.00210748,Eggerthia,ERR1075141
34049.0,1253,genus,0.00210748,Pediococcus,ERR1075141
34049.0,28138,genus,0.00210748,Rikenella,ERR1075141
34049.0,2147,genus,0.00210748,Acholeplasma,ERR1075141
34049.0,207244,genus,0.00210748,Anaerostipes,ERR1075141
34049.0,48463,genus,0.00210748,Prosthecobacter,ERR1075141
34049.0,629,genus,0.00210748,Yersinia,ERR1075141
34049.0,44748,genus,0.00210748,Sporobacter,ERR1075141
34049.0,1357,genus,0.00210748,Lactococcus,ERR1075141
34049.0,37914,genus,0.00210748,Dietzia,ERR1075141
34049.0,2717,genus,0.00210748,Cardiobacterium,ERR1075141
34049.0,55080,genus,0.00210748,Brevibacillus,ERR1075141
34049.0,202746,genus,0.00210748,Sulfurimonas,ERR1075141
34049.0,40544,genus,0.00210748,Sutterella,ERR1075141
34049.0,265570,genus,0.00210748,Sulfurovum,ERR1075141
34049.0,1870884,genus,0.00210748,Clostridioides,ERR1075141
34049.0,2742,genus,0.00210748,Marinobacter,ERR1075141
34049.0,29465,genus,0.00210748,Veillonella,ERR1075141
34049.0,79206,genus,0.00210748,Desulfosporosinus,ERR1075141
34049.0,59753,genus,0.00210748,Alcanivorax,ERR1075141
34049.0,61434,genus,0.00210748,Dehalococcoides,ERR1075141
34049.0,581,genus,0.00210748,Morganella,ERR1075141
34049.0,469,genus,0.00210748,Acinetobacter,ERR1075141
34049.0,1082702,genus,0.00210748,Lonsdalea,ERR1075141
34049.0,195950,genus,0.00210748,Tannerella,ERR1075141
34049.0,224465,genus,0.00210748,Kofleria,ERR1075141
34049.0,670486,genus,0.00210748,Dehalogenimonas,ERR1075141
34049.0,702,genus,0.00210748,Plesiomonas,ERR1075141
34049.0,32207,genus,0.00210748,Rothia,ERR1075141
34049.0,570,genus,0.00210748,Klebsiella,ERR1075141
34049.0,501783,genus,0.00210748,Cloacibacterium,ERR1075141
34049.0,1471399,genus,0.00210748,Draconibacterium,ERR1075141
34049.0,37817,genus,0.00210748,Desulfuromusa,ERR1075141
34049.0,33986,genus,0.00210748,Exiguobacterium,ERR1075141
34049.0,349,genus,0.00210748,Zoogloea,ERR1075141
34049.0,713,genus,0.00210748,Actinobacillus,ERR1075141
34049.0,118747,genus,0.00210748,Bulleidia,ERR1075141
,-1,genus,63.4331,Unknown,ERR1075141
34049.0,816,genus,16.9947,Bacteroides,ERR1075141
34049.0,239934,genus,3.48577,Akkermansia,ERR1075141
34049.0,838,genus,2.99262,Prevotella,ERR1075141
34049.0,904,genus,2.65753,Acidaminococcus,ERR1075141
34049.0,216851,genus,1.84826,Faecalibacterium,ERR1075141
34049.0,165779,genus,0.760801,Anaerococcus,ERR1075141
34049.0,1716,genus,0.657534,Corynebacterium,ERR1075141
34049.0,194,genus,0.644889,Campylobacter,ERR1075141
34049.0,41273,genus,0.573235,Tissierella,ERR1075141
34049.0,1279388,genus,0.547945,Kandleria,ERR1075141
34049.0,375288,genus,0.448894,Parabacteroides,ERR1075141
34049.0,162289,genus,0.440464,Peptoniphilus,ERR1075141
34049.0,836,genus,0.406744,Porphyromonas,ERR1075141
34049.0,239759,genus,0.330875,Alistipes,ERR1075141
34049.0,459786,genus,0.305585,Oscillibacter,ERR1075141
34049.0,39948,genus,0.30137,Dialister,ERR1075141
34049.0,150022,genus,0.263435,Finegoldia,ERR1075141
34049.0,906,genus,0.25079,Megasphaera,ERR1075141
34049.0,1301,genus,0.23393,Streptococcus,ERR1075141
34049.0,848,genus,0.164384,Fusobacterium,ERR1075141
34049.0,590,genus,0.139094,Salmonella,ERR1075141
34049.0,1380,genus,0.126449,Atopobium,ERR1075141
34049.0,572511,genus,0.126449,Blautia,ERR1075141
34049.0,1506553,genus,0.120126,Lachnoclostridium,ERR1075141
34049.0,1257,genus,0.118019,Peptostreptococcus,ERR1075141
34049.0,35832,genus,0.113804,Bilophila,ERR1075141
34049.0,872,genus,0.109589,Desulfovibrio,ERR1075141
34049.0,2701,genus,0.107482,Gardnerella,ERR1075141
34049.0,561,genus,0.0800843,Escherichia,ERR1075141
34049.0,184869,genus,0.0800843,Varibaculum,ERR1075141
34049.0,2093,genus,0.0758693,Mycoplasma,ERR1075141
34049.0,283168,genus,0.0632244,Odoribacter,ERR1075141
34049.0,1654,genus,0.0632244,Actinomyces,ERR1075141
34049.0,168808,genus,0.061117,Sneathia,ERR1075141
34049.0,841,genus,0.0505796,Roseburia,ERR1075141
34049.0,86331,genus,0.0442571,Mogibacterium,ERR1075141
34049.0,1378,genus,0.0400422,Gemella,ERR1075141
34049.0,66831,genus,0.0379347,Facklamia,ERR1075141
34049.0,189330,genus,0.0379347,Dorea,ERR1075141
34049.0,1485,genus,0.0316122,Clostridium,ERR1075141
34049.0,1508657,genus,0.0316122,Ruminiclostridium,ERR1075141
34049.0,33042,genus,0.0316122,Coprococcus,ERR1075141
34049.0,1573535,genus,0.0295047,Holdemanella,ERR1075141
34049.0,577310,genus,0.0295047,Parasutterella,ERR1075141
34049.0,1505663,genus,0.0273973,Erysipelatoclostridium,ERR1075141
34049.0,1279,genus,0.0252898,Staphylococcus,ERR1075141
34049.0,1578,genus,0.0210748,Lactobacillus,ERR1075141
34049.0,46205,genus,0.0210748,Pseudobutyrivibrio,ERR1075141
34049.0,286,genus,0.0210748,Pseudomonas,ERR1075141
34049.0,1386,genus,0.0189673,Bacillus,ERR1075141
34049.0,61170,genus,0.0168599,Holdemania,ERR1075141
34049.0,52784,genus,0.0147524,Anaerofilum,ERR1075141
34049.0,1263,genus,0.0147524,Ruminococcus,ERR1075141
34049.0,2299,genus,0.0126449,Desulfosarcina,ERR1075141
34049.0,497,genus,0.0105374,Psychrobacter,ERR1075141
34049.0,898,genus,0.0105374,Desulfomicrobium,ERR1075141
34049.0,1730,genus,0.0105374,Eubacterium,ERR1075141
34049.0,620,genus,0.00842993,Shigella,ERR1075141
34049.0,397864,genus,0.00842993,Barnesiella,ERR1075141
34049.0,577309,genus,0.00632244,Paraprevotella,ERR1075141
34049.0,724,genus,0.00632244,Haemophilus,ERR1075141
34049.0,180541,genus,0.00632244,Salinisphaera,ERR1075141
34049.0,543311,genus,0.00632244,Parvimonas,ERR1075141
34049.0,1827,genus,0.00632244,Rhodococcus,ERR1075141
34049.0,28453,genus,0.00632244,Sphingobacterium,ERR1075141
34049.0,1678,genus,0.00632244,Bifidobacterium,ERR1075141
34049.0,102106,genus,0.00632244,Collinsella,ERR1075141
34049.0,332248,genus,0.00632244,Truepera,ERR1075141
34049.0,413496,genus,0.00632244,Cronobacter,ERR1075141
34049.0,244127,genus,0.00632244,Anaerotruncus,ERR1075141
34049.0,34037,genus,0.00632244,Rahnella,ERR1075141
34049.0,57665,genus,0.00632244,Sulfurospirillum,ERR1075141
34049.0,265980,genus,0.00632244,Alkalimonas,ERR1075141
34049.0,278993,genus,0.00421496,Thermincola,ERR1075141
34049.0,1236988,genus,0.00421496,Geofilum,ERR1075141
34049.0,1350,genus,0.00421496,Enterococcus,ERR1075141
34049.0,518753,genus,0.00421496,Luteolibacter,ERR1075141
34049.0,39773,genus,0.00421496,Methylomicrobium,ERR1075141
34049.0,1866885,genus,0.00210748,Mycobacterium fortuitum complex,ERR1075141
34049.0,119977,genus,0.00210748,Acidithiobacillus,ERR1075141
34049.0,830,genus,0.00210748,Butyrivibrio,ERR1075141
34049.0,2735,genus,0.00210748,Verrucomicrobium,ERR1075141
34049.0,1408818,genus,0.00210748,Youngiibacter,ERR1075141
34049.0,1279384,genus,0.00210748,Eggerthia,ERR1075141
34049.0,2147,genus,0.00210748,Acholeplasma,ERR1075141
34049.0,1253,genus,0.00210748,Pediococcus,ERR1075141
34049.0,28138,genus,0.00210748,Rikenella,ERR1075141
34049.0,207244,genus,0.00210748,Anaerostipes,ERR1075141
34049.0,48463,genus,0.00210748,Prosthecobacter,ERR1075141
34049.0,44748,genus,0.00210748,Sporobacter,ERR1075141
34049.0,1357,genus,0.00210748,Lactococcus,ERR1075141
34049.0,629,genus,0.00210748,Yersinia,ERR1075141
34049.0,2717,genus,0.00210748,Cardiobacterium,ERR1075141
34049.0,55080,genus,0.00210748,Brevibacillus,ERR1075141
34049.0,202746,genus,0.00210748,Sulfurimonas,ERR1075141
34049.0,40544,genus,0.00210748,Sutterella,ERR1075141
34049.0,37914,genus,0.00210748,Dietzia,ERR1075141
34049.0,1870884,genus,0.00210748,Clostridioides,ERR1075141
34049.0,2742,genus,0.00210748,Marinobacter,ERR1075141
34049.0,29465,genus,0.00210748,Veillonella,ERR1075141
34049.0,265570,genus,0.00210748,Sulfurovum,ERR1075141
34049.0,79206,genus,0.00210748,Desulfosporosinus,ERR1075141
34049.0,59753,genus,0.00210748,Alcanivorax,ERR1075141
34049.0,581,genus,0.00210748,Morganella,ERR1075141
34049.0,469,genus,0.00210748,Acinetobacter,ERR1075141
34049.0,1082702,genus,0.00210748,Lonsdalea,ERR1075141
34049.0,61434,genus,0.00210748,Dehalococcoides,ERR1075141
34049.0,224465,genus,0.00210748,Kofleria,ERR1075141
34049.0,670486,genus,0.00210748,Dehalogenimonas,ERR1075141
34049.0,195950,genus,0.00210748,Tannerella,ERR1075141
34049.0,702,genus,0.00210748,Plesiomonas,ERR1075141
34049.0,32207,genus,0.00210748,Rothia,ERR1075141
34049.0,37817,genus,0.00210748,Desulfuromusa,ERR1075141
34049.0,33986,genus,0.00210748,Exiguobacterium,ERR1075141
34049.0,570,genus,0.00210748,Klebsiella,ERR1075141
34049.0,501783,genus,0.00210748,Cloacibacterium,ERR1075141
34049.0,1471399,genus,0.00210748,Draconibacterium,ERR1075141
34049.0,349,genus,0.00210748,Zoogloea,ERR1075141
34049.0,713,genus,0.00210748,Actinobacillus,ERR1075141
34049.0,118747,genus,0.00210748,Bulleidia,ERR1075141
34049.0,22,genus,0.00210748,Shewanella,ERR1075141
34049.0,2740,genus,0.00210748,Peptococcus,ERR1075141
34049.0,84108,genus,0.00210748,Slackia,ERR1075141
34049.0,2056,genus,0.00210748,Sphaerobacter,ERR1075141
34049.0,133925,genus,0.00210748,Olsenella,ERR1075141
34049.0,157,genus,0.00210748,Treponema,ERR1075141
34049.0,583,genus,0.00210748,Proteus,ERR1075141
34049.0,106633,genus,0.00210748,Thioalkalivibrio,ERR1075141
34049.0,642,genus,0.00210748,Aeromonas,ERR1075141
34049.0,84111,genus,0.00210748,Eggerthella,ERR1075141
34049.0,596499,genus,0.00210748,Nitriliruptor,ERR1075141
34049.0,84034,genus,0.00210748,Propionispira,ERR1075141
34049.0,626,genus,0.00210748,Xenorhabdus,ERR1075141
34049.0,413,genus,0.00210748,Methylococcus,ERR1075141
34049.0,84567,genus,0.00210748,Pedobacter,ERR1075141
34049.0,31983,genus,0.00210748,Helcococcus,ERR1075141
,-1,genus,63.4331,Unknown,ERR1075141
34049.0,816,genus,16.9947,Bacteroides,ERR1075141
34049.0,239934,genus,3.48577,Akkermansia,ERR1075141
34049.0,838,genus,2.99262,Prevotella,ERR1075141
34049.0,904,genus,2.65753,Acidaminococcus,ERR1075141
34049.0,216851,genus,1.84826,Faecalibacterium,ERR1075141
34049.0,165779,genus,0.760801,Anaerococcus,ERR1075141
34049.0,1716,genus,0.657534,Corynebacterium,ERR1075141
34049.0,194,genus,0.644889,Campylobacter,ERR1075141
34049.0,41273,genus,0.573235,Tissierella,ERR1075141
34049.0,1279388,genus,0.547945,Kandleria,ERR1075141
34049.0,375288,genus,0.448894,Parabacteroides,ERR1075141
34049.0,162289,genus,0.440464,Peptoniphilus,ERR1075141
34049.0,836,genus,0.406744,Porphyromonas,ERR1075141
34049.0,239759,genus,0.330875,Alistipes,ERR1075141
34049.0,459786,genus,0.305585,Oscillibacter,ERR1075141
34049.0,39948,genus,0.30137,Dialister,ERR1075141
34049.0,150022,genus,0.263435,Finegoldia,ERR1075141
34049.0,906,genus,0.25079,Megasphaera,ERR1075141
34049.0,1301,genus,0.23393,Streptococcus,ERR1075141
34049.0,848,genus,0.164384,Fusobacterium,ERR1075141
34049.0,590,genus,0.139094,Salmonella,ERR1075141
34049.0,1380,genus,0.126449,Atopobium,ERR1075141
34049.0,572511,genus,0.126449,Blautia,ERR1075141
34049.0,1506553,genus,0.120126,Lachnoclostridium,ERR1075141
34049.0,1257,genus,0.118019,Peptostreptococcus,ERR1075141
34049.0,35832,genus,0.113804,Bilophila,ERR1075141
34049.0,872,genus,0.109589,Desulfovibrio,ERR1075141
34049.0,2701,genus,0.107482,Gardnerella,ERR1075141
34049.0,561,genus,0.0800843,Escherichia,ERR1075141
34049.0,184869,genus,0.0800843,Varibaculum,ERR1075141
34049.0,2093,genus,0.0758693,Mycoplasma,ERR1075141
34049.0,283168,genus,0.0632244,Odoribacter,ERR1075141
34049.0,1654,genus,0.0632244,Actinomyces,ERR1075141
34049.0,168808,genus,0.061117,Sneathia,ERR1075141
34049.0,841,genus,0.0505796,Roseburia,ERR1075141
34049.0,86331,genus,0.0442571,Mogibacterium,ERR1075141
34049.0,1378,genus,0.0400422,Gemella,ERR1075141
34049.0,189330,genus,0.0379347,Dorea,ERR1075141
34049.0,66831,genus,0.0379347,Facklamia,ERR1075141
34049.0,1485,genus,0.0316122,Clostridium,ERR1075141
34049.0,1508657,genus,0.0316122,Ruminiclostridium,ERR1075141
34049.0,33042,genus,0.0316122,Coprococcus,ERR1075141
34049.0,1573535,genus,0.0295047,Holdemanella,ERR1075141
34049.0,577310,genus,0.0295047,Parasutterella,ERR1075141
34049.0,1505663,genus,0.0273973,Erysipelatoclostridium,ERR1075141
34049.0,1279,genus,0.0252898,Staphylococcus,ERR1075141
34049.0,1578,genus,0.0210748,Lactobacillus,ERR1075141
34049.0,46205,genus,0.0210748,Pseudobutyrivibrio,ERR1075141
34049.0,286,genus,0.0210748,Pseudomonas,ERR1075141
34049.0,1386,genus,0.0189673,Bacillus,ERR1075141
34049.0,61170,genus,0.0168599,Holdemania,ERR1075141
34049.0,52784,genus,0.0147524,Anaerofilum,ERR1075141
34049.0,1263,genus,0.0147524,Ruminococcus,ERR1075141
34049.0,2299,genus,0.0126449,Desulfosarcina,ERR1075141
34049.0,497,genus,0.0105374,Psychrobacter,ERR1075141
34049.0,898,genus,0.0105374,Desulfomicrobium,ERR1075141
34049.0,1730,genus,0.0105374,Eubacterium,ERR1075141
34049.0,620,genus,0.00842993,Shigella,ERR1075141
34049.0,397864,genus,0.00842993,Barnesiella,ERR1075141
34049.0,724,genus,0.00632244,Haemophilus,ERR1075141
34049.0,577309,genus,0.00632244,Paraprevotella,ERR1075141
34049.0,180541,genus,0.00632244,Salinisphaera,ERR1075141
34049.0,543311,genus,0.00632244,Parvimonas,ERR1075141
34049.0,28453,genus,0.00632244,Sphingobacterium,ERR1075141
34049.0,1827,genus,0.00632244,Rhodococcus,ERR1075141
34049.0,1678,genus,0.00632244,Bifidobacterium,ERR1075141
34049.0,102106,genus,0.00632244,Collinsella,ERR1075141
34049.0,332248,genus,0.00632244,Truepera,ERR1075141
34049.0,413496,genus,0.00632244,Cronobacter,ERR1075141
34049.0,57665,genus,0.00632244,Sulfurospirillum,ERR1075141
34049.0,244127,genus,0.00632244,Anaerotruncus,ERR1075141
34049.0,34037,genus,0.00632244,Rahnella,ERR1075141
34049.0,265980,genus,0.00632244,Alkalimonas,ERR1075141
34049.0,518753,genus,0.00421496,Luteolibacter,ERR1075141
34049.0,39773,genus,0.00421496,Methylomicrobium,ERR1075141
34049.0,278993,genus,0.00421496,Thermincola,ERR1075141
34049.0,1236988,genus,0.00421496,Geofilum,ERR1075141
34049.0,1350,genus,0.00421496,Enterococcus,ERR1075141
34049.0,642,genus,0.00210748,Aeromonas,ERR1075141
34049.0,84111,genus,0.00210748,Eggerthella,ERR1075141
34049.0,596499,genus,0.00210748,Nitriliruptor,ERR1075141
34049.0,157,genus,0.00210748,Treponema,ERR1075141
34049.0,583,genus,0.00210748,Proteus,ERR1075141
34049.0,106633,genus,0.00210748,Thioalkalivibrio,ERR1075141
34049.0,413,genus,0.00210748,Methylococcus,ERR1075141
34049.0,84567,genus,0.00210748,Pedobacter,ERR1075141
34049.0,31983,genus,0.00210748,Helcococcus,ERR1075141
34049.0,84034,genus,0.00210748,Propionispira,ERR1075141
34049.0,626,genus,0.00210748,Xenorhabdus,ERR1075141
34049.0,2735,genus,0.00210748,Verrucomicrobium,ERR1075141
34049.0,1866885,genus,0.00210748,Mycobacterium fortuitum complex,ERR1075141
34049.0,119977,genus,0.00210748,Acidithiobacillus,ERR1075141
34049.0,830,genus,0.00210748,Butyrivibrio,ERR1075141
34049.0,1408818,genus,0.00210748,Youngiibacter,ERR1075141
34049.0,1279384,genus,0.00210748,Eggerthia,ERR1075141
34049.0,1253,genus,0.00210748,Pediococcus,ERR1075141
34049.0,28138,genus,0.00210748,Rikenella,ERR1075141
34049.0,2147,genus,0.00210748,Acholeplasma,ERR1075141
34049.0,207244,genus,0.00210748,Anaerostipes,ERR1075141
34049.0,48463,genus,0.00210748,Prosthecobacter,ERR1075141
34049.0,629,genus,0.00210748,Yersinia,ERR1075141
34049.0,44748,genus,0.00210748,Sporobacter,ERR1075141
34049.0,1357,genus,0.00210748,Lactococcus,ERR1075141
34049.0,37914,genus,0.00210748,Dietzia,ERR1075141
34049.0,2717,genus,0.00210748,Cardiobacterium,ERR1075141
34049.0,55080,genus,0.00210748,Brevibacillus,ERR1075141
34049.0,202746,genus,0.00210748,Sulfurimonas,ERR1075141
34049.0,40544,genus,0.00210748,Sutterella,ERR1075141
34049.0,265570,genus,0.00210748,Sulfurovum,ERR1075141
34049.0,1870884,genus,0.00210748,Clostridioides,ERR1075141
34049.0,2742,genus,0.00210748,Marinobacter,ERR1075141
34049.0,29465,genus,0.00210748,Veillonella,ERR1075141
34049.0,79206,genus,0.00210748,Desulfosporosinus,ERR1075141
34049.0,59753,genus,0.00210748,Alcanivorax,ERR1075141
34049.0,61434,genus,0.00210748,Dehalococcoides,ERR1075141
34049.0,581,genus,0.00210748,Morganella,ERR1075141
34049.0,469,genus,0.00210748,Acinetobacter,ERR1075141
34049.0,1082702,genus,0.00210748,Lonsdalea,ERR1075141
34049.0,195950,genus,0.00210748,Tannerella,ERR1075141
34049.0,224465,genus,0.00210748,Kofleria,ERR1075141
34049.0,670486,genus,0.00210748,Dehalogenimonas,ERR1075141
34049.0,702,genus,0.00210748,Plesiomonas,ERR1075141
34049.0,32207,genus,0.00210748,Rothia,ERR1075141
34049.0,570,genus,0.00210748,Klebsiella,ERR1075141
34049.0,501783,genus,0.00210748,Cloacibacterium,ERR1075141
34049.0,1471399,genus,0.00210748,Draconibacterium,ERR1075141
34049.0,37817,genus,0.00210748,Desulfuromusa,ERR1075141
34049.0,33986,genus,0.00210748,Exiguobacterium,ERR1075141
34049.0,349,genus,0.00210748,Zoogloea,ERR1075141
34049.0,713,genus,0.00210748,Actinobacillus,ERR1075141
34049.0,118747,genus,0.00210748,Bulleidia,ERR1075141
34049.0,2056,genus,0.00210748,Sphaerobacter,ERR1075141
34049.0,133925,genus,0.00210748,Olsenella,ERR1075141
34049.0,22,genus,0.00210748,Shewanella,ERR1075141
34049.0,2740,genus,0.00210748,Peptococcus,ERR1075141
34049.0,84108,genus,0.00210748,Slackia,ERR1075141
,-1,genus,63.4331,Unknown,ERR1075141
34049.0,816,genus,16.9947,Bacteroides,ERR1075141
34049.0,239934,genus,3.48577,Akkermansia,ERR1075141
34049.0,838,genus,2.99262,Prevotella,ERR1075141
34049.0,904,genus,2.65753,Acidaminococcus,ERR1075141
34049.0,216851,genus,1.84826,Faecalibacterium,ERR1075141
34049.0,165779,genus,0.760801,Anaerococcus,ERR1075141
34049.0,1716,genus,0.657534,Corynebacterium,ERR1075141
34049.0,194,genus,0.644889,Campylobacter,ERR1075141
34049.0,41273,genus,0.573235,Tissierella,ERR1075141
34049.0,1279388,genus,0.547945,Kandleria,ERR1075141
34049.0,375288,genus,0.448894,Parabacteroides,ERR1075141
34049.0,162289,genus,0.440464,Peptoniphilus,ERR1075141
34049.0,836,genus,0.406744,Porphyromonas,ERR1075141
34049.0,239759,genus,0.330875,Alistipes,ERR1075141
34049.0,459786,genus,0.305585,Oscillibacter,ERR1075141
34049.0,39948,genus,0.30137,Dialister,ERR1075141
34049.0,150022,genus,0.263435,Finegoldia,ERR1075141
34049.0,906,genus,0.25079,Megasphaera,ERR1075141
34049.0,1301,genus,0.23393,Streptococcus,ERR1075141
34049.0,848,genus,0.164384,Fusobacterium,ERR1075141
34049.0,590,genus,0.139094,Salmonella,ERR1075141
34049.0,1380,genus,0.126449,Atopobium,ERR1075141
34049.0,572511,genus,0.126449,Blautia,ERR1075141
34049.0,1506553,genus,0.120126,Lachnoclostridium,ERR1075141
34049.0,1257,genus,0.118019,Peptostreptococcus,ERR1075141
34049.0,35832,genus,0.113804,Bilophila,ERR1075141
34049.0,872,genus,0.109589,Desulfovibrio,ERR1075141
34049.0,2701,genus,0.107482,Gardnerella,ERR1075141
34049.0,561,genus,0.0800843,Escherichia,ERR1075141
34049.0,184869,genus,0.0800843,Varibaculum,ERR1075141
34049.0,2093,genus,0.0758693,Mycoplasma,ERR1075141
34049.0,283168,genus,0.0632244,Odoribacter,ERR1075141
34049.0,1654,genus,0.0632244,Actinomyces,ERR1075141
34049.0,168808,genus,0.061117,Sneathia,ERR1075141
34049.0,841,genus,0.0505796,Roseburia,ERR1075141
34049.0,86331,genus,0.0442571,Mogibacterium,ERR1075141
34049.0,1378,genus,0.0400422,Gemella,ERR1075141
34049.0,189330,genus,0.0379347,Dorea,ERR1075141
34049.0,66831,genus,0.0379347,Facklamia,ERR1075141
34049.0,1485,genus,0.0316122,Clostridium,ERR1075141
34049.0,1508657,genus,0.0316122,Ruminiclostridium,ERR1075141
34049.0,33042,genus,0.0316122,Coprococcus,ERR1075141
34049.0,1573535,genus,0.0295047,Holdemanella,ERR1075141
34049.0,577310,genus,0.0295047,Parasutterella,ERR1075141
34049.0,1505663,genus,0.0273973,Erysipelatoclostridium,ERR1075141
34049.0,1279,genus,0.0252898,Staphylococcus,ERR1075141
34049.0,1578,genus,0.0210748,Lactobacillus,ERR1075141
34049.0,46205,genus,0.0210748,Pseudobutyrivibrio,ERR1075141
34049.0,286,genus,0.0210748,Pseudomonas,ERR1075141
34049.0,1386,genus,0.0189673,Bacillus,ERR1075141
34049.0,61170,genus,0.0168599,Holdemania,ERR1075141
34049.0,52784,genus,0.0147524,Anaerofilum,ERR1075141
34049.0,1263,genus,0.0147524,Ruminococcus,ERR1075141
34049.0,2299,genus,0.0126449,Desulfosarcina,ERR1075141
34049.0,497,genus,0.0105374,Psychrobacter,ERR1075141
34049.0,898,genus,0.0105374,Desulfomicrobium,ERR1075141
34049.0,1730,genus,0.0105374,Eubacterium,ERR1075141
34049.0,620,genus,0.00842993,Shigella,ERR1075141
34049.0,397864,genus,0.00842993,Barnesiella,ERR1075141
34049.0,57665,genus,0.00632244,Sulfurospirillum,ERR1075141
34049.0,244127,genus,0.00632244,Anaerotruncus,ERR1075141
34049.0,34037,genus,0.00632244,Rahnella,ERR1075141
34049.0,265980,genus,0.00632244,Alkalimonas,ERR1075141
34049.0,724,genus,0.00632244,Haemophilus,ERR1075141
34049.0,577309,genus,0.00632244,Paraprevotella,ERR1075141
34049.0,180541,genus,0.00632244,Salinisphaera,ERR1075141
34049.0,543311,genus,0.00632244,Parvimonas,ERR1075141
34049.0,28453,genus,0.00632244,Sphingobacterium,ERR1075141
34049.0,1827,genus,0.00632244,Rhodococcus,ERR1075141
34049.0,1678,genus,0.00632244,Bifidobacterium,ERR1075141
34049.0,102106,genus,0.00632244,Collinsella,ERR1075141
34049.0,332248,genus,0.00632244,Truepera,ERR1075141
34049.0,413496,genus,0.00632244,Cronobacter,ERR1075141
34049.0,518753,genus,0.00421496,Luteolibacter,ERR1075141
34049.0,39773,genus,0.00421496,Methylomicrobium,ERR1075141
34049.0,278993,genus,0.00421496,Thermincola,ERR1075141
34049.0,1236988,genus,0.00421496,Geofilum,ERR1075141
34049.0,1350,genus,0.00421496,Enterococcus,ERR1075141
34049.0,349,genus,0.00210748,Zoogloea,ERR1075141
34049.0,713,genus,0.00210748,Actinobacillus,ERR1075141
34049.0,118747,genus,0.00210748,Bulleidia,ERR1075141
34049.0,2056,genus,0.00210748,Sphaerobacter,ERR1075141
34049.0,133925,genus,0.00210748,Olsenella,ERR1075141
34049.0,22,genus,0.00210748,Shewanella,ERR1075141
34049.0,2740,genus,0.00210748,Peptococcus,ERR1075141
34049.0,84108,genus,0.00210748,Slackia,ERR1075141
34049.0,642,genus,0.00210748,Aeromonas,ERR1075141
34049.0,84111,genus,0.00210748,Eggerthella,ERR1075141
34049.0,596499,genus,0.00210748,Nitriliruptor,ERR1075141
34049.0,157,genus,0.00210748,Treponema,ERR1075141
34049.0,583,genus,0.00210748,Proteus,ERR1075141
34049.0,106633,genus,0.00210748,Thioalkalivibrio,ERR1075141
34049.0,413,genus,0.00210748,Methylococcus,ERR1075141
34049.0,84567,genus,0.00210748,Pedobacter,ERR1075141
34049.0,31983,genus,0.00210748,Helcococcus,ERR1075141
34049.0,84034,genus,0.00210748,Propionispira,ERR1075141
34049.0,626,genus,0.00210748,Xenorhabdus,ERR1075141
34049.0,2735,genus,0.00210748,Verrucomicrobium,ERR1075141
34049.0,1866885,genus,0.00210748,Mycobacterium fortuitum complex,ERR1075141
34049.0,119977,genus,0.00210748,Acidithiobacillus,ERR1075141
34049.0,830,genus,0.00210748,Butyrivibrio,ERR1075141
34049.0,1408818,genus,0.00210748,Youngiibacter,ERR1075141
34049.0,1279384,genus,0.00210748,Eggerthia,ERR1075141
34049.0,1253,genus,0.00210748,Pediococcus,ERR1075141
34049.0,28138,genus,0.00210748,Rikenella,ERR1075141
34049.0,2147,genus,0.00210748,Acholeplasma,ERR1075141
34049.0,207244,genus,0.00210748,Anaerostipes,ERR1075141
34049.0,48463,genus,0.00210748,Prosthecobacter,ERR1075141
34049.0,629,genus,0.00210748,Yersinia,ERR1075141
34049.0,44748,genus,0.00210748,Sporobacter,ERR1075141
34049.0,1357,genus,0.00210748,Lactococcus,ERR1075141
34049.0,37914,genus,0.00210748,Dietzia,ERR1075141
34049.0,2717,genus,0.00210748,Cardiobacterium,ERR1075141
34049.0,55080,genus,0.00210748,Brevibacillus,ERR1075141
34049.0,202746,genus,0.00210748,Sulfurimonas,ERR1075141
34049.0,40544,genus,0.00210748,Sutterella,ERR1075141
34049.0,265570,genus,0.00210748,Sulfurovum,ERR1075141
34049.0,1870884,genus,0.00210748,Clostridioides,ERR1075141
34049.0,2742,genus,0.00210748,Marinobacter,ERR1075141
34049.0,29465,genus,0.00210748,Veillonella,ERR1075141
34049.0,79206,genus,0.00210748,Desulfosporosinus,ERR1075141
34049.0,59753,genus,0.00210748,Alcanivorax,ERR1075141
34049.0,61434,genus,0.00210748,Dehalococcoides,ERR1075141
34049.0,581,genus,0.00210748,Morganella,ERR1075141
34049.0,469,genus,0.00210748,Acinetobacter,ERR1075141
34049.0,1082702,genus,0.00210748,Lonsdalea,ERR1075141
34049.0,195950,genus,0.00210748,Tannerella,ERR1075141
34049.0,224465,genus,0.00210748,Kofleria,ERR1075141
34049.0,670486,genus,0.00210748,Dehalogenimonas,ERR1075141
34049.0,702,genus,0.00210748,Plesiomonas,ERR1075141
34049.0,32207,genus,0.00210748,Rothia,ERR1075141
34049.0,570,genus,0.00210748,Klebsiella,ERR1075141
34049.0,501783,genus,0.00210748,Cloacibacterium,ERR1075141
34049.0,1471399,genus,0.00210748,Draconibacterium,ERR1075141
34049.0,37817,genus,0.00210748,Desulfuromusa,ERR1075141
34049.0,33986,genus,0.00210748,Exiguobacterium,ERR1075141
,-1,genus,63.4331,Unknown,ERR1075141
46551.0,1578,genus,0.781337,Lactobacillus,ERR1089918
46551.0,1301,genus,0.681592,Streptococcus,ERR1089918
46551.0,590,genus,0.548598,Salmonella,ERR1089918
46551.0,1350,genus,0.504267,Enterococcus,ERR1089918
46551.0,1678,genus,0.265987,Bifidobacterium,ERR1089918
46551.0,816,genus,0.193949,Bacteroides,ERR1089918
46551.0,906,genus,0.177325,Megasphaera,ERR1089918
46551.0,216851,genus,0.110828,Faecalibacterium,ERR1089918
46551.0,572511,genus,0.0609553,Blautia,ERR1089918
46551.0,239934,genus,0.0554139,Akkermansia,ERR1089918
46551.0,1505663,genus,0.0498725,Erysipelatoclostridium,ERR1089918
46551.0,872,genus,0.0498725,Desulfovibrio,ERR1089918
46551.0,561,genus,0.0443312,Escherichia,ERR1089918
46551.0,898,genus,0.0443312,Desulfomicrobium,ERR1089918
46551.0,469,genus,0.0387898,Acinetobacter,ERR1089918
46551.0,1263,genus,0.0332484,Ruminococcus,ERR1089918
46551.0,1866885,genus,0.0332484,Mycobacterium fortuitum complex,ERR1089918
46551.0,286,genus,0.0332484,Pseudomonas,ERR1089918
46551.0,1386,genus,0.0332484,Bacillus,ERR1089918
46551.0,375288,genus,0.0221656,Parabacteroides,ERR1089918
46551.0,904,genus,0.0221656,Acidaminococcus,ERR1089918
46551.0,642,genus,0.0166242,Aeromonas,ERR1089918
46551.0,2747,genus,0.0166242,Carnobacterium,ERR1089918
46551.0,1506553,genus,0.0166242,Lachnoclostridium,ERR1089918
46551.0,239759,genus,0.0166242,Alistipes,ERR1089918
46551.0,150022,genus,0.0110828,Finegoldia,ERR1089918
46551.0,570,genus,0.0110828,Klebsiella,ERR1089918
46551.0,84111,genus,0.0110828,Eggerthella,ERR1089918
46551.0,2299,genus,0.0110828,Desulfosarcina,ERR1089918
46551.0,841,genus,0.0110828,Roseburia,ERR1089918
46551.0,459786,genus,0.0110828,Oscillibacter,ERR1089918
46551.0,626,genus,0.0110828,Xenorhabdus,ERR1089918
46551.0,28231,genus,0.0110828,Geobacter,ERR1089918
46551.0,702,genus,0.0110828,Plesiomonas,ERR1089918
46551.0,180541,genus,0.0110828,Salinisphaera,ERR1089918
46551.0,1505657,genus,0.00554139,Intestinibacter,ERR1089918
46551.0,58050,genus,0.00554139,Moritella,ERR1089918
46551.0,79598,genus,0.00554139,Heliorestis,ERR1089918
46551.0,413496,genus,0.00554139,Cronobacter,ERR1089918
46551.0,657,genus,0.00554139,Photobacterium,ERR1089918
46551.0,13687,genus,0.00554139,Sphingomonas,ERR1089918
46551.0,547,genus,0.00554139,Enterobacter,ERR1089918
46551.0,265980,genus,0.00554139,Alkalimonas,ERR1089918
46551.0,106633,genus,0.00554139,Thioalkalivibrio,ERR1089918
46551.0,1357,genus,0.00554139,Lactococcus,ERR1089918
46551.0,1730,genus,0.00554139,Eubacterium,ERR1089918
46551.0,233189,genus,0.00554139,Anaerolinea,ERR1089918
46551.0,233191,genus,0.00554139,Caldilinea,ERR1089918
46551.0,1380,genus,0.00554139,Atopobium,ERR1089918
46551.0,1279,genus,0.00554139,Staphylococcus,ERR1089918
46551.0,1253,genus,0.00554139,Pediococcus,ERR1089918
46551.0,586,genus,0.00554139,Providencia,ERR1089918
46551.0,59753,genus,0.00554139,Alcanivorax,ERR1089918
46551.0,1716,genus,0.00554139,Corynebacterium,ERR1089918
,-1,genus,95.9326,Unknown,ERR1089918
46551.0,1578,genus,0.781337,Lactobacillus,ERR1089918
46551.0,1301,genus,0.681592,Streptococcus,ERR1089918
46551.0,590,genus,0.548598,Salmonella,ERR1089918
46551.0,1350,genus,0.504267,Enterococcus,ERR1089918
46551.0,1678,genus,0.265987,Bifidobacterium,ERR1089918
46551.0,816,genus,0.193949,Bacteroides,ERR1089918
46551.0,906,genus,0.177325,Megasphaera,ERR1089918
46551.0,216851,genus,0.110828,Faecalibacterium,ERR1089918
46551.0,572511,genus,0.0609553,Blautia,ERR1089918
46551.0,239934,genus,0.0554139,Akkermansia,ERR1089918
46551.0,1505663,genus,0.0498725,Erysipelatoclostridium,ERR1089918
46551.0,872,genus,0.0498725,Desulfovibrio,ERR1089918
46551.0,561,genus,0.0443312,Escherichia,ERR1089918
46551.0,898,genus,0.0443312,Desulfomicrobium,ERR1089918
46551.0,469,genus,0.0387898,Acinetobacter,ERR1089918
46551.0,1866885,genus,0.0332484,Mycobacterium fortuitum complex,ERR1089918
46551.0,286,genus,0.0332484,Pseudomonas,ERR1089918
46551.0,1386,genus,0.0332484,Bacillus,ERR1089918
46551.0,1263,genus,0.0332484,Ruminococcus,ERR1089918
46551.0,375288,genus,0.0221656,Parabacteroides,ERR1089918
46551.0,904,genus,0.0221656,Acidaminococcus,ERR1089918
46551.0,2747,genus,0.0166242,Carnobacterium,ERR1089918
46551.0,1506553,genus,0.0166242,Lachnoclostridium,ERR1089918
46551.0,239759,genus,0.0166242,Alistipes,ERR1089918
46551.0,642,genus,0.0166242,Aeromonas,ERR1089918
46551.0,84111,genus,0.0110828,Eggerthella,ERR1089918
46551.0,2299,genus,0.0110828,Desulfosarcina,ERR1089918
46551.0,841,genus,0.0110828,Roseburia,ERR1089918
46551.0,459786,genus,0.0110828,Oscillibacter,ERR1089918
46551.0,28231,genus,0.0110828,Geobacter,ERR1089918
46551.0,626,genus,0.0110828,Xenorhabdus,ERR1089918
46551.0,702,genus,0.0110828,Plesiomonas,ERR1089918
46551.0,180541,genus,0.0110828,Salinisphaera,ERR1089918
46551.0,150022,genus,0.0110828,Finegoldia,ERR1089918
46551.0,570,genus,0.0110828,Klebsiella,ERR1089918
46551.0,265980,genus,0.00554139,Alkalimonas,ERR1089918
46551.0,13687,genus,0.00554139,Sphingomonas,ERR1089918
46551.0,547,genus,0.00554139,Enterobacter,ERR1089918
46551.0,106633,genus,0.00554139,Thioalkalivibrio,ERR1089918
46551.0,1357,genus,0.00554139,Lactococcus,ERR1089918
46551.0,1730,genus,0.00554139,Eubacterium,ERR1089918
46551.0,233191,genus,0.00554139,Caldilinea,ERR1089918
46551.0,233189,genus,0.00554139,Anaerolinea,ERR1089918
46551.0,1380,genus,0.00554139,Atopobium,ERR1089918
46551.0,586,genus,0.00554139,Providencia,ERR1089918
46551.0,1279,genus,0.00554139,Staphylococcus,ERR1089918
46551.0,1253,genus,0.00554139,Pediococcus,ERR1089918
46551.0,1716,genus,0.00554139,Corynebacterium,ERR1089918
46551.0,59753,genus,0.00554139,Alcanivorax,ERR1089918
46551.0,1505657,genus,0.00554139,Intestinibacter,ERR1089918
46551.0,58050,genus,0.00554139,Moritella,ERR1089918
46551.0,79598,genus,0.00554139,Heliorestis,ERR1089918
46551.0,413496,genus,0.00554139,Cronobacter,ERR1089918
46551.0,657,genus,0.00554139,Photobacterium,ERR1089918
,-1,genus,95.9326,Unknown,ERR1089918
36444.0,838,genus,59.6091,Prevotella,ERR1089933
36444.0,216851,genus,15.3137,Faecalibacterium,ERR1089933
36444.0,841,genus,1.85811,Roseburia,ERR1089933
36444.0,577309,genus,1.80019,Paraprevotella,ERR1089933
36444.0,1730,genus,1.73745,Eubacterium,ERR1089933
36444.0,1573535,genus,1.44305,Holdemanella,ERR1089933
36444.0,1506553,genus,0.801158,Lachnoclostridium,ERR1089933
36444.0,572511,genus,0.612934,Blautia,ERR1089933
36444.0,1279388,genus,0.521236,Kandleria,ERR1089933
36444.0,459786,genus,0.497104,Oscillibacter,ERR1089933
36444.0,816,genus,0.246139,Bacteroides,ERR1089933
36444.0,1386,genus,0.173745,Bacillus,ERR1089933
36444.0,1485,genus,0.15444,Clostridium,ERR1089933
36444.0,904,genus,0.120656,Acidaminococcus,ERR1089933
36444.0,830,genus,0.11583,Butyrivibrio,ERR1089933
36444.0,44249,genus,0.0916988,Paenibacillus,ERR1089933
36444.0,189330,genus,0.0579151,Dorea,ERR1089933
36444.0,375288,genus,0.0579151,Parabacteroides,ERR1089933
36444.0,118747,genus,0.0530888,Bulleidia,ERR1089933
36444.0,39948,genus,0.0530888,Dialister,ERR1089933
36444.0,1716,genus,0.0482625,Corynebacterium,ERR1089933
36444.0,1508657,genus,0.0482625,Ruminiclostridium,ERR1089933
36444.0,146813,genus,0.0482625,Dendrosporobacter,ERR1089933
36444.0,44748,genus,0.0434363,Sporobacter,ERR1089933
36444.0,1505657,genus,0.03861,Intestinibacter,ERR1089933
36444.0,244127,genus,0.0337838,Anaerotruncus,ERR1089933
36444.0,1301,genus,0.0289575,Streptococcus,ERR1089933
36444.0,52225,genus,0.0241313,Mitsuokella,ERR1089933
36444.0,270497,genus,0.0241313,Catabacter,ERR1089933
36444.0,46205,genus,0.019305,Pseudobutyrivibrio,ERR1089933
36444.0,1291539,genus,0.019305,Candidatus Methanomethylophilus,ERR1089933
36444.0,239759,genus,0.019305,Alistipes,ERR1089933
36444.0,84108,genus,0.0144788,Slackia,ERR1089933
36444.0,207244,genus,0.0144788,Anaerostipes,ERR1089933
36444.0,118966,genus,0.0144788,Anaerorhabdus,ERR1089933
36444.0,29521,genus,0.0144788,Brachyspira,ERR1089933
36444.0,1263,genus,0.00965251,Ruminococcus,ERR1089933
36444.0,2740,genus,0.00965251,Peptococcus,ERR1089933
36444.0,1678,genus,0.00965251,Bifidobacterium,ERR1089933
36444.0,33042,genus,0.00965251,Coprococcus,ERR1089933
36444.0,397864,genus,0.00965251,Barnesiella,ERR1089933
36444.0,133925,genus,0.00965251,Olsenella,ERR1089933
36444.0,52784,genus,0.00482625,Anaerofilum,ERR1089933
36444.0,84111,genus,0.00482625,Eggerthella,ERR1089933
36444.0,670486,genus,0.00482625,Dehalogenimonas,ERR1089933
36444.0,283168,genus,0.00482625,Odoribacter,ERR1089933
36444.0,29465,genus,0.00482625,Veillonella,ERR1089933
36444.0,182709,genus,0.00482625,Oceanobacillus,ERR1089933
36444.0,61434,genus,0.00482625,Dehalococcoides,ERR1089933
36444.0,286,genus,0.00482625,Pseudomonas,ERR1089933
36444.0,2375,genus,0.00482625,Sporomusa,ERR1089933
36444.0,1023,genus,0.00482625,Microscilla,ERR1089933
36444.0,1279,genus,0.00482625,Staphylococcus,ERR1089933
36444.0,66831,genus,0.00482625,Facklamia,ERR1089933
36444.0,102106,genus,0.00482625,Collinsella,ERR1089933
36444.0,724,genus,0.00482625,Haemophilus,ERR1089933
36444.0,1506577,genus,0.00482625,Tyzzerella,ERR1089933
36444.0,233191,genus,0.00482625,Caldilinea,ERR1089933
36444.0,32207,genus,0.00482625,Rothia,ERR1089933
36444.0,267986,genus,0.00482625,Owenweeksia,ERR1089933
36444.0,46255,genus,0.00482625,Weissella,ERR1089933
36444.0,1578,genus,0.00482625,Lactobacillus,ERR1089933
,-1,genus,13.8224,Unknown,ERR1089933
46611.0,286,genus,45.9834,Pseudomonas,ERR1089984
46611.0,216851,genus,5.00855,Faecalibacterium,ERR1089984
46611.0,375288,genus,2.17312,Parabacteroides,ERR1089984
46611.0,816,genus,1.63899,Bacteroides,ERR1089984
46611.0,1678,genus,1.17202,Bifidobacterium,ERR1089984
46611.0,1505663,genus,0.784397,Erysipelatoclostridium,ERR1089984
46611.0,1730,genus,0.537175,Eubacterium,ERR1089984
46611.0,44249,genus,0.528019,Paenibacillus,ERR1089984
46611.0,39948,genus,0.497497,Dialister,ERR1089984
46611.0,572511,genus,0.482237,Blautia,ERR1089984
46611.0,1508657,genus,0.451715,Ruminiclostridium,ERR1089984
46611.0,57493,genus,0.338786,Kocuria,ERR1089984
46611.0,1350,genus,0.317422,Enterococcus,ERR1089984
46611.0,1263,genus,0.256379,Ruminococcus,ERR1089984
46611.0,459786,genus,0.256379,Oscillibacter,ERR1089984
46611.0,1301,genus,0.235014,Streptococcus,ERR1089984
46611.0,1505657,genus,0.219753,Intestinibacter,ERR1089984
46611.0,590,genus,0.183128,Salmonella,ERR1089984
46611.0,1485,genus,0.177024,Clostridium,ERR1089984
46611.0,1506553,genus,0.173971,Lachnoclostridium,ERR1089984
46611.0,265980,genus,0.137346,Alkalimonas,ERR1089984
46611.0,397864,genus,0.109877,Barnesiella,ERR1089984
46611.0,239759,genus,0.0793554,Alistipes,ERR1089984
46611.0,1357,genus,0.0763033,Lactococcus,ERR1089984
46611.0,84111,genus,0.0763033,Eggerthella,ERR1089984
46611.0,207244,genus,0.0549383,Anaerostipes,ERR1089984
46611.0,1578,genus,0.0488341,Lactobacillus,ERR1089984
46611.0,44748,genus,0.0488341,Sporobacter,ERR1089984
46611.0,1386,genus,0.0396777,Bacillus,ERR1089984
46611.0,239934,genus,0.0396777,Akkermansia,ERR1089984
46611.0,1716,genus,0.0366256,Corynebacterium,ERR1089984
46611.0,841,genus,0.0305213,Roseburia,ERR1089984
46611.0,469,genus,0.0305213,Acinetobacter,ERR1089984
46611.0,497,genus,0.0305213,Psychrobacter,ERR1089984
46611.0,33042,genus,0.0274692,Coprococcus,ERR1089984
46611.0,1827,genus,0.024417,Rhodococcus,ERR1089984
46611.0,898,genus,0.0213649,Desulfomicrobium,ERR1089984
46611.0,577310,genus,0.0213649,Parasutterella,ERR1089984
46611.0,872,genus,0.0183128,Desulfovibrio,ERR1089984
46611.0,61170,genus,0.0152607,Holdemania,ERR1089984
46611.0,244127,genus,0.0152607,Anaerotruncus,ERR1089984
46611.0,61434,genus,0.0152607,Dehalococcoides,ERR1089984
46611.0,561,genus,0.0152607,Escherichia,ERR1089984
46611.0,52784,genus,0.0152607,Anaerofilum,ERR1089984
46611.0,233191,genus,0.0152607,Caldilinea,ERR1089984
46611.0,32207,genus,0.0152607,Rothia,ERR1089984
46611.0,475,genus,0.0152607,Moraxella,ERR1089984
46611.0,2299,genus,0.0152607,Desulfosarcina,ERR1089984
46611.0,53335,genus,0.0152607,Pantoea,ERR1089984
46611.0,1375,genus,0.0122085,Aerococcus,ERR1089984
46611.0,1471399,genus,0.0122085,Draconibacterium,ERR1089984
46611.0,445,genus,0.00915639,Legionella,ERR1089984
46611.0,2745,genus,0.00915639,Halomonas,ERR1089984
46611.0,644652,genus,0.00915639,Gordonibacter,ERR1089984
46611.0,28253,genus,0.00915639,Marinomonas,ERR1089984
46611.0,233189,genus,0.00915639,Anaerolinea,ERR1089984
46611.0,1654,genus,0.00915639,Actinomyces,ERR1089984
46611.0,35832,genus,0.00610426,Bilophila,ERR1089984
46611.0,2747,genus,0.00610426,Carnobacterium,ERR1089984
46611.0,1645,genus,0.00610426,Renibacterium,ERR1089984
46611.0,1253,genus,0.00610426,Pediococcus,ERR1089984
46611.0,990721,genus,0.00610426,Christensenella,ERR1089984
46611.0,189330,genus,0.00610426,Dorea,ERR1089984
46611.0,46239,genus,0.00610426,Mesoplasma,ERR1089984
46611.0,102106,genus,0.00610426,Collinsella,ERR1089984
46611.0,1663,genus,0.00610426,Arthrobacter,ERR1089984
46611.0,724,genus,0.00610426,Haemophilus,ERR1089984
46611.0,332248,genus,0.00610426,Truepera,ERR1089984
46611.0,34037,genus,0.00610426,Rahnella,ERR1089984
46611.0,642,genus,0.00610426,Aeromonas,ERR1089984
46611.0,588605,genus,0.00610426,Robinsoniella,ERR1089984
46611.0,1279,genus,0.00610426,Staphylococcus,ERR1089984
46611.0,998014,genus,0.00610426,Cocleimonas,ERR1089984
46611.0,581,genus,0.00610426,Morganella,ERR1089984
46611.0,1573534,genus,0.00305213,Faecalitalea,ERR1089984
46611.0,629,genus,0.00305213,Yersinia,ERR1089984
46611.0,33001,genus,0.00305213,Desulfurella,ERR1089984
46611.0,37914,genus,0.00305213,Dietzia,ERR1089984
46611.0,2735,genus,0.00305213,Verrucomicrobium,ERR1089984
46611.0,1506577,genus,0.00305213,Tyzzerella,ERR1089984
46611.0,118966,genus,0.00305213,Anaerorhabdus,ERR1089984
46611.0,13075,genus,0.00305213,Globicatella,ERR1089984
46611.0,265570,genus,0.00305213,Sulfurovum,ERR1089984
46611.0,2086,genus,0.00305213,Anaeroplasma,ERR1089984
46611.0,83681,genus,0.00305213,Nonomuraea,ERR1089984
46611.0,586,genus,0.00305213,Providencia,ERR1089984
46611.0,79328,genus,0.00305213,Chitinophaga,ERR1089984
46611.0,40222,genus,0.00305213,Methylophaga,ERR1089984
46611.0,1017280,genus,0.00305213,Pseudoflavonifractor,ERR1089984
46611.0,131079,genus,0.00305213,Limnobacter,ERR1089984
46611.0,29465,genus,0.00305213,Veillonella,ERR1089984
46611.0,172900,genus,0.00305213,Victivallis,ERR1089984
46611.0,226,genus,0.00305213,Alteromonas,ERR1089984
46611.0,1380,genus,0.00305213,Atopobium,ERR1089984
46611.0,838,genus,0.00305213,Prevotella,ERR1089984
46611.0,437504,genus,0.00305213,Granulosicoccus,ERR1089984
46611.0,836,genus,0.00305213,Porphyromonas,ERR1089984
46611.0,18,genus,0.00305213,Pelobacter,ERR1089984
46611.0,79206,genus,0.00305213,Desulfosporosinus,ERR1089984
46611.0,2742,genus,0.00305213,Marinobacter,ERR1089984
46611.0,508459,genus,0.00305213,Cloacibacillus,ERR1089984
46611.0,2295,genus,0.00305213,Desulfobacterium,ERR1089984
46611.0,114627,genus,0.00305213,Alkaliphilus,ERR1089984
46611.0,57494,genus,0.00305213,Nesterenkonia,ERR1089984
46611.0,914,genus,0.00305213,Nitrosomonas,ERR1089984
46611.0,511434,genus,0.00305213,Candidatus Azobacteroides,ERR1089984
46611.0,100883,genus,0.00305213,Coprobacillus,ERR1089984
46611.0,264995,genus,0.00305213,Anaerofustis,ERR1089984
46611.0,118747,genus,0.00305213,Bulleidia,ERR1089984
46611.0,46255,genus,0.00305213,Weissella,ERR1089984
46611.0,620,genus,0.00305213,Shigella,ERR1089984
46611.0,795750,genus,0.00305213,Ignavibacterium,ERR1089984
46611.0,1573535,genus,0.00305213,Holdemanella,ERR1089984
46611.0,28138,genus,0.00305213,Rikenella,ERR1089984
,-1,genus,36.7019,Unknown,ERR1089984
46611.0,286,genus,45.9834,Pseudomonas,ERR1089984
46611.0,216851,genus,5.00855,Faecalibacterium,ERR1089984
46611.0,375288,genus,2.17312,Parabacteroides,ERR1089984
46611.0,816,genus,1.63899,Bacteroides,ERR1089984
46611.0,1678,genus,1.17202,Bifidobacterium,ERR1089984
46611.0,1505663,genus,0.784397,Erysipelatoclostridium,ERR1089984
46611.0,1730,genus,0.537175,Eubacterium,ERR1089984
46611.0,44249,genus,0.528019,Paenibacillus,ERR1089984
46611.0,39948,genus,0.497497,Dialister,ERR1089984
46611.0,572511,genus,0.482237,Blautia,ERR1089984
46611.0,1508657,genus,0.451715,Ruminiclostridium,ERR1089984
46611.0,57493,genus,0.338786,Kocuria,ERR1089984
46611.0,1350,genus,0.317422,Enterococcus,ERR1089984
46611.0,1263,genus,0.256379,Ruminococcus,ERR1089984
46611.0,459786,genus,0.256379,Oscillibacter,ERR1089984
46611.0,1301,genus,0.235014,Streptococcus,ERR1089984
46611.0,1505657,genus,0.219753,Intestinibacter,ERR1089984
46611.0,590,genus,0.183128,Salmonella,ERR1089984
46611.0,1485,genus,0.177024,Clostridium,ERR1089984
46611.0,1506553,genus,0.173971,Lachnoclostridium,ERR1089984
46611.0,265980,genus,0.137346,Alkalimonas,ERR1089984
46611.0,397864,genus,0.109877,Barnesiella,ERR1089984
46611.0,239759,genus,0.0793554,Alistipes,ERR1089984
46611.0,1357,genus,0.0763033,Lactococcus,ERR1089984
46611.0,84111,genus,0.0763033,Eggerthella,ERR1089984
46611.0,207244,genus,0.0549383,Anaerostipes,ERR1089984
46611.0,1578,genus,0.0488341,Lactobacillus,ERR1089984
46611.0,44748,genus,0.0488341,Sporobacter,ERR1089984
46611.0,239934,genus,0.0396777,Akkermansia,ERR1089984
46611.0,1386,genus,0.0396777,Bacillus,ERR1089984
46611.0,1716,genus,0.0366256,Corynebacterium,ERR1089984
46611.0,841,genus,0.0305213,Roseburia,ERR1089984
46611.0,469,genus,0.0305213,Acinetobacter,ERR1089984
46611.0,497,genus,0.0305213,Psychrobacter,ERR1089984
46611.0,33042,genus,0.0274692,Coprococcus,ERR1089984
46611.0,1827,genus,0.024417,Rhodococcus,ERR1089984
46611.0,898,genus,0.0213649,Desulfomicrobium,ERR1089984
46611.0,577310,genus,0.0213649,Parasutterella,ERR1089984
46611.0,872,genus,0.0183128,Desulfovibrio,ERR1089984
46611.0,52784,genus,0.0152607,Anaerofilum,ERR1089984
46611.0,233191,genus,0.0152607,Caldilinea,ERR1089984
46611.0,32207,genus,0.0152607,Rothia,ERR1089984
46611.0,475,genus,0.0152607,Moraxella,ERR1089984
46611.0,2299,genus,0.0152607,Desulfosarcina,ERR1089984
46611.0,53335,genus,0.0152607,Pantoea,ERR1089984
46611.0,244127,genus,0.0152607,Anaerotruncus,ERR1089984
46611.0,61170,genus,0.0152607,Holdemania,ERR1089984
46611.0,61434,genus,0.0152607,Dehalococcoides,ERR1089984
46611.0,561,genus,0.0152607,Escherichia,ERR1089984
46611.0,1471399,genus,0.0122085,Draconibacterium,ERR1089984
46611.0,1375,genus,0.0122085,Aerococcus,ERR1089984
46611.0,644652,genus,0.00915639,Gordonibacter,ERR1089984
46611.0,28253,genus,0.00915639,Marinomonas,ERR1089984
46611.0,233189,genus,0.00915639,Anaerolinea,ERR1089984
46611.0,1654,genus,0.00915639,Actinomyces,ERR1089984
46611.0,445,genus,0.00915639,Legionella,ERR1089984
46611.0,2745,genus,0.00915639,Halomonas,ERR1089984
46611.0,990721,genus,0.00610426,Christensenella,ERR1089984
46611.0,46239,genus,0.00610426,Mesoplasma,ERR1089984
46611.0,102106,genus,0.00610426,Collinsella,ERR1089984
46611.0,189330,genus,0.00610426,Dorea,ERR1089984
46611.0,724,genus,0.00610426,Haemophilus,ERR1089984
46611.0,1663,genus,0.00610426,Arthrobacter,ERR1089984
46611.0,332248,genus,0.00610426,Truepera,ERR1089984
46611.0,34037,genus,0.00610426,Rahnella,ERR1089984
46611.0,642,genus,0.00610426,Aeromonas,ERR1089984
46611.0,998014,genus,0.00610426,Cocleimonas,ERR1089984
46611.0,581,genus,0.00610426,Morganella,ERR1089984
46611.0,588605,genus,0.00610426,Robinsoniella,ERR1089984
46611.0,1279,genus,0.00610426,Staphylococcus,ERR1089984
46611.0,35832,genus,0.00610426,Bilophila,ERR1089984
46611.0,2747,genus,0.00610426,Carnobacterium,ERR1089984
46611.0,1645,genus,0.00610426,Renibacterium,ERR1089984
46611.0,1253,genus,0.00610426,Pediococcus,ERR1089984
46611.0,172900,genus,0.00305213,Victivallis,ERR1089984
46611.0,29465,genus,0.00305213,Veillonella,ERR1089984
46611.0,226,genus,0.00305213,Alteromonas,ERR1089984
46611.0,838,genus,0.00305213,Prevotella,ERR1089984
46611.0,437504,genus,0.00305213,Granulosicoccus,ERR1089984
46611.0,1380,genus,0.00305213,Atopobium,ERR1089984
46611.0,79206,genus,0.00305213,Desulfosporosinus,ERR1089984
46611.0,2742,genus,0.00305213,Marinobacter,ERR1089984
46611.0,836,genus,0.00305213,Porphyromonas,ERR1089984
46611.0,18,genus,0.00305213,Pelobacter,ERR1089984
46611.0,508459,genus,0.00305213,Cloacibacillus,ERR1089984
46611.0,2295,genus,0.00305213,Desulfobacterium,ERR1089984
46611.0,114627,genus,0.00305213,Alkaliphilus,ERR1089984
46611.0,57494,genus,0.00305213,Nesterenkonia,ERR1089984
46611.0,511434,genus,0.00305213,Candidatus Azobacteroides,ERR1089984
46611.0,100883,genus,0.00305213,Coprobacillus,ERR1089984
46611.0,914,genus,0.00305213,Nitrosomonas,ERR1089984
46611.0,118747,genus,0.00305213,Bulleidia,ERR1089984
46611.0,46255,genus,0.00305213,Weissella,ERR1089984
46611.0,620,genus,0.00305213,Shigella,ERR1089984
46611.0,264995,genus,0.00305213,Anaerofustis,ERR1089984
46611.0,795750,genus,0.00305213,Ignavibacterium,ERR1089984
46611.0,1573535,genus,0.00305213,Holdemanella,ERR1089984
46611.0,28138,genus,0.00305213,Rikenella,ERR1089984
46611.0,629,genus,0.00305213,Yersinia,ERR1089984
46611.0,1573534,genus,0.00305213,Faecalitalea,ERR1089984
46611.0,37914,genus,0.00305213,Dietzia,ERR1089984
46611.0,2735,genus,0.00305213,Verrucomicrobium,ERR1089984
46611.0,1506577,genus,0.00305213,Tyzzerella,ERR1089984
46611.0,118966,genus,0.00305213,Anaerorhabdus,ERR1089984
46611.0,33001,genus,0.00305213,Desulfurella,ERR1089984
46611.0,265570,genus,0.00305213,Sulfurovum,ERR1089984
46611.0,2086,genus,0.00305213,Anaeroplasma,ERR1089984
46611.0,83681,genus,0.00305213,Nonomuraea,ERR1089984
46611.0,13075,genus,0.00305213,Globicatella,ERR1089984
46611.0,40222,genus,0.00305213,Methylophaga,ERR1089984
46611.0,586,genus,0.00305213,Providencia,ERR1089984
46611.0,79328,genus,0.00305213,Chitinophaga,ERR1089984
46611.0,1017280,genus,0.00305213,Pseudoflavonifractor,ERR1089984
46611.0,131079,genus,0.00305213,Limnobacter,ERR1089984
,-1,genus,36.7019,Unknown,ERR1089984
46611.0,286,genus,45.9834,Pseudomonas,ERR1089984
46611.0,216851,genus,5.00855,Faecalibacterium,ERR1089984
46611.0,375288,genus,2.17312,Parabacteroides,ERR1089984
46611.0,816,genus,1.63899,Bacteroides,ERR1089984
46611.0,1678,genus,1.17202,Bifidobacterium,ERR1089984
46611.0,1505663,genus,0.784397,Erysipelatoclostridium,ERR1089984
46611.0,1730,genus,0.537175,Eubacterium,ERR1089984
46611.0,44249,genus,0.528019,Paenibacillus,ERR1089984
46611.0,39948,genus,0.497497,Dialister,ERR1089984
46611.0,572511,genus,0.482237,Blautia,ERR1089984
46611.0,1508657,genus,0.451715,Ruminiclostridium,ERR1089984
46611.0,57493,genus,0.338786,Kocuria,ERR1089984
46611.0,1350,genus,0.317422,Enterococcus,ERR1089984
46611.0,459786,genus,0.256379,Oscillibacter,ERR1089984
46611.0,1263,genus,0.256379,Ruminococcus,ERR1089984
46611.0,1301,genus,0.235014,Streptococcus,ERR1089984
46611.0,1505657,genus,0.219753,Intestinibacter,ERR1089984
46611.0,590,genus,0.183128,Salmonella,ERR1089984
46611.0,1485,genus,0.177024,Clostridium,ERR1089984
46611.0,1506553,genus,0.173971,Lachnoclostridium,ERR1089984
46611.0,265980,genus,0.137346,Alkalimonas,ERR1089984
46611.0,397864,genus,0.109877,Barnesiella,ERR1089984
46611.0,239759,genus,0.0793554,Alistipes,ERR1089984
46611.0,84111,genus,0.0763033,Eggerthella,ERR1089984
46611.0,1357,genus,0.0763033,Lactococcus,ERR1089984
46611.0,207244,genus,0.0549383,Anaerostipes,ERR1089984
46611.0,1578,genus,0.0488341,Lactobacillus,ERR1089984
46611.0,44748,genus,0.0488341,Sporobacter,ERR1089984
46611.0,1386,genus,0.0396777,Bacillus,ERR1089984
46611.0,239934,genus,0.0396777,Akkermansia,ERR1089984
46611.0,1716,genus,0.0366256,Corynebacterium,ERR1089984
46611.0,841,genus,0.0305213,Roseburia,ERR1089984
46611.0,469,genus,0.0305213,Acinetobacter,ERR1089984
46611.0,497,genus,0.0305213,Psychrobacter,ERR1089984
46611.0,33042,genus,0.0274692,Coprococcus,ERR1089984
46611.0,1827,genus,0.024417,Rhodococcus,ERR1089984
46611.0,898,genus,0.0213649,Desulfomicrobium,ERR1089984
46611.0,577310,genus,0.0213649,Parasutterella,ERR1089984
46611.0,872,genus,0.0183128,Desulfovibrio,ERR1089984
46611.0,61434,genus,0.0152607,Dehalococcoides,ERR1089984
46611.0,561,genus,0.0152607,Escherichia,ERR1089984
46611.0,52784,genus,0.0152607,Anaerofilum,ERR1089984
46611.0,233191,genus,0.0152607,Caldilinea,ERR1089984
46611.0,32207,genus,0.0152607,Rothia,ERR1089984
46611.0,475,genus,0.0152607,Moraxella,ERR1089984
46611.0,2299,genus,0.0152607,Desulfosarcina,ERR1089984
46611.0,53335,genus,0.0152607,Pantoea,ERR1089984
46611.0,61170,genus,0.0152607,Holdemania,ERR1089984
46611.0,244127,genus,0.0152607,Anaerotruncus,ERR1089984
46611.0,1375,genus,0.0122085,Aerococcus,ERR1089984
46611.0,1471399,genus,0.0122085,Draconibacterium,ERR1089984
46611.0,445,genus,0.00915639,Legionella,ERR1089984
46611.0,2745,genus,0.00915639,Halomonas,ERR1089984
46611.0,644652,genus,0.00915639,Gordonibacter,ERR1089984
46611.0,28253,genus,0.00915639,Marinomonas,ERR1089984
46611.0,233189,genus,0.00915639,Anaerolinea,ERR1089984
46611.0,1654,genus,0.00915639,Actinomyces,ERR1089984
46611.0,2747,genus,0.00610426,Carnobacterium,ERR1089984
46611.0,1645,genus,0.00610426,Renibacterium,ERR1089984
46611.0,1253,genus,0.00610426,Pediococcus,ERR1089984
46611.0,990721,genus,0.00610426,Christensenella,ERR1089984
46611.0,189330,genus,0.00610426,Dorea,ERR1089984
46611.0,46239,genus,0.00610426,Mesoplasma,ERR1089984
46611.0,102106,genus,0.00610426,Collinsella,ERR1089984
46611.0,1663,genus,0.00610426,Arthrobacter,ERR1089984
46611.0,724,genus,0.00610426,Haemophilus,ERR1089984
46611.0,332248,genus,0.00610426,Truepera,ERR1089984
46611.0,34037,genus,0.00610426,Rahnella,ERR1089984
46611.0,642,genus,0.00610426,Aeromonas,ERR1089984
46611.0,588605,genus,0.00610426,Robinsoniella,ERR1089984
46611.0,1279,genus,0.00610426,Staphylococcus,ERR1089984
46611.0,998014,genus,0.00610426,Cocleimonas,ERR1089984
46611.0,581,genus,0.00610426,Morganella,ERR1089984
46611.0,35832,genus,0.00610426,Bilophila,ERR1089984
46611.0,586,genus,0.00305213,Providencia,ERR1089984
46611.0,79328,genus,0.00305213,Chitinophaga,ERR1089984
46611.0,40222,genus,0.00305213,Methylophaga,ERR1089984
46611.0,1017280,genus,0.00305213,Pseudoflavonifractor,ERR1089984
46611.0,131079,genus,0.00305213,Limnobacter,ERR1089984
46611.0,29465,genus,0.00305213,Veillonella,ERR1089984
46611.0,172900,genus,0.00305213,Victivallis,ERR1089984
46611.0,226,genus,0.00305213,Alteromonas,ERR1089984
46611.0,1380,genus,0.00305213,Atopobium,ERR1089984
46611.0,838,genus,0.00305213,Prevotella,ERR1089984
46611.0,437504,genus,0.00305213,Granulosicoccus,ERR1089984
46611.0,836,genus,0.00305213,Porphyromonas,ERR1089984
46611.0,18,genus,0.00305213,Pelobacter,ERR1089984
46611.0,79206,genus,0.00305213,Desulfosporosinus,ERR1089984
46611.0,2742,genus,0.00305213,Marinobacter,ERR1089984
46611.0,508459,genus,0.00305213,Cloacibacillus,ERR1089984
46611.0,2295,genus,0.00305213,Desulfobacterium,ERR1089984
46611.0,114627,genus,0.00305213,Alkaliphilus,ERR1089984
46611.0,57494,genus,0.00305213,Nesterenkonia,ERR1089984
46611.0,914,genus,0.00305213,Nitrosomonas,ERR1089984
46611.0,511434,genus,0.00305213,Candidatus Azobacteroides,ERR1089984
46611.0,100883,genus,0.00305213,Coprobacillus,ERR1089984
46611.0,264995,genus,0.00305213,Anaerofustis,ERR1089984
46611.0,118747,genus,0.00305213,Bulleidia,ERR1089984
46611.0,46255,genus,0.00305213,Weissella,ERR1089984
46611.0,620,genus,0.00305213,Shigella,ERR1089984
46611.0,795750,genus,0.00305213,Ignavibacterium,ERR1089984
46611.0,1573535,genus,0.00305213,Holdemanella,ERR1089984
46611.0,28138,genus,0.00305213,Rikenella,ERR1089984
46611.0,1573534,genus,0.00305213,Faecalitalea,ERR1089984
46611.0,629,genus,0.00305213,Yersinia,ERR1089984
46611.0,33001,genus,0.00305213,Desulfurella,ERR1089984
46611.0,37914,genus,0.00305213,Dietzia,ERR1089984
46611.0,2735,genus,0.00305213,Verrucomicrobium,ERR1089984
46611.0,1506577,genus,0.00305213,Tyzzerella,ERR1089984
46611.0,118966,genus,0.00305213,Anaerorhabdus,ERR1089984
46611.0,13075,genus,0.00305213,Globicatella,ERR1089984
46611.0,265570,genus,0.00305213,Sulfurovum,ERR1089984
46611.0,2086,genus,0.00305213,Anaeroplasma,ERR1089984
46611.0,83681,genus,0.00305213,Nonomuraea,ERR1089984
,-1,genus,36.7019,Unknown,ERR1089984
46611.0,286,genus,45.9834,Pseudomonas,ERR1089984
46611.0,216851,genus,5.00855,Faecalibacterium,ERR1089984
46611.0,375288,genus,2.17312,Parabacteroides,ERR1089984
46611.0,816,genus,1.63899,Bacteroides,ERR1089984
46611.0,1678,genus,1.17202,Bifidobacterium,ERR1089984
46611.0,1505663,genus,0.784397,Erysipelatoclostridium,ERR1089984
46611.0,1730,genus,0.537175,Eubacterium,ERR1089984
46611.0,44249,genus,0.528019,Paenibacillus,ERR1089984
46611.0,39948,genus,0.497497,Dialister,ERR1089984
46611.0,572511,genus,0.482237,Blautia,ERR1089984
46611.0,1508657,genus,0.451715,Ruminiclostridium,ERR1089984
46611.0,57493,genus,0.338786,Kocuria,ERR1089984
46611.0,1350,genus,0.317422,Enterococcus,ERR1089984
46611.0,459786,genus,0.256379,Oscillibacter,ERR1089984
46611.0,1263,genus,0.256379,Ruminococcus,ERR1089984
46611.0,1301,genus,0.235014,Streptococcus,ERR1089984
46611.0,1505657,genus,0.219753,Intestinibacter,ERR1089984
46611.0,590,genus,0.183128,Salmonella,ERR1089984
46611.0,1485,genus,0.177024,Clostridium,ERR1089984
46611.0,1506553,genus,0.173971,Lachnoclostridium,ERR1089984
46611.0,265980,genus,0.137346,Alkalimonas,ERR1089984
46611.0,397864,genus,0.109877,Barnesiella,ERR1089984
46611.0,239759,genus,0.0793554,Alistipes,ERR1089984
46611.0,84111,genus,0.0763033,Eggerthella,ERR1089984
46611.0,1357,genus,0.0763033,Lactococcus,ERR1089984
46611.0,207244,genus,0.0549383,Anaerostipes,ERR1089984
46611.0,1578,genus,0.0488341,Lactobacillus,ERR1089984
46611.0,44748,genus,0.0488341,Sporobacter,ERR1089984
46611.0,239934,genus,0.0396777,Akkermansia,ERR1089984
46611.0,1386,genus,0.0396777,Bacillus,ERR1089984
46611.0,1716,genus,0.0366256,Corynebacterium,ERR1089984
46611.0,841,genus,0.0305213,Roseburia,ERR1089984
46611.0,469,genus,0.0305213,Acinetobacter,ERR1089984
46611.0,497,genus,0.0305213,Psychrobacter,ERR1089984
46611.0,33042,genus,0.0274692,Coprococcus,ERR1089984
46611.0,1827,genus,0.024417,Rhodococcus,ERR1089984
46611.0,898,genus,0.0213649,Desulfomicrobium,ERR1089984
46611.0,577310,genus,0.0213649,Parasutterella,ERR1089984
46611.0,872,genus,0.0183128,Desulfovibrio,ERR1089984
46611.0,561,genus,0.0152607,Escherichia,ERR1089984
46611.0,52784,genus,0.0152607,Anaerofilum,ERR1089984
46611.0,233191,genus,0.0152607,Caldilinea,ERR1089984
46611.0,32207,genus,0.0152607,Rothia,ERR1089984
46611.0,475,genus,0.0152607,Moraxella,ERR1089984
46611.0,2299,genus,0.0152607,Desulfosarcina,ERR1089984
46611.0,53335,genus,0.0152607,Pantoea,ERR1089984
46611.0,61170,genus,0.0152607,Holdemania,ERR1089984
46611.0,244127,genus,0.0152607,Anaerotruncus,ERR1089984
46611.0,61434,genus,0.0152607,Dehalococcoides,ERR1089984
46611.0,1375,genus,0.0122085,Aerococcus,ERR1089984
46611.0,1471399,genus,0.0122085,Draconibacterium,ERR1089984
46611.0,445,genus,0.00915639,Legionella,ERR1089984
46611.0,2745,genus,0.00915639,Halomonas,ERR1089984
46611.0,644652,genus,0.00915639,Gordonibacter,ERR1089984
46611.0,28253,genus,0.00915639,Marinomonas,ERR1089984
46611.0,233189,genus,0.00915639,Anaerolinea,ERR1089984
46611.0,1654,genus,0.00915639,Actinomyces,ERR1089984
46611.0,1645,genus,0.00610426,Renibacterium,ERR1089984
46611.0,1253,genus,0.00610426,Pediococcus,ERR1089984
46611.0,990721,genus,0.00610426,Christensenella,ERR1089984
46611.0,189330,genus,0.00610426,Dorea,ERR1089984
46611.0,46239,genus,0.00610426,Mesoplasma,ERR1089984
46611.0,102106,genus,0.00610426,Collinsella,ERR1089984
46611.0,1663,genus,0.00610426,Arthrobacter,ERR1089984
46611.0,724,genus,0.00610426,Haemophilus,ERR1089984
46611.0,332248,genus,0.00610426,Truepera,ERR1089984
46611.0,34037,genus,0.00610426,Rahnella,ERR1089984
46611.0,642,genus,0.00610426,Aeromonas,ERR1089984
46611.0,588605,genus,0.00610426,Robinsoniella,ERR1089984
46611.0,1279,genus,0.00610426,Staphylococcus,ERR1089984
46611.0,998014,genus,0.00610426,Cocleimonas,ERR1089984
46611.0,581,genus,0.00610426,Morganella,ERR1089984
46611.0,35832,genus,0.00610426,Bilophila,ERR1089984
46611.0,2747,genus,0.00610426,Carnobacterium,ERR1089984
46611.0,1017280,genus,0.00305213,Pseudoflavonifractor,ERR1089984
46611.0,131079,genus,0.00305213,Limnobacter,ERR1089984
46611.0,29465,genus,0.00305213,Veillonella,ERR1089984
46611.0,172900,genus,0.00305213,Victivallis,ERR1089984
46611.0,226,genus,0.00305213,Alteromonas,ERR1089984
46611.0,1380,genus,0.00305213,Atopobium,ERR1089984
46611.0,838,genus,0.00305213,Prevotella,ERR1089984
46611.0,437504,genus,0.00305213,Granulosicoccus,ERR1089984
46611.0,836,genus,0.00305213,Porphyromonas,ERR1089984
46611.0,18,genus,0.00305213,Pelobacter,ERR1089984
46611.0,79206,genus,0.00305213,Desulfosporosinus,ERR1089984
46611.0,2742,genus,0.00305213,Marinobacter,ERR1089984
46611.0,508459,genus,0.00305213,Cloacibacillus,ERR1089984
46611.0,2295,genus,0.00305213,Desulfobacterium,ERR1089984
46611.0,114627,genus,0.00305213,Alkaliphilus,ERR1089984
46611.0,57494,genus,0.00305213,Nesterenkonia,ERR1089984
46611.0,914,genus,0.00305213,Nitrosomonas,ERR1089984
46611.0,511434,genus,0.00305213,Candidatus Azobacteroides,ERR1089984
46611.0,100883,genus,0.00305213,Coprobacillus,ERR1089984
46611.0,264995,genus,0.00305213,Anaerofustis,ERR1089984
46611.0,118747,genus,0.00305213,Bulleidia,ERR1089984
46611.0,46255,genus,0.00305213,Weissella,ERR1089984
46611.0,620,genus,0.00305213,Shigella,ERR1089984
46611.0,795750,genus,0.00305213,Ignavibacterium,ERR1089984
46611.0,1573535,genus,0.00305213,Holdemanella,ERR1089984
46611.0,28138,genus,0.00305213,Rikenella,ERR1089984
46611.0,1573534,genus,0.00305213,Faecalitalea,ERR1089984
46611.0,629,genus,0.00305213,Yersinia,ERR1089984
46611.0,33001,genus,0.00305213,Desulfurella,ERR1089984
46611.0,37914,genus,0.00305213,Dietzia,ERR1089984
46611.0,2735,genus,0.00305213,Verrucomicrobium,ERR1089984
46611.0,1506577,genus,0.00305213,Tyzzerella,ERR1089984
46611.0,118966,genus,0.00305213,Anaerorhabdus,ERR1089984
46611.0,13075,genus,0.00305213,Globicatella,ERR1089984
46611.0,265570,genus,0.00305213,Sulfurovum,ERR1089984
46611.0,2086,genus,0.00305213,Anaeroplasma,ERR1089984
46611.0,83681,genus,0.00305213,Nonomuraea,ERR1089984
46611.0,586,genus,0.00305213,Providencia,ERR1089984
46611.0,79328,genus,0.00305213,Chitinophaga,ERR1089984
46611.0,40222,genus,0.00305213,Methylophaga,ERR1089984
,-1,genus,36.7019,Unknown,ERR1089984
36446.0,816,genus,11.6833,Bacteroides,ERR1090001
36446.0,375288,genus,5.79892,Parabacteroides,ERR1090001
36446.0,572511,genus,3.07298,Blautia,ERR1090001
36446.0,469,genus,2.97239,Acinetobacter,ERR1090001
36446.0,1386,genus,2.87683,Bacillus,ERR1090001
36446.0,216851,genus,2.42921,Faecalibacterium,ERR1090001
36446.0,459786,genus,1.1618,Oscillibacter,ERR1090001
36446.0,182709,genus,1.13665,Oceanobacillus,ERR1090001
36446.0,1508657,genus,0.880149,Ruminiclostridium,ERR1090001
36446.0,1505663,genus,0.809737,Erysipelatoclostridium,ERR1090001
36446.0,39948,genus,0.724237,Dialister,ERR1090001
36446.0,838,genus,0.578384,Prevotella,ERR1090001
36446.0,1506553,genus,0.528089,Lachnoclostridium,ERR1090001
36446.0,44748,genus,0.43756,Sporobacter,ERR1090001
36446.0,1263,genus,0.367148,Ruminococcus,ERR1090001
36446.0,1678,genus,0.342001,Bifidobacterium,ERR1090001
36446.0,1730,genus,0.306795,Eubacterium,ERR1090001
36446.0,286,genus,0.281648,Pseudomonas,ERR1090001
36446.0,35832,genus,0.241412,Bilophila,ERR1090001
36446.0,1663,genus,0.221295,Arthrobacter,ERR1090001
36446.0,40323,genus,0.181059,Stenotrophomonas,ERR1090001
36446.0,1301,genus,0.135794,Streptococcus,ERR1090001
36446.0,2147,genus,0.130765,Acholeplasma,ERR1090001
36446.0,1883,genus,0.105618,Streptomyces,ERR1090001
36446.0,244127,genus,0.100588,Anaerotruncus,ERR1090001
36446.0,1485,genus,0.100588,Clostridium,ERR1090001
36446.0,400634,genus,0.095559,Lysinibacillus,ERR1090001
36446.0,52784,genus,0.0905296,Anaerofilum,ERR1090001
36446.0,577310,genus,0.0855002,Parasutterella,ERR1090001
36446.0,1569,genus,0.0804708,Sporosarcina,ERR1090001
36446.0,1017280,genus,0.0804708,Pseudoflavonifractor,ERR1090001
36446.0,836,genus,0.0804708,Porphyromonas,ERR1090001
36446.0,61170,genus,0.0754413,Holdemania,ERR1090001
36446.0,644652,genus,0.0704119,Gordonibacter,ERR1090001
36446.0,841,genus,0.0603531,Roseburia,ERR1090001
36446.0,33042,genus,0.0452648,Coprococcus,ERR1090001
36446.0,207244,genus,0.0402354,Anaerostipes,ERR1090001
36446.0,1578,genus,0.0402354,Lactobacillus,ERR1090001
36446.0,239759,genus,0.0402354,Alistipes,ERR1090001
36446.0,55080,genus,0.0402354,Brevibacillus,ERR1090001
36446.0,233191,genus,0.0402354,Caldilinea,ERR1090001
36446.0,165779,genus,0.035206,Anaerococcus,ERR1090001
36446.0,561,genus,0.035206,Escherichia,ERR1090001
36446.0,642,genus,0.035206,Aeromonas,ERR1090001
36446.0,872,genus,0.0301765,Desulfovibrio,ERR1090001
36446.0,590,genus,0.0301765,Salmonella,ERR1090001
36446.0,1350,genus,0.0301765,Enterococcus,ERR1090001
36446.0,898,genus,0.0301765,Desulfomicrobium,ERR1090001
36446.0,1505657,genus,0.0251471,Intestinibacter,ERR1090001
36446.0,162289,genus,0.0251471,Peptoniphilus,ERR1090001
36446.0,129337,genus,0.0251471,Geobacillus,ERR1090001
36446.0,100883,genus,0.0251471,Coprobacillus,ERR1090001
36446.0,1654,genus,0.0201177,Actinomyces,ERR1090001
36446.0,1253,genus,0.0201177,Pediococcus,ERR1090001
36446.0,150022,genus,0.0201177,Finegoldia,ERR1090001
36446.0,82802,genus,0.0150883,Trichococcus,ERR1090001
36446.0,84406,genus,0.0150883,Virgibacillus,ERR1090001
36446.0,1505652,genus,0.0150883,Terrisporobacter,ERR1090001
36446.0,61434,genus,0.0150883,Dehalococcoides,ERR1090001
36446.0,207599,genus,0.0150883,Solirubrobacter,ERR1090001
36446.0,1378,genus,0.0150883,Gemella,ERR1090001
36446.0,271087,genus,0.0150883,Geopsychrobacter,ERR1090001
36446.0,37914,genus,0.0150883,Dietzia,ERR1090001
36446.0,1030,genus,0.0150883,Thiothrix,ERR1090001
36446.0,419014,genus,0.0100588,Alloscardovia,ERR1090001
36446.0,724,genus,0.0100588,Haemophilus,ERR1090001
36446.0,904,genus,0.0100588,Acidaminococcus,ERR1090001
36446.0,59753,genus,0.0100588,Alcanivorax,ERR1090001
36446.0,48736,genus,0.0100588,Ralstonia,ERR1090001
36446.0,265,genus,0.0100588,Paracoccus,ERR1090001
36446.0,1221880,genus,0.0100588,Psychrobacillus,ERR1090001
36446.0,583,genus,0.0100588,Proteus,ERR1090001
36446.0,289201,genus,0.0100588,Pontibacillus,ERR1090001
36446.0,262406,genus,0.0100588,Thermobaculum,ERR1090001
36446.0,620,genus,0.0100588,Shigella,ERR1090001
36446.0,1645,genus,0.0100588,Renibacterium,ERR1090001
36446.0,79328,genus,0.0100588,Chitinophaga,ERR1090001
36446.0,1637257,genus,0.0100588,Mageeibacillus,ERR1090001
36446.0,180541,genus,0.0100588,Salinisphaera,ERR1090001
36446.0,570,genus,0.0100588,Klebsiella,ERR1090001
36446.0,1372,genus,0.0100588,Planococcus,ERR1090001
36446.0,397864,genus,0.00502942,Barnesiella,ERR1090001
36446.0,507,genus,0.00502942,Alcaligenes,ERR1090001
36446.0,194,genus,0.00502942,Campylobacter,ERR1090001
36446.0,28453,genus,0.00502942,Sphingobacterium,ERR1090001
36446.0,1279,genus,0.00502942,Staphylococcus,ERR1090001
36446.0,414371,genus,0.00502942,Aureimonas,ERR1090001
36446.0,2132,genus,0.00502942,Spiroplasma,ERR1090001
36446.0,118747,genus,0.00502942,Bulleidia,ERR1090001
36446.0,2747,genus,0.00502942,Carnobacterium,ERR1090001
36446.0,269258,genus,0.00502942,Nitratiruptor,ERR1090001
36446.0,544,genus,0.00502942,Citrobacter,ERR1090001
36446.0,102106,genus,0.00502942,Collinsella,ERR1090001
36446.0,380240,genus,0.00502942,Candidatus Brocadia,ERR1090001
36446.0,13687,genus,0.00502942,Sphingomonas,ERR1090001
36446.0,450803,genus,0.00502942,Oceaniserpentilla,ERR1090001
36446.0,84036,genus,0.00502942,Syntrophococcus,ERR1090001
36446.0,1471399,genus,0.00502942,Draconibacterium,ERR1090001
36446.0,346096,genus,0.00502942,Paludibacter,ERR1090001
36446.0,239934,genus,0.00502942,Akkermansia,ERR1090001
36446.0,343331,genus,0.00502942,Kopriimonas,ERR1090001
36446.0,1433999,genus,0.00502942,Domibacillus,ERR1090001
36446.0,283168,genus,0.00502942,Odoribacter,ERR1090001
36446.0,2299,genus,0.00502942,Desulfosarcina,ERR1090001
36446.0,445,genus,0.00502942,Legionella,ERR1090001
36446.0,146813,genus,0.00502942,Dendrosporobacter,ERR1090001
36446.0,186829,genus,0.00502942,Agitococcus,ERR1090001
36446.0,46255,genus,0.00502942,Weissella,ERR1090001
36446.0,83681,genus,0.00502942,Nonomuraea,ERR1090001
36446.0,1716,genus,0.00502942,Corynebacterium,ERR1090001
36446.0,1081,genus,0.00502942,Rhodospirillum,ERR1090001
36446.0,28228,genus,0.00502942,Colwellia,ERR1090001
36446.0,1279384,genus,0.00502942,Eggerthia,ERR1090001
36446.0,2745,genus,0.00502942,Halomonas,ERR1090001
36446.0,579,genus,0.00502942,Kluyvera,ERR1090001
36446.0,267986,genus,0.00502942,Owenweeksia,ERR1090001
36446.0,233189,genus,0.00502942,Anaerolinea,ERR1090001
36446.0,413496,genus,0.00502942,Cronobacter,ERR1090001
36446.0,99906,genus,0.00502942,Alkalibacterium,ERR1090001
36446.0,704093,genus,0.00502942,Anaerobacillus,ERR1090001
36446.0,53335,genus,0.00502942,Pantoea,ERR1090001
36446.0,319458,genus,0.00502942,Leadbetterella,ERR1090001
36446.0,767891,genus,0.00502942,Candidatus Puniceispirillum,ERR1090001
36446.0,57493,genus,0.00502942,Kocuria,ERR1090001
36446.0,265980,genus,0.00502942,Alkalimonas,ERR1090001
36446.0,84111,genus,0.00502942,Eggerthella,ERR1090001
36446.0,1843210,genus,0.00502942,Anaerocolumna,ERR1090001
36446.0,59732,genus,0.00502942,Chryseobacterium,ERR1090001
36446.0,581,genus,0.00502942,Morganella,ERR1090001
36446.0,2063,genus,0.00502942,Kitasatospora,ERR1090001
,-1,genus,59.7797,Unknown,ERR1090001
34095.0,286,genus,7.66773,Pseudomonas,ERR1090112
34095.0,816,genus,6.02591,Bacteroides,ERR1090112
34095.0,413496,genus,5.42244,Cronobacter,ERR1090112
34095.0,216851,genus,3.51881,Faecalibacterium,ERR1090112
34095.0,397864,genus,1.63294,Barnesiella,ERR1090112
34095.0,239934,genus,1.00284,Akkermansia,ERR1090112
34095.0,239759,genus,0.922968,Alistipes,ERR1090112
34095.0,1508657,genus,0.576855,Ruminiclostridium,ERR1090112
34095.0,904,genus,0.474796,Acidaminococcus,ERR1090112
34095.0,469,genus,0.41711,Acinetobacter,ERR1090112
34095.0,44748,genus,0.363862,Sporobacter,ERR1090112
34095.0,572511,genus,0.328364,Blautia,ERR1090112
34095.0,375288,genus,0.323926,Parabacteroides,ERR1090112
34095.0,459786,genus,0.28399,Oscillibacter,ERR1090112
34095.0,1506553,genus,0.275115,Lachnoclostridium,ERR1090112
34095.0,990721,genus,0.257366,Christensenella,ERR1090112
34095.0,1301,genus,0.0976216,Streptococcus,ERR1090112
34095.0,1263,genus,0.0709975,Ruminococcus,ERR1090112
34095.0,1505663,genus,0.0621228,Erysipelatoclostridium,ERR1090112
34095.0,1730,genus,0.0443734,Eubacterium,ERR1090112
34095.0,283168,genus,0.0443734,Odoribacter,ERR1090112
34095.0,590,genus,0.0399361,Salmonella,ERR1090112
34095.0,244127,genus,0.0354988,Anaerotruncus,ERR1090112
34095.0,898,genus,0.0354988,Desulfomicrobium,ERR1090112
34095.0,2740,genus,0.0310614,Peptococcus,ERR1090112
34095.0,2172,genus,0.0310614,Methanobrevibacter,ERR1090112
34095.0,838,genus,0.0266241,Prevotella,ERR1090112
34095.0,841,genus,0.0266241,Roseburia,ERR1090112
34095.0,872,genus,0.0221867,Desulfovibrio,ERR1090112
34095.0,189330,genus,0.0221867,Dorea,ERR1090112
34095.0,52784,genus,0.0221867,Anaerofilum,ERR1090112
34095.0,1578,genus,0.0221867,Lactobacillus,ERR1090112
34095.0,33042,genus,0.0221867,Coprococcus,ERR1090112
34095.0,203804,genus,0.0177494,Candidatus Blochmannia,ERR1090112
34095.0,1678,genus,0.0177494,Bifidobacterium,ERR1090112
34095.0,207244,genus,0.0177494,Anaerostipes,ERR1090112
34095.0,2299,genus,0.0177494,Desulfosarcina,ERR1090112
34095.0,117563,genus,0.0177494,Granulicatella,ERR1090112
34095.0,283,genus,0.013312,Comamonas,ERR1090112
34095.0,45667,genus,0.013312,Halobacillus,ERR1090112
34095.0,61170,genus,0.013312,Holdemania,ERR1090112
34095.0,84111,genus,0.00887469,Eggerthella,ERR1090112
34095.0,1485,genus,0.00887469,Clostridium,ERR1090112
34095.0,265980,genus,0.00887469,Alkalimonas,ERR1090112
34095.0,28453,genus,0.00887469,Sphingobacterium,ERR1090112
34095.0,620,genus,0.00887469,Shigella,ERR1090112
34095.0,172900,genus,0.00887469,Victivallis,ERR1090112
34095.0,79206,genus,0.00887469,Desulfosporosinus,ERR1090112
34095.0,561,genus,0.00887469,Escherichia,ERR1090112
34095.0,48463,genus,0.00887469,Prosthecobacter,ERR1090112
34095.0,581,genus,0.00887469,Morganella,ERR1090112
34095.0,34037,genus,0.00887469,Rahnella,ERR1090112
34095.0,35832,genus,0.00887469,Bilophila,ERR1090112
34095.0,156973,genus,0.00443734,Dysgonomonas,ERR1090112
34095.0,39948,genus,0.00443734,Dialister,ERR1090112
34095.0,36853,genus,0.00443734,Desulfitobacterium,ERR1090112
34095.0,106633,genus,0.00443734,Thioalkalivibrio,ERR1090112
34095.0,53335,genus,0.00443734,Pantoea,ERR1090112
34095.0,1654,genus,0.00443734,Actinomyces,ERR1090112
34095.0,100175,genus,0.00443734,Papillibacter,ERR1090112
34095.0,1380,genus,0.00443734,Atopobium,ERR1090112
34095.0,59732,genus,0.00443734,Chryseobacterium,ERR1090112
34095.0,1883,genus,0.00443734,Streptomyces,ERR1090112
34095.0,1652133,genus,0.00443734,Halobacteriovorax,ERR1090112
34095.0,1676142,genus,0.00443734,Wenzhouxiangella,ERR1090112
34095.0,28138,genus,0.00443734,Rikenella,ERR1090112
34095.0,1253,genus,0.00443734,Pediococcus,ERR1090112
34095.0,836,genus,0.00443734,Porphyromonas,ERR1090112
34095.0,1742989,genus,0.00443734,Glutamicibacter,ERR1090112
34095.0,278993,genus,0.00443734,Thermincola,ERR1090112
34095.0,626,genus,0.00443734,Xenorhabdus,ERR1090112
34095.0,445,genus,0.00443734,Legionella,ERR1090112
34095.0,724,genus,0.00443734,Haemophilus,ERR1090112
34095.0,1827,genus,0.00443734,Rhodococcus,ERR1090112
34095.0,1350,genus,0.00443734,Enterococcus,ERR1090112
34095.0,58050,genus,0.00443734,Moritella,ERR1090112
34095.0,1357,genus,0.00443734,Lactococcus,ERR1090112
34095.0,1386,genus,0.00443734,Bacillus,ERR1090112
34095.0,180541,genus,0.00443734,Salinisphaera,ERR1090112
34095.0,702,genus,0.00443734,Plesiomonas,ERR1090112
34095.0,33882,genus,0.00443734,Microbacterium,ERR1090112
34095.0,846,genus,0.00443734,Oxalobacter,ERR1090112
34095.0,267986,genus,0.00443734,Owenweeksia,ERR1090112
34095.0,1279,genus,0.00443734,Staphylococcus,ERR1090112
34095.0,1618113,genus,0.00443734,Saccharicrinis,ERR1090112
,-1,genus,69.4045,Unknown,ERR1090112
34095.0,286,genus,7.66773,Pseudomonas,ERR1090112
34095.0,816,genus,6.02591,Bacteroides,ERR1090112
34095.0,413496,genus,5.42244,Cronobacter,ERR1090112
34095.0,216851,genus,3.51881,Faecalibacterium,ERR1090112
34095.0,397864,genus,1.63294,Barnesiella,ERR1090112
34095.0,239934,genus,1.00284,Akkermansia,ERR1090112
34095.0,239759,genus,0.922968,Alistipes,ERR1090112
34095.0,1508657,genus,0.576855,Ruminiclostridium,ERR1090112
34095.0,904,genus,0.474796,Acidaminococcus,ERR1090112
34095.0,469,genus,0.41711,Acinetobacter,ERR1090112
34095.0,44748,genus,0.363862,Sporobacter,ERR1090112
34095.0,572511,genus,0.328364,Blautia,ERR1090112
34095.0,375288,genus,0.323926,Parabacteroides,ERR1090112
34095.0,459786,genus,0.28399,Oscillibacter,ERR1090112
34095.0,1506553,genus,0.275115,Lachnoclostridium,ERR1090112
34095.0,990721,genus,0.257366,Christensenella,ERR1090112
34095.0,1301,genus,0.0976216,Streptococcus,ERR1090112
34095.0,1263,genus,0.0709975,Ruminococcus,ERR1090112
34095.0,1505663,genus,0.0621228,Erysipelatoclostridium,ERR1090112
34095.0,1730,genus,0.0443734,Eubacterium,ERR1090112
34095.0,283168,genus,0.0443734,Odoribacter,ERR1090112
34095.0,590,genus,0.0399361,Salmonella,ERR1090112
34095.0,244127,genus,0.0354988,Anaerotruncus,ERR1090112
34095.0,898,genus,0.0354988,Desulfomicrobium,ERR1090112
34095.0,2740,genus,0.0310614,Peptococcus,ERR1090112
34095.0,2172,genus,0.0310614,Methanobrevibacter,ERR1090112
34095.0,838,genus,0.0266241,Prevotella,ERR1090112
34095.0,841,genus,0.0266241,Roseburia,ERR1090112
34095.0,872,genus,0.0221867,Desulfovibrio,ERR1090112
34095.0,189330,genus,0.0221867,Dorea,ERR1090112
34095.0,52784,genus,0.0221867,Anaerofilum,ERR1090112
34095.0,1578,genus,0.0221867,Lactobacillus,ERR1090112
34095.0,33042,genus,0.0221867,Coprococcus,ERR1090112
34095.0,207244,genus,0.0177494,Anaerostipes,ERR1090112
34095.0,2299,genus,0.0177494,Desulfosarcina,ERR1090112
34095.0,117563,genus,0.0177494,Granulicatella,ERR1090112
34095.0,203804,genus,0.0177494,Candidatus Blochmannia,ERR1090112
34095.0,1678,genus,0.0177494,Bifidobacterium,ERR1090112
34095.0,283,genus,0.013312,Comamonas,ERR1090112
34095.0,45667,genus,0.013312,Halobacillus,ERR1090112
34095.0,61170,genus,0.013312,Holdemania,ERR1090112
34095.0,84111,genus,0.00887469,Eggerthella,ERR1090112
34095.0,1485,genus,0.00887469,Clostridium,ERR1090112
34095.0,265980,genus,0.00887469,Alkalimonas,ERR1090112
34095.0,28453,genus,0.00887469,Sphingobacterium,ERR1090112
34095.0,620,genus,0.00887469,Shigella,ERR1090112
34095.0,172900,genus,0.00887469,Victivallis,ERR1090112
34095.0,79206,genus,0.00887469,Desulfosporosinus,ERR1090112
34095.0,561,genus,0.00887469,Escherichia,ERR1090112
34095.0,48463,genus,0.00887469,Prosthecobacter,ERR1090112
34095.0,581,genus,0.00887469,Morganella,ERR1090112
34095.0,34037,genus,0.00887469,Rahnella,ERR1090112
34095.0,35832,genus,0.00887469,Bilophila,ERR1090112
34095.0,36853,genus,0.00443734,Desulfitobacterium,ERR1090112
34095.0,106633,genus,0.00443734,Thioalkalivibrio,ERR1090112
34095.0,53335,genus,0.00443734,Pantoea,ERR1090112
34095.0,1654,genus,0.00443734,Actinomyces,ERR1090112
34095.0,100175,genus,0.00443734,Papillibacter,ERR1090112
34095.0,1380,genus,0.00443734,Atopobium,ERR1090112
34095.0,59732,genus,0.00443734,Chryseobacterium,ERR1090112
34095.0,1883,genus,0.00443734,Streptomyces,ERR1090112
34095.0,1652133,genus,0.00443734,Halobacteriovorax,ERR1090112
34095.0,1676142,genus,0.00443734,Wenzhouxiangella,ERR1090112
34095.0,28138,genus,0.00443734,Rikenella,ERR1090112
34095.0,1253,genus,0.00443734,Pediococcus,ERR1090112
34095.0,836,genus,0.00443734,Porphyromonas,ERR1090112
34095.0,1742989,genus,0.00443734,Glutamicibacter,ERR1090112
34095.0,278993,genus,0.00443734,Thermincola,ERR1090112
34095.0,626,genus,0.00443734,Xenorhabdus,ERR1090112
34095.0,445,genus,0.00443734,Legionella,ERR1090112
34095.0,724,genus,0.00443734,Haemophilus,ERR1090112
34095.0,1827,genus,0.00443734,Rhodococcus,ERR1090112
34095.0,1350,genus,0.00443734,Enterococcus,ERR1090112
34095.0,58050,genus,0.00443734,Moritella,ERR1090112
34095.0,1357,genus,0.00443734,Lactococcus,ERR1090112
34095.0,1386,genus,0.00443734,Bacillus,ERR1090112
34095.0,180541,genus,0.00443734,Salinisphaera,ERR1090112
34095.0,702,genus,0.00443734,Plesiomonas,ERR1090112
34095.0,33882,genus,0.00443734,Microbacterium,ERR1090112
34095.0,846,genus,0.00443734,Oxalobacter,ERR1090112
34095.0,267986,genus,0.00443734,Owenweeksia,ERR1090112
34095.0,1279,genus,0.00443734,Staphylococcus,ERR1090112
34095.0,1618113,genus,0.00443734,Saccharicrinis,ERR1090112
34095.0,156973,genus,0.00443734,Dysgonomonas,ERR1090112
34095.0,39948,genus,0.00443734,Dialister,ERR1090112
,-1,genus,69.4045,Unknown,ERR1090112
34095.0,286,genus,7.66773,Pseudomonas,ERR1090112
34095.0,816,genus,6.02591,Bacteroides,ERR1090112
34095.0,413496,genus,5.42244,Cronobacter,ERR1090112
34095.0,216851,genus,3.51881,Faecalibacterium,ERR1090112
34095.0,397864,genus,1.63294,Barnesiella,ERR1090112
34095.0,239934,genus,1.00284,Akkermansia,ERR1090112
34095.0,239759,genus,0.922968,Alistipes,ERR1090112
34095.0,1508657,genus,0.576855,Ruminiclostridium,ERR1090112
34095.0,904,genus,0.474796,Acidaminococcus,ERR1090112
34095.0,469,genus,0.41711,Acinetobacter,ERR1090112
34095.0,44748,genus,0.363862,Sporobacter,ERR1090112
34095.0,572511,genus,0.328364,Blautia,ERR1090112
34095.0,375288,genus,0.323926,Parabacteroides,ERR1090112
34095.0,459786,genus,0.28399,Oscillibacter,ERR1090112
34095.0,1506553,genus,0.275115,Lachnoclostridium,ERR1090112
34095.0,990721,genus,0.257366,Christensenella,ERR1090112
34095.0,1301,genus,0.0976216,Streptococcus,ERR1090112
34095.0,1263,genus,0.0709975,Ruminococcus,ERR1090112
34095.0,1505663,genus,0.0621228,Erysipelatoclostridium,ERR1090112
34095.0,1730,genus,0.0443734,Eubacterium,ERR1090112
34095.0,283168,genus,0.0443734,Odoribacter,ERR1090112
34095.0,590,genus,0.0399361,Salmonella,ERR1090112
34095.0,898,genus,0.0354988,Desulfomicrobium,ERR1090112
34095.0,244127,genus,0.0354988,Anaerotruncus,ERR1090112
34095.0,2740,genus,0.0310614,Peptococcus,ERR1090112
34095.0,2172,genus,0.0310614,Methanobrevibacter,ERR1090112
34095.0,838,genus,0.0266241,Prevotella,ERR1090112
34095.0,841,genus,0.0266241,Roseburia,ERR1090112
34095.0,872,genus,0.0221867,Desulfovibrio,ERR1090112
34095.0,189330,genus,0.0221867,Dorea,ERR1090112
34095.0,52784,genus,0.0221867,Anaerofilum,ERR1090112
34095.0,1578,genus,0.0221867,Lactobacillus,ERR1090112
34095.0,33042,genus,0.0221867,Coprococcus,ERR1090112
34095.0,203804,genus,0.0177494,Candidatus Blochmannia,ERR1090112
34095.0,1678,genus,0.0177494,Bifidobacterium,ERR1090112
34095.0,207244,genus,0.0177494,Anaerostipes,ERR1090112
34095.0,2299,genus,0.0177494,Desulfosarcina,ERR1090112
34095.0,117563,genus,0.0177494,Granulicatella,ERR1090112
34095.0,283,genus,0.013312,Comamonas,ERR1090112
34095.0,45667,genus,0.013312,Halobacillus,ERR1090112
34095.0,61170,genus,0.013312,Holdemania,ERR1090112
34095.0,84111,genus,0.00887469,Eggerthella,ERR1090112
34095.0,1485,genus,0.00887469,Clostridium,ERR1090112
34095.0,265980,genus,0.00887469,Alkalimonas,ERR1090112
34095.0,28453,genus,0.00887469,Sphingobacterium,ERR1090112
34095.0,620,genus,0.00887469,Shigella,ERR1090112
34095.0,172900,genus,0.00887469,Victivallis,ERR1090112
34095.0,79206,genus,0.00887469,Desulfosporosinus,ERR1090112
34095.0,561,genus,0.00887469,Escherichia,ERR1090112
34095.0,48463,genus,0.00887469,Prosthecobacter,ERR1090112
34095.0,581,genus,0.00887469,Morganella,ERR1090112
34095.0,34037,genus,0.00887469,Rahnella,ERR1090112
34095.0,35832,genus,0.00887469,Bilophila,ERR1090112
34095.0,1618113,genus,0.00443734,Saccharicrinis,ERR1090112
34095.0,156973,genus,0.00443734,Dysgonomonas,ERR1090112
34095.0,39948,genus,0.00443734,Dialister,ERR1090112
34095.0,36853,genus,0.00443734,Desulfitobacterium,ERR1090112
34095.0,106633,genus,0.00443734,Thioalkalivibrio,ERR1090112
34095.0,53335,genus,0.00443734,Pantoea,ERR1090112
34095.0,1654,genus,0.00443734,Actinomyces,ERR1090112
34095.0,100175,genus,0.00443734,Papillibacter,ERR1090112
34095.0,1380,genus,0.00443734,Atopobium,ERR1090112
34095.0,59732,genus,0.00443734,Chryseobacterium,ERR1090112
34095.0,1883,genus,0.00443734,Streptomyces,ERR1090112
34095.0,1652133,genus,0.00443734,Halobacteriovorax,ERR1090112
34095.0,1676142,genus,0.00443734,Wenzhouxiangella,ERR1090112
34095.0,28138,genus,0.00443734,Rikenella,ERR1090112
34095.0,1253,genus,0.00443734,Pediococcus,ERR1090112
34095.0,836,genus,0.00443734,Porphyromonas,ERR1090112
34095.0,1742989,genus,0.00443734,Glutamicibacter,ERR1090112
34095.0,278993,genus,0.00443734,Thermincola,ERR1090112
34095.0,626,genus,0.00443734,Xenorhabdus,ERR1090112
34095.0,445,genus,0.00443734,Legionella,ERR1090112
34095.0,724,genus,0.00443734,Haemophilus,ERR1090112
34095.0,1827,genus,0.00443734,Rhodococcus,ERR1090112
34095.0,1350,genus,0.00443734,Enterococcus,ERR1090112
34095.0,58050,genus,0.00443734,Moritella,ERR1090112
34095.0,1357,genus,0.00443734,Lactococcus,ERR1090112
34095.0,1386,genus,0.00443734,Bacillus,ERR1090112
34095.0,180541,genus,0.00443734,Salinisphaera,ERR1090112
34095.0,702,genus,0.00443734,Plesiomonas,ERR1090112
34095.0,33882,genus,0.00443734,Microbacterium,ERR1090112
34095.0,846,genus,0.00443734,Oxalobacter,ERR1090112
34095.0,267986,genus,0.00443734,Owenweeksia,ERR1090112
34095.0,1279,genus,0.00443734,Staphylococcus,ERR1090112
,-1,genus,69.4045,Unknown,ERR1090112
34095.0,286,genus,7.66773,Pseudomonas,ERR1090112
34095.0,816,genus,6.02591,Bacteroides,ERR1090112
34095.0,413496,genus,5.42244,Cronobacter,ERR1090112
34095.0,216851,genus,3.51881,Faecalibacterium,ERR1090112
34095.0,397864,genus,1.63294,Barnesiella,ERR1090112
34095.0,239934,genus,1.00284,Akkermansia,ERR1090112
34095.0,239759,genus,0.922968,Alistipes,ERR1090112
34095.0,1508657,genus,0.576855,Ruminiclostridium,ERR1090112
34095.0,904,genus,0.474796,Acidaminococcus,ERR1090112
34095.0,469,genus,0.41711,Acinetobacter,ERR1090112
34095.0,44748,genus,0.363862,Sporobacter,ERR1090112
34095.0,572511,genus,0.328364,Blautia,ERR1090112
34095.0,375288,genus,0.323926,Parabacteroides,ERR1090112
34095.0,459786,genus,0.28399,Oscillibacter,ERR1090112
34095.0,1506553,genus,0.275115,Lachnoclostridium,ERR1090112
34095.0,990721,genus,0.257366,Christensenella,ERR1090112
34095.0,1301,genus,0.0976216,Streptococcus,ERR1090112
34095.0,1263,genus,0.0709975,Ruminococcus,ERR1090112
34095.0,1505663,genus,0.0621228,Erysipelatoclostridium,ERR1090112
34095.0,1730,genus,0.0443734,Eubacterium,ERR1090112
34095.0,283168,genus,0.0443734,Odoribacter,ERR1090112
34095.0,590,genus,0.0399361,Salmonella,ERR1090112
34095.0,898,genus,0.0354988,Desulfomicrobium,ERR1090112
34095.0,244127,genus,0.0354988,Anaerotruncus,ERR1090112
34095.0,2740,genus,0.0310614,Peptococcus,ERR1090112
34095.0,2172,genus,0.0310614,Methanobrevibacter,ERR1090112
34095.0,838,genus,0.0266241,Prevotella,ERR1090112
34095.0,841,genus,0.0266241,Roseburia,ERR1090112
34095.0,872,genus,0.0221867,Desulfovibrio,ERR1090112
34095.0,189330,genus,0.0221867,Dorea,ERR1090112
34095.0,52784,genus,0.0221867,Anaerofilum,ERR1090112
34095.0,1578,genus,0.0221867,Lactobacillus,ERR1090112
34095.0,33042,genus,0.0221867,Coprococcus,ERR1090112
34095.0,203804,genus,0.0177494,Candidatus Blochmannia,ERR1090112
34095.0,1678,genus,0.0177494,Bifidobacterium,ERR1090112
34095.0,207244,genus,0.0177494,Anaerostipes,ERR1090112
34095.0,2299,genus,0.0177494,Desulfosarcina,ERR1090112
34095.0,117563,genus,0.0177494,Granulicatella,ERR1090112
34095.0,283,genus,0.013312,Comamonas,ERR1090112
34095.0,45667,genus,0.013312,Halobacillus,ERR1090112
34095.0,61170,genus,0.013312,Holdemania,ERR1090112
34095.0,84111,genus,0.00887469,Eggerthella,ERR1090112
34095.0,1485,genus,0.00887469,Clostridium,ERR1090112
34095.0,265980,genus,0.00887469,Alkalimonas,ERR1090112
34095.0,28453,genus,0.00887469,Sphingobacterium,ERR1090112
34095.0,620,genus,0.00887469,Shigella,ERR1090112
34095.0,172900,genus,0.00887469,Victivallis,ERR1090112
34095.0,79206,genus,0.00887469,Desulfosporosinus,ERR1090112
34095.0,561,genus,0.00887469,Escherichia,ERR1090112
34095.0,48463,genus,0.00887469,Prosthecobacter,ERR1090112
34095.0,581,genus,0.00887469,Morganella,ERR1090112
34095.0,34037,genus,0.00887469,Rahnella,ERR1090112
34095.0,35832,genus,0.00887469,Bilophila,ERR1090112
34095.0,267986,genus,0.00443734,Owenweeksia,ERR1090112
34095.0,1279,genus,0.00443734,Staphylococcus,ERR1090112
34095.0,1618113,genus,0.00443734,Saccharicrinis,ERR1090112
34095.0,156973,genus,0.00443734,Dysgonomonas,ERR1090112
34095.0,39948,genus,0.00443734,Dialister,ERR1090112
34095.0,36853,genus,0.00443734,Desulfitobacterium,ERR1090112
34095.0,106633,genus,0.00443734,Thioalkalivibrio,ERR1090112
34095.0,53335,genus,0.00443734,Pantoea,ERR1090112
34095.0,1654,genus,0.00443734,Actinomyces,ERR1090112
34095.0,100175,genus,0.00443734,Papillibacter,ERR1090112
34095.0,1380,genus,0.00443734,Atopobium,ERR1090112
34095.0,59732,genus,0.00443734,Chryseobacterium,ERR1090112
34095.0,1883,genus,0.00443734,Streptomyces,ERR1090112
34095.0,1652133,genus,0.00443734,Halobacteriovorax,ERR1090112
34095.0,1676142,genus,0.00443734,Wenzhouxiangella,ERR1090112
34095.0,28138,genus,0.00443734,Rikenella,ERR1090112
34095.0,1253,genus,0.00443734,Pediococcus,ERR1090112
34095.0,836,genus,0.00443734,Porphyromonas,ERR1090112
34095.0,1742989,genus,0.00443734,Glutamicibacter,ERR1090112
34095.0,278993,genus,0.00443734,Thermincola,ERR1090112
34095.0,626,genus,0.00443734,Xenorhabdus,ERR1090112
34095.0,445,genus,0.00443734,Legionella,ERR1090112
34095.0,724,genus,0.00443734,Haemophilus,ERR1090112
34095.0,1827,genus,0.00443734,Rhodococcus,ERR1090112
34095.0,1350,genus,0.00443734,Enterococcus,ERR1090112
34095.0,58050,genus,0.00443734,Moritella,ERR1090112
34095.0,1357,genus,0.00443734,Lactococcus,ERR1090112
34095.0,1386,genus,0.00443734,Bacillus,ERR1090112
34095.0,180541,genus,0.00443734,Salinisphaera,ERR1090112
34095.0,702,genus,0.00443734,Plesiomonas,ERR1090112
34095.0,33882,genus,0.00443734,Microbacterium,ERR1090112
34095.0,846,genus,0.00443734,Oxalobacter,ERR1090112
,-1,genus,69.4045,Unknown,ERR1090112
34095.0,286,genus,7.66773,Pseudomonas,ERR1090112
34095.0,816,genus,6.02591,Bacteroides,ERR1090112
34095.0,413496,genus,5.42244,Cronobacter,ERR1090112
34095.0,216851,genus,3.51881,Faecalibacterium,ERR1090112
34095.0,397864,genus,1.63294,Barnesiella,ERR1090112
34095.0,239934,genus,1.00284,Akkermansia,ERR1090112
34095.0,239759,genus,0.922968,Alistipes,ERR1090112
34095.0,1508657,genus,0.576855,Ruminiclostridium,ERR1090112
34095.0,904,genus,0.474796,Acidaminococcus,ERR1090112
34095.0,469,genus,0.41711,Acinetobacter,ERR1090112
34095.0,44748,genus,0.363862,Sporobacter,ERR1090112
34095.0,572511,genus,0.328364,Blautia,ERR1090112
34095.0,375288,genus,0.323926,Parabacteroides,ERR1090112
34095.0,459786,genus,0.28399,Oscillibacter,ERR1090112
34095.0,1506553,genus,0.275115,Lachnoclostridium,ERR1090112
34095.0,990721,genus,0.257366,Christensenella,ERR1090112
34095.0,1301,genus,0.0976216,Streptococcus,ERR1090112
34095.0,1263,genus,0.0709975,Ruminococcus,ERR1090112
34095.0,1505663,genus,0.0621228,Erysipelatoclostridium,ERR1090112
34095.0,283168,genus,0.0443734,Odoribacter,ERR1090112
34095.0,1730,genus,0.0443734,Eubacterium,ERR1090112
34095.0,590,genus,0.0399361,Salmonella,ERR1090112
34095.0,244127,genus,0.0354988,Anaerotruncus,ERR1090112
34095.0,898,genus,0.0354988,Desulfomicrobium,ERR1090112
34095.0,2172,genus,0.0310614,Methanobrevibacter,ERR1090112
34095.0,2740,genus,0.0310614,Peptococcus,ERR1090112
34095.0,841,genus,0.0266241,Roseburia,ERR1090112
34095.0,838,genus,0.0266241,Prevotella,ERR1090112
34095.0,872,genus,0.0221867,Desulfovibrio,ERR1090112
34095.0,189330,genus,0.0221867,Dorea,ERR1090112
34095.0,52784,genus,0.0221867,Anaerofilum,ERR1090112
34095.0,1578,genus,0.0221867,Lactobacillus,ERR1090112
34095.0,33042,genus,0.0221867,Coprococcus,ERR1090112
34095.0,117563,genus,0.0177494,Granulicatella,ERR1090112
34095.0,1678,genus,0.0177494,Bifidobacterium,ERR1090112
34095.0,203804,genus,0.0177494,Candidatus Blochmannia,ERR1090112
34095.0,207244,genus,0.0177494,Anaerostipes,ERR1090112
34095.0,2299,genus,0.0177494,Desulfosarcina,ERR1090112
34095.0,61170,genus,0.013312,Holdemania,ERR1090112
34095.0,283,genus,0.013312,Comamonas,ERR1090112
34095.0,45667,genus,0.013312,Halobacillus,ERR1090112
34095.0,620,genus,0.00887469,Shigella,ERR1090112
34095.0,172900,genus,0.00887469,Victivallis,ERR1090112
34095.0,79206,genus,0.00887469,Desulfosporosinus,ERR1090112
34095.0,561,genus,0.00887469,Escherichia,ERR1090112
34095.0,48463,genus,0.00887469,Prosthecobacter,ERR1090112
34095.0,581,genus,0.00887469,Morganella,ERR1090112
34095.0,34037,genus,0.00887469,Rahnella,ERR1090112
34095.0,35832,genus,0.00887469,Bilophila,ERR1090112
34095.0,84111,genus,0.00887469,Eggerthella,ERR1090112
34095.0,1485,genus,0.00887469,Clostridium,ERR1090112
34095.0,265980,genus,0.00887469,Alkalimonas,ERR1090112
34095.0,28453,genus,0.00887469,Sphingobacterium,ERR1090112
34095.0,100175,genus,0.00443734,Papillibacter,ERR1090112
34095.0,1380,genus,0.00443734,Atopobium,ERR1090112
34095.0,1652133,genus,0.00443734,Halobacteriovorax,ERR1090112
34095.0,59732,genus,0.00443734,Chryseobacterium,ERR1090112
34095.0,1883,genus,0.00443734,Streptomyces,ERR1090112
34095.0,1253,genus,0.00443734,Pediococcus,ERR1090112
34095.0,1676142,genus,0.00443734,Wenzhouxiangella,ERR1090112
34095.0,28138,genus,0.00443734,Rikenella,ERR1090112
34095.0,836,genus,0.00443734,Porphyromonas,ERR1090112
34095.0,1742989,genus,0.00443734,Glutamicibacter,ERR1090112
34095.0,278993,genus,0.00443734,Thermincola,ERR1090112
34095.0,626,genus,0.00443734,Xenorhabdus,ERR1090112
34095.0,445,genus,0.00443734,Legionella,ERR1090112
34095.0,724,genus,0.00443734,Haemophilus,ERR1090112
34095.0,1827,genus,0.00443734,Rhodococcus,ERR1090112
34095.0,1350,genus,0.00443734,Enterococcus,ERR1090112
34095.0,58050,genus,0.00443734,Moritella,ERR1090112
34095.0,1357,genus,0.00443734,Lactococcus,ERR1090112
34095.0,1386,genus,0.00443734,Bacillus,ERR1090112
34095.0,180541,genus,0.00443734,Salinisphaera,ERR1090112
34095.0,702,genus,0.00443734,Plesiomonas,ERR1090112
34095.0,33882,genus,0.00443734,Microbacterium,ERR1090112
34095.0,846,genus,0.00443734,Oxalobacter,ERR1090112
34095.0,267986,genus,0.00443734,Owenweeksia,ERR1090112
34095.0,1279,genus,0.00443734,Staphylococcus,ERR1090112
34095.0,1618113,genus,0.00443734,Saccharicrinis,ERR1090112
34095.0,156973,genus,0.00443734,Dysgonomonas,ERR1090112
34095.0,39948,genus,0.00443734,Dialister,ERR1090112
34095.0,36853,genus,0.00443734,Desulfitobacterium,ERR1090112
34095.0,106633,genus,0.00443734,Thioalkalivibrio,ERR1090112
34095.0,53335,genus,0.00443734,Pantoea,ERR1090112
34095.0,1654,genus,0.00443734,Actinomyces,ERR1090112
,-1,genus,69.4045,Unknown,ERR1090112
34095.0,286,genus,7.66773,Pseudomonas,ERR1090112
34095.0,816,genus,6.02591,Bacteroides,ERR1090112
34095.0,413496,genus,5.42244,Cronobacter,ERR1090112
34095.0,216851,genus,3.51881,Faecalibacterium,ERR1090112
34095.0,397864,genus,1.63294,Barnesiella,ERR1090112
34095.0,239934,genus,1.00284,Akkermansia,ERR1090112
34095.0,239759,genus,0.922968,Alistipes,ERR1090112
34095.0,1508657,genus,0.576855,Ruminiclostridium,ERR1090112
34095.0,904,genus,0.474796,Acidaminococcus,ERR1090112
34095.0,469,genus,0.41711,Acinetobacter,ERR1090112
34095.0,44748,genus,0.363862,Sporobacter,ERR1090112
34095.0,572511,genus,0.328364,Blautia,ERR1090112
34095.0,375288,genus,0.323926,Parabacteroides,ERR1090112
34095.0,459786,genus,0.28399,Oscillibacter,ERR1090112
34095.0,1506553,genus,0.275115,Lachnoclostridium,ERR1090112
34095.0,990721,genus,0.257366,Christensenella,ERR1090112
34095.0,1301,genus,0.0976216,Streptococcus,ERR1090112
34095.0,1263,genus,0.0709975,Ruminococcus,ERR1090112
34095.0,1505663,genus,0.0621228,Erysipelatoclostridium,ERR1090112
34095.0,1730,genus,0.0443734,Eubacterium,ERR1090112
34095.0,283168,genus,0.0443734,Odoribacter,ERR1090112
34095.0,590,genus,0.0399361,Salmonella,ERR1090112
34095.0,244127,genus,0.0354988,Anaerotruncus,ERR1090112
34095.0,898,genus,0.0354988,Desulfomicrobium,ERR1090112
34095.0,2172,genus,0.0310614,Methanobrevibacter,ERR1090112
34095.0,2740,genus,0.0310614,Peptococcus,ERR1090112
34095.0,838,genus,0.0266241,Prevotella,ERR1090112
34095.0,841,genus,0.0266241,Roseburia,ERR1090112
34095.0,1578,genus,0.0221867,Lactobacillus,ERR1090112
34095.0,33042,genus,0.0221867,Coprococcus,ERR1090112
34095.0,872,genus,0.0221867,Desulfovibrio,ERR1090112
34095.0,189330,genus,0.0221867,Dorea,ERR1090112
34095.0,52784,genus,0.0221867,Anaerofilum,ERR1090112
34095.0,117563,genus,0.0177494,Granulicatella,ERR1090112
34095.0,203804,genus,0.0177494,Candidatus Blochmannia,ERR1090112
34095.0,1678,genus,0.0177494,Bifidobacterium,ERR1090112
34095.0,207244,genus,0.0177494,Anaerostipes,ERR1090112
34095.0,2299,genus,0.0177494,Desulfosarcina,ERR1090112
34095.0,61170,genus,0.013312,Holdemania,ERR1090112
34095.0,283,genus,0.013312,Comamonas,ERR1090112
34095.0,45667,genus,0.013312,Halobacillus,ERR1090112
34095.0,561,genus,0.00887469,Escherichia,ERR1090112
34095.0,48463,genus,0.00887469,Prosthecobacter,ERR1090112
34095.0,581,genus,0.00887469,Morganella,ERR1090112
34095.0,34037,genus,0.00887469,Rahnella,ERR1090112
34095.0,35832,genus,0.00887469,Bilophila,ERR1090112
34095.0,84111,genus,0.00887469,Eggerthella,ERR1090112
34095.0,1485,genus,0.00887469,Clostridium,ERR1090112
34095.0,265980,genus,0.00887469,Alkalimonas,ERR1090112
34095.0,28453,genus,0.00887469,Sphingobacterium,ERR1090112
34095.0,620,genus,0.00887469,Shigella,ERR1090112
34095.0,172900,genus,0.00887469,Victivallis,ERR1090112
34095.0,79206,genus,0.00887469,Desulfosporosinus,ERR1090112
34095.0,180541,genus,0.00443734,Salinisphaera,ERR1090112
34095.0,702,genus,0.00443734,Plesiomonas,ERR1090112
34095.0,33882,genus,0.00443734,Microbacterium,ERR1090112
34095.0,846,genus,0.00443734,Oxalobacter,ERR1090112
34095.0,267986,genus,0.00443734,Owenweeksia,ERR1090112
34095.0,1279,genus,0.00443734,Staphylococcus,ERR1090112
34095.0,1618113,genus,0.00443734,Saccharicrinis,ERR1090112
34095.0,156973,genus,0.00443734,Dysgonomonas,ERR1090112
34095.0,39948,genus,0.00443734,Dialister,ERR1090112
34095.0,36853,genus,0.00443734,Desulfitobacterium,ERR1090112
34095.0,106633,genus,0.00443734,Thioalkalivibrio,ERR1090112
34095.0,53335,genus,0.00443734,Pantoea,ERR1090112
34095.0,1654,genus,0.00443734,Actinomyces,ERR1090112
34095.0,100175,genus,0.00443734,Papillibacter,ERR1090112
34095.0,1380,genus,0.00443734,Atopobium,ERR1090112
34095.0,59732,genus,0.00443734,Chryseobacterium,ERR1090112
34095.0,1883,genus,0.00443734,Streptomyces,ERR1090112
34095.0,1652133,genus,0.00443734,Halobacteriovorax,ERR1090112
34095.0,1676142,genus,0.00443734,Wenzhouxiangella,ERR1090112
34095.0,28138,genus,0.00443734,Rikenella,ERR1090112
34095.0,1253,genus,0.00443734,Pediococcus,ERR1090112
34095.0,836,genus,0.00443734,Porphyromonas,ERR1090112
34095.0,1742989,genus,0.00443734,Glutamicibacter,ERR1090112
34095.0,278993,genus,0.00443734,Thermincola,ERR1090112
34095.0,626,genus,0.00443734,Xenorhabdus,ERR1090112
34095.0,445,genus,0.00443734,Legionella,ERR1090112
34095.0,724,genus,0.00443734,Haemophilus,ERR1090112
34095.0,1827,genus,0.00443734,Rhodococcus,ERR1090112
34095.0,1350,genus,0.00443734,Enterococcus,ERR1090112
34095.0,58050,genus,0.00443734,Moritella,ERR1090112
34095.0,1357,genus,0.00443734,Lactococcus,ERR1090112
34095.0,1386,genus,0.00443734,Bacillus,ERR1090112
,-1,genus,69.4045,Unknown,ERR1090112
34095.0,286,genus,7.66773,Pseudomonas,ERR1090112
34095.0,816,genus,6.02591,Bacteroides,ERR1090112
34095.0,413496,genus,5.42244,Cronobacter,ERR1090112
34095.0,216851,genus,3.51881,Faecalibacterium,ERR1090112
34095.0,397864,genus,1.63294,Barnesiella,ERR1090112
34095.0,239934,genus,1.00284,Akkermansia,ERR1090112
34095.0,239759,genus,0.922968,Alistipes,ERR1090112
34095.0,1508657,genus,0.576855,Ruminiclostridium,ERR1090112
34095.0,904,genus,0.474796,Acidaminococcus,ERR1090112
34095.0,469,genus,0.41711,Acinetobacter,ERR1090112
34095.0,44748,genus,0.363862,Sporobacter,ERR1090112
34095.0,572511,genus,0.328364,Blautia,ERR1090112
34095.0,375288,genus,0.323926,Parabacteroides,ERR1090112
34095.0,459786,genus,0.28399,Oscillibacter,ERR1090112
34095.0,1506553,genus,0.275115,Lachnoclostridium,ERR1090112
34095.0,990721,genus,0.257366,Christensenella,ERR1090112
34095.0,1301,genus,0.0976216,Streptococcus,ERR1090112
34095.0,1263,genus,0.0709975,Ruminococcus,ERR1090112
34095.0,1505663,genus,0.0621228,Erysipelatoclostridium,ERR1090112
34095.0,1730,genus,0.0443734,Eubacterium,ERR1090112
34095.0,283168,genus,0.0443734,Odoribacter,ERR1090112
34095.0,590,genus,0.0399361,Salmonella,ERR1090112
34095.0,244127,genus,0.0354988,Anaerotruncus,ERR1090112
34095.0,898,genus,0.0354988,Desulfomicrobium,ERR1090112
34095.0,2740,genus,0.0310614,Peptococcus,ERR1090112
34095.0,2172,genus,0.0310614,Methanobrevibacter,ERR1090112
34095.0,838,genus,0.0266241,Prevotella,ERR1090112
34095.0,841,genus,0.0266241,Roseburia,ERR1090112
34095.0,872,genus,0.0221867,Desulfovibrio,ERR1090112
34095.0,189330,genus,0.0221867,Dorea,ERR1090112
34095.0,52784,genus,0.0221867,Anaerofilum,ERR1090112
34095.0,1578,genus,0.0221867,Lactobacillus,ERR1090112
34095.0,33042,genus,0.0221867,Coprococcus,ERR1090112
34095.0,203804,genus,0.0177494,Candidatus Blochmannia,ERR1090112
34095.0,1678,genus,0.0177494,Bifidobacterium,ERR1090112
34095.0,207244,genus,0.0177494,Anaerostipes,ERR1090112
34095.0,2299,genus,0.0177494,Desulfosarcina,ERR1090112
34095.0,117563,genus,0.0177494,Granulicatella,ERR1090112
34095.0,283,genus,0.013312,Comamonas,ERR1090112
34095.0,45667,genus,0.013312,Halobacillus,ERR1090112
34095.0,61170,genus,0.013312,Holdemania,ERR1090112
34095.0,34037,genus,0.00887469,Rahnella,ERR1090112
34095.0,35832,genus,0.00887469,Bilophila,ERR1090112
34095.0,84111,genus,0.00887469,Eggerthella,ERR1090112
34095.0,1485,genus,0.00887469,Clostridium,ERR1090112
34095.0,265980,genus,0.00887469,Alkalimonas,ERR1090112
34095.0,28453,genus,0.00887469,Sphingobacterium,ERR1090112
34095.0,620,genus,0.00887469,Shigella,ERR1090112
34095.0,172900,genus,0.00887469,Victivallis,ERR1090112
34095.0,79206,genus,0.00887469,Desulfosporosinus,ERR1090112
34095.0,561,genus,0.00887469,Escherichia,ERR1090112
34095.0,48463,genus,0.00887469,Prosthecobacter,ERR1090112
34095.0,581,genus,0.00887469,Morganella,ERR1090112
34095.0,846,genus,0.00443734,Oxalobacter,ERR1090112
34095.0,267986,genus,0.00443734,Owenweeksia,ERR1090112
34095.0,1279,genus,0.00443734,Staphylococcus,ERR1090112
34095.0,1618113,genus,0.00443734,Saccharicrinis,ERR1090112
34095.0,156973,genus,0.00443734,Dysgonomonas,ERR1090112
34095.0,39948,genus,0.00443734,Dialister,ERR1090112
34095.0,36853,genus,0.00443734,Desulfitobacterium,ERR1090112
34095.0,106633,genus,0.00443734,Thioalkalivibrio,ERR1090112
34095.0,53335,genus,0.00443734,Pantoea,ERR1090112
34095.0,1654,genus,0.00443734,Actinomyces,ERR1090112
34095.0,100175,genus,0.00443734,Papillibacter,ERR1090112
34095.0,1380,genus,0.00443734,Atopobium,ERR1090112
34095.0,59732,genus,0.00443734,Chryseobacterium,ERR1090112
34095.0,1883,genus,0.00443734,Streptomyces,ERR1090112
34095.0,1652133,genus,0.00443734,Halobacteriovorax,ERR1090112
34095.0,1676142,genus,0.00443734,Wenzhouxiangella,ERR1090112
34095.0,28138,genus,0.00443734,Rikenella,ERR1090112
34095.0,1253,genus,0.00443734,Pediococcus,ERR1090112
34095.0,836,genus,0.00443734,Porphyromonas,ERR1090112
34095.0,1742989,genus,0.00443734,Glutamicibacter,ERR1090112
34095.0,278993,genus,0.00443734,Thermincola,ERR1090112
34095.0,626,genus,0.00443734,Xenorhabdus,ERR1090112
34095.0,445,genus,0.00443734,Legionella,ERR1090112
34095.0,724,genus,0.00443734,Haemophilus,ERR1090112
34095.0,1827,genus,0.00443734,Rhodococcus,ERR1090112
34095.0,1350,genus,0.00443734,Enterococcus,ERR1090112
34095.0,58050,genus,0.00443734,Moritella,ERR1090112
34095.0,1357,genus,0.00443734,Lactococcus,ERR1090112
34095.0,1386,genus,0.00443734,Bacillus,ERR1090112
34095.0,180541,genus,0.00443734,Salinisphaera,ERR1090112
34095.0,702,genus,0.00443734,Plesiomonas,ERR1090112
34095.0,33882,genus,0.00443734,Microbacterium,ERR1090112
,-1,genus,69.4045,Unknown,ERR1090112
34095.0,286,genus,7.66773,Pseudomonas,ERR1090112
34095.0,816,genus,6.02591,Bacteroides,ERR1090112
34095.0,413496,genus,5.42244,Cronobacter,ERR1090112
34095.0,216851,genus,3.51881,Faecalibacterium,ERR1090112
34095.0,397864,genus,1.63294,Barnesiella,ERR1090112
34095.0,239934,genus,1.00284,Akkermansia,ERR1090112
34095.0,239759,genus,0.922968,Alistipes,ERR1090112
34095.0,1508657,genus,0.576855,Ruminiclostridium,ERR1090112
34095.0,904,genus,0.474796,Acidaminococcus,ERR1090112
34095.0,469,genus,0.41711,Acinetobacter,ERR1090112
34095.0,44748,genus,0.363862,Sporobacter,ERR1090112
34095.0,572511,genus,0.328364,Blautia,ERR1090112
34095.0,375288,genus,0.323926,Parabacteroides,ERR1090112
34095.0,459786,genus,0.28399,Oscillibacter,ERR1090112
34095.0,1506553,genus,0.275115,Lachnoclostridium,ERR1090112
34095.0,990721,genus,0.257366,Christensenella,ERR1090112
34095.0,1301,genus,0.0976216,Streptococcus,ERR1090112
34095.0,1263,genus,0.0709975,Ruminococcus,ERR1090112
34095.0,1505663,genus,0.0621228,Erysipelatoclostridium,ERR1090112
34095.0,283168,genus,0.0443734,Odoribacter,ERR1090112
34095.0,1730,genus,0.0443734,Eubacterium,ERR1090112
34095.0,590,genus,0.0399361,Salmonella,ERR1090112
34095.0,244127,genus,0.0354988,Anaerotruncus,ERR1090112
34095.0,898,genus,0.0354988,Desulfomicrobium,ERR1090112
34095.0,2172,genus,0.0310614,Methanobrevibacter,ERR1090112
34095.0,2740,genus,0.0310614,Peptococcus,ERR1090112
34095.0,841,genus,0.0266241,Roseburia,ERR1090112
34095.0,838,genus,0.0266241,Prevotella,ERR1090112
34095.0,872,genus,0.0221867,Desulfovibrio,ERR1090112
34095.0,189330,genus,0.0221867,Dorea,ERR1090112
34095.0,52784,genus,0.0221867,Anaerofilum,ERR1090112
34095.0,33042,genus,0.0221867,Coprococcus,ERR1090112
34095.0,1578,genus,0.0221867,Lactobacillus,ERR1090112
34095.0,2299,genus,0.0177494,Desulfosarcina,ERR1090112
34095.0,117563,genus,0.0177494,Granulicatella,ERR1090112
34095.0,1678,genus,0.0177494,Bifidobacterium,ERR1090112
34095.0,203804,genus,0.0177494,Candidatus Blochmannia,ERR1090112
34095.0,207244,genus,0.0177494,Anaerostipes,ERR1090112
34095.0,45667,genus,0.013312,Halobacillus,ERR1090112
34095.0,61170,genus,0.013312,Holdemania,ERR1090112
34095.0,283,genus,0.013312,Comamonas,ERR1090112
34095.0,28453,genus,0.00887469,Sphingobacterium,ERR1090112
34095.0,620,genus,0.00887469,Shigella,ERR1090112
34095.0,172900,genus,0.00887469,Victivallis,ERR1090112
34095.0,79206,genus,0.00887469,Desulfosporosinus,ERR1090112
34095.0,561,genus,0.00887469,Escherichia,ERR1090112
34095.0,48463,genus,0.00887469,Prosthecobacter,ERR1090112
34095.0,581,genus,0.00887469,Morganella,ERR1090112
34095.0,34037,genus,0.00887469,Rahnella,ERR1090112
34095.0,35832,genus,0.00887469,Bilophila,ERR1090112
34095.0,84111,genus,0.00887469,Eggerthella,ERR1090112
34095.0,1485,genus,0.00887469,Clostridium,ERR1090112
34095.0,265980,genus,0.00887469,Alkalimonas,ERR1090112
34095.0,1654,genus,0.00443734,Actinomyces,ERR1090112
34095.0,53335,genus,0.00443734,Pantoea,ERR1090112
34095.0,1380,genus,0.00443734,Atopobium,ERR1090112
34095.0,100175,genus,0.00443734,Papillibacter,ERR1090112
34095.0,1883,genus,0.00443734,Streptomyces,ERR1090112
34095.0,1652133,genus,0.00443734,Halobacteriovorax,ERR1090112
34095.0,59732,genus,0.00443734,Chryseobacterium,ERR1090112
34095.0,28138,genus,0.00443734,Rikenella,ERR1090112
34095.0,1253,genus,0.00443734,Pediococcus,ERR1090112
34095.0,1676142,genus,0.00443734,Wenzhouxiangella,ERR1090112
34095.0,1742989,genus,0.00443734,Glutamicibacter,ERR1090112
34095.0,836,genus,0.00443734,Porphyromonas,ERR1090112
34095.0,445,genus,0.00443734,Legionella,ERR1090112
34095.0,724,genus,0.00443734,Haemophilus,ERR1090112
34095.0,278993,genus,0.00443734,Thermincola,ERR1090112
34095.0,626,genus,0.00443734,Xenorhabdus,ERR1090112
34095.0,1827,genus,0.00443734,Rhodococcus,ERR1090112
34095.0,1350,genus,0.00443734,Enterococcus,ERR1090112
34095.0,1386,genus,0.00443734,Bacillus,ERR1090112
34095.0,58050,genus,0.00443734,Moritella,ERR1090112
34095.0,1357,genus,0.00443734,Lactococcus,ERR1090112
34095.0,702,genus,0.00443734,Plesiomonas,ERR1090112
34095.0,33882,genus,0.00443734,Microbacterium,ERR1090112
34095.0,180541,genus,0.00443734,Salinisphaera,ERR1090112
34095.0,846,genus,0.00443734,Oxalobacter,ERR1090112
34095.0,267986,genus,0.00443734,Owenweeksia,ERR1090112
34095.0,1279,genus,0.00443734,Staphylococcus,ERR1090112
34095.0,1618113,genus,0.00443734,Saccharicrinis,ERR1090112
34095.0,39948,genus,0.00443734,Dialister,ERR1090112
34095.0,156973,genus,0.00443734,Dysgonomonas,ERR1090112
34095.0,36853,genus,0.00443734,Desulfitobacterium,ERR1090112
34095.0,106633,genus,0.00443734,Thioalkalivibrio,ERR1090112
,-1,genus,69.4045,Unknown,ERR1090112
46788.0,44748,genus,13.452,Sporobacter,ERR1090410
46788.0,397864,genus,8.02816,Barnesiella,ERR1090410
46788.0,216851,genus,7.08346,Faecalibacterium,ERR1090410
46788.0,838,genus,5.83601,Prevotella,ERR1090410
46788.0,459786,genus,4.52291,Oscillibacter,ERR1090410
46788.0,1508657,genus,4.29676,Ruminiclostridium,ERR1090410
46788.0,816,genus,3.37029,Bacteroides,ERR1090410
46788.0,1485,genus,3.1478,Clostridium,ERR1090410
46788.0,239759,genus,2.53502,Alistipes,ERR1090410
46788.0,239934,genus,2.36723,Akkermansia,ERR1090410
46788.0,577309,genus,2.21768,Paraprevotella,ERR1090410
46788.0,1279388,genus,1.82011,Kandleria,ERR1090410
46788.0,1730,genus,1.79093,Eubacterium,ERR1090410
46788.0,572511,genus,1.28757,Blautia,ERR1090410
46788.0,1263,genus,1.13437,Ruminococcus,ERR1090410
46788.0,375288,genus,1.07237,Parabacteroides,ERR1090410
46788.0,244127,genus,0.784214,Anaerotruncus,ERR1090410
46788.0,990721,genus,0.736796,Christensenella,ERR1090410
46788.0,1573535,genus,0.649256,Holdemanella,ERR1090410
46788.0,1506553,genus,0.616428,Lachnoclostridium,ERR1090410
46788.0,1716,genus,0.561716,Corynebacterium,ERR1090410
46788.0,841,genus,0.430406,Roseburia,ERR1090410
46788.0,1505657,genus,0.372046,Intestinibacter,ERR1090410
46788.0,872,genus,0.313685,Desulfovibrio,ERR1090410
46788.0,2147,genus,0.299095,Acholeplasma,ERR1090410
46788.0,172900,genus,0.299095,Victivallis,ERR1090410
46788.0,283168,genus,0.26262,Odoribacter,ERR1090410
46788.0,33042,genus,0.182375,Coprococcus,ERR1090410
46788.0,1350,genus,0.11672,Enterococcus,ERR1090410
46788.0,2172,genus,0.11672,Methanobrevibacter,ERR1090410
46788.0,904,genus,0.113073,Acidaminococcus,ERR1090410
46788.0,2316,genus,0.109425,Methanosphaera,ERR1090410
46788.0,133925,genus,0.0984826,Olsenella,ERR1090410
46788.0,1505663,genus,0.0911876,Erysipelatoclostridium,ERR1090410
46788.0,35832,genus,0.0875401,Bilophila,ERR1090410
46788.0,1279,genus,0.0802451,Staphylococcus,ERR1090410
46788.0,577310,genus,0.0802451,Parasutterella,ERR1090410
46788.0,1578,genus,0.0765976,Lactobacillus,ERR1090410
46788.0,40544,genus,0.0693026,Sutterella,ERR1090410
46788.0,189330,genus,0.0693026,Dorea,ERR1090410
46788.0,286,genus,0.0693026,Pseudomonas,ERR1090410
46788.0,724,genus,0.0693026,Haemophilus,ERR1090410
46788.0,1301,genus,0.0656551,Streptococcus,ERR1090410
46788.0,84108,genus,0.0620076,Slackia,ERR1090410
46788.0,1386,genus,0.0510651,Bacillus,ERR1090410
46788.0,508459,genus,0.0328275,Cloacibacillus,ERR1090410
46788.0,270497,genus,0.0328275,Catabacter,ERR1090410
46788.0,1243,genus,0.02918,Leuconostoc,ERR1090410
46788.0,846,genus,0.0255325,Oxalobacter,ERR1090410
46788.0,84111,genus,0.021885,Eggerthella,ERR1090410
46788.0,61170,genus,0.01459,Holdemania,ERR1090410
46788.0,52784,genus,0.01459,Anaerofilum,ERR1090410
46788.0,1017280,genus,0.01459,Pseudoflavonifractor,ERR1090410
46788.0,79206,genus,0.01459,Desulfosporosinus,ERR1090410
46788.0,29465,genus,0.01459,Veillonella,ERR1090410
46788.0,1637257,genus,0.0109425,Mageeibacillus,ERR1090410
46788.0,413,genus,0.0109425,Methylococcus,ERR1090410
46788.0,1678,genus,0.0109425,Bifidobacterium,ERR1090410
46788.0,442430,genus,0.0109425,Coraliomargarita,ERR1090410
46788.0,848,genus,0.0109425,Fusobacterium,ERR1090410
46788.0,1839,genus,0.0109425,Nocardioides,ERR1090410
46788.0,187144,genus,0.0109425,Caldithrix,ERR1090410
46788.0,173479,genus,0.0109425,Gemmatimonas,ERR1090410
46788.0,1506577,genus,0.00729501,Tyzzerella,ERR1090410
46788.0,670486,genus,0.00729501,Dehalogenimonas,ERR1090410
46788.0,1654,genus,0.00729501,Actinomyces,ERR1090410
46788.0,698776,genus,0.00729501,Cellulosilyticum,ERR1090410
46788.0,40323,genus,0.00729501,Stenotrophomonas,ERR1090410
46788.0,590,genus,0.00729501,Salmonella,ERR1090410
46788.0,2357,genus,0.00729501,Desulfomonile,ERR1090410
46788.0,84567,genus,0.00729501,Pedobacter,ERR1090410
46788.0,1827,genus,0.00729501,Rhodococcus,ERR1090410
46788.0,100175,genus,0.00729501,Papillibacter,ERR1090410
46788.0,1380,genus,0.00729501,Atopobium,ERR1090410
46788.0,2745,genus,0.00729501,Halomonas,ERR1090410
46788.0,836,genus,0.00729501,Porphyromonas,ERR1090410
46788.0,1866885,genus,0.00729501,Mycobacterium fortuitum complex,ERR1090410
46788.0,262406,genus,0.00729501,Thermobaculum,ERR1090410
46788.0,32207,genus,0.00729501,Rothia,ERR1090410
46788.0,203470,genus,0.00364751,Tepidiphilus,ERR1090410
46788.0,233189,genus,0.00364751,Anaerolinea,ERR1090410
46788.0,34098,genus,0.00364751,Blattabacterium,ERR1090410
46788.0,156973,genus,0.00364751,Dysgonomonas,ERR1090410
46788.0,1471399,genus,0.00364751,Draconibacterium,ERR1090410
46788.0,475,genus,0.00364751,Moraxella,ERR1090410
46788.0,140458,genus,0.00364751,Thermacetogenium,ERR1090410
46788.0,165779,genus,0.00364751,Anaerococcus,ERR1090410
46788.0,86331,genus,0.00364751,Mogibacterium,ERR1090410
46788.0,312278,genus,0.00364751,Emticicia,ERR1090410
46788.0,162289,genus,0.00364751,Peptoniphilus,ERR1090410
46788.0,767891,genus,0.00364751,Candidatus Puniceispirillum,ERR1090410
46788.0,332102,genus,0.00364751,Fluviicola,ERR1090410
46788.0,118747,genus,0.00364751,Bulleidia,ERR1090410
46788.0,2740,genus,0.00364751,Peptococcus,ERR1090410
46788.0,346096,genus,0.00364751,Paludibacter,ERR1090410
46788.0,795750,genus,0.00364751,Ignavibacterium,ERR1090410
46788.0,146813,genus,0.00364751,Dendrosporobacter,ERR1090410
46788.0,496496,genus,0.00364751,Viridibacillus,ERR1090410
46788.0,1253,genus,0.00364751,Pediococcus,ERR1090410
46788.0,16,genus,0.00364751,Methylophilus,ERR1090410
46788.0,44260,genus,0.00364751,Moorella,ERR1090410
46788.0,157,genus,0.00364751,Treponema,ERR1090410
46788.0,1652133,genus,0.00364751,Halobacteriovorax,ERR1090410
46788.0,102106,genus,0.00364751,Collinsella,ERR1090410
46788.0,469,genus,0.00364751,Acinetobacter,ERR1090410
46788.0,1883,genus,0.00364751,Streptomyces,ERR1090410
46788.0,407,genus,0.00364751,Methylobacterium,ERR1090410
46788.0,156454,genus,0.00364751,Anaeroglobus,ERR1090410
46788.0,233191,genus,0.00364751,Caldilinea,ERR1090410
46788.0,105,genus,0.00364751,Runella,ERR1090410
,-1,genus,26.8201,Unknown,ERR1090410
46788.0,44748,genus,13.452,Sporobacter,ERR1090410
46788.0,397864,genus,8.02816,Barnesiella,ERR1090410
46788.0,216851,genus,7.08346,Faecalibacterium,ERR1090410
46788.0,838,genus,5.83601,Prevotella,ERR1090410
46788.0,459786,genus,4.52291,Oscillibacter,ERR1090410
46788.0,1508657,genus,4.29676,Ruminiclostridium,ERR1090410
46788.0,816,genus,3.37029,Bacteroides,ERR1090410
46788.0,1485,genus,3.1478,Clostridium,ERR1090410
46788.0,239759,genus,2.53502,Alistipes,ERR1090410
46788.0,239934,genus,2.36723,Akkermansia,ERR1090410
46788.0,577309,genus,2.21768,Paraprevotella,ERR1090410
46788.0,1279388,genus,1.82011,Kandleria,ERR1090410
46788.0,1730,genus,1.79093,Eubacterium,ERR1090410
46788.0,572511,genus,1.28757,Blautia,ERR1090410
46788.0,1263,genus,1.13437,Ruminococcus,ERR1090410
46788.0,375288,genus,1.07237,Parabacteroides,ERR1090410
46788.0,244127,genus,0.784214,Anaerotruncus,ERR1090410
46788.0,990721,genus,0.736796,Christensenella,ERR1090410
46788.0,1573535,genus,0.649256,Holdemanella,ERR1090410
46788.0,1506553,genus,0.616428,Lachnoclostridium,ERR1090410
46788.0,1716,genus,0.561716,Corynebacterium,ERR1090410
46788.0,841,genus,0.430406,Roseburia,ERR1090410
46788.0,1505657,genus,0.372046,Intestinibacter,ERR1090410
46788.0,872,genus,0.313685,Desulfovibrio,ERR1090410
46788.0,2147,genus,0.299095,Acholeplasma,ERR1090410
46788.0,172900,genus,0.299095,Victivallis,ERR1090410
46788.0,283168,genus,0.26262,Odoribacter,ERR1090410
46788.0,33042,genus,0.182375,Coprococcus,ERR1090410
46788.0,1350,genus,0.11672,Enterococcus,ERR1090410
46788.0,2172,genus,0.11672,Methanobrevibacter,ERR1090410
46788.0,904,genus,0.113073,Acidaminococcus,ERR1090410
46788.0,2316,genus,0.109425,Methanosphaera,ERR1090410
46788.0,133925,genus,0.0984826,Olsenella,ERR1090410
46788.0,1505663,genus,0.0911876,Erysipelatoclostridium,ERR1090410
46788.0,35832,genus,0.0875401,Bilophila,ERR1090410
46788.0,577310,genus,0.0802451,Parasutterella,ERR1090410
46788.0,1279,genus,0.0802451,Staphylococcus,ERR1090410
46788.0,1578,genus,0.0765976,Lactobacillus,ERR1090410
46788.0,40544,genus,0.0693026,Sutterella,ERR1090410
46788.0,189330,genus,0.0693026,Dorea,ERR1090410
46788.0,286,genus,0.0693026,Pseudomonas,ERR1090410
46788.0,724,genus,0.0693026,Haemophilus,ERR1090410
46788.0,1301,genus,0.0656551,Streptococcus,ERR1090410
46788.0,84108,genus,0.0620076,Slackia,ERR1090410
46788.0,1386,genus,0.0510651,Bacillus,ERR1090410
46788.0,508459,genus,0.0328275,Cloacibacillus,ERR1090410
46788.0,270497,genus,0.0328275,Catabacter,ERR1090410
46788.0,1243,genus,0.02918,Leuconostoc,ERR1090410
46788.0,846,genus,0.0255325,Oxalobacter,ERR1090410
46788.0,84111,genus,0.021885,Eggerthella,ERR1090410
46788.0,1017280,genus,0.01459,Pseudoflavonifractor,ERR1090410
46788.0,79206,genus,0.01459,Desulfosporosinus,ERR1090410
46788.0,29465,genus,0.01459,Veillonella,ERR1090410
46788.0,61170,genus,0.01459,Holdemania,ERR1090410
46788.0,52784,genus,0.01459,Anaerofilum,ERR1090410
46788.0,413,genus,0.0109425,Methylococcus,ERR1090410
46788.0,1678,genus,0.0109425,Bifidobacterium,ERR1090410
46788.0,442430,genus,0.0109425,Coraliomargarita,ERR1090410
46788.0,848,genus,0.0109425,Fusobacterium,ERR1090410
46788.0,1839,genus,0.0109425,Nocardioides,ERR1090410
46788.0,187144,genus,0.0109425,Caldithrix,ERR1090410
46788.0,173479,genus,0.0109425,Gemmatimonas,ERR1090410
46788.0,1637257,genus,0.0109425,Mageeibacillus,ERR1090410
46788.0,1654,genus,0.00729501,Actinomyces,ERR1090410
46788.0,698776,genus,0.00729501,Cellulosilyticum,ERR1090410
46788.0,84567,genus,0.00729501,Pedobacter,ERR1090410
46788.0,40323,genus,0.00729501,Stenotrophomonas,ERR1090410
46788.0,590,genus,0.00729501,Salmonella,ERR1090410
46788.0,2357,genus,0.00729501,Desulfomonile,ERR1090410
46788.0,1827,genus,0.00729501,Rhodococcus,ERR1090410
46788.0,100175,genus,0.00729501,Papillibacter,ERR1090410
46788.0,1380,genus,0.00729501,Atopobium,ERR1090410
46788.0,2745,genus,0.00729501,Halomonas,ERR1090410
46788.0,836,genus,0.00729501,Porphyromonas,ERR1090410
46788.0,1866885,genus,0.00729501,Mycobacterium fortuitum complex,ERR1090410
46788.0,262406,genus,0.00729501,Thermobaculum,ERR1090410
46788.0,32207,genus,0.00729501,Rothia,ERR1090410
46788.0,1506577,genus,0.00729501,Tyzzerella,ERR1090410
46788.0,670486,genus,0.00729501,Dehalogenimonas,ERR1090410
46788.0,165779,genus,0.00364751,Anaerococcus,ERR1090410
46788.0,86331,genus,0.00364751,Mogibacterium,ERR1090410
46788.0,312278,genus,0.00364751,Emticicia,ERR1090410
46788.0,162289,genus,0.00364751,Peptoniphilus,ERR1090410
46788.0,767891,genus,0.00364751,Candidatus Puniceispirillum,ERR1090410
46788.0,332102,genus,0.00364751,Fluviicola,ERR1090410
46788.0,118747,genus,0.00364751,Bulleidia,ERR1090410
46788.0,2740,genus,0.00364751,Peptococcus,ERR1090410
46788.0,346096,genus,0.00364751,Paludibacter,ERR1090410
46788.0,795750,genus,0.00364751,Ignavibacterium,ERR1090410
46788.0,146813,genus,0.00364751,Dendrosporobacter,ERR1090410
46788.0,1253,genus,0.00364751,Pediococcus,ERR1090410
46788.0,496496,genus,0.00364751,Viridibacillus,ERR1090410
46788.0,44260,genus,0.00364751,Moorella,ERR1090410
46788.0,16,genus,0.00364751,Methylophilus,ERR1090410
46788.0,1652133,genus,0.00364751,Halobacteriovorax,ERR1090410
46788.0,157,genus,0.00364751,Treponema,ERR1090410
46788.0,102106,genus,0.00364751,Collinsella,ERR1090410
46788.0,1883,genus,0.00364751,Streptomyces,ERR1090410
46788.0,407,genus,0.00364751,Methylobacterium,ERR1090410
46788.0,469,genus,0.00364751,Acinetobacter,ERR1090410
46788.0,233191,genus,0.00364751,Caldilinea,ERR1090410
46788.0,105,genus,0.00364751,Runella,ERR1090410
46788.0,156454,genus,0.00364751,Anaeroglobus,ERR1090410
46788.0,203470,genus,0.00364751,Tepidiphilus,ERR1090410
46788.0,233189,genus,0.00364751,Anaerolinea,ERR1090410
46788.0,34098,genus,0.00364751,Blattabacterium,ERR1090410
46788.0,156973,genus,0.00364751,Dysgonomonas,ERR1090410
46788.0,475,genus,0.00364751,Moraxella,ERR1090410
46788.0,140458,genus,0.00364751,Thermacetogenium,ERR1090410
46788.0,1471399,genus,0.00364751,Draconibacterium,ERR1090410
,-1,genus,26.8201,Unknown,ERR1090410
46788.0,44748,genus,13.452,Sporobacter,ERR1090410
46788.0,397864,genus,8.02816,Barnesiella,ERR1090410
46788.0,216851,genus,7.08346,Faecalibacterium,ERR1090410
46788.0,838,genus,5.83601,Prevotella,ERR1090410
46788.0,459786,genus,4.52291,Oscillibacter,ERR1090410
46788.0,1508657,genus,4.29676,Ruminiclostridium,ERR1090410
46788.0,816,genus,3.37029,Bacteroides,ERR1090410
46788.0,1485,genus,3.1478,Clostridium,ERR1090410
46788.0,239759,genus,2.53502,Alistipes,ERR1090410
46788.0,239934,genus,2.36723,Akkermansia,ERR1090410
46788.0,577309,genus,2.21768,Paraprevotella,ERR1090410
46788.0,1279388,genus,1.82011,Kandleria,ERR1090410
46788.0,1730,genus,1.79093,Eubacterium,ERR1090410
46788.0,572511,genus,1.28757,Blautia,ERR1090410
46788.0,1263,genus,1.13437,Ruminococcus,ERR1090410
46788.0,375288,genus,1.07237,Parabacteroides,ERR1090410
46788.0,244127,genus,0.784214,Anaerotruncus,ERR1090410
46788.0,990721,genus,0.736796,Christensenella,ERR1090410
46788.0,1573535,genus,0.649256,Holdemanella,ERR1090410
46788.0,1506553,genus,0.616428,Lachnoclostridium,ERR1090410
46788.0,1716,genus,0.561716,Corynebacterium,ERR1090410
46788.0,841,genus,0.430406,Roseburia,ERR1090410
46788.0,1505657,genus,0.372046,Intestinibacter,ERR1090410
46788.0,872,genus,0.313685,Desulfovibrio,ERR1090410
46788.0,2147,genus,0.299095,Acholeplasma,ERR1090410
46788.0,172900,genus,0.299095,Victivallis,ERR1090410
46788.0,283168,genus,0.26262,Odoribacter,ERR1090410
46788.0,33042,genus,0.182375,Coprococcus,ERR1090410
46788.0,1350,genus,0.11672,Enterococcus,ERR1090410
46788.0,2172,genus,0.11672,Methanobrevibacter,ERR1090410
46788.0,904,genus,0.113073,Acidaminococcus,ERR1090410
46788.0,2316,genus,0.109425,Methanosphaera,ERR1090410
46788.0,133925,genus,0.0984826,Olsenella,ERR1090410
46788.0,1505663,genus,0.0911876,Erysipelatoclostridium,ERR1090410
46788.0,35832,genus,0.0875401,Bilophila,ERR1090410
46788.0,1279,genus,0.0802451,Staphylococcus,ERR1090410
46788.0,577310,genus,0.0802451,Parasutterella,ERR1090410
46788.0,1578,genus,0.0765976,Lactobacillus,ERR1090410
46788.0,40544,genus,0.0693026,Sutterella,ERR1090410
46788.0,189330,genus,0.0693026,Dorea,ERR1090410
46788.0,286,genus,0.0693026,Pseudomonas,ERR1090410
46788.0,724,genus,0.0693026,Haemophilus,ERR1090410
46788.0,1301,genus,0.0656551,Streptococcus,ERR1090410
46788.0,84108,genus,0.0620076,Slackia,ERR1090410
46788.0,1386,genus,0.0510651,Bacillus,ERR1090410
46788.0,508459,genus,0.0328275,Cloacibacillus,ERR1090410
46788.0,270497,genus,0.0328275,Catabacter,ERR1090410
46788.0,1243,genus,0.02918,Leuconostoc,ERR1090410
46788.0,846,genus,0.0255325,Oxalobacter,ERR1090410
46788.0,84111,genus,0.021885,Eggerthella,ERR1090410
46788.0,61170,genus,0.01459,Holdemania,ERR1090410
46788.0,52784,genus,0.01459,Anaerofilum,ERR1090410
46788.0,1017280,genus,0.01459,Pseudoflavonifractor,ERR1090410
46788.0,79206,genus,0.01459,Desulfosporosinus,ERR1090410
46788.0,29465,genus,0.01459,Veillonella,ERR1090410
46788.0,413,genus,0.0109425,Methylococcus,ERR1090410
46788.0,1678,genus,0.0109425,Bifidobacterium,ERR1090410
46788.0,442430,genus,0.0109425,Coraliomargarita,ERR1090410
46788.0,848,genus,0.0109425,Fusobacterium,ERR1090410
46788.0,1839,genus,0.0109425,Nocardioides,ERR1090410
46788.0,187144,genus,0.0109425,Caldithrix,ERR1090410
46788.0,173479,genus,0.0109425,Gemmatimonas,ERR1090410
46788.0,1637257,genus,0.0109425,Mageeibacillus,ERR1090410
46788.0,1506577,genus,0.00729501,Tyzzerella,ERR1090410
46788.0,670486,genus,0.00729501,Dehalogenimonas,ERR1090410
46788.0,1654,genus,0.00729501,Actinomyces,ERR1090410
46788.0,698776,genus,0.00729501,Cellulosilyticum,ERR1090410
46788.0,40323,genus,0.00729501,Stenotrophomonas,ERR1090410
46788.0,590,genus,0.00729501,Salmonella,ERR1090410
46788.0,2357,genus,0.00729501,Desulfomonile,ERR1090410
46788.0,84567,genus,0.00729501,Pedobacter,ERR1090410
46788.0,1827,genus,0.00729501,Rhodococcus,ERR1090410
46788.0,100175,genus,0.00729501,Papillibacter,ERR1090410
46788.0,1380,genus,0.00729501,Atopobium,ERR1090410
46788.0,2745,genus,0.00729501,Halomonas,ERR1090410
46788.0,836,genus,0.00729501,Porphyromonas,ERR1090410
46788.0,1866885,genus,0.00729501,Mycobacterium fortuitum complex,ERR1090410
46788.0,262406,genus,0.00729501,Thermobaculum,ERR1090410
46788.0,32207,genus,0.00729501,Rothia,ERR1090410
46788.0,156973,genus,0.00364751,Dysgonomonas,ERR1090410
46788.0,1471399,genus,0.00364751,Draconibacterium,ERR1090410
46788.0,475,genus,0.00364751,Moraxella,ERR1090410
46788.0,140458,genus,0.00364751,Thermacetogenium,ERR1090410
46788.0,165779,genus,0.00364751,Anaerococcus,ERR1090410
46788.0,86331,genus,0.00364751,Mogibacterium,ERR1090410
46788.0,312278,genus,0.00364751,Emticicia,ERR1090410
46788.0,162289,genus,0.00364751,Peptoniphilus,ERR1090410
46788.0,767891,genus,0.00364751,Candidatus Puniceispirillum,ERR1090410
46788.0,332102,genus,0.00364751,Fluviicola,ERR1090410
46788.0,118747,genus,0.00364751,Bulleidia,ERR1090410
46788.0,2740,genus,0.00364751,Peptococcus,ERR1090410
46788.0,346096,genus,0.00364751,Paludibacter,ERR1090410
46788.0,795750,genus,0.00364751,Ignavibacterium,ERR1090410
46788.0,146813,genus,0.00364751,Dendrosporobacter,ERR1090410
46788.0,496496,genus,0.00364751,Viridibacillus,ERR1090410
46788.0,1253,genus,0.00364751,Pediococcus,ERR1090410
46788.0,16,genus,0.00364751,Methylophilus,ERR1090410
46788.0,44260,genus,0.00364751,Moorella,ERR1090410
46788.0,157,genus,0.00364751,Treponema,ERR1090410
46788.0,1652133,genus,0.00364751,Halobacteriovorax,ERR1090410
46788.0,102106,genus,0.00364751,Collinsella,ERR1090410
46788.0,469,genus,0.00364751,Acinetobacter,ERR1090410
46788.0,1883,genus,0.00364751,Streptomyces,ERR1090410
46788.0,407,genus,0.00364751,Methylobacterium,ERR1090410
46788.0,156454,genus,0.00364751,Anaeroglobus,ERR1090410
46788.0,233191,genus,0.00364751,Caldilinea,ERR1090410
46788.0,105,genus,0.00364751,Runella,ERR1090410
46788.0,203470,genus,0.00364751,Tepidiphilus,ERR1090410
46788.0,233189,genus,0.00364751,Anaerolinea,ERR1090410
46788.0,34098,genus,0.00364751,Blattabacterium,ERR1090410
,-1,genus,26.8201,Unknown,ERR1090410
46788.0,44748,genus,13.452,Sporobacter,ERR1090410
46788.0,397864,genus,8.02816,Barnesiella,ERR1090410
46788.0,216851,genus,7.08346,Faecalibacterium,ERR1090410
46788.0,838,genus,5.83601,Prevotella,ERR1090410
46788.0,459786,genus,4.52291,Oscillibacter,ERR1090410
46788.0,1508657,genus,4.29676,Ruminiclostridium,ERR1090410
46788.0,816,genus,3.37029,Bacteroides,ERR1090410
46788.0,1485,genus,3.1478,Clostridium,ERR1090410
46788.0,239759,genus,2.53502,Alistipes,ERR1090410
46788.0,239934,genus,2.36723,Akkermansia,ERR1090410
46788.0,577309,genus,2.21768,Paraprevotella,ERR1090410
46788.0,1279388,genus,1.82011,Kandleria,ERR1090410
46788.0,1730,genus,1.79093,Eubacterium,ERR1090410
46788.0,572511,genus,1.28757,Blautia,ERR1090410
46788.0,1263,genus,1.13437,Ruminococcus,ERR1090410
46788.0,375288,genus,1.07237,Parabacteroides,ERR1090410
46788.0,244127,genus,0.784214,Anaerotruncus,ERR1090410
46788.0,990721,genus,0.736796,Christensenella,ERR1090410
46788.0,1573535,genus,0.649256,Holdemanella,ERR1090410
46788.0,1506553,genus,0.616428,Lachnoclostridium,ERR1090410
46788.0,1716,genus,0.561716,Corynebacterium,ERR1090410
46788.0,841,genus,0.430406,Roseburia,ERR1090410
46788.0,1505657,genus,0.372046,Intestinibacter,ERR1090410
46788.0,872,genus,0.313685,Desulfovibrio,ERR1090410
46788.0,2147,genus,0.299095,Acholeplasma,ERR1090410
46788.0,172900,genus,0.299095,Victivallis,ERR1090410
46788.0,283168,genus,0.26262,Odoribacter,ERR1090410
46788.0,33042,genus,0.182375,Coprococcus,ERR1090410
46788.0,1350,genus,0.11672,Enterococcus,ERR1090410
46788.0,2172,genus,0.11672,Methanobrevibacter,ERR1090410
46788.0,904,genus,0.113073,Acidaminococcus,ERR1090410
46788.0,2316,genus,0.109425,Methanosphaera,ERR1090410
46788.0,133925,genus,0.0984826,Olsenella,ERR1090410
46788.0,1505663,genus,0.0911876,Erysipelatoclostridium,ERR1090410
46788.0,35832,genus,0.0875401,Bilophila,ERR1090410
46788.0,1279,genus,0.0802451,Staphylococcus,ERR1090410
46788.0,577310,genus,0.0802451,Parasutterella,ERR1090410
46788.0,1578,genus,0.0765976,Lactobacillus,ERR1090410
46788.0,724,genus,0.0693026,Haemophilus,ERR1090410
46788.0,40544,genus,0.0693026,Sutterella,ERR1090410
46788.0,189330,genus,0.0693026,Dorea,ERR1090410
46788.0,286,genus,0.0693026,Pseudomonas,ERR1090410
46788.0,1301,genus,0.0656551,Streptococcus,ERR1090410
46788.0,84108,genus,0.0620076,Slackia,ERR1090410
46788.0,1386,genus,0.0510651,Bacillus,ERR1090410
46788.0,270497,genus,0.0328275,Catabacter,ERR1090410
46788.0,508459,genus,0.0328275,Cloacibacillus,ERR1090410
46788.0,1243,genus,0.02918,Leuconostoc,ERR1090410
46788.0,846,genus,0.0255325,Oxalobacter,ERR1090410
46788.0,84111,genus,0.021885,Eggerthella,ERR1090410
46788.0,29465,genus,0.01459,Veillonella,ERR1090410
46788.0,61170,genus,0.01459,Holdemania,ERR1090410
46788.0,52784,genus,0.01459,Anaerofilum,ERR1090410
46788.0,1017280,genus,0.01459,Pseudoflavonifractor,ERR1090410
46788.0,79206,genus,0.01459,Desulfosporosinus,ERR1090410
46788.0,1637257,genus,0.0109425,Mageeibacillus,ERR1090410
46788.0,413,genus,0.0109425,Methylococcus,ERR1090410
46788.0,1678,genus,0.0109425,Bifidobacterium,ERR1090410
46788.0,442430,genus,0.0109425,Coraliomargarita,ERR1090410
46788.0,848,genus,0.0109425,Fusobacterium,ERR1090410
46788.0,1839,genus,0.0109425,Nocardioides,ERR1090410
46788.0,187144,genus,0.0109425,Caldithrix,ERR1090410
46788.0,173479,genus,0.0109425,Gemmatimonas,ERR1090410
46788.0,262406,genus,0.00729501,Thermobaculum,ERR1090410
46788.0,32207,genus,0.00729501,Rothia,ERR1090410
46788.0,1506577,genus,0.00729501,Tyzzerella,ERR1090410
46788.0,670486,genus,0.00729501,Dehalogenimonas,ERR1090410
46788.0,1654,genus,0.00729501,Actinomyces,ERR1090410
46788.0,698776,genus,0.00729501,Cellulosilyticum,ERR1090410
46788.0,40323,genus,0.00729501,Stenotrophomonas,ERR1090410
46788.0,590,genus,0.00729501,Salmonella,ERR1090410
46788.0,2357,genus,0.00729501,Desulfomonile,ERR1090410
46788.0,84567,genus,0.00729501,Pedobacter,ERR1090410
46788.0,1827,genus,0.00729501,Rhodococcus,ERR1090410
46788.0,100175,genus,0.00729501,Papillibacter,ERR1090410
46788.0,1380,genus,0.00729501,Atopobium,ERR1090410
46788.0,2745,genus,0.00729501,Halomonas,ERR1090410
46788.0,836,genus,0.00729501,Porphyromonas,ERR1090410
46788.0,1866885,genus,0.00729501,Mycobacterium fortuitum complex,ERR1090410
46788.0,469,genus,0.00364751,Acinetobacter,ERR1090410
46788.0,1883,genus,0.00364751,Streptomyces,ERR1090410
46788.0,407,genus,0.00364751,Methylobacterium,ERR1090410
46788.0,156454,genus,0.00364751,Anaeroglobus,ERR1090410
46788.0,233191,genus,0.00364751,Caldilinea,ERR1090410
46788.0,105,genus,0.00364751,Runella,ERR1090410
46788.0,203470,genus,0.00364751,Tepidiphilus,ERR1090410
46788.0,233189,genus,0.00364751,Anaerolinea,ERR1090410
46788.0,34098,genus,0.00364751,Blattabacterium,ERR1090410
46788.0,156973,genus,0.00364751,Dysgonomonas,ERR1090410
46788.0,1471399,genus,0.00364751,Draconibacterium,ERR1090410
46788.0,475,genus,0.00364751,Moraxella,ERR1090410
46788.0,140458,genus,0.00364751,Thermacetogenium,ERR1090410
46788.0,165779,genus,0.00364751,Anaerococcus,ERR1090410
46788.0,86331,genus,0.00364751,Mogibacterium,ERR1090410
46788.0,312278,genus,0.00364751,Emticicia,ERR1090410
46788.0,162289,genus,0.00364751,Peptoniphilus,ERR1090410
46788.0,767891,genus,0.00364751,Candidatus Puniceispirillum,ERR1090410
46788.0,332102,genus,0.00364751,Fluviicola,ERR1090410
46788.0,118747,genus,0.00364751,Bulleidia,ERR1090410
46788.0,2740,genus,0.00364751,Peptococcus,ERR1090410
46788.0,346096,genus,0.00364751,Paludibacter,ERR1090410
46788.0,795750,genus,0.00364751,Ignavibacterium,ERR1090410
46788.0,146813,genus,0.00364751,Dendrosporobacter,ERR1090410
46788.0,496496,genus,0.00364751,Viridibacillus,ERR1090410
46788.0,1253,genus,0.00364751,Pediococcus,ERR1090410
46788.0,16,genus,0.00364751,Methylophilus,ERR1090410
46788.0,44260,genus,0.00364751,Moorella,ERR1090410
46788.0,157,genus,0.00364751,Treponema,ERR1090410
46788.0,1652133,genus,0.00364751,Halobacteriovorax,ERR1090410
46788.0,102106,genus,0.00364751,Collinsella,ERR1090410
,-1,genus,26.8201,Unknown,ERR1090410
46159.0,216851,genus,21.2956,Faecalibacterium,ERR1090473
46159.0,816,genus,14.5157,Bacteroides,ERR1090473
46159.0,1508657,genus,6.00861,Ruminiclostridium,ERR1090473
46159.0,1730,genus,2.55436,Eubacterium,ERR1090473
46159.0,375288,genus,1.33587,Parabacteroides,ERR1090473
46159.0,39948,genus,1.00609,Dialister,ERR1090473
46159.0,239759,genus,0.955788,Alistipes,ERR1090473
46159.0,1506553,genus,0.922251,Lachnoclostridium,ERR1090473
46159.0,244127,genus,0.916662,Anaerotruncus,ERR1090473
46159.0,572511,genus,0.726622,Blautia,ERR1090473
46159.0,397864,genus,0.626013,Barnesiella,ERR1090473
46159.0,44748,genus,0.614834,Sporobacter,ERR1090473
46159.0,1505663,genus,0.614834,Erysipelatoclostridium,ERR1090473
46159.0,1505657,genus,0.508636,Intestinibacter,ERR1090473
46159.0,841,genus,0.424795,Roseburia,ERR1090473
46159.0,459786,genus,0.419205,Oscillibacter,ERR1090473
46159.0,1678,genus,0.396848,Bifidobacterium,ERR1090473
46159.0,207244,genus,0.313007,Anaerostipes,ERR1090473
46159.0,283168,genus,0.128556,Odoribacter,ERR1090473
46159.0,1263,genus,0.122967,Ruminococcus,ERR1090473
46159.0,52784,genus,0.111788,Anaerofilum,ERR1090473
46159.0,583,genus,0.0894304,Proteus,ERR1090473
46159.0,61170,genus,0.083841,Holdemania,ERR1090473
46159.0,1301,genus,0.0782516,Streptococcus,ERR1090473
46159.0,1350,genus,0.0614834,Enterococcus,ERR1090473
46159.0,838,genus,0.0503046,Prevotella,ERR1090473
46159.0,590,genus,0.0447152,Salmonella,ERR1090473
46159.0,29465,genus,0.0447152,Veillonella,ERR1090473
46159.0,1017280,genus,0.0391258,Pseudoflavonifractor,ERR1090473
46159.0,1506577,genus,0.0391258,Tyzzerella,ERR1090473
46159.0,189330,genus,0.0391258,Dorea,ERR1090473
46159.0,1573534,genus,0.0335364,Faecalitalea,ERR1090473
46159.0,1386,genus,0.0335364,Bacillus,ERR1090473
46159.0,1378,genus,0.027947,Gemella,ERR1090473
46159.0,1578,genus,0.027947,Lactobacillus,ERR1090473
46159.0,40544,genus,0.027947,Sutterella,ERR1090473
46159.0,1485,genus,0.0223576,Clostridium,ERR1090473
46159.0,84567,genus,0.0223576,Pedobacter,ERR1090473
46159.0,100883,genus,0.0223576,Coprobacillus,ERR1090473
46159.0,561,genus,0.0167682,Escherichia,ERR1090473
46159.0,1051,genus,0.0167682,Ectothiorhodospira,ERR1090473
46159.0,469,genus,0.0167682,Acinetobacter,ERR1090473
46159.0,872,genus,0.0111788,Desulfovibrio,ERR1090473
46159.0,1654,genus,0.0111788,Actinomyces,ERR1090473
46159.0,46255,genus,0.0111788,Weissella,ERR1090473
46159.0,32207,genus,0.0111788,Rothia,ERR1090473
46159.0,114627,genus,0.0111788,Alkaliphilus,ERR1090473
46159.0,100175,genus,0.0111788,Papillibacter,ERR1090473
46159.0,118966,genus,0.0111788,Anaerorhabdus,ERR1090473
46159.0,203470,genus,0.0111788,Tepidiphilus,ERR1090473
46159.0,51194,genus,0.0055894,Desulfofustis,ERR1090473
46159.0,2056,genus,0.0055894,Sphaerobacter,ERR1090473
46159.0,53335,genus,0.0055894,Pantoea,ERR1090473
46159.0,970,genus,0.0055894,Selenomonas,ERR1090473
46159.0,28453,genus,0.0055894,Sphingobacterium,ERR1090473
46159.0,233191,genus,0.0055894,Caldilinea,ERR1090473
46159.0,129337,genus,0.0055894,Geobacillus,ERR1090473
46159.0,963,genus,0.0055894,Herbaspirillum,ERR1090473
46159.0,43947,genus,0.0055894,Tolumonas,ERR1090473
46159.0,172900,genus,0.0055894,Victivallis,ERR1090473
46159.0,180541,genus,0.0055894,Salinisphaera,ERR1090473
46159.0,286,genus,0.0055894,Pseudomonas,ERR1090473
46159.0,2349,genus,0.0055894,Haliscomenobacter,ERR1090473
46159.0,86331,genus,0.0055894,Mogibacterium,ERR1090473
46159.0,1524214,genus,0.0055894,Vulgatibacter,ERR1090473
46159.0,282132,genus,0.0055894,Candidatus Protochlamydia,ERR1090473
46159.0,2299,genus,0.0055894,Desulfosarcina,ERR1090473
46159.0,33042,genus,0.0055894,Coprococcus,ERR1090473
46159.0,662,genus,0.0055894,Vibrio,ERR1090473
46159.0,1485594,genus,0.0055894,Methyloligella,ERR1090473
46159.0,40323,genus,0.0055894,Stenotrophomonas,ERR1090473
46159.0,642,genus,0.0055894,Aeromonas,ERR1090473
46159.0,392332,genus,0.0055894,Geoalkalibacter,ERR1090473
46159.0,33882,genus,0.0055894,Microbacterium,ERR1090473
46159.0,1870884,genus,0.0055894,Clostridioides,ERR1090473
46159.0,44259,genus,0.0055894,Filifactor,ERR1090473
46159.0,551,genus,0.0055894,Erwinia,ERR1090473
46159.0,2701,genus,0.0055894,Gardnerella,ERR1090473
46159.0,28196,genus,0.0055894,Arcobacter,ERR1090473
46159.0,79328,genus,0.0055894,Chitinophaga,ERR1090473
,-1,genus,44.1283,Unknown,ERR1090473
46159.0,216851,genus,21.2956,Faecalibacterium,ERR1090473
46159.0,816,genus,14.5157,Bacteroides,ERR1090473
46159.0,1508657,genus,6.00861,Ruminiclostridium,ERR1090473
46159.0,1730,genus,2.55436,Eubacterium,ERR1090473
46159.0,375288,genus,1.33587,Parabacteroides,ERR1090473
46159.0,39948,genus,1.00609,Dialister,ERR1090473
46159.0,239759,genus,0.955788,Alistipes,ERR1090473
46159.0,1506553,genus,0.922251,Lachnoclostridium,ERR1090473
46159.0,244127,genus,0.916662,Anaerotruncus,ERR1090473
46159.0,572511,genus,0.726622,Blautia,ERR1090473
46159.0,397864,genus,0.626013,Barnesiella,ERR1090473
46159.0,1505663,genus,0.614834,Erysipelatoclostridium,ERR1090473
46159.0,44748,genus,0.614834,Sporobacter,ERR1090473
46159.0,1505657,genus,0.508636,Intestinibacter,ERR1090473
46159.0,841,genus,0.424795,Roseburia,ERR1090473
46159.0,459786,genus,0.419205,Oscillibacter,ERR1090473
46159.0,1678,genus,0.396848,Bifidobacterium,ERR1090473
46159.0,207244,genus,0.313007,Anaerostipes,ERR1090473
46159.0,283168,genus,0.128556,Odoribacter,ERR1090473
46159.0,1263,genus,0.122967,Ruminococcus,ERR1090473
46159.0,52784,genus,0.111788,Anaerofilum,ERR1090473
46159.0,583,genus,0.0894304,Proteus,ERR1090473
46159.0,61170,genus,0.083841,Holdemania,ERR1090473
46159.0,1301,genus,0.0782516,Streptococcus,ERR1090473
46159.0,1350,genus,0.0614834,Enterococcus,ERR1090473
46159.0,838,genus,0.0503046,Prevotella,ERR1090473
46159.0,29465,genus,0.0447152,Veillonella,ERR1090473
46159.0,590,genus,0.0447152,Salmonella,ERR1090473
46159.0,189330,genus,0.0391258,Dorea,ERR1090473
46159.0,1017280,genus,0.0391258,Pseudoflavonifractor,ERR1090473
46159.0,1506577,genus,0.0391258,Tyzzerella,ERR1090473
46159.0,1386,genus,0.0335364,Bacillus,ERR1090473
46159.0,1573534,genus,0.0335364,Faecalitalea,ERR1090473
46159.0,1378,genus,0.027947,Gemella,ERR1090473
46159.0,1578,genus,0.027947,Lactobacillus,ERR1090473
46159.0,40544,genus,0.027947,Sutterella,ERR1090473
46159.0,100883,genus,0.0223576,Coprobacillus,ERR1090473
46159.0,1485,genus,0.0223576,Clostridium,ERR1090473
46159.0,84567,genus,0.0223576,Pedobacter,ERR1090473
46159.0,469,genus,0.0167682,Acinetobacter,ERR1090473
46159.0,1051,genus,0.0167682,Ectothiorhodospira,ERR1090473
46159.0,561,genus,0.0167682,Escherichia,ERR1090473
46159.0,32207,genus,0.0111788,Rothia,ERR1090473
46159.0,114627,genus,0.0111788,Alkaliphilus,ERR1090473
46159.0,100175,genus,0.0111788,Papillibacter,ERR1090473
46159.0,118966,genus,0.0111788,Anaerorhabdus,ERR1090473
46159.0,203470,genus,0.0111788,Tepidiphilus,ERR1090473
46159.0,872,genus,0.0111788,Desulfovibrio,ERR1090473
46159.0,1654,genus,0.0111788,Actinomyces,ERR1090473
46159.0,46255,genus,0.0111788,Weissella,ERR1090473
46159.0,2299,genus,0.0055894,Desulfosarcina,ERR1090473
46159.0,1485594,genus,0.0055894,Methyloligella,ERR1090473
46159.0,40323,genus,0.0055894,Stenotrophomonas,ERR1090473
46159.0,33042,genus,0.0055894,Coprococcus,ERR1090473
46159.0,662,genus,0.0055894,Vibrio,ERR1090473
46159.0,642,genus,0.0055894,Aeromonas,ERR1090473
46159.0,392332,genus,0.0055894,Geoalkalibacter,ERR1090473
46159.0,1870884,genus,0.0055894,Clostridioides,ERR1090473
46159.0,33882,genus,0.0055894,Microbacterium,ERR1090473
46159.0,551,genus,0.0055894,Erwinia,ERR1090473
46159.0,44259,genus,0.0055894,Filifactor,ERR1090473
46159.0,28196,genus,0.0055894,Arcobacter,ERR1090473
46159.0,79328,genus,0.0055894,Chitinophaga,ERR1090473
46159.0,2701,genus,0.0055894,Gardnerella,ERR1090473
46159.0,53335,genus,0.0055894,Pantoea,ERR1090473
46159.0,970,genus,0.0055894,Selenomonas,ERR1090473
46159.0,51194,genus,0.0055894,Desulfofustis,ERR1090473
46159.0,2056,genus,0.0055894,Sphaerobacter,ERR1090473
46159.0,129337,genus,0.0055894,Geobacillus,ERR1090473
46159.0,28453,genus,0.0055894,Sphingobacterium,ERR1090473
46159.0,233191,genus,0.0055894,Caldilinea,ERR1090473
46159.0,963,genus,0.0055894,Herbaspirillum,ERR1090473
46159.0,180541,genus,0.0055894,Salinisphaera,ERR1090473
46159.0,43947,genus,0.0055894,Tolumonas,ERR1090473
46159.0,172900,genus,0.0055894,Victivallis,ERR1090473
46159.0,2349,genus,0.0055894,Haliscomenobacter,ERR1090473
46159.0,286,genus,0.0055894,Pseudomonas,ERR1090473
46159.0,86331,genus,0.0055894,Mogibacterium,ERR1090473
46159.0,1524214,genus,0.0055894,Vulgatibacter,ERR1090473
46159.0,282132,genus,0.0055894,Candidatus Protochlamydia,ERR1090473
,-1,genus,44.1283,Unknown,ERR1090473
38197.0,816,genus,21.3703,Bacteroides,ERR1090508
38197.0,216851,genus,9.12243,Faecalibacterium,ERR1090508
38197.0,397864,genus,5.14724,Barnesiella,ERR1090508
38197.0,469,genus,4.27309,Acinetobacter,ERR1090508
38197.0,572511,genus,3.07662,Blautia,ERR1090508
38197.0,1730,genus,2.75919,Eubacterium,ERR1090508
38197.0,459786,genus,2.6371,Oscillibacter,ERR1090508
38197.0,1508657,genus,2.45641,Ruminiclostridium,ERR1090508
38197.0,239934,genus,2.34409,Akkermansia,ERR1090508
38197.0,1716,genus,2.23177,Corynebacterium,ERR1090508
38197.0,1263,genus,2.12433,Ruminococcus,ERR1090508
38197.0,1505663,genus,1.84597,Erysipelatoclostridium,ERR1090508
38197.0,1506553,genus,1.81179,Lachnoclostridium,ERR1090508
38197.0,239759,genus,1.45041,Alistipes,ERR1090508
38197.0,375288,genus,1.19158,Parabacteroides,ERR1090508
38197.0,33042,genus,0.971822,Coprococcus,ERR1090508
38197.0,162289,genus,0.791131,Peptoniphilus,ERR1090508
38197.0,44748,genus,0.669043,Sporobacter,ERR1090508
38197.0,577310,genus,0.576256,Parasutterella,ERR1090508
38197.0,841,genus,0.571373,Roseburia,ERR1090508
38197.0,590,genus,0.532305,Salmonella,ERR1090508
38197.0,838,genus,0.42975,Prevotella,ERR1090508
38197.0,35832,genus,0.385799,Bilophila,ERR1090508
38197.0,165779,genus,0.380915,Anaerococcus,ERR1090508
38197.0,830,genus,0.361381,Butyrivibrio,ERR1090508
38197.0,904,genus,0.327196,Acidaminococcus,ERR1090508
38197.0,244127,genus,0.293012,Anaerotruncus,ERR1090508
38197.0,2172,genus,0.278361,Methanobrevibacter,ERR1090508
38197.0,990721,genus,0.278361,Christensenella,ERR1090508
38197.0,836,genus,0.278361,Porphyromonas,ERR1090508
38197.0,1506577,genus,0.24906,Tyzzerella,ERR1090508
38197.0,40323,genus,0.234409,Stenotrophomonas,ERR1090508
38197.0,189330,genus,0.195341,Dorea,ERR1090508
38197.0,1678,genus,0.195341,Bifidobacterium,ERR1090508
38197.0,1485,genus,0.185574,Clostridium,ERR1090508
38197.0,150022,genus,0.180691,Finegoldia,ERR1090508
38197.0,41273,genus,0.151389,Tissierella,ERR1090508
38197.0,2147,genus,0.136739,Acholeplasma,ERR1090508
38197.0,117563,genus,0.126972,Granulicatella,ERR1090508
38197.0,586,genus,0.107438,Providencia,ERR1090508
38197.0,207244,genus,0.0976706,Anaerostipes,ERR1090508
38197.0,1301,genus,0.0732529,Streptococcus,ERR1090508
38197.0,86331,genus,0.0732529,Mogibacterium,ERR1090508
38197.0,194,genus,0.0634859,Campylobacter,ERR1090508
38197.0,283168,genus,0.0634859,Odoribacter,ERR1090508
38197.0,2316,genus,0.0586023,Methanosphaera,ERR1090508
38197.0,39948,genus,0.0537188,Dialister,ERR1090508
38197.0,84111,genus,0.0488353,Eggerthella,ERR1090508
38197.0,270497,genus,0.0439517,Catabacter,ERR1090508
38197.0,1200657,genus,0.0439517,Saccharofermentans,ERR1090508
38197.0,184869,genus,0.0390682,Varibaculum,ERR1090508
38197.0,286,genus,0.0390682,Pseudomonas,ERR1090508
38197.0,13687,genus,0.0341847,Sphingomonas,ERR1090508
38197.0,1386,genus,0.0341847,Bacillus,ERR1090508
38197.0,203470,genus,0.0341847,Tepidiphilus,ERR1090508
38197.0,2740,genus,0.0341847,Peptococcus,ERR1090508
38197.0,447020,genus,0.0293012,Adlercreutzia,ERR1090508
38197.0,32207,genus,0.0244176,Rothia,ERR1090508
38197.0,1578,genus,0.0244176,Lactobacillus,ERR1090508
38197.0,61170,genus,0.0244176,Holdemania,ERR1090508
38197.0,467975,genus,0.0244176,Iamia,ERR1090508
38197.0,100175,genus,0.0244176,Papillibacter,ERR1090508
38197.0,100883,genus,0.0244176,Coprobacillus,ERR1090508
38197.0,872,genus,0.0195341,Desulfovibrio,ERR1090508
38197.0,36853,genus,0.0195341,Desulfitobacterium,ERR1090508
38197.0,1505657,genus,0.0195341,Intestinibacter,ERR1090508
38197.0,61434,genus,0.0195341,Dehalococcoides,ERR1090508
38197.0,1569,genus,0.0195341,Sporosarcina,ERR1090508
38197.0,44259,genus,0.0195341,Filifactor,ERR1090508
38197.0,429,genus,0.0195341,Methylobacter,ERR1090508
38197.0,643701,genus,0.0146506,Marinoscillum,ERR1090508
38197.0,577309,genus,0.0146506,Paraprevotella,ERR1090508
38197.0,1654,genus,0.0146506,Actinomyces,ERR1090508
38197.0,207599,genus,0.0146506,Solirubrobacter,ERR1090508
38197.0,1883,genus,0.0146506,Streptomyces,ERR1090508
38197.0,66831,genus,0.0146506,Facklamia,ERR1090508
38197.0,561367,genus,0.0146506,Salinimicrobium,ERR1090508
38197.0,848,genus,0.0146506,Fusobacterium,ERR1090508
38197.0,795750,genus,0.0146506,Ignavibacterium,ERR1090508
38197.0,1372,genus,0.0146506,Planococcus,ERR1090508
38197.0,846,genus,0.00976706,Oxalobacter,ERR1090508
38197.0,52784,genus,0.00976706,Anaerofilum,ERR1090508
38197.0,898,genus,0.00976706,Desulfomicrobium,ERR1090508
38197.0,1279388,genus,0.00976706,Kandleria,ERR1090508
38197.0,658061,genus,0.00976706,Candidatus Koribacter,ERR1090508
38197.0,29465,genus,0.00976706,Veillonella,ERR1090508
38197.0,1843210,genus,0.00976706,Anaerocolumna,ERR1090508
38197.0,1765964,genus,0.00976706,Acidihalobacter,ERR1090508
38197.0,1017280,genus,0.00976706,Pseudoflavonifractor,ERR1090508
38197.0,375928,genus,0.00976706,Natranaerobius,ERR1090508
38197.0,906,genus,0.00976706,Megasphaera,ERR1090508
38197.0,42255,genus,0.00976706,Rubrobacter,ERR1090508
38197.0,48736,genus,0.00976706,Ralstonia,ERR1090508
38197.0,80865,genus,0.00976706,Delftia,ERR1090508
38197.0,46239,genus,0.00976706,Mesoplasma,ERR1090508
38197.0,29330,genus,0.00976706,Alicyclobacillus,ERR1090508
38197.0,255204,genus,0.00976706,Pseudoclavibacter,ERR1090508
38197.0,233191,genus,0.00976706,Caldilinea,ERR1090508
38197.0,278993,genus,0.00488353,Thermincola,ERR1090508
38197.0,133925,genus,0.00488353,Olsenella,ERR1090508
38197.0,294702,genus,0.00488353,Proteiniphilum,ERR1090508
38197.0,508459,genus,0.00488353,Cloacibacillus,ERR1090508
38197.0,29526,genus,0.00488353,Syntrophobacter,ERR1090508
38197.0,146813,genus,0.00488353,Dendrosporobacter,ERR1090508
38197.0,2733,genus,0.00488353,Symbiobacterium,ERR1090508
38197.0,64,genus,0.00488353,Herpetosiphon,ERR1090508
38197.0,2222,genus,0.00488353,Methanosaeta,ERR1090508
38197.0,83660,genus,0.00488353,Desulfonispora,ERR1090508
38197.0,79206,genus,0.00488353,Desulfosporosinus,ERR1090508
38197.0,262406,genus,0.00488353,Thermobaculum,ERR1090508
38197.0,2152,genus,0.00488353,Asteroleplasma,ERR1090508
38197.0,1257,genus,0.00488353,Peptostreptococcus,ERR1090508
38197.0,644652,genus,0.00488353,Gordonibacter,ERR1090508
38197.0,561,genus,0.00488353,Escherichia,ERR1090508
38197.0,1742989,genus,0.00488353,Glutamicibacter,ERR1090508
38197.0,41275,genus,0.00488353,Brevundimonas,ERR1090508
38197.0,570,genus,0.00488353,Klebsiella,ERR1090508
38197.0,286130,genus,0.00488353,Sulfuricurvum,ERR1090508
38197.0,75687,genus,0.00488353,Neptunomonas,ERR1090508
38197.0,28138,genus,0.00488353,Rikenella,ERR1090508
38197.0,55080,genus,0.00488353,Brevibacillus,ERR1090508
38197.0,698776,genus,0.00488353,Cellulosilyticum,ERR1090508
38197.0,724,genus,0.00488353,Haemophilus,ERR1090508
38197.0,413,genus,0.00488353,Methylococcus,ERR1090508
38197.0,252965,genus,0.00488353,Mahella,ERR1090508
38197.0,195950,genus,0.00488353,Tannerella,ERR1090508
38197.0,1357,genus,0.00488353,Lactococcus,ERR1090508
38197.0,1350,genus,0.00488353,Enterococcus,ERR1090508
38197.0,173479,genus,0.00488353,Gemmatimonas,ERR1090508
38197.0,28261,genus,0.00488353,Thermodesulfovibrio,ERR1090508
38197.0,2745,genus,0.00488353,Halomonas,ERR1090508
38197.0,70774,genus,0.00488353,Hydrogenophilus,ERR1090508
38197.0,642,genus,0.00488353,Aeromonas,ERR1090508
38197.0,93217,genus,0.00488353,Pandoraea,ERR1090508
38197.0,1827,genus,0.00488353,Rhodococcus,ERR1090508
38197.0,81,genus,0.00488353,Hyphomicrobium,ERR1090508
38197.0,28231,genus,0.00488353,Geobacter,ERR1090508
38197.0,1618113,genus,0.00488353,Saccharicrinis,ERR1090508
38197.0,114627,genus,0.00488353,Alkaliphilus,ERR1090508
38197.0,2697,genus,0.00488353,Heliobacterium,ERR1090508
38197.0,52972,genus,0.00488353,Polaromonas,ERR1090508
38197.0,271087,genus,0.00488353,Geopsychrobacter,ERR1090508
38197.0,400634,genus,0.00488353,Lysinibacillus,ERR1090508
38197.0,70992,genus,0.00488353,Flexithrix,ERR1090508
38197.0,218204,genus,0.00488353,Garciella,ERR1090508
38197.0,84567,genus,0.00488353,Pedobacter,ERR1090508
38197.0,118747,genus,0.00488353,Bulleidia,ERR1090508
,-1,genus,24.7986,Unknown,ERR1090508
38197.0,816,genus,21.3703,Bacteroides,ERR1090508
38197.0,216851,genus,9.12243,Faecalibacterium,ERR1090508
38197.0,397864,genus,5.14724,Barnesiella,ERR1090508
38197.0,469,genus,4.27309,Acinetobacter,ERR1090508
38197.0,572511,genus,3.07662,Blautia,ERR1090508
38197.0,1730,genus,2.75919,Eubacterium,ERR1090508
38197.0,459786,genus,2.6371,Oscillibacter,ERR1090508
38197.0,1508657,genus,2.45641,Ruminiclostridium,ERR1090508
38197.0,239934,genus,2.34409,Akkermansia,ERR1090508
38197.0,1716,genus,2.23177,Corynebacterium,ERR1090508
38197.0,1263,genus,2.12433,Ruminococcus,ERR1090508
38197.0,1505663,genus,1.84597,Erysipelatoclostridium,ERR1090508
38197.0,1506553,genus,1.81179,Lachnoclostridium,ERR1090508
38197.0,239759,genus,1.45041,Alistipes,ERR1090508
38197.0,375288,genus,1.19158,Parabacteroides,ERR1090508
38197.0,33042,genus,0.971822,Coprococcus,ERR1090508
38197.0,162289,genus,0.791131,Peptoniphilus,ERR1090508
38197.0,44748,genus,0.669043,Sporobacter,ERR1090508
38197.0,577310,genus,0.576256,Parasutterella,ERR1090508
38197.0,841,genus,0.571373,Roseburia,ERR1090508
38197.0,590,genus,0.532305,Salmonella,ERR1090508
38197.0,838,genus,0.42975,Prevotella,ERR1090508
38197.0,35832,genus,0.385799,Bilophila,ERR1090508
38197.0,165779,genus,0.380915,Anaerococcus,ERR1090508
38197.0,830,genus,0.361381,Butyrivibrio,ERR1090508
38197.0,904,genus,0.327196,Acidaminococcus,ERR1090508
38197.0,244127,genus,0.293012,Anaerotruncus,ERR1090508
38197.0,836,genus,0.278361,Porphyromonas,ERR1090508
38197.0,2172,genus,0.278361,Methanobrevibacter,ERR1090508
38197.0,990721,genus,0.278361,Christensenella,ERR1090508
38197.0,1506577,genus,0.24906,Tyzzerella,ERR1090508
38197.0,40323,genus,0.234409,Stenotrophomonas,ERR1090508
38197.0,1678,genus,0.195341,Bifidobacterium,ERR1090508
38197.0,189330,genus,0.195341,Dorea,ERR1090508
38197.0,1485,genus,0.185574,Clostridium,ERR1090508
38197.0,150022,genus,0.180691,Finegoldia,ERR1090508
38197.0,41273,genus,0.151389,Tissierella,ERR1090508
38197.0,2147,genus,0.136739,Acholeplasma,ERR1090508
38197.0,117563,genus,0.126972,Granulicatella,ERR1090508
38197.0,586,genus,0.107438,Providencia,ERR1090508
38197.0,207244,genus,0.0976706,Anaerostipes,ERR1090508
38197.0,86331,genus,0.0732529,Mogibacterium,ERR1090508
38197.0,1301,genus,0.0732529,Streptococcus,ERR1090508
38197.0,194,genus,0.0634859,Campylobacter,ERR1090508
38197.0,283168,genus,0.0634859,Odoribacter,ERR1090508
38197.0,2316,genus,0.0586023,Methanosphaera,ERR1090508
38197.0,39948,genus,0.0537188,Dialister,ERR1090508
38197.0,84111,genus,0.0488353,Eggerthella,ERR1090508
38197.0,1200657,genus,0.0439517,Saccharofermentans,ERR1090508
38197.0,270497,genus,0.0439517,Catabacter,ERR1090508
38197.0,184869,genus,0.0390682,Varibaculum,ERR1090508
38197.0,286,genus,0.0390682,Pseudomonas,ERR1090508
38197.0,1386,genus,0.0341847,Bacillus,ERR1090508
38197.0,203470,genus,0.0341847,Tepidiphilus,ERR1090508
38197.0,2740,genus,0.0341847,Peptococcus,ERR1090508
38197.0,13687,genus,0.0341847,Sphingomonas,ERR1090508
38197.0,447020,genus,0.0293012,Adlercreutzia,ERR1090508
38197.0,61170,genus,0.0244176,Holdemania,ERR1090508
38197.0,467975,genus,0.0244176,Iamia,ERR1090508
38197.0,100175,genus,0.0244176,Papillibacter,ERR1090508
38197.0,100883,genus,0.0244176,Coprobacillus,ERR1090508
38197.0,32207,genus,0.0244176,Rothia,ERR1090508
38197.0,1578,genus,0.0244176,Lactobacillus,ERR1090508
38197.0,44259,genus,0.0195341,Filifactor,ERR1090508
38197.0,1569,genus,0.0195341,Sporosarcina,ERR1090508
38197.0,429,genus,0.0195341,Methylobacter,ERR1090508
38197.0,872,genus,0.0195341,Desulfovibrio,ERR1090508
38197.0,36853,genus,0.0195341,Desulfitobacterium,ERR1090508
38197.0,1505657,genus,0.0195341,Intestinibacter,ERR1090508
38197.0,61434,genus,0.0195341,Dehalococcoides,ERR1090508
38197.0,795750,genus,0.0146506,Ignavibacterium,ERR1090508
38197.0,1372,genus,0.0146506,Planococcus,ERR1090508
38197.0,643701,genus,0.0146506,Marinoscillum,ERR1090508
38197.0,577309,genus,0.0146506,Paraprevotella,ERR1090508
38197.0,1654,genus,0.0146506,Actinomyces,ERR1090508
38197.0,207599,genus,0.0146506,Solirubrobacter,ERR1090508
38197.0,1883,genus,0.0146506,Streptomyces,ERR1090508
38197.0,66831,genus,0.0146506,Facklamia,ERR1090508
38197.0,561367,genus,0.0146506,Salinimicrobium,ERR1090508
38197.0,848,genus,0.0146506,Fusobacterium,ERR1090508
38197.0,1765964,genus,0.00976706,Acidihalobacter,ERR1090508
38197.0,1017280,genus,0.00976706,Pseudoflavonifractor,ERR1090508
38197.0,375928,genus,0.00976706,Natranaerobius,ERR1090508
38197.0,906,genus,0.00976706,Megasphaera,ERR1090508
38197.0,42255,genus,0.00976706,Rubrobacter,ERR1090508
38197.0,80865,genus,0.00976706,Delftia,ERR1090508
38197.0,46239,genus,0.00976706,Mesoplasma,ERR1090508
38197.0,29330,genus,0.00976706,Alicyclobacillus,ERR1090508
38197.0,48736,genus,0.00976706,Ralstonia,ERR1090508
38197.0,255204,genus,0.00976706,Pseudoclavibacter,ERR1090508
38197.0,233191,genus,0.00976706,Caldilinea,ERR1090508
38197.0,52784,genus,0.00976706,Anaerofilum,ERR1090508
38197.0,846,genus,0.00976706,Oxalobacter,ERR1090508
38197.0,898,genus,0.00976706,Desulfomicrobium,ERR1090508
38197.0,1279388,genus,0.00976706,Kandleria,ERR1090508
38197.0,658061,genus,0.00976706,Candidatus Koribacter,ERR1090508
38197.0,29465,genus,0.00976706,Veillonella,ERR1090508
38197.0,1843210,genus,0.00976706,Anaerocolumna,ERR1090508
38197.0,252965,genus,0.00488353,Mahella,ERR1090508
38197.0,195950,genus,0.00488353,Tannerella,ERR1090508
38197.0,1357,genus,0.00488353,Lactococcus,ERR1090508
38197.0,1350,genus,0.00488353,Enterococcus,ERR1090508
38197.0,173479,genus,0.00488353,Gemmatimonas,ERR1090508
38197.0,28261,genus,0.00488353,Thermodesulfovibrio,ERR1090508
38197.0,2745,genus,0.00488353,Halomonas,ERR1090508
38197.0,70774,genus,0.00488353,Hydrogenophilus,ERR1090508
38197.0,642,genus,0.00488353,Aeromonas,ERR1090508
38197.0,93217,genus,0.00488353,Pandoraea,ERR1090508
38197.0,1827,genus,0.00488353,Rhodococcus,ERR1090508
38197.0,81,genus,0.00488353,Hyphomicrobium,ERR1090508
38197.0,28231,genus,0.00488353,Geobacter,ERR1090508
38197.0,1618113,genus,0.00488353,Saccharicrinis,ERR1090508
38197.0,114627,genus,0.00488353,Alkaliphilus,ERR1090508
38197.0,52972,genus,0.00488353,Polaromonas,ERR1090508
38197.0,271087,genus,0.00488353,Geopsychrobacter,ERR1090508
38197.0,400634,genus,0.00488353,Lysinibacillus,ERR1090508
38197.0,70992,genus,0.00488353,Flexithrix,ERR1090508
38197.0,2697,genus,0.00488353,Heliobacterium,ERR1090508
38197.0,118747,genus,0.00488353,Bulleidia,ERR1090508
38197.0,218204,genus,0.00488353,Garciella,ERR1090508
38197.0,84567,genus,0.00488353,Pedobacter,ERR1090508
38197.0,294702,genus,0.00488353,Proteiniphilum,ERR1090508
38197.0,508459,genus,0.00488353,Cloacibacillus,ERR1090508
38197.0,278993,genus,0.00488353,Thermincola,ERR1090508
38197.0,133925,genus,0.00488353,Olsenella,ERR1090508
38197.0,29526,genus,0.00488353,Syntrophobacter,ERR1090508
38197.0,146813,genus,0.00488353,Dendrosporobacter,ERR1090508
38197.0,64,genus,0.00488353,Herpetosiphon,ERR1090508
38197.0,2222,genus,0.00488353,Methanosaeta,ERR1090508
38197.0,2733,genus,0.00488353,Symbiobacterium,ERR1090508
38197.0,83660,genus,0.00488353,Desulfonispora,ERR1090508
38197.0,1257,genus,0.00488353,Peptostreptococcus,ERR1090508
38197.0,644652,genus,0.00488353,Gordonibacter,ERR1090508
38197.0,79206,genus,0.00488353,Desulfosporosinus,ERR1090508
38197.0,262406,genus,0.00488353,Thermobaculum,ERR1090508
38197.0,2152,genus,0.00488353,Asteroleplasma,ERR1090508
38197.0,570,genus,0.00488353,Klebsiella,ERR1090508
38197.0,286130,genus,0.00488353,Sulfuricurvum,ERR1090508
38197.0,75687,genus,0.00488353,Neptunomonas,ERR1090508
38197.0,561,genus,0.00488353,Escherichia,ERR1090508
38197.0,1742989,genus,0.00488353,Glutamicibacter,ERR1090508
38197.0,41275,genus,0.00488353,Brevundimonas,ERR1090508
38197.0,55080,genus,0.00488353,Brevibacillus,ERR1090508
38197.0,28138,genus,0.00488353,Rikenella,ERR1090508
38197.0,413,genus,0.00488353,Methylococcus,ERR1090508
38197.0,698776,genus,0.00488353,Cellulosilyticum,ERR1090508
38197.0,724,genus,0.00488353,Haemophilus,ERR1090508
,-1,genus,24.7986,Unknown,ERR1090508
38197.0,816,genus,21.3703,Bacteroides,ERR1090508
38197.0,216851,genus,9.12243,Faecalibacterium,ERR1090508
38197.0,397864,genus,5.14724,Barnesiella,ERR1090508
38197.0,469,genus,4.27309,Acinetobacter,ERR1090508
38197.0,572511,genus,3.07662,Blautia,ERR1090508
38197.0,1730,genus,2.75919,Eubacterium,ERR1090508
38197.0,459786,genus,2.6371,Oscillibacter,ERR1090508
38197.0,1508657,genus,2.45641,Ruminiclostridium,ERR1090508
38197.0,239934,genus,2.34409,Akkermansia,ERR1090508
38197.0,1716,genus,2.23177,Corynebacterium,ERR1090508
38197.0,1263,genus,2.12433,Ruminococcus,ERR1090508
38197.0,1505663,genus,1.84597,Erysipelatoclostridium,ERR1090508
38197.0,1506553,genus,1.81179,Lachnoclostridium,ERR1090508
38197.0,239759,genus,1.45041,Alistipes,ERR1090508
38197.0,375288,genus,1.19158,Parabacteroides,ERR1090508
38197.0,33042,genus,0.971822,Coprococcus,ERR1090508
38197.0,162289,genus,0.791131,Peptoniphilus,ERR1090508
38197.0,44748,genus,0.669043,Sporobacter,ERR1090508
38197.0,577310,genus,0.576256,Parasutterella,ERR1090508
38197.0,841,genus,0.571373,Roseburia,ERR1090508
38197.0,590,genus,0.532305,Salmonella,ERR1090508
38197.0,838,genus,0.42975,Prevotella,ERR1090508
38197.0,35832,genus,0.385799,Bilophila,ERR1090508
38197.0,165779,genus,0.380915,Anaerococcus,ERR1090508
38197.0,830,genus,0.361381,Butyrivibrio,ERR1090508
38197.0,904,genus,0.327196,Acidaminococcus,ERR1090508
38197.0,244127,genus,0.293012,Anaerotruncus,ERR1090508
38197.0,990721,genus,0.278361,Christensenella,ERR1090508
38197.0,836,genus,0.278361,Porphyromonas,ERR1090508
38197.0,2172,genus,0.278361,Methanobrevibacter,ERR1090508
38197.0,1506577,genus,0.24906,Tyzzerella,ERR1090508
38197.0,40323,genus,0.234409,Stenotrophomonas,ERR1090508
38197.0,189330,genus,0.195341,Dorea,ERR1090508
38197.0,1678,genus,0.195341,Bifidobacterium,ERR1090508
38197.0,1485,genus,0.185574,Clostridium,ERR1090508
38197.0,150022,genus,0.180691,Finegoldia,ERR1090508
38197.0,41273,genus,0.151389,Tissierella,ERR1090508
38197.0,2147,genus,0.136739,Acholeplasma,ERR1090508
38197.0,117563,genus,0.126972,Granulicatella,ERR1090508
38197.0,586,genus,0.107438,Providencia,ERR1090508
38197.0,207244,genus,0.0976706,Anaerostipes,ERR1090508
38197.0,86331,genus,0.0732529,Mogibacterium,ERR1090508
38197.0,1301,genus,0.0732529,Streptococcus,ERR1090508
38197.0,283168,genus,0.0634859,Odoribacter,ERR1090508
38197.0,194,genus,0.0634859,Campylobacter,ERR1090508
38197.0,2316,genus,0.0586023,Methanosphaera,ERR1090508
38197.0,39948,genus,0.0537188,Dialister,ERR1090508
38197.0,84111,genus,0.0488353,Eggerthella,ERR1090508
38197.0,1200657,genus,0.0439517,Saccharofermentans,ERR1090508
38197.0,270497,genus,0.0439517,Catabacter,ERR1090508
38197.0,184869,genus,0.0390682,Varibaculum,ERR1090508
38197.0,286,genus,0.0390682,Pseudomonas,ERR1090508
38197.0,1386,genus,0.0341847,Bacillus,ERR1090508
38197.0,203470,genus,0.0341847,Tepidiphilus,ERR1090508
38197.0,2740,genus,0.0341847,Peptococcus,ERR1090508
38197.0,13687,genus,0.0341847,Sphingomonas,ERR1090508
38197.0,447020,genus,0.0293012,Adlercreutzia,ERR1090508
38197.0,1578,genus,0.0244176,Lactobacillus,ERR1090508
38197.0,61170,genus,0.0244176,Holdemania,ERR1090508
38197.0,467975,genus,0.0244176,Iamia,ERR1090508
38197.0,100175,genus,0.0244176,Papillibacter,ERR1090508
38197.0,100883,genus,0.0244176,Coprobacillus,ERR1090508
38197.0,32207,genus,0.0244176,Rothia,ERR1090508
38197.0,1505657,genus,0.0195341,Intestinibacter,ERR1090508
38197.0,61434,genus,0.0195341,Dehalococcoides,ERR1090508
38197.0,1569,genus,0.0195341,Sporosarcina,ERR1090508
38197.0,44259,genus,0.0195341,Filifactor,ERR1090508
38197.0,429,genus,0.0195341,Methylobacter,ERR1090508
38197.0,872,genus,0.0195341,Desulfovibrio,ERR1090508
38197.0,36853,genus,0.0195341,Desulfitobacterium,ERR1090508
38197.0,66831,genus,0.0146506,Facklamia,ERR1090508
38197.0,561367,genus,0.0146506,Salinimicrobium,ERR1090508
38197.0,848,genus,0.0146506,Fusobacterium,ERR1090508
38197.0,795750,genus,0.0146506,Ignavibacterium,ERR1090508
38197.0,1372,genus,0.0146506,Planococcus,ERR1090508
38197.0,643701,genus,0.0146506,Marinoscillum,ERR1090508
38197.0,577309,genus,0.0146506,Paraprevotella,ERR1090508
38197.0,1654,genus,0.0146506,Actinomyces,ERR1090508
38197.0,207599,genus,0.0146506,Solirubrobacter,ERR1090508
38197.0,1883,genus,0.0146506,Streptomyces,ERR1090508
38197.0,29465,genus,0.00976706,Veillonella,ERR1090508
38197.0,1843210,genus,0.00976706,Anaerocolumna,ERR1090508
38197.0,1765964,genus,0.00976706,Acidihalobacter,ERR1090508
38197.0,1017280,genus,0.00976706,Pseudoflavonifractor,ERR1090508
38197.0,375928,genus,0.00976706,Natranaerobius,ERR1090508
38197.0,906,genus,0.00976706,Megasphaera,ERR1090508
38197.0,42255,genus,0.00976706,Rubrobacter,ERR1090508
38197.0,48736,genus,0.00976706,Ralstonia,ERR1090508
38197.0,80865,genus,0.00976706,Delftia,ERR1090508
38197.0,46239,genus,0.00976706,Mesoplasma,ERR1090508
38197.0,29330,genus,0.00976706,Alicyclobacillus,ERR1090508
38197.0,255204,genus,0.00976706,Pseudoclavibacter,ERR1090508
38197.0,233191,genus,0.00976706,Caldilinea,ERR1090508
38197.0,846,genus,0.00976706,Oxalobacter,ERR1090508
38197.0,52784,genus,0.00976706,Anaerofilum,ERR1090508
38197.0,898,genus,0.00976706,Desulfomicrobium,ERR1090508
38197.0,1279388,genus,0.00976706,Kandleria,ERR1090508
38197.0,658061,genus,0.00976706,Candidatus Koribacter,ERR1090508
38197.0,561,genus,0.00488353,Escherichia,ERR1090508
38197.0,1742989,genus,0.00488353,Glutamicibacter,ERR1090508
38197.0,41275,genus,0.00488353,Brevundimonas,ERR1090508
38197.0,570,genus,0.00488353,Klebsiella,ERR1090508
38197.0,286130,genus,0.00488353,Sulfuricurvum,ERR1090508
38197.0,75687,genus,0.00488353,Neptunomonas,ERR1090508
38197.0,28138,genus,0.00488353,Rikenella,ERR1090508
38197.0,55080,genus,0.00488353,Brevibacillus,ERR1090508
38197.0,698776,genus,0.00488353,Cellulosilyticum,ERR1090508
38197.0,724,genus,0.00488353,Haemophilus,ERR1090508
38197.0,413,genus,0.00488353,Methylococcus,ERR1090508
38197.0,252965,genus,0.00488353,Mahella,ERR1090508
38197.0,195950,genus,0.00488353,Tannerella,ERR1090508
38197.0,1357,genus,0.00488353,Lactococcus,ERR1090508
38197.0,1350,genus,0.00488353,Enterococcus,ERR1090508
38197.0,173479,genus,0.00488353,Gemmatimonas,ERR1090508
38197.0,28261,genus,0.00488353,Thermodesulfovibrio,ERR1090508
38197.0,2745,genus,0.00488353,Halomonas,ERR1090508
38197.0,70774,genus,0.00488353,Hydrogenophilus,ERR1090508
38197.0,642,genus,0.00488353,Aeromonas,ERR1090508
38197.0,93217,genus,0.00488353,Pandoraea,ERR1090508
38197.0,1827,genus,0.00488353,Rhodococcus,ERR1090508
38197.0,81,genus,0.00488353,Hyphomicrobium,ERR1090508
38197.0,28231,genus,0.00488353,Geobacter,ERR1090508
38197.0,1618113,genus,0.00488353,Saccharicrinis,ERR1090508
38197.0,114627,genus,0.00488353,Alkaliphilus,ERR1090508
38197.0,2697,genus,0.00488353,Heliobacterium,ERR1090508
38197.0,52972,genus,0.00488353,Polaromonas,ERR1090508
38197.0,271087,genus,0.00488353,Geopsychrobacter,ERR1090508
38197.0,400634,genus,0.00488353,Lysinibacillus,ERR1090508
38197.0,70992,genus,0.00488353,Flexithrix,ERR1090508
38197.0,218204,genus,0.00488353,Garciella,ERR1090508
38197.0,84567,genus,0.00488353,Pedobacter,ERR1090508
38197.0,118747,genus,0.00488353,Bulleidia,ERR1090508
38197.0,278993,genus,0.00488353,Thermincola,ERR1090508
38197.0,133925,genus,0.00488353,Olsenella,ERR1090508
38197.0,294702,genus,0.00488353,Proteiniphilum,ERR1090508
38197.0,508459,genus,0.00488353,Cloacibacillus,ERR1090508
38197.0,29526,genus,0.00488353,Syntrophobacter,ERR1090508
38197.0,146813,genus,0.00488353,Dendrosporobacter,ERR1090508
38197.0,2733,genus,0.00488353,Symbiobacterium,ERR1090508
38197.0,64,genus,0.00488353,Herpetosiphon,ERR1090508
38197.0,2222,genus,0.00488353,Methanosaeta,ERR1090508
38197.0,83660,genus,0.00488353,Desulfonispora,ERR1090508
38197.0,79206,genus,0.00488353,Desulfosporosinus,ERR1090508
38197.0,262406,genus,0.00488353,Thermobaculum,ERR1090508
38197.0,2152,genus,0.00488353,Asteroleplasma,ERR1090508
38197.0,1257,genus,0.00488353,Peptostreptococcus,ERR1090508
38197.0,644652,genus,0.00488353,Gordonibacter,ERR1090508
,-1,genus,24.7986,Unknown,ERR1090508
38197.0,816,genus,21.3703,Bacteroides,ERR1090508
38197.0,216851,genus,9.12243,Faecalibacterium,ERR1090508
38197.0,397864,genus,5.14724,Barnesiella,ERR1090508
38197.0,469,genus,4.27309,Acinetobacter,ERR1090508
38197.0,572511,genus,3.07662,Blautia,ERR1090508
38197.0,1730,genus,2.75919,Eubacterium,ERR1090508
38197.0,459786,genus,2.6371,Oscillibacter,ERR1090508
38197.0,1508657,genus,2.45641,Ruminiclostridium,ERR1090508
38197.0,239934,genus,2.34409,Akkermansia,ERR1090508
38197.0,1716,genus,2.23177,Corynebacterium,ERR1090508
38197.0,1263,genus,2.12433,Ruminococcus,ERR1090508
38197.0,1505663,genus,1.84597,Erysipelatoclostridium,ERR1090508
38197.0,1506553,genus,1.81179,Lachnoclostridium,ERR1090508
38197.0,239759,genus,1.45041,Alistipes,ERR1090508
38197.0,375288,genus,1.19158,Parabacteroides,ERR1090508
38197.0,33042,genus,0.971822,Coprococcus,ERR1090508
38197.0,162289,genus,0.791131,Peptoniphilus,ERR1090508
38197.0,44748,genus,0.669043,Sporobacter,ERR1090508
38197.0,577310,genus,0.576256,Parasutterella,ERR1090508
38197.0,841,genus,0.571373,Roseburia,ERR1090508
38197.0,590,genus,0.532305,Salmonella,ERR1090508
38197.0,838,genus,0.42975,Prevotella,ERR1090508
38197.0,35832,genus,0.385799,Bilophila,ERR1090508
38197.0,165779,genus,0.380915,Anaerococcus,ERR1090508
38197.0,830,genus,0.361381,Butyrivibrio,ERR1090508
38197.0,904,genus,0.327196,Acidaminococcus,ERR1090508
38197.0,244127,genus,0.293012,Anaerotruncus,ERR1090508
38197.0,990721,genus,0.278361,Christensenella,ERR1090508
38197.0,836,genus,0.278361,Porphyromonas,ERR1090508
38197.0,2172,genus,0.278361,Methanobrevibacter,ERR1090508
38197.0,1506577,genus,0.24906,Tyzzerella,ERR1090508
38197.0,40323,genus,0.234409,Stenotrophomonas,ERR1090508
38197.0,189330,genus,0.195341,Dorea,ERR1090508
38197.0,1678,genus,0.195341,Bifidobacterium,ERR1090508
38197.0,1485,genus,0.185574,Clostridium,ERR1090508
38197.0,150022,genus,0.180691,Finegoldia,ERR1090508
38197.0,41273,genus,0.151389,Tissierella,ERR1090508
38197.0,2147,genus,0.136739,Acholeplasma,ERR1090508
38197.0,117563,genus,0.126972,Granulicatella,ERR1090508
38197.0,586,genus,0.107438,Providencia,ERR1090508
38197.0,207244,genus,0.0976706,Anaerostipes,ERR1090508
38197.0,86331,genus,0.0732529,Mogibacterium,ERR1090508
38197.0,1301,genus,0.0732529,Streptococcus,ERR1090508
38197.0,194,genus,0.0634859,Campylobacter,ERR1090508
38197.0,283168,genus,0.0634859,Odoribacter,ERR1090508
38197.0,2316,genus,0.0586023,Methanosphaera,ERR1090508
38197.0,39948,genus,0.0537188,Dialister,ERR1090508
38197.0,84111,genus,0.0488353,Eggerthella,ERR1090508
38197.0,1200657,genus,0.0439517,Saccharofermentans,ERR1090508
38197.0,270497,genus,0.0439517,Catabacter,ERR1090508
38197.0,184869,genus,0.0390682,Varibaculum,ERR1090508
38197.0,286,genus,0.0390682,Pseudomonas,ERR1090508
38197.0,1386,genus,0.0341847,Bacillus,ERR1090508
38197.0,203470,genus,0.0341847,Tepidiphilus,ERR1090508
38197.0,2740,genus,0.0341847,Peptococcus,ERR1090508
38197.0,13687,genus,0.0341847,Sphingomonas,ERR1090508
38197.0,447020,genus,0.0293012,Adlercreutzia,ERR1090508
38197.0,1578,genus,0.0244176,Lactobacillus,ERR1090508
38197.0,61170,genus,0.0244176,Holdemania,ERR1090508
38197.0,467975,genus,0.0244176,Iamia,ERR1090508
38197.0,100175,genus,0.0244176,Papillibacter,ERR1090508
38197.0,100883,genus,0.0244176,Coprobacillus,ERR1090508
38197.0,32207,genus,0.0244176,Rothia,ERR1090508
38197.0,1505657,genus,0.0195341,Intestinibacter,ERR1090508
38197.0,61434,genus,0.0195341,Dehalococcoides,ERR1090508
38197.0,1569,genus,0.0195341,Sporosarcina,ERR1090508
38197.0,44259,genus,0.0195341,Filifactor,ERR1090508
38197.0,429,genus,0.0195341,Methylobacter,ERR1090508
38197.0,872,genus,0.0195341,Desulfovibrio,ERR1090508
38197.0,36853,genus,0.0195341,Desulfitobacterium,ERR1090508
38197.0,66831,genus,0.0146506,Facklamia,ERR1090508
38197.0,561367,genus,0.0146506,Salinimicrobium,ERR1090508
38197.0,848,genus,0.0146506,Fusobacterium,ERR1090508
38197.0,795750,genus,0.0146506,Ignavibacterium,ERR1090508
38197.0,1372,genus,0.0146506,Planococcus,ERR1090508
38197.0,643701,genus,0.0146506,Marinoscillum,ERR1090508
38197.0,577309,genus,0.0146506,Paraprevotella,ERR1090508
38197.0,1654,genus,0.0146506,Actinomyces,ERR1090508
38197.0,207599,genus,0.0146506,Solirubrobacter,ERR1090508
38197.0,1883,genus,0.0146506,Streptomyces,ERR1090508
38197.0,29465,genus,0.00976706,Veillonella,ERR1090508
38197.0,1843210,genus,0.00976706,Anaerocolumna,ERR1090508
38197.0,1765964,genus,0.00976706,Acidihalobacter,ERR1090508
38197.0,1017280,genus,0.00976706,Pseudoflavonifractor,ERR1090508
38197.0,375928,genus,0.00976706,Natranaerobius,ERR1090508
38197.0,906,genus,0.00976706,Megasphaera,ERR1090508
38197.0,42255,genus,0.00976706,Rubrobacter,ERR1090508
38197.0,48736,genus,0.00976706,Ralstonia,ERR1090508
38197.0,80865,genus,0.00976706,Delftia,ERR1090508
38197.0,46239,genus,0.00976706,Mesoplasma,ERR1090508
38197.0,29330,genus,0.00976706,Alicyclobacillus,ERR1090508
38197.0,255204,genus,0.00976706,Pseudoclavibacter,ERR1090508
38197.0,233191,genus,0.00976706,Caldilinea,ERR1090508
38197.0,846,genus,0.00976706,Oxalobacter,ERR1090508
38197.0,52784,genus,0.00976706,Anaerofilum,ERR1090508
38197.0,898,genus,0.00976706,Desulfomicrobium,ERR1090508
38197.0,1279388,genus,0.00976706,Kandleria,ERR1090508
38197.0,658061,genus,0.00976706,Candidatus Koribacter,ERR1090508
38197.0,28138,genus,0.00488353,Rikenella,ERR1090508
38197.0,55080,genus,0.00488353,Brevibacillus,ERR1090508
38197.0,698776,genus,0.00488353,Cellulosilyticum,ERR1090508
38197.0,724,genus,0.00488353,Haemophilus,ERR1090508
38197.0,413,genus,0.00488353,Methylococcus,ERR1090508
38197.0,252965,genus,0.00488353,Mahella,ERR1090508
38197.0,195950,genus,0.00488353,Tannerella,ERR1090508
38197.0,1357,genus,0.00488353,Lactococcus,ERR1090508
38197.0,1350,genus,0.00488353,Enterococcus,ERR1090508
38197.0,173479,genus,0.00488353,Gemmatimonas,ERR1090508
38197.0,28261,genus,0.00488353,Thermodesulfovibrio,ERR1090508
38197.0,2745,genus,0.00488353,Halomonas,ERR1090508
38197.0,70774,genus,0.00488353,Hydrogenophilus,ERR1090508
38197.0,642,genus,0.00488353,Aeromonas,ERR1090508
38197.0,93217,genus,0.00488353,Pandoraea,ERR1090508
38197.0,1827,genus,0.00488353,Rhodococcus,ERR1090508
38197.0,81,genus,0.00488353,Hyphomicrobium,ERR1090508
38197.0,28231,genus,0.00488353,Geobacter,ERR1090508
38197.0,1618113,genus,0.00488353,Saccharicrinis,ERR1090508
38197.0,114627,genus,0.00488353,Alkaliphilus,ERR1090508
38197.0,2697,genus,0.00488353,Heliobacterium,ERR1090508
38197.0,52972,genus,0.00488353,Polaromonas,ERR1090508
38197.0,271087,genus,0.00488353,Geopsychrobacter,ERR1090508
38197.0,400634,genus,0.00488353,Lysinibacillus,ERR1090508
38197.0,70992,genus,0.00488353,Flexithrix,ERR1090508
38197.0,218204,genus,0.00488353,Garciella,ERR1090508
38197.0,84567,genus,0.00488353,Pedobacter,ERR1090508
38197.0,118747,genus,0.00488353,Bulleidia,ERR1090508
38197.0,278993,genus,0.00488353,Thermincola,ERR1090508
38197.0,133925,genus,0.00488353,Olsenella,ERR1090508
38197.0,294702,genus,0.00488353,Proteiniphilum,ERR1090508
38197.0,508459,genus,0.00488353,Cloacibacillus,ERR1090508
38197.0,29526,genus,0.00488353,Syntrophobacter,ERR1090508
38197.0,146813,genus,0.00488353,Dendrosporobacter,ERR1090508
38197.0,2733,genus,0.00488353,Symbiobacterium,ERR1090508
38197.0,64,genus,0.00488353,Herpetosiphon,ERR1090508
38197.0,2222,genus,0.00488353,Methanosaeta,ERR1090508
38197.0,83660,genus,0.00488353,Desulfonispora,ERR1090508
38197.0,79206,genus,0.00488353,Desulfosporosinus,ERR1090508
38197.0,262406,genus,0.00488353,Thermobaculum,ERR1090508
38197.0,2152,genus,0.00488353,Asteroleplasma,ERR1090508
38197.0,1257,genus,0.00488353,Peptostreptococcus,ERR1090508
38197.0,644652,genus,0.00488353,Gordonibacter,ERR1090508
38197.0,561,genus,0.00488353,Escherichia,ERR1090508
38197.0,1742989,genus,0.00488353,Glutamicibacter,ERR1090508
38197.0,41275,genus,0.00488353,Brevundimonas,ERR1090508
38197.0,570,genus,0.00488353,Klebsiella,ERR1090508
38197.0,286130,genus,0.00488353,Sulfuricurvum,ERR1090508
38197.0,75687,genus,0.00488353,Neptunomonas,ERR1090508
,-1,genus,24.7986,Unknown,ERR1090508
38197.0,816,genus,21.3703,Bacteroides,ERR1090508
38197.0,216851,genus,9.12243,Faecalibacterium,ERR1090508
38197.0,397864,genus,5.14724,Barnesiella,ERR1090508
38197.0,469,genus,4.27309,Acinetobacter,ERR1090508
38197.0,572511,genus,3.07662,Blautia,ERR1090508
38197.0,1730,genus,2.75919,Eubacterium,ERR1090508
38197.0,459786,genus,2.6371,Oscillibacter,ERR1090508
38197.0,1508657,genus,2.45641,Ruminiclostridium,ERR1090508
38197.0,239934,genus,2.34409,Akkermansia,ERR1090508
38197.0,1716,genus,2.23177,Corynebacterium,ERR1090508
38197.0,1263,genus,2.12433,Ruminococcus,ERR1090508
38197.0,1505663,genus,1.84597,Erysipelatoclostridium,ERR1090508
38197.0,1506553,genus,1.81179,Lachnoclostridium,ERR1090508
38197.0,239759,genus,1.45041,Alistipes,ERR1090508
38197.0,375288,genus,1.19158,Parabacteroides,ERR1090508
38197.0,33042,genus,0.971822,Coprococcus,ERR1090508
38197.0,162289,genus,0.791131,Peptoniphilus,ERR1090508
38197.0,44748,genus,0.669043,Sporobacter,ERR1090508
38197.0,577310,genus,0.576256,Parasutterella,ERR1090508
38197.0,841,genus,0.571373,Roseburia,ERR1090508
38197.0,590,genus,0.532305,Salmonella,ERR1090508
38197.0,838,genus,0.42975,Prevotella,ERR1090508
38197.0,35832,genus,0.385799,Bilophila,ERR1090508
38197.0,165779,genus,0.380915,Anaerococcus,ERR1090508
38197.0,830,genus,0.361381,Butyrivibrio,ERR1090508
38197.0,904,genus,0.327196,Acidaminococcus,ERR1090508
38197.0,244127,genus,0.293012,Anaerotruncus,ERR1090508
38197.0,990721,genus,0.278361,Christensenella,ERR1090508
38197.0,836,genus,0.278361,Porphyromonas,ERR1090508
38197.0,2172,genus,0.278361,Methanobrevibacter,ERR1090508
38197.0,1506577,genus,0.24906,Tyzzerella,ERR1090508
38197.0,40323,genus,0.234409,Stenotrophomonas,ERR1090508
38197.0,189330,genus,0.195341,Dorea,ERR1090508
38197.0,1678,genus,0.195341,Bifidobacterium,ERR1090508
38197.0,1485,genus,0.185574,Clostridium,ERR1090508
38197.0,150022,genus,0.180691,Finegoldia,ERR1090508
38197.0,41273,genus,0.151389,Tissierella,ERR1090508
38197.0,2147,genus,0.136739,Acholeplasma,ERR1090508
38197.0,117563,genus,0.126972,Granulicatella,ERR1090508
38197.0,586,genus,0.107438,Providencia,ERR1090508
38197.0,207244,genus,0.0976706,Anaerostipes,ERR1090508
38197.0,1301,genus,0.0732529,Streptococcus,ERR1090508
38197.0,86331,genus,0.0732529,Mogibacterium,ERR1090508
38197.0,194,genus,0.0634859,Campylobacter,ERR1090508
38197.0,283168,genus,0.0634859,Odoribacter,ERR1090508
38197.0,2316,genus,0.0586023,Methanosphaera,ERR1090508
38197.0,39948,genus,0.0537188,Dialister,ERR1090508
38197.0,84111,genus,0.0488353,Eggerthella,ERR1090508
38197.0,270497,genus,0.0439517,Catabacter,ERR1090508
38197.0,1200657,genus,0.0439517,Saccharofermentans,ERR1090508
38197.0,184869,genus,0.0390682,Varibaculum,ERR1090508
38197.0,286,genus,0.0390682,Pseudomonas,ERR1090508
38197.0,1386,genus,0.0341847,Bacillus,ERR1090508
38197.0,203470,genus,0.0341847,Tepidiphilus,ERR1090508
38197.0,2740,genus,0.0341847,Peptococcus,ERR1090508
38197.0,13687,genus,0.0341847,Sphingomonas,ERR1090508
38197.0,447020,genus,0.0293012,Adlercreutzia,ERR1090508
38197.0,1578,genus,0.0244176,Lactobacillus,ERR1090508
38197.0,61170,genus,0.0244176,Holdemania,ERR1090508
38197.0,467975,genus,0.0244176,Iamia,ERR1090508
38197.0,100175,genus,0.0244176,Papillibacter,ERR1090508
38197.0,100883,genus,0.0244176,Coprobacillus,ERR1090508
38197.0,32207,genus,0.0244176,Rothia,ERR1090508
38197.0,1505657,genus,0.0195341,Intestinibacter,ERR1090508
38197.0,61434,genus,0.0195341,Dehalococcoides,ERR1090508
38197.0,1569,genus,0.0195341,Sporosarcina,ERR1090508
38197.0,44259,genus,0.0195341,Filifactor,ERR1090508
38197.0,429,genus,0.0195341,Methylobacter,ERR1090508
38197.0,872,genus,0.0195341,Desulfovibrio,ERR1090508
38197.0,36853,genus,0.0195341,Desulfitobacterium,ERR1090508
38197.0,1654,genus,0.0146506,Actinomyces,ERR1090508
38197.0,207599,genus,0.0146506,Solirubrobacter,ERR1090508
38197.0,1883,genus,0.0146506,Streptomyces,ERR1090508
38197.0,66831,genus,0.0146506,Facklamia,ERR1090508
38197.0,561367,genus,0.0146506,Salinimicrobium,ERR1090508
38197.0,848,genus,0.0146506,Fusobacterium,ERR1090508
38197.0,795750,genus,0.0146506,Ignavibacterium,ERR1090508
38197.0,1372,genus,0.0146506,Planococcus,ERR1090508
38197.0,643701,genus,0.0146506,Marinoscillum,ERR1090508
38197.0,577309,genus,0.0146506,Paraprevotella,ERR1090508
38197.0,846,genus,0.00976706,Oxalobacter,ERR1090508
38197.0,52784,genus,0.00976706,Anaerofilum,ERR1090508
38197.0,898,genus,0.00976706,Desulfomicrobium,ERR1090508
38197.0,1279388,genus,0.00976706,Kandleria,ERR1090508
38197.0,658061,genus,0.00976706,Candidatus Koribacter,ERR1090508
38197.0,29465,genus,0.00976706,Veillonella,ERR1090508
38197.0,1843210,genus,0.00976706,Anaerocolumna,ERR1090508
38197.0,1765964,genus,0.00976706,Acidihalobacter,ERR1090508
38197.0,1017280,genus,0.00976706,Pseudoflavonifractor,ERR1090508
38197.0,375928,genus,0.00976706,Natranaerobius,ERR1090508
38197.0,906,genus,0.00976706,Megasphaera,ERR1090508
38197.0,42255,genus,0.00976706,Rubrobacter,ERR1090508
38197.0,48736,genus,0.00976706,Ralstonia,ERR1090508
38197.0,80865,genus,0.00976706,Delftia,ERR1090508
38197.0,46239,genus,0.00976706,Mesoplasma,ERR1090508
38197.0,29330,genus,0.00976706,Alicyclobacillus,ERR1090508
38197.0,255204,genus,0.00976706,Pseudoclavibacter,ERR1090508
38197.0,233191,genus,0.00976706,Caldilinea,ERR1090508
38197.0,2733,genus,0.00488353,Symbiobacterium,ERR1090508
38197.0,64,genus,0.00488353,Herpetosiphon,ERR1090508
38197.0,2222,genus,0.00488353,Methanosaeta,ERR1090508
38197.0,83660,genus,0.00488353,Desulfonispora,ERR1090508
38197.0,79206,genus,0.00488353,Desulfosporosinus,ERR1090508
38197.0,262406,genus,0.00488353,Thermobaculum,ERR1090508
38197.0,2152,genus,0.00488353,Asteroleplasma,ERR1090508
38197.0,1257,genus,0.00488353,Peptostreptococcus,ERR1090508
38197.0,644652,genus,0.00488353,Gordonibacter,ERR1090508
38197.0,561,genus,0.00488353,Escherichia,ERR1090508
38197.0,1742989,genus,0.00488353,Glutamicibacter,ERR1090508
38197.0,41275,genus,0.00488353,Brevundimonas,ERR1090508
38197.0,570,genus,0.00488353,Klebsiella,ERR1090508
38197.0,286130,genus,0.00488353,Sulfuricurvum,ERR1090508
38197.0,75687,genus,0.00488353,Neptunomonas,ERR1090508
38197.0,28138,genus,0.00488353,Rikenella,ERR1090508
38197.0,55080,genus,0.00488353,Brevibacillus,ERR1090508
38197.0,698776,genus,0.00488353,Cellulosilyticum,ERR1090508
38197.0,724,genus,0.00488353,Haemophilus,ERR1090508
38197.0,413,genus,0.00488353,Methylococcus,ERR1090508
38197.0,252965,genus,0.00488353,Mahella,ERR1090508
38197.0,195950,genus,0.00488353,Tannerella,ERR1090508
38197.0,1357,genus,0.00488353,Lactococcus,ERR1090508
38197.0,1350,genus,0.00488353,Enterococcus,ERR1090508
38197.0,173479,genus,0.00488353,Gemmatimonas,ERR1090508
38197.0,28261,genus,0.00488353,Thermodesulfovibrio,ERR1090508
38197.0,2745,genus,0.00488353,Halomonas,ERR1090508
38197.0,70774,genus,0.00488353,Hydrogenophilus,ERR1090508
38197.0,642,genus,0.00488353,Aeromonas,ERR1090508
38197.0,93217,genus,0.00488353,Pandoraea,ERR1090508
38197.0,1827,genus,0.00488353,Rhodococcus,ERR1090508
38197.0,81,genus,0.00488353,Hyphomicrobium,ERR1090508
38197.0,28231,genus,0.00488353,Geobacter,ERR1090508
38197.0,1618113,genus,0.00488353,Saccharicrinis,ERR1090508
38197.0,114627,genus,0.00488353,Alkaliphilus,ERR1090508
38197.0,2697,genus,0.00488353,Heliobacterium,ERR1090508
38197.0,52972,genus,0.00488353,Polaromonas,ERR1090508
38197.0,271087,genus,0.00488353,Geopsychrobacter,ERR1090508
38197.0,400634,genus,0.00488353,Lysinibacillus,ERR1090508
38197.0,70992,genus,0.00488353,Flexithrix,ERR1090508
38197.0,218204,genus,0.00488353,Garciella,ERR1090508
38197.0,84567,genus,0.00488353,Pedobacter,ERR1090508
38197.0,118747,genus,0.00488353,Bulleidia,ERR1090508
38197.0,278993,genus,0.00488353,Thermincola,ERR1090508
38197.0,133925,genus,0.00488353,Olsenella,ERR1090508
38197.0,294702,genus,0.00488353,Proteiniphilum,ERR1090508
38197.0,508459,genus,0.00488353,Cloacibacillus,ERR1090508
38197.0,29526,genus,0.00488353,Syntrophobacter,ERR1090508
38197.0,146813,genus,0.00488353,Dendrosporobacter,ERR1090508
,-1,genus,24.7986,Unknown,ERR1090508
38197.0,816,genus,21.3703,Bacteroides,ERR1090508
38197.0,216851,genus,9.12243,Faecalibacterium,ERR1090508
38197.0,397864,genus,5.14724,Barnesiella,ERR1090508
38197.0,469,genus,4.27309,Acinetobacter,ERR1090508
38197.0,572511,genus,3.07662,Blautia,ERR1090508
38197.0,1730,genus,2.75919,Eubacterium,ERR1090508
38197.0,459786,genus,2.6371,Oscillibacter,ERR1090508
38197.0,1508657,genus,2.45641,Ruminiclostridium,ERR1090508
38197.0,239934,genus,2.34409,Akkermansia,ERR1090508
38197.0,1716,genus,2.23177,Corynebacterium,ERR1090508
38197.0,1263,genus,2.12433,Ruminococcus,ERR1090508
38197.0,1505663,genus,1.84597,Erysipelatoclostridium,ERR1090508
38197.0,1506553,genus,1.81179,Lachnoclostridium,ERR1090508
38197.0,239759,genus,1.45041,Alistipes,ERR1090508
38197.0,375288,genus,1.19158,Parabacteroides,ERR1090508
38197.0,33042,genus,0.971822,Coprococcus,ERR1090508
38197.0,162289,genus,0.791131,Peptoniphilus,ERR1090508
38197.0,44748,genus,0.669043,Sporobacter,ERR1090508
38197.0,577310,genus,0.576256,Parasutterella,ERR1090508
38197.0,841,genus,0.571373,Roseburia,ERR1090508
38197.0,590,genus,0.532305,Salmonella,ERR1090508
38197.0,838,genus,0.42975,Prevotella,ERR1090508
38197.0,35832,genus,0.385799,Bilophila,ERR1090508
38197.0,165779,genus,0.380915,Anaerococcus,ERR1090508
38197.0,830,genus,0.361381,Butyrivibrio,ERR1090508
38197.0,904,genus,0.327196,Acidaminococcus,ERR1090508
38197.0,244127,genus,0.293012,Anaerotruncus,ERR1090508
38197.0,990721,genus,0.278361,Christensenella,ERR1090508
38197.0,836,genus,0.278361,Porphyromonas,ERR1090508
38197.0,2172,genus,0.278361,Methanobrevibacter,ERR1090508
38197.0,1506577,genus,0.24906,Tyzzerella,ERR1090508
38197.0,40323,genus,0.234409,Stenotrophomonas,ERR1090508
38197.0,189330,genus,0.195341,Dorea,ERR1090508
38197.0,1678,genus,0.195341,Bifidobacterium,ERR1090508
38197.0,1485,genus,0.185574,Clostridium,ERR1090508
38197.0,150022,genus,0.180691,Finegoldia,ERR1090508
38197.0,41273,genus,0.151389,Tissierella,ERR1090508
38197.0,2147,genus,0.136739,Acholeplasma,ERR1090508
38197.0,117563,genus,0.126972,Granulicatella,ERR1090508
38197.0,586,genus,0.107438,Providencia,ERR1090508
38197.0,207244,genus,0.0976706,Anaerostipes,ERR1090508
38197.0,1301,genus,0.0732529,Streptococcus,ERR1090508
38197.0,86331,genus,0.0732529,Mogibacterium,ERR1090508
38197.0,194,genus,0.0634859,Campylobacter,ERR1090508
38197.0,283168,genus,0.0634859,Odoribacter,ERR1090508
38197.0,2316,genus,0.0586023,Methanosphaera,ERR1090508
38197.0,39948,genus,0.0537188,Dialister,ERR1090508
38197.0,84111,genus,0.0488353,Eggerthella,ERR1090508
38197.0,1200657,genus,0.0439517,Saccharofermentans,ERR1090508
38197.0,270497,genus,0.0439517,Catabacter,ERR1090508
38197.0,184869,genus,0.0390682,Varibaculum,ERR1090508
38197.0,286,genus,0.0390682,Pseudomonas,ERR1090508
38197.0,1386,genus,0.0341847,Bacillus,ERR1090508
38197.0,203470,genus,0.0341847,Tepidiphilus,ERR1090508
38197.0,2740,genus,0.0341847,Peptococcus,ERR1090508
38197.0,13687,genus,0.0341847,Sphingomonas,ERR1090508
38197.0,447020,genus,0.0293012,Adlercreutzia,ERR1090508
38197.0,1578,genus,0.0244176,Lactobacillus,ERR1090508
38197.0,61170,genus,0.0244176,Holdemania,ERR1090508
38197.0,467975,genus,0.0244176,Iamia,ERR1090508
38197.0,100175,genus,0.0244176,Papillibacter,ERR1090508
38197.0,100883,genus,0.0244176,Coprobacillus,ERR1090508
38197.0,32207,genus,0.0244176,Rothia,ERR1090508
38197.0,1505657,genus,0.0195341,Intestinibacter,ERR1090508
38197.0,61434,genus,0.0195341,Dehalococcoides,ERR1090508
38197.0,1569,genus,0.0195341,Sporosarcina,ERR1090508
38197.0,44259,genus,0.0195341,Filifactor,ERR1090508
38197.0,429,genus,0.0195341,Methylobacter,ERR1090508
38197.0,872,genus,0.0195341,Desulfovibrio,ERR1090508
38197.0,36853,genus,0.0195341,Desulfitobacterium,ERR1090508
38197.0,207599,genus,0.0146506,Solirubrobacter,ERR1090508
38197.0,1883,genus,0.0146506,Streptomyces,ERR1090508
38197.0,66831,genus,0.0146506,Facklamia,ERR1090508
38197.0,561367,genus,0.0146506,Salinimicrobium,ERR1090508
38197.0,848,genus,0.0146506,Fusobacterium,ERR1090508
38197.0,795750,genus,0.0146506,Ignavibacterium,ERR1090508
38197.0,1372,genus,0.0146506,Planococcus,ERR1090508
38197.0,643701,genus,0.0146506,Marinoscillum,ERR1090508
38197.0,577309,genus,0.0146506,Paraprevotella,ERR1090508
38197.0,1654,genus,0.0146506,Actinomyces,ERR1090508
38197.0,898,genus,0.00976706,Desulfomicrobium,ERR1090508
38197.0,1279388,genus,0.00976706,Kandleria,ERR1090508
38197.0,658061,genus,0.00976706,Candidatus Koribacter,ERR1090508
38197.0,29465,genus,0.00976706,Veillonella,ERR1090508
38197.0,1843210,genus,0.00976706,Anaerocolumna,ERR1090508
38197.0,1765964,genus,0.00976706,Acidihalobacter,ERR1090508
38197.0,1017280,genus,0.00976706,Pseudoflavonifractor,ERR1090508
38197.0,375928,genus,0.00976706,Natranaerobius,ERR1090508
38197.0,906,genus,0.00976706,Megasphaera,ERR1090508
38197.0,42255,genus,0.00976706,Rubrobacter,ERR1090508
38197.0,48736,genus,0.00976706,Ralstonia,ERR1090508
38197.0,80865,genus,0.00976706,Delftia,ERR1090508
38197.0,46239,genus,0.00976706,Mesoplasma,ERR1090508
38197.0,29330,genus,0.00976706,Alicyclobacillus,ERR1090508
38197.0,255204,genus,0.00976706,Pseudoclavibacter,ERR1090508
38197.0,233191,genus,0.00976706,Caldilinea,ERR1090508
38197.0,846,genus,0.00976706,Oxalobacter,ERR1090508
38197.0,52784,genus,0.00976706,Anaerofilum,ERR1090508
38197.0,83660,genus,0.00488353,Desulfonispora,ERR1090508
38197.0,79206,genus,0.00488353,Desulfosporosinus,ERR1090508
38197.0,262406,genus,0.00488353,Thermobaculum,ERR1090508
38197.0,2152,genus,0.00488353,Asteroleplasma,ERR1090508
38197.0,1257,genus,0.00488353,Peptostreptococcus,ERR1090508
38197.0,644652,genus,0.00488353,Gordonibacter,ERR1090508
38197.0,561,genus,0.00488353,Escherichia,ERR1090508
38197.0,1742989,genus,0.00488353,Glutamicibacter,ERR1090508
38197.0,41275,genus,0.00488353,Brevundimonas,ERR1090508
38197.0,570,genus,0.00488353,Klebsiella,ERR1090508
38197.0,286130,genus,0.00488353,Sulfuricurvum,ERR1090508
38197.0,75687,genus,0.00488353,Neptunomonas,ERR1090508
38197.0,28138,genus,0.00488353,Rikenella,ERR1090508
38197.0,55080,genus,0.00488353,Brevibacillus,ERR1090508
38197.0,698776,genus,0.00488353,Cellulosilyticum,ERR1090508
38197.0,724,genus,0.00488353,Haemophilus,ERR1090508
38197.0,413,genus,0.00488353,Methylococcus,ERR1090508
38197.0,252965,genus,0.00488353,Mahella,ERR1090508
38197.0,195950,genus,0.00488353,Tannerella,ERR1090508
38197.0,1357,genus,0.00488353,Lactococcus,ERR1090508
38197.0,1350,genus,0.00488353,Enterococcus,ERR1090508
38197.0,173479,genus,0.00488353,Gemmatimonas,ERR1090508
38197.0,28261,genus,0.00488353,Thermodesulfovibrio,ERR1090508
38197.0,2745,genus,0.00488353,Halomonas,ERR1090508
38197.0,70774,genus,0.00488353,Hydrogenophilus,ERR1090508
38197.0,642,genus,0.00488353,Aeromonas,ERR1090508
38197.0,93217,genus,0.00488353,Pandoraea,ERR1090508
38197.0,1827,genus,0.00488353,Rhodococcus,ERR1090508
38197.0,81,genus,0.00488353,Hyphomicrobium,ERR1090508
38197.0,28231,genus,0.00488353,Geobacter,ERR1090508
38197.0,1618113,genus,0.00488353,Saccharicrinis,ERR1090508
38197.0,114627,genus,0.00488353,Alkaliphilus,ERR1090508
38197.0,2697,genus,0.00488353,Heliobacterium,ERR1090508
38197.0,52972,genus,0.00488353,Polaromonas,ERR1090508
38197.0,271087,genus,0.00488353,Geopsychrobacter,ERR1090508
38197.0,400634,genus,0.00488353,Lysinibacillus,ERR1090508
38197.0,70992,genus,0.00488353,Flexithrix,ERR1090508
38197.0,218204,genus,0.00488353,Garciella,ERR1090508
38197.0,84567,genus,0.00488353,Pedobacter,ERR1090508
38197.0,118747,genus,0.00488353,Bulleidia,ERR1090508
38197.0,278993,genus,0.00488353,Thermincola,ERR1090508
38197.0,133925,genus,0.00488353,Olsenella,ERR1090508
38197.0,294702,genus,0.00488353,Proteiniphilum,ERR1090508
38197.0,508459,genus,0.00488353,Cloacibacillus,ERR1090508
38197.0,29526,genus,0.00488353,Syntrophobacter,ERR1090508
38197.0,146813,genus,0.00488353,Dendrosporobacter,ERR1090508
38197.0,2733,genus,0.00488353,Symbiobacterium,ERR1090508
38197.0,64,genus,0.00488353,Herpetosiphon,ERR1090508
38197.0,2222,genus,0.00488353,Methanosaeta,ERR1090508
,-1,genus,24.7986,Unknown,ERR1090508
38523.0,838,genus,30.36,Prevotella,ERR1090511
38523.0,39948,genus,19.8217,Dialister,ERR1090511
38523.0,816,genus,6.86697,Bacteroides,ERR1090511
38523.0,1506553,genus,3.05323,Lachnoclostridium,ERR1090511
38523.0,375288,genus,2.82846,Parabacteroides,ERR1090511
38523.0,239934,genus,2.49129,Akkermansia,ERR1090511
38523.0,29465,genus,1.66336,Veillonella,ERR1090511
38523.0,572511,genus,1.39737,Blautia,ERR1090511
38523.0,216851,genus,1.06395,Faecalibacterium,ERR1090511
38523.0,1573535,genus,0.842918,Holdemanella,ERR1090511
38523.0,1301,genus,0.71929,Streptococcus,ERR1090511
38523.0,577309,genus,0.460795,Paraprevotella,ERR1090511
38523.0,841,genus,0.337167,Roseburia,ERR1090511
38523.0,1263,genus,0.265987,Ruminococcus,ERR1090511
38523.0,1730,genus,0.224778,Eubacterium,ERR1090511
38523.0,239759,genus,0.213539,Alistipes,ERR1090511
38523.0,189330,genus,0.206047,Dorea,ERR1090511
38523.0,724,genus,0.157345,Haemophilus,ERR1090511
38523.0,1508657,genus,0.127374,Ruminiclostridium,ERR1090511
38523.0,459786,genus,0.104896,Oscillibacter,ERR1090511
38523.0,1678,genus,0.0974038,Bifidobacterium,ERR1090511
38523.0,1386,genus,0.0899112,Bacillus,ERR1090511
38523.0,46205,genus,0.074926,Pseudobutyrivibrio,ERR1090511
38523.0,35832,genus,0.0449556,Bilophila,ERR1090511
38523.0,40544,genus,0.0412093,Sutterella,ERR1090511
38523.0,1716,genus,0.037463,Corynebacterium,ERR1090511
38523.0,32207,genus,0.037463,Rothia,ERR1090511
38523.0,244127,genus,0.0337167,Anaerotruncus,ERR1090511
38523.0,55079,genus,0.0337167,Aneurinibacillus,ERR1090511
38523.0,207244,genus,0.0299704,Anaerostipes,ERR1090511
38523.0,397864,genus,0.0262241,Barnesiella,ERR1090511
38523.0,55080,genus,0.0262241,Brevibacillus,ERR1090511
38523.0,44748,genus,0.0262241,Sporobacter,ERR1090511
38523.0,1505657,genus,0.0262241,Intestinibacter,ERR1090511
38523.0,590,genus,0.0187315,Salmonella,ERR1090511
38523.0,561,genus,0.0187315,Escherichia,ERR1090511
38523.0,286,genus,0.0187315,Pseudomonas,ERR1090511
38523.0,670486,genus,0.0187315,Dehalogenimonas,ERR1090511
38523.0,44249,genus,0.0149852,Paenibacillus,ERR1090511
38523.0,40323,genus,0.0149852,Stenotrophomonas,ERR1090511
38523.0,1485,genus,0.0149852,Clostridium,ERR1090511
38523.0,84111,genus,0.0112389,Eggerthella,ERR1090511
38523.0,872,genus,0.0112389,Desulfovibrio,ERR1090511
38523.0,52784,genus,0.0112389,Anaerofilum,ERR1090511
38523.0,1578,genus,0.0112389,Lactobacillus,ERR1090511
38523.0,33042,genus,0.0112389,Coprococcus,ERR1090511
38523.0,906,genus,0.0112389,Megasphaera,ERR1090511
38523.0,848,genus,0.0112389,Fusobacterium,ERR1090511
38523.0,174708,genus,0.0074926,Allobaculum,ERR1090511
38523.0,1350,genus,0.0074926,Enterococcus,ERR1090511
38523.0,469,genus,0.0074926,Acinetobacter,ERR1090511
38523.0,61170,genus,0.0074926,Holdemania,ERR1090511
38523.0,180541,genus,0.0074926,Salinisphaera,ERR1090511
38523.0,1378,genus,0.0074926,Gemella,ERR1090511
38523.0,162289,genus,0.0074926,Peptoniphilus,ERR1090511
38523.0,100883,genus,0.0074926,Coprobacillus,ERR1090511
38523.0,289201,genus,0.0074926,Pontibacillus,ERR1090511
38523.0,898,genus,0.0074926,Desulfomicrobium,ERR1090511
38523.0,1502725,genus,0.0074926,Effusibacillus,ERR1090511
38523.0,102106,genus,0.0074926,Collinsella,ERR1090511
38523.0,33986,genus,0.0074926,Exiguobacterium,ERR1090511
38523.0,283168,genus,0.0074926,Odoribacter,ERR1090511
38523.0,61434,genus,0.0037463,Dehalococcoides,ERR1090511
38523.0,114627,genus,0.0037463,Alkaliphilus,ERR1090511
38523.0,1652133,genus,0.0037463,Halobacteriovorax,ERR1090511
38523.0,28453,genus,0.0037463,Sphingobacterium,ERR1090511
38523.0,1565532,genus,0.0037463,Rouxiella,ERR1090511
38523.0,1210119,genus,0.0037463,Ohtaekwangia,ERR1090511
38523.0,150022,genus,0.0037463,Finegoldia,ERR1090511
38523.0,1645,genus,0.0037463,Renibacterium,ERR1090511
38523.0,265980,genus,0.0037463,Alkalimonas,ERR1090511
38523.0,233189,genus,0.0037463,Anaerolinea,ERR1090511
38523.0,508459,genus,0.0037463,Cloacibacillus,ERR1090511
38523.0,1654,genus,0.0037463,Actinomyces,ERR1090511
38523.0,278993,genus,0.0037463,Thermincola,ERR1090511
38523.0,482,genus,0.0037463,Neisseria,ERR1090511
38523.0,2056,genus,0.0037463,Sphaerobacter,ERR1090511
38523.0,497,genus,0.0037463,Psychrobacter,ERR1090511
38523.0,866673,genus,0.0037463,Marinifilum,ERR1090511
38523.0,336260,genus,0.0037463,Thermovirga,ERR1090511
38523.0,1017280,genus,0.0037463,Pseudoflavonifractor,ERR1090511
38523.0,46255,genus,0.0037463,Weissella,ERR1090511
38523.0,29526,genus,0.0037463,Syntrophobacter,ERR1090511
38523.0,79328,genus,0.0037463,Chitinophaga,ERR1090511
38523.0,1505663,genus,0.0037463,Erysipelatoclostridium,ERR1090511
38523.0,1372,genus,0.0037463,Planococcus,ERR1090511
38523.0,862,genus,0.0037463,Syntrophomonas,ERR1090511
38523.0,133925,genus,0.0037463,Olsenella,ERR1090511
38523.0,34037,genus,0.0037463,Rahnella,ERR1090511
38523.0,33926,genus,0.0037463,Candidatus Phytoplasma,ERR1090511
38523.0,392332,genus,0.0037463,Geoalkalibacter,ERR1090511
38523.0,1279,genus,0.0037463,Staphylococcus,ERR1090511
38523.0,2373,genus,0.0037463,Acetonema,ERR1090511
,-1,genus,25.1527,Unknown,ERR1090511
38523.0,838,genus,30.36,Prevotella,ERR1090511
38523.0,39948,genus,19.8217,Dialister,ERR1090511
38523.0,816,genus,6.86697,Bacteroides,ERR1090511
38523.0,1506553,genus,3.05323,Lachnoclostridium,ERR1090511
38523.0,375288,genus,2.82846,Parabacteroides,ERR1090511
38523.0,239934,genus,2.49129,Akkermansia,ERR1090511
38523.0,29465,genus,1.66336,Veillonella,ERR1090511
38523.0,572511,genus,1.39737,Blautia,ERR1090511
38523.0,216851,genus,1.06395,Faecalibacterium,ERR1090511
38523.0,1573535,genus,0.842918,Holdemanella,ERR1090511
38523.0,1301,genus,0.71929,Streptococcus,ERR1090511
38523.0,577309,genus,0.460795,Paraprevotella,ERR1090511
38523.0,841,genus,0.337167,Roseburia,ERR1090511
38523.0,1263,genus,0.265987,Ruminococcus,ERR1090511
38523.0,1730,genus,0.224778,Eubacterium,ERR1090511
38523.0,239759,genus,0.213539,Alistipes,ERR1090511
38523.0,189330,genus,0.206047,Dorea,ERR1090511
38523.0,724,genus,0.157345,Haemophilus,ERR1090511
38523.0,1508657,genus,0.127374,Ruminiclostridium,ERR1090511
38523.0,459786,genus,0.104896,Oscillibacter,ERR1090511
38523.0,1678,genus,0.0974038,Bifidobacterium,ERR1090511
38523.0,1386,genus,0.0899112,Bacillus,ERR1090511
38523.0,46205,genus,0.074926,Pseudobutyrivibrio,ERR1090511
38523.0,35832,genus,0.0449556,Bilophila,ERR1090511
38523.0,40544,genus,0.0412093,Sutterella,ERR1090511
38523.0,32207,genus,0.037463,Rothia,ERR1090511
38523.0,1716,genus,0.037463,Corynebacterium,ERR1090511
38523.0,55079,genus,0.0337167,Aneurinibacillus,ERR1090511
38523.0,244127,genus,0.0337167,Anaerotruncus,ERR1090511
38523.0,207244,genus,0.0299704,Anaerostipes,ERR1090511
38523.0,1505657,genus,0.0262241,Intestinibacter,ERR1090511
38523.0,397864,genus,0.0262241,Barnesiella,ERR1090511
38523.0,55080,genus,0.0262241,Brevibacillus,ERR1090511
38523.0,44748,genus,0.0262241,Sporobacter,ERR1090511
38523.0,561,genus,0.0187315,Escherichia,ERR1090511
38523.0,286,genus,0.0187315,Pseudomonas,ERR1090511
38523.0,670486,genus,0.0187315,Dehalogenimonas,ERR1090511
38523.0,590,genus,0.0187315,Salmonella,ERR1090511
38523.0,40323,genus,0.0149852,Stenotrophomonas,ERR1090511
38523.0,1485,genus,0.0149852,Clostridium,ERR1090511
38523.0,44249,genus,0.0149852,Paenibacillus,ERR1090511
38523.0,33042,genus,0.0112389,Coprococcus,ERR1090511
38523.0,906,genus,0.0112389,Megasphaera,ERR1090511
38523.0,848,genus,0.0112389,Fusobacterium,ERR1090511
38523.0,84111,genus,0.0112389,Eggerthella,ERR1090511
38523.0,872,genus,0.0112389,Desulfovibrio,ERR1090511
38523.0,52784,genus,0.0112389,Anaerofilum,ERR1090511
38523.0,1578,genus,0.0112389,Lactobacillus,ERR1090511
38523.0,162289,genus,0.0074926,Peptoniphilus,ERR1090511
38523.0,100883,genus,0.0074926,Coprobacillus,ERR1090511
38523.0,289201,genus,0.0074926,Pontibacillus,ERR1090511
38523.0,1502725,genus,0.0074926,Effusibacillus,ERR1090511
38523.0,898,genus,0.0074926,Desulfomicrobium,ERR1090511
38523.0,102106,genus,0.0074926,Collinsella,ERR1090511
38523.0,33986,genus,0.0074926,Exiguobacterium,ERR1090511
38523.0,283168,genus,0.0074926,Odoribacter,ERR1090511
38523.0,469,genus,0.0074926,Acinetobacter,ERR1090511
38523.0,174708,genus,0.0074926,Allobaculum,ERR1090511
38523.0,1350,genus,0.0074926,Enterococcus,ERR1090511
38523.0,61170,genus,0.0074926,Holdemania,ERR1090511
38523.0,180541,genus,0.0074926,Salinisphaera,ERR1090511
38523.0,1378,genus,0.0074926,Gemella,ERR1090511
38523.0,46255,genus,0.0037463,Weissella,ERR1090511
38523.0,29526,genus,0.0037463,Syntrophobacter,ERR1090511
38523.0,79328,genus,0.0037463,Chitinophaga,ERR1090511
38523.0,1017280,genus,0.0037463,Pseudoflavonifractor,ERR1090511
38523.0,1372,genus,0.0037463,Planococcus,ERR1090511
38523.0,1505663,genus,0.0037463,Erysipelatoclostridium,ERR1090511
38523.0,862,genus,0.0037463,Syntrophomonas,ERR1090511
38523.0,133925,genus,0.0037463,Olsenella,ERR1090511
38523.0,34037,genus,0.0037463,Rahnella,ERR1090511
38523.0,1279,genus,0.0037463,Staphylococcus,ERR1090511
38523.0,2373,genus,0.0037463,Acetonema,ERR1090511
38523.0,33926,genus,0.0037463,Candidatus Phytoplasma,ERR1090511
38523.0,392332,genus,0.0037463,Geoalkalibacter,ERR1090511
38523.0,114627,genus,0.0037463,Alkaliphilus,ERR1090511
38523.0,61434,genus,0.0037463,Dehalococcoides,ERR1090511
38523.0,1652133,genus,0.0037463,Halobacteriovorax,ERR1090511
38523.0,1565532,genus,0.0037463,Rouxiella,ERR1090511
38523.0,28453,genus,0.0037463,Sphingobacterium,ERR1090511
38523.0,1645,genus,0.0037463,Renibacterium,ERR1090511
38523.0,265980,genus,0.0037463,Alkalimonas,ERR1090511
38523.0,1210119,genus,0.0037463,Ohtaekwangia,ERR1090511
38523.0,150022,genus,0.0037463,Finegoldia,ERR1090511
38523.0,1654,genus,0.0037463,Actinomyces,ERR1090511
38523.0,233189,genus,0.0037463,Anaerolinea,ERR1090511
38523.0,508459,genus,0.0037463,Cloacibacillus,ERR1090511
38523.0,278993,genus,0.0037463,Thermincola,ERR1090511
38523.0,482,genus,0.0037463,Neisseria,ERR1090511
38523.0,866673,genus,0.0037463,Marinifilum,ERR1090511
38523.0,336260,genus,0.0037463,Thermovirga,ERR1090511
38523.0,2056,genus,0.0037463,Sphaerobacter,ERR1090511
38523.0,497,genus,0.0037463,Psychrobacter,ERR1090511
,-1,genus,25.1527,Unknown,ERR1090511
38523.0,838,genus,30.36,Prevotella,ERR1090511
38523.0,39948,genus,19.8217,Dialister,ERR1090511
38523.0,816,genus,6.86697,Bacteroides,ERR1090511
38523.0,1506553,genus,3.05323,Lachnoclostridium,ERR1090511
38523.0,375288,genus,2.82846,Parabacteroides,ERR1090511
38523.0,239934,genus,2.49129,Akkermansia,ERR1090511
38523.0,29465,genus,1.66336,Veillonella,ERR1090511
38523.0,572511,genus,1.39737,Blautia,ERR1090511
38523.0,216851,genus,1.06395,Faecalibacterium,ERR1090511
38523.0,1573535,genus,0.842918,Holdemanella,ERR1090511
38523.0,1301,genus,0.71929,Streptococcus,ERR1090511
38523.0,577309,genus,0.460795,Paraprevotella,ERR1090511
38523.0,841,genus,0.337167,Roseburia,ERR1090511
38523.0,1263,genus,0.265987,Ruminococcus,ERR1090511
38523.0,1730,genus,0.224778,Eubacterium,ERR1090511
38523.0,239759,genus,0.213539,Alistipes,ERR1090511
38523.0,189330,genus,0.206047,Dorea,ERR1090511
38523.0,724,genus,0.157345,Haemophilus,ERR1090511
38523.0,1508657,genus,0.127374,Ruminiclostridium,ERR1090511
38523.0,459786,genus,0.104896,Oscillibacter,ERR1090511
38523.0,1678,genus,0.0974038,Bifidobacterium,ERR1090511
38523.0,1386,genus,0.0899112,Bacillus,ERR1090511
38523.0,46205,genus,0.074926,Pseudobutyrivibrio,ERR1090511
38523.0,35832,genus,0.0449556,Bilophila,ERR1090511
38523.0,40544,genus,0.0412093,Sutterella,ERR1090511
38523.0,32207,genus,0.037463,Rothia,ERR1090511
38523.0,1716,genus,0.037463,Corynebacterium,ERR1090511
38523.0,55079,genus,0.0337167,Aneurinibacillus,ERR1090511
38523.0,244127,genus,0.0337167,Anaerotruncus,ERR1090511
38523.0,207244,genus,0.0299704,Anaerostipes,ERR1090511
38523.0,44748,genus,0.0262241,Sporobacter,ERR1090511
38523.0,1505657,genus,0.0262241,Intestinibacter,ERR1090511
38523.0,397864,genus,0.0262241,Barnesiella,ERR1090511
38523.0,55080,genus,0.0262241,Brevibacillus,ERR1090511
38523.0,590,genus,0.0187315,Salmonella,ERR1090511
38523.0,561,genus,0.0187315,Escherichia,ERR1090511
38523.0,286,genus,0.0187315,Pseudomonas,ERR1090511
38523.0,670486,genus,0.0187315,Dehalogenimonas,ERR1090511
38523.0,40323,genus,0.0149852,Stenotrophomonas,ERR1090511
38523.0,1485,genus,0.0149852,Clostridium,ERR1090511
38523.0,44249,genus,0.0149852,Paenibacillus,ERR1090511
38523.0,52784,genus,0.0112389,Anaerofilum,ERR1090511
38523.0,1578,genus,0.0112389,Lactobacillus,ERR1090511
38523.0,33042,genus,0.0112389,Coprococcus,ERR1090511
38523.0,906,genus,0.0112389,Megasphaera,ERR1090511
38523.0,848,genus,0.0112389,Fusobacterium,ERR1090511
38523.0,84111,genus,0.0112389,Eggerthella,ERR1090511
38523.0,872,genus,0.0112389,Desulfovibrio,ERR1090511
38523.0,1378,genus,0.0074926,Gemella,ERR1090511
38523.0,162289,genus,0.0074926,Peptoniphilus,ERR1090511
38523.0,100883,genus,0.0074926,Coprobacillus,ERR1090511
38523.0,289201,genus,0.0074926,Pontibacillus,ERR1090511
38523.0,898,genus,0.0074926,Desulfomicrobium,ERR1090511
38523.0,1502725,genus,0.0074926,Effusibacillus,ERR1090511
38523.0,102106,genus,0.0074926,Collinsella,ERR1090511
38523.0,33986,genus,0.0074926,Exiguobacterium,ERR1090511
38523.0,283168,genus,0.0074926,Odoribacter,ERR1090511
38523.0,174708,genus,0.0074926,Allobaculum,ERR1090511
38523.0,1350,genus,0.0074926,Enterococcus,ERR1090511
38523.0,469,genus,0.0074926,Acinetobacter,ERR1090511
38523.0,61170,genus,0.0074926,Holdemania,ERR1090511
38523.0,180541,genus,0.0074926,Salinisphaera,ERR1090511
38523.0,233189,genus,0.0037463,Anaerolinea,ERR1090511
38523.0,508459,genus,0.0037463,Cloacibacillus,ERR1090511
38523.0,1654,genus,0.0037463,Actinomyces,ERR1090511
38523.0,278993,genus,0.0037463,Thermincola,ERR1090511
38523.0,482,genus,0.0037463,Neisseria,ERR1090511
38523.0,2056,genus,0.0037463,Sphaerobacter,ERR1090511
38523.0,497,genus,0.0037463,Psychrobacter,ERR1090511
38523.0,866673,genus,0.0037463,Marinifilum,ERR1090511
38523.0,336260,genus,0.0037463,Thermovirga,ERR1090511
38523.0,1017280,genus,0.0037463,Pseudoflavonifractor,ERR1090511
38523.0,46255,genus,0.0037463,Weissella,ERR1090511
38523.0,29526,genus,0.0037463,Syntrophobacter,ERR1090511
38523.0,79328,genus,0.0037463,Chitinophaga,ERR1090511
38523.0,1505663,genus,0.0037463,Erysipelatoclostridium,ERR1090511
38523.0,1372,genus,0.0037463,Planococcus,ERR1090511
38523.0,862,genus,0.0037463,Syntrophomonas,ERR1090511
38523.0,133925,genus,0.0037463,Olsenella,ERR1090511
38523.0,34037,genus,0.0037463,Rahnella,ERR1090511
38523.0,33926,genus,0.0037463,Candidatus Phytoplasma,ERR1090511
38523.0,392332,genus,0.0037463,Geoalkalibacter,ERR1090511
38523.0,1279,genus,0.0037463,Staphylococcus,ERR1090511
38523.0,2373,genus,0.0037463,Acetonema,ERR1090511
38523.0,61434,genus,0.0037463,Dehalococcoides,ERR1090511
38523.0,114627,genus,0.0037463,Alkaliphilus,ERR1090511
38523.0,1652133,genus,0.0037463,Halobacteriovorax,ERR1090511
38523.0,28453,genus,0.0037463,Sphingobacterium,ERR1090511
38523.0,1565532,genus,0.0037463,Rouxiella,ERR1090511
38523.0,1210119,genus,0.0037463,Ohtaekwangia,ERR1090511
38523.0,150022,genus,0.0037463,Finegoldia,ERR1090511
38523.0,1645,genus,0.0037463,Renibacterium,ERR1090511
38523.0,265980,genus,0.0037463,Alkalimonas,ERR1090511
,-1,genus,25.1527,Unknown,ERR1090511
38523.0,838,genus,30.36,Prevotella,ERR1090511
38523.0,39948,genus,19.8217,Dialister,ERR1090511
38523.0,816,genus,6.86697,Bacteroides,ERR1090511
38523.0,1506553,genus,3.05323,Lachnoclostridium,ERR1090511
38523.0,375288,genus,2.82846,Parabacteroides,ERR1090511
38523.0,239934,genus,2.49129,Akkermansia,ERR1090511
38523.0,29465,genus,1.66336,Veillonella,ERR1090511
38523.0,572511,genus,1.39737,Blautia,ERR1090511
38523.0,216851,genus,1.06395,Faecalibacterium,ERR1090511
38523.0,1573535,genus,0.842918,Holdemanella,ERR1090511
38523.0,1301,genus,0.71929,Streptococcus,ERR1090511
38523.0,577309,genus,0.460795,Paraprevotella,ERR1090511
38523.0,841,genus,0.337167,Roseburia,ERR1090511
38523.0,1263,genus,0.265987,Ruminococcus,ERR1090511
38523.0,1730,genus,0.224778,Eubacterium,ERR1090511
38523.0,239759,genus,0.213539,Alistipes,ERR1090511
38523.0,189330,genus,0.206047,Dorea,ERR1090511
38523.0,724,genus,0.157345,Haemophilus,ERR1090511
38523.0,1508657,genus,0.127374,Ruminiclostridium,ERR1090511
38523.0,459786,genus,0.104896,Oscillibacter,ERR1090511
38523.0,1678,genus,0.0974038,Bifidobacterium,ERR1090511
38523.0,1386,genus,0.0899112,Bacillus,ERR1090511
38523.0,46205,genus,0.074926,Pseudobutyrivibrio,ERR1090511
38523.0,35832,genus,0.0449556,Bilophila,ERR1090511
38523.0,40544,genus,0.0412093,Sutterella,ERR1090511
38523.0,32207,genus,0.037463,Rothia,ERR1090511
38523.0,1716,genus,0.037463,Corynebacterium,ERR1090511
38523.0,55079,genus,0.0337167,Aneurinibacillus,ERR1090511
38523.0,244127,genus,0.0337167,Anaerotruncus,ERR1090511
38523.0,207244,genus,0.0299704,Anaerostipes,ERR1090511
38523.0,1505657,genus,0.0262241,Intestinibacter,ERR1090511
38523.0,397864,genus,0.0262241,Barnesiella,ERR1090511
38523.0,55080,genus,0.0262241,Brevibacillus,ERR1090511
38523.0,44748,genus,0.0262241,Sporobacter,ERR1090511
38523.0,561,genus,0.0187315,Escherichia,ERR1090511
38523.0,286,genus,0.0187315,Pseudomonas,ERR1090511
38523.0,670486,genus,0.0187315,Dehalogenimonas,ERR1090511
38523.0,590,genus,0.0187315,Salmonella,ERR1090511
38523.0,40323,genus,0.0149852,Stenotrophomonas,ERR1090511
38523.0,1485,genus,0.0149852,Clostridium,ERR1090511
38523.0,44249,genus,0.0149852,Paenibacillus,ERR1090511
38523.0,52784,genus,0.0112389,Anaerofilum,ERR1090511
38523.0,1578,genus,0.0112389,Lactobacillus,ERR1090511
38523.0,33042,genus,0.0112389,Coprococcus,ERR1090511
38523.0,906,genus,0.0112389,Megasphaera,ERR1090511
38523.0,848,genus,0.0112389,Fusobacterium,ERR1090511
38523.0,84111,genus,0.0112389,Eggerthella,ERR1090511
38523.0,872,genus,0.0112389,Desulfovibrio,ERR1090511
38523.0,1378,genus,0.0074926,Gemella,ERR1090511
38523.0,162289,genus,0.0074926,Peptoniphilus,ERR1090511
38523.0,100883,genus,0.0074926,Coprobacillus,ERR1090511
38523.0,289201,genus,0.0074926,Pontibacillus,ERR1090511
38523.0,898,genus,0.0074926,Desulfomicrobium,ERR1090511
38523.0,1502725,genus,0.0074926,Effusibacillus,ERR1090511
38523.0,102106,genus,0.0074926,Collinsella,ERR1090511
38523.0,33986,genus,0.0074926,Exiguobacterium,ERR1090511
38523.0,283168,genus,0.0074926,Odoribacter,ERR1090511
38523.0,174708,genus,0.0074926,Allobaculum,ERR1090511
38523.0,1350,genus,0.0074926,Enterococcus,ERR1090511
38523.0,469,genus,0.0074926,Acinetobacter,ERR1090511
38523.0,61170,genus,0.0074926,Holdemania,ERR1090511
38523.0,180541,genus,0.0074926,Salinisphaera,ERR1090511
38523.0,278993,genus,0.0037463,Thermincola,ERR1090511
38523.0,482,genus,0.0037463,Neisseria,ERR1090511
38523.0,2056,genus,0.0037463,Sphaerobacter,ERR1090511
38523.0,497,genus,0.0037463,Psychrobacter,ERR1090511
38523.0,866673,genus,0.0037463,Marinifilum,ERR1090511
38523.0,336260,genus,0.0037463,Thermovirga,ERR1090511
38523.0,1017280,genus,0.0037463,Pseudoflavonifractor,ERR1090511
38523.0,46255,genus,0.0037463,Weissella,ERR1090511
38523.0,29526,genus,0.0037463,Syntrophobacter,ERR1090511
38523.0,79328,genus,0.0037463,Chitinophaga,ERR1090511
38523.0,1505663,genus,0.0037463,Erysipelatoclostridium,ERR1090511
38523.0,1372,genus,0.0037463,Planococcus,ERR1090511
38523.0,862,genus,0.0037463,Syntrophomonas,ERR1090511
38523.0,133925,genus,0.0037463,Olsenella,ERR1090511
38523.0,34037,genus,0.0037463,Rahnella,ERR1090511
38523.0,33926,genus,0.0037463,Candidatus Phytoplasma,ERR1090511
38523.0,392332,genus,0.0037463,Geoalkalibacter,ERR1090511
38523.0,1279,genus,0.0037463,Staphylococcus,ERR1090511
38523.0,2373,genus,0.0037463,Acetonema,ERR1090511
38523.0,61434,genus,0.0037463,Dehalococcoides,ERR1090511
38523.0,114627,genus,0.0037463,Alkaliphilus,ERR1090511
38523.0,1652133,genus,0.0037463,Halobacteriovorax,ERR1090511
38523.0,28453,genus,0.0037463,Sphingobacterium,ERR1090511
38523.0,1565532,genus,0.0037463,Rouxiella,ERR1090511
38523.0,1210119,genus,0.0037463,Ohtaekwangia,ERR1090511
38523.0,150022,genus,0.0037463,Finegoldia,ERR1090511
38523.0,1645,genus,0.0037463,Renibacterium,ERR1090511
38523.0,265980,genus,0.0037463,Alkalimonas,ERR1090511
38523.0,233189,genus,0.0037463,Anaerolinea,ERR1090511
38523.0,508459,genus,0.0037463,Cloacibacillus,ERR1090511
38523.0,1654,genus,0.0037463,Actinomyces,ERR1090511
,-1,genus,25.1527,Unknown,ERR1090511
38523.0,838,genus,30.36,Prevotella,ERR1090511
38523.0,39948,genus,19.8217,Dialister,ERR1090511
38523.0,816,genus,6.86697,Bacteroides,ERR1090511
38523.0,1506553,genus,3.05323,Lachnoclostridium,ERR1090511
38523.0,375288,genus,2.82846,Parabacteroides,ERR1090511
38523.0,239934,genus,2.49129,Akkermansia,ERR1090511
38523.0,29465,genus,1.66336,Veillonella,ERR1090511
38523.0,572511,genus,1.39737,Blautia,ERR1090511
38523.0,216851,genus,1.06395,Faecalibacterium,ERR1090511
38523.0,1573535,genus,0.842918,Holdemanella,ERR1090511
38523.0,1301,genus,0.71929,Streptococcus,ERR1090511
38523.0,577309,genus,0.460795,Paraprevotella,ERR1090511
38523.0,841,genus,0.337167,Roseburia,ERR1090511
38523.0,1263,genus,0.265987,Ruminococcus,ERR1090511
38523.0,1730,genus,0.224778,Eubacterium,ERR1090511
38523.0,239759,genus,0.213539,Alistipes,ERR1090511
38523.0,189330,genus,0.206047,Dorea,ERR1090511
38523.0,724,genus,0.157345,Haemophilus,ERR1090511
38523.0,1508657,genus,0.127374,Ruminiclostridium,ERR1090511
38523.0,459786,genus,0.104896,Oscillibacter,ERR1090511
38523.0,1678,genus,0.0974038,Bifidobacterium,ERR1090511
38523.0,1386,genus,0.0899112,Bacillus,ERR1090511
38523.0,46205,genus,0.074926,Pseudobutyrivibrio,ERR1090511
38523.0,35832,genus,0.0449556,Bilophila,ERR1090511
38523.0,40544,genus,0.0412093,Sutterella,ERR1090511
38523.0,1716,genus,0.037463,Corynebacterium,ERR1090511
38523.0,32207,genus,0.037463,Rothia,ERR1090511
38523.0,244127,genus,0.0337167,Anaerotruncus,ERR1090511
38523.0,55079,genus,0.0337167,Aneurinibacillus,ERR1090511
38523.0,207244,genus,0.0299704,Anaerostipes,ERR1090511
38523.0,397864,genus,0.0262241,Barnesiella,ERR1090511
38523.0,55080,genus,0.0262241,Brevibacillus,ERR1090511
38523.0,44748,genus,0.0262241,Sporobacter,ERR1090511
38523.0,1505657,genus,0.0262241,Intestinibacter,ERR1090511
38523.0,590,genus,0.0187315,Salmonella,ERR1090511
38523.0,561,genus,0.0187315,Escherichia,ERR1090511
38523.0,286,genus,0.0187315,Pseudomonas,ERR1090511
38523.0,670486,genus,0.0187315,Dehalogenimonas,ERR1090511
38523.0,40323,genus,0.0149852,Stenotrophomonas,ERR1090511
38523.0,1485,genus,0.0149852,Clostridium,ERR1090511
38523.0,44249,genus,0.0149852,Paenibacillus,ERR1090511
38523.0,52784,genus,0.0112389,Anaerofilum,ERR1090511
38523.0,1578,genus,0.0112389,Lactobacillus,ERR1090511
38523.0,33042,genus,0.0112389,Coprococcus,ERR1090511
38523.0,906,genus,0.0112389,Megasphaera,ERR1090511
38523.0,848,genus,0.0112389,Fusobacterium,ERR1090511
38523.0,84111,genus,0.0112389,Eggerthella,ERR1090511
38523.0,872,genus,0.0112389,Desulfovibrio,ERR1090511
38523.0,180541,genus,0.0074926,Salinisphaera,ERR1090511
38523.0,1378,genus,0.0074926,Gemella,ERR1090511
38523.0,162289,genus,0.0074926,Peptoniphilus,ERR1090511
38523.0,100883,genus,0.0074926,Coprobacillus,ERR1090511
38523.0,289201,genus,0.0074926,Pontibacillus,ERR1090511
38523.0,898,genus,0.0074926,Desulfomicrobium,ERR1090511
38523.0,1502725,genus,0.0074926,Effusibacillus,ERR1090511
38523.0,102106,genus,0.0074926,Collinsella,ERR1090511
38523.0,33986,genus,0.0074926,Exiguobacterium,ERR1090511
38523.0,283168,genus,0.0074926,Odoribacter,ERR1090511
38523.0,174708,genus,0.0074926,Allobaculum,ERR1090511
38523.0,1350,genus,0.0074926,Enterococcus,ERR1090511
38523.0,469,genus,0.0074926,Acinetobacter,ERR1090511
38523.0,61170,genus,0.0074926,Holdemania,ERR1090511
38523.0,1652133,genus,0.0037463,Halobacteriovorax,ERR1090511
38523.0,28453,genus,0.0037463,Sphingobacterium,ERR1090511
38523.0,1565532,genus,0.0037463,Rouxiella,ERR1090511
38523.0,1210119,genus,0.0037463,Ohtaekwangia,ERR1090511
38523.0,150022,genus,0.0037463,Finegoldia,ERR1090511
38523.0,1645,genus,0.0037463,Renibacterium,ERR1090511
38523.0,265980,genus,0.0037463,Alkalimonas,ERR1090511
38523.0,233189,genus,0.0037463,Anaerolinea,ERR1090511
38523.0,508459,genus,0.0037463,Cloacibacillus,ERR1090511
38523.0,1654,genus,0.0037463,Actinomyces,ERR1090511
38523.0,278993,genus,0.0037463,Thermincola,ERR1090511
38523.0,482,genus,0.0037463,Neisseria,ERR1090511
38523.0,2056,genus,0.0037463,Sphaerobacter,ERR1090511
38523.0,497,genus,0.0037463,Psychrobacter,ERR1090511
38523.0,866673,genus,0.0037463,Marinifilum,ERR1090511
38523.0,336260,genus,0.0037463,Thermovirga,ERR1090511
38523.0,1017280,genus,0.0037463,Pseudoflavonifractor,ERR1090511
38523.0,46255,genus,0.0037463,Weissella,ERR1090511
38523.0,29526,genus,0.0037463,Syntrophobacter,ERR1090511
38523.0,79328,genus,0.0037463,Chitinophaga,ERR1090511
38523.0,1505663,genus,0.0037463,Erysipelatoclostridium,ERR1090511
38523.0,1372,genus,0.0037463,Planococcus,ERR1090511
38523.0,862,genus,0.0037463,Syntrophomonas,ERR1090511
38523.0,133925,genus,0.0037463,Olsenella,ERR1090511
38523.0,34037,genus,0.0037463,Rahnella,ERR1090511
38523.0,33926,genus,0.0037463,Candidatus Phytoplasma,ERR1090511
38523.0,392332,genus,0.0037463,Geoalkalibacter,ERR1090511
38523.0,1279,genus,0.0037463,Staphylococcus,ERR1090511
38523.0,2373,genus,0.0037463,Acetonema,ERR1090511
38523.0,61434,genus,0.0037463,Dehalococcoides,ERR1090511
38523.0,114627,genus,0.0037463,Alkaliphilus,ERR1090511
,-1,genus,25.1527,Unknown,ERR1090511
38523.0,838,genus,30.36,Prevotella,ERR1090511
38523.0,39948,genus,19.8217,Dialister,ERR1090511
38523.0,816,genus,6.86697,Bacteroides,ERR1090511
38523.0,1506553,genus,3.05323,Lachnoclostridium,ERR1090511
38523.0,375288,genus,2.82846,Parabacteroides,ERR1090511
38523.0,239934,genus,2.49129,Akkermansia,ERR1090511
38523.0,29465,genus,1.66336,Veillonella,ERR1090511
38523.0,572511,genus,1.39737,Blautia,ERR1090511
38523.0,216851,genus,1.06395,Faecalibacterium,ERR1090511
38523.0,1573535,genus,0.842918,Holdemanella,ERR1090511
38523.0,1301,genus,0.71929,Streptococcus,ERR1090511
38523.0,577309,genus,0.460795,Paraprevotella,ERR1090511
38523.0,841,genus,0.337167,Roseburia,ERR1090511
38523.0,1263,genus,0.265987,Ruminococcus,ERR1090511
38523.0,1730,genus,0.224778,Eubacterium,ERR1090511
38523.0,239759,genus,0.213539,Alistipes,ERR1090511
38523.0,189330,genus,0.206047,Dorea,ERR1090511
38523.0,724,genus,0.157345,Haemophilus,ERR1090511
38523.0,1508657,genus,0.127374,Ruminiclostridium,ERR1090511
38523.0,459786,genus,0.104896,Oscillibacter,ERR1090511
38523.0,1678,genus,0.0974038,Bifidobacterium,ERR1090511
38523.0,1386,genus,0.0899112,Bacillus,ERR1090511
38523.0,46205,genus,0.074926,Pseudobutyrivibrio,ERR1090511
38523.0,35832,genus,0.0449556,Bilophila,ERR1090511
38523.0,40544,genus,0.0412093,Sutterella,ERR1090511
38523.0,1716,genus,0.037463,Corynebacterium,ERR1090511
38523.0,32207,genus,0.037463,Rothia,ERR1090511
38523.0,55079,genus,0.0337167,Aneurinibacillus,ERR1090511
38523.0,244127,genus,0.0337167,Anaerotruncus,ERR1090511
38523.0,207244,genus,0.0299704,Anaerostipes,ERR1090511
38523.0,55080,genus,0.0262241,Brevibacillus,ERR1090511
38523.0,44748,genus,0.0262241,Sporobacter,ERR1090511
38523.0,1505657,genus,0.0262241,Intestinibacter,ERR1090511
38523.0,397864,genus,0.0262241,Barnesiella,ERR1090511
38523.0,590,genus,0.0187315,Salmonella,ERR1090511
38523.0,561,genus,0.0187315,Escherichia,ERR1090511
38523.0,286,genus,0.0187315,Pseudomonas,ERR1090511
38523.0,670486,genus,0.0187315,Dehalogenimonas,ERR1090511
38523.0,40323,genus,0.0149852,Stenotrophomonas,ERR1090511
38523.0,1485,genus,0.0149852,Clostridium,ERR1090511
38523.0,44249,genus,0.0149852,Paenibacillus,ERR1090511
38523.0,52784,genus,0.0112389,Anaerofilum,ERR1090511
38523.0,1578,genus,0.0112389,Lactobacillus,ERR1090511
38523.0,33042,genus,0.0112389,Coprococcus,ERR1090511
38523.0,906,genus,0.0112389,Megasphaera,ERR1090511
38523.0,848,genus,0.0112389,Fusobacterium,ERR1090511
38523.0,84111,genus,0.0112389,Eggerthella,ERR1090511
38523.0,872,genus,0.0112389,Desulfovibrio,ERR1090511
38523.0,1378,genus,0.0074926,Gemella,ERR1090511
38523.0,162289,genus,0.0074926,Peptoniphilus,ERR1090511
38523.0,100883,genus,0.0074926,Coprobacillus,ERR1090511
38523.0,289201,genus,0.0074926,Pontibacillus,ERR1090511
38523.0,898,genus,0.0074926,Desulfomicrobium,ERR1090511
38523.0,1502725,genus,0.0074926,Effusibacillus,ERR1090511
38523.0,102106,genus,0.0074926,Collinsella,ERR1090511
38523.0,33986,genus,0.0074926,Exiguobacterium,ERR1090511
38523.0,283168,genus,0.0074926,Odoribacter,ERR1090511
38523.0,174708,genus,0.0074926,Allobaculum,ERR1090511
38523.0,1350,genus,0.0074926,Enterococcus,ERR1090511
38523.0,469,genus,0.0074926,Acinetobacter,ERR1090511
38523.0,61170,genus,0.0074926,Holdemania,ERR1090511
38523.0,180541,genus,0.0074926,Salinisphaera,ERR1090511
38523.0,28453,genus,0.0037463,Sphingobacterium,ERR1090511
38523.0,1565532,genus,0.0037463,Rouxiella,ERR1090511
38523.0,1210119,genus,0.0037463,Ohtaekwangia,ERR1090511
38523.0,150022,genus,0.0037463,Finegoldia,ERR1090511
38523.0,1645,genus,0.0037463,Renibacterium,ERR1090511
38523.0,265980,genus,0.0037463,Alkalimonas,ERR1090511
38523.0,233189,genus,0.0037463,Anaerolinea,ERR1090511
38523.0,508459,genus,0.0037463,Cloacibacillus,ERR1090511
38523.0,1654,genus,0.0037463,Actinomyces,ERR1090511
38523.0,278993,genus,0.0037463,Thermincola,ERR1090511
38523.0,482,genus,0.0037463,Neisseria,ERR1090511
38523.0,2056,genus,0.0037463,Sphaerobacter,ERR1090511
38523.0,497,genus,0.0037463,Psychrobacter,ERR1090511
38523.0,866673,genus,0.0037463,Marinifilum,ERR1090511
38523.0,336260,genus,0.0037463,Thermovirga,ERR1090511
38523.0,1017280,genus,0.0037463,Pseudoflavonifractor,ERR1090511
38523.0,46255,genus,0.0037463,Weissella,ERR1090511
38523.0,29526,genus,0.0037463,Syntrophobacter,ERR1090511
38523.0,79328,genus,0.0037463,Chitinophaga,ERR1090511
38523.0,1505663,genus,0.0037463,Erysipelatoclostridium,ERR1090511
38523.0,1372,genus,0.0037463,Planococcus,ERR1090511
38523.0,862,genus,0.0037463,Syntrophomonas,ERR1090511
38523.0,133925,genus,0.0037463,Olsenella,ERR1090511
38523.0,34037,genus,0.0037463,Rahnella,ERR1090511
38523.0,33926,genus,0.0037463,Candidatus Phytoplasma,ERR1090511
38523.0,392332,genus,0.0037463,Geoalkalibacter,ERR1090511
38523.0,1279,genus,0.0037463,Staphylococcus,ERR1090511
38523.0,2373,genus,0.0037463,Acetonema,ERR1090511
38523.0,61434,genus,0.0037463,Dehalococcoides,ERR1090511
38523.0,114627,genus,0.0037463,Alkaliphilus,ERR1090511
38523.0,1652133,genus,0.0037463,Halobacteriovorax,ERR1090511
,-1,genus,25.1527,Unknown,ERR1090511
34118.0,816,genus,18.4624,Bacteroides,ERR1090654
34118.0,216851,genus,17.8958,Faecalibacterium,ERR1090654
34118.0,1506553,genus,2.7016,Lachnoclostridium,ERR1090654
34118.0,239759,genus,2.51575,Alistipes,ERR1090654
34118.0,459786,genus,1.9854,Oscillibacter,ERR1090654
34118.0,572511,genus,1.52305,Blautia,ERR1090654
34118.0,283168,genus,1.44146,Odoribacter,ERR1090654
34118.0,1505663,genus,1.30547,Erysipelatoclostridium,ERR1090654
34118.0,1730,genus,0.915643,Eubacterium,ERR1090654
34118.0,904,genus,0.892979,Acidaminococcus,ERR1090654
34118.0,375288,genus,0.843117,Parabacteroides,ERR1090654
34118.0,1508657,genus,0.797788,Ruminiclostridium,ERR1090654
34118.0,1263,genus,0.73886,Ruminococcus,ERR1090654
34118.0,244127,genus,0.466887,Anaerotruncus,ERR1090654
34118.0,841,genus,0.43969,Roseburia,ERR1090654
34118.0,397864,genus,0.380762,Barnesiella,ERR1090654
34118.0,44748,genus,0.37623,Sporobacter,ERR1090654
34118.0,33042,genus,0.362631,Coprococcus,ERR1090654
34118.0,40544,genus,0.312769,Sutterella,ERR1090654
34118.0,872,genus,0.262907,Desulfovibrio,ERR1090654
34118.0,239934,genus,0.17225,Akkermansia,ERR1090654
34118.0,52784,genus,0.167717,Anaerofilum,ERR1090654
34118.0,838,genus,0.140519,Prevotella,ERR1090654
34118.0,189330,genus,0.104256,Dorea,ERR1090654
34118.0,990721,genus,0.0725262,Christensenella,ERR1090654
34118.0,182709,genus,0.0725262,Oceanobacillus,ERR1090654
34118.0,544,genus,0.0725262,Citrobacter,ERR1090654
34118.0,1485,genus,0.0634604,Clostridium,ERR1090654
34118.0,869806,genus,0.0634604,Marivirga,ERR1090654
34118.0,590,genus,0.0543946,Salmonella,ERR1090654
34118.0,2740,genus,0.0543946,Peptococcus,ERR1090654
34118.0,286,genus,0.0543946,Pseudomonas,ERR1090654
34118.0,1301,genus,0.0498617,Streptococcus,ERR1090654
34118.0,1716,genus,0.0498617,Corynebacterium,ERR1090654
34118.0,36853,genus,0.0453289,Desulfitobacterium,ERR1090654
34118.0,61170,genus,0.0453289,Holdemania,ERR1090654
34118.0,1386,genus,0.0362631,Bacillus,ERR1090654
34118.0,1678,genus,0.0362631,Bifidobacterium,ERR1090654
34118.0,846,genus,0.0362631,Oxalobacter,ERR1090654
34118.0,1506577,genus,0.0362631,Tyzzerella,ERR1090654
34118.0,469,genus,0.0317302,Acinetobacter,ERR1090654
34118.0,270497,genus,0.0317302,Catabacter,ERR1090654
34118.0,172900,genus,0.0271973,Victivallis,ERR1090654
34118.0,2172,genus,0.0271973,Methanobrevibacter,ERR1090654
34118.0,118966,genus,0.0271973,Anaerorhabdus,ERR1090654
34118.0,61434,genus,0.0271973,Dehalococcoides,ERR1090654
34118.0,1017280,genus,0.0226644,Pseudoflavonifractor,ERR1090654
34118.0,66831,genus,0.0181315,Facklamia,ERR1090654
34118.0,836,genus,0.0181315,Porphyromonas,ERR1090654
34118.0,180541,genus,0.0181315,Salinisphaera,ERR1090654
34118.0,162289,genus,0.0181315,Peptoniphilus,ERR1090654
34118.0,150022,genus,0.0135987,Finegoldia,ERR1090654
34118.0,1291539,genus,0.0135987,Candidatus Methanomethylophilus,ERR1090654
34118.0,2013,genus,0.0135987,Nocardiopsis,ERR1090654
34118.0,13687,genus,0.0135987,Sphingomonas,ERR1090654
34118.0,84406,genus,0.0135987,Virgibacillus,ERR1090654
34118.0,233189,genus,0.0135987,Anaerolinea,ERR1090654
34118.0,165779,genus,0.0135987,Anaerococcus,ERR1090654
34118.0,547,genus,0.0135987,Enterobacter,ERR1090654
34118.0,117563,genus,0.0135987,Granulicatella,ERR1090654
34118.0,906,genus,0.00906577,Megasphaera,ERR1090654
34118.0,79206,genus,0.00906577,Desulfosporosinus,ERR1090654
34118.0,84111,genus,0.00906577,Eggerthella,ERR1090654
34118.0,83660,genus,0.00906577,Desulfonispora,ERR1090654
34118.0,40323,genus,0.00906577,Stenotrophomonas,ERR1090654
34118.0,1380,genus,0.00906577,Atopobium,ERR1090654
34118.0,233191,genus,0.00906577,Caldilinea,ERR1090654
34118.0,32207,genus,0.00906577,Rothia,ERR1090654
34118.0,86331,genus,0.00906577,Mogibacterium,ERR1090654
34118.0,118747,genus,0.00906577,Bulleidia,ERR1090654
34118.0,583,genus,0.00906577,Proteus,ERR1090654
34118.0,248744,genus,0.00906577,Marvinbryantia,ERR1090654
34118.0,34102,genus,0.00906577,Sphaerotilus,ERR1090654
34118.0,158848,genus,0.00453289,Moellerella,ERR1090654
34118.0,312278,genus,0.00453289,Emticicia,ERR1090654
34118.0,58050,genus,0.00453289,Moritella,ERR1090654
34118.0,1378,genus,0.00453289,Gemella,ERR1090654
34118.0,2132,genus,0.00453289,Spiroplasma,ERR1090654
34118.0,423604,genus,0.00453289,Elusimicrobium,ERR1090654
34118.0,2147,genus,0.00453289,Acholeplasma,ERR1090654
34118.0,528,genus,0.00453289,Ochrobactrum,ERR1090654
34118.0,84567,genus,0.00453289,Pedobacter,ERR1090654
34118.0,100175,genus,0.00453289,Papillibacter,ERR1090654
34118.0,44261,genus,0.00453289,Oxobacter,ERR1090654
34118.0,207244,genus,0.00453289,Anaerostipes,ERR1090654
34118.0,83612,genus,0.00453289,Psychroflexus,ERR1090654
34118.0,830,genus,0.00453289,Butyrivibrio,ERR1090654
34118.0,596499,genus,0.00453289,Nitriliruptor,ERR1090654
34118.0,59732,genus,0.00453289,Chryseobacterium,ERR1090654
34118.0,312063,genus,0.00453289,Azohydromonas,ERR1090654
34118.0,2745,genus,0.00453289,Halomonas,ERR1090654
34118.0,226,genus,0.00453289,Alteromonas,ERR1090654
34118.0,264995,genus,0.00453289,Anaerofustis,ERR1090654
34118.0,28453,genus,0.00453289,Sphingobacterium,ERR1090654
34118.0,670486,genus,0.00453289,Dehalogenimonas,ERR1090654
34118.0,283,genus,0.00453289,Comamonas,ERR1090654
34118.0,102106,genus,0.00453289,Collinsella,ERR1090654
34118.0,46205,genus,0.00453289,Pseudobutyrivibrio,ERR1090654
34118.0,482,genus,0.00453289,Neisseria,ERR1090654
34118.0,55080,genus,0.00453289,Brevibacillus,ERR1090654
34118.0,32008,genus,0.00453289,Burkholderia,ERR1090654
34118.0,561,genus,0.00453289,Escherichia,ERR1090654
34118.0,1883,genus,0.00453289,Streptomyces,ERR1090654
,-1,genus,40.5829,Unknown,ERR1090654
34118.0,816,genus,18.4624,Bacteroides,ERR1090654
34118.0,216851,genus,17.8958,Faecalibacterium,ERR1090654
34118.0,1506553,genus,2.7016,Lachnoclostridium,ERR1090654
34118.0,239759,genus,2.51575,Alistipes,ERR1090654
34118.0,459786,genus,1.9854,Oscillibacter,ERR1090654
34118.0,572511,genus,1.52305,Blautia,ERR1090654
34118.0,283168,genus,1.44146,Odoribacter,ERR1090654
34118.0,1505663,genus,1.30547,Erysipelatoclostridium,ERR1090654
34118.0,1730,genus,0.915643,Eubacterium,ERR1090654
34118.0,904,genus,0.892979,Acidaminococcus,ERR1090654
34118.0,375288,genus,0.843117,Parabacteroides,ERR1090654
34118.0,1508657,genus,0.797788,Ruminiclostridium,ERR1090654
34118.0,1263,genus,0.73886,Ruminococcus,ERR1090654
34118.0,244127,genus,0.466887,Anaerotruncus,ERR1090654
34118.0,841,genus,0.43969,Roseburia,ERR1090654
34118.0,397864,genus,0.380762,Barnesiella,ERR1090654
34118.0,44748,genus,0.37623,Sporobacter,ERR1090654
34118.0,33042,genus,0.362631,Coprococcus,ERR1090654
34118.0,40544,genus,0.312769,Sutterella,ERR1090654
34118.0,872,genus,0.262907,Desulfovibrio,ERR1090654
34118.0,239934,genus,0.17225,Akkermansia,ERR1090654
34118.0,52784,genus,0.167717,Anaerofilum,ERR1090654
34118.0,838,genus,0.140519,Prevotella,ERR1090654
34118.0,189330,genus,0.104256,Dorea,ERR1090654
34118.0,990721,genus,0.0725262,Christensenella,ERR1090654
34118.0,182709,genus,0.0725262,Oceanobacillus,ERR1090654
34118.0,544,genus,0.0725262,Citrobacter,ERR1090654
34118.0,1485,genus,0.0634604,Clostridium,ERR1090654
34118.0,869806,genus,0.0634604,Marivirga,ERR1090654
34118.0,2740,genus,0.0543946,Peptococcus,ERR1090654
34118.0,286,genus,0.0543946,Pseudomonas,ERR1090654
34118.0,590,genus,0.0543946,Salmonella,ERR1090654
34118.0,1301,genus,0.0498617,Streptococcus,ERR1090654
34118.0,1716,genus,0.0498617,Corynebacterium,ERR1090654
34118.0,36853,genus,0.0453289,Desulfitobacterium,ERR1090654
34118.0,61170,genus,0.0453289,Holdemania,ERR1090654
34118.0,1386,genus,0.0362631,Bacillus,ERR1090654
34118.0,1678,genus,0.0362631,Bifidobacterium,ERR1090654
34118.0,846,genus,0.0362631,Oxalobacter,ERR1090654
34118.0,1506577,genus,0.0362631,Tyzzerella,ERR1090654
34118.0,469,genus,0.0317302,Acinetobacter,ERR1090654
34118.0,270497,genus,0.0317302,Catabacter,ERR1090654
34118.0,172900,genus,0.0271973,Victivallis,ERR1090654
34118.0,2172,genus,0.0271973,Methanobrevibacter,ERR1090654
34118.0,118966,genus,0.0271973,Anaerorhabdus,ERR1090654
34118.0,61434,genus,0.0271973,Dehalococcoides,ERR1090654
34118.0,1017280,genus,0.0226644,Pseudoflavonifractor,ERR1090654
34118.0,836,genus,0.0181315,Porphyromonas,ERR1090654
34118.0,180541,genus,0.0181315,Salinisphaera,ERR1090654
34118.0,162289,genus,0.0181315,Peptoniphilus,ERR1090654
34118.0,66831,genus,0.0181315,Facklamia,ERR1090654
34118.0,150022,genus,0.0135987,Finegoldia,ERR1090654
34118.0,1291539,genus,0.0135987,Candidatus Methanomethylophilus,ERR1090654
34118.0,2013,genus,0.0135987,Nocardiopsis,ERR1090654
34118.0,13687,genus,0.0135987,Sphingomonas,ERR1090654
34118.0,84406,genus,0.0135987,Virgibacillus,ERR1090654
34118.0,233189,genus,0.0135987,Anaerolinea,ERR1090654
34118.0,165779,genus,0.0135987,Anaerococcus,ERR1090654
34118.0,547,genus,0.0135987,Enterobacter,ERR1090654
34118.0,117563,genus,0.0135987,Granulicatella,ERR1090654
34118.0,79206,genus,0.00906577,Desulfosporosinus,ERR1090654
34118.0,84111,genus,0.00906577,Eggerthella,ERR1090654
34118.0,83660,genus,0.00906577,Desulfonispora,ERR1090654
34118.0,40323,genus,0.00906577,Stenotrophomonas,ERR1090654
34118.0,1380,genus,0.00906577,Atopobium,ERR1090654
34118.0,233191,genus,0.00906577,Caldilinea,ERR1090654
34118.0,32207,genus,0.00906577,Rothia,ERR1090654
34118.0,86331,genus,0.00906577,Mogibacterium,ERR1090654
34118.0,118747,genus,0.00906577,Bulleidia,ERR1090654
34118.0,583,genus,0.00906577,Proteus,ERR1090654
34118.0,248744,genus,0.00906577,Marvinbryantia,ERR1090654
34118.0,34102,genus,0.00906577,Sphaerotilus,ERR1090654
34118.0,906,genus,0.00906577,Megasphaera,ERR1090654
34118.0,58050,genus,0.00453289,Moritella,ERR1090654
34118.0,1378,genus,0.00453289,Gemella,ERR1090654
34118.0,2132,genus,0.00453289,Spiroplasma,ERR1090654
34118.0,423604,genus,0.00453289,Elusimicrobium,ERR1090654
34118.0,2147,genus,0.00453289,Acholeplasma,ERR1090654
34118.0,528,genus,0.00453289,Ochrobactrum,ERR1090654
34118.0,84567,genus,0.00453289,Pedobacter,ERR1090654
34118.0,100175,genus,0.00453289,Papillibacter,ERR1090654
34118.0,44261,genus,0.00453289,Oxobacter,ERR1090654
34118.0,207244,genus,0.00453289,Anaerostipes,ERR1090654
34118.0,83612,genus,0.00453289,Psychroflexus,ERR1090654
34118.0,830,genus,0.00453289,Butyrivibrio,ERR1090654
34118.0,596499,genus,0.00453289,Nitriliruptor,ERR1090654
34118.0,59732,genus,0.00453289,Chryseobacterium,ERR1090654
34118.0,312063,genus,0.00453289,Azohydromonas,ERR1090654
34118.0,2745,genus,0.00453289,Halomonas,ERR1090654
34118.0,226,genus,0.00453289,Alteromonas,ERR1090654
34118.0,264995,genus,0.00453289,Anaerofustis,ERR1090654
34118.0,28453,genus,0.00453289,Sphingobacterium,ERR1090654
34118.0,670486,genus,0.00453289,Dehalogenimonas,ERR1090654
34118.0,283,genus,0.00453289,Comamonas,ERR1090654
34118.0,102106,genus,0.00453289,Collinsella,ERR1090654
34118.0,46205,genus,0.00453289,Pseudobutyrivibrio,ERR1090654
34118.0,482,genus,0.00453289,Neisseria,ERR1090654
34118.0,55080,genus,0.00453289,Brevibacillus,ERR1090654
34118.0,32008,genus,0.00453289,Burkholderia,ERR1090654
34118.0,561,genus,0.00453289,Escherichia,ERR1090654
34118.0,1883,genus,0.00453289,Streptomyces,ERR1090654
34118.0,158848,genus,0.00453289,Moellerella,ERR1090654
34118.0,312278,genus,0.00453289,Emticicia,ERR1090654
,-1,genus,40.5829,Unknown,ERR1090654
34118.0,816,genus,18.4624,Bacteroides,ERR1090654
34118.0,216851,genus,17.8958,Faecalibacterium,ERR1090654
34118.0,1506553,genus,2.7016,Lachnoclostridium,ERR1090654
34118.0,239759,genus,2.51575,Alistipes,ERR1090654
34118.0,459786,genus,1.9854,Oscillibacter,ERR1090654
34118.0,572511,genus,1.52305,Blautia,ERR1090654
34118.0,283168,genus,1.44146,Odoribacter,ERR1090654
34118.0,1505663,genus,1.30547,Erysipelatoclostridium,ERR1090654
34118.0,1730,genus,0.915643,Eubacterium,ERR1090654
34118.0,904,genus,0.892979,Acidaminococcus,ERR1090654
34118.0,375288,genus,0.843117,Parabacteroides,ERR1090654
34118.0,1508657,genus,0.797788,Ruminiclostridium,ERR1090654
34118.0,1263,genus,0.73886,Ruminococcus,ERR1090654
34118.0,244127,genus,0.466887,Anaerotruncus,ERR1090654
34118.0,841,genus,0.43969,Roseburia,ERR1090654
34118.0,397864,genus,0.380762,Barnesiella,ERR1090654
34118.0,44748,genus,0.37623,Sporobacter,ERR1090654
34118.0,33042,genus,0.362631,Coprococcus,ERR1090654
34118.0,40544,genus,0.312769,Sutterella,ERR1090654
34118.0,872,genus,0.262907,Desulfovibrio,ERR1090654
34118.0,239934,genus,0.17225,Akkermansia,ERR1090654
34118.0,52784,genus,0.167717,Anaerofilum,ERR1090654
34118.0,838,genus,0.140519,Prevotella,ERR1090654
34118.0,189330,genus,0.104256,Dorea,ERR1090654
34118.0,990721,genus,0.0725262,Christensenella,ERR1090654
34118.0,182709,genus,0.0725262,Oceanobacillus,ERR1090654
34118.0,544,genus,0.0725262,Citrobacter,ERR1090654
34118.0,1485,genus,0.0634604,Clostridium,ERR1090654
34118.0,869806,genus,0.0634604,Marivirga,ERR1090654
34118.0,2740,genus,0.0543946,Peptococcus,ERR1090654
34118.0,286,genus,0.0543946,Pseudomonas,ERR1090654
34118.0,590,genus,0.0543946,Salmonella,ERR1090654
34118.0,1301,genus,0.0498617,Streptococcus,ERR1090654
34118.0,1716,genus,0.0498617,Corynebacterium,ERR1090654
34118.0,36853,genus,0.0453289,Desulfitobacterium,ERR1090654
34118.0,61170,genus,0.0453289,Holdemania,ERR1090654
34118.0,1678,genus,0.0362631,Bifidobacterium,ERR1090654
34118.0,846,genus,0.0362631,Oxalobacter,ERR1090654
34118.0,1506577,genus,0.0362631,Tyzzerella,ERR1090654
34118.0,1386,genus,0.0362631,Bacillus,ERR1090654
34118.0,469,genus,0.0317302,Acinetobacter,ERR1090654
34118.0,270497,genus,0.0317302,Catabacter,ERR1090654
34118.0,2172,genus,0.0271973,Methanobrevibacter,ERR1090654
34118.0,118966,genus,0.0271973,Anaerorhabdus,ERR1090654
34118.0,61434,genus,0.0271973,Dehalococcoides,ERR1090654
34118.0,172900,genus,0.0271973,Victivallis,ERR1090654
34118.0,1017280,genus,0.0226644,Pseudoflavonifractor,ERR1090654
34118.0,836,genus,0.0181315,Porphyromonas,ERR1090654
34118.0,180541,genus,0.0181315,Salinisphaera,ERR1090654
34118.0,162289,genus,0.0181315,Peptoniphilus,ERR1090654
34118.0,66831,genus,0.0181315,Facklamia,ERR1090654
34118.0,150022,genus,0.0135987,Finegoldia,ERR1090654
34118.0,1291539,genus,0.0135987,Candidatus Methanomethylophilus,ERR1090654
34118.0,2013,genus,0.0135987,Nocardiopsis,ERR1090654
34118.0,13687,genus,0.0135987,Sphingomonas,ERR1090654
34118.0,84406,genus,0.0135987,Virgibacillus,ERR1090654
34118.0,233189,genus,0.0135987,Anaerolinea,ERR1090654
34118.0,165779,genus,0.0135987,Anaerococcus,ERR1090654
34118.0,547,genus,0.0135987,Enterobacter,ERR1090654
34118.0,117563,genus,0.0135987,Granulicatella,ERR1090654
34118.0,79206,genus,0.00906577,Desulfosporosinus,ERR1090654
34118.0,84111,genus,0.00906577,Eggerthella,ERR1090654
34118.0,83660,genus,0.00906577,Desulfonispora,ERR1090654
34118.0,40323,genus,0.00906577,Stenotrophomonas,ERR1090654
34118.0,1380,genus,0.00906577,Atopobium,ERR1090654
34118.0,233191,genus,0.00906577,Caldilinea,ERR1090654
34118.0,32207,genus,0.00906577,Rothia,ERR1090654
34118.0,86331,genus,0.00906577,Mogibacterium,ERR1090654
34118.0,118747,genus,0.00906577,Bulleidia,ERR1090654
34118.0,583,genus,0.00906577,Proteus,ERR1090654
34118.0,248744,genus,0.00906577,Marvinbryantia,ERR1090654
34118.0,34102,genus,0.00906577,Sphaerotilus,ERR1090654
34118.0,906,genus,0.00906577,Megasphaera,ERR1090654
34118.0,423604,genus,0.00453289,Elusimicrobium,ERR1090654
34118.0,2147,genus,0.00453289,Acholeplasma,ERR1090654
34118.0,528,genus,0.00453289,Ochrobactrum,ERR1090654
34118.0,84567,genus,0.00453289,Pedobacter,ERR1090654
34118.0,100175,genus,0.00453289,Papillibacter,ERR1090654
34118.0,44261,genus,0.00453289,Oxobacter,ERR1090654
34118.0,207244,genus,0.00453289,Anaerostipes,ERR1090654
34118.0,83612,genus,0.00453289,Psychroflexus,ERR1090654
34118.0,830,genus,0.00453289,Butyrivibrio,ERR1090654
34118.0,596499,genus,0.00453289,Nitriliruptor,ERR1090654
34118.0,59732,genus,0.00453289,Chryseobacterium,ERR1090654
34118.0,312063,genus,0.00453289,Azohydromonas,ERR1090654
34118.0,2745,genus,0.00453289,Halomonas,ERR1090654
34118.0,226,genus,0.00453289,Alteromonas,ERR1090654
34118.0,264995,genus,0.00453289,Anaerofustis,ERR1090654
34118.0,28453,genus,0.00453289,Sphingobacterium,ERR1090654
34118.0,670486,genus,0.00453289,Dehalogenimonas,ERR1090654
34118.0,283,genus,0.00453289,Comamonas,ERR1090654
34118.0,102106,genus,0.00453289,Collinsella,ERR1090654
34118.0,46205,genus,0.00453289,Pseudobutyrivibrio,ERR1090654
34118.0,482,genus,0.00453289,Neisseria,ERR1090654
34118.0,55080,genus,0.00453289,Brevibacillus,ERR1090654
34118.0,32008,genus,0.00453289,Burkholderia,ERR1090654
34118.0,561,genus,0.00453289,Escherichia,ERR1090654
34118.0,1883,genus,0.00453289,Streptomyces,ERR1090654
34118.0,158848,genus,0.00453289,Moellerella,ERR1090654
34118.0,312278,genus,0.00453289,Emticicia,ERR1090654
34118.0,58050,genus,0.00453289,Moritella,ERR1090654
34118.0,1378,genus,0.00453289,Gemella,ERR1090654
34118.0,2132,genus,0.00453289,Spiroplasma,ERR1090654
,-1,genus,40.5829,Unknown,ERR1090654
34118.0,816,genus,18.4624,Bacteroides,ERR1090654
34118.0,216851,genus,17.8958,Faecalibacterium,ERR1090654
34118.0,1506553,genus,2.7016,Lachnoclostridium,ERR1090654
34118.0,239759,genus,2.51575,Alistipes,ERR1090654
34118.0,459786,genus,1.9854,Oscillibacter,ERR1090654
34118.0,572511,genus,1.52305,Blautia,ERR1090654
34118.0,283168,genus,1.44146,Odoribacter,ERR1090654
34118.0,1505663,genus,1.30547,Erysipelatoclostridium,ERR1090654
34118.0,1730,genus,0.915643,Eubacterium,ERR1090654
34118.0,904,genus,0.892979,Acidaminococcus,ERR1090654
34118.0,375288,genus,0.843117,Parabacteroides,ERR1090654
34118.0,1508657,genus,0.797788,Ruminiclostridium,ERR1090654
34118.0,1263,genus,0.73886,Ruminococcus,ERR1090654
34118.0,244127,genus,0.466887,Anaerotruncus,ERR1090654
34118.0,841,genus,0.43969,Roseburia,ERR1090654
34118.0,397864,genus,0.380762,Barnesiella,ERR1090654
34118.0,44748,genus,0.37623,Sporobacter,ERR1090654
34118.0,33042,genus,0.362631,Coprococcus,ERR1090654
34118.0,40544,genus,0.312769,Sutterella,ERR1090654
34118.0,872,genus,0.262907,Desulfovibrio,ERR1090654
34118.0,239934,genus,0.17225,Akkermansia,ERR1090654
34118.0,52784,genus,0.167717,Anaerofilum,ERR1090654
34118.0,838,genus,0.140519,Prevotella,ERR1090654
34118.0,189330,genus,0.104256,Dorea,ERR1090654
34118.0,182709,genus,0.0725262,Oceanobacillus,ERR1090654
34118.0,544,genus,0.0725262,Citrobacter,ERR1090654
34118.0,990721,genus,0.0725262,Christensenella,ERR1090654
34118.0,1485,genus,0.0634604,Clostridium,ERR1090654
34118.0,869806,genus,0.0634604,Marivirga,ERR1090654
34118.0,286,genus,0.0543946,Pseudomonas,ERR1090654
34118.0,590,genus,0.0543946,Salmonella,ERR1090654
34118.0,2740,genus,0.0543946,Peptococcus,ERR1090654
34118.0,1716,genus,0.0498617,Corynebacterium,ERR1090654
34118.0,1301,genus,0.0498617,Streptococcus,ERR1090654
34118.0,36853,genus,0.0453289,Desulfitobacterium,ERR1090654
34118.0,61170,genus,0.0453289,Holdemania,ERR1090654
34118.0,1678,genus,0.0362631,Bifidobacterium,ERR1090654
34118.0,846,genus,0.0362631,Oxalobacter,ERR1090654
34118.0,1506577,genus,0.0362631,Tyzzerella,ERR1090654
34118.0,1386,genus,0.0362631,Bacillus,ERR1090654
34118.0,270497,genus,0.0317302,Catabacter,ERR1090654
34118.0,469,genus,0.0317302,Acinetobacter,ERR1090654
34118.0,118966,genus,0.0271973,Anaerorhabdus,ERR1090654
34118.0,61434,genus,0.0271973,Dehalococcoides,ERR1090654
34118.0,172900,genus,0.0271973,Victivallis,ERR1090654
34118.0,2172,genus,0.0271973,Methanobrevibacter,ERR1090654
34118.0,1017280,genus,0.0226644,Pseudoflavonifractor,ERR1090654
34118.0,180541,genus,0.0181315,Salinisphaera,ERR1090654
34118.0,162289,genus,0.0181315,Peptoniphilus,ERR1090654
34118.0,66831,genus,0.0181315,Facklamia,ERR1090654
34118.0,836,genus,0.0181315,Porphyromonas,ERR1090654
34118.0,84406,genus,0.0135987,Virgibacillus,ERR1090654
34118.0,13687,genus,0.0135987,Sphingomonas,ERR1090654
34118.0,165779,genus,0.0135987,Anaerococcus,ERR1090654
34118.0,233189,genus,0.0135987,Anaerolinea,ERR1090654
34118.0,547,genus,0.0135987,Enterobacter,ERR1090654
34118.0,117563,genus,0.0135987,Granulicatella,ERR1090654
34118.0,150022,genus,0.0135987,Finegoldia,ERR1090654
34118.0,1291539,genus,0.0135987,Candidatus Methanomethylophilus,ERR1090654
34118.0,2013,genus,0.0135987,Nocardiopsis,ERR1090654
34118.0,233191,genus,0.00906577,Caldilinea,ERR1090654
34118.0,1380,genus,0.00906577,Atopobium,ERR1090654
34118.0,86331,genus,0.00906577,Mogibacterium,ERR1090654
34118.0,32207,genus,0.00906577,Rothia,ERR1090654
34118.0,583,genus,0.00906577,Proteus,ERR1090654
34118.0,118747,genus,0.00906577,Bulleidia,ERR1090654
34118.0,248744,genus,0.00906577,Marvinbryantia,ERR1090654
34118.0,34102,genus,0.00906577,Sphaerotilus,ERR1090654
34118.0,906,genus,0.00906577,Megasphaera,ERR1090654
34118.0,79206,genus,0.00906577,Desulfosporosinus,ERR1090654
34118.0,84111,genus,0.00906577,Eggerthella,ERR1090654
34118.0,83660,genus,0.00906577,Desulfonispora,ERR1090654
34118.0,40323,genus,0.00906577,Stenotrophomonas,ERR1090654
34118.0,226,genus,0.00453289,Alteromonas,ERR1090654
34118.0,2745,genus,0.00453289,Halomonas,ERR1090654
34118.0,28453,genus,0.00453289,Sphingobacterium,ERR1090654
34118.0,264995,genus,0.00453289,Anaerofustis,ERR1090654
34118.0,670486,genus,0.00453289,Dehalogenimonas,ERR1090654
34118.0,46205,genus,0.00453289,Pseudobutyrivibrio,ERR1090654
34118.0,283,genus,0.00453289,Comamonas,ERR1090654
34118.0,102106,genus,0.00453289,Collinsella,ERR1090654
34118.0,482,genus,0.00453289,Neisseria,ERR1090654
34118.0,55080,genus,0.00453289,Brevibacillus,ERR1090654
34118.0,32008,genus,0.00453289,Burkholderia,ERR1090654
34118.0,561,genus,0.00453289,Escherichia,ERR1090654
34118.0,1883,genus,0.00453289,Streptomyces,ERR1090654
34118.0,158848,genus,0.00453289,Moellerella,ERR1090654
34118.0,312278,genus,0.00453289,Emticicia,ERR1090654
34118.0,58050,genus,0.00453289,Moritella,ERR1090654
34118.0,1378,genus,0.00453289,Gemella,ERR1090654
34118.0,2132,genus,0.00453289,Spiroplasma,ERR1090654
34118.0,528,genus,0.00453289,Ochrobactrum,ERR1090654
34118.0,423604,genus,0.00453289,Elusimicrobium,ERR1090654
34118.0,2147,genus,0.00453289,Acholeplasma,ERR1090654
34118.0,84567,genus,0.00453289,Pedobacter,ERR1090654
34118.0,44261,genus,0.00453289,Oxobacter,ERR1090654
34118.0,100175,genus,0.00453289,Papillibacter,ERR1090654
34118.0,83612,genus,0.00453289,Psychroflexus,ERR1090654
34118.0,207244,genus,0.00453289,Anaerostipes,ERR1090654
34118.0,830,genus,0.00453289,Butyrivibrio,ERR1090654
34118.0,596499,genus,0.00453289,Nitriliruptor,ERR1090654
34118.0,59732,genus,0.00453289,Chryseobacterium,ERR1090654
34118.0,312063,genus,0.00453289,Azohydromonas,ERR1090654
,-1,genus,40.5829,Unknown,ERR1090654
34118.0,816,genus,18.4624,Bacteroides,ERR1090654
34118.0,216851,genus,17.8958,Faecalibacterium,ERR1090654
34118.0,1506553,genus,2.7016,Lachnoclostridium,ERR1090654
34118.0,239759,genus,2.51575,Alistipes,ERR1090654
34118.0,459786,genus,1.9854,Oscillibacter,ERR1090654
34118.0,572511,genus,1.52305,Blautia,ERR1090654
34118.0,283168,genus,1.44146,Odoribacter,ERR1090654
34118.0,1505663,genus,1.30547,Erysipelatoclostridium,ERR1090654
34118.0,1730,genus,0.915643,Eubacterium,ERR1090654
34118.0,904,genus,0.892979,Acidaminococcus,ERR1090654
34118.0,375288,genus,0.843117,Parabacteroides,ERR1090654
34118.0,1508657,genus,0.797788,Ruminiclostridium,ERR1090654
34118.0,1263,genus,0.73886,Ruminococcus,ERR1090654
34118.0,244127,genus,0.466887,Anaerotruncus,ERR1090654
34118.0,841,genus,0.43969,Roseburia,ERR1090654
34118.0,397864,genus,0.380762,Barnesiella,ERR1090654
34118.0,44748,genus,0.37623,Sporobacter,ERR1090654
34118.0,33042,genus,0.362631,Coprococcus,ERR1090654
34118.0,40544,genus,0.312769,Sutterella,ERR1090654
34118.0,872,genus,0.262907,Desulfovibrio,ERR1090654
34118.0,239934,genus,0.17225,Akkermansia,ERR1090654
34118.0,52784,genus,0.167717,Anaerofilum,ERR1090654
34118.0,838,genus,0.140519,Prevotella,ERR1090654
34118.0,189330,genus,0.104256,Dorea,ERR1090654
34118.0,182709,genus,0.0725262,Oceanobacillus,ERR1090654
34118.0,544,genus,0.0725262,Citrobacter,ERR1090654
34118.0,990721,genus,0.0725262,Christensenella,ERR1090654
34118.0,1485,genus,0.0634604,Clostridium,ERR1090654
34118.0,869806,genus,0.0634604,Marivirga,ERR1090654
34118.0,286,genus,0.0543946,Pseudomonas,ERR1090654
34118.0,590,genus,0.0543946,Salmonella,ERR1090654
34118.0,2740,genus,0.0543946,Peptococcus,ERR1090654
34118.0,1716,genus,0.0498617,Corynebacterium,ERR1090654
34118.0,1301,genus,0.0498617,Streptococcus,ERR1090654
34118.0,36853,genus,0.0453289,Desulfitobacterium,ERR1090654
34118.0,61170,genus,0.0453289,Holdemania,ERR1090654
34118.0,1678,genus,0.0362631,Bifidobacterium,ERR1090654
34118.0,846,genus,0.0362631,Oxalobacter,ERR1090654
34118.0,1506577,genus,0.0362631,Tyzzerella,ERR1090654
34118.0,1386,genus,0.0362631,Bacillus,ERR1090654
34118.0,270497,genus,0.0317302,Catabacter,ERR1090654
34118.0,469,genus,0.0317302,Acinetobacter,ERR1090654
34118.0,118966,genus,0.0271973,Anaerorhabdus,ERR1090654
34118.0,61434,genus,0.0271973,Dehalococcoides,ERR1090654
34118.0,172900,genus,0.0271973,Victivallis,ERR1090654
34118.0,2172,genus,0.0271973,Methanobrevibacter,ERR1090654
34118.0,1017280,genus,0.0226644,Pseudoflavonifractor,ERR1090654
34118.0,162289,genus,0.0181315,Peptoniphilus,ERR1090654
34118.0,180541,genus,0.0181315,Salinisphaera,ERR1090654
34118.0,66831,genus,0.0181315,Facklamia,ERR1090654
34118.0,836,genus,0.0181315,Porphyromonas,ERR1090654
34118.0,2013,genus,0.0135987,Nocardiopsis,ERR1090654
34118.0,13687,genus,0.0135987,Sphingomonas,ERR1090654
34118.0,84406,genus,0.0135987,Virgibacillus,ERR1090654
34118.0,233189,genus,0.0135987,Anaerolinea,ERR1090654
34118.0,165779,genus,0.0135987,Anaerococcus,ERR1090654
34118.0,547,genus,0.0135987,Enterobacter,ERR1090654
34118.0,117563,genus,0.0135987,Granulicatella,ERR1090654
34118.0,150022,genus,0.0135987,Finegoldia,ERR1090654
34118.0,1291539,genus,0.0135987,Candidatus Methanomethylophilus,ERR1090654
34118.0,233191,genus,0.00906577,Caldilinea,ERR1090654
34118.0,1380,genus,0.00906577,Atopobium,ERR1090654
34118.0,86331,genus,0.00906577,Mogibacterium,ERR1090654
34118.0,32207,genus,0.00906577,Rothia,ERR1090654
34118.0,583,genus,0.00906577,Proteus,ERR1090654
34118.0,118747,genus,0.00906577,Bulleidia,ERR1090654
34118.0,248744,genus,0.00906577,Marvinbryantia,ERR1090654
34118.0,34102,genus,0.00906577,Sphaerotilus,ERR1090654
34118.0,906,genus,0.00906577,Megasphaera,ERR1090654
34118.0,79206,genus,0.00906577,Desulfosporosinus,ERR1090654
34118.0,84111,genus,0.00906577,Eggerthella,ERR1090654
34118.0,83660,genus,0.00906577,Desulfonispora,ERR1090654
34118.0,40323,genus,0.00906577,Stenotrophomonas,ERR1090654
34118.0,59732,genus,0.00453289,Chryseobacterium,ERR1090654
34118.0,312063,genus,0.00453289,Azohydromonas,ERR1090654
34118.0,830,genus,0.00453289,Butyrivibrio,ERR1090654
34118.0,596499,genus,0.00453289,Nitriliruptor,ERR1090654
34118.0,226,genus,0.00453289,Alteromonas,ERR1090654
34118.0,2745,genus,0.00453289,Halomonas,ERR1090654
34118.0,264995,genus,0.00453289,Anaerofustis,ERR1090654
34118.0,28453,genus,0.00453289,Sphingobacterium,ERR1090654
34118.0,670486,genus,0.00453289,Dehalogenimonas,ERR1090654
34118.0,283,genus,0.00453289,Comamonas,ERR1090654
34118.0,102106,genus,0.00453289,Collinsella,ERR1090654
34118.0,46205,genus,0.00453289,Pseudobutyrivibrio,ERR1090654
34118.0,482,genus,0.00453289,Neisseria,ERR1090654
34118.0,55080,genus,0.00453289,Brevibacillus,ERR1090654
34118.0,1883,genus,0.00453289,Streptomyces,ERR1090654
34118.0,32008,genus,0.00453289,Burkholderia,ERR1090654
34118.0,561,genus,0.00453289,Escherichia,ERR1090654
34118.0,312278,genus,0.00453289,Emticicia,ERR1090654
34118.0,158848,genus,0.00453289,Moellerella,ERR1090654
34118.0,2132,genus,0.00453289,Spiroplasma,ERR1090654
34118.0,58050,genus,0.00453289,Moritella,ERR1090654
34118.0,1378,genus,0.00453289,Gemella,ERR1090654
34118.0,2147,genus,0.00453289,Acholeplasma,ERR1090654
34118.0,528,genus,0.00453289,Ochrobactrum,ERR1090654
34118.0,423604,genus,0.00453289,Elusimicrobium,ERR1090654
34118.0,84567,genus,0.00453289,Pedobacter,ERR1090654
34118.0,44261,genus,0.00453289,Oxobacter,ERR1090654
34118.0,100175,genus,0.00453289,Papillibacter,ERR1090654
34118.0,207244,genus,0.00453289,Anaerostipes,ERR1090654
34118.0,83612,genus,0.00453289,Psychroflexus,ERR1090654
,-1,genus,40.5829,Unknown,ERR1090654
34118.0,816,genus,18.4624,Bacteroides,ERR1090654
34118.0,216851,genus,17.8958,Faecalibacterium,ERR1090654
34118.0,1506553,genus,2.7016,Lachnoclostridium,ERR1090654
34118.0,239759,genus,2.51575,Alistipes,ERR1090654
34118.0,459786,genus,1.9854,Oscillibacter,ERR1090654
34118.0,572511,genus,1.52305,Blautia,ERR1090654
34118.0,283168,genus,1.44146,Odoribacter,ERR1090654
34118.0,1505663,genus,1.30547,Erysipelatoclostridium,ERR1090654
34118.0,1730,genus,0.915643,Eubacterium,ERR1090654
34118.0,904,genus,0.892979,Acidaminococcus,ERR1090654
34118.0,375288,genus,0.843117,Parabacteroides,ERR1090654
34118.0,1508657,genus,0.797788,Ruminiclostridium,ERR1090654
34118.0,1263,genus,0.73886,Ruminococcus,ERR1090654
34118.0,244127,genus,0.466887,Anaerotruncus,ERR1090654
34118.0,841,genus,0.43969,Roseburia,ERR1090654
34118.0,397864,genus,0.380762,Barnesiella,ERR1090654
34118.0,44748,genus,0.37623,Sporobacter,ERR1090654
34118.0,33042,genus,0.362631,Coprococcus,ERR1090654
34118.0,40544,genus,0.312769,Sutterella,ERR1090654
34118.0,872,genus,0.262907,Desulfovibrio,ERR1090654
34118.0,239934,genus,0.17225,Akkermansia,ERR1090654
34118.0,52784,genus,0.167717,Anaerofilum,ERR1090654
34118.0,838,genus,0.140519,Prevotella,ERR1090654
34118.0,189330,genus,0.104256,Dorea,ERR1090654
34118.0,182709,genus,0.0725262,Oceanobacillus,ERR1090654
34118.0,544,genus,0.0725262,Citrobacter,ERR1090654
34118.0,990721,genus,0.0725262,Christensenella,ERR1090654
34118.0,1485,genus,0.0634604,Clostridium,ERR1090654
34118.0,869806,genus,0.0634604,Marivirga,ERR1090654
34118.0,2740,genus,0.0543946,Peptococcus,ERR1090654
34118.0,286,genus,0.0543946,Pseudomonas,ERR1090654
34118.0,590,genus,0.0543946,Salmonella,ERR1090654
34118.0,1301,genus,0.0498617,Streptococcus,ERR1090654
34118.0,1716,genus,0.0498617,Corynebacterium,ERR1090654
34118.0,36853,genus,0.0453289,Desulfitobacterium,ERR1090654
34118.0,61170,genus,0.0453289,Holdemania,ERR1090654
34118.0,1678,genus,0.0362631,Bifidobacterium,ERR1090654
34118.0,846,genus,0.0362631,Oxalobacter,ERR1090654
34118.0,1506577,genus,0.0362631,Tyzzerella,ERR1090654
34118.0,1386,genus,0.0362631,Bacillus,ERR1090654
34118.0,469,genus,0.0317302,Acinetobacter,ERR1090654
34118.0,270497,genus,0.0317302,Catabacter,ERR1090654
34118.0,118966,genus,0.0271973,Anaerorhabdus,ERR1090654
34118.0,61434,genus,0.0271973,Dehalococcoides,ERR1090654
34118.0,172900,genus,0.0271973,Victivallis,ERR1090654
34118.0,2172,genus,0.0271973,Methanobrevibacter,ERR1090654
34118.0,1017280,genus,0.0226644,Pseudoflavonifractor,ERR1090654
34118.0,836,genus,0.0181315,Porphyromonas,ERR1090654
34118.0,180541,genus,0.0181315,Salinisphaera,ERR1090654
34118.0,162289,genus,0.0181315,Peptoniphilus,ERR1090654
34118.0,66831,genus,0.0181315,Facklamia,ERR1090654
34118.0,150022,genus,0.0135987,Finegoldia,ERR1090654
34118.0,1291539,genus,0.0135987,Candidatus Methanomethylophilus,ERR1090654
34118.0,2013,genus,0.0135987,Nocardiopsis,ERR1090654
34118.0,13687,genus,0.0135987,Sphingomonas,ERR1090654
34118.0,84406,genus,0.0135987,Virgibacillus,ERR1090654
34118.0,233189,genus,0.0135987,Anaerolinea,ERR1090654
34118.0,165779,genus,0.0135987,Anaerococcus,ERR1090654
34118.0,547,genus,0.0135987,Enterobacter,ERR1090654
34118.0,117563,genus,0.0135987,Granulicatella,ERR1090654
34118.0,79206,genus,0.00906577,Desulfosporosinus,ERR1090654
34118.0,84111,genus,0.00906577,Eggerthella,ERR1090654
34118.0,83660,genus,0.00906577,Desulfonispora,ERR1090654
34118.0,40323,genus,0.00906577,Stenotrophomonas,ERR1090654
34118.0,1380,genus,0.00906577,Atopobium,ERR1090654
34118.0,233191,genus,0.00906577,Caldilinea,ERR1090654
34118.0,32207,genus,0.00906577,Rothia,ERR1090654
34118.0,86331,genus,0.00906577,Mogibacterium,ERR1090654
34118.0,118747,genus,0.00906577,Bulleidia,ERR1090654
34118.0,583,genus,0.00906577,Proteus,ERR1090654
34118.0,248744,genus,0.00906577,Marvinbryantia,ERR1090654
34118.0,34102,genus,0.00906577,Sphaerotilus,ERR1090654
34118.0,906,genus,0.00906577,Megasphaera,ERR1090654
34118.0,84567,genus,0.00453289,Pedobacter,ERR1090654
34118.0,100175,genus,0.00453289,Papillibacter,ERR1090654
34118.0,44261,genus,0.00453289,Oxobacter,ERR1090654
34118.0,207244,genus,0.00453289,Anaerostipes,ERR1090654
34118.0,83612,genus,0.00453289,Psychroflexus,ERR1090654
34118.0,830,genus,0.00453289,Butyrivibrio,ERR1090654
34118.0,596499,genus,0.00453289,Nitriliruptor,ERR1090654
34118.0,59732,genus,0.00453289,Chryseobacterium,ERR1090654
34118.0,312063,genus,0.00453289,Azohydromonas,ERR1090654
34118.0,2745,genus,0.00453289,Halomonas,ERR1090654
34118.0,226,genus,0.00453289,Alteromonas,ERR1090654
34118.0,264995,genus,0.00453289,Anaerofustis,ERR1090654
34118.0,28453,genus,0.00453289,Sphingobacterium,ERR1090654
34118.0,670486,genus,0.00453289,Dehalogenimonas,ERR1090654
34118.0,283,genus,0.00453289,Comamonas,ERR1090654
34118.0,102106,genus,0.00453289,Collinsella,ERR1090654
34118.0,46205,genus,0.00453289,Pseudobutyrivibrio,ERR1090654
34118.0,482,genus,0.00453289,Neisseria,ERR1090654
34118.0,55080,genus,0.00453289,Brevibacillus,ERR1090654
34118.0,32008,genus,0.00453289,Burkholderia,ERR1090654
34118.0,561,genus,0.00453289,Escherichia,ERR1090654
34118.0,1883,genus,0.00453289,Streptomyces,ERR1090654
34118.0,158848,genus,0.00453289,Moellerella,ERR1090654
34118.0,312278,genus,0.00453289,Emticicia,ERR1090654
34118.0,58050,genus,0.00453289,Moritella,ERR1090654
34118.0,1378,genus,0.00453289,Gemella,ERR1090654
34118.0,2132,genus,0.00453289,Spiroplasma,ERR1090654
34118.0,423604,genus,0.00453289,Elusimicrobium,ERR1090654
34118.0,2147,genus,0.00453289,Acholeplasma,ERR1090654
34118.0,528,genus,0.00453289,Ochrobactrum,ERR1090654
,-1,genus,40.5829,Unknown,ERR1090654
37449.0,816,genus,13.0952,Bacteroides,ERR1090832
37449.0,239759,genus,4.48159,Alistipes,ERR1090832
37449.0,286,genus,0.799253,Pseudomonas,ERR1090832
37449.0,397864,genus,0.753436,Barnesiella,ERR1090832
37449.0,577310,genus,0.736467,Parasutterella,ERR1090832
37449.0,216851,genus,0.685559,Faecalibacterium,ERR1090832
37449.0,990721,genus,0.335992,Christensenella,ERR1090832
37449.0,239934,genus,0.302053,Akkermansia,ERR1090832
37449.0,561,genus,0.293569,Escherichia,ERR1090832
37449.0,39948,genus,0.288478,Dialister,ERR1090832
37449.0,2316,genus,0.157814,Methanosphaera,ERR1090832
37449.0,459786,genus,0.139148,Oscillibacter,ERR1090832
37449.0,1485,genus,0.134057,Clostridium,ERR1090832
37449.0,838,genus,0.095028,Prevotella,ERR1090832
37449.0,1263,genus,0.0899372,Ruminococcus,ERR1090832
37449.0,482,genus,0.0746649,Neisseria,ERR1090832
37449.0,872,genus,0.0644833,Desulfovibrio,ERR1090832
37449.0,2172,genus,0.0627864,Methanobrevibacter,ERR1090832
37449.0,841,genus,0.0593925,Roseburia,ERR1090832
37449.0,1730,genus,0.0593925,Eubacterium,ERR1090832
37449.0,44748,genus,0.0576956,Sporobacter,ERR1090832
37449.0,724,genus,0.0441201,Haemophilus,ERR1090832
37449.0,1678,genus,0.0424232,Bifidobacterium,ERR1090832
37449.0,204037,genus,0.0424232,Dickeya,ERR1090832
37449.0,1508657,genus,0.0407263,Ruminiclostridium,ERR1090832
37449.0,244127,genus,0.0407263,Anaerotruncus,ERR1090832
37449.0,1505663,genus,0.0390294,Erysipelatoclostridium,ERR1090832
37449.0,572511,genus,0.0356355,Blautia,ERR1090832
37449.0,1883,genus,0.0339386,Streptomyces,ERR1090832
37449.0,1350,genus,0.0322416,Enterococcus,ERR1090832
37449.0,1386,genus,0.0305447,Bacillus,ERR1090832
37449.0,1506577,genus,0.0254539,Tyzzerella,ERR1090832
37449.0,1301,genus,0.0220601,Streptococcus,ERR1090832
37449.0,1506553,genus,0.0220601,Lachnoclostridium,ERR1090832
37449.0,44249,genus,0.0203631,Paenibacillus,ERR1090832
37449.0,83660,genus,0.0169693,Desulfonispora,ERR1090832
37449.0,642,genus,0.0152724,Aeromonas,ERR1090832
37449.0,61170,genus,0.0152724,Holdemania,ERR1090832
37449.0,79206,genus,0.0135754,Desulfosporosinus,ERR1090832
37449.0,100175,genus,0.0118785,Papillibacter,ERR1090832
37449.0,590,genus,0.0101816,Salmonella,ERR1090832
37449.0,836,genus,0.0101816,Porphyromonas,ERR1090832
37449.0,84111,genus,0.00848464,Eggerthella,ERR1090832
37449.0,420345,genus,0.00848464,Lactonifactor,ERR1090832
37449.0,346096,genus,0.00678771,Paludibacter,ERR1090832
37449.0,52784,genus,0.00678771,Anaerofilum,ERR1090832
37449.0,189330,genus,0.00678771,Dorea,ERR1090832
37449.0,1518147,genus,0.00678771,Wenyingzhuangia,ERR1090832
37449.0,698776,genus,0.00509079,Cellulosilyticum,ERR1090832
37449.0,702,genus,0.00509079,Plesiomonas,ERR1090832
37449.0,28453,genus,0.00509079,Sphingobacterium,ERR1090832
37449.0,469,genus,0.00509079,Acinetobacter,ERR1090832
37449.0,544,genus,0.00509079,Citrobacter,ERR1090832
37449.0,1505664,genus,0.00509079,Gottschalkia,ERR1090832
37449.0,59735,genus,0.00339386,Bergeyella,ERR1090832
37449.0,33042,genus,0.00339386,Coprococcus,ERR1090832
37449.0,416916,genus,0.00339386,Aggregatibacter,ERR1090832
37449.0,203804,genus,0.00339386,Candidatus Blochmannia,ERR1090832
37449.0,204475,genus,0.00339386,Gemmiger,ERR1090832
37449.0,577309,genus,0.00339386,Paraprevotella,ERR1090832
37449.0,848,genus,0.00339386,Fusobacterium,ERR1090832
37449.0,375288,genus,0.00339386,Parabacteroides,ERR1090832
37449.0,906,genus,0.00339386,Megasphaera,ERR1090832
37449.0,319458,genus,0.00339386,Leadbetterella,ERR1090832
37449.0,114627,genus,0.00339386,Alkaliphilus,ERR1090832
37449.0,570,genus,0.00339386,Klebsiella,ERR1090832
37449.0,28138,genus,0.00339386,Rikenella,ERR1090832
37449.0,1505657,genus,0.00339386,Intestinibacter,ERR1090832
37449.0,165779,genus,0.00169693,Anaerococcus,ERR1090832
37449.0,156973,genus,0.00169693,Dysgonomonas,ERR1090832
37449.0,35832,genus,0.00169693,Bilophila,ERR1090832
37449.0,57665,genus,0.00169693,Sulfurospirillum,ERR1090832
37449.0,400634,genus,0.00169693,Lysinibacillus,ERR1090832
37449.0,407,genus,0.00169693,Methylobacterium,ERR1090832
37449.0,264995,genus,0.00169693,Anaerofustis,ERR1090832
37449.0,40323,genus,0.00169693,Stenotrophomonas,ERR1090832
37449.0,453229,genus,0.00169693,Desulfarculus,ERR1090832
37449.0,29465,genus,0.00169693,Veillonella,ERR1090832
37449.0,237,genus,0.00169693,Flavobacterium,ERR1090832
37449.0,863253,genus,0.00169693,Marinicella,ERR1090832
37449.0,586,genus,0.00169693,Providencia,ERR1090832
37449.0,292632,genus,0.00169693,Subdoligranulum,ERR1090832
37449.0,1378,genus,0.00169693,Gemella,ERR1090832
37449.0,1637257,genus,0.00169693,Mageeibacillus,ERR1090832
37449.0,2132,genus,0.00169693,Spiroplasma,ERR1090832
37449.0,1654,genus,0.00169693,Actinomyces,ERR1090832
37449.0,1055688,genus,0.00169693,Sandaracinus,ERR1090832
37449.0,629,genus,0.00169693,Yersinia,ERR1090832
37449.0,1486726,genus,0.00169693,Pseudobacteroides,ERR1090832
37449.0,283168,genus,0.00169693,Odoribacter,ERR1090832
37449.0,53246,genus,0.00169693,Pseudoalteromonas,ERR1090832
37449.0,715222,genus,0.00169693,Caldicoprobacter,ERR1090832
37449.0,904,genus,0.00169693,Acidaminococcus,ERR1090832
37449.0,146918,genus,0.00169693,Salinibacter,ERR1090832
37449.0,226,genus,0.00169693,Alteromonas,ERR1090832
37449.0,265980,genus,0.00169693,Alkalimonas,ERR1090832
37449.0,241189,genus,0.00169693,Hespellia,ERR1090832
37449.0,866673,genus,0.00169693,Marinifilum,ERR1090832
37449.0,162289,genus,0.00169693,Peptoniphilus,ERR1090832
37449.0,1017280,genus,0.00169693,Pseudoflavonifractor,ERR1090832
37449.0,1578,genus,0.00169693,Lactobacillus,ERR1090832
37449.0,583,genus,0.00169693,Proteus,ERR1090832
37449.0,83681,genus,0.00169693,Nonomuraea,ERR1090832
37449.0,1164882,genus,0.00169693,Lachnoanaerobaculum,ERR1090832
37449.0,32067,genus,0.00169693,Leptotrichia,ERR1090832
37449.0,998014,genus,0.00169693,Cocleimonas,ERR1090832
37449.0,46205,genus,0.00169693,Pseudobutyrivibrio,ERR1090832
37449.0,59753,genus,0.00169693,Alcanivorax,ERR1090832
37449.0,46255,genus,0.00169693,Weissella,ERR1090832
37449.0,497,genus,0.00169693,Psychrobacter,ERR1090832
,-1,genus,76.2464,Unknown,ERR1090832
37449.0,816,genus,13.0952,Bacteroides,ERR1090832
37449.0,239759,genus,4.48159,Alistipes,ERR1090832
37449.0,286,genus,0.799253,Pseudomonas,ERR1090832
37449.0,397864,genus,0.753436,Barnesiella,ERR1090832
37449.0,577310,genus,0.736467,Parasutterella,ERR1090832
37449.0,216851,genus,0.685559,Faecalibacterium,ERR1090832
37449.0,990721,genus,0.335992,Christensenella,ERR1090832
37449.0,239934,genus,0.302053,Akkermansia,ERR1090832
37449.0,561,genus,0.293569,Escherichia,ERR1090832
37449.0,39948,genus,0.288478,Dialister,ERR1090832
37449.0,2316,genus,0.157814,Methanosphaera,ERR1090832
37449.0,459786,genus,0.139148,Oscillibacter,ERR1090832
37449.0,1485,genus,0.134057,Clostridium,ERR1090832
37449.0,838,genus,0.095028,Prevotella,ERR1090832
37449.0,1263,genus,0.0899372,Ruminococcus,ERR1090832
37449.0,482,genus,0.0746649,Neisseria,ERR1090832
37449.0,872,genus,0.0644833,Desulfovibrio,ERR1090832
37449.0,2172,genus,0.0627864,Methanobrevibacter,ERR1090832
37449.0,1730,genus,0.0593925,Eubacterium,ERR1090832
37449.0,841,genus,0.0593925,Roseburia,ERR1090832
37449.0,44748,genus,0.0576956,Sporobacter,ERR1090832
37449.0,724,genus,0.0441201,Haemophilus,ERR1090832
37449.0,204037,genus,0.0424232,Dickeya,ERR1090832
37449.0,1678,genus,0.0424232,Bifidobacterium,ERR1090832
37449.0,1508657,genus,0.0407263,Ruminiclostridium,ERR1090832
37449.0,244127,genus,0.0407263,Anaerotruncus,ERR1090832
37449.0,1505663,genus,0.0390294,Erysipelatoclostridium,ERR1090832
37449.0,572511,genus,0.0356355,Blautia,ERR1090832
37449.0,1883,genus,0.0339386,Streptomyces,ERR1090832
37449.0,1350,genus,0.0322416,Enterococcus,ERR1090832
37449.0,1386,genus,0.0305447,Bacillus,ERR1090832
37449.0,1506577,genus,0.0254539,Tyzzerella,ERR1090832
37449.0,1506553,genus,0.0220601,Lachnoclostridium,ERR1090832
37449.0,1301,genus,0.0220601,Streptococcus,ERR1090832
37449.0,44249,genus,0.0203631,Paenibacillus,ERR1090832
37449.0,83660,genus,0.0169693,Desulfonispora,ERR1090832
37449.0,61170,genus,0.0152724,Holdemania,ERR1090832
37449.0,642,genus,0.0152724,Aeromonas,ERR1090832
37449.0,79206,genus,0.0135754,Desulfosporosinus,ERR1090832
37449.0,100175,genus,0.0118785,Papillibacter,ERR1090832
37449.0,590,genus,0.0101816,Salmonella,ERR1090832
37449.0,836,genus,0.0101816,Porphyromonas,ERR1090832
37449.0,84111,genus,0.00848464,Eggerthella,ERR1090832
37449.0,420345,genus,0.00848464,Lactonifactor,ERR1090832
37449.0,189330,genus,0.00678771,Dorea,ERR1090832
37449.0,1518147,genus,0.00678771,Wenyingzhuangia,ERR1090832
37449.0,346096,genus,0.00678771,Paludibacter,ERR1090832
37449.0,52784,genus,0.00678771,Anaerofilum,ERR1090832
37449.0,28453,genus,0.00509079,Sphingobacterium,ERR1090832
37449.0,469,genus,0.00509079,Acinetobacter,ERR1090832
37449.0,544,genus,0.00509079,Citrobacter,ERR1090832
37449.0,1505664,genus,0.00509079,Gottschalkia,ERR1090832
37449.0,698776,genus,0.00509079,Cellulosilyticum,ERR1090832
37449.0,702,genus,0.00509079,Plesiomonas,ERR1090832
37449.0,204475,genus,0.00339386,Gemmiger,ERR1090832
37449.0,577309,genus,0.00339386,Paraprevotella,ERR1090832
37449.0,848,genus,0.00339386,Fusobacterium,ERR1090832
37449.0,375288,genus,0.00339386,Parabacteroides,ERR1090832
37449.0,906,genus,0.00339386,Megasphaera,ERR1090832
37449.0,319458,genus,0.00339386,Leadbetterella,ERR1090832
37449.0,114627,genus,0.00339386,Alkaliphilus,ERR1090832
37449.0,570,genus,0.00339386,Klebsiella,ERR1090832
37449.0,28138,genus,0.00339386,Rikenella,ERR1090832
37449.0,1505657,genus,0.00339386,Intestinibacter,ERR1090832
37449.0,59735,genus,0.00339386,Bergeyella,ERR1090832
37449.0,33042,genus,0.00339386,Coprococcus,ERR1090832
37449.0,416916,genus,0.00339386,Aggregatibacter,ERR1090832
37449.0,203804,genus,0.00339386,Candidatus Blochmannia,ERR1090832
37449.0,2132,genus,0.00169693,Spiroplasma,ERR1090832
37449.0,1654,genus,0.00169693,Actinomyces,ERR1090832
37449.0,1055688,genus,0.00169693,Sandaracinus,ERR1090832
37449.0,629,genus,0.00169693,Yersinia,ERR1090832
37449.0,1486726,genus,0.00169693,Pseudobacteroides,ERR1090832
37449.0,283168,genus,0.00169693,Odoribacter,ERR1090832
37449.0,53246,genus,0.00169693,Pseudoalteromonas,ERR1090832
37449.0,715222,genus,0.00169693,Caldicoprobacter,ERR1090832
37449.0,904,genus,0.00169693,Acidaminococcus,ERR1090832
37449.0,146918,genus,0.00169693,Salinibacter,ERR1090832
37449.0,226,genus,0.00169693,Alteromonas,ERR1090832
37449.0,265980,genus,0.00169693,Alkalimonas,ERR1090832
37449.0,241189,genus,0.00169693,Hespellia,ERR1090832
37449.0,866673,genus,0.00169693,Marinifilum,ERR1090832
37449.0,162289,genus,0.00169693,Peptoniphilus,ERR1090832
37449.0,1017280,genus,0.00169693,Pseudoflavonifractor,ERR1090832
37449.0,1578,genus,0.00169693,Lactobacillus,ERR1090832
37449.0,583,genus,0.00169693,Proteus,ERR1090832
37449.0,83681,genus,0.00169693,Nonomuraea,ERR1090832
37449.0,1164882,genus,0.00169693,Lachnoanaerobaculum,ERR1090832
37449.0,32067,genus,0.00169693,Leptotrichia,ERR1090832
37449.0,998014,genus,0.00169693,Cocleimonas,ERR1090832
37449.0,46205,genus,0.00169693,Pseudobutyrivibrio,ERR1090832
37449.0,59753,genus,0.00169693,Alcanivorax,ERR1090832
37449.0,46255,genus,0.00169693,Weissella,ERR1090832
37449.0,497,genus,0.00169693,Psychrobacter,ERR1090832
37449.0,165779,genus,0.00169693,Anaerococcus,ERR1090832
37449.0,156973,genus,0.00169693,Dysgonomonas,ERR1090832
37449.0,35832,genus,0.00169693,Bilophila,ERR1090832
37449.0,57665,genus,0.00169693,Sulfurospirillum,ERR1090832
37449.0,400634,genus,0.00169693,Lysinibacillus,ERR1090832
37449.0,407,genus,0.00169693,Methylobacterium,ERR1090832
37449.0,264995,genus,0.00169693,Anaerofustis,ERR1090832
37449.0,40323,genus,0.00169693,Stenotrophomonas,ERR1090832
37449.0,453229,genus,0.00169693,Desulfarculus,ERR1090832
37449.0,29465,genus,0.00169693,Veillonella,ERR1090832
37449.0,237,genus,0.00169693,Flavobacterium,ERR1090832
37449.0,863253,genus,0.00169693,Marinicella,ERR1090832
37449.0,586,genus,0.00169693,Providencia,ERR1090832
37449.0,292632,genus,0.00169693,Subdoligranulum,ERR1090832
37449.0,1378,genus,0.00169693,Gemella,ERR1090832
37449.0,1637257,genus,0.00169693,Mageeibacillus,ERR1090832
,-1,genus,76.2464,Unknown,ERR1090832
37449.0,816,genus,13.0952,Bacteroides,ERR1090832
37449.0,239759,genus,4.48159,Alistipes,ERR1090832
37449.0,286,genus,0.799253,Pseudomonas,ERR1090832
37449.0,397864,genus,0.753436,Barnesiella,ERR1090832
37449.0,577310,genus,0.736467,Parasutterella,ERR1090832
37449.0,216851,genus,0.685559,Faecalibacterium,ERR1090832
37449.0,990721,genus,0.335992,Christensenella,ERR1090832
37449.0,239934,genus,0.302053,Akkermansia,ERR1090832
37449.0,561,genus,0.293569,Escherichia,ERR1090832
37449.0,39948,genus,0.288478,Dialister,ERR1090832
37449.0,2316,genus,0.157814,Methanosphaera,ERR1090832
37449.0,459786,genus,0.139148,Oscillibacter,ERR1090832
37449.0,1485,genus,0.134057,Clostridium,ERR1090832
37449.0,838,genus,0.095028,Prevotella,ERR1090832
37449.0,1263,genus,0.0899372,Ruminococcus,ERR1090832
37449.0,482,genus,0.0746649,Neisseria,ERR1090832
37449.0,872,genus,0.0644833,Desulfovibrio,ERR1090832
37449.0,2172,genus,0.0627864,Methanobrevibacter,ERR1090832
37449.0,841,genus,0.0593925,Roseburia,ERR1090832
37449.0,1730,genus,0.0593925,Eubacterium,ERR1090832
37449.0,44748,genus,0.0576956,Sporobacter,ERR1090832
37449.0,724,genus,0.0441201,Haemophilus,ERR1090832
37449.0,204037,genus,0.0424232,Dickeya,ERR1090832
37449.0,1678,genus,0.0424232,Bifidobacterium,ERR1090832
37449.0,1508657,genus,0.0407263,Ruminiclostridium,ERR1090832
37449.0,244127,genus,0.0407263,Anaerotruncus,ERR1090832
37449.0,1505663,genus,0.0390294,Erysipelatoclostridium,ERR1090832
37449.0,572511,genus,0.0356355,Blautia,ERR1090832
37449.0,1883,genus,0.0339386,Streptomyces,ERR1090832
37449.0,1350,genus,0.0322416,Enterococcus,ERR1090832
37449.0,1386,genus,0.0305447,Bacillus,ERR1090832
37449.0,1506577,genus,0.0254539,Tyzzerella,ERR1090832
37449.0,1301,genus,0.0220601,Streptococcus,ERR1090832
37449.0,1506553,genus,0.0220601,Lachnoclostridium,ERR1090832
37449.0,44249,genus,0.0203631,Paenibacillus,ERR1090832
37449.0,83660,genus,0.0169693,Desulfonispora,ERR1090832
37449.0,61170,genus,0.0152724,Holdemania,ERR1090832
37449.0,642,genus,0.0152724,Aeromonas,ERR1090832
37449.0,79206,genus,0.0135754,Desulfosporosinus,ERR1090832
37449.0,100175,genus,0.0118785,Papillibacter,ERR1090832
37449.0,590,genus,0.0101816,Salmonella,ERR1090832
37449.0,836,genus,0.0101816,Porphyromonas,ERR1090832
37449.0,84111,genus,0.00848464,Eggerthella,ERR1090832
37449.0,420345,genus,0.00848464,Lactonifactor,ERR1090832
37449.0,52784,genus,0.00678771,Anaerofilum,ERR1090832
37449.0,189330,genus,0.00678771,Dorea,ERR1090832
37449.0,1518147,genus,0.00678771,Wenyingzhuangia,ERR1090832
37449.0,346096,genus,0.00678771,Paludibacter,ERR1090832
37449.0,698776,genus,0.00509079,Cellulosilyticum,ERR1090832
37449.0,702,genus,0.00509079,Plesiomonas,ERR1090832
37449.0,28453,genus,0.00509079,Sphingobacterium,ERR1090832
37449.0,469,genus,0.00509079,Acinetobacter,ERR1090832
37449.0,544,genus,0.00509079,Citrobacter,ERR1090832
37449.0,1505664,genus,0.00509079,Gottschalkia,ERR1090832
37449.0,33042,genus,0.00339386,Coprococcus,ERR1090832
37449.0,416916,genus,0.00339386,Aggregatibacter,ERR1090832
37449.0,203804,genus,0.00339386,Candidatus Blochmannia,ERR1090832
37449.0,204475,genus,0.00339386,Gemmiger,ERR1090832
37449.0,577309,genus,0.00339386,Paraprevotella,ERR1090832
37449.0,848,genus,0.00339386,Fusobacterium,ERR1090832
37449.0,375288,genus,0.00339386,Parabacteroides,ERR1090832
37449.0,906,genus,0.00339386,Megasphaera,ERR1090832
37449.0,319458,genus,0.00339386,Leadbetterella,ERR1090832
37449.0,114627,genus,0.00339386,Alkaliphilus,ERR1090832
37449.0,570,genus,0.00339386,Klebsiella,ERR1090832
37449.0,28138,genus,0.00339386,Rikenella,ERR1090832
37449.0,1505657,genus,0.00339386,Intestinibacter,ERR1090832
37449.0,59735,genus,0.00339386,Bergeyella,ERR1090832
37449.0,407,genus,0.00169693,Methylobacterium,ERR1090832
37449.0,264995,genus,0.00169693,Anaerofustis,ERR1090832
37449.0,40323,genus,0.00169693,Stenotrophomonas,ERR1090832
37449.0,453229,genus,0.00169693,Desulfarculus,ERR1090832
37449.0,29465,genus,0.00169693,Veillonella,ERR1090832
37449.0,237,genus,0.00169693,Flavobacterium,ERR1090832
37449.0,863253,genus,0.00169693,Marinicella,ERR1090832
37449.0,586,genus,0.00169693,Providencia,ERR1090832
37449.0,292632,genus,0.00169693,Subdoligranulum,ERR1090832
37449.0,1378,genus,0.00169693,Gemella,ERR1090832
37449.0,1637257,genus,0.00169693,Mageeibacillus,ERR1090832
37449.0,2132,genus,0.00169693,Spiroplasma,ERR1090832
37449.0,1654,genus,0.00169693,Actinomyces,ERR1090832
37449.0,1055688,genus,0.00169693,Sandaracinus,ERR1090832
37449.0,629,genus,0.00169693,Yersinia,ERR1090832
37449.0,1486726,genus,0.00169693,Pseudobacteroides,ERR1090832
37449.0,283168,genus,0.00169693,Odoribacter,ERR1090832
37449.0,53246,genus,0.00169693,Pseudoalteromonas,ERR1090832
37449.0,715222,genus,0.00169693,Caldicoprobacter,ERR1090832
37449.0,904,genus,0.00169693,Acidaminococcus,ERR1090832
37449.0,146918,genus,0.00169693,Salinibacter,ERR1090832
37449.0,226,genus,0.00169693,Alteromonas,ERR1090832
37449.0,265980,genus,0.00169693,Alkalimonas,ERR1090832
37449.0,241189,genus,0.00169693,Hespellia,ERR1090832
37449.0,866673,genus,0.00169693,Marinifilum,ERR1090832
37449.0,162289,genus,0.00169693,Peptoniphilus,ERR1090832
37449.0,1017280,genus,0.00169693,Pseudoflavonifractor,ERR1090832
37449.0,1578,genus,0.00169693,Lactobacillus,ERR1090832
37449.0,583,genus,0.00169693,Proteus,ERR1090832
37449.0,83681,genus,0.00169693,Nonomuraea,ERR1090832
37449.0,1164882,genus,0.00169693,Lachnoanaerobaculum,ERR1090832
37449.0,32067,genus,0.00169693,Leptotrichia,ERR1090832
37449.0,998014,genus,0.00169693,Cocleimonas,ERR1090832
37449.0,46205,genus,0.00169693,Pseudobutyrivibrio,ERR1090832
37449.0,59753,genus,0.00169693,Alcanivorax,ERR1090832
37449.0,46255,genus,0.00169693,Weissella,ERR1090832
37449.0,497,genus,0.00169693,Psychrobacter,ERR1090832
37449.0,165779,genus,0.00169693,Anaerococcus,ERR1090832
37449.0,156973,genus,0.00169693,Dysgonomonas,ERR1090832
37449.0,35832,genus,0.00169693,Bilophila,ERR1090832
37449.0,57665,genus,0.00169693,Sulfurospirillum,ERR1090832
37449.0,400634,genus,0.00169693,Lysinibacillus,ERR1090832
,-1,genus,76.2464,Unknown,ERR1090832
37449.0,816,genus,13.0952,Bacteroides,ERR1090832
37449.0,239759,genus,4.48159,Alistipes,ERR1090832
37449.0,286,genus,0.799253,Pseudomonas,ERR1090832
37449.0,397864,genus,0.753436,Barnesiella,ERR1090832
37449.0,577310,genus,0.736467,Parasutterella,ERR1090832
37449.0,216851,genus,0.685559,Faecalibacterium,ERR1090832
37449.0,990721,genus,0.335992,Christensenella,ERR1090832
37449.0,239934,genus,0.302053,Akkermansia,ERR1090832
37449.0,561,genus,0.293569,Escherichia,ERR1090832
37449.0,39948,genus,0.288478,Dialister,ERR1090832
37449.0,2316,genus,0.157814,Methanosphaera,ERR1090832
37449.0,459786,genus,0.139148,Oscillibacter,ERR1090832
37449.0,1485,genus,0.134057,Clostridium,ERR1090832
37449.0,838,genus,0.095028,Prevotella,ERR1090832
37449.0,1263,genus,0.0899372,Ruminococcus,ERR1090832
37449.0,482,genus,0.0746649,Neisseria,ERR1090832
37449.0,872,genus,0.0644833,Desulfovibrio,ERR1090832
37449.0,2172,genus,0.0627864,Methanobrevibacter,ERR1090832
37449.0,841,genus,0.0593925,Roseburia,ERR1090832
37449.0,1730,genus,0.0593925,Eubacterium,ERR1090832
37449.0,44748,genus,0.0576956,Sporobacter,ERR1090832
37449.0,724,genus,0.0441201,Haemophilus,ERR1090832
37449.0,204037,genus,0.0424232,Dickeya,ERR1090832
37449.0,1678,genus,0.0424232,Bifidobacterium,ERR1090832
37449.0,1508657,genus,0.0407263,Ruminiclostridium,ERR1090832
37449.0,244127,genus,0.0407263,Anaerotruncus,ERR1090832
37449.0,1505663,genus,0.0390294,Erysipelatoclostridium,ERR1090832
37449.0,572511,genus,0.0356355,Blautia,ERR1090832
37449.0,1883,genus,0.0339386,Streptomyces,ERR1090832
37449.0,1350,genus,0.0322416,Enterococcus,ERR1090832
37449.0,1386,genus,0.0305447,Bacillus,ERR1090832
37449.0,1506577,genus,0.0254539,Tyzzerella,ERR1090832
37449.0,1301,genus,0.0220601,Streptococcus,ERR1090832
37449.0,1506553,genus,0.0220601,Lachnoclostridium,ERR1090832
37449.0,44249,genus,0.0203631,Paenibacillus,ERR1090832
37449.0,83660,genus,0.0169693,Desulfonispora,ERR1090832
37449.0,61170,genus,0.0152724,Holdemania,ERR1090832
37449.0,642,genus,0.0152724,Aeromonas,ERR1090832
37449.0,79206,genus,0.0135754,Desulfosporosinus,ERR1090832
37449.0,100175,genus,0.0118785,Papillibacter,ERR1090832
37449.0,590,genus,0.0101816,Salmonella,ERR1090832
37449.0,836,genus,0.0101816,Porphyromonas,ERR1090832
37449.0,84111,genus,0.00848464,Eggerthella,ERR1090832
37449.0,420345,genus,0.00848464,Lactonifactor,ERR1090832
37449.0,52784,genus,0.00678771,Anaerofilum,ERR1090832
37449.0,189330,genus,0.00678771,Dorea,ERR1090832
37449.0,1518147,genus,0.00678771,Wenyingzhuangia,ERR1090832
37449.0,346096,genus,0.00678771,Paludibacter,ERR1090832
37449.0,698776,genus,0.00509079,Cellulosilyticum,ERR1090832
37449.0,702,genus,0.00509079,Plesiomonas,ERR1090832
37449.0,28453,genus,0.00509079,Sphingobacterium,ERR1090832
37449.0,469,genus,0.00509079,Acinetobacter,ERR1090832
37449.0,544,genus,0.00509079,Citrobacter,ERR1090832
37449.0,1505664,genus,0.00509079,Gottschalkia,ERR1090832
37449.0,33042,genus,0.00339386,Coprococcus,ERR1090832
37449.0,416916,genus,0.00339386,Aggregatibacter,ERR1090832
37449.0,203804,genus,0.00339386,Candidatus Blochmannia,ERR1090832
37449.0,204475,genus,0.00339386,Gemmiger,ERR1090832
37449.0,577309,genus,0.00339386,Paraprevotella,ERR1090832
37449.0,848,genus,0.00339386,Fusobacterium,ERR1090832
37449.0,375288,genus,0.00339386,Parabacteroides,ERR1090832
37449.0,906,genus,0.00339386,Megasphaera,ERR1090832
37449.0,319458,genus,0.00339386,Leadbetterella,ERR1090832
37449.0,114627,genus,0.00339386,Alkaliphilus,ERR1090832
37449.0,570,genus,0.00339386,Klebsiella,ERR1090832
37449.0,28138,genus,0.00339386,Rikenella,ERR1090832
37449.0,1505657,genus,0.00339386,Intestinibacter,ERR1090832
37449.0,59735,genus,0.00339386,Bergeyella,ERR1090832
37449.0,237,genus,0.00169693,Flavobacterium,ERR1090832
37449.0,863253,genus,0.00169693,Marinicella,ERR1090832
37449.0,586,genus,0.00169693,Providencia,ERR1090832
37449.0,292632,genus,0.00169693,Subdoligranulum,ERR1090832
37449.0,1378,genus,0.00169693,Gemella,ERR1090832
37449.0,1637257,genus,0.00169693,Mageeibacillus,ERR1090832
37449.0,2132,genus,0.00169693,Spiroplasma,ERR1090832
37449.0,1654,genus,0.00169693,Actinomyces,ERR1090832
37449.0,1055688,genus,0.00169693,Sandaracinus,ERR1090832
37449.0,629,genus,0.00169693,Yersinia,ERR1090832
37449.0,1486726,genus,0.00169693,Pseudobacteroides,ERR1090832
37449.0,283168,genus,0.00169693,Odoribacter,ERR1090832
37449.0,53246,genus,0.00169693,Pseudoalteromonas,ERR1090832
37449.0,715222,genus,0.00169693,Caldicoprobacter,ERR1090832
37449.0,904,genus,0.00169693,Acidaminococcus,ERR1090832
37449.0,146918,genus,0.00169693,Salinibacter,ERR1090832
37449.0,226,genus,0.00169693,Alteromonas,ERR1090832
37449.0,265980,genus,0.00169693,Alkalimonas,ERR1090832
37449.0,241189,genus,0.00169693,Hespellia,ERR1090832
37449.0,866673,genus,0.00169693,Marinifilum,ERR1090832
37449.0,162289,genus,0.00169693,Peptoniphilus,ERR1090832
37449.0,1017280,genus,0.00169693,Pseudoflavonifractor,ERR1090832
37449.0,1578,genus,0.00169693,Lactobacillus,ERR1090832
37449.0,583,genus,0.00169693,Proteus,ERR1090832
37449.0,83681,genus,0.00169693,Nonomuraea,ERR1090832
37449.0,1164882,genus,0.00169693,Lachnoanaerobaculum,ERR1090832
37449.0,32067,genus,0.00169693,Leptotrichia,ERR1090832
37449.0,998014,genus,0.00169693,Cocleimonas,ERR1090832
37449.0,46205,genus,0.00169693,Pseudobutyrivibrio,ERR1090832
37449.0,59753,genus,0.00169693,Alcanivorax,ERR1090832
37449.0,46255,genus,0.00169693,Weissella,ERR1090832
37449.0,497,genus,0.00169693,Psychrobacter,ERR1090832
37449.0,165779,genus,0.00169693,Anaerococcus,ERR1090832
37449.0,156973,genus,0.00169693,Dysgonomonas,ERR1090832
37449.0,35832,genus,0.00169693,Bilophila,ERR1090832
37449.0,57665,genus,0.00169693,Sulfurospirillum,ERR1090832
37449.0,400634,genus,0.00169693,Lysinibacillus,ERR1090832
37449.0,407,genus,0.00169693,Methylobacterium,ERR1090832
37449.0,264995,genus,0.00169693,Anaerofustis,ERR1090832
37449.0,40323,genus,0.00169693,Stenotrophomonas,ERR1090832
37449.0,453229,genus,0.00169693,Desulfarculus,ERR1090832
37449.0,29465,genus,0.00169693,Veillonella,ERR1090832
,-1,genus,76.2464,Unknown,ERR1090832
37449.0,816,genus,13.0952,Bacteroides,ERR1090832
37449.0,239759,genus,4.48159,Alistipes,ERR1090832
37449.0,286,genus,0.799253,Pseudomonas,ERR1090832
37449.0,397864,genus,0.753436,Barnesiella,ERR1090832
37449.0,577310,genus,0.736467,Parasutterella,ERR1090832
37449.0,216851,genus,0.685559,Faecalibacterium,ERR1090832
37449.0,990721,genus,0.335992,Christensenella,ERR1090832
37449.0,239934,genus,0.302053,Akkermansia,ERR1090832
37449.0,561,genus,0.293569,Escherichia,ERR1090832
37449.0,39948,genus,0.288478,Dialister,ERR1090832
37449.0,2316,genus,0.157814,Methanosphaera,ERR1090832
37449.0,459786,genus,0.139148,Oscillibacter,ERR1090832
37449.0,1485,genus,0.134057,Clostridium,ERR1090832
37449.0,838,genus,0.095028,Prevotella,ERR1090832
37449.0,1263,genus,0.0899372,Ruminococcus,ERR1090832
37449.0,482,genus,0.0746649,Neisseria,ERR1090832
37449.0,872,genus,0.0644833,Desulfovibrio,ERR1090832
37449.0,2172,genus,0.0627864,Methanobrevibacter,ERR1090832
37449.0,841,genus,0.0593925,Roseburia,ERR1090832
37449.0,1730,genus,0.0593925,Eubacterium,ERR1090832
37449.0,44748,genus,0.0576956,Sporobacter,ERR1090832
37449.0,724,genus,0.0441201,Haemophilus,ERR1090832
37449.0,204037,genus,0.0424232,Dickeya,ERR1090832
37449.0,1678,genus,0.0424232,Bifidobacterium,ERR1090832
37449.0,1508657,genus,0.0407263,Ruminiclostridium,ERR1090832
37449.0,244127,genus,0.0407263,Anaerotruncus,ERR1090832
37449.0,1505663,genus,0.0390294,Erysipelatoclostridium,ERR1090832
37449.0,572511,genus,0.0356355,Blautia,ERR1090832
37449.0,1883,genus,0.0339386,Streptomyces,ERR1090832
37449.0,1350,genus,0.0322416,Enterococcus,ERR1090832
37449.0,1386,genus,0.0305447,Bacillus,ERR1090832
37449.0,1506577,genus,0.0254539,Tyzzerella,ERR1090832
37449.0,1301,genus,0.0220601,Streptococcus,ERR1090832
37449.0,1506553,genus,0.0220601,Lachnoclostridium,ERR1090832
37449.0,44249,genus,0.0203631,Paenibacillus,ERR1090832
37449.0,83660,genus,0.0169693,Desulfonispora,ERR1090832
37449.0,61170,genus,0.0152724,Holdemania,ERR1090832
37449.0,642,genus,0.0152724,Aeromonas,ERR1090832
37449.0,79206,genus,0.0135754,Desulfosporosinus,ERR1090832
37449.0,100175,genus,0.0118785,Papillibacter,ERR1090832
37449.0,590,genus,0.0101816,Salmonella,ERR1090832
37449.0,836,genus,0.0101816,Porphyromonas,ERR1090832
37449.0,84111,genus,0.00848464,Eggerthella,ERR1090832
37449.0,420345,genus,0.00848464,Lactonifactor,ERR1090832
37449.0,189330,genus,0.00678771,Dorea,ERR1090832
37449.0,1518147,genus,0.00678771,Wenyingzhuangia,ERR1090832
37449.0,346096,genus,0.00678771,Paludibacter,ERR1090832
37449.0,52784,genus,0.00678771,Anaerofilum,ERR1090832
37449.0,698776,genus,0.00509079,Cellulosilyticum,ERR1090832
37449.0,702,genus,0.00509079,Plesiomonas,ERR1090832
37449.0,28453,genus,0.00509079,Sphingobacterium,ERR1090832
37449.0,469,genus,0.00509079,Acinetobacter,ERR1090832
37449.0,544,genus,0.00509079,Citrobacter,ERR1090832
37449.0,1505664,genus,0.00509079,Gottschalkia,ERR1090832
37449.0,33042,genus,0.00339386,Coprococcus,ERR1090832
37449.0,416916,genus,0.00339386,Aggregatibacter,ERR1090832
37449.0,203804,genus,0.00339386,Candidatus Blochmannia,ERR1090832
37449.0,204475,genus,0.00339386,Gemmiger,ERR1090832
37449.0,577309,genus,0.00339386,Paraprevotella,ERR1090832
37449.0,848,genus,0.00339386,Fusobacterium,ERR1090832
37449.0,375288,genus,0.00339386,Parabacteroides,ERR1090832
37449.0,906,genus,0.00339386,Megasphaera,ERR1090832
37449.0,319458,genus,0.00339386,Leadbetterella,ERR1090832
37449.0,114627,genus,0.00339386,Alkaliphilus,ERR1090832
37449.0,570,genus,0.00339386,Klebsiella,ERR1090832
37449.0,28138,genus,0.00339386,Rikenella,ERR1090832
37449.0,1505657,genus,0.00339386,Intestinibacter,ERR1090832
37449.0,59735,genus,0.00339386,Bergeyella,ERR1090832
37449.0,586,genus,0.00169693,Providencia,ERR1090832
37449.0,292632,genus,0.00169693,Subdoligranulum,ERR1090832
37449.0,1378,genus,0.00169693,Gemella,ERR1090832
37449.0,1637257,genus,0.00169693,Mageeibacillus,ERR1090832
37449.0,2132,genus,0.00169693,Spiroplasma,ERR1090832
37449.0,1654,genus,0.00169693,Actinomyces,ERR1090832
37449.0,1055688,genus,0.00169693,Sandaracinus,ERR1090832
37449.0,629,genus,0.00169693,Yersinia,ERR1090832
37449.0,1486726,genus,0.00169693,Pseudobacteroides,ERR1090832
37449.0,283168,genus,0.00169693,Odoribacter,ERR1090832
37449.0,53246,genus,0.00169693,Pseudoalteromonas,ERR1090832
37449.0,715222,genus,0.00169693,Caldicoprobacter,ERR1090832
37449.0,904,genus,0.00169693,Acidaminococcus,ERR1090832
37449.0,146918,genus,0.00169693,Salinibacter,ERR1090832
37449.0,226,genus,0.00169693,Alteromonas,ERR1090832
37449.0,265980,genus,0.00169693,Alkalimonas,ERR1090832
37449.0,241189,genus,0.00169693,Hespellia,ERR1090832
37449.0,866673,genus,0.00169693,Marinifilum,ERR1090832
37449.0,162289,genus,0.00169693,Peptoniphilus,ERR1090832
37449.0,1017280,genus,0.00169693,Pseudoflavonifractor,ERR1090832
37449.0,1578,genus,0.00169693,Lactobacillus,ERR1090832
37449.0,583,genus,0.00169693,Proteus,ERR1090832
37449.0,83681,genus,0.00169693,Nonomuraea,ERR1090832
37449.0,1164882,genus,0.00169693,Lachnoanaerobaculum,ERR1090832
37449.0,32067,genus,0.00169693,Leptotrichia,ERR1090832
37449.0,998014,genus,0.00169693,Cocleimonas,ERR1090832
37449.0,46205,genus,0.00169693,Pseudobutyrivibrio,ERR1090832
37449.0,59753,genus,0.00169693,Alcanivorax,ERR1090832
37449.0,46255,genus,0.00169693,Weissella,ERR1090832
37449.0,497,genus,0.00169693,Psychrobacter,ERR1090832
37449.0,165779,genus,0.00169693,Anaerococcus,ERR1090832
37449.0,156973,genus,0.00169693,Dysgonomonas,ERR1090832
37449.0,35832,genus,0.00169693,Bilophila,ERR1090832
37449.0,57665,genus,0.00169693,Sulfurospirillum,ERR1090832
37449.0,400634,genus,0.00169693,Lysinibacillus,ERR1090832
37449.0,407,genus,0.00169693,Methylobacterium,ERR1090832
37449.0,264995,genus,0.00169693,Anaerofustis,ERR1090832
37449.0,40323,genus,0.00169693,Stenotrophomonas,ERR1090832
37449.0,453229,genus,0.00169693,Desulfarculus,ERR1090832
37449.0,29465,genus,0.00169693,Veillonella,ERR1090832
37449.0,237,genus,0.00169693,Flavobacterium,ERR1090832
37449.0,863253,genus,0.00169693,Marinicella,ERR1090832
,-1,genus,76.2464,Unknown,ERR1090832
37451.0,286,genus,11.0922,Pseudomonas,ERR1090863
37451.0,216851,genus,5.70191,Faecalibacterium,ERR1090863
37451.0,816,genus,3.94935,Bacteroides,ERR1090863
37451.0,239759,genus,2.99019,Alistipes,ERR1090863
37451.0,1716,genus,1.99567,Corynebacterium,ERR1090863
37451.0,375288,genus,1.73488,Parabacteroides,ERR1090863
37451.0,1386,genus,0.605552,Bacillus,ERR1090863
37451.0,459786,genus,0.455269,Oscillibacter,ERR1090863
37451.0,572511,genus,0.435378,Blautia,ERR1090863
37451.0,1350,genus,0.413278,Enterococcus,ERR1090863
37451.0,574697,genus,0.371287,Butyricimonas,ERR1090863
37451.0,162289,genus,0.346977,Peptoniphilus,ERR1090863
37451.0,1263,genus,0.269625,Ruminococcus,ERR1090863
37451.0,838,genus,0.207744,Prevotella,ERR1090863
37451.0,841,genus,0.201114,Roseburia,ERR1090863
37451.0,1696,genus,0.187854,Brevibacterium,ERR1090863
37451.0,1506553,genus,0.181223,Lachnoclostridium,ERR1090863
37451.0,1730,genus,0.152493,Eubacterium,ERR1090863
37451.0,283168,genus,0.145863,Odoribacter,ERR1090863
37451.0,1663,genus,0.137023,Arthrobacter,ERR1090863
37451.0,561,genus,0.108292,Escherichia,ERR1090863
37451.0,1569,genus,0.0906117,Sporosarcina,ERR1090863
37451.0,33042,genus,0.0906117,Coprococcus,ERR1090863
37451.0,1485,genus,0.0884017,Clostridium,ERR1090863
37451.0,244127,genus,0.0751414,Anaerotruncus,ERR1090863
37451.0,1573535,genus,0.0663013,Holdemanella,ERR1090863
37451.0,862261,genus,0.0618812,Caldanaerobius,ERR1090863
37451.0,1301,genus,0.053041,Streptococcus,ERR1090863
37451.0,52784,genus,0.0486209,Anaerofilum,ERR1090863
37451.0,872,genus,0.0464109,Desulfovibrio,ERR1090863
37451.0,61170,genus,0.0419908,Holdemania,ERR1090863
37451.0,44249,genus,0.0419908,Paenibacillus,ERR1090863
37451.0,590,genus,0.0265205,Salmonella,ERR1090863
37451.0,189330,genus,0.0243105,Dorea,ERR1090863
37451.0,44748,genus,0.0243105,Sporobacter,ERR1090863
37451.0,990721,genus,0.0243105,Christensenella,ERR1090863
37451.0,1279,genus,0.0221004,Staphylococcus,ERR1090863
37451.0,397864,genus,0.0221004,Barnesiella,ERR1090863
37451.0,203804,genus,0.0198904,Candidatus Blochmannia,ERR1090863
37451.0,83660,genus,0.0176803,Desulfonispora,ERR1090863
37451.0,204037,genus,0.0176803,Dickeya,ERR1090863
37451.0,1763,genus,0.0176803,Mycobacterium,ERR1090863
37451.0,1873,genus,0.0154703,Micromonospora,ERR1090863
37451.0,165779,genus,0.0154703,Anaerococcus,ERR1090863
37451.0,239934,genus,0.0132603,Akkermansia,ERR1090863
37451.0,836,genus,0.0132603,Porphyromonas,ERR1090863
37451.0,237,genus,0.0132603,Flavobacterium,ERR1090863
37451.0,332102,genus,0.0132603,Fluviicola,ERR1090863
37451.0,1505663,genus,0.00884017,Erysipelatoclostridium,ERR1090863
37451.0,724,genus,0.00884017,Haemophilus,ERR1090863
37451.0,848,genus,0.00884017,Fusobacterium,ERR1090863
37451.0,1578,genus,0.00663013,Lactobacillus,ERR1090863
37451.0,906,genus,0.00663013,Megasphaera,ERR1090863
37451.0,52225,genus,0.00663013,Mitsuokella,ERR1090863
37451.0,1017280,genus,0.00663013,Pseudoflavonifractor,ERR1090863
37451.0,29465,genus,0.00663013,Veillonella,ERR1090863
37451.0,1866885,genus,0.00663013,Mycobacterium fortuitum complex,ERR1090863
37451.0,182709,genus,0.00663013,Oceanobacillus,ERR1090863
37451.0,547,genus,0.00442008,Enterobacter,ERR1090863
37451.0,1378,genus,0.00442008,Gemella,ERR1090863
37451.0,482,genus,0.00442008,Neisseria,ERR1090863
37451.0,570,genus,0.00442008,Klebsiella,ERR1090863
37451.0,82802,genus,0.00442008,Trichococcus,ERR1090863
37451.0,184869,genus,0.00442008,Varibaculum,ERR1090863
37451.0,32207,genus,0.00442008,Rothia,ERR1090863
37451.0,862,genus,0.00442008,Syntrophomonas,ERR1090863
37451.0,117563,genus,0.00442008,Granulicatella,ERR1090863
37451.0,236752,genus,0.00442008,Fastidiosipila,ERR1090863
37451.0,497,genus,0.00442008,Psychrobacter,ERR1090863
37451.0,37914,genus,0.00221004,Dietzia,ERR1090863
37451.0,1357,genus,0.00221004,Lactococcus,ERR1090863
37451.0,2132,genus,0.00221004,Spiroplasma,ERR1090863
37451.0,281472,genus,0.00221004,Jiangella,ERR1090863
37451.0,241189,genus,0.00221004,Hespellia,ERR1090863
37451.0,76833,genus,0.00221004,Actinobaculum,ERR1090863
37451.0,357,genus,0.00221004,Agrobacterium,ERR1090863
37451.0,644652,genus,0.00221004,Gordonibacter,ERR1090863
37451.0,61434,genus,0.00221004,Dehalococcoides,ERR1090863
37451.0,346096,genus,0.00221004,Paludibacter,ERR1090863
37451.0,31983,genus,0.00221004,Helcococcus,ERR1090863
37451.0,626,genus,0.00221004,Xenorhabdus,ERR1090863
37451.0,182639,genus,0.00221004,Kribbella,ERR1090863
37451.0,292632,genus,0.00221004,Subdoligranulum,ERR1090863
37451.0,47670,genus,0.00221004,Lautropia,ERR1090863
37451.0,35832,genus,0.00221004,Bilophila,ERR1090863
37451.0,129337,genus,0.00221004,Geobacillus,ERR1090863
37451.0,420345,genus,0.00221004,Lactonifactor,ERR1090863
37451.0,413496,genus,0.00221004,Cronobacter,ERR1090863
37451.0,100883,genus,0.00221004,Coprobacillus,ERR1090863
37451.0,43668,genus,0.00221004,Brachybacterium,ERR1090863
37451.0,267986,genus,0.00221004,Owenweeksia,ERR1090863
,-1,genus,66.9775,Unknown,ERR1090863
