ncbi_taxon_id,taxon_rank_level,relative_abundance,scientific_name,run_id
1755626,species,13.2737,Faecalibacterium sp. MC_41,ERR1075057
301301,species,6.43462,Roseburia hominis,ERR1075057
328813,species,5.86016,Alistipes onderdonkii,ERR1075057
28111,species,5.25511,Bacteroides eggerthii,ERR1075057
820,species,4.83021,Bacteroides uniformis,ERR1075057
239935,species,4.08579,Akkermansia muciniphila,ERR1075057
218538,species,3.86485,Dialister invisus,ERR1075057
46503,species,3.72548,Parabacteroides merdae,ERR1075057
1264,species,3.05245,Ruminococcus albus,ERR1075057
28116,species,2.67514,Bacteroides ovatus,ERR1075057
46506,species,2.0293,Bacteroides stercoris,ERR1075057
39485,species,1.49903,[Eubacterium] eligens,ERR1075057
69825,species,1.13872,[Clostridium] indolis,ERR1075057
40520,species,1.08093,Blautia obeum,ERR1075057
28117,species,0.989157,Alistipes putredinis,ERR1075057
84030,species,0.965363,[Clostridium] saccharolyticum,ERR1075057
1161942,species,0.914375,Ruminococcus champanellensis,ERR1075057
818,species,0.846392,Bacteroides thetaiotaomicron,ERR1075057
39497,species,0.683232,Eubacterium xylanophilum,ERR1075057
536633,species,0.679833,Blautia glucerasea,ERR1075057
821,species,0.598253,Bacteroides vulgatus,ERR1075057
246787,species,0.557463,Bacteroides cellulosilyticus,ERR1075057
29348,species,0.520072,[Clostridium] spiroforme,ERR1075057
351091,species,0.458887,Oscillibacter valericigenes,ERR1075057
328814,species,0.441891,Alistipes shahii,ERR1075057
35833,species,0.4045,Bilophila wadsworthia,ERR1075057
1535,species,0.4045,[Clostridium] leptum,ERR1075057
397865,species,0.390904,Barnesiella viscericola,ERR1075057
39496,species,0.387505,Eubacterium ventriosum,ERR1075057
208479,species,0.370509,[Clostridium] bolteae,ERR1075057
39484,species,0.363711,Eubacterium desmolans,ERR1075057
28118,species,0.343316,Odoribacter splanchnicus,ERR1075057
166486,species,0.336517,Roseburia intestinalis,ERR1075057
47678,species,0.299126,Bacteroides caccae,ERR1075057
169435,species,0.271933,Anaerotruncus colihominis,ERR1075057
437898,species,0.265135,Sutterella parvirubra,ERR1075057
395922,species,0.241341,Coraliomargarita akajimensis,ERR1075057
29370,species,0.234542,[Clostridium] sphenoides,ERR1075057
1465754,species,0.234542,Alistipes timonensis,ERR1075057
502558,species,0.214147,Eggerthella sp. YY7918,ERR1075057
1515,species,0.207349,Ruminiclostridium thermocellum,ERR1075057
44749,species,0.200551,Sporobacter termitidis,ERR1075057
33035,species,0.180156,Blautia producta,ERR1075057
626932,species,0.176757,Alistipes indistinctus,ERR1075057
626930,species,0.169958,Bacteroides fluxus,ERR1075057
823,species,0.152962,Parabacteroides distasonis,ERR1075057
84032,species,0.142765,[Clostridium] thermosuccinogenes,ERR1075057
1755629,species,0.125769,Victivallis sp. MC_44,ERR1075057
1532,species,0.101975,Blautia coccoides,ERR1075057
36847,species,0.0985757,[Clostridium] neopropionicum,ERR1075057
626931,species,0.0849791,Bacteroides oleiciplenus,ERR1075057
46228,species,0.0849791,Ruminococcus lactaris,ERR1075057
29375,species,0.0781808,[Clostridium] xylanolyticum,ERR1075057
61171,species,0.0781808,Holdemania filiformis,ERR1075057
39490,species,0.0781808,Eubacterium ramulus,ERR1075057
204516,species,0.0747816,Bacteroides massiliensis,ERR1075057
357276,species,0.0713824,Bacteroides dorei,ERR1075057
39486,species,0.0713824,Dorea formicigenerans,ERR1075057
328812,species,0.0713824,Parabacteroides goldsteinii,ERR1075057
1358,species,0.0679833,Lactococcus lactis,ERR1075057
40518,species,0.0679833,Ruminococcus bromii,ERR1075057
28446,species,0.0679833,[Clostridium] propionicum,ERR1075057
329854,species,0.0577858,Bacteroides intestinalis,ERR1075057
288965,species,0.0577858,[Clostridium] clariflavum,ERR1075057
143393,species,0.0509875,[Eubacterium] sulci,ERR1075057
84022,species,0.0475883,Clostridium aceticum,ERR1075057
1512,species,0.0475883,[Clostridium] symbiosum,ERR1075057
371601,species,0.0475883,Bacteroides xylanisolvens,ERR1075057
847,species,0.0441891,Oxalobacter formigenes,ERR1075057
645466,species,0.04079,Anaerostipes butyraticus,ERR1075057
261299,species,0.04079,Intestinibacter bartlettii,ERR1075057
115979,species,0.04079,Bacillus nealsonii,ERR1075057
1265,species,0.0373908,Ruminococcus flavefaciens,ERR1075057
871324,species,0.0373908,Bacteroides stercorirosoris,ERR1075057
105841,species,0.0373908,Anaerostipes caccae,ERR1075057
358742,species,0.0339916,[Clostridium] aldenense,ERR1075057
39491,species,0.0339916,[Eubacterium] rectale,ERR1075057
35517,species,0.0305925,[Eubacterium] brachy,ERR1075057
33043,species,0.0305925,Coprococcus eutactus,ERR1075057
29354,species,0.0271933,[Clostridium] celerecrescens,ERR1075057
341225,species,0.0271933,[Clostridium] saccharogumia,ERR1075057
650643,species,0.0271933,Alistipes sp. RMA 9912,ERR1075057
165179,species,0.0237941,Prevotella copri,ERR1075057
1671366,species,0.0237941,Ruminococcus sp. DSM 100440,ERR1075057
2173,species,0.0237941,Methanobrevibacter smithii,ERR1075057
35785,species,0.020395,Clostridium maximum,ERR1075057
29355,species,0.020395,[Clostridium] cellobioparum,ERR1075057
270498,species,0.020395,Catabacter hongkongensis,ERR1075057
338188,species,0.020395,Bacteroides finegoldii,ERR1075057
76517,species,0.020395,Campylobacter hominis,ERR1075057
151276,species,0.0169958,Bacteroides coprosuis,ERR1075057
907,species,0.0169958,Megasphaera elsdenii,ERR1075057
1495,species,0.0169958,Clostridium cylindrosporum,ERR1075057
28127,species,0.0169958,Prevotella buccalis,ERR1075057
1308,species,0.0169958,Streptococcus thermophilus,ERR1075057
1755607,species,0.0169958,Bacteroides sp. MC_16,ERR1075057
28119,species,0.0169958,Bacteroides zoogleoformans,ERR1075057
214856,species,0.0135967,Alistipes finegoldii,ERR1075057
97253,species,0.0135967,Eubacterium plexicaudatum,ERR1075057
839,species,0.0135967,Prevotella ruminicola,ERR1075057
552810,species,0.0135967,Dehalogenimonas lykanthroporepellens,ERR1075057
291645,species,0.0135967,Bacteroides nordii,ERR1075057
376804,species,0.0135967,Bacteroides barnesiae,ERR1075057
33039,species,0.0135967,[Ruminococcus] torques,ERR1075057
84026,species,0.0135967,[Clostridium] methylpentosum,ERR1075057
33953,species,0.0135967,Clostridium aminobutyricum,ERR1075057
39778,species,0.0135967,Veillonella dispar,ERR1075057
166501,species,0.0135967,Thermobaculum terrenum,ERR1075057
817,species,0.0135967,Bacteroides fragilis,ERR1075057
167964,species,0.0135967,Anaerolinea thermophila,ERR1075057
1121830,species,0.0101975,Fodinicurvata fenggangensis,ERR1075057
1168034,species,0.0101975,Draconibacterium orientale,ERR1075057
964,species,0.0101975,Herbaspirillum seropedicae,ERR1075057
294,species,0.0101975,Pseudomonas fluorescens,ERR1075057
28128,species,0.0101975,Prevotella corporis,ERR1075057
310297,species,0.0101975,Bacteroides plebeius,ERR1075057
40519,species,0.0101975,Ruminococcus callidus,ERR1075057
732242,species,0.0101975,Bacteroides paurosaccharolyticus,ERR1075057
61435,species,0.0101975,Dehalococcoides mccartyi,ERR1075057
387661,species,0.0101975,Parabacteroides johnsonii,ERR1075057
33038,species,0.0101975,[Ruminococcus] gnavus,ERR1075057
39488,species,0.0101975,[Eubacterium] hallii,ERR1075057
53443,species,0.0101975,Blautia hydrogenotrophica,ERR1075057
1559,species,0.0101975,Clostridium tertium,ERR1075057
1510,species,0.00679833,[Clostridium] stercorarium,ERR1075057
1404,species,0.00679833,Bacillus megaterium,ERR1075057
471189,species,0.00679833,Gordonibacter pamelaeae,ERR1075057
100884,species,0.00679833,Coprobacillus cateniformis,ERR1075057
376806,species,0.00679833,Bacteroides gallinarum,ERR1075057
589436,species,0.00679833,Prevotella fusca,ERR1075057
671267,species,0.00679833,Bacteroides sartorii,ERR1075057
626937,species,0.00679833,Christensenella minuta,ERR1075057
290055,species,0.00679833,[Eubacterium] fissicatena,ERR1075057
547188,species,0.00679833,Phycisphaera mikurensis,ERR1075057
36745,species,0.00679833,Clostridium saccharoperbutylacetonicum,ERR1075057
1133319,species,0.00679833,Bacteroides reticulotermitis,ERR1075057
58134,species,0.00679833,[Desulfotomaculum] guttoideum,ERR1075057
290053,species,0.00679833,Bacteroides helcogenes,ERR1075057
392838,species,0.00679833,Bacteroides propionicifaciens,ERR1075057
44742,species,0.00679833,Desulfovibrio fairfieldensis,ERR1075057
574930,species,0.00679833,Parabacteroides gordonii,ERR1075057
89153,species,0.00679833,[Clostridium] hylemonae,ERR1075057
356829,species,0.00679833,Bifidobacterium tsurumiense,ERR1075057
884684,species,0.00679833,Mageeibacillus indolicus,ERR1075057
1563,species,0.00679833,Desulfosporosinus orientis,ERR1075057
39492,species,0.00679833,[Eubacterium] siraeum,ERR1075057
487175,species,0.00679833,Parasutterella excrementihominis,ERR1075057
45254,species,0.00679833,Dysgonomonas capnocytophagoides,ERR1075057
1611423,species,0.00679833,Flavobacterium sp. DSM 9626,ERR1075057
1280,species,0.00679833,Staphylococcus aureus,ERR1075057
43675,species,0.00679833,Rothia mucilaginosa,ERR1075057
1085,species,0.00339916,Rhodospirillum rubrum,ERR1075057
28901,species,0.00339916,Salmonella enterica,ERR1075057
510947,species,0.00339916,Lacibacter cauensis,ERR1075057
1496,species,0.00339916,Clostridioides difficile,ERR1075057
850,species,0.00339916,Fusobacterium mortiferum,ERR1075057
41976,species,0.00339916,Porphyromonas catoniae,ERR1075057
1211639,species,0.00339916,Laceyella sp. CCTCC AB 2012157,ERR1075057
882141,species,0.00339916,Bacillus sp. IHB B 2296,ERR1075057
1502,species,0.00339916,Clostridium perfringens,ERR1075057
39489,species,0.00339916,Clostridium moniliforme,ERR1075057
871327,species,0.00339916,Parabacteroides chinchillae,ERR1075057
29394,species,0.00339916,Dolosigranulum pigrum,ERR1075057
384638,species,0.00339916,[Bacteroides] pectinophilus,ERR1075057
267818,species,0.00339916,Lactobacillus kefiranofaciens,ERR1075057
76832,species,0.00339916,Myroides odoratimimus,ERR1075057
29372,species,0.00339916,Clostridium thermobutyricum,ERR1075057
44253,species,0.00339916,Paenibacillus validus,ERR1075057
65552,species,0.00339916,Meiothermus cerbereus,ERR1075057
1282,species,0.00339916,Staphylococcus epidermidis,ERR1075057
415,species,0.00339916,Methylobacter luteus,ERR1075057
1566358,species,0.00339916,Paenibacillus sp. IHBB 10380,ERR1075057
1590,species,0.00339916,Lactobacillus plantarum,ERR1075057
310298,species,0.00339916,Bacteroides coprocola,ERR1075057
40214,species,0.00339916,Acinetobacter johnsonii,ERR1075057
1042156,species,0.00339916,Clostridium sp. SY8519,ERR1075057
480931,species,0.00339916,Lactobacillus capillatus,ERR1075057
314319,species,0.00339916,Prolixibacter bellariivorans,ERR1075057
410072,species,0.00339916,Coprococcus comes,ERR1075057
1405,species,0.00339916,Bacillus mycoides,ERR1075057
1303,species,0.00339916,Streptococcus oralis,ERR1075057
61,species,0.00339916,Vitreoscilla stercoraria,ERR1075057
52787,species,0.00339916,Anaerofilum pentosovorans,ERR1075057
148813,species,0.00339916,Sulfuricurvum kujiense,ERR1075057
1113693,species,0.00339916,Flammeovirga sp. NBRC 100897,ERR1075057
1497,species,0.00339916,Clostridium formicaceticum,ERR1075057
199,species,0.00339916,Campylobacter concisus,ERR1075057
102134,species,0.00339916,Desulfotomaculum gibsoniae,ERR1075057
184870,species,0.00339916,Varibaculum cambriense,ERR1075057
454155,species,0.00339916,Paraprevotella xylaniphila,ERR1075057
1177728,species,0.00339916,Varibaculum sp. CCUG 31793,ERR1075057
591197,species,0.00339916,Ignavibacterium album,ERR1075057
349931,species,0.00339916,Clostridium cavendishii,ERR1075057
84112,species,0.00339916,Eggerthella lenta,ERR1075057
217070,species,0.00339916,Stella vacuolata,ERR1075057
1527,species,0.00339916,Anaerocolumna aminovalerica,ERR1075057
216778,species,0.00339916,Stenotrophomonas rhizophila,ERR1075057
29360,species,0.00339916,Cellulosilyticum lentocellum,ERR1075057
187145,species,0.00339916,Caldithrix abyssi,ERR1075057
45657,species,0.00339916,Desulfonema ishimotonii,ERR1075057
36835,species,0.00339916,[Clostridium] colinum,ERR1075057
43767,species,0.00339916,Rhodococcus equi,ERR1075057
29356,species,0.00339916,Clostridium chartatabidum,ERR1075057
45851,species,0.00339916,Butyrivibrio crossotus,ERR1075057
1648,species,0.00339916,Erysipelothrix rhusiopathiae,ERR1075057
100176,species,0.00339916,Papillibacter cinnamivorans,ERR1075057
851,species,0.00339916,Fusobacterium nucleatum,ERR1075057
156974,species,0.00339916,Dysgonomonas gadei,ERR1075057
189722,species,0.00339916,Prevotella marshii,ERR1075057
29389,species,0.00339916,Streptococcus alactolyticus,ERR1075057
88431,species,0.00339916,Dorea longicatena,ERR1075057
2736,species,0.00339916,Verrucomicrobium spinosum,ERR1075057
86664,species,0.00339916,Bacillus flexus,ERR1075057
84031,species,0.00339916,Clostridium sartagoforme,ERR1075057
310300,species,0.00339916,Bacteroides pyogenes,ERR1075057
1246,species,0.00339916,Leuconostoc lactis,ERR1075057
53635,species,0.00339916,Acidimicrobium ferrooxidans,ERR1075057
47880,species,0.00339916,Pseudomonas fulva,ERR1075057
70775,species,0.00339916,Pseudomonas plecoglossicida,ERR1075057
1488,species,0.00339916,Clostridium acetobutylicum,ERR1075057
316068,species,0.00339916,Leadbetterella byssophila,ERR1075057
118748,species,0.00339916,Bulleidia extructa,ERR1075057
39482,species,0.00339916,[Eubacterium] contortum,ERR1075057
1547,species,0.00339916,Erysipelatoclostridium ramosum,ERR1075057
47246,species,0.00339916,[Clostridium] viride,ERR1075057
587753,species,0.00339916,Pseudomonas chlororaphis,ERR1075057
43997,species,0.00339916,Catonella morbi,ERR1075057
87541,species,0.00339916,Aerococcus christensenii,ERR1075057
232270,species,0.00339916,Effusibacillus pohliae,ERR1075057
43131,species,0.00339916,Tissierella praeacuta,ERR1075057
185300,species,0.00339916,Paludibacter propionicigenes,ERR1075057
180164,species,0.00339916,Blautia schinkii,ERR1075057
82688,species,0.00339916,Lactobacillus nagelii,ERR1075057
29524,species,0.00339916,Porphyromonas circumdentaria,ERR1075057
216816,species,0.00339916,Bifidobacterium longum,ERR1075057
1346286,species,0.00339916,Dysgonomonas macrotermitis,ERR1075057
691816,species,0.00339916,Bacteroides rodentium,ERR1075057
1411316,species,0.00339916,Pedobacter sp.,ERR1075057
52769,species,0.00339916,Actinomyces gerencseriae,ERR1075057
1273132,species,0.00339916,Liberibacter crescens,ERR1075057
47500,species,0.00339916,Aneurinibacillus migulanus,ERR1075057
729,species,0.00339916,Haemophilus parainfluenzae,ERR1075057
114702,species,0.00339916,Actinomyces lingnae,ERR1075057
1350067,species,0.00339916,Microbacter margulisiae,ERR1075057
1311,species,0.00339916,Streptococcus agalactiae,ERR1075057
1827099,species,0.00339916,Peptoniphilus sp. JCM 8141,ERR1075057
2699,species,0.00339916,Heliobacterium gestii,ERR1075057
363277,species,0.00339916,Ktedonobacter racemifer,ERR1075057
-1,species,24.3992,Unknown,ERR1075057
1755626,species,13.2737,Faecalibacterium sp. MC_41,ERR1075057
301301,species,6.43462,Roseburia hominis,ERR1075057
328813,species,5.86016,Alistipes onderdonkii,ERR1075057
28111,species,5.25511,Bacteroides eggerthii,ERR1075057
820,species,4.83021,Bacteroides uniformis,ERR1075057
239935,species,4.08579,Akkermansia muciniphila,ERR1075057
218538,species,3.86485,Dialister invisus,ERR1075057
46503,species,3.72548,Parabacteroides merdae,ERR1075057
1264,species,3.05245,Ruminococcus albus,ERR1075057
28116,species,2.67514,Bacteroides ovatus,ERR1075057
46506,species,2.0293,Bacteroides stercoris,ERR1075057
39485,species,1.49903,[Eubacterium] eligens,ERR1075057
69825,species,1.13872,[Clostridium] indolis,ERR1075057
40520,species,1.08093,Blautia obeum,ERR1075057
28117,species,0.989157,Alistipes putredinis,ERR1075057
84030,species,0.965363,[Clostridium] saccharolyticum,ERR1075057
1161942,species,0.914375,Ruminococcus champanellensis,ERR1075057
818,species,0.846392,Bacteroides thetaiotaomicron,ERR1075057
39497,species,0.683232,Eubacterium xylanophilum,ERR1075057
536633,species,0.679833,Blautia glucerasea,ERR1075057
821,species,0.598253,Bacteroides vulgatus,ERR1075057
246787,species,0.557463,Bacteroides cellulosilyticus,ERR1075057
29348,species,0.520072,[Clostridium] spiroforme,ERR1075057
351091,species,0.458887,Oscillibacter valericigenes,ERR1075057
328814,species,0.441891,Alistipes shahii,ERR1075057
35833,species,0.4045,Bilophila wadsworthia,ERR1075057
1535,species,0.4045,[Clostridium] leptum,ERR1075057
397865,species,0.390904,Barnesiella viscericola,ERR1075057
39496,species,0.387505,Eubacterium ventriosum,ERR1075057
208479,species,0.370509,[Clostridium] bolteae,ERR1075057
39484,species,0.363711,Eubacterium desmolans,ERR1075057
28118,species,0.343316,Odoribacter splanchnicus,ERR1075057
166486,species,0.336517,Roseburia intestinalis,ERR1075057
47678,species,0.299126,Bacteroides caccae,ERR1075057
169435,species,0.271933,Anaerotruncus colihominis,ERR1075057
437898,species,0.265135,Sutterella parvirubra,ERR1075057
395922,species,0.241341,Coraliomargarita akajimensis,ERR1075057
29370,species,0.234542,[Clostridium] sphenoides,ERR1075057
1465754,species,0.234542,Alistipes timonensis,ERR1075057
502558,species,0.214147,Eggerthella sp. YY7918,ERR1075057
1515,species,0.207349,Ruminiclostridium thermocellum,ERR1075057
44749,species,0.200551,Sporobacter termitidis,ERR1075057
33035,species,0.180156,Blautia producta,ERR1075057
626932,species,0.176757,Alistipes indistinctus,ERR1075057
626930,species,0.169958,Bacteroides fluxus,ERR1075057
823,species,0.152962,Parabacteroides distasonis,ERR1075057
84032,species,0.142765,[Clostridium] thermosuccinogenes,ERR1075057
1755629,species,0.125769,Victivallis sp. MC_44,ERR1075057
1532,species,0.101975,Blautia coccoides,ERR1075057
36847,species,0.0985757,[Clostridium] neopropionicum,ERR1075057
626931,species,0.0849791,Bacteroides oleiciplenus,ERR1075057
46228,species,0.0849791,Ruminococcus lactaris,ERR1075057
29375,species,0.0781808,[Clostridium] xylanolyticum,ERR1075057
61171,species,0.0781808,Holdemania filiformis,ERR1075057
39490,species,0.0781808,Eubacterium ramulus,ERR1075057
204516,species,0.0747816,Bacteroides massiliensis,ERR1075057
328812,species,0.0713824,Parabacteroides goldsteinii,ERR1075057
357276,species,0.0713824,Bacteroides dorei,ERR1075057
39486,species,0.0713824,Dorea formicigenerans,ERR1075057
1358,species,0.0679833,Lactococcus lactis,ERR1075057
40518,species,0.0679833,Ruminococcus bromii,ERR1075057
28446,species,0.0679833,[Clostridium] propionicum,ERR1075057
329854,species,0.0577858,Bacteroides intestinalis,ERR1075057
288965,species,0.0577858,[Clostridium] clariflavum,ERR1075057
143393,species,0.0509875,[Eubacterium] sulci,ERR1075057
371601,species,0.0475883,Bacteroides xylanisolvens,ERR1075057
84022,species,0.0475883,Clostridium aceticum,ERR1075057
1512,species,0.0475883,[Clostridium] symbiosum,ERR1075057
847,species,0.0441891,Oxalobacter formigenes,ERR1075057
261299,species,0.04079,Intestinibacter bartlettii,ERR1075057
115979,species,0.04079,Bacillus nealsonii,ERR1075057
645466,species,0.04079,Anaerostipes butyraticus,ERR1075057
1265,species,0.0373908,Ruminococcus flavefaciens,ERR1075057
871324,species,0.0373908,Bacteroides stercorirosoris,ERR1075057
105841,species,0.0373908,Anaerostipes caccae,ERR1075057
39491,species,0.0339916,[Eubacterium] rectale,ERR1075057
358742,species,0.0339916,[Clostridium] aldenense,ERR1075057
35517,species,0.0305925,[Eubacterium] brachy,ERR1075057
33043,species,0.0305925,Coprococcus eutactus,ERR1075057
650643,species,0.0271933,Alistipes sp. RMA 9912,ERR1075057
29354,species,0.0271933,[Clostridium] celerecrescens,ERR1075057
341225,species,0.0271933,[Clostridium] saccharogumia,ERR1075057
165179,species,0.0237941,Prevotella copri,ERR1075057
1671366,species,0.0237941,Ruminococcus sp. DSM 100440,ERR1075057
2173,species,0.0237941,Methanobrevibacter smithii,ERR1075057
270498,species,0.020395,Catabacter hongkongensis,ERR1075057
338188,species,0.020395,Bacteroides finegoldii,ERR1075057
76517,species,0.020395,Campylobacter hominis,ERR1075057
35785,species,0.020395,Clostridium maximum,ERR1075057
29355,species,0.020395,[Clostridium] cellobioparum,ERR1075057
28119,species,0.0169958,Bacteroides zoogleoformans,ERR1075057
907,species,0.0169958,Megasphaera elsdenii,ERR1075057
151276,species,0.0169958,Bacteroides coprosuis,ERR1075057
1495,species,0.0169958,Clostridium cylindrosporum,ERR1075057
1308,species,0.0169958,Streptococcus thermophilus,ERR1075057
28127,species,0.0169958,Prevotella buccalis,ERR1075057
1755607,species,0.0169958,Bacteroides sp. MC_16,ERR1075057
167964,species,0.0135967,Anaerolinea thermophila,ERR1075057
552810,species,0.0135967,Dehalogenimonas lykanthroporepellens,ERR1075057
214856,species,0.0135967,Alistipes finegoldii,ERR1075057
97253,species,0.0135967,Eubacterium plexicaudatum,ERR1075057
839,species,0.0135967,Prevotella ruminicola,ERR1075057
291645,species,0.0135967,Bacteroides nordii,ERR1075057
376804,species,0.0135967,Bacteroides barnesiae,ERR1075057
33039,species,0.0135967,[Ruminococcus] torques,ERR1075057
84026,species,0.0135967,[Clostridium] methylpentosum,ERR1075057
33953,species,0.0135967,Clostridium aminobutyricum,ERR1075057
39778,species,0.0135967,Veillonella dispar,ERR1075057
166501,species,0.0135967,Thermobaculum terrenum,ERR1075057
817,species,0.0135967,Bacteroides fragilis,ERR1075057
53443,species,0.0101975,Blautia hydrogenotrophica,ERR1075057
1559,species,0.0101975,Clostridium tertium,ERR1075057
1121830,species,0.0101975,Fodinicurvata fenggangensis,ERR1075057
964,species,0.0101975,Herbaspirillum seropedicae,ERR1075057
294,species,0.0101975,Pseudomonas fluorescens,ERR1075057
1168034,species,0.0101975,Draconibacterium orientale,ERR1075057
310297,species,0.0101975,Bacteroides plebeius,ERR1075057
28128,species,0.0101975,Prevotella corporis,ERR1075057
732242,species,0.0101975,Bacteroides paurosaccharolyticus,ERR1075057
40519,species,0.0101975,Ruminococcus callidus,ERR1075057
61435,species,0.0101975,Dehalococcoides mccartyi,ERR1075057
387661,species,0.0101975,Parabacteroides johnsonii,ERR1075057
33038,species,0.0101975,[Ruminococcus] gnavus,ERR1075057
39488,species,0.0101975,[Eubacterium] hallii,ERR1075057
39492,species,0.00679833,[Eubacterium] siraeum,ERR1075057
356829,species,0.00679833,Bifidobacterium tsurumiense,ERR1075057
884684,species,0.00679833,Mageeibacillus indolicus,ERR1075057
1563,species,0.00679833,Desulfosporosinus orientis,ERR1075057
487175,species,0.00679833,Parasutterella excrementihominis,ERR1075057
1280,species,0.00679833,Staphylococcus aureus,ERR1075057
43675,species,0.00679833,Rothia mucilaginosa,ERR1075057
45254,species,0.00679833,Dysgonomonas capnocytophagoides,ERR1075057
1611423,species,0.00679833,Flavobacterium sp. DSM 9626,ERR1075057
1510,species,0.00679833,[Clostridium] stercorarium,ERR1075057
1404,species,0.00679833,Bacillus megaterium,ERR1075057
471189,species,0.00679833,Gordonibacter pamelaeae,ERR1075057
100884,species,0.00679833,Coprobacillus cateniformis,ERR1075057
376806,species,0.00679833,Bacteroides gallinarum,ERR1075057
589436,species,0.00679833,Prevotella fusca,ERR1075057
671267,species,0.00679833,Bacteroides sartorii,ERR1075057
626937,species,0.00679833,Christensenella minuta,ERR1075057
547188,species,0.00679833,Phycisphaera mikurensis,ERR1075057
290055,species,0.00679833,[Eubacterium] fissicatena,ERR1075057
1133319,species,0.00679833,Bacteroides reticulotermitis,ERR1075057
36745,species,0.00679833,Clostridium saccharoperbutylacetonicum,ERR1075057
44742,species,0.00679833,Desulfovibrio fairfieldensis,ERR1075057
58134,species,0.00679833,[Desulfotomaculum] guttoideum,ERR1075057
290053,species,0.00679833,Bacteroides helcogenes,ERR1075057
392838,species,0.00679833,Bacteroides propionicifaciens,ERR1075057
574930,species,0.00679833,Parabacteroides gordonii,ERR1075057
89153,species,0.00679833,[Clostridium] hylemonae,ERR1075057
180164,species,0.00339916,Blautia schinkii,ERR1075057
43997,species,0.00339916,Catonella morbi,ERR1075057
87541,species,0.00339916,Aerococcus christensenii,ERR1075057
232270,species,0.00339916,Effusibacillus pohliae,ERR1075057
43131,species,0.00339916,Tissierella praeacuta,ERR1075057
185300,species,0.00339916,Paludibacter propionicigenes,ERR1075057
47500,species,0.00339916,Aneurinibacillus migulanus,ERR1075057
729,species,0.00339916,Haemophilus parainfluenzae,ERR1075057
82688,species,0.00339916,Lactobacillus nagelii,ERR1075057
29524,species,0.00339916,Porphyromonas circumdentaria,ERR1075057
216816,species,0.00339916,Bifidobacterium longum,ERR1075057
1346286,species,0.00339916,Dysgonomonas macrotermitis,ERR1075057
691816,species,0.00339916,Bacteroides rodentium,ERR1075057
1411316,species,0.00339916,Pedobacter sp.,ERR1075057
52769,species,0.00339916,Actinomyces gerencseriae,ERR1075057
1273132,species,0.00339916,Liberibacter crescens,ERR1075057
114702,species,0.00339916,Actinomyces lingnae,ERR1075057
1350067,species,0.00339916,Microbacter margulisiae,ERR1075057
1311,species,0.00339916,Streptococcus agalactiae,ERR1075057
1827099,species,0.00339916,Peptoniphilus sp. JCM 8141,ERR1075057
2699,species,0.00339916,Heliobacterium gestii,ERR1075057
363277,species,0.00339916,Ktedonobacter racemifer,ERR1075057
1085,species,0.00339916,Rhodospirillum rubrum,ERR1075057
28901,species,0.00339916,Salmonella enterica,ERR1075057
510947,species,0.00339916,Lacibacter cauensis,ERR1075057
1496,species,0.00339916,Clostridioides difficile,ERR1075057
850,species,0.00339916,Fusobacterium mortiferum,ERR1075057
41976,species,0.00339916,Porphyromonas catoniae,ERR1075057
1211639,species,0.00339916,Laceyella sp. CCTCC AB 2012157,ERR1075057
882141,species,0.00339916,Bacillus sp. IHB B 2296,ERR1075057
1502,species,0.00339916,Clostridium perfringens,ERR1075057
39489,species,0.00339916,Clostridium moniliforme,ERR1075057
1282,species,0.00339916,Staphylococcus epidermidis,ERR1075057
871327,species,0.00339916,Parabacteroides chinchillae,ERR1075057
29394,species,0.00339916,Dolosigranulum pigrum,ERR1075057
384638,species,0.00339916,[Bacteroides] pectinophilus,ERR1075057
267818,species,0.00339916,Lactobacillus kefiranofaciens,ERR1075057
76832,species,0.00339916,Myroides odoratimimus,ERR1075057
29372,species,0.00339916,Clostridium thermobutyricum,ERR1075057
44253,species,0.00339916,Paenibacillus validus,ERR1075057
65552,species,0.00339916,Meiothermus cerbereus,ERR1075057
415,species,0.00339916,Methylobacter luteus,ERR1075057
1566358,species,0.00339916,Paenibacillus sp. IHBB 10380,ERR1075057
1590,species,0.00339916,Lactobacillus plantarum,ERR1075057
310298,species,0.00339916,Bacteroides coprocola,ERR1075057
40214,species,0.00339916,Acinetobacter johnsonii,ERR1075057
410072,species,0.00339916,Coprococcus comes,ERR1075057
1405,species,0.00339916,Bacillus mycoides,ERR1075057
1042156,species,0.00339916,Clostridium sp. SY8519,ERR1075057
480931,species,0.00339916,Lactobacillus capillatus,ERR1075057
314319,species,0.00339916,Prolixibacter bellariivorans,ERR1075057
199,species,0.00339916,Campylobacter concisus,ERR1075057
1303,species,0.00339916,Streptococcus oralis,ERR1075057
61,species,0.00339916,Vitreoscilla stercoraria,ERR1075057
52787,species,0.00339916,Anaerofilum pentosovorans,ERR1075057
148813,species,0.00339916,Sulfuricurvum kujiense,ERR1075057
1113693,species,0.00339916,Flammeovirga sp. NBRC 100897,ERR1075057
1497,species,0.00339916,Clostridium formicaceticum,ERR1075057
1177728,species,0.00339916,Varibaculum sp. CCUG 31793,ERR1075057
102134,species,0.00339916,Desulfotomaculum gibsoniae,ERR1075057
184870,species,0.00339916,Varibaculum cambriense,ERR1075057
454155,species,0.00339916,Paraprevotella xylaniphila,ERR1075057
1527,species,0.00339916,Anaerocolumna aminovalerica,ERR1075057
216778,species,0.00339916,Stenotrophomonas rhizophila,ERR1075057
591197,species,0.00339916,Ignavibacterium album,ERR1075057
349931,species,0.00339916,Clostridium cavendishii,ERR1075057
84112,species,0.00339916,Eggerthella lenta,ERR1075057
217070,species,0.00339916,Stella vacuolata,ERR1075057
36835,species,0.00339916,[Clostridium] colinum,ERR1075057
29360,species,0.00339916,Cellulosilyticum lentocellum,ERR1075057
187145,species,0.00339916,Caldithrix abyssi,ERR1075057
45657,species,0.00339916,Desulfonema ishimotonii,ERR1075057
45851,species,0.00339916,Butyrivibrio crossotus,ERR1075057
1648,species,0.00339916,Erysipelothrix rhusiopathiae,ERR1075057
43767,species,0.00339916,Rhodococcus equi,ERR1075057
29356,species,0.00339916,Clostridium chartatabidum,ERR1075057
86664,species,0.00339916,Bacillus flexus,ERR1075057
100176,species,0.00339916,Papillibacter cinnamivorans,ERR1075057
851,species,0.00339916,Fusobacterium nucleatum,ERR1075057
156974,species,0.00339916,Dysgonomonas gadei,ERR1075057
189722,species,0.00339916,Prevotella marshii,ERR1075057
29389,species,0.00339916,Streptococcus alactolyticus,ERR1075057
88431,species,0.00339916,Dorea longicatena,ERR1075057
2736,species,0.00339916,Verrucomicrobium spinosum,ERR1075057
47880,species,0.00339916,Pseudomonas fulva,ERR1075057
70775,species,0.00339916,Pseudomonas plecoglossicida,ERR1075057
84031,species,0.00339916,Clostridium sartagoforme,ERR1075057
310300,species,0.00339916,Bacteroides pyogenes,ERR1075057
1246,species,0.00339916,Leuconostoc lactis,ERR1075057
53635,species,0.00339916,Acidimicrobium ferrooxidans,ERR1075057
47246,species,0.00339916,[Clostridium] viride,ERR1075057
587753,species,0.00339916,Pseudomonas chlororaphis,ERR1075057
1488,species,0.00339916,Clostridium acetobutylicum,ERR1075057
316068,species,0.00339916,Leadbetterella byssophila,ERR1075057
118748,species,0.00339916,Bulleidia extructa,ERR1075057
39482,species,0.00339916,[Eubacterium] contortum,ERR1075057
1547,species,0.00339916,Erysipelatoclostridium ramosum,ERR1075057
-1,species,24.3992,Unknown,ERR1075057
1755626,species,13.2737,Faecalibacterium sp. MC_41,ERR1075057
301301,species,6.43462,Roseburia hominis,ERR1075057
328813,species,5.86016,Alistipes onderdonkii,ERR1075057
28111,species,5.25511,Bacteroides eggerthii,ERR1075057
820,species,4.83021,Bacteroides uniformis,ERR1075057
239935,species,4.08579,Akkermansia muciniphila,ERR1075057
218538,species,3.86485,Dialister invisus,ERR1075057
46503,species,3.72548,Parabacteroides merdae,ERR1075057
1264,species,3.05245,Ruminococcus albus,ERR1075057
28116,species,2.67514,Bacteroides ovatus,ERR1075057
46506,species,2.0293,Bacteroides stercoris,ERR1075057
39485,species,1.49903,[Eubacterium] eligens,ERR1075057
69825,species,1.13872,[Clostridium] indolis,ERR1075057
40520,species,1.08093,Blautia obeum,ERR1075057
28117,species,0.989157,Alistipes putredinis,ERR1075057
84030,species,0.965363,[Clostridium] saccharolyticum,ERR1075057
1161942,species,0.914375,Ruminococcus champanellensis,ERR1075057
818,species,0.846392,Bacteroides thetaiotaomicron,ERR1075057
39497,species,0.683232,Eubacterium xylanophilum,ERR1075057
536633,species,0.679833,Blautia glucerasea,ERR1075057
821,species,0.598253,Bacteroides vulgatus,ERR1075057
246787,species,0.557463,Bacteroides cellulosilyticus,ERR1075057
29348,species,0.520072,[Clostridium] spiroforme,ERR1075057
351091,species,0.458887,Oscillibacter valericigenes,ERR1075057
328814,species,0.441891,Alistipes shahii,ERR1075057
1535,species,0.4045,[Clostridium] leptum,ERR1075057
35833,species,0.4045,Bilophila wadsworthia,ERR1075057
397865,species,0.390904,Barnesiella viscericola,ERR1075057
39496,species,0.387505,Eubacterium ventriosum,ERR1075057
208479,species,0.370509,[Clostridium] bolteae,ERR1075057
39484,species,0.363711,Eubacterium desmolans,ERR1075057
28118,species,0.343316,Odoribacter splanchnicus,ERR1075057
166486,species,0.336517,Roseburia intestinalis,ERR1075057
47678,species,0.299126,Bacteroides caccae,ERR1075057
169435,species,0.271933,Anaerotruncus colihominis,ERR1075057
437898,species,0.265135,Sutterella parvirubra,ERR1075057
395922,species,0.241341,Coraliomargarita akajimensis,ERR1075057
1465754,species,0.234542,Alistipes timonensis,ERR1075057
29370,species,0.234542,[Clostridium] sphenoides,ERR1075057
502558,species,0.214147,Eggerthella sp. YY7918,ERR1075057
1515,species,0.207349,Ruminiclostridium thermocellum,ERR1075057
44749,species,0.200551,Sporobacter termitidis,ERR1075057
33035,species,0.180156,Blautia producta,ERR1075057
626932,species,0.176757,Alistipes indistinctus,ERR1075057
626930,species,0.169958,Bacteroides fluxus,ERR1075057
823,species,0.152962,Parabacteroides distasonis,ERR1075057
84032,species,0.142765,[Clostridium] thermosuccinogenes,ERR1075057
1755629,species,0.125769,Victivallis sp. MC_44,ERR1075057
1532,species,0.101975,Blautia coccoides,ERR1075057
36847,species,0.0985757,[Clostridium] neopropionicum,ERR1075057
626931,species,0.0849791,Bacteroides oleiciplenus,ERR1075057
46228,species,0.0849791,Ruminococcus lactaris,ERR1075057
61171,species,0.0781808,Holdemania filiformis,ERR1075057
29375,species,0.0781808,[Clostridium] xylanolyticum,ERR1075057
39490,species,0.0781808,Eubacterium ramulus,ERR1075057
204516,species,0.0747816,Bacteroides massiliensis,ERR1075057
328812,species,0.0713824,Parabacteroides goldsteinii,ERR1075057
357276,species,0.0713824,Bacteroides dorei,ERR1075057
39486,species,0.0713824,Dorea formicigenerans,ERR1075057
1358,species,0.0679833,Lactococcus lactis,ERR1075057
40518,species,0.0679833,Ruminococcus bromii,ERR1075057
28446,species,0.0679833,[Clostridium] propionicum,ERR1075057
329854,species,0.0577858,Bacteroides intestinalis,ERR1075057
288965,species,0.0577858,[Clostridium] clariflavum,ERR1075057
143393,species,0.0509875,[Eubacterium] sulci,ERR1075057
84022,species,0.0475883,Clostridium aceticum,ERR1075057
1512,species,0.0475883,[Clostridium] symbiosum,ERR1075057
371601,species,0.0475883,Bacteroides xylanisolvens,ERR1075057
847,species,0.0441891,Oxalobacter formigenes,ERR1075057
645466,species,0.04079,Anaerostipes butyraticus,ERR1075057
261299,species,0.04079,Intestinibacter bartlettii,ERR1075057
115979,species,0.04079,Bacillus nealsonii,ERR1075057
105841,species,0.0373908,Anaerostipes caccae,ERR1075057
1265,species,0.0373908,Ruminococcus flavefaciens,ERR1075057
871324,species,0.0373908,Bacteroides stercorirosoris,ERR1075057
358742,species,0.0339916,[Clostridium] aldenense,ERR1075057
39491,species,0.0339916,[Eubacterium] rectale,ERR1075057
35517,species,0.0305925,[Eubacterium] brachy,ERR1075057
33043,species,0.0305925,Coprococcus eutactus,ERR1075057
650643,species,0.0271933,Alistipes sp. RMA 9912,ERR1075057
341225,species,0.0271933,[Clostridium] saccharogumia,ERR1075057
29354,species,0.0271933,[Clostridium] celerecrescens,ERR1075057
165179,species,0.0237941,Prevotella copri,ERR1075057
2173,species,0.0237941,Methanobrevibacter smithii,ERR1075057
1671366,species,0.0237941,Ruminococcus sp. DSM 100440,ERR1075057
270498,species,0.020395,Catabacter hongkongensis,ERR1075057
76517,species,0.020395,Campylobacter hominis,ERR1075057
338188,species,0.020395,Bacteroides finegoldii,ERR1075057
35785,species,0.020395,Clostridium maximum,ERR1075057
29355,species,0.020395,[Clostridium] cellobioparum,ERR1075057
1755607,species,0.0169958,Bacteroides sp. MC_16,ERR1075057
28119,species,0.0169958,Bacteroides zoogleoformans,ERR1075057
907,species,0.0169958,Megasphaera elsdenii,ERR1075057
151276,species,0.0169958,Bacteroides coprosuis,ERR1075057
1495,species,0.0169958,Clostridium cylindrosporum,ERR1075057
1308,species,0.0169958,Streptococcus thermophilus,ERR1075057
28127,species,0.0169958,Prevotella buccalis,ERR1075057
39778,species,0.0135967,Veillonella dispar,ERR1075057
84026,species,0.0135967,[Clostridium] methylpentosum,ERR1075057
33953,species,0.0135967,Clostridium aminobutyricum,ERR1075057
817,species,0.0135967,Bacteroides fragilis,ERR1075057
166501,species,0.0135967,Thermobaculum terrenum,ERR1075057
167964,species,0.0135967,Anaerolinea thermophila,ERR1075057
97253,species,0.0135967,Eubacterium plexicaudatum,ERR1075057
839,species,0.0135967,Prevotella ruminicola,ERR1075057
552810,species,0.0135967,Dehalogenimonas lykanthroporepellens,ERR1075057
214856,species,0.0135967,Alistipes finegoldii,ERR1075057
291645,species,0.0135967,Bacteroides nordii,ERR1075057
376804,species,0.0135967,Bacteroides barnesiae,ERR1075057
33039,species,0.0135967,[Ruminococcus] torques,ERR1075057
732242,species,0.0101975,Bacteroides paurosaccharolyticus,ERR1075057
40519,species,0.0101975,Ruminococcus callidus,ERR1075057
61435,species,0.0101975,Dehalococcoides mccartyi,ERR1075057
387661,species,0.0101975,Parabacteroides johnsonii,ERR1075057
33038,species,0.0101975,[Ruminococcus] gnavus,ERR1075057
39488,species,0.0101975,[Eubacterium] hallii,ERR1075057
53443,species,0.0101975,Blautia hydrogenotrophica,ERR1075057
1559,species,0.0101975,Clostridium tertium,ERR1075057
1121830,species,0.0101975,Fodinicurvata fenggangensis,ERR1075057
964,species,0.0101975,Herbaspirillum seropedicae,ERR1075057
294,species,0.0101975,Pseudomonas fluorescens,ERR1075057
1168034,species,0.0101975,Draconibacterium orientale,ERR1075057
310297,species,0.0101975,Bacteroides plebeius,ERR1075057
28128,species,0.0101975,Prevotella corporis,ERR1075057
626937,species,0.00679833,Christensenella minuta,ERR1075057
671267,species,0.00679833,Bacteroides sartorii,ERR1075057
547188,species,0.00679833,Phycisphaera mikurensis,ERR1075057
290055,species,0.00679833,[Eubacterium] fissicatena,ERR1075057
36745,species,0.00679833,Clostridium saccharoperbutylacetonicum,ERR1075057
1133319,species,0.00679833,Bacteroides reticulotermitis,ERR1075057
58134,species,0.00679833,[Desulfotomaculum] guttoideum,ERR1075057
290053,species,0.00679833,Bacteroides helcogenes,ERR1075057
392838,species,0.00679833,Bacteroides propionicifaciens,ERR1075057
44742,species,0.00679833,Desulfovibrio fairfieldensis,ERR1075057
574930,species,0.00679833,Parabacteroides gordonii,ERR1075057
89153,species,0.00679833,[Clostridium] hylemonae,ERR1075057
884684,species,0.00679833,Mageeibacillus indolicus,ERR1075057
1563,species,0.00679833,Desulfosporosinus orientis,ERR1075057
39492,species,0.00679833,[Eubacterium] siraeum,ERR1075057
356829,species,0.00679833,Bifidobacterium tsurumiense,ERR1075057
487175,species,0.00679833,Parasutterella excrementihominis,ERR1075057
1280,species,0.00679833,Staphylococcus aureus,ERR1075057
43675,species,0.00679833,Rothia mucilaginosa,ERR1075057
45254,species,0.00679833,Dysgonomonas capnocytophagoides,ERR1075057
1611423,species,0.00679833,Flavobacterium sp. DSM 9626,ERR1075057
1404,species,0.00679833,Bacillus megaterium,ERR1075057
1510,species,0.00679833,[Clostridium] stercorarium,ERR1075057
471189,species,0.00679833,Gordonibacter pamelaeae,ERR1075057
376806,species,0.00679833,Bacteroides gallinarum,ERR1075057
100884,species,0.00679833,Coprobacillus cateniformis,ERR1075057
589436,species,0.00679833,Prevotella fusca,ERR1075057
1177728,species,0.00339916,Varibaculum sp. CCUG 31793,ERR1075057
102134,species,0.00339916,Desulfotomaculum gibsoniae,ERR1075057
184870,species,0.00339916,Varibaculum cambriense,ERR1075057
454155,species,0.00339916,Paraprevotella xylaniphila,ERR1075057
84112,species,0.00339916,Eggerthella lenta,ERR1075057
217070,species,0.00339916,Stella vacuolata,ERR1075057
1527,species,0.00339916,Anaerocolumna aminovalerica,ERR1075057
216778,species,0.00339916,Stenotrophomonas rhizophila,ERR1075057
591197,species,0.00339916,Ignavibacterium album,ERR1075057
349931,species,0.00339916,Clostridium cavendishii,ERR1075057
45657,species,0.00339916,Desulfonema ishimotonii,ERR1075057
36835,species,0.00339916,[Clostridium] colinum,ERR1075057
29360,species,0.00339916,Cellulosilyticum lentocellum,ERR1075057
187145,species,0.00339916,Caldithrix abyssi,ERR1075057
45851,species,0.00339916,Butyrivibrio crossotus,ERR1075057
1648,species,0.00339916,Erysipelothrix rhusiopathiae,ERR1075057
43767,species,0.00339916,Rhodococcus equi,ERR1075057
29356,species,0.00339916,Clostridium chartatabidum,ERR1075057
88431,species,0.00339916,Dorea longicatena,ERR1075057
2736,species,0.00339916,Verrucomicrobium spinosum,ERR1075057
86664,species,0.00339916,Bacillus flexus,ERR1075057
100176,species,0.00339916,Papillibacter cinnamivorans,ERR1075057
851,species,0.00339916,Fusobacterium nucleatum,ERR1075057
156974,species,0.00339916,Dysgonomonas gadei,ERR1075057
189722,species,0.00339916,Prevotella marshii,ERR1075057
29389,species,0.00339916,Streptococcus alactolyticus,ERR1075057
53635,species,0.00339916,Acidimicrobium ferrooxidans,ERR1075057
47880,species,0.00339916,Pseudomonas fulva,ERR1075057
70775,species,0.00339916,Pseudomonas plecoglossicida,ERR1075057
84031,species,0.00339916,Clostridium sartagoforme,ERR1075057
310300,species,0.00339916,Bacteroides pyogenes,ERR1075057
1246,species,0.00339916,Leuconostoc lactis,ERR1075057
1547,species,0.00339916,Erysipelatoclostridium ramosum,ERR1075057
47246,species,0.00339916,[Clostridium] viride,ERR1075057
587753,species,0.00339916,Pseudomonas chlororaphis,ERR1075057
1488,species,0.00339916,Clostridium acetobutylicum,ERR1075057
316068,species,0.00339916,Leadbetterella byssophila,ERR1075057
118748,species,0.00339916,Bulleidia extructa,ERR1075057
39482,species,0.00339916,[Eubacterium] contortum,ERR1075057
180164,species,0.00339916,Blautia schinkii,ERR1075057
43997,species,0.00339916,Catonella morbi,ERR1075057
87541,species,0.00339916,Aerococcus christensenii,ERR1075057
232270,species,0.00339916,Effusibacillus pohliae,ERR1075057
43131,species,0.00339916,Tissierella praeacuta,ERR1075057
185300,species,0.00339916,Paludibacter propionicigenes,ERR1075057
1411316,species,0.00339916,Pedobacter sp.,ERR1075057
52769,species,0.00339916,Actinomyces gerencseriae,ERR1075057
1273132,species,0.00339916,Liberibacter crescens,ERR1075057
47500,species,0.00339916,Aneurinibacillus migulanus,ERR1075057
729,species,0.00339916,Haemophilus parainfluenzae,ERR1075057
82688,species,0.00339916,Lactobacillus nagelii,ERR1075057
29524,species,0.00339916,Porphyromonas circumdentaria,ERR1075057
216816,species,0.00339916,Bifidobacterium longum,ERR1075057
1346286,species,0.00339916,Dysgonomonas macrotermitis,ERR1075057
691816,species,0.00339916,Bacteroides rodentium,ERR1075057
1827099,species,0.00339916,Peptoniphilus sp. JCM 8141,ERR1075057
2699,species,0.00339916,Heliobacterium gestii,ERR1075057
363277,species,0.00339916,Ktedonobacter racemifer,ERR1075057
114702,species,0.00339916,Actinomyces lingnae,ERR1075057
1350067,species,0.00339916,Microbacter margulisiae,ERR1075057
1311,species,0.00339916,Streptococcus agalactiae,ERR1075057
1496,species,0.00339916,Clostridioides difficile,ERR1075057
1085,species,0.00339916,Rhodospirillum rubrum,ERR1075057
28901,species,0.00339916,Salmonella enterica,ERR1075057
510947,species,0.00339916,Lacibacter cauensis,ERR1075057
850,species,0.00339916,Fusobacterium mortiferum,ERR1075057
41976,species,0.00339916,Porphyromonas catoniae,ERR1075057
1211639,species,0.00339916,Laceyella sp. CCTCC AB 2012157,ERR1075057
882141,species,0.00339916,Bacillus sp. IHB B 2296,ERR1075057
1502,species,0.00339916,Clostridium perfringens,ERR1075057
39489,species,0.00339916,Clostridium moniliforme,ERR1075057
29372,species,0.00339916,Clostridium thermobutyricum,ERR1075057
44253,species,0.00339916,Paenibacillus validus,ERR1075057
65552,species,0.00339916,Meiothermus cerbereus,ERR1075057
1282,species,0.00339916,Staphylococcus epidermidis,ERR1075057
871327,species,0.00339916,Parabacteroides chinchillae,ERR1075057
29394,species,0.00339916,Dolosigranulum pigrum,ERR1075057
384638,species,0.00339916,[Bacteroides] pectinophilus,ERR1075057
267818,species,0.00339916,Lactobacillus kefiranofaciens,ERR1075057
76832,species,0.00339916,Myroides odoratimimus,ERR1075057
40214,species,0.00339916,Acinetobacter johnsonii,ERR1075057
415,species,0.00339916,Methylobacter luteus,ERR1075057
1566358,species,0.00339916,Paenibacillus sp. IHBB 10380,ERR1075057
1590,species,0.00339916,Lactobacillus plantarum,ERR1075057
310298,species,0.00339916,Bacteroides coprocola,ERR1075057
1042156,species,0.00339916,Clostridium sp. SY8519,ERR1075057
480931,species,0.00339916,Lactobacillus capillatus,ERR1075057
314319,species,0.00339916,Prolixibacter bellariivorans,ERR1075057
410072,species,0.00339916,Coprococcus comes,ERR1075057
1405,species,0.00339916,Bacillus mycoides,ERR1075057
52787,species,0.00339916,Anaerofilum pentosovorans,ERR1075057
148813,species,0.00339916,Sulfuricurvum kujiense,ERR1075057
1113693,species,0.00339916,Flammeovirga sp. NBRC 100897,ERR1075057
1497,species,0.00339916,Clostridium formicaceticum,ERR1075057
199,species,0.00339916,Campylobacter concisus,ERR1075057
1303,species,0.00339916,Streptococcus oralis,ERR1075057
61,species,0.00339916,Vitreoscilla stercoraria,ERR1075057
-1,species,24.3992,Unknown,ERR1075057
1755626,species,13.2737,Faecalibacterium sp. MC_41,ERR1075057
301301,species,6.43462,Roseburia hominis,ERR1075057
328813,species,5.86016,Alistipes onderdonkii,ERR1075057
28111,species,5.25511,Bacteroides eggerthii,ERR1075057
820,species,4.83021,Bacteroides uniformis,ERR1075057
239935,species,4.08579,Akkermansia muciniphila,ERR1075057
218538,species,3.86485,Dialister invisus,ERR1075057
46503,species,3.72548,Parabacteroides merdae,ERR1075057
1264,species,3.05245,Ruminococcus albus,ERR1075057
28116,species,2.67514,Bacteroides ovatus,ERR1075057
46506,species,2.0293,Bacteroides stercoris,ERR1075057
39485,species,1.49903,[Eubacterium] eligens,ERR1075057
69825,species,1.13872,[Clostridium] indolis,ERR1075057
40520,species,1.08093,Blautia obeum,ERR1075057
28117,species,0.989157,Alistipes putredinis,ERR1075057
84030,species,0.965363,[Clostridium] saccharolyticum,ERR1075057
1161942,species,0.914375,Ruminococcus champanellensis,ERR1075057
818,species,0.846392,Bacteroides thetaiotaomicron,ERR1075057
39497,species,0.683232,Eubacterium xylanophilum,ERR1075057
536633,species,0.679833,Blautia glucerasea,ERR1075057
821,species,0.598253,Bacteroides vulgatus,ERR1075057
246787,species,0.557463,Bacteroides cellulosilyticus,ERR1075057
29348,species,0.520072,[Clostridium] spiroforme,ERR1075057
351091,species,0.458887,Oscillibacter valericigenes,ERR1075057
328814,species,0.441891,Alistipes shahii,ERR1075057
35833,species,0.4045,Bilophila wadsworthia,ERR1075057
1535,species,0.4045,[Clostridium] leptum,ERR1075057
397865,species,0.390904,Barnesiella viscericola,ERR1075057
39496,species,0.387505,Eubacterium ventriosum,ERR1075057
208479,species,0.370509,[Clostridium] bolteae,ERR1075057
39484,species,0.363711,Eubacterium desmolans,ERR1075057
28118,species,0.343316,Odoribacter splanchnicus,ERR1075057
166486,species,0.336517,Roseburia intestinalis,ERR1075057
47678,species,0.299126,Bacteroides caccae,ERR1075057
169435,species,0.271933,Anaerotruncus colihominis,ERR1075057
437898,species,0.265135,Sutterella parvirubra,ERR1075057
395922,species,0.241341,Coraliomargarita akajimensis,ERR1075057
29370,species,0.234542,[Clostridium] sphenoides,ERR1075057
1465754,species,0.234542,Alistipes timonensis,ERR1075057
502558,species,0.214147,Eggerthella sp. YY7918,ERR1075057
1515,species,0.207349,Ruminiclostridium thermocellum,ERR1075057
44749,species,0.200551,Sporobacter termitidis,ERR1075057
33035,species,0.180156,Blautia producta,ERR1075057
626932,species,0.176757,Alistipes indistinctus,ERR1075057
626930,species,0.169958,Bacteroides fluxus,ERR1075057
823,species,0.152962,Parabacteroides distasonis,ERR1075057
84032,species,0.142765,[Clostridium] thermosuccinogenes,ERR1075057
1755629,species,0.125769,Victivallis sp. MC_44,ERR1075057
1532,species,0.101975,Blautia coccoides,ERR1075057
36847,species,0.0985757,[Clostridium] neopropionicum,ERR1075057
626931,species,0.0849791,Bacteroides oleiciplenus,ERR1075057
46228,species,0.0849791,Ruminococcus lactaris,ERR1075057
29375,species,0.0781808,[Clostridium] xylanolyticum,ERR1075057
61171,species,0.0781808,Holdemania filiformis,ERR1075057
39490,species,0.0781808,Eubacterium ramulus,ERR1075057
204516,species,0.0747816,Bacteroides massiliensis,ERR1075057
357276,species,0.0713824,Bacteroides dorei,ERR1075057
39486,species,0.0713824,Dorea formicigenerans,ERR1075057
328812,species,0.0713824,Parabacteroides goldsteinii,ERR1075057
1358,species,0.0679833,Lactococcus lactis,ERR1075057
40518,species,0.0679833,Ruminococcus bromii,ERR1075057
28446,species,0.0679833,[Clostridium] propionicum,ERR1075057
329854,species,0.0577858,Bacteroides intestinalis,ERR1075057
288965,species,0.0577858,[Clostridium] clariflavum,ERR1075057
143393,species,0.0509875,[Eubacterium] sulci,ERR1075057
84022,species,0.0475883,Clostridium aceticum,ERR1075057
1512,species,0.0475883,[Clostridium] symbiosum,ERR1075057
371601,species,0.0475883,Bacteroides xylanisolvens,ERR1075057
847,species,0.0441891,Oxalobacter formigenes,ERR1075057
115979,species,0.04079,Bacillus nealsonii,ERR1075057
645466,species,0.04079,Anaerostipes butyraticus,ERR1075057
261299,species,0.04079,Intestinibacter bartlettii,ERR1075057
1265,species,0.0373908,Ruminococcus flavefaciens,ERR1075057
871324,species,0.0373908,Bacteroides stercorirosoris,ERR1075057
105841,species,0.0373908,Anaerostipes caccae,ERR1075057
358742,species,0.0339916,[Clostridium] aldenense,ERR1075057
39491,species,0.0339916,[Eubacterium] rectale,ERR1075057
35517,species,0.0305925,[Eubacterium] brachy,ERR1075057
33043,species,0.0305925,Coprococcus eutactus,ERR1075057
650643,species,0.0271933,Alistipes sp. RMA 9912,ERR1075057
29354,species,0.0271933,[Clostridium] celerecrescens,ERR1075057
341225,species,0.0271933,[Clostridium] saccharogumia,ERR1075057
165179,species,0.0237941,Prevotella copri,ERR1075057
1671366,species,0.0237941,Ruminococcus sp. DSM 100440,ERR1075057
2173,species,0.0237941,Methanobrevibacter smithii,ERR1075057
338188,species,0.020395,Bacteroides finegoldii,ERR1075057
76517,species,0.020395,Campylobacter hominis,ERR1075057
35785,species,0.020395,Clostridium maximum,ERR1075057
29355,species,0.020395,[Clostridium] cellobioparum,ERR1075057
270498,species,0.020395,Catabacter hongkongensis,ERR1075057
907,species,0.0169958,Megasphaera elsdenii,ERR1075057
151276,species,0.0169958,Bacteroides coprosuis,ERR1075057
1495,species,0.0169958,Clostridium cylindrosporum,ERR1075057
1308,species,0.0169958,Streptococcus thermophilus,ERR1075057
28127,species,0.0169958,Prevotella buccalis,ERR1075057
1755607,species,0.0169958,Bacteroides sp. MC_16,ERR1075057
28119,species,0.0169958,Bacteroides zoogleoformans,ERR1075057
552810,species,0.0135967,Dehalogenimonas lykanthroporepellens,ERR1075057
214856,species,0.0135967,Alistipes finegoldii,ERR1075057
97253,species,0.0135967,Eubacterium plexicaudatum,ERR1075057
839,species,0.0135967,Prevotella ruminicola,ERR1075057
291645,species,0.0135967,Bacteroides nordii,ERR1075057
376804,species,0.0135967,Bacteroides barnesiae,ERR1075057
33039,species,0.0135967,[Ruminococcus] torques,ERR1075057
84026,species,0.0135967,[Clostridium] methylpentosum,ERR1075057
33953,species,0.0135967,Clostridium aminobutyricum,ERR1075057
39778,species,0.0135967,Veillonella dispar,ERR1075057
166501,species,0.0135967,Thermobaculum terrenum,ERR1075057
817,species,0.0135967,Bacteroides fragilis,ERR1075057
167964,species,0.0135967,Anaerolinea thermophila,ERR1075057
1121830,species,0.0101975,Fodinicurvata fenggangensis,ERR1075057
294,species,0.0101975,Pseudomonas fluorescens,ERR1075057
1168034,species,0.0101975,Draconibacterium orientale,ERR1075057
964,species,0.0101975,Herbaspirillum seropedicae,ERR1075057
28128,species,0.0101975,Prevotella corporis,ERR1075057
310297,species,0.0101975,Bacteroides plebeius,ERR1075057
732242,species,0.0101975,Bacteroides paurosaccharolyticus,ERR1075057
40519,species,0.0101975,Ruminococcus callidus,ERR1075057
61435,species,0.0101975,Dehalococcoides mccartyi,ERR1075057
387661,species,0.0101975,Parabacteroides johnsonii,ERR1075057
33038,species,0.0101975,[Ruminococcus] gnavus,ERR1075057
39488,species,0.0101975,[Eubacterium] hallii,ERR1075057
53443,species,0.0101975,Blautia hydrogenotrophica,ERR1075057
1559,species,0.0101975,Clostridium tertium,ERR1075057
43675,species,0.00679833,Rothia mucilaginosa,ERR1075057
45254,species,0.00679833,Dysgonomonas capnocytophagoides,ERR1075057
1611423,species,0.00679833,Flavobacterium sp. DSM 9626,ERR1075057
1280,species,0.00679833,Staphylococcus aureus,ERR1075057
1510,species,0.00679833,[Clostridium] stercorarium,ERR1075057
1404,species,0.00679833,Bacillus megaterium,ERR1075057
471189,species,0.00679833,Gordonibacter pamelaeae,ERR1075057
100884,species,0.00679833,Coprobacillus cateniformis,ERR1075057
376806,species,0.00679833,Bacteroides gallinarum,ERR1075057
589436,species,0.00679833,Prevotella fusca,ERR1075057
671267,species,0.00679833,Bacteroides sartorii,ERR1075057
626937,species,0.00679833,Christensenella minuta,ERR1075057
547188,species,0.00679833,Phycisphaera mikurensis,ERR1075057
290055,species,0.00679833,[Eubacterium] fissicatena,ERR1075057
1133319,species,0.00679833,Bacteroides reticulotermitis,ERR1075057
36745,species,0.00679833,Clostridium saccharoperbutylacetonicum,ERR1075057
44742,species,0.00679833,Desulfovibrio fairfieldensis,ERR1075057
58134,species,0.00679833,[Desulfotomaculum] guttoideum,ERR1075057
290053,species,0.00679833,Bacteroides helcogenes,ERR1075057
392838,species,0.00679833,Bacteroides propionicifaciens,ERR1075057
574930,species,0.00679833,Parabacteroides gordonii,ERR1075057
89153,species,0.00679833,[Clostridium] hylemonae,ERR1075057
39492,species,0.00679833,[Eubacterium] siraeum,ERR1075057
356829,species,0.00679833,Bifidobacterium tsurumiense,ERR1075057
884684,species,0.00679833,Mageeibacillus indolicus,ERR1075057
1563,species,0.00679833,Desulfosporosinus orientis,ERR1075057
487175,species,0.00679833,Parasutterella excrementihominis,ERR1075057
114702,species,0.00339916,Actinomyces lingnae,ERR1075057
1350067,species,0.00339916,Microbacter margulisiae,ERR1075057
1311,species,0.00339916,Streptococcus agalactiae,ERR1075057
1827099,species,0.00339916,Peptoniphilus sp. JCM 8141,ERR1075057
2699,species,0.00339916,Heliobacterium gestii,ERR1075057
363277,species,0.00339916,Ktedonobacter racemifer,ERR1075057
1085,species,0.00339916,Rhodospirillum rubrum,ERR1075057
28901,species,0.00339916,Salmonella enterica,ERR1075057
510947,species,0.00339916,Lacibacter cauensis,ERR1075057
1496,species,0.00339916,Clostridioides difficile,ERR1075057
850,species,0.00339916,Fusobacterium mortiferum,ERR1075057
41976,species,0.00339916,Porphyromonas catoniae,ERR1075057
1211639,species,0.00339916,Laceyella sp. CCTCC AB 2012157,ERR1075057
882141,species,0.00339916,Bacillus sp. IHB B 2296,ERR1075057
1502,species,0.00339916,Clostridium perfringens,ERR1075057
39489,species,0.00339916,Clostridium moniliforme,ERR1075057
1282,species,0.00339916,Staphylococcus epidermidis,ERR1075057
871327,species,0.00339916,Parabacteroides chinchillae,ERR1075057
29394,species,0.00339916,Dolosigranulum pigrum,ERR1075057
384638,species,0.00339916,[Bacteroides] pectinophilus,ERR1075057
267818,species,0.00339916,Lactobacillus kefiranofaciens,ERR1075057
76832,species,0.00339916,Myroides odoratimimus,ERR1075057
29372,species,0.00339916,Clostridium thermobutyricum,ERR1075057
44253,species,0.00339916,Paenibacillus validus,ERR1075057
65552,species,0.00339916,Meiothermus cerbereus,ERR1075057
415,species,0.00339916,Methylobacter luteus,ERR1075057
1566358,species,0.00339916,Paenibacillus sp. IHBB 10380,ERR1075057
1590,species,0.00339916,Lactobacillus plantarum,ERR1075057
310298,species,0.00339916,Bacteroides coprocola,ERR1075057
40214,species,0.00339916,Acinetobacter johnsonii,ERR1075057
410072,species,0.00339916,Coprococcus comes,ERR1075057
1405,species,0.00339916,Bacillus mycoides,ERR1075057
1042156,species,0.00339916,Clostridium sp. SY8519,ERR1075057
480931,species,0.00339916,Lactobacillus capillatus,ERR1075057
314319,species,0.00339916,Prolixibacter bellariivorans,ERR1075057
199,species,0.00339916,Campylobacter concisus,ERR1075057
1303,species,0.00339916,Streptococcus oralis,ERR1075057
61,species,0.00339916,Vitreoscilla stercoraria,ERR1075057
52787,species,0.00339916,Anaerofilum pentosovorans,ERR1075057
148813,species,0.00339916,Sulfuricurvum kujiense,ERR1075057
1113693,species,0.00339916,Flammeovirga sp. NBRC 100897,ERR1075057
1497,species,0.00339916,Clostridium formicaceticum,ERR1075057
102134,species,0.00339916,Desulfotomaculum gibsoniae,ERR1075057
184870,species,0.00339916,Varibaculum cambriense,ERR1075057
454155,species,0.00339916,Paraprevotella xylaniphila,ERR1075057
1177728,species,0.00339916,Varibaculum sp. CCUG 31793,ERR1075057
216778,species,0.00339916,Stenotrophomonas rhizophila,ERR1075057
591197,species,0.00339916,Ignavibacterium album,ERR1075057
349931,species,0.00339916,Clostridium cavendishii,ERR1075057
84112,species,0.00339916,Eggerthella lenta,ERR1075057
217070,species,0.00339916,Stella vacuolata,ERR1075057
1527,species,0.00339916,Anaerocolumna aminovalerica,ERR1075057
29360,species,0.00339916,Cellulosilyticum lentocellum,ERR1075057
187145,species,0.00339916,Caldithrix abyssi,ERR1075057
45657,species,0.00339916,Desulfonema ishimotonii,ERR1075057
36835,species,0.00339916,[Clostridium] colinum,ERR1075057
1648,species,0.00339916,Erysipelothrix rhusiopathiae,ERR1075057
43767,species,0.00339916,Rhodococcus equi,ERR1075057
29356,species,0.00339916,Clostridium chartatabidum,ERR1075057
45851,species,0.00339916,Butyrivibrio crossotus,ERR1075057
86664,species,0.00339916,Bacillus flexus,ERR1075057
100176,species,0.00339916,Papillibacter cinnamivorans,ERR1075057
851,species,0.00339916,Fusobacterium nucleatum,ERR1075057
156974,species,0.00339916,Dysgonomonas gadei,ERR1075057
189722,species,0.00339916,Prevotella marshii,ERR1075057
29389,species,0.00339916,Streptococcus alactolyticus,ERR1075057
88431,species,0.00339916,Dorea longicatena,ERR1075057
2736,species,0.00339916,Verrucomicrobium spinosum,ERR1075057
70775,species,0.00339916,Pseudomonas plecoglossicida,ERR1075057
84031,species,0.00339916,Clostridium sartagoforme,ERR1075057
310300,species,0.00339916,Bacteroides pyogenes,ERR1075057
1246,species,0.00339916,Leuconostoc lactis,ERR1075057
53635,species,0.00339916,Acidimicrobium ferrooxidans,ERR1075057
47880,species,0.00339916,Pseudomonas fulva,ERR1075057
587753,species,0.00339916,Pseudomonas chlororaphis,ERR1075057
1488,species,0.00339916,Clostridium acetobutylicum,ERR1075057
316068,species,0.00339916,Leadbetterella byssophila,ERR1075057
118748,species,0.00339916,Bulleidia extructa,ERR1075057
39482,species,0.00339916,[Eubacterium] contortum,ERR1075057
1547,species,0.00339916,Erysipelatoclostridium ramosum,ERR1075057
47246,species,0.00339916,[Clostridium] viride,ERR1075057
43997,species,0.00339916,Catonella morbi,ERR1075057
87541,species,0.00339916,Aerococcus christensenii,ERR1075057
232270,species,0.00339916,Effusibacillus pohliae,ERR1075057
43131,species,0.00339916,Tissierella praeacuta,ERR1075057
185300,species,0.00339916,Paludibacter propionicigenes,ERR1075057
180164,species,0.00339916,Blautia schinkii,ERR1075057
729,species,0.00339916,Haemophilus parainfluenzae,ERR1075057
82688,species,0.00339916,Lactobacillus nagelii,ERR1075057
29524,species,0.00339916,Porphyromonas circumdentaria,ERR1075057
216816,species,0.00339916,Bifidobacterium longum,ERR1075057
1346286,species,0.00339916,Dysgonomonas macrotermitis,ERR1075057
691816,species,0.00339916,Bacteroides rodentium,ERR1075057
1411316,species,0.00339916,Pedobacter sp.,ERR1075057
52769,species,0.00339916,Actinomyces gerencseriae,ERR1075057
1273132,species,0.00339916,Liberibacter crescens,ERR1075057
47500,species,0.00339916,Aneurinibacillus migulanus,ERR1075057
-1,species,24.3992,Unknown,ERR1075057
1755626,species,13.2737,Faecalibacterium sp. MC_41,ERR1075057
301301,species,6.43462,Roseburia hominis,ERR1075057
328813,species,5.86016,Alistipes onderdonkii,ERR1075057
28111,species,5.25511,Bacteroides eggerthii,ERR1075057
820,species,4.83021,Bacteroides uniformis,ERR1075057
239935,species,4.08579,Akkermansia muciniphila,ERR1075057
218538,species,3.86485,Dialister invisus,ERR1075057
46503,species,3.72548,Parabacteroides merdae,ERR1075057
1264,species,3.05245,Ruminococcus albus,ERR1075057
28116,species,2.67514,Bacteroides ovatus,ERR1075057
46506,species,2.0293,Bacteroides stercoris,ERR1075057
39485,species,1.49903,[Eubacterium] eligens,ERR1075057
69825,species,1.13872,[Clostridium] indolis,ERR1075057
40520,species,1.08093,Blautia obeum,ERR1075057
28117,species,0.989157,Alistipes putredinis,ERR1075057
84030,species,0.965363,[Clostridium] saccharolyticum,ERR1075057
1161942,species,0.914375,Ruminococcus champanellensis,ERR1075057
818,species,0.846392,Bacteroides thetaiotaomicron,ERR1075057
39497,species,0.683232,Eubacterium xylanophilum,ERR1075057
536633,species,0.679833,Blautia glucerasea,ERR1075057
821,species,0.598253,Bacteroides vulgatus,ERR1075057
246787,species,0.557463,Bacteroides cellulosilyticus,ERR1075057
29348,species,0.520072,[Clostridium] spiroforme,ERR1075057
351091,species,0.458887,Oscillibacter valericigenes,ERR1075057
328814,species,0.441891,Alistipes shahii,ERR1075057
1535,species,0.4045,[Clostridium] leptum,ERR1075057
35833,species,0.4045,Bilophila wadsworthia,ERR1075057
397865,species,0.390904,Barnesiella viscericola,ERR1075057
39496,species,0.387505,Eubacterium ventriosum,ERR1075057
208479,species,0.370509,[Clostridium] bolteae,ERR1075057
39484,species,0.363711,Eubacterium desmolans,ERR1075057
28118,species,0.343316,Odoribacter splanchnicus,ERR1075057
166486,species,0.336517,Roseburia intestinalis,ERR1075057
47678,species,0.299126,Bacteroides caccae,ERR1075057
169435,species,0.271933,Anaerotruncus colihominis,ERR1075057
437898,species,0.265135,Sutterella parvirubra,ERR1075057
395922,species,0.241341,Coraliomargarita akajimensis,ERR1075057
29370,species,0.234542,[Clostridium] sphenoides,ERR1075057
1465754,species,0.234542,Alistipes timonensis,ERR1075057
502558,species,0.214147,Eggerthella sp. YY7918,ERR1075057
1515,species,0.207349,Ruminiclostridium thermocellum,ERR1075057
44749,species,0.200551,Sporobacter termitidis,ERR1075057
33035,species,0.180156,Blautia producta,ERR1075057
626932,species,0.176757,Alistipes indistinctus,ERR1075057
626930,species,0.169958,Bacteroides fluxus,ERR1075057
823,species,0.152962,Parabacteroides distasonis,ERR1075057
84032,species,0.142765,[Clostridium] thermosuccinogenes,ERR1075057
1755629,species,0.125769,Victivallis sp. MC_44,ERR1075057
1532,species,0.101975,Blautia coccoides,ERR1075057
36847,species,0.0985757,[Clostridium] neopropionicum,ERR1075057
46228,species,0.0849791,Ruminococcus lactaris,ERR1075057
626931,species,0.0849791,Bacteroides oleiciplenus,ERR1075057
29375,species,0.0781808,[Clostridium] xylanolyticum,ERR1075057
61171,species,0.0781808,Holdemania filiformis,ERR1075057
39490,species,0.0781808,Eubacterium ramulus,ERR1075057
204516,species,0.0747816,Bacteroides massiliensis,ERR1075057
39486,species,0.0713824,Dorea formicigenerans,ERR1075057
328812,species,0.0713824,Parabacteroides goldsteinii,ERR1075057
357276,species,0.0713824,Bacteroides dorei,ERR1075057
1358,species,0.0679833,Lactococcus lactis,ERR1075057
40518,species,0.0679833,Ruminococcus bromii,ERR1075057
28446,species,0.0679833,[Clostridium] propionicum,ERR1075057
288965,species,0.0577858,[Clostridium] clariflavum,ERR1075057
329854,species,0.0577858,Bacteroides intestinalis,ERR1075057
143393,species,0.0509875,[Eubacterium] sulci,ERR1075057
84022,species,0.0475883,Clostridium aceticum,ERR1075057
1512,species,0.0475883,[Clostridium] symbiosum,ERR1075057
371601,species,0.0475883,Bacteroides xylanisolvens,ERR1075057
847,species,0.0441891,Oxalobacter formigenes,ERR1075057
645466,species,0.04079,Anaerostipes butyraticus,ERR1075057
261299,species,0.04079,Intestinibacter bartlettii,ERR1075057
115979,species,0.04079,Bacillus nealsonii,ERR1075057
871324,species,0.0373908,Bacteroides stercorirosoris,ERR1075057
105841,species,0.0373908,Anaerostipes caccae,ERR1075057
1265,species,0.0373908,Ruminococcus flavefaciens,ERR1075057
358742,species,0.0339916,[Clostridium] aldenense,ERR1075057
39491,species,0.0339916,[Eubacterium] rectale,ERR1075057
35517,species,0.0305925,[Eubacterium] brachy,ERR1075057
33043,species,0.0305925,Coprococcus eutactus,ERR1075057
650643,species,0.0271933,Alistipes sp. RMA 9912,ERR1075057
29354,species,0.0271933,[Clostridium] celerecrescens,ERR1075057
341225,species,0.0271933,[Clostridium] saccharogumia,ERR1075057
165179,species,0.0237941,Prevotella copri,ERR1075057
1671366,species,0.0237941,Ruminococcus sp. DSM 100440,ERR1075057
2173,species,0.0237941,Methanobrevibacter smithii,ERR1075057
29355,species,0.020395,[Clostridium] cellobioparum,ERR1075057
270498,species,0.020395,Catabacter hongkongensis,ERR1075057
338188,species,0.020395,Bacteroides finegoldii,ERR1075057
76517,species,0.020395,Campylobacter hominis,ERR1075057
35785,species,0.020395,Clostridium maximum,ERR1075057
907,species,0.0169958,Megasphaera elsdenii,ERR1075057
151276,species,0.0169958,Bacteroides coprosuis,ERR1075057
1495,species,0.0169958,Clostridium cylindrosporum,ERR1075057
1308,species,0.0169958,Streptococcus thermophilus,ERR1075057
28127,species,0.0169958,Prevotella buccalis,ERR1075057
1755607,species,0.0169958,Bacteroides sp. MC_16,ERR1075057
28119,species,0.0169958,Bacteroides zoogleoformans,ERR1075057
376804,species,0.0135967,Bacteroides barnesiae,ERR1075057
33039,species,0.0135967,[Ruminococcus] torques,ERR1075057
84026,species,0.0135967,[Clostridium] methylpentosum,ERR1075057
33953,species,0.0135967,Clostridium aminobutyricum,ERR1075057
39778,species,0.0135967,Veillonella dispar,ERR1075057
166501,species,0.0135967,Thermobaculum terrenum,ERR1075057
817,species,0.0135967,Bacteroides fragilis,ERR1075057
167964,species,0.0135967,Anaerolinea thermophila,ERR1075057
552810,species,0.0135967,Dehalogenimonas lykanthroporepellens,ERR1075057
214856,species,0.0135967,Alistipes finegoldii,ERR1075057
97253,species,0.0135967,Eubacterium plexicaudatum,ERR1075057
839,species,0.0135967,Prevotella ruminicola,ERR1075057
291645,species,0.0135967,Bacteroides nordii,ERR1075057
964,species,0.0101975,Herbaspirillum seropedicae,ERR1075057
294,species,0.0101975,Pseudomonas fluorescens,ERR1075057
1168034,species,0.0101975,Draconibacterium orientale,ERR1075057
310297,species,0.0101975,Bacteroides plebeius,ERR1075057
28128,species,0.0101975,Prevotella corporis,ERR1075057
732242,species,0.0101975,Bacteroides paurosaccharolyticus,ERR1075057
40519,species,0.0101975,Ruminococcus callidus,ERR1075057
61435,species,0.0101975,Dehalococcoides mccartyi,ERR1075057
33038,species,0.0101975,[Ruminococcus] gnavus,ERR1075057
387661,species,0.0101975,Parabacteroides johnsonii,ERR1075057
39488,species,0.0101975,[Eubacterium] hallii,ERR1075057
53443,species,0.0101975,Blautia hydrogenotrophica,ERR1075057
1559,species,0.0101975,Clostridium tertium,ERR1075057
1121830,species,0.0101975,Fodinicurvata fenggangensis,ERR1075057
471189,species,0.00679833,Gordonibacter pamelaeae,ERR1075057
100884,species,0.00679833,Coprobacillus cateniformis,ERR1075057
376806,species,0.00679833,Bacteroides gallinarum,ERR1075057
589436,species,0.00679833,Prevotella fusca,ERR1075057
671267,species,0.00679833,Bacteroides sartorii,ERR1075057
626937,species,0.00679833,Christensenella minuta,ERR1075057
547188,species,0.00679833,Phycisphaera mikurensis,ERR1075057
290055,species,0.00679833,[Eubacterium] fissicatena,ERR1075057
1133319,species,0.00679833,Bacteroides reticulotermitis,ERR1075057
36745,species,0.00679833,Clostridium saccharoperbutylacetonicum,ERR1075057
392838,species,0.00679833,Bacteroides propionicifaciens,ERR1075057
44742,species,0.00679833,Desulfovibrio fairfieldensis,ERR1075057
58134,species,0.00679833,[Desulfotomaculum] guttoideum,ERR1075057
290053,species,0.00679833,Bacteroides helcogenes,ERR1075057
574930,species,0.00679833,Parabacteroides gordonii,ERR1075057
89153,species,0.00679833,[Clostridium] hylemonae,ERR1075057
39492,species,0.00679833,[Eubacterium] siraeum,ERR1075057
356829,species,0.00679833,Bifidobacterium tsurumiense,ERR1075057
884684,species,0.00679833,Mageeibacillus indolicus,ERR1075057
1563,species,0.00679833,Desulfosporosinus orientis,ERR1075057
487175,species,0.00679833,Parasutterella excrementihominis,ERR1075057
1280,species,0.00679833,Staphylococcus aureus,ERR1075057
43675,species,0.00679833,Rothia mucilaginosa,ERR1075057
45254,species,0.00679833,Dysgonomonas capnocytophagoides,ERR1075057
1611423,species,0.00679833,Flavobacterium sp. DSM 9626,ERR1075057
1510,species,0.00679833,[Clostridium] stercorarium,ERR1075057
1404,species,0.00679833,Bacillus megaterium,ERR1075057
1282,species,0.00339916,Staphylococcus epidermidis,ERR1075057
871327,species,0.00339916,Parabacteroides chinchillae,ERR1075057
29394,species,0.00339916,Dolosigranulum pigrum,ERR1075057
384638,species,0.00339916,[Bacteroides] pectinophilus,ERR1075057
267818,species,0.00339916,Lactobacillus kefiranofaciens,ERR1075057
76832,species,0.00339916,Myroides odoratimimus,ERR1075057
29372,species,0.00339916,Clostridium thermobutyricum,ERR1075057
44253,species,0.00339916,Paenibacillus validus,ERR1075057
65552,species,0.00339916,Meiothermus cerbereus,ERR1075057
415,species,0.00339916,Methylobacter luteus,ERR1075057
1566358,species,0.00339916,Paenibacillus sp. IHBB 10380,ERR1075057
1590,species,0.00339916,Lactobacillus plantarum,ERR1075057
310298,species,0.00339916,Bacteroides coprocola,ERR1075057
40214,species,0.00339916,Acinetobacter johnsonii,ERR1075057
410072,species,0.00339916,Coprococcus comes,ERR1075057
1405,species,0.00339916,Bacillus mycoides,ERR1075057
1042156,species,0.00339916,Clostridium sp. SY8519,ERR1075057
480931,species,0.00339916,Lactobacillus capillatus,ERR1075057
314319,species,0.00339916,Prolixibacter bellariivorans,ERR1075057
199,species,0.00339916,Campylobacter concisus,ERR1075057
1303,species,0.00339916,Streptococcus oralis,ERR1075057
61,species,0.00339916,Vitreoscilla stercoraria,ERR1075057
52787,species,0.00339916,Anaerofilum pentosovorans,ERR1075057
148813,species,0.00339916,Sulfuricurvum kujiense,ERR1075057
1113693,species,0.00339916,Flammeovirga sp. NBRC 100897,ERR1075057
1497,species,0.00339916,Clostridium formicaceticum,ERR1075057
1177728,species,0.00339916,Varibaculum sp. CCUG 31793,ERR1075057
102134,species,0.00339916,Desulfotomaculum gibsoniae,ERR1075057
184870,species,0.00339916,Varibaculum cambriense,ERR1075057
454155,species,0.00339916,Paraprevotella xylaniphila,ERR1075057
1527,species,0.00339916,Anaerocolumna aminovalerica,ERR1075057
216778,species,0.00339916,Stenotrophomonas rhizophila,ERR1075057
591197,species,0.00339916,Ignavibacterium album,ERR1075057
349931,species,0.00339916,Clostridium cavendishii,ERR1075057
84112,species,0.00339916,Eggerthella lenta,ERR1075057
217070,species,0.00339916,Stella vacuolata,ERR1075057
36835,species,0.00339916,[Clostridium] colinum,ERR1075057
29360,species,0.00339916,Cellulosilyticum lentocellum,ERR1075057
187145,species,0.00339916,Caldithrix abyssi,ERR1075057
45657,species,0.00339916,Desulfonema ishimotonii,ERR1075057
45851,species,0.00339916,Butyrivibrio crossotus,ERR1075057
1648,species,0.00339916,Erysipelothrix rhusiopathiae,ERR1075057
43767,species,0.00339916,Rhodococcus equi,ERR1075057
29356,species,0.00339916,Clostridium chartatabidum,ERR1075057
86664,species,0.00339916,Bacillus flexus,ERR1075057
100176,species,0.00339916,Papillibacter cinnamivorans,ERR1075057
851,species,0.00339916,Fusobacterium nucleatum,ERR1075057
156974,species,0.00339916,Dysgonomonas gadei,ERR1075057
189722,species,0.00339916,Prevotella marshii,ERR1075057
29389,species,0.00339916,Streptococcus alactolyticus,ERR1075057
88431,species,0.00339916,Dorea longicatena,ERR1075057
2736,species,0.00339916,Verrucomicrobium spinosum,ERR1075057
47880,species,0.00339916,Pseudomonas fulva,ERR1075057
70775,species,0.00339916,Pseudomonas plecoglossicida,ERR1075057
84031,species,0.00339916,Clostridium sartagoforme,ERR1075057
310300,species,0.00339916,Bacteroides pyogenes,ERR1075057
1246,species,0.00339916,Leuconostoc lactis,ERR1075057
53635,species,0.00339916,Acidimicrobium ferrooxidans,ERR1075057
47246,species,0.00339916,[Clostridium] viride,ERR1075057
587753,species,0.00339916,Pseudomonas chlororaphis,ERR1075057
1488,species,0.00339916,Clostridium acetobutylicum,ERR1075057
316068,species,0.00339916,Leadbetterella byssophila,ERR1075057
118748,species,0.00339916,Bulleidia extructa,ERR1075057
39482,species,0.00339916,[Eubacterium] contortum,ERR1075057
1547,species,0.00339916,Erysipelatoclostridium ramosum,ERR1075057
180164,species,0.00339916,Blautia schinkii,ERR1075057
43997,species,0.00339916,Catonella morbi,ERR1075057
87541,species,0.00339916,Aerococcus christensenii,ERR1075057
232270,species,0.00339916,Effusibacillus pohliae,ERR1075057
43131,species,0.00339916,Tissierella praeacuta,ERR1075057
185300,species,0.00339916,Paludibacter propionicigenes,ERR1075057
47500,species,0.00339916,Aneurinibacillus migulanus,ERR1075057
729,species,0.00339916,Haemophilus parainfluenzae,ERR1075057
82688,species,0.00339916,Lactobacillus nagelii,ERR1075057
29524,species,0.00339916,Porphyromonas circumdentaria,ERR1075057
216816,species,0.00339916,Bifidobacterium longum,ERR1075057
1346286,species,0.00339916,Dysgonomonas macrotermitis,ERR1075057
691816,species,0.00339916,Bacteroides rodentium,ERR1075057
1411316,species,0.00339916,Pedobacter sp.,ERR1075057
52769,species,0.00339916,Actinomyces gerencseriae,ERR1075057
1273132,species,0.00339916,Liberibacter crescens,ERR1075057
114702,species,0.00339916,Actinomyces lingnae,ERR1075057
1350067,species,0.00339916,Microbacter margulisiae,ERR1075057
1311,species,0.00339916,Streptococcus agalactiae,ERR1075057
1827099,species,0.00339916,Peptoniphilus sp. JCM 8141,ERR1075057
2699,species,0.00339916,Heliobacterium gestii,ERR1075057
363277,species,0.00339916,Ktedonobacter racemifer,ERR1075057
1085,species,0.00339916,Rhodospirillum rubrum,ERR1075057
28901,species,0.00339916,Salmonella enterica,ERR1075057
510947,species,0.00339916,Lacibacter cauensis,ERR1075057
1496,species,0.00339916,Clostridioides difficile,ERR1075057
850,species,0.00339916,Fusobacterium mortiferum,ERR1075057
41976,species,0.00339916,Porphyromonas catoniae,ERR1075057
1211639,species,0.00339916,Laceyella sp. CCTCC AB 2012157,ERR1075057
882141,species,0.00339916,Bacillus sp. IHB B 2296,ERR1075057
1502,species,0.00339916,Clostridium perfringens,ERR1075057
39489,species,0.00339916,Clostridium moniliforme,ERR1075057
-1,species,24.3992,Unknown,ERR1075057
817,species,14.1897,Bacteroides fragilis,ERR1075141
239935,species,3.48577,Akkermansia muciniphila,ERR1075141
187327,species,2.63646,Acidaminococcus intestini,ERR1075141
1755626,species,1.84826,Faecalibacterium sp. MC_41,ERR1075141
28128,species,1.38672,Prevotella corporis,ERR1075141
386414,species,0.87039,Prevotella timonensis,ERR1075141
47678,species,0.847208,Bacteroides caccae,ERR1075141
818,species,0.649104,Bacteroides thetaiotaomicron,ERR1075141
76517,species,0.617492,Campylobacter hominis,ERR1075141
43131,species,0.55216,Tissierella praeacuta,ERR1075141
1630,species,0.547945,Kandleria vitulina,ERR1075141
821,species,0.442571,Bacteroides vulgatus,ERR1075141
33029,species,0.429926,Anaerococcus hydrogenalis,ERR1075141
28116,species,0.375132,Bacteroides ovatus,ERR1075141
351091,species,0.305585,Oscillibacter valericigenes,ERR1075141
28130,species,0.299262,Prevotella disiens,ERR1075141
36874,species,0.29294,Porphyromonas cangingivalis,ERR1075141
823,species,0.273973,Parabacteroides distasonis,ERR1075141
1260,species,0.263435,Finegoldia magna,ERR1075141
33031,species,0.246575,Peptoniphilus lacrimalis,ERR1075141
907,species,0.244468,Megasphaera elsdenii,ERR1075141
1223514,species,0.185458,Corynebacterium humireducens,ERR1075141
218538,species,0.183351,Dialister invisus,ERR1075141
165179,species,0.181243,Prevotella copri,ERR1075141
46503,species,0.166491,Parabacteroides merdae,ERR1075141
850,species,0.145416,Fusobacterium mortiferum,ERR1075141
28901,species,0.139094,Salmonella enterica,ERR1075141
33034,species,0.134879,Anaerococcus prevotii,ERR1075141
820,species,0.126449,Bacteroides uniformis,ERR1075141
33032,species,0.124341,Anaerococcus lactolyticus,ERR1075141
28117,species,0.118019,Alistipes putredinis,ERR1075141
341694,species,0.118019,Peptostreptococcus stomatis,ERR1075141
1827099,species,0.118019,Peptoniphilus sp. JCM 8141,ERR1075141
35833,species,0.113804,Bilophila wadsworthia,ERR1075141
2702,species,0.107482,Gardnerella vaginalis,ERR1075141
43770,species,0.101159,Corynebacterium striatum,ERR1075141
204516,species,0.0927292,Bacteroides massiliensis,ERR1075141
328813,species,0.0906217,Alistipes onderdonkii,ERR1075141
309120,species,0.0864067,Dialister micraerophilus,ERR1075141
626932,species,0.0821918,Alistipes indistinctus,ERR1075141
59310,species,0.0821918,Streptococcus macedonicus,ERR1075141
562,species,0.0800843,Escherichia coli,ERR1075141
82135,species,0.0758693,Atopobium vaginae,ERR1075141
2098,species,0.0737619,Mycoplasma hominis,ERR1075141
28127,species,0.0695469,Prevotella buccalis,ERR1075141
69825,species,0.0695469,[Clostridium] indolis,ERR1075141
33037,species,0.0695469,Anaerococcus vaginalis,ERR1075141
626930,species,0.0674394,Bacteroides fluxus,ERR1075141
28118,species,0.0632244,Odoribacter splanchnicus,ERR1075141
536633,species,0.0632244,Blautia glucerasea,ERR1075141
281920,species,0.061117,Porphyromonas uenonis,ERR1075141
28037,species,0.061117,Streptococcus mitis,ERR1075141
40543,species,0.0590095,Sneathia sanguinegens,ERR1075141
1725,species,0.056902,Corynebacterium xerosis,ERR1075141
876,species,0.0547945,Desulfovibrio desulfuricans,ERR1075141
184870,species,0.0547945,Varibaculum cambriense,ERR1075141
38304,species,0.052687,Corynebacterium tuberculostearicum,ERR1075141
881,species,0.052687,Desulfovibrio vulgaris,ERR1075141
246787,species,0.0505796,Bacteroides cellulosilyticus,ERR1075141
419005,species,0.0505796,Prevotella amnii,ERR1075141
40520,species,0.0484721,Blautia obeum,ERR1075141
136857,species,0.0442571,Corynebacterium testudinoris,ERR1075141
301301,species,0.0442571,Roseburia hominis,ERR1075141
1381,species,0.0400422,Atopobium minutum,ERR1075141
150240,species,0.0400422,Gemella cuniculi,ERR1075141
39486,species,0.0379347,Dorea formicigenerans,ERR1075141
291645,species,0.0379347,Bacteroides nordii,ERR1075141
178214,species,0.0379347,Facklamia hominis,ERR1075141
114527,species,0.0358272,Mogibacterium diversum,ERR1075141
28123,species,0.0337197,Porphyromonas asaccharolytica,ERR1075141
208479,species,0.0337197,[Clostridium] bolteae,ERR1075141
46506,species,0.0337197,Bacteroides stercoris,ERR1075141
1308,species,0.0316122,Streptococcus thermophilus,ERR1075141
39950,species,0.0316122,Dialister pneumosintes,ERR1075141
487175,species,0.0295047,Parasutterella excrementihominis,ERR1075141
1735,species,0.0295047,Holdemanella biformis,ERR1075141
410072,species,0.0295047,Coprococcus comes,ERR1075141
228603,species,0.0295047,Prevotella shahii,ERR1075141
28125,species,0.0273973,Prevotella bivia,ERR1075141
827,species,0.0273973,Campylobacter ureolyticus,ERR1075141
1177728,species,0.0252898,Varibaculum sp. CCUG 31793,ERR1075141
33007,species,0.0252898,Actinomyces neuii,ERR1075141
54006,species,0.0231823,Peptoniphilus ivorii,ERR1075141
701529,species,0.0231823,Peptoniphilus sp. JCM 8143,ERR1075141
1258,species,0.0231823,Peptoniphilus asaccharolyticus,ERR1075141
214856,species,0.0231823,Alistipes finegoldii,ERR1075141
1859291,species,0.0231823,Corynebacterium sp. YIM 101587,ERR1075141
905,species,0.0210748,Acidaminococcus fermentans,ERR1075141
1328,species,0.0210748,Streptococcus anginosus,ERR1075141
46206,species,0.0210748,Pseudobutyrivibrio ruminis,ERR1075141
39484,species,0.0189673,Eubacterium desmolans,ERR1075141
53374,species,0.0189673,Corynebacterium coyleae,ERR1075141
1660,species,0.0189673,Actinomyces odontolyticus,ERR1075141
29524,species,0.0189673,Porphyromonas circumdentaria,ERR1075141
371601,species,0.0189673,Bacteroides xylanisolvens,ERR1075141
43143,species,0.0189673,Tissierella creatinini,ERR1075141
1522,species,0.0168599,[Clostridium] innocuum,ERR1075141
242750,species,0.0168599,Prevotella bergensis,ERR1075141
1303,species,0.0168599,Streptococcus oralis,ERR1075141
151276,species,0.0168599,Bacteroides coprosuis,ERR1075141
598660,species,0.0168599,Corynebacterium pyruviciproducens,ERR1075141
61171,species,0.0168599,Holdemania filiformis,ERR1075141
1267,species,0.0147524,Clostridium ventriculi,ERR1075141
52787,species,0.0147524,Anaerofilum pentosovorans,ERR1075141
1705,species,0.0126449,Corynebacterium stationis,ERR1075141
1515,species,0.0126449,Ruminiclostridium thermocellum,ERR1075141
1727,species,0.0126449,Corynebacterium variabile,ERR1075141
234828,species,0.0126449,Corynebacterium caspium,ERR1075141
90730,species,0.0126449,Desulfosarcina cetonica,ERR1075141
1717,species,0.0126449,Corynebacterium diphtheriae,ERR1075141
1859290,species,0.0126449,Corynebacterium sp. YIM 101343,ERR1075141
40519,species,0.0126449,Ruminococcus callidus,ERR1075141
328814,species,0.0105374,Alistipes shahii,ERR1075141
39498,species,0.0105374,[Eubacterium] yurii,ERR1075141
38303,species,0.0105374,Corynebacterium pseudogenitalium,ERR1075141
191493,species,0.0105374,Corynebacterium sphenisci,ERR1075141
856,species,0.0105374,Fusobacterium varium,ERR1075141
1280,species,0.0105374,Staphylococcus aureus,ERR1075141
1487956,species,0.0105374,Corynebacterium sp. ATCC 6931,ERR1075141
191610,species,0.0105374,Corynebacterium atypicum,ERR1075141
839,species,0.00842993,Prevotella ruminicola,ERR1075141
52561,species,0.00842993,Desulfomicrobium norvegicum,ERR1075141
1776082,species,0.00842993,Shigella sp. SF-2015,ERR1075141
160386,species,0.00842993,Corynebacterium casei,ERR1075141
1113655,species,0.00842993,Psychrobacter sp. NBRC 15736,ERR1075141
1311,species,0.00842993,Streptococcus agalactiae,ERR1075141
38286,species,0.00842993,Corynebacterium afermentans,ERR1075141
397865,species,0.00842993,Barnesiella viscericola,ERR1075141
115979,species,0.00842993,Bacillus nealsonii,ERR1075141
1304,species,0.00842993,Streptococcus salivarius,ERR1075141
39490,species,0.00842993,Eubacterium ramulus,ERR1075141
29348,species,0.00842993,[Clostridium] spiroforme,ERR1075141
357276,species,0.00842993,Bacteroides dorei,ERR1075141
169292,species,0.00842993,Corynebacterium aurimucosum,ERR1075141
288965,species,0.00842993,[Clostridium] clariflavum,ERR1075141
29385,species,0.00842993,Staphylococcus saprophyticus,ERR1075141
907224,species,0.00632244,Peptoniphilus methioninivorax,ERR1075141
1755607,species,0.00632244,Bacteroides sp. MC_16,ERR1075141
169435,species,0.00632244,Anaerotruncus colihominis,ERR1075141
39029,species,0.00632244,Megasphaera cerevisiae,ERR1075141
52773,species,0.00632244,Actinomyces meyeri,ERR1075141
33033,species,0.00632244,Parvimonas micra,ERR1075141
29375,species,0.00632244,[Clostridium] xylanolyticum,ERR1075141
114528,species,0.00632244,Mogibacterium neglectum,ERR1075141
1535,species,0.00632244,[Clostridium] leptum,ERR1075141
1304158,species,0.00632244,Salinisphaera halophila,ERR1075141
1724,species,0.00632244,Corynebacterium renale,ERR1075141
470565,species,0.00632244,Prevotella histicola,ERR1075141
535744,species,0.00632244,Cronobacter universalis,ERR1075141
1590,species,0.00632244,Lactobacillus plantarum,ERR1075141
1623,species,0.00632244,Lactobacillus ruminis,ERR1075141
185294,species,0.00632244,Prevotella paludivivens,ERR1075141
84030,species,0.00632244,[Clostridium] saccharolyticum,ERR1075141
338188,species,0.00632244,Bacteroides finegoldii,ERR1075141
387661,species,0.00632244,Parabacteroides johnsonii,ERR1075141
33035,species,0.00632244,Blautia producta,ERR1075141
33038,species,0.00632244,[Ruminococcus] gnavus,ERR1075141
28133,species,0.00632244,Prevotella nigrescens,ERR1075141
1282,species,0.00632244,Staphylococcus epidermidis,ERR1075141
166486,species,0.00632244,Roseburia intestinalis,ERR1075141
28129,species,0.00632244,Prevotella denticola,ERR1075141
294,species,0.00632244,Pseudomonas fluorescens,ERR1075141
1465754,species,0.00632244,Alistipes timonensis,ERR1075141
39487,species,0.00632244,Atopobium fossor,ERR1075141
729,species,0.00632244,Haemophilus parainfluenzae,ERR1075141
332249,species,0.00632244,Truepera radiovictrix,ERR1075141
74426,species,0.00632244,Collinsella aerofaciens,ERR1075141
633701,species,0.00632244,Prevotella saccharolytica,ERR1075141
329854,species,0.00632244,Bacteroides intestinalis,ERR1075141
218284,species,0.00421496,Bacillus vietnamensis,ERR1075141
454154,species,0.00421496,Paraprevotella clara,ERR1075141
39774,species,0.00421496,Methylomicrobium agile,ERR1075141
216816,species,0.00421496,Bifidobacterium longum,ERR1075141
38301,species,0.00421496,Corynebacterium minutissimum,ERR1075141
863643,species,0.00421496,Thermincola potens,ERR1075141
28446,species,0.00421496,[Clostridium] propionicum,ERR1075141
28135,species,0.00421496,Prevotella oris,ERR1075141
134605,species,0.00421496,Fusobacterium equinum,ERR1075141
400390,species,0.00421496,Alkalimonas collagenimarina,ERR1075141
472113,species,0.00421496,Geofilum rubicundum,ERR1075141
1086703,species,0.00421496,Luteolibacter luojiensis,ERR1075141
1718,species,0.00421496,Corynebacterium glutamicum,ERR1075141
649724,species,0.00421496,Clostridium sp. ATCC BAA-442,ERR1075141
28136,species,0.00421496,Prevotella oulorum,ERR1075141
122355,species,0.00421496,Pseudomonas psychrophila,ERR1075141
121163,species,0.00421496,Actinomyces suimastitidis,ERR1075141
477666,species,0.00421496,Bacteroides graminisolvens,ERR1075141
28134,species,0.00421496,Prevotella oralis,ERR1075141
415956,species,0.00421496,Sphingobacterium composti Yoo et al. 2007,ERR1075141
317,species,0.00421496,Pseudomonas syringae,ERR1075141
187491,species,0.00421496,Corynebacterium glaucum,ERR1075141
741091,species,0.00421496,Rahnella sp. Y9602,ERR1075141
56698,species,0.00421496,Sulfurospirillum arsenophilum,ERR1075141
392838,species,0.00421496,Bacteroides propionicifaciens,ERR1075141
589436,species,0.00421496,Prevotella fusca,ERR1075141
871325,species,0.00421496,Bacteroides faecichinchillae,ERR1075141
1382,species,0.00421496,Atopobium parvulum,ERR1075141
28152,species,0.00210748,Yersinia kristensenii,ERR1075141
79681,species,0.00210748,Tissierella creatinophila,ERR1075141
61435,species,0.00210748,Dehalococcoides mccartyi,ERR1075141
31973,species,0.00210748,Eggerthia catenaformis,ERR1075141
384638,species,0.00210748,[Bacteroides] pectinophilus,ERR1075141
33043,species,0.00210748,Coprococcus eutactus,ERR1075141
48467,species,0.00210748,Prosthecobacter debontii,ERR1075141
1613,species,0.00210748,Lactobacillus fermentum,ERR1075141
37915,species,0.00210748,Dietzia maris,ERR1075141
142651,species,0.00210748,Mycoplasma phocidae,ERR1075141
1404,species,0.00210748,Bacillus megaterium,ERR1075141
79209,species,0.00210748,Desulfosporosinus meridiei,ERR1075141
1496,species,0.00210748,Clostridioides difficile,ERR1075141
644,species,0.00210748,Aeromonas hydrophila,ERR1075141
33008,species,0.00210748,Rhodococcus globerulus,ERR1075141
899,species,0.00210748,Desulfomicrobium baculatum,ERR1075141
387093,species,0.00210748,Sulfurovum sp. NBC37-1,ERR1075141
1512,species,0.00210748,[Clostridium] symbiosum,ERR1075141
39488,species,0.00210748,[Eubacterium] hallii,ERR1075141
156892,species,0.00210748,Actinomyces marimammalium,ERR1075141
1659,species,0.00210748,Actinomyces israelii,ERR1075141
247639,species,0.00210748,marine gamma proteobacterium HTCC2080,ERR1075141
2736,species,0.00210748,Verrucomicrobium spinosum,ERR1075141
273528,species,0.00210748,Exiguobacterium marinum,ERR1075141
54911,species,0.00210748,Brevibacillus choshinensis,ERR1075141
29370,species,0.00210748,[Clostridium] sphenoides,ERR1075141
106634,species,0.00210748,Thioalkalivibrio versutus,ERR1075141
189722,species,0.00210748,Prevotella marshii,ERR1075141
1519,species,0.00210748,Clostridium tyrobutyricum,ERR1075141
167,species,0.00210748,Treponema succinifaciens,ERR1075141
502558,species,0.00210748,Eggerthella sp. YY7918,ERR1075141
66228,species,0.00210748,Actinomyces europaeus,ERR1075141
38986,species,0.00210748,Acholeplasma palmae,ERR1075141
2047,species,0.00210748,Rothia dentocariosa,ERR1075141
1364,species,0.00210748,Lactococcus piscium,ERR1075141
105229,species,0.00210748,Bacillus fumarioli,ERR1075141
454155,species,0.00210748,Paraprevotella xylaniphila,ERR1075141
155617,species,0.00210748,Enterococcus moraviensis,ERR1075141
206043,species,0.00210748,Actinomyces oricola,ERR1075141
35519,species,0.00210748,Mogibacterium timidum,ERR1075141
34038,species,0.00210748,Rahnella aquatilis,ERR1075141
133926,species,0.00210748,Olsenella uli,ERR1075141
584,species,0.00210748,Proteus mirabilis,ERR1075141
35517,species,0.00210748,[Eubacterium] brachy,ERR1075141
187101,species,0.00210748,Sneathia amnii,ERR1075141
694315,species,0.00210748,Kofleria flava,ERR1075141
33036,species,0.00210748,Anaerococcus tetradius,ERR1075141
84109,species,0.00210748,Slackia exigua,ERR1075141
1168034,species,0.00210748,Draconibacterium orientale,ERR1075141
1624,species,0.00210748,Lactobacillus salivarius,ERR1075141
1404244,species,0.00210748,Corynebacterium glyciniphilum,ERR1075141
29466,species,0.00210748,Veillonella parvula,ERR1075141
37919,species,0.00210748,Rhodococcus opacus,ERR1075141
1829,species,0.00210748,Rhodococcus rhodochrous,ERR1075141
882211,species,0.00210748,Pseudomonas deceptionensis,ERR1075141
1254,species,0.00210748,Pediococcus acidilactici,ERR1075141
2718,species,0.00210748,Cardiobacterium hominis,ERR1075141
39492,species,0.00210748,[Eubacterium] siraeum,ERR1075141
1547,species,0.00210748,Erysipelatoclostridium ramosum,ERR1075141
285091,species,0.00210748,Alcanivorax dieselolei,ERR1075141
71657,species,0.00210748,Lonsdalea quercina,ERR1075141
1479,species,0.00210748,Bacillus smithii,ERR1075141
1113609,species,0.00210748,Sphingobacterium sp. NBRC 13496,ERR1075141
53462,species,0.00210748,Mycobacterium mageritense,ERR1075141
44749,species,0.00210748,Sporobacter termitidis,ERR1075141
241555,species,0.00210748,Helcococcus sueciensis,ERR1075141
703,species,0.00210748,Plesiomonas shigelloides,ERR1075141
102684,species,0.00210748,Streptococcus infantarius,ERR1075141
45851,species,0.00210748,Butyrivibrio crossotus,ERR1075141
265981,species,0.00210748,Alkalimonas delamerensis,ERR1075141
57666,species,0.00210748,Sulfurospirillum arcachonense,ERR1075141
38313,species,0.00210748,Shewanella algae,ERR1075141
851,species,0.00210748,Fusobacterium nucleatum,ERR1075141
1661059,species,0.00210748,Pseudomonas sp. NBRC 111144,ERR1075141
1265,species,0.00210748,Ruminococcus flavefaciens,ERR1075141
202747,species,0.00210748,Sulfurimonas autotrophica,ERR1075141
86958,species,0.00210748,Propionispira paucivorans,ERR1075141
40214,species,0.00210748,Acinetobacter johnsonii,ERR1075141
691816,species,0.00210748,Bacteroides rodentium,ERR1075141
33039,species,0.00210748,[Ruminococcus] torques,ERR1075141
51161,species,0.00210748,Actinobacillus delphinicola,ERR1075141
582,species,0.00210748,Morganella morganii,ERR1075141
39491,species,0.00210748,[Eubacterium] rectale,ERR1075141
2741,species,0.00210748,Peptococcus niger,ERR1075141
573,species,0.00210748,Klebsiella pneumoniae,ERR1075141
219742,species,0.00210748,Psychrobacter adeliensis,ERR1075141
84032,species,0.00210748,[Clostridium] thermosuccinogenes,ERR1075141
861,species,0.00210748,Fusobacterium ulcerans,ERR1075141
237258,species,0.00210748,Cloacibacterium normanense,ERR1075141
28137,species,0.00210748,Prevotella veroralis,ERR1075141
28112,species,0.00210748,Tannerella forsythia,ERR1075141
118748,species,0.00210748,Bulleidia extructa,ERR1075141
33959,species,0.00210748,Lactobacillus johnsonii,ERR1075141
310297,species,0.00210748,Bacteroides plebeius,ERR1075141
437898,species,0.00210748,Sutterella parvirubra,ERR1075141
35785,species,0.00210748,Clostridium maximum,ERR1075141
1504,species,0.00210748,Clostridium septicum,ERR1075141
99807,species,0.00210748,Corynebacterium auriscanis,ERR1075141
427918,species,0.00210748,Nitriliruptor alkaliphilus,ERR1075141
29356,species,0.00210748,Clostridium chartatabidum,ERR1075141
132476,species,0.00210748,Pseudomonas kilonensis,ERR1075141
414,species,0.00210748,Methylococcus capsulatus,ERR1075141
552810,species,0.00210748,Dehalogenimonas lykanthroporepellens,ERR1075141
39791,species,0.00210748,Corynebacterium glucuronolyticum,ERR1075141
39493,species,0.00210748,Clostridium tarantellae,ERR1075141
197614,species,0.00210748,Streptococcus pasteurianus,ERR1075141
37624,species,0.00210748,Desulfuromusa bakii,ERR1075141
349751,species,0.00210748,Corynebacterium marinum,ERR1075141
1465521,species,0.00210748,Lactobacillus sp. JCM 8672,ERR1075141
350,species,0.00210748,Zoogloea ramigera,ERR1075141
328812,species,0.00210748,Parabacteroides goldsteinii,ERR1075141
28139,species,0.00210748,Rikenella microfusus,ERR1075141
920,species,0.00210748,Acidithiobacillus ferrooxidans,ERR1075141
1352,species,0.00210748,Enterococcus faecium,ERR1075141
2743,species,0.00210748,Marinobacter hydrocarbonoclasticus,ERR1075141
105841,species,0.00210748,Anaerostipes caccae,ERR1075141
572036,species,0.00210748,Pedobacter luteus,ERR1075141
2057,species,0.00210748,Sphaerobacter thermophilus,ERR1075141
290109,species,0.00210748,Xenorhabdus innexi,ERR1075141
762210,species,0.00210748,Bifidobacterium saguini,ERR1075141
937251,species,0.00210748,Youngiibacter multivorans,ERR1075141
44742,species,0.00210748,Desulfovibrio fairfieldensis,ERR1075141
310298,species,0.00210748,Bacteroides coprocola,ERR1075141
1520,species,0.00210748,Clostridium beijerinckii,ERR1075141
-1,species,63.4247,Unknown,ERR1075141
817,species,14.1897,Bacteroides fragilis,ERR1075141
239935,species,3.48577,Akkermansia muciniphila,ERR1075141
187327,species,2.63646,Acidaminococcus intestini,ERR1075141
1755626,species,1.84826,Faecalibacterium sp. MC_41,ERR1075141
28128,species,1.38672,Prevotella corporis,ERR1075141
386414,species,0.87039,Prevotella timonensis,ERR1075141
47678,species,0.847208,Bacteroides caccae,ERR1075141
818,species,0.649104,Bacteroides thetaiotaomicron,ERR1075141
76517,species,0.617492,Campylobacter hominis,ERR1075141
43131,species,0.55216,Tissierella praeacuta,ERR1075141
1630,species,0.547945,Kandleria vitulina,ERR1075141
821,species,0.442571,Bacteroides vulgatus,ERR1075141
33029,species,0.429926,Anaerococcus hydrogenalis,ERR1075141
28116,species,0.375132,Bacteroides ovatus,ERR1075141
351091,species,0.305585,Oscillibacter valericigenes,ERR1075141
28130,species,0.299262,Prevotella disiens,ERR1075141
36874,species,0.29294,Porphyromonas cangingivalis,ERR1075141
823,species,0.273973,Parabacteroides distasonis,ERR1075141
1260,species,0.263435,Finegoldia magna,ERR1075141
33031,species,0.246575,Peptoniphilus lacrimalis,ERR1075141
907,species,0.244468,Megasphaera elsdenii,ERR1075141
1223514,species,0.185458,Corynebacterium humireducens,ERR1075141
218538,species,0.183351,Dialister invisus,ERR1075141
165179,species,0.181243,Prevotella copri,ERR1075141
46503,species,0.166491,Parabacteroides merdae,ERR1075141
850,species,0.145416,Fusobacterium mortiferum,ERR1075141
28901,species,0.139094,Salmonella enterica,ERR1075141
33034,species,0.134879,Anaerococcus prevotii,ERR1075141
820,species,0.126449,Bacteroides uniformis,ERR1075141
33032,species,0.124341,Anaerococcus lactolyticus,ERR1075141
341694,species,0.118019,Peptostreptococcus stomatis,ERR1075141
1827099,species,0.118019,Peptoniphilus sp. JCM 8141,ERR1075141
28117,species,0.118019,Alistipes putredinis,ERR1075141
35833,species,0.113804,Bilophila wadsworthia,ERR1075141
2702,species,0.107482,Gardnerella vaginalis,ERR1075141
43770,species,0.101159,Corynebacterium striatum,ERR1075141
204516,species,0.0927292,Bacteroides massiliensis,ERR1075141
328813,species,0.0906217,Alistipes onderdonkii,ERR1075141
309120,species,0.0864067,Dialister micraerophilus,ERR1075141
59310,species,0.0821918,Streptococcus macedonicus,ERR1075141
626932,species,0.0821918,Alistipes indistinctus,ERR1075141
562,species,0.0800843,Escherichia coli,ERR1075141
82135,species,0.0758693,Atopobium vaginae,ERR1075141
2098,species,0.0737619,Mycoplasma hominis,ERR1075141
33037,species,0.0695469,Anaerococcus vaginalis,ERR1075141
28127,species,0.0695469,Prevotella buccalis,ERR1075141
69825,species,0.0695469,[Clostridium] indolis,ERR1075141
626930,species,0.0674394,Bacteroides fluxus,ERR1075141
536633,species,0.0632244,Blautia glucerasea,ERR1075141
28118,species,0.0632244,Odoribacter splanchnicus,ERR1075141
281920,species,0.061117,Porphyromonas uenonis,ERR1075141
28037,species,0.061117,Streptococcus mitis,ERR1075141
40543,species,0.0590095,Sneathia sanguinegens,ERR1075141
1725,species,0.056902,Corynebacterium xerosis,ERR1075141
876,species,0.0547945,Desulfovibrio desulfuricans,ERR1075141
184870,species,0.0547945,Varibaculum cambriense,ERR1075141
38304,species,0.052687,Corynebacterium tuberculostearicum,ERR1075141
881,species,0.052687,Desulfovibrio vulgaris,ERR1075141
246787,species,0.0505796,Bacteroides cellulosilyticus,ERR1075141
419005,species,0.0505796,Prevotella amnii,ERR1075141
40520,species,0.0484721,Blautia obeum,ERR1075141
136857,species,0.0442571,Corynebacterium testudinoris,ERR1075141
301301,species,0.0442571,Roseburia hominis,ERR1075141
1381,species,0.0400422,Atopobium minutum,ERR1075141
150240,species,0.0400422,Gemella cuniculi,ERR1075141
178214,species,0.0379347,Facklamia hominis,ERR1075141
291645,species,0.0379347,Bacteroides nordii,ERR1075141
39486,species,0.0379347,Dorea formicigenerans,ERR1075141
114527,species,0.0358272,Mogibacterium diversum,ERR1075141
46506,species,0.0337197,Bacteroides stercoris,ERR1075141
28123,species,0.0337197,Porphyromonas asaccharolytica,ERR1075141
208479,species,0.0337197,[Clostridium] bolteae,ERR1075141
39950,species,0.0316122,Dialister pneumosintes,ERR1075141
1308,species,0.0316122,Streptococcus thermophilus,ERR1075141
228603,species,0.0295047,Prevotella shahii,ERR1075141
487175,species,0.0295047,Parasutterella excrementihominis,ERR1075141
1735,species,0.0295047,Holdemanella biformis,ERR1075141
410072,species,0.0295047,Coprococcus comes,ERR1075141
28125,species,0.0273973,Prevotella bivia,ERR1075141
827,species,0.0273973,Campylobacter ureolyticus,ERR1075141
33007,species,0.0252898,Actinomyces neuii,ERR1075141
1177728,species,0.0252898,Varibaculum sp. CCUG 31793,ERR1075141
1258,species,0.0231823,Peptoniphilus asaccharolyticus,ERR1075141
214856,species,0.0231823,Alistipes finegoldii,ERR1075141
1859291,species,0.0231823,Corynebacterium sp. YIM 101587,ERR1075141
701529,species,0.0231823,Peptoniphilus sp. JCM 8143,ERR1075141
54006,species,0.0231823,Peptoniphilus ivorii,ERR1075141
1328,species,0.0210748,Streptococcus anginosus,ERR1075141
46206,species,0.0210748,Pseudobutyrivibrio ruminis,ERR1075141
905,species,0.0210748,Acidaminococcus fermentans,ERR1075141
1660,species,0.0189673,Actinomyces odontolyticus,ERR1075141
29524,species,0.0189673,Porphyromonas circumdentaria,ERR1075141
371601,species,0.0189673,Bacteroides xylanisolvens,ERR1075141
43143,species,0.0189673,Tissierella creatinini,ERR1075141
39484,species,0.0189673,Eubacterium desmolans,ERR1075141
53374,species,0.0189673,Corynebacterium coyleae,ERR1075141
1303,species,0.0168599,Streptococcus oralis,ERR1075141
151276,species,0.0168599,Bacteroides coprosuis,ERR1075141
598660,species,0.0168599,Corynebacterium pyruviciproducens,ERR1075141
61171,species,0.0168599,Holdemania filiformis,ERR1075141
1522,species,0.0168599,[Clostridium] innocuum,ERR1075141
242750,species,0.0168599,Prevotella bergensis,ERR1075141
52787,species,0.0147524,Anaerofilum pentosovorans,ERR1075141
1267,species,0.0147524,Clostridium ventriculi,ERR1075141
90730,species,0.0126449,Desulfosarcina cetonica,ERR1075141
1717,species,0.0126449,Corynebacterium diphtheriae,ERR1075141
1859290,species,0.0126449,Corynebacterium sp. YIM 101343,ERR1075141
40519,species,0.0126449,Ruminococcus callidus,ERR1075141
1705,species,0.0126449,Corynebacterium stationis,ERR1075141
1515,species,0.0126449,Ruminiclostridium thermocellum,ERR1075141
1727,species,0.0126449,Corynebacterium variabile,ERR1075141
234828,species,0.0126449,Corynebacterium caspium,ERR1075141
38303,species,0.0105374,Corynebacterium pseudogenitalium,ERR1075141
191493,species,0.0105374,Corynebacterium sphenisci,ERR1075141
856,species,0.0105374,Fusobacterium varium,ERR1075141
1487956,species,0.0105374,Corynebacterium sp. ATCC 6931,ERR1075141
1280,species,0.0105374,Staphylococcus aureus,ERR1075141
191610,species,0.0105374,Corynebacterium atypicum,ERR1075141
328814,species,0.0105374,Alistipes shahii,ERR1075141
39498,species,0.0105374,[Eubacterium] yurii,ERR1075141
115979,species,0.00842993,Bacillus nealsonii,ERR1075141
1304,species,0.00842993,Streptococcus salivarius,ERR1075141
39490,species,0.00842993,Eubacterium ramulus,ERR1075141
29348,species,0.00842993,[Clostridium] spiroforme,ERR1075141
357276,species,0.00842993,Bacteroides dorei,ERR1075141
169292,species,0.00842993,Corynebacterium aurimucosum,ERR1075141
288965,species,0.00842993,[Clostridium] clariflavum,ERR1075141
29385,species,0.00842993,Staphylococcus saprophyticus,ERR1075141
839,species,0.00842993,Prevotella ruminicola,ERR1075141
52561,species,0.00842993,Desulfomicrobium norvegicum,ERR1075141
1776082,species,0.00842993,Shigella sp. SF-2015,ERR1075141
160386,species,0.00842993,Corynebacterium casei,ERR1075141
1113655,species,0.00842993,Psychrobacter sp. NBRC 15736,ERR1075141
1311,species,0.00842993,Streptococcus agalactiae,ERR1075141
397865,species,0.00842993,Barnesiella viscericola,ERR1075141
38286,species,0.00842993,Corynebacterium afermentans,ERR1075141
1282,species,0.00632244,Staphylococcus epidermidis,ERR1075141
166486,species,0.00632244,Roseburia intestinalis,ERR1075141
28129,species,0.00632244,Prevotella denticola,ERR1075141
294,species,0.00632244,Pseudomonas fluorescens,ERR1075141
1465754,species,0.00632244,Alistipes timonensis,ERR1075141
633701,species,0.00632244,Prevotella saccharolytica,ERR1075141
39487,species,0.00632244,Atopobium fossor,ERR1075141
729,species,0.00632244,Haemophilus parainfluenzae,ERR1075141
332249,species,0.00632244,Truepera radiovictrix,ERR1075141
74426,species,0.00632244,Collinsella aerofaciens,ERR1075141
329854,species,0.00632244,Bacteroides intestinalis,ERR1075141
169435,species,0.00632244,Anaerotruncus colihominis,ERR1075141
907224,species,0.00632244,Peptoniphilus methioninivorax,ERR1075141
1755607,species,0.00632244,Bacteroides sp. MC_16,ERR1075141
39029,species,0.00632244,Megasphaera cerevisiae,ERR1075141
52773,species,0.00632244,Actinomyces meyeri,ERR1075141
33033,species,0.00632244,Parvimonas micra,ERR1075141
29375,species,0.00632244,[Clostridium] xylanolyticum,ERR1075141
114528,species,0.00632244,Mogibacterium neglectum,ERR1075141
1535,species,0.00632244,[Clostridium] leptum,ERR1075141
1304158,species,0.00632244,Salinisphaera halophila,ERR1075141
1724,species,0.00632244,Corynebacterium renale,ERR1075141
470565,species,0.00632244,Prevotella histicola,ERR1075141
535744,species,0.00632244,Cronobacter universalis,ERR1075141
1590,species,0.00632244,Lactobacillus plantarum,ERR1075141
1623,species,0.00632244,Lactobacillus ruminis,ERR1075141
185294,species,0.00632244,Prevotella paludivivens,ERR1075141
338188,species,0.00632244,Bacteroides finegoldii,ERR1075141
84030,species,0.00632244,[Clostridium] saccharolyticum,ERR1075141
33035,species,0.00632244,Blautia producta,ERR1075141
33038,species,0.00632244,[Ruminococcus] gnavus,ERR1075141
28133,species,0.00632244,Prevotella nigrescens,ERR1075141
387661,species,0.00632244,Parabacteroides johnsonii,ERR1075141
477666,species,0.00421496,Bacteroides graminisolvens,ERR1075141
121163,species,0.00421496,Actinomyces suimastitidis,ERR1075141
28134,species,0.00421496,Prevotella oralis,ERR1075141
415956,species,0.00421496,Sphingobacterium composti Yoo et al. 2007,ERR1075141
317,species,0.00421496,Pseudomonas syringae,ERR1075141
187491,species,0.00421496,Corynebacterium glaucum,ERR1075141
741091,species,0.00421496,Rahnella sp. Y9602,ERR1075141
56698,species,0.00421496,Sulfurospirillum arsenophilum,ERR1075141
392838,species,0.00421496,Bacteroides propionicifaciens,ERR1075141
589436,species,0.00421496,Prevotella fusca,ERR1075141
1382,species,0.00421496,Atopobium parvulum,ERR1075141
871325,species,0.00421496,Bacteroides faecichinchillae,ERR1075141
218284,species,0.00421496,Bacillus vietnamensis,ERR1075141
39774,species,0.00421496,Methylomicrobium agile,ERR1075141
454154,species,0.00421496,Paraprevotella clara,ERR1075141
216816,species,0.00421496,Bifidobacterium longum,ERR1075141
38301,species,0.00421496,Corynebacterium minutissimum,ERR1075141
863643,species,0.00421496,Thermincola potens,ERR1075141
28446,species,0.00421496,[Clostridium] propionicum,ERR1075141
472113,species,0.00421496,Geofilum rubicundum,ERR1075141
28135,species,0.00421496,Prevotella oris,ERR1075141
134605,species,0.00421496,Fusobacterium equinum,ERR1075141
400390,species,0.00421496,Alkalimonas collagenimarina,ERR1075141
1086703,species,0.00421496,Luteolibacter luojiensis,ERR1075141
1718,species,0.00421496,Corynebacterium glutamicum,ERR1075141
649724,species,0.00421496,Clostridium sp. ATCC BAA-442,ERR1075141
28136,species,0.00421496,Prevotella oulorum,ERR1075141
122355,species,0.00421496,Pseudomonas psychrophila,ERR1075141
33039,species,0.00210748,[Ruminococcus] torques,ERR1075141
851,species,0.00210748,Fusobacterium nucleatum,ERR1075141
1661059,species,0.00210748,Pseudomonas sp. NBRC 111144,ERR1075141
1265,species,0.00210748,Ruminococcus flavefaciens,ERR1075141
202747,species,0.00210748,Sulfurimonas autotrophica,ERR1075141
86958,species,0.00210748,Propionispira paucivorans,ERR1075141
40214,species,0.00210748,Acinetobacter johnsonii,ERR1075141
691816,species,0.00210748,Bacteroides rodentium,ERR1075141
2741,species,0.00210748,Peptococcus niger,ERR1075141
573,species,0.00210748,Klebsiella pneumoniae,ERR1075141
51161,species,0.00210748,Actinobacillus delphinicola,ERR1075141
582,species,0.00210748,Morganella morganii,ERR1075141
39491,species,0.00210748,[Eubacterium] rectale,ERR1075141
28137,species,0.00210748,Prevotella veroralis,ERR1075141
28112,species,0.00210748,Tannerella forsythia,ERR1075141
118748,species,0.00210748,Bulleidia extructa,ERR1075141
219742,species,0.00210748,Psychrobacter adeliensis,ERR1075141
84032,species,0.00210748,[Clostridium] thermosuccinogenes,ERR1075141
861,species,0.00210748,Fusobacterium ulcerans,ERR1075141
237258,species,0.00210748,Cloacibacterium normanense,ERR1075141
99807,species,0.00210748,Corynebacterium auriscanis,ERR1075141
427918,species,0.00210748,Nitriliruptor alkaliphilus,ERR1075141
29356,species,0.00210748,Clostridium chartatabidum,ERR1075141
132476,species,0.00210748,Pseudomonas kilonensis,ERR1075141
33959,species,0.00210748,Lactobacillus johnsonii,ERR1075141
310297,species,0.00210748,Bacteroides plebeius,ERR1075141
437898,species,0.00210748,Sutterella parvirubra,ERR1075141
35785,species,0.00210748,Clostridium maximum,ERR1075141
1504,species,0.00210748,Clostridium septicum,ERR1075141
37624,species,0.00210748,Desulfuromusa bakii,ERR1075141
349751,species,0.00210748,Corynebacterium marinum,ERR1075141
1465521,species,0.00210748,Lactobacillus sp. JCM 8672,ERR1075141
414,species,0.00210748,Methylococcus capsulatus,ERR1075141
552810,species,0.00210748,Dehalogenimonas lykanthroporepellens,ERR1075141
39791,species,0.00210748,Corynebacterium glucuronolyticum,ERR1075141
39493,species,0.00210748,Clostridium tarantellae,ERR1075141
197614,species,0.00210748,Streptococcus pasteurianus,ERR1075141
1352,species,0.00210748,Enterococcus faecium,ERR1075141
2743,species,0.00210748,Marinobacter hydrocarbonoclasticus,ERR1075141
350,species,0.00210748,Zoogloea ramigera,ERR1075141
328812,species,0.00210748,Parabacteroides goldsteinii,ERR1075141
28139,species,0.00210748,Rikenella microfusus,ERR1075141
920,species,0.00210748,Acidithiobacillus ferrooxidans,ERR1075141
1520,species,0.00210748,Clostridium beijerinckii,ERR1075141
105841,species,0.00210748,Anaerostipes caccae,ERR1075141
572036,species,0.00210748,Pedobacter luteus,ERR1075141
2057,species,0.00210748,Sphaerobacter thermophilus,ERR1075141
290109,species,0.00210748,Xenorhabdus innexi,ERR1075141
762210,species,0.00210748,Bifidobacterium saguini,ERR1075141
937251,species,0.00210748,Youngiibacter multivorans,ERR1075141
44742,species,0.00210748,Desulfovibrio fairfieldensis,ERR1075141
310298,species,0.00210748,Bacteroides coprocola,ERR1075141
28152,species,0.00210748,Yersinia kristensenii,ERR1075141
79681,species,0.00210748,Tissierella creatinophila,ERR1075141
61435,species,0.00210748,Dehalococcoides mccartyi,ERR1075141
31973,species,0.00210748,Eggerthia catenaformis,ERR1075141
384638,species,0.00210748,[Bacteroides] pectinophilus,ERR1075141
33043,species,0.00210748,Coprococcus eutactus,ERR1075141
48467,species,0.00210748,Prosthecobacter debontii,ERR1075141
1613,species,0.00210748,Lactobacillus fermentum,ERR1075141
37915,species,0.00210748,Dietzia maris,ERR1075141
142651,species,0.00210748,Mycoplasma phocidae,ERR1075141
1404,species,0.00210748,Bacillus megaterium,ERR1075141
79209,species,0.00210748,Desulfosporosinus meridiei,ERR1075141
1496,species,0.00210748,Clostridioides difficile,ERR1075141
644,species,0.00210748,Aeromonas hydrophila,ERR1075141
33008,species,0.00210748,Rhodococcus globerulus,ERR1075141
899,species,0.00210748,Desulfomicrobium baculatum,ERR1075141
387093,species,0.00210748,Sulfurovum sp. NBC37-1,ERR1075141
2736,species,0.00210748,Verrucomicrobium spinosum,ERR1075141
273528,species,0.00210748,Exiguobacterium marinum,ERR1075141
54911,species,0.00210748,Brevibacillus choshinensis,ERR1075141
1512,species,0.00210748,[Clostridium] symbiosum,ERR1075141
39488,species,0.00210748,[Eubacterium] hallii,ERR1075141
156892,species,0.00210748,Actinomyces marimammalium,ERR1075141
1659,species,0.00210748,Actinomyces israelii,ERR1075141
247639,species,0.00210748,marine gamma proteobacterium HTCC2080,ERR1075141
502558,species,0.00210748,Eggerthella sp. YY7918,ERR1075141
66228,species,0.00210748,Actinomyces europaeus,ERR1075141
29370,species,0.00210748,[Clostridium] sphenoides,ERR1075141
106634,species,0.00210748,Thioalkalivibrio versutus,ERR1075141
189722,species,0.00210748,Prevotella marshii,ERR1075141
1519,species,0.00210748,Clostridium tyrobutyricum,ERR1075141
167,species,0.00210748,Treponema succinifaciens,ERR1075141
155617,species,0.00210748,Enterococcus moraviensis,ERR1075141
206043,species,0.00210748,Actinomyces oricola,ERR1075141
38986,species,0.00210748,Acholeplasma palmae,ERR1075141
2047,species,0.00210748,Rothia dentocariosa,ERR1075141
1364,species,0.00210748,Lactococcus piscium,ERR1075141
105229,species,0.00210748,Bacillus fumarioli,ERR1075141
454155,species,0.00210748,Paraprevotella xylaniphila,ERR1075141
133926,species,0.00210748,Olsenella uli,ERR1075141
584,species,0.00210748,Proteus mirabilis,ERR1075141
35517,species,0.00210748,[Eubacterium] brachy,ERR1075141
35519,species,0.00210748,Mogibacterium timidum,ERR1075141
34038,species,0.00210748,Rahnella aquatilis,ERR1075141
1829,species,0.00210748,Rhodococcus rhodochrous,ERR1075141
882211,species,0.00210748,Pseudomonas deceptionensis,ERR1075141
1254,species,0.00210748,Pediococcus acidilactici,ERR1075141
2718,species,0.00210748,Cardiobacterium hominis,ERR1075141
187101,species,0.00210748,Sneathia amnii,ERR1075141
694315,species,0.00210748,Kofleria flava,ERR1075141
33036,species,0.00210748,Anaerococcus tetradius,ERR1075141
84109,species,0.00210748,Slackia exigua,ERR1075141
1168034,species,0.00210748,Draconibacterium orientale,ERR1075141
1624,species,0.00210748,Lactobacillus salivarius,ERR1075141
1404244,species,0.00210748,Corynebacterium glyciniphilum,ERR1075141
29466,species,0.00210748,Veillonella parvula,ERR1075141
37919,species,0.00210748,Rhodococcus opacus,ERR1075141
53462,species,0.00210748,Mycobacterium mageritense,ERR1075141
44749,species,0.00210748,Sporobacter termitidis,ERR1075141
241555,species,0.00210748,Helcococcus sueciensis,ERR1075141
39492,species,0.00210748,[Eubacterium] siraeum,ERR1075141
1547,species,0.00210748,Erysipelatoclostridium ramosum,ERR1075141
285091,species,0.00210748,Alcanivorax dieselolei,ERR1075141
71657,species,0.00210748,Lonsdalea quercina,ERR1075141
1479,species,0.00210748,Bacillus smithii,ERR1075141
1113609,species,0.00210748,Sphingobacterium sp. NBRC 13496,ERR1075141
703,species,0.00210748,Plesiomonas shigelloides,ERR1075141
102684,species,0.00210748,Streptococcus infantarius,ERR1075141
45851,species,0.00210748,Butyrivibrio crossotus,ERR1075141
265981,species,0.00210748,Alkalimonas delamerensis,ERR1075141
57666,species,0.00210748,Sulfurospirillum arcachonense,ERR1075141
38313,species,0.00210748,Shewanella algae,ERR1075141
-1,species,63.4247,Unknown,ERR1075141
817,species,14.1897,Bacteroides fragilis,ERR1075141
239935,species,3.48577,Akkermansia muciniphila,ERR1075141
187327,species,2.63646,Acidaminococcus intestini,ERR1075141
1755626,species,1.84826,Faecalibacterium sp. MC_41,ERR1075141
28128,species,1.38672,Prevotella corporis,ERR1075141
386414,species,0.87039,Prevotella timonensis,ERR1075141
47678,species,0.847208,Bacteroides caccae,ERR1075141
818,species,0.649104,Bacteroides thetaiotaomicron,ERR1075141
76517,species,0.617492,Campylobacter hominis,ERR1075141
43131,species,0.55216,Tissierella praeacuta,ERR1075141
1630,species,0.547945,Kandleria vitulina,ERR1075141
821,species,0.442571,Bacteroides vulgatus,ERR1075141
33029,species,0.429926,Anaerococcus hydrogenalis,ERR1075141
28116,species,0.375132,Bacteroides ovatus,ERR1075141
351091,species,0.305585,Oscillibacter valericigenes,ERR1075141
28130,species,0.299262,Prevotella disiens,ERR1075141
36874,species,0.29294,Porphyromonas cangingivalis,ERR1075141
823,species,0.273973,Parabacteroides distasonis,ERR1075141
1260,species,0.263435,Finegoldia magna,ERR1075141
33031,species,0.246575,Peptoniphilus lacrimalis,ERR1075141
907,species,0.244468,Megasphaera elsdenii,ERR1075141
1223514,species,0.185458,Corynebacterium humireducens,ERR1075141
218538,species,0.183351,Dialister invisus,ERR1075141
165179,species,0.181243,Prevotella copri,ERR1075141
46503,species,0.166491,Parabacteroides merdae,ERR1075141
850,species,0.145416,Fusobacterium mortiferum,ERR1075141
28901,species,0.139094,Salmonella enterica,ERR1075141
33034,species,0.134879,Anaerococcus prevotii,ERR1075141
820,species,0.126449,Bacteroides uniformis,ERR1075141
33032,species,0.124341,Anaerococcus lactolyticus,ERR1075141
28117,species,0.118019,Alistipes putredinis,ERR1075141
341694,species,0.118019,Peptostreptococcus stomatis,ERR1075141
1827099,species,0.118019,Peptoniphilus sp. JCM 8141,ERR1075141
35833,species,0.113804,Bilophila wadsworthia,ERR1075141
2702,species,0.107482,Gardnerella vaginalis,ERR1075141
43770,species,0.101159,Corynebacterium striatum,ERR1075141
204516,species,0.0927292,Bacteroides massiliensis,ERR1075141
328813,species,0.0906217,Alistipes onderdonkii,ERR1075141
309120,species,0.0864067,Dialister micraerophilus,ERR1075141
626932,species,0.0821918,Alistipes indistinctus,ERR1075141
59310,species,0.0821918,Streptococcus macedonicus,ERR1075141
562,species,0.0800843,Escherichia coli,ERR1075141
82135,species,0.0758693,Atopobium vaginae,ERR1075141
2098,species,0.0737619,Mycoplasma hominis,ERR1075141
28127,species,0.0695469,Prevotella buccalis,ERR1075141
69825,species,0.0695469,[Clostridium] indolis,ERR1075141
33037,species,0.0695469,Anaerococcus vaginalis,ERR1075141
626930,species,0.0674394,Bacteroides fluxus,ERR1075141
28118,species,0.0632244,Odoribacter splanchnicus,ERR1075141
536633,species,0.0632244,Blautia glucerasea,ERR1075141
28037,species,0.061117,Streptococcus mitis,ERR1075141
281920,species,0.061117,Porphyromonas uenonis,ERR1075141
40543,species,0.0590095,Sneathia sanguinegens,ERR1075141
1725,species,0.056902,Corynebacterium xerosis,ERR1075141
876,species,0.0547945,Desulfovibrio desulfuricans,ERR1075141
184870,species,0.0547945,Varibaculum cambriense,ERR1075141
881,species,0.052687,Desulfovibrio vulgaris,ERR1075141
38304,species,0.052687,Corynebacterium tuberculostearicum,ERR1075141
419005,species,0.0505796,Prevotella amnii,ERR1075141
246787,species,0.0505796,Bacteroides cellulosilyticus,ERR1075141
40520,species,0.0484721,Blautia obeum,ERR1075141
301301,species,0.0442571,Roseburia hominis,ERR1075141
136857,species,0.0442571,Corynebacterium testudinoris,ERR1075141
1381,species,0.0400422,Atopobium minutum,ERR1075141
150240,species,0.0400422,Gemella cuniculi,ERR1075141
39486,species,0.0379347,Dorea formicigenerans,ERR1075141
291645,species,0.0379347,Bacteroides nordii,ERR1075141
178214,species,0.0379347,Facklamia hominis,ERR1075141
114527,species,0.0358272,Mogibacterium diversum,ERR1075141
28123,species,0.0337197,Porphyromonas asaccharolytica,ERR1075141
208479,species,0.0337197,[Clostridium] bolteae,ERR1075141
46506,species,0.0337197,Bacteroides stercoris,ERR1075141
1308,species,0.0316122,Streptococcus thermophilus,ERR1075141
39950,species,0.0316122,Dialister pneumosintes,ERR1075141
1735,species,0.0295047,Holdemanella biformis,ERR1075141
410072,species,0.0295047,Coprococcus comes,ERR1075141
228603,species,0.0295047,Prevotella shahii,ERR1075141
487175,species,0.0295047,Parasutterella excrementihominis,ERR1075141
28125,species,0.0273973,Prevotella bivia,ERR1075141
827,species,0.0273973,Campylobacter ureolyticus,ERR1075141
1177728,species,0.0252898,Varibaculum sp. CCUG 31793,ERR1075141
33007,species,0.0252898,Actinomyces neuii,ERR1075141
54006,species,0.0231823,Peptoniphilus ivorii,ERR1075141
701529,species,0.0231823,Peptoniphilus sp. JCM 8143,ERR1075141
1258,species,0.0231823,Peptoniphilus asaccharolyticus,ERR1075141
214856,species,0.0231823,Alistipes finegoldii,ERR1075141
1859291,species,0.0231823,Corynebacterium sp. YIM 101587,ERR1075141
1328,species,0.0210748,Streptococcus anginosus,ERR1075141
46206,species,0.0210748,Pseudobutyrivibrio ruminis,ERR1075141
905,species,0.0210748,Acidaminococcus fermentans,ERR1075141
53374,species,0.0189673,Corynebacterium coyleae,ERR1075141
39484,species,0.0189673,Eubacterium desmolans,ERR1075141
1660,species,0.0189673,Actinomyces odontolyticus,ERR1075141
29524,species,0.0189673,Porphyromonas circumdentaria,ERR1075141
371601,species,0.0189673,Bacteroides xylanisolvens,ERR1075141
43143,species,0.0189673,Tissierella creatinini,ERR1075141
1522,species,0.0168599,[Clostridium] innocuum,ERR1075141
242750,species,0.0168599,Prevotella bergensis,ERR1075141
1303,species,0.0168599,Streptococcus oralis,ERR1075141
151276,species,0.0168599,Bacteroides coprosuis,ERR1075141
598660,species,0.0168599,Corynebacterium pyruviciproducens,ERR1075141
61171,species,0.0168599,Holdemania filiformis,ERR1075141
1267,species,0.0147524,Clostridium ventriculi,ERR1075141
52787,species,0.0147524,Anaerofilum pentosovorans,ERR1075141
1727,species,0.0126449,Corynebacterium variabile,ERR1075141
234828,species,0.0126449,Corynebacterium caspium,ERR1075141
90730,species,0.0126449,Desulfosarcina cetonica,ERR1075141
1717,species,0.0126449,Corynebacterium diphtheriae,ERR1075141
1859290,species,0.0126449,Corynebacterium sp. YIM 101343,ERR1075141
40519,species,0.0126449,Ruminococcus callidus,ERR1075141
1705,species,0.0126449,Corynebacterium stationis,ERR1075141
1515,species,0.0126449,Ruminiclostridium thermocellum,ERR1075141
39498,species,0.0105374,[Eubacterium] yurii,ERR1075141
38303,species,0.0105374,Corynebacterium pseudogenitalium,ERR1075141
191493,species,0.0105374,Corynebacterium sphenisci,ERR1075141
856,species,0.0105374,Fusobacterium varium,ERR1075141
1280,species,0.0105374,Staphylococcus aureus,ERR1075141
1487956,species,0.0105374,Corynebacterium sp. ATCC 6931,ERR1075141
191610,species,0.0105374,Corynebacterium atypicum,ERR1075141
328814,species,0.0105374,Alistipes shahii,ERR1075141
160386,species,0.00842993,Corynebacterium casei,ERR1075141
1113655,species,0.00842993,Psychrobacter sp. NBRC 15736,ERR1075141
1311,species,0.00842993,Streptococcus agalactiae,ERR1075141
38286,species,0.00842993,Corynebacterium afermentans,ERR1075141
397865,species,0.00842993,Barnesiella viscericola,ERR1075141
115979,species,0.00842993,Bacillus nealsonii,ERR1075141
1304,species,0.00842993,Streptococcus salivarius,ERR1075141
39490,species,0.00842993,Eubacterium ramulus,ERR1075141
29348,species,0.00842993,[Clostridium] spiroforme,ERR1075141
357276,species,0.00842993,Bacteroides dorei,ERR1075141
169292,species,0.00842993,Corynebacterium aurimucosum,ERR1075141
288965,species,0.00842993,[Clostridium] clariflavum,ERR1075141
29385,species,0.00842993,Staphylococcus saprophyticus,ERR1075141
839,species,0.00842993,Prevotella ruminicola,ERR1075141
52561,species,0.00842993,Desulfomicrobium norvegicum,ERR1075141
1776082,species,0.00842993,Shigella sp. SF-2015,ERR1075141
52773,species,0.00632244,Actinomyces meyeri,ERR1075141
33033,species,0.00632244,Parvimonas micra,ERR1075141
114528,species,0.00632244,Mogibacterium neglectum,ERR1075141
1535,species,0.00632244,[Clostridium] leptum,ERR1075141
29375,species,0.00632244,[Clostridium] xylanolyticum,ERR1075141
1304158,species,0.00632244,Salinisphaera halophila,ERR1075141
1724,species,0.00632244,Corynebacterium renale,ERR1075141
470565,species,0.00632244,Prevotella histicola,ERR1075141
535744,species,0.00632244,Cronobacter universalis,ERR1075141
1590,species,0.00632244,Lactobacillus plantarum,ERR1075141
1623,species,0.00632244,Lactobacillus ruminis,ERR1075141
185294,species,0.00632244,Prevotella paludivivens,ERR1075141
338188,species,0.00632244,Bacteroides finegoldii,ERR1075141
84030,species,0.00632244,[Clostridium] saccharolyticum,ERR1075141
387661,species,0.00632244,Parabacteroides johnsonii,ERR1075141
33035,species,0.00632244,Blautia producta,ERR1075141
33038,species,0.00632244,[Ruminococcus] gnavus,ERR1075141
28133,species,0.00632244,Prevotella nigrescens,ERR1075141
1282,species,0.00632244,Staphylococcus epidermidis,ERR1075141
166486,species,0.00632244,Roseburia intestinalis,ERR1075141
28129,species,0.00632244,Prevotella denticola,ERR1075141
294,species,0.00632244,Pseudomonas fluorescens,ERR1075141
1465754,species,0.00632244,Alistipes timonensis,ERR1075141
39487,species,0.00632244,Atopobium fossor,ERR1075141
729,species,0.00632244,Haemophilus parainfluenzae,ERR1075141
332249,species,0.00632244,Truepera radiovictrix,ERR1075141
74426,species,0.00632244,Collinsella aerofaciens,ERR1075141
633701,species,0.00632244,Prevotella saccharolytica,ERR1075141
329854,species,0.00632244,Bacteroides intestinalis,ERR1075141
1755607,species,0.00632244,Bacteroides sp. MC_16,ERR1075141
169435,species,0.00632244,Anaerotruncus colihominis,ERR1075141
907224,species,0.00632244,Peptoniphilus methioninivorax,ERR1075141
39029,species,0.00632244,Megasphaera cerevisiae,ERR1075141
454154,species,0.00421496,Paraprevotella clara,ERR1075141
39774,species,0.00421496,Methylomicrobium agile,ERR1075141
38301,species,0.00421496,Corynebacterium minutissimum,ERR1075141
863643,species,0.00421496,Thermincola potens,ERR1075141
28446,species,0.00421496,[Clostridium] propionicum,ERR1075141
216816,species,0.00421496,Bifidobacterium longum,ERR1075141
134605,species,0.00421496,Fusobacterium equinum,ERR1075141
400390,species,0.00421496,Alkalimonas collagenimarina,ERR1075141
472113,species,0.00421496,Geofilum rubicundum,ERR1075141
28135,species,0.00421496,Prevotella oris,ERR1075141
1086703,species,0.00421496,Luteolibacter luojiensis,ERR1075141
1718,species,0.00421496,Corynebacterium glutamicum,ERR1075141
649724,species,0.00421496,Clostridium sp. ATCC BAA-442,ERR1075141
28136,species,0.00421496,Prevotella oulorum,ERR1075141
122355,species,0.00421496,Pseudomonas psychrophila,ERR1075141
121163,species,0.00421496,Actinomyces suimastitidis,ERR1075141
477666,species,0.00421496,Bacteroides graminisolvens,ERR1075141
28134,species,0.00421496,Prevotella oralis,ERR1075141
415956,species,0.00421496,Sphingobacterium composti Yoo et al. 2007,ERR1075141
317,species,0.00421496,Pseudomonas syringae,ERR1075141
187491,species,0.00421496,Corynebacterium glaucum,ERR1075141
741091,species,0.00421496,Rahnella sp. Y9602,ERR1075141
392838,species,0.00421496,Bacteroides propionicifaciens,ERR1075141
56698,species,0.00421496,Sulfurospirillum arsenophilum,ERR1075141
589436,species,0.00421496,Prevotella fusca,ERR1075141
871325,species,0.00421496,Bacteroides faecichinchillae,ERR1075141
1382,species,0.00421496,Atopobium parvulum,ERR1075141
218284,species,0.00421496,Bacillus vietnamensis,ERR1075141
1512,species,0.00210748,[Clostridium] symbiosum,ERR1075141
39488,species,0.00210748,[Eubacterium] hallii,ERR1075141
156892,species,0.00210748,Actinomyces marimammalium,ERR1075141
1659,species,0.00210748,Actinomyces israelii,ERR1075141
247639,species,0.00210748,marine gamma proteobacterium HTCC2080,ERR1075141
2736,species,0.00210748,Verrucomicrobium spinosum,ERR1075141
273528,species,0.00210748,Exiguobacterium marinum,ERR1075141
54911,species,0.00210748,Brevibacillus choshinensis,ERR1075141
29370,species,0.00210748,[Clostridium] sphenoides,ERR1075141
106634,species,0.00210748,Thioalkalivibrio versutus,ERR1075141
189722,species,0.00210748,Prevotella marshii,ERR1075141
1519,species,0.00210748,Clostridium tyrobutyricum,ERR1075141
167,species,0.00210748,Treponema succinifaciens,ERR1075141
502558,species,0.00210748,Eggerthella sp. YY7918,ERR1075141
66228,species,0.00210748,Actinomyces europaeus,ERR1075141
38986,species,0.00210748,Acholeplasma palmae,ERR1075141
2047,species,0.00210748,Rothia dentocariosa,ERR1075141
1364,species,0.00210748,Lactococcus piscium,ERR1075141
105229,species,0.00210748,Bacillus fumarioli,ERR1075141
454155,species,0.00210748,Paraprevotella xylaniphila,ERR1075141
155617,species,0.00210748,Enterococcus moraviensis,ERR1075141
206043,species,0.00210748,Actinomyces oricola,ERR1075141
35519,species,0.00210748,Mogibacterium timidum,ERR1075141
34038,species,0.00210748,Rahnella aquatilis,ERR1075141
133926,species,0.00210748,Olsenella uli,ERR1075141
584,species,0.00210748,Proteus mirabilis,ERR1075141
35517,species,0.00210748,[Eubacterium] brachy,ERR1075141
694315,species,0.00210748,Kofleria flava,ERR1075141
33036,species,0.00210748,Anaerococcus tetradius,ERR1075141
84109,species,0.00210748,Slackia exigua,ERR1075141
1168034,species,0.00210748,Draconibacterium orientale,ERR1075141
1624,species,0.00210748,Lactobacillus salivarius,ERR1075141
1404244,species,0.00210748,Corynebacterium glyciniphilum,ERR1075141
29466,species,0.00210748,Veillonella parvula,ERR1075141
37919,species,0.00210748,Rhodococcus opacus,ERR1075141
1829,species,0.00210748,Rhodococcus rhodochrous,ERR1075141
882211,species,0.00210748,Pseudomonas deceptionensis,ERR1075141
1254,species,0.00210748,Pediococcus acidilactici,ERR1075141
2718,species,0.00210748,Cardiobacterium hominis,ERR1075141
187101,species,0.00210748,Sneathia amnii,ERR1075141
39492,species,0.00210748,[Eubacterium] siraeum,ERR1075141
1547,species,0.00210748,Erysipelatoclostridium ramosum,ERR1075141
285091,species,0.00210748,Alcanivorax dieselolei,ERR1075141
71657,species,0.00210748,Lonsdalea quercina,ERR1075141
1479,species,0.00210748,Bacillus smithii,ERR1075141
1113609,species,0.00210748,Sphingobacterium sp. NBRC 13496,ERR1075141
53462,species,0.00210748,Mycobacterium mageritense,ERR1075141
44749,species,0.00210748,Sporobacter termitidis,ERR1075141
241555,species,0.00210748,Helcococcus sueciensis,ERR1075141
703,species,0.00210748,Plesiomonas shigelloides,ERR1075141
102684,species,0.00210748,Streptococcus infantarius,ERR1075141
45851,species,0.00210748,Butyrivibrio crossotus,ERR1075141
265981,species,0.00210748,Alkalimonas delamerensis,ERR1075141
57666,species,0.00210748,Sulfurospirillum arcachonense,ERR1075141
38313,species,0.00210748,Shewanella algae,ERR1075141
1661059,species,0.00210748,Pseudomonas sp. NBRC 111144,ERR1075141
1265,species,0.00210748,Ruminococcus flavefaciens,ERR1075141
202747,species,0.00210748,Sulfurimonas autotrophica,ERR1075141
86958,species,0.00210748,Propionispira paucivorans,ERR1075141
40214,species,0.00210748,Acinetobacter johnsonii,ERR1075141
691816,species,0.00210748,Bacteroides rodentium,ERR1075141
33039,species,0.00210748,[Ruminococcus] torques,ERR1075141
851,species,0.00210748,Fusobacterium nucleatum,ERR1075141
51161,species,0.00210748,Actinobacillus delphinicola,ERR1075141
582,species,0.00210748,Morganella morganii,ERR1075141
39491,species,0.00210748,[Eubacterium] rectale,ERR1075141
2741,species,0.00210748,Peptococcus niger,ERR1075141
573,species,0.00210748,Klebsiella pneumoniae,ERR1075141
219742,species,0.00210748,Psychrobacter adeliensis,ERR1075141
84032,species,0.00210748,[Clostridium] thermosuccinogenes,ERR1075141
861,species,0.00210748,Fusobacterium ulcerans,ERR1075141
237258,species,0.00210748,Cloacibacterium normanense,ERR1075141
28137,species,0.00210748,Prevotella veroralis,ERR1075141
28112,species,0.00210748,Tannerella forsythia,ERR1075141
118748,species,0.00210748,Bulleidia extructa,ERR1075141
33959,species,0.00210748,Lactobacillus johnsonii,ERR1075141
310297,species,0.00210748,Bacteroides plebeius,ERR1075141
437898,species,0.00210748,Sutterella parvirubra,ERR1075141
35785,species,0.00210748,Clostridium maximum,ERR1075141
1504,species,0.00210748,Clostridium septicum,ERR1075141
99807,species,0.00210748,Corynebacterium auriscanis,ERR1075141
427918,species,0.00210748,Nitriliruptor alkaliphilus,ERR1075141
29356,species,0.00210748,Clostridium chartatabidum,ERR1075141
132476,species,0.00210748,Pseudomonas kilonensis,ERR1075141
414,species,0.00210748,Methylococcus capsulatus,ERR1075141
552810,species,0.00210748,Dehalogenimonas lykanthroporepellens,ERR1075141
39791,species,0.00210748,Corynebacterium glucuronolyticum,ERR1075141
39493,species,0.00210748,Clostridium tarantellae,ERR1075141
197614,species,0.00210748,Streptococcus pasteurianus,ERR1075141
37624,species,0.00210748,Desulfuromusa bakii,ERR1075141
349751,species,0.00210748,Corynebacterium marinum,ERR1075141
1465521,species,0.00210748,Lactobacillus sp. JCM 8672,ERR1075141
350,species,0.00210748,Zoogloea ramigera,ERR1075141
328812,species,0.00210748,Parabacteroides goldsteinii,ERR1075141
28139,species,0.00210748,Rikenella microfusus,ERR1075141
920,species,0.00210748,Acidithiobacillus ferrooxidans,ERR1075141
1352,species,0.00210748,Enterococcus faecium,ERR1075141
2743,species,0.00210748,Marinobacter hydrocarbonoclasticus,ERR1075141
572036,species,0.00210748,Pedobacter luteus,ERR1075141
2057,species,0.00210748,Sphaerobacter thermophilus,ERR1075141
290109,species,0.00210748,Xenorhabdus innexi,ERR1075141
762210,species,0.00210748,Bifidobacterium saguini,ERR1075141
937251,species,0.00210748,Youngiibacter multivorans,ERR1075141
44742,species,0.00210748,Desulfovibrio fairfieldensis,ERR1075141
310298,species,0.00210748,Bacteroides coprocola,ERR1075141
1520,species,0.00210748,Clostridium beijerinckii,ERR1075141
105841,species,0.00210748,Anaerostipes caccae,ERR1075141
28152,species,0.00210748,Yersinia kristensenii,ERR1075141
79681,species,0.00210748,Tissierella creatinophila,ERR1075141
61435,species,0.00210748,Dehalococcoides mccartyi,ERR1075141
31973,species,0.00210748,Eggerthia catenaformis,ERR1075141
384638,species,0.00210748,[Bacteroides] pectinophilus,ERR1075141
33043,species,0.00210748,Coprococcus eutactus,ERR1075141
1613,species,0.00210748,Lactobacillus fermentum,ERR1075141
37915,species,0.00210748,Dietzia maris,ERR1075141
142651,species,0.00210748,Mycoplasma phocidae,ERR1075141
1404,species,0.00210748,Bacillus megaterium,ERR1075141
79209,species,0.00210748,Desulfosporosinus meridiei,ERR1075141
1496,species,0.00210748,Clostridioides difficile,ERR1075141
644,species,0.00210748,Aeromonas hydrophila,ERR1075141
33008,species,0.00210748,Rhodococcus globerulus,ERR1075141
899,species,0.00210748,Desulfomicrobium baculatum,ERR1075141
387093,species,0.00210748,Sulfurovum sp. NBC37-1,ERR1075141
48467,species,0.00210748,Prosthecobacter debontii,ERR1075141
-1,species,63.4247,Unknown,ERR1075141
817,species,14.1897,Bacteroides fragilis,ERR1075141
239935,species,3.48577,Akkermansia muciniphila,ERR1075141
187327,species,2.63646,Acidaminococcus intestini,ERR1075141
1755626,species,1.84826,Faecalibacterium sp. MC_41,ERR1075141
28128,species,1.38672,Prevotella corporis,ERR1075141
386414,species,0.87039,Prevotella timonensis,ERR1075141
47678,species,0.847208,Bacteroides caccae,ERR1075141
818,species,0.649104,Bacteroides thetaiotaomicron,ERR1075141
76517,species,0.617492,Campylobacter hominis,ERR1075141
43131,species,0.55216,Tissierella praeacuta,ERR1075141
1630,species,0.547945,Kandleria vitulina,ERR1075141
821,species,0.442571,Bacteroides vulgatus,ERR1075141
33029,species,0.429926,Anaerococcus hydrogenalis,ERR1075141
28116,species,0.375132,Bacteroides ovatus,ERR1075141
351091,species,0.305585,Oscillibacter valericigenes,ERR1075141
28130,species,0.299262,Prevotella disiens,ERR1075141
36874,species,0.29294,Porphyromonas cangingivalis,ERR1075141
823,species,0.273973,Parabacteroides distasonis,ERR1075141
1260,species,0.263435,Finegoldia magna,ERR1075141
33031,species,0.246575,Peptoniphilus lacrimalis,ERR1075141
907,species,0.244468,Megasphaera elsdenii,ERR1075141
1223514,species,0.185458,Corynebacterium humireducens,ERR1075141
218538,species,0.183351,Dialister invisus,ERR1075141
165179,species,0.181243,Prevotella copri,ERR1075141
46503,species,0.166491,Parabacteroides merdae,ERR1075141
850,species,0.145416,Fusobacterium mortiferum,ERR1075141
28901,species,0.139094,Salmonella enterica,ERR1075141
33034,species,0.134879,Anaerococcus prevotii,ERR1075141
820,species,0.126449,Bacteroides uniformis,ERR1075141
33032,species,0.124341,Anaerococcus lactolyticus,ERR1075141
28117,species,0.118019,Alistipes putredinis,ERR1075141
341694,species,0.118019,Peptostreptococcus stomatis,ERR1075141
1827099,species,0.118019,Peptoniphilus sp. JCM 8141,ERR1075141
35833,species,0.113804,Bilophila wadsworthia,ERR1075141
2702,species,0.107482,Gardnerella vaginalis,ERR1075141
43770,species,0.101159,Corynebacterium striatum,ERR1075141
204516,species,0.0927292,Bacteroides massiliensis,ERR1075141
328813,species,0.0906217,Alistipes onderdonkii,ERR1075141
309120,species,0.0864067,Dialister micraerophilus,ERR1075141
626932,species,0.0821918,Alistipes indistinctus,ERR1075141
59310,species,0.0821918,Streptococcus macedonicus,ERR1075141
562,species,0.0800843,Escherichia coli,ERR1075141
82135,species,0.0758693,Atopobium vaginae,ERR1075141
2098,species,0.0737619,Mycoplasma hominis,ERR1075141
28127,species,0.0695469,Prevotella buccalis,ERR1075141
69825,species,0.0695469,[Clostridium] indolis,ERR1075141
33037,species,0.0695469,Anaerococcus vaginalis,ERR1075141
626930,species,0.0674394,Bacteroides fluxus,ERR1075141
28118,species,0.0632244,Odoribacter splanchnicus,ERR1075141
536633,species,0.0632244,Blautia glucerasea,ERR1075141
281920,species,0.061117,Porphyromonas uenonis,ERR1075141
28037,species,0.061117,Streptococcus mitis,ERR1075141
40543,species,0.0590095,Sneathia sanguinegens,ERR1075141
1725,species,0.056902,Corynebacterium xerosis,ERR1075141
876,species,0.0547945,Desulfovibrio desulfuricans,ERR1075141
184870,species,0.0547945,Varibaculum cambriense,ERR1075141
38304,species,0.052687,Corynebacterium tuberculostearicum,ERR1075141
881,species,0.052687,Desulfovibrio vulgaris,ERR1075141
419005,species,0.0505796,Prevotella amnii,ERR1075141
246787,species,0.0505796,Bacteroides cellulosilyticus,ERR1075141
40520,species,0.0484721,Blautia obeum,ERR1075141
136857,species,0.0442571,Corynebacterium testudinoris,ERR1075141
301301,species,0.0442571,Roseburia hominis,ERR1075141
1381,species,0.0400422,Atopobium minutum,ERR1075141
150240,species,0.0400422,Gemella cuniculi,ERR1075141
39486,species,0.0379347,Dorea formicigenerans,ERR1075141
291645,species,0.0379347,Bacteroides nordii,ERR1075141
178214,species,0.0379347,Facklamia hominis,ERR1075141
114527,species,0.0358272,Mogibacterium diversum,ERR1075141
208479,species,0.0337197,[Clostridium] bolteae,ERR1075141
46506,species,0.0337197,Bacteroides stercoris,ERR1075141
28123,species,0.0337197,Porphyromonas asaccharolytica,ERR1075141
39950,species,0.0316122,Dialister pneumosintes,ERR1075141
1308,species,0.0316122,Streptococcus thermophilus,ERR1075141
228603,species,0.0295047,Prevotella shahii,ERR1075141
487175,species,0.0295047,Parasutterella excrementihominis,ERR1075141
1735,species,0.0295047,Holdemanella biformis,ERR1075141
410072,species,0.0295047,Coprococcus comes,ERR1075141
28125,species,0.0273973,Prevotella bivia,ERR1075141
827,species,0.0273973,Campylobacter ureolyticus,ERR1075141
33007,species,0.0252898,Actinomyces neuii,ERR1075141
1177728,species,0.0252898,Varibaculum sp. CCUG 31793,ERR1075141
54006,species,0.0231823,Peptoniphilus ivorii,ERR1075141
701529,species,0.0231823,Peptoniphilus sp. JCM 8143,ERR1075141
1258,species,0.0231823,Peptoniphilus asaccharolyticus,ERR1075141
214856,species,0.0231823,Alistipes finegoldii,ERR1075141
1859291,species,0.0231823,Corynebacterium sp. YIM 101587,ERR1075141
1328,species,0.0210748,Streptococcus anginosus,ERR1075141
46206,species,0.0210748,Pseudobutyrivibrio ruminis,ERR1075141
905,species,0.0210748,Acidaminococcus fermentans,ERR1075141
1660,species,0.0189673,Actinomyces odontolyticus,ERR1075141
29524,species,0.0189673,Porphyromonas circumdentaria,ERR1075141
371601,species,0.0189673,Bacteroides xylanisolvens,ERR1075141
43143,species,0.0189673,Tissierella creatinini,ERR1075141
39484,species,0.0189673,Eubacterium desmolans,ERR1075141
53374,species,0.0189673,Corynebacterium coyleae,ERR1075141
1303,species,0.0168599,Streptococcus oralis,ERR1075141
151276,species,0.0168599,Bacteroides coprosuis,ERR1075141
598660,species,0.0168599,Corynebacterium pyruviciproducens,ERR1075141
61171,species,0.0168599,Holdemania filiformis,ERR1075141
1522,species,0.0168599,[Clostridium] innocuum,ERR1075141
242750,species,0.0168599,Prevotella bergensis,ERR1075141
52787,species,0.0147524,Anaerofilum pentosovorans,ERR1075141
1267,species,0.0147524,Clostridium ventriculi,ERR1075141
90730,species,0.0126449,Desulfosarcina cetonica,ERR1075141
1717,species,0.0126449,Corynebacterium diphtheriae,ERR1075141
1859290,species,0.0126449,Corynebacterium sp. YIM 101343,ERR1075141
40519,species,0.0126449,Ruminococcus callidus,ERR1075141
1705,species,0.0126449,Corynebacterium stationis,ERR1075141
1515,species,0.0126449,Ruminiclostridium thermocellum,ERR1075141
1727,species,0.0126449,Corynebacterium variabile,ERR1075141
234828,species,0.0126449,Corynebacterium caspium,ERR1075141
39498,species,0.0105374,[Eubacterium] yurii,ERR1075141
38303,species,0.0105374,Corynebacterium pseudogenitalium,ERR1075141
191493,species,0.0105374,Corynebacterium sphenisci,ERR1075141
856,species,0.0105374,Fusobacterium varium,ERR1075141
1280,species,0.0105374,Staphylococcus aureus,ERR1075141
1487956,species,0.0105374,Corynebacterium sp. ATCC 6931,ERR1075141
191610,species,0.0105374,Corynebacterium atypicum,ERR1075141
328814,species,0.0105374,Alistipes shahii,ERR1075141
38286,species,0.00842993,Corynebacterium afermentans,ERR1075141
397865,species,0.00842993,Barnesiella viscericola,ERR1075141
115979,species,0.00842993,Bacillus nealsonii,ERR1075141
1304,species,0.00842993,Streptococcus salivarius,ERR1075141
39490,species,0.00842993,Eubacterium ramulus,ERR1075141
29348,species,0.00842993,[Clostridium] spiroforme,ERR1075141
357276,species,0.00842993,Bacteroides dorei,ERR1075141
169292,species,0.00842993,Corynebacterium aurimucosum,ERR1075141
288965,species,0.00842993,[Clostridium] clariflavum,ERR1075141
29385,species,0.00842993,Staphylococcus saprophyticus,ERR1075141
839,species,0.00842993,Prevotella ruminicola,ERR1075141
52561,species,0.00842993,Desulfomicrobium norvegicum,ERR1075141
1776082,species,0.00842993,Shigella sp. SF-2015,ERR1075141
160386,species,0.00842993,Corynebacterium casei,ERR1075141
1113655,species,0.00842993,Psychrobacter sp. NBRC 15736,ERR1075141
1311,species,0.00842993,Streptococcus agalactiae,ERR1075141
535744,species,0.00632244,Cronobacter universalis,ERR1075141
1590,species,0.00632244,Lactobacillus plantarum,ERR1075141
1623,species,0.00632244,Lactobacillus ruminis,ERR1075141
185294,species,0.00632244,Prevotella paludivivens,ERR1075141
84030,species,0.00632244,[Clostridium] saccharolyticum,ERR1075141
338188,species,0.00632244,Bacteroides finegoldii,ERR1075141
387661,species,0.00632244,Parabacteroides johnsonii,ERR1075141
33035,species,0.00632244,Blautia producta,ERR1075141
33038,species,0.00632244,[Ruminococcus] gnavus,ERR1075141
28133,species,0.00632244,Prevotella nigrescens,ERR1075141
1282,species,0.00632244,Staphylococcus epidermidis,ERR1075141
166486,species,0.00632244,Roseburia intestinalis,ERR1075141
28129,species,0.00632244,Prevotella denticola,ERR1075141
294,species,0.00632244,Pseudomonas fluorescens,ERR1075141
1465754,species,0.00632244,Alistipes timonensis,ERR1075141
633701,species,0.00632244,Prevotella saccharolytica,ERR1075141
39487,species,0.00632244,Atopobium fossor,ERR1075141
729,species,0.00632244,Haemophilus parainfluenzae,ERR1075141
332249,species,0.00632244,Truepera radiovictrix,ERR1075141
74426,species,0.00632244,Collinsella aerofaciens,ERR1075141
329854,species,0.00632244,Bacteroides intestinalis,ERR1075141
907224,species,0.00632244,Peptoniphilus methioninivorax,ERR1075141
1755607,species,0.00632244,Bacteroides sp. MC_16,ERR1075141
169435,species,0.00632244,Anaerotruncus colihominis,ERR1075141
39029,species,0.00632244,Megasphaera cerevisiae,ERR1075141
52773,species,0.00632244,Actinomyces meyeri,ERR1075141
33033,species,0.00632244,Parvimonas micra,ERR1075141
29375,species,0.00632244,[Clostridium] xylanolyticum,ERR1075141
114528,species,0.00632244,Mogibacterium neglectum,ERR1075141
1535,species,0.00632244,[Clostridium] leptum,ERR1075141
1304158,species,0.00632244,Salinisphaera halophila,ERR1075141
1724,species,0.00632244,Corynebacterium renale,ERR1075141
470565,species,0.00632244,Prevotella histicola,ERR1075141
28135,species,0.00421496,Prevotella oris,ERR1075141
134605,species,0.00421496,Fusobacterium equinum,ERR1075141
400390,species,0.00421496,Alkalimonas collagenimarina,ERR1075141
472113,species,0.00421496,Geofilum rubicundum,ERR1075141
1086703,species,0.00421496,Luteolibacter luojiensis,ERR1075141
1718,species,0.00421496,Corynebacterium glutamicum,ERR1075141
649724,species,0.00421496,Clostridium sp. ATCC BAA-442,ERR1075141
28136,species,0.00421496,Prevotella oulorum,ERR1075141
122355,species,0.00421496,Pseudomonas psychrophila,ERR1075141
121163,species,0.00421496,Actinomyces suimastitidis,ERR1075141
477666,species,0.00421496,Bacteroides graminisolvens,ERR1075141
28134,species,0.00421496,Prevotella oralis,ERR1075141
415956,species,0.00421496,Sphingobacterium composti Yoo et al. 2007,ERR1075141
317,species,0.00421496,Pseudomonas syringae,ERR1075141
187491,species,0.00421496,Corynebacterium glaucum,ERR1075141
741091,species,0.00421496,Rahnella sp. Y9602,ERR1075141
56698,species,0.00421496,Sulfurospirillum arsenophilum,ERR1075141
392838,species,0.00421496,Bacteroides propionicifaciens,ERR1075141
589436,species,0.00421496,Prevotella fusca,ERR1075141
871325,species,0.00421496,Bacteroides faecichinchillae,ERR1075141
1382,species,0.00421496,Atopobium parvulum,ERR1075141
218284,species,0.00421496,Bacillus vietnamensis,ERR1075141
454154,species,0.00421496,Paraprevotella clara,ERR1075141
39774,species,0.00421496,Methylomicrobium agile,ERR1075141
216816,species,0.00421496,Bifidobacterium longum,ERR1075141
38301,species,0.00421496,Corynebacterium minutissimum,ERR1075141
863643,species,0.00421496,Thermincola potens,ERR1075141
28446,species,0.00421496,[Clostridium] propionicum,ERR1075141
35519,species,0.00210748,Mogibacterium timidum,ERR1075141
34038,species,0.00210748,Rahnella aquatilis,ERR1075141
133926,species,0.00210748,Olsenella uli,ERR1075141
584,species,0.00210748,Proteus mirabilis,ERR1075141
35517,species,0.00210748,[Eubacterium] brachy,ERR1075141
187101,species,0.00210748,Sneathia amnii,ERR1075141
694315,species,0.00210748,Kofleria flava,ERR1075141
33036,species,0.00210748,Anaerococcus tetradius,ERR1075141
84109,species,0.00210748,Slackia exigua,ERR1075141
1168034,species,0.00210748,Draconibacterium orientale,ERR1075141
1624,species,0.00210748,Lactobacillus salivarius,ERR1075141
1404244,species,0.00210748,Corynebacterium glyciniphilum,ERR1075141
29466,species,0.00210748,Veillonella parvula,ERR1075141
37919,species,0.00210748,Rhodococcus opacus,ERR1075141
1829,species,0.00210748,Rhodococcus rhodochrous,ERR1075141
882211,species,0.00210748,Pseudomonas deceptionensis,ERR1075141
1254,species,0.00210748,Pediococcus acidilactici,ERR1075141
2718,species,0.00210748,Cardiobacterium hominis,ERR1075141
39492,species,0.00210748,[Eubacterium] siraeum,ERR1075141
1547,species,0.00210748,Erysipelatoclostridium ramosum,ERR1075141
285091,species,0.00210748,Alcanivorax dieselolei,ERR1075141
71657,species,0.00210748,Lonsdalea quercina,ERR1075141
1479,species,0.00210748,Bacillus smithii,ERR1075141
1113609,species,0.00210748,Sphingobacterium sp. NBRC 13496,ERR1075141
53462,species,0.00210748,Mycobacterium mageritense,ERR1075141
44749,species,0.00210748,Sporobacter termitidis,ERR1075141
241555,species,0.00210748,Helcococcus sueciensis,ERR1075141
703,species,0.00210748,Plesiomonas shigelloides,ERR1075141
102684,species,0.00210748,Streptococcus infantarius,ERR1075141
45851,species,0.00210748,Butyrivibrio crossotus,ERR1075141
265981,species,0.00210748,Alkalimonas delamerensis,ERR1075141
57666,species,0.00210748,Sulfurospirillum arcachonense,ERR1075141
38313,species,0.00210748,Shewanella algae,ERR1075141
851,species,0.00210748,Fusobacterium nucleatum,ERR1075141
1661059,species,0.00210748,Pseudomonas sp. NBRC 111144,ERR1075141
1265,species,0.00210748,Ruminococcus flavefaciens,ERR1075141
202747,species,0.00210748,Sulfurimonas autotrophica,ERR1075141
86958,species,0.00210748,Propionispira paucivorans,ERR1075141
40214,species,0.00210748,Acinetobacter johnsonii,ERR1075141
691816,species,0.00210748,Bacteroides rodentium,ERR1075141
33039,species,0.00210748,[Ruminococcus] torques,ERR1075141
51161,species,0.00210748,Actinobacillus delphinicola,ERR1075141
582,species,0.00210748,Morganella morganii,ERR1075141
39491,species,0.00210748,[Eubacterium] rectale,ERR1075141
2741,species,0.00210748,Peptococcus niger,ERR1075141
573,species,0.00210748,Klebsiella pneumoniae,ERR1075141
219742,species,0.00210748,Psychrobacter adeliensis,ERR1075141
84032,species,0.00210748,[Clostridium] thermosuccinogenes,ERR1075141
861,species,0.00210748,Fusobacterium ulcerans,ERR1075141
237258,species,0.00210748,Cloacibacterium normanense,ERR1075141
28137,species,0.00210748,Prevotella veroralis,ERR1075141
28112,species,0.00210748,Tannerella forsythia,ERR1075141
118748,species,0.00210748,Bulleidia extructa,ERR1075141
132476,species,0.00210748,Pseudomonas kilonensis,ERR1075141
33959,species,0.00210748,Lactobacillus johnsonii,ERR1075141
310297,species,0.00210748,Bacteroides plebeius,ERR1075141
437898,species,0.00210748,Sutterella parvirubra,ERR1075141
35785,species,0.00210748,Clostridium maximum,ERR1075141
1504,species,0.00210748,Clostridium septicum,ERR1075141
99807,species,0.00210748,Corynebacterium auriscanis,ERR1075141
427918,species,0.00210748,Nitriliruptor alkaliphilus,ERR1075141
29356,species,0.00210748,Clostridium chartatabidum,ERR1075141
1465521,species,0.00210748,Lactobacillus sp. JCM 8672,ERR1075141
414,species,0.00210748,Methylococcus capsulatus,ERR1075141
552810,species,0.00210748,Dehalogenimonas lykanthroporepellens,ERR1075141
39791,species,0.00210748,Corynebacterium glucuronolyticum,ERR1075141
39493,species,0.00210748,Clostridium tarantellae,ERR1075141
197614,species,0.00210748,Streptococcus pasteurianus,ERR1075141
37624,species,0.00210748,Desulfuromusa bakii,ERR1075141
349751,species,0.00210748,Corynebacterium marinum,ERR1075141
350,species,0.00210748,Zoogloea ramigera,ERR1075141
328812,species,0.00210748,Parabacteroides goldsteinii,ERR1075141
28139,species,0.00210748,Rikenella microfusus,ERR1075141
920,species,0.00210748,Acidithiobacillus ferrooxidans,ERR1075141
1352,species,0.00210748,Enterococcus faecium,ERR1075141
2743,species,0.00210748,Marinobacter hydrocarbonoclasticus,ERR1075141
105841,species,0.00210748,Anaerostipes caccae,ERR1075141
572036,species,0.00210748,Pedobacter luteus,ERR1075141
2057,species,0.00210748,Sphaerobacter thermophilus,ERR1075141
290109,species,0.00210748,Xenorhabdus innexi,ERR1075141
762210,species,0.00210748,Bifidobacterium saguini,ERR1075141
937251,species,0.00210748,Youngiibacter multivorans,ERR1075141
44742,species,0.00210748,Desulfovibrio fairfieldensis,ERR1075141
310298,species,0.00210748,Bacteroides coprocola,ERR1075141
1520,species,0.00210748,Clostridium beijerinckii,ERR1075141
28152,species,0.00210748,Yersinia kristensenii,ERR1075141
79681,species,0.00210748,Tissierella creatinophila,ERR1075141
61435,species,0.00210748,Dehalococcoides mccartyi,ERR1075141
31973,species,0.00210748,Eggerthia catenaformis,ERR1075141
384638,species,0.00210748,[Bacteroides] pectinophilus,ERR1075141
33043,species,0.00210748,Coprococcus eutactus,ERR1075141
48467,species,0.00210748,Prosthecobacter debontii,ERR1075141
1613,species,0.00210748,Lactobacillus fermentum,ERR1075141
37915,species,0.00210748,Dietzia maris,ERR1075141
142651,species,0.00210748,Mycoplasma phocidae,ERR1075141
1404,species,0.00210748,Bacillus megaterium,ERR1075141
79209,species,0.00210748,Desulfosporosinus meridiei,ERR1075141
1496,species,0.00210748,Clostridioides difficile,ERR1075141
644,species,0.00210748,Aeromonas hydrophila,ERR1075141
33008,species,0.00210748,Rhodococcus globerulus,ERR1075141
899,species,0.00210748,Desulfomicrobium baculatum,ERR1075141
387093,species,0.00210748,Sulfurovum sp. NBC37-1,ERR1075141
1512,species,0.00210748,[Clostridium] symbiosum,ERR1075141
39488,species,0.00210748,[Eubacterium] hallii,ERR1075141
156892,species,0.00210748,Actinomyces marimammalium,ERR1075141
1659,species,0.00210748,Actinomyces israelii,ERR1075141
247639,species,0.00210748,marine gamma proteobacterium HTCC2080,ERR1075141
2736,species,0.00210748,Verrucomicrobium spinosum,ERR1075141
273528,species,0.00210748,Exiguobacterium marinum,ERR1075141
54911,species,0.00210748,Brevibacillus choshinensis,ERR1075141
29370,species,0.00210748,[Clostridium] sphenoides,ERR1075141
106634,species,0.00210748,Thioalkalivibrio versutus,ERR1075141
189722,species,0.00210748,Prevotella marshii,ERR1075141
1519,species,0.00210748,Clostridium tyrobutyricum,ERR1075141
167,species,0.00210748,Treponema succinifaciens,ERR1075141
502558,species,0.00210748,Eggerthella sp. YY7918,ERR1075141
66228,species,0.00210748,Actinomyces europaeus,ERR1075141
38986,species,0.00210748,Acholeplasma palmae,ERR1075141
2047,species,0.00210748,Rothia dentocariosa,ERR1075141
1364,species,0.00210748,Lactococcus piscium,ERR1075141
105229,species,0.00210748,Bacillus fumarioli,ERR1075141
454155,species,0.00210748,Paraprevotella xylaniphila,ERR1075141
155617,species,0.00210748,Enterococcus moraviensis,ERR1075141
206043,species,0.00210748,Actinomyces oricola,ERR1075141
-1,species,63.4247,Unknown,ERR1075141
817,species,14.1897,Bacteroides fragilis,ERR1075141
239935,species,3.48577,Akkermansia muciniphila,ERR1075141
187327,species,2.63646,Acidaminococcus intestini,ERR1075141
1755626,species,1.84826,Faecalibacterium sp. MC_41,ERR1075141
28128,species,1.38672,Prevotella corporis,ERR1075141
386414,species,0.87039,Prevotella timonensis,ERR1075141
47678,species,0.847208,Bacteroides caccae,ERR1075141
818,species,0.649104,Bacteroides thetaiotaomicron,ERR1075141
76517,species,0.617492,Campylobacter hominis,ERR1075141
43131,species,0.55216,Tissierella praeacuta,ERR1075141
1630,species,0.547945,Kandleria vitulina,ERR1075141
821,species,0.442571,Bacteroides vulgatus,ERR1075141
33029,species,0.429926,Anaerococcus hydrogenalis,ERR1075141
28116,species,0.375132,Bacteroides ovatus,ERR1075141
351091,species,0.305585,Oscillibacter valericigenes,ERR1075141
28130,species,0.299262,Prevotella disiens,ERR1075141
36874,species,0.29294,Porphyromonas cangingivalis,ERR1075141
823,species,0.273973,Parabacteroides distasonis,ERR1075141
1260,species,0.263435,Finegoldia magna,ERR1075141
33031,species,0.246575,Peptoniphilus lacrimalis,ERR1075141
907,species,0.244468,Megasphaera elsdenii,ERR1075141
1223514,species,0.185458,Corynebacterium humireducens,ERR1075141
218538,species,0.183351,Dialister invisus,ERR1075141
165179,species,0.181243,Prevotella copri,ERR1075141
46503,species,0.166491,Parabacteroides merdae,ERR1075141
850,species,0.145416,Fusobacterium mortiferum,ERR1075141
28901,species,0.139094,Salmonella enterica,ERR1075141
33034,species,0.134879,Anaerococcus prevotii,ERR1075141
820,species,0.126449,Bacteroides uniformis,ERR1075141
33032,species,0.124341,Anaerococcus lactolyticus,ERR1075141
341694,species,0.118019,Peptostreptococcus stomatis,ERR1075141
1827099,species,0.118019,Peptoniphilus sp. JCM 8141,ERR1075141
28117,species,0.118019,Alistipes putredinis,ERR1075141
35833,species,0.113804,Bilophila wadsworthia,ERR1075141
2702,species,0.107482,Gardnerella vaginalis,ERR1075141
43770,species,0.101159,Corynebacterium striatum,ERR1075141
204516,species,0.0927292,Bacteroides massiliensis,ERR1075141
328813,species,0.0906217,Alistipes onderdonkii,ERR1075141
309120,species,0.0864067,Dialister micraerophilus,ERR1075141
59310,species,0.0821918,Streptococcus macedonicus,ERR1075141
626932,species,0.0821918,Alistipes indistinctus,ERR1075141
562,species,0.0800843,Escherichia coli,ERR1075141
82135,species,0.0758693,Atopobium vaginae,ERR1075141
2098,species,0.0737619,Mycoplasma hominis,ERR1075141
69825,species,0.0695469,[Clostridium] indolis,ERR1075141
33037,species,0.0695469,Anaerococcus vaginalis,ERR1075141
28127,species,0.0695469,Prevotella buccalis,ERR1075141
626930,species,0.0674394,Bacteroides fluxus,ERR1075141
536633,species,0.0632244,Blautia glucerasea,ERR1075141
28118,species,0.0632244,Odoribacter splanchnicus,ERR1075141
281920,species,0.061117,Porphyromonas uenonis,ERR1075141
28037,species,0.061117,Streptococcus mitis,ERR1075141
40543,species,0.0590095,Sneathia sanguinegens,ERR1075141
1725,species,0.056902,Corynebacterium xerosis,ERR1075141
876,species,0.0547945,Desulfovibrio desulfuricans,ERR1075141
184870,species,0.0547945,Varibaculum cambriense,ERR1075141
38304,species,0.052687,Corynebacterium tuberculostearicum,ERR1075141
881,species,0.052687,Desulfovibrio vulgaris,ERR1075141
246787,species,0.0505796,Bacteroides cellulosilyticus,ERR1075141
419005,species,0.0505796,Prevotella amnii,ERR1075141
40520,species,0.0484721,Blautia obeum,ERR1075141
136857,species,0.0442571,Corynebacterium testudinoris,ERR1075141
301301,species,0.0442571,Roseburia hominis,ERR1075141
150240,species,0.0400422,Gemella cuniculi,ERR1075141
1381,species,0.0400422,Atopobium minutum,ERR1075141
39486,species,0.0379347,Dorea formicigenerans,ERR1075141
178214,species,0.0379347,Facklamia hominis,ERR1075141
291645,species,0.0379347,Bacteroides nordii,ERR1075141
114527,species,0.0358272,Mogibacterium diversum,ERR1075141
46506,species,0.0337197,Bacteroides stercoris,ERR1075141
28123,species,0.0337197,Porphyromonas asaccharolytica,ERR1075141
208479,species,0.0337197,[Clostridium] bolteae,ERR1075141
39950,species,0.0316122,Dialister pneumosintes,ERR1075141
1308,species,0.0316122,Streptococcus thermophilus,ERR1075141
228603,species,0.0295047,Prevotella shahii,ERR1075141
487175,species,0.0295047,Parasutterella excrementihominis,ERR1075141
1735,species,0.0295047,Holdemanella biformis,ERR1075141
410072,species,0.0295047,Coprococcus comes,ERR1075141
28125,species,0.0273973,Prevotella bivia,ERR1075141
827,species,0.0273973,Campylobacter ureolyticus,ERR1075141
33007,species,0.0252898,Actinomyces neuii,ERR1075141
1177728,species,0.0252898,Varibaculum sp. CCUG 31793,ERR1075141
701529,species,0.0231823,Peptoniphilus sp. JCM 8143,ERR1075141
54006,species,0.0231823,Peptoniphilus ivorii,ERR1075141
1258,species,0.0231823,Peptoniphilus asaccharolyticus,ERR1075141
214856,species,0.0231823,Alistipes finegoldii,ERR1075141
1859291,species,0.0231823,Corynebacterium sp. YIM 101587,ERR1075141
1328,species,0.0210748,Streptococcus anginosus,ERR1075141
46206,species,0.0210748,Pseudobutyrivibrio ruminis,ERR1075141
905,species,0.0210748,Acidaminococcus fermentans,ERR1075141
1660,species,0.0189673,Actinomyces odontolyticus,ERR1075141
29524,species,0.0189673,Porphyromonas circumdentaria,ERR1075141
371601,species,0.0189673,Bacteroides xylanisolvens,ERR1075141
43143,species,0.0189673,Tissierella creatinini,ERR1075141
39484,species,0.0189673,Eubacterium desmolans,ERR1075141
53374,species,0.0189673,Corynebacterium coyleae,ERR1075141
1303,species,0.0168599,Streptococcus oralis,ERR1075141
151276,species,0.0168599,Bacteroides coprosuis,ERR1075141
598660,species,0.0168599,Corynebacterium pyruviciproducens,ERR1075141
61171,species,0.0168599,Holdemania filiformis,ERR1075141
1522,species,0.0168599,[Clostridium] innocuum,ERR1075141
242750,species,0.0168599,Prevotella bergensis,ERR1075141
52787,species,0.0147524,Anaerofilum pentosovorans,ERR1075141
1267,species,0.0147524,Clostridium ventriculi,ERR1075141
1717,species,0.0126449,Corynebacterium diphtheriae,ERR1075141
90730,species,0.0126449,Desulfosarcina cetonica,ERR1075141
1859290,species,0.0126449,Corynebacterium sp. YIM 101343,ERR1075141
40519,species,0.0126449,Ruminococcus callidus,ERR1075141
1705,species,0.0126449,Corynebacterium stationis,ERR1075141
1515,species,0.0126449,Ruminiclostridium thermocellum,ERR1075141
1727,species,0.0126449,Corynebacterium variabile,ERR1075141
234828,species,0.0126449,Corynebacterium caspium,ERR1075141
38303,species,0.0105374,Corynebacterium pseudogenitalium,ERR1075141
191493,species,0.0105374,Corynebacterium sphenisci,ERR1075141
856,species,0.0105374,Fusobacterium varium,ERR1075141
1487956,species,0.0105374,Corynebacterium sp. ATCC 6931,ERR1075141
1280,species,0.0105374,Staphylococcus aureus,ERR1075141
191610,species,0.0105374,Corynebacterium atypicum,ERR1075141
328814,species,0.0105374,Alistipes shahii,ERR1075141
39498,species,0.0105374,[Eubacterium] yurii,ERR1075141
115979,species,0.00842993,Bacillus nealsonii,ERR1075141
39490,species,0.00842993,Eubacterium ramulus,ERR1075141
1304,species,0.00842993,Streptococcus salivarius,ERR1075141
29348,species,0.00842993,[Clostridium] spiroforme,ERR1075141
357276,species,0.00842993,Bacteroides dorei,ERR1075141
169292,species,0.00842993,Corynebacterium aurimucosum,ERR1075141
29385,species,0.00842993,Staphylococcus saprophyticus,ERR1075141
288965,species,0.00842993,[Clostridium] clariflavum,ERR1075141
839,species,0.00842993,Prevotella ruminicola,ERR1075141
52561,species,0.00842993,Desulfomicrobium norvegicum,ERR1075141
1776082,species,0.00842993,Shigella sp. SF-2015,ERR1075141
160386,species,0.00842993,Corynebacterium casei,ERR1075141
1113655,species,0.00842993,Psychrobacter sp. NBRC 15736,ERR1075141
1311,species,0.00842993,Streptococcus agalactiae,ERR1075141
397865,species,0.00842993,Barnesiella viscericola,ERR1075141
38286,species,0.00842993,Corynebacterium afermentans,ERR1075141
33035,species,0.00632244,Blautia producta,ERR1075141
33038,species,0.00632244,[Ruminococcus] gnavus,ERR1075141
28133,species,0.00632244,Prevotella nigrescens,ERR1075141
387661,species,0.00632244,Parabacteroides johnsonii,ERR1075141
1282,species,0.00632244,Staphylococcus epidermidis,ERR1075141
28129,species,0.00632244,Prevotella denticola,ERR1075141
294,species,0.00632244,Pseudomonas fluorescens,ERR1075141
166486,species,0.00632244,Roseburia intestinalis,ERR1075141
1465754,species,0.00632244,Alistipes timonensis,ERR1075141
74426,species,0.00632244,Collinsella aerofaciens,ERR1075141
633701,species,0.00632244,Prevotella saccharolytica,ERR1075141
39487,species,0.00632244,Atopobium fossor,ERR1075141
729,species,0.00632244,Haemophilus parainfluenzae,ERR1075141
332249,species,0.00632244,Truepera radiovictrix,ERR1075141
329854,species,0.00632244,Bacteroides intestinalis,ERR1075141
169435,species,0.00632244,Anaerotruncus colihominis,ERR1075141
907224,species,0.00632244,Peptoniphilus methioninivorax,ERR1075141
1755607,species,0.00632244,Bacteroides sp. MC_16,ERR1075141
39029,species,0.00632244,Megasphaera cerevisiae,ERR1075141
52773,species,0.00632244,Actinomyces meyeri,ERR1075141
33033,species,0.00632244,Parvimonas micra,ERR1075141
29375,species,0.00632244,[Clostridium] xylanolyticum,ERR1075141
114528,species,0.00632244,Mogibacterium neglectum,ERR1075141
1535,species,0.00632244,[Clostridium] leptum,ERR1075141
470565,species,0.00632244,Prevotella histicola,ERR1075141
1304158,species,0.00632244,Salinisphaera halophila,ERR1075141
1724,species,0.00632244,Corynebacterium renale,ERR1075141
1590,species,0.00632244,Lactobacillus plantarum,ERR1075141
535744,species,0.00632244,Cronobacter universalis,ERR1075141
1623,species,0.00632244,Lactobacillus ruminis,ERR1075141
185294,species,0.00632244,Prevotella paludivivens,ERR1075141
338188,species,0.00632244,Bacteroides finegoldii,ERR1075141
84030,species,0.00632244,[Clostridium] saccharolyticum,ERR1075141
122355,species,0.00421496,Pseudomonas psychrophila,ERR1075141
121163,species,0.00421496,Actinomyces suimastitidis,ERR1075141
477666,species,0.00421496,Bacteroides graminisolvens,ERR1075141
28134,species,0.00421496,Prevotella oralis,ERR1075141
415956,species,0.00421496,Sphingobacterium composti Yoo et al. 2007,ERR1075141
317,species,0.00421496,Pseudomonas syringae,ERR1075141
187491,species,0.00421496,Corynebacterium glaucum,ERR1075141
741091,species,0.00421496,Rahnella sp. Y9602,ERR1075141
56698,species,0.00421496,Sulfurospirillum arsenophilum,ERR1075141
392838,species,0.00421496,Bacteroides propionicifaciens,ERR1075141
589436,species,0.00421496,Prevotella fusca,ERR1075141
871325,species,0.00421496,Bacteroides faecichinchillae,ERR1075141
1382,species,0.00421496,Atopobium parvulum,ERR1075141
218284,species,0.00421496,Bacillus vietnamensis,ERR1075141
454154,species,0.00421496,Paraprevotella clara,ERR1075141
39774,species,0.00421496,Methylomicrobium agile,ERR1075141
216816,species,0.00421496,Bifidobacterium longum,ERR1075141
38301,species,0.00421496,Corynebacterium minutissimum,ERR1075141
863643,species,0.00421496,Thermincola potens,ERR1075141
28446,species,0.00421496,[Clostridium] propionicum,ERR1075141
400390,species,0.00421496,Alkalimonas collagenimarina,ERR1075141
472113,species,0.00421496,Geofilum rubicundum,ERR1075141
28135,species,0.00421496,Prevotella oris,ERR1075141
134605,species,0.00421496,Fusobacterium equinum,ERR1075141
1086703,species,0.00421496,Luteolibacter luojiensis,ERR1075141
1718,species,0.00421496,Corynebacterium glutamicum,ERR1075141
649724,species,0.00421496,Clostridium sp. ATCC BAA-442,ERR1075141
28136,species,0.00421496,Prevotella oulorum,ERR1075141
38313,species,0.00210748,Shewanella algae,ERR1075141
703,species,0.00210748,Plesiomonas shigelloides,ERR1075141
102684,species,0.00210748,Streptococcus infantarius,ERR1075141
45851,species,0.00210748,Butyrivibrio crossotus,ERR1075141
265981,species,0.00210748,Alkalimonas delamerensis,ERR1075141
57666,species,0.00210748,Sulfurospirillum arcachonense,ERR1075141
691816,species,0.00210748,Bacteroides rodentium,ERR1075141
33039,species,0.00210748,[Ruminococcus] torques,ERR1075141
851,species,0.00210748,Fusobacterium nucleatum,ERR1075141
1661059,species,0.00210748,Pseudomonas sp. NBRC 111144,ERR1075141
1265,species,0.00210748,Ruminococcus flavefaciens,ERR1075141
202747,species,0.00210748,Sulfurimonas autotrophica,ERR1075141
86958,species,0.00210748,Propionispira paucivorans,ERR1075141
40214,species,0.00210748,Acinetobacter johnsonii,ERR1075141
2741,species,0.00210748,Peptococcus niger,ERR1075141
573,species,0.00210748,Klebsiella pneumoniae,ERR1075141
51161,species,0.00210748,Actinobacillus delphinicola,ERR1075141
582,species,0.00210748,Morganella morganii,ERR1075141
39491,species,0.00210748,[Eubacterium] rectale,ERR1075141
28137,species,0.00210748,Prevotella veroralis,ERR1075141
28112,species,0.00210748,Tannerella forsythia,ERR1075141
118748,species,0.00210748,Bulleidia extructa,ERR1075141
219742,species,0.00210748,Psychrobacter adeliensis,ERR1075141
84032,species,0.00210748,[Clostridium] thermosuccinogenes,ERR1075141
861,species,0.00210748,Fusobacterium ulcerans,ERR1075141
237258,species,0.00210748,Cloacibacterium normanense,ERR1075141
35785,species,0.00210748,Clostridium maximum,ERR1075141
1504,species,0.00210748,Clostridium septicum,ERR1075141
99807,species,0.00210748,Corynebacterium auriscanis,ERR1075141
427918,species,0.00210748,Nitriliruptor alkaliphilus,ERR1075141
29356,species,0.00210748,Clostridium chartatabidum,ERR1075141
132476,species,0.00210748,Pseudomonas kilonensis,ERR1075141
33959,species,0.00210748,Lactobacillus johnsonii,ERR1075141
310297,species,0.00210748,Bacteroides plebeius,ERR1075141
437898,species,0.00210748,Sutterella parvirubra,ERR1075141
37624,species,0.00210748,Desulfuromusa bakii,ERR1075141
349751,species,0.00210748,Corynebacterium marinum,ERR1075141
1465521,species,0.00210748,Lactobacillus sp. JCM 8672,ERR1075141
414,species,0.00210748,Methylococcus capsulatus,ERR1075141
552810,species,0.00210748,Dehalogenimonas lykanthroporepellens,ERR1075141
39791,species,0.00210748,Corynebacterium glucuronolyticum,ERR1075141
39493,species,0.00210748,Clostridium tarantellae,ERR1075141
197614,species,0.00210748,Streptococcus pasteurianus,ERR1075141
28139,species,0.00210748,Rikenella microfusus,ERR1075141
920,species,0.00210748,Acidithiobacillus ferrooxidans,ERR1075141
1352,species,0.00210748,Enterococcus faecium,ERR1075141
2743,species,0.00210748,Marinobacter hydrocarbonoclasticus,ERR1075141
350,species,0.00210748,Zoogloea ramigera,ERR1075141
328812,species,0.00210748,Parabacteroides goldsteinii,ERR1075141
310298,species,0.00210748,Bacteroides coprocola,ERR1075141
1520,species,0.00210748,Clostridium beijerinckii,ERR1075141
105841,species,0.00210748,Anaerostipes caccae,ERR1075141
572036,species,0.00210748,Pedobacter luteus,ERR1075141
2057,species,0.00210748,Sphaerobacter thermophilus,ERR1075141
290109,species,0.00210748,Xenorhabdus innexi,ERR1075141
762210,species,0.00210748,Bifidobacterium saguini,ERR1075141
937251,species,0.00210748,Youngiibacter multivorans,ERR1075141
44742,species,0.00210748,Desulfovibrio fairfieldensis,ERR1075141
384638,species,0.00210748,[Bacteroides] pectinophilus,ERR1075141
33043,species,0.00210748,Coprococcus eutactus,ERR1075141
28152,species,0.00210748,Yersinia kristensenii,ERR1075141
79681,species,0.00210748,Tissierella creatinophila,ERR1075141
61435,species,0.00210748,Dehalococcoides mccartyi,ERR1075141
31973,species,0.00210748,Eggerthia catenaformis,ERR1075141
899,species,0.00210748,Desulfomicrobium baculatum,ERR1075141
387093,species,0.00210748,Sulfurovum sp. NBC37-1,ERR1075141
48467,species,0.00210748,Prosthecobacter debontii,ERR1075141
1613,species,0.00210748,Lactobacillus fermentum,ERR1075141
37915,species,0.00210748,Dietzia maris,ERR1075141
142651,species,0.00210748,Mycoplasma phocidae,ERR1075141
1404,species,0.00210748,Bacillus megaterium,ERR1075141
79209,species,0.00210748,Desulfosporosinus meridiei,ERR1075141
1496,species,0.00210748,Clostridioides difficile,ERR1075141
644,species,0.00210748,Aeromonas hydrophila,ERR1075141
33008,species,0.00210748,Rhodococcus globerulus,ERR1075141
1659,species,0.00210748,Actinomyces israelii,ERR1075141
247639,species,0.00210748,marine gamma proteobacterium HTCC2080,ERR1075141
2736,species,0.00210748,Verrucomicrobium spinosum,ERR1075141
273528,species,0.00210748,Exiguobacterium marinum,ERR1075141
54911,species,0.00210748,Brevibacillus choshinensis,ERR1075141
1512,species,0.00210748,[Clostridium] symbiosum,ERR1075141
39488,species,0.00210748,[Eubacterium] hallii,ERR1075141
156892,species,0.00210748,Actinomyces marimammalium,ERR1075141
189722,species,0.00210748,Prevotella marshii,ERR1075141
1519,species,0.00210748,Clostridium tyrobutyricum,ERR1075141
167,species,0.00210748,Treponema succinifaciens,ERR1075141
502558,species,0.00210748,Eggerthella sp. YY7918,ERR1075141
66228,species,0.00210748,Actinomyces europaeus,ERR1075141
29370,species,0.00210748,[Clostridium] sphenoides,ERR1075141
106634,species,0.00210748,Thioalkalivibrio versutus,ERR1075141
454155,species,0.00210748,Paraprevotella xylaniphila,ERR1075141
155617,species,0.00210748,Enterococcus moraviensis,ERR1075141
206043,species,0.00210748,Actinomyces oricola,ERR1075141
38986,species,0.00210748,Acholeplasma palmae,ERR1075141
2047,species,0.00210748,Rothia dentocariosa,ERR1075141
1364,species,0.00210748,Lactococcus piscium,ERR1075141
105229,species,0.00210748,Bacillus fumarioli,ERR1075141
133926,species,0.00210748,Olsenella uli,ERR1075141
584,species,0.00210748,Proteus mirabilis,ERR1075141
35517,species,0.00210748,[Eubacterium] brachy,ERR1075141
35519,species,0.00210748,Mogibacterium timidum,ERR1075141
34038,species,0.00210748,Rahnella aquatilis,ERR1075141
29466,species,0.00210748,Veillonella parvula,ERR1075141
37919,species,0.00210748,Rhodococcus opacus,ERR1075141
1829,species,0.00210748,Rhodococcus rhodochrous,ERR1075141
882211,species,0.00210748,Pseudomonas deceptionensis,ERR1075141
1254,species,0.00210748,Pediococcus acidilactici,ERR1075141
2718,species,0.00210748,Cardiobacterium hominis,ERR1075141
187101,species,0.00210748,Sneathia amnii,ERR1075141
694315,species,0.00210748,Kofleria flava,ERR1075141
33036,species,0.00210748,Anaerococcus tetradius,ERR1075141
84109,species,0.00210748,Slackia exigua,ERR1075141
1168034,species,0.00210748,Draconibacterium orientale,ERR1075141
1624,species,0.00210748,Lactobacillus salivarius,ERR1075141
1404244,species,0.00210748,Corynebacterium glyciniphilum,ERR1075141
1113609,species,0.00210748,Sphingobacterium sp. NBRC 13496,ERR1075141
53462,species,0.00210748,Mycobacterium mageritense,ERR1075141
44749,species,0.00210748,Sporobacter termitidis,ERR1075141
241555,species,0.00210748,Helcococcus sueciensis,ERR1075141
39492,species,0.00210748,[Eubacterium] siraeum,ERR1075141
1547,species,0.00210748,Erysipelatoclostridium ramosum,ERR1075141
285091,species,0.00210748,Alcanivorax dieselolei,ERR1075141
71657,species,0.00210748,Lonsdalea quercina,ERR1075141
1479,species,0.00210748,Bacillus smithii,ERR1075141
-1,species,63.4247,Unknown,ERR1075141
817,species,14.1897,Bacteroides fragilis,ERR1075141
239935,species,3.48577,Akkermansia muciniphila,ERR1075141
187327,species,2.63646,Acidaminococcus intestini,ERR1075141
1755626,species,1.84826,Faecalibacterium sp. MC_41,ERR1075141
28128,species,1.38672,Prevotella corporis,ERR1075141
386414,species,0.87039,Prevotella timonensis,ERR1075141
47678,species,0.847208,Bacteroides caccae,ERR1075141
818,species,0.649104,Bacteroides thetaiotaomicron,ERR1075141
76517,species,0.617492,Campylobacter hominis,ERR1075141
43131,species,0.55216,Tissierella praeacuta,ERR1075141
1630,species,0.547945,Kandleria vitulina,ERR1075141
821,species,0.442571,Bacteroides vulgatus,ERR1075141
33029,species,0.429926,Anaerococcus hydrogenalis,ERR1075141
28116,species,0.375132,Bacteroides ovatus,ERR1075141
351091,species,0.305585,Oscillibacter valericigenes,ERR1075141
28130,species,0.299262,Prevotella disiens,ERR1075141
36874,species,0.29294,Porphyromonas cangingivalis,ERR1075141
823,species,0.273973,Parabacteroides distasonis,ERR1075141
1260,species,0.263435,Finegoldia magna,ERR1075141
33031,species,0.246575,Peptoniphilus lacrimalis,ERR1075141
907,species,0.244468,Megasphaera elsdenii,ERR1075141
1223514,species,0.185458,Corynebacterium humireducens,ERR1075141
218538,species,0.183351,Dialister invisus,ERR1075141
165179,species,0.181243,Prevotella copri,ERR1075141
46503,species,0.166491,Parabacteroides merdae,ERR1075141
850,species,0.145416,Fusobacterium mortiferum,ERR1075141
28901,species,0.139094,Salmonella enterica,ERR1075141
33034,species,0.134879,Anaerococcus prevotii,ERR1075141
820,species,0.126449,Bacteroides uniformis,ERR1075141
33032,species,0.124341,Anaerococcus lactolyticus,ERR1075141
341694,species,0.118019,Peptostreptococcus stomatis,ERR1075141
1827099,species,0.118019,Peptoniphilus sp. JCM 8141,ERR1075141
28117,species,0.118019,Alistipes putredinis,ERR1075141
35833,species,0.113804,Bilophila wadsworthia,ERR1075141
2702,species,0.107482,Gardnerella vaginalis,ERR1075141
43770,species,0.101159,Corynebacterium striatum,ERR1075141
204516,species,0.0927292,Bacteroides massiliensis,ERR1075141
328813,species,0.0906217,Alistipes onderdonkii,ERR1075141
309120,species,0.0864067,Dialister micraerophilus,ERR1075141
59310,species,0.0821918,Streptococcus macedonicus,ERR1075141
626932,species,0.0821918,Alistipes indistinctus,ERR1075141
562,species,0.0800843,Escherichia coli,ERR1075141
82135,species,0.0758693,Atopobium vaginae,ERR1075141
2098,species,0.0737619,Mycoplasma hominis,ERR1075141
28127,species,0.0695469,Prevotella buccalis,ERR1075141
69825,species,0.0695469,[Clostridium] indolis,ERR1075141
33037,species,0.0695469,Anaerococcus vaginalis,ERR1075141
626930,species,0.0674394,Bacteroides fluxus,ERR1075141
536633,species,0.0632244,Blautia glucerasea,ERR1075141
28118,species,0.0632244,Odoribacter splanchnicus,ERR1075141
281920,species,0.061117,Porphyromonas uenonis,ERR1075141
28037,species,0.061117,Streptococcus mitis,ERR1075141
40543,species,0.0590095,Sneathia sanguinegens,ERR1075141
1725,species,0.056902,Corynebacterium xerosis,ERR1075141
876,species,0.0547945,Desulfovibrio desulfuricans,ERR1075141
184870,species,0.0547945,Varibaculum cambriense,ERR1075141
38304,species,0.052687,Corynebacterium tuberculostearicum,ERR1075141
881,species,0.052687,Desulfovibrio vulgaris,ERR1075141
419005,species,0.0505796,Prevotella amnii,ERR1075141
246787,species,0.0505796,Bacteroides cellulosilyticus,ERR1075141
40520,species,0.0484721,Blautia obeum,ERR1075141
136857,species,0.0442571,Corynebacterium testudinoris,ERR1075141
301301,species,0.0442571,Roseburia hominis,ERR1075141
1381,species,0.0400422,Atopobium minutum,ERR1075141
150240,species,0.0400422,Gemella cuniculi,ERR1075141
39486,species,0.0379347,Dorea formicigenerans,ERR1075141
291645,species,0.0379347,Bacteroides nordii,ERR1075141
178214,species,0.0379347,Facklamia hominis,ERR1075141
114527,species,0.0358272,Mogibacterium diversum,ERR1075141
46506,species,0.0337197,Bacteroides stercoris,ERR1075141
28123,species,0.0337197,Porphyromonas asaccharolytica,ERR1075141
208479,species,0.0337197,[Clostridium] bolteae,ERR1075141
39950,species,0.0316122,Dialister pneumosintes,ERR1075141
1308,species,0.0316122,Streptococcus thermophilus,ERR1075141
228603,species,0.0295047,Prevotella shahii,ERR1075141
487175,species,0.0295047,Parasutterella excrementihominis,ERR1075141
1735,species,0.0295047,Holdemanella biformis,ERR1075141
410072,species,0.0295047,Coprococcus comes,ERR1075141
28125,species,0.0273973,Prevotella bivia,ERR1075141
827,species,0.0273973,Campylobacter ureolyticus,ERR1075141
33007,species,0.0252898,Actinomyces neuii,ERR1075141
1177728,species,0.0252898,Varibaculum sp. CCUG 31793,ERR1075141
54006,species,0.0231823,Peptoniphilus ivorii,ERR1075141
701529,species,0.0231823,Peptoniphilus sp. JCM 8143,ERR1075141
214856,species,0.0231823,Alistipes finegoldii,ERR1075141
1258,species,0.0231823,Peptoniphilus asaccharolyticus,ERR1075141
1859291,species,0.0231823,Corynebacterium sp. YIM 101587,ERR1075141
1328,species,0.0210748,Streptococcus anginosus,ERR1075141
46206,species,0.0210748,Pseudobutyrivibrio ruminis,ERR1075141
905,species,0.0210748,Acidaminococcus fermentans,ERR1075141
1660,species,0.0189673,Actinomyces odontolyticus,ERR1075141
29524,species,0.0189673,Porphyromonas circumdentaria,ERR1075141
371601,species,0.0189673,Bacteroides xylanisolvens,ERR1075141
43143,species,0.0189673,Tissierella creatinini,ERR1075141
53374,species,0.0189673,Corynebacterium coyleae,ERR1075141
39484,species,0.0189673,Eubacterium desmolans,ERR1075141
1303,species,0.0168599,Streptococcus oralis,ERR1075141
151276,species,0.0168599,Bacteroides coprosuis,ERR1075141
598660,species,0.0168599,Corynebacterium pyruviciproducens,ERR1075141
61171,species,0.0168599,Holdemania filiformis,ERR1075141
1522,species,0.0168599,[Clostridium] innocuum,ERR1075141
242750,species,0.0168599,Prevotella bergensis,ERR1075141
52787,species,0.0147524,Anaerofilum pentosovorans,ERR1075141
1267,species,0.0147524,Clostridium ventriculi,ERR1075141
90730,species,0.0126449,Desulfosarcina cetonica,ERR1075141
1717,species,0.0126449,Corynebacterium diphtheriae,ERR1075141
1859290,species,0.0126449,Corynebacterium sp. YIM 101343,ERR1075141
40519,species,0.0126449,Ruminococcus callidus,ERR1075141
1705,species,0.0126449,Corynebacterium stationis,ERR1075141
1515,species,0.0126449,Ruminiclostridium thermocellum,ERR1075141
1727,species,0.0126449,Corynebacterium variabile,ERR1075141
234828,species,0.0126449,Corynebacterium caspium,ERR1075141
39498,species,0.0105374,[Eubacterium] yurii,ERR1075141
38303,species,0.0105374,Corynebacterium pseudogenitalium,ERR1075141
191493,species,0.0105374,Corynebacterium sphenisci,ERR1075141
856,species,0.0105374,Fusobacterium varium,ERR1075141
1487956,species,0.0105374,Corynebacterium sp. ATCC 6931,ERR1075141
1280,species,0.0105374,Staphylococcus aureus,ERR1075141
191610,species,0.0105374,Corynebacterium atypicum,ERR1075141
328814,species,0.0105374,Alistipes shahii,ERR1075141
115979,species,0.00842993,Bacillus nealsonii,ERR1075141
1304,species,0.00842993,Streptococcus salivarius,ERR1075141
39490,species,0.00842993,Eubacterium ramulus,ERR1075141
29348,species,0.00842993,[Clostridium] spiroforme,ERR1075141
357276,species,0.00842993,Bacteroides dorei,ERR1075141
169292,species,0.00842993,Corynebacterium aurimucosum,ERR1075141
29385,species,0.00842993,Staphylococcus saprophyticus,ERR1075141
288965,species,0.00842993,[Clostridium] clariflavum,ERR1075141
839,species,0.00842993,Prevotella ruminicola,ERR1075141
52561,species,0.00842993,Desulfomicrobium norvegicum,ERR1075141
1776082,species,0.00842993,Shigella sp. SF-2015,ERR1075141
160386,species,0.00842993,Corynebacterium casei,ERR1075141
1113655,species,0.00842993,Psychrobacter sp. NBRC 15736,ERR1075141
1311,species,0.00842993,Streptococcus agalactiae,ERR1075141
38286,species,0.00842993,Corynebacterium afermentans,ERR1075141
397865,species,0.00842993,Barnesiella viscericola,ERR1075141
1623,species,0.00632244,Lactobacillus ruminis,ERR1075141
185294,species,0.00632244,Prevotella paludivivens,ERR1075141
338188,species,0.00632244,Bacteroides finegoldii,ERR1075141
84030,species,0.00632244,[Clostridium] saccharolyticum,ERR1075141
387661,species,0.00632244,Parabacteroides johnsonii,ERR1075141
33035,species,0.00632244,Blautia producta,ERR1075141
33038,species,0.00632244,[Ruminococcus] gnavus,ERR1075141
28133,species,0.00632244,Prevotella nigrescens,ERR1075141
1282,species,0.00632244,Staphylococcus epidermidis,ERR1075141
28129,species,0.00632244,Prevotella denticola,ERR1075141
294,species,0.00632244,Pseudomonas fluorescens,ERR1075141
166486,species,0.00632244,Roseburia intestinalis,ERR1075141
1465754,species,0.00632244,Alistipes timonensis,ERR1075141
332249,species,0.00632244,Truepera radiovictrix,ERR1075141
74426,species,0.00632244,Collinsella aerofaciens,ERR1075141
633701,species,0.00632244,Prevotella saccharolytica,ERR1075141
39487,species,0.00632244,Atopobium fossor,ERR1075141
729,species,0.00632244,Haemophilus parainfluenzae,ERR1075141
329854,species,0.00632244,Bacteroides intestinalis,ERR1075141
1755607,species,0.00632244,Bacteroides sp. MC_16,ERR1075141
169435,species,0.00632244,Anaerotruncus colihominis,ERR1075141
907224,species,0.00632244,Peptoniphilus methioninivorax,ERR1075141
39029,species,0.00632244,Megasphaera cerevisiae,ERR1075141
52773,species,0.00632244,Actinomyces meyeri,ERR1075141
33033,species,0.00632244,Parvimonas micra,ERR1075141
1535,species,0.00632244,[Clostridium] leptum,ERR1075141
29375,species,0.00632244,[Clostridium] xylanolyticum,ERR1075141
114528,species,0.00632244,Mogibacterium neglectum,ERR1075141
1724,species,0.00632244,Corynebacterium renale,ERR1075141
470565,species,0.00632244,Prevotella histicola,ERR1075141
1304158,species,0.00632244,Salinisphaera halophila,ERR1075141
535744,species,0.00632244,Cronobacter universalis,ERR1075141
1590,species,0.00632244,Lactobacillus plantarum,ERR1075141
1086703,species,0.00421496,Luteolibacter luojiensis,ERR1075141
1718,species,0.00421496,Corynebacterium glutamicum,ERR1075141
649724,species,0.00421496,Clostridium sp. ATCC BAA-442,ERR1075141
28136,species,0.00421496,Prevotella oulorum,ERR1075141
122355,species,0.00421496,Pseudomonas psychrophila,ERR1075141
121163,species,0.00421496,Actinomyces suimastitidis,ERR1075141
477666,species,0.00421496,Bacteroides graminisolvens,ERR1075141
28134,species,0.00421496,Prevotella oralis,ERR1075141
415956,species,0.00421496,Sphingobacterium composti Yoo et al. 2007,ERR1075141
317,species,0.00421496,Pseudomonas syringae,ERR1075141
741091,species,0.00421496,Rahnella sp. Y9602,ERR1075141
187491,species,0.00421496,Corynebacterium glaucum,ERR1075141
392838,species,0.00421496,Bacteroides propionicifaciens,ERR1075141
56698,species,0.00421496,Sulfurospirillum arsenophilum,ERR1075141
589436,species,0.00421496,Prevotella fusca,ERR1075141
871325,species,0.00421496,Bacteroides faecichinchillae,ERR1075141
1382,species,0.00421496,Atopobium parvulum,ERR1075141
218284,species,0.00421496,Bacillus vietnamensis,ERR1075141
454154,species,0.00421496,Paraprevotella clara,ERR1075141
39774,species,0.00421496,Methylomicrobium agile,ERR1075141
863643,species,0.00421496,Thermincola potens,ERR1075141
28446,species,0.00421496,[Clostridium] propionicum,ERR1075141
216816,species,0.00421496,Bifidobacterium longum,ERR1075141
38301,species,0.00421496,Corynebacterium minutissimum,ERR1075141
134605,species,0.00421496,Fusobacterium equinum,ERR1075141
400390,species,0.00421496,Alkalimonas collagenimarina,ERR1075141
472113,species,0.00421496,Geofilum rubicundum,ERR1075141
28135,species,0.00421496,Prevotella oris,ERR1075141
84109,species,0.00210748,Slackia exigua,ERR1075141
1168034,species,0.00210748,Draconibacterium orientale,ERR1075141
1624,species,0.00210748,Lactobacillus salivarius,ERR1075141
1404244,species,0.00210748,Corynebacterium glyciniphilum,ERR1075141
29466,species,0.00210748,Veillonella parvula,ERR1075141
37919,species,0.00210748,Rhodococcus opacus,ERR1075141
1829,species,0.00210748,Rhodococcus rhodochrous,ERR1075141
882211,species,0.00210748,Pseudomonas deceptionensis,ERR1075141
1254,species,0.00210748,Pediococcus acidilactici,ERR1075141
2718,species,0.00210748,Cardiobacterium hominis,ERR1075141
187101,species,0.00210748,Sneathia amnii,ERR1075141
694315,species,0.00210748,Kofleria flava,ERR1075141
33036,species,0.00210748,Anaerococcus tetradius,ERR1075141
1547,species,0.00210748,Erysipelatoclostridium ramosum,ERR1075141
285091,species,0.00210748,Alcanivorax dieselolei,ERR1075141
71657,species,0.00210748,Lonsdalea quercina,ERR1075141
1479,species,0.00210748,Bacillus smithii,ERR1075141
1113609,species,0.00210748,Sphingobacterium sp. NBRC 13496,ERR1075141
53462,species,0.00210748,Mycobacterium mageritense,ERR1075141
44749,species,0.00210748,Sporobacter termitidis,ERR1075141
241555,species,0.00210748,Helcococcus sueciensis,ERR1075141
39492,species,0.00210748,[Eubacterium] siraeum,ERR1075141
45851,species,0.00210748,Butyrivibrio crossotus,ERR1075141
265981,species,0.00210748,Alkalimonas delamerensis,ERR1075141
57666,species,0.00210748,Sulfurospirillum arcachonense,ERR1075141
38313,species,0.00210748,Shewanella algae,ERR1075141
703,species,0.00210748,Plesiomonas shigelloides,ERR1075141
102684,species,0.00210748,Streptococcus infantarius,ERR1075141
202747,species,0.00210748,Sulfurimonas autotrophica,ERR1075141
86958,species,0.00210748,Propionispira paucivorans,ERR1075141
40214,species,0.00210748,Acinetobacter johnsonii,ERR1075141
691816,species,0.00210748,Bacteroides rodentium,ERR1075141
33039,species,0.00210748,[Ruminococcus] torques,ERR1075141
851,species,0.00210748,Fusobacterium nucleatum,ERR1075141
1661059,species,0.00210748,Pseudomonas sp. NBRC 111144,ERR1075141
1265,species,0.00210748,Ruminococcus flavefaciens,ERR1075141
582,species,0.00210748,Morganella morganii,ERR1075141
39491,species,0.00210748,[Eubacterium] rectale,ERR1075141
2741,species,0.00210748,Peptococcus niger,ERR1075141
573,species,0.00210748,Klebsiella pneumoniae,ERR1075141
51161,species,0.00210748,Actinobacillus delphinicola,ERR1075141
861,species,0.00210748,Fusobacterium ulcerans,ERR1075141
237258,species,0.00210748,Cloacibacterium normanense,ERR1075141
28137,species,0.00210748,Prevotella veroralis,ERR1075141
28112,species,0.00210748,Tannerella forsythia,ERR1075141
118748,species,0.00210748,Bulleidia extructa,ERR1075141
219742,species,0.00210748,Psychrobacter adeliensis,ERR1075141
84032,species,0.00210748,[Clostridium] thermosuccinogenes,ERR1075141
310297,species,0.00210748,Bacteroides plebeius,ERR1075141
437898,species,0.00210748,Sutterella parvirubra,ERR1075141
35785,species,0.00210748,Clostridium maximum,ERR1075141
1504,species,0.00210748,Clostridium septicum,ERR1075141
99807,species,0.00210748,Corynebacterium auriscanis,ERR1075141
427918,species,0.00210748,Nitriliruptor alkaliphilus,ERR1075141
29356,species,0.00210748,Clostridium chartatabidum,ERR1075141
132476,species,0.00210748,Pseudomonas kilonensis,ERR1075141
33959,species,0.00210748,Lactobacillus johnsonii,ERR1075141
39791,species,0.00210748,Corynebacterium glucuronolyticum,ERR1075141
39493,species,0.00210748,Clostridium tarantellae,ERR1075141
197614,species,0.00210748,Streptococcus pasteurianus,ERR1075141
37624,species,0.00210748,Desulfuromusa bakii,ERR1075141
349751,species,0.00210748,Corynebacterium marinum,ERR1075141
1465521,species,0.00210748,Lactobacillus sp. JCM 8672,ERR1075141
414,species,0.00210748,Methylococcus capsulatus,ERR1075141
552810,species,0.00210748,Dehalogenimonas lykanthroporepellens,ERR1075141
350,species,0.00210748,Zoogloea ramigera,ERR1075141
328812,species,0.00210748,Parabacteroides goldsteinii,ERR1075141
28139,species,0.00210748,Rikenella microfusus,ERR1075141
920,species,0.00210748,Acidithiobacillus ferrooxidans,ERR1075141
1352,species,0.00210748,Enterococcus faecium,ERR1075141
2743,species,0.00210748,Marinobacter hydrocarbonoclasticus,ERR1075141
290109,species,0.00210748,Xenorhabdus innexi,ERR1075141
762210,species,0.00210748,Bifidobacterium saguini,ERR1075141
937251,species,0.00210748,Youngiibacter multivorans,ERR1075141
44742,species,0.00210748,Desulfovibrio fairfieldensis,ERR1075141
310298,species,0.00210748,Bacteroides coprocola,ERR1075141
1520,species,0.00210748,Clostridium beijerinckii,ERR1075141
105841,species,0.00210748,Anaerostipes caccae,ERR1075141
572036,species,0.00210748,Pedobacter luteus,ERR1075141
2057,species,0.00210748,Sphaerobacter thermophilus,ERR1075141
61435,species,0.00210748,Dehalococcoides mccartyi,ERR1075141
31973,species,0.00210748,Eggerthia catenaformis,ERR1075141
384638,species,0.00210748,[Bacteroides] pectinophilus,ERR1075141
33043,species,0.00210748,Coprococcus eutactus,ERR1075141
28152,species,0.00210748,Yersinia kristensenii,ERR1075141
79681,species,0.00210748,Tissierella creatinophila,ERR1075141
142651,species,0.00210748,Mycoplasma phocidae,ERR1075141
1404,species,0.00210748,Bacillus megaterium,ERR1075141
79209,species,0.00210748,Desulfosporosinus meridiei,ERR1075141
1496,species,0.00210748,Clostridioides difficile,ERR1075141
644,species,0.00210748,Aeromonas hydrophila,ERR1075141
33008,species,0.00210748,Rhodococcus globerulus,ERR1075141
899,species,0.00210748,Desulfomicrobium baculatum,ERR1075141
387093,species,0.00210748,Sulfurovum sp. NBC37-1,ERR1075141
48467,species,0.00210748,Prosthecobacter debontii,ERR1075141
1613,species,0.00210748,Lactobacillus fermentum,ERR1075141
37915,species,0.00210748,Dietzia maris,ERR1075141
156892,species,0.00210748,Actinomyces marimammalium,ERR1075141
1659,species,0.00210748,Actinomyces israelii,ERR1075141
247639,species,0.00210748,marine gamma proteobacterium HTCC2080,ERR1075141
2736,species,0.00210748,Verrucomicrobium spinosum,ERR1075141
273528,species,0.00210748,Exiguobacterium marinum,ERR1075141
54911,species,0.00210748,Brevibacillus choshinensis,ERR1075141
1512,species,0.00210748,[Clostridium] symbiosum,ERR1075141
39488,species,0.00210748,[Eubacterium] hallii,ERR1075141
189722,species,0.00210748,Prevotella marshii,ERR1075141
1519,species,0.00210748,Clostridium tyrobutyricum,ERR1075141
167,species,0.00210748,Treponema succinifaciens,ERR1075141
502558,species,0.00210748,Eggerthella sp. YY7918,ERR1075141
66228,species,0.00210748,Actinomyces europaeus,ERR1075141
29370,species,0.00210748,[Clostridium] sphenoides,ERR1075141
106634,species,0.00210748,Thioalkalivibrio versutus,ERR1075141
1364,species,0.00210748,Lactococcus piscium,ERR1075141
105229,species,0.00210748,Bacillus fumarioli,ERR1075141
454155,species,0.00210748,Paraprevotella xylaniphila,ERR1075141
155617,species,0.00210748,Enterococcus moraviensis,ERR1075141
206043,species,0.00210748,Actinomyces oricola,ERR1075141
38986,species,0.00210748,Acholeplasma palmae,ERR1075141
2047,species,0.00210748,Rothia dentocariosa,ERR1075141
34038,species,0.00210748,Rahnella aquatilis,ERR1075141
133926,species,0.00210748,Olsenella uli,ERR1075141
584,species,0.00210748,Proteus mirabilis,ERR1075141
35517,species,0.00210748,[Eubacterium] brachy,ERR1075141
35519,species,0.00210748,Mogibacterium timidum,ERR1075141
-1,species,63.4247,Unknown,ERR1075141
817,species,14.1897,Bacteroides fragilis,ERR1075141
239935,species,3.48577,Akkermansia muciniphila,ERR1075141
187327,species,2.63646,Acidaminococcus intestini,ERR1075141
1755626,species,1.84826,Faecalibacterium sp. MC_41,ERR1075141
28128,species,1.38672,Prevotella corporis,ERR1075141
386414,species,0.87039,Prevotella timonensis,ERR1075141
47678,species,0.847208,Bacteroides caccae,ERR1075141
818,species,0.649104,Bacteroides thetaiotaomicron,ERR1075141
76517,species,0.617492,Campylobacter hominis,ERR1075141
43131,species,0.55216,Tissierella praeacuta,ERR1075141
1630,species,0.547945,Kandleria vitulina,ERR1075141
821,species,0.442571,Bacteroides vulgatus,ERR1075141
33029,species,0.429926,Anaerococcus hydrogenalis,ERR1075141
28116,species,0.375132,Bacteroides ovatus,ERR1075141
351091,species,0.305585,Oscillibacter valericigenes,ERR1075141
28130,species,0.299262,Prevotella disiens,ERR1075141
36874,species,0.29294,Porphyromonas cangingivalis,ERR1075141
823,species,0.273973,Parabacteroides distasonis,ERR1075141
1260,species,0.263435,Finegoldia magna,ERR1075141
33031,species,0.246575,Peptoniphilus lacrimalis,ERR1075141
907,species,0.244468,Megasphaera elsdenii,ERR1075141
1223514,species,0.185458,Corynebacterium humireducens,ERR1075141
218538,species,0.183351,Dialister invisus,ERR1075141
165179,species,0.181243,Prevotella copri,ERR1075141
46503,species,0.166491,Parabacteroides merdae,ERR1075141
850,species,0.145416,Fusobacterium mortiferum,ERR1075141
28901,species,0.139094,Salmonella enterica,ERR1075141
33034,species,0.134879,Anaerococcus prevotii,ERR1075141
820,species,0.126449,Bacteroides uniformis,ERR1075141
33032,species,0.124341,Anaerococcus lactolyticus,ERR1075141
28117,species,0.118019,Alistipes putredinis,ERR1075141
341694,species,0.118019,Peptostreptococcus stomatis,ERR1075141
1827099,species,0.118019,Peptoniphilus sp. JCM 8141,ERR1075141
35833,species,0.113804,Bilophila wadsworthia,ERR1075141
2702,species,0.107482,Gardnerella vaginalis,ERR1075141
43770,species,0.101159,Corynebacterium striatum,ERR1075141
204516,species,0.0927292,Bacteroides massiliensis,ERR1075141
328813,species,0.0906217,Alistipes onderdonkii,ERR1075141
309120,species,0.0864067,Dialister micraerophilus,ERR1075141
626932,species,0.0821918,Alistipes indistinctus,ERR1075141
59310,species,0.0821918,Streptococcus macedonicus,ERR1075141
562,species,0.0800843,Escherichia coli,ERR1075141
82135,species,0.0758693,Atopobium vaginae,ERR1075141
2098,species,0.0737619,Mycoplasma hominis,ERR1075141
28127,species,0.0695469,Prevotella buccalis,ERR1075141
69825,species,0.0695469,[Clostridium] indolis,ERR1075141
33037,species,0.0695469,Anaerococcus vaginalis,ERR1075141
626930,species,0.0674394,Bacteroides fluxus,ERR1075141
28118,species,0.0632244,Odoribacter splanchnicus,ERR1075141
536633,species,0.0632244,Blautia glucerasea,ERR1075141
281920,species,0.061117,Porphyromonas uenonis,ERR1075141
28037,species,0.061117,Streptococcus mitis,ERR1075141
40543,species,0.0590095,Sneathia sanguinegens,ERR1075141
1725,species,0.056902,Corynebacterium xerosis,ERR1075141
876,species,0.0547945,Desulfovibrio desulfuricans,ERR1075141
184870,species,0.0547945,Varibaculum cambriense,ERR1075141
38304,species,0.052687,Corynebacterium tuberculostearicum,ERR1075141
881,species,0.052687,Desulfovibrio vulgaris,ERR1075141
419005,species,0.0505796,Prevotella amnii,ERR1075141
246787,species,0.0505796,Bacteroides cellulosilyticus,ERR1075141
40520,species,0.0484721,Blautia obeum,ERR1075141
136857,species,0.0442571,Corynebacterium testudinoris,ERR1075141
301301,species,0.0442571,Roseburia hominis,ERR1075141
1381,species,0.0400422,Atopobium minutum,ERR1075141
150240,species,0.0400422,Gemella cuniculi,ERR1075141
39486,species,0.0379347,Dorea formicigenerans,ERR1075141
291645,species,0.0379347,Bacteroides nordii,ERR1075141
178214,species,0.0379347,Facklamia hominis,ERR1075141
114527,species,0.0358272,Mogibacterium diversum,ERR1075141
28123,species,0.0337197,Porphyromonas asaccharolytica,ERR1075141
208479,species,0.0337197,[Clostridium] bolteae,ERR1075141
46506,species,0.0337197,Bacteroides stercoris,ERR1075141
39950,species,0.0316122,Dialister pneumosintes,ERR1075141
1308,species,0.0316122,Streptococcus thermophilus,ERR1075141
410072,species,0.0295047,Coprococcus comes,ERR1075141
228603,species,0.0295047,Prevotella shahii,ERR1075141
487175,species,0.0295047,Parasutterella excrementihominis,ERR1075141
1735,species,0.0295047,Holdemanella biformis,ERR1075141
28125,species,0.0273973,Prevotella bivia,ERR1075141
827,species,0.0273973,Campylobacter ureolyticus,ERR1075141
33007,species,0.0252898,Actinomyces neuii,ERR1075141
1177728,species,0.0252898,Varibaculum sp. CCUG 31793,ERR1075141
54006,species,0.0231823,Peptoniphilus ivorii,ERR1075141
701529,species,0.0231823,Peptoniphilus sp. JCM 8143,ERR1075141
1258,species,0.0231823,Peptoniphilus asaccharolyticus,ERR1075141
214856,species,0.0231823,Alistipes finegoldii,ERR1075141
1859291,species,0.0231823,Corynebacterium sp. YIM 101587,ERR1075141
1328,species,0.0210748,Streptococcus anginosus,ERR1075141
46206,species,0.0210748,Pseudobutyrivibrio ruminis,ERR1075141
905,species,0.0210748,Acidaminococcus fermentans,ERR1075141
1660,species,0.0189673,Actinomyces odontolyticus,ERR1075141
29524,species,0.0189673,Porphyromonas circumdentaria,ERR1075141
371601,species,0.0189673,Bacteroides xylanisolvens,ERR1075141
43143,species,0.0189673,Tissierella creatinini,ERR1075141
53374,species,0.0189673,Corynebacterium coyleae,ERR1075141
39484,species,0.0189673,Eubacterium desmolans,ERR1075141
1303,species,0.0168599,Streptococcus oralis,ERR1075141
151276,species,0.0168599,Bacteroides coprosuis,ERR1075141
598660,species,0.0168599,Corynebacterium pyruviciproducens,ERR1075141
61171,species,0.0168599,Holdemania filiformis,ERR1075141
1522,species,0.0168599,[Clostridium] innocuum,ERR1075141
242750,species,0.0168599,Prevotella bergensis,ERR1075141
52787,species,0.0147524,Anaerofilum pentosovorans,ERR1075141
1267,species,0.0147524,Clostridium ventriculi,ERR1075141
90730,species,0.0126449,Desulfosarcina cetonica,ERR1075141
1717,species,0.0126449,Corynebacterium diphtheriae,ERR1075141
1859290,species,0.0126449,Corynebacterium sp. YIM 101343,ERR1075141
40519,species,0.0126449,Ruminococcus callidus,ERR1075141
1705,species,0.0126449,Corynebacterium stationis,ERR1075141
1515,species,0.0126449,Ruminiclostridium thermocellum,ERR1075141
1727,species,0.0126449,Corynebacterium variabile,ERR1075141
234828,species,0.0126449,Corynebacterium caspium,ERR1075141
39498,species,0.0105374,[Eubacterium] yurii,ERR1075141
38303,species,0.0105374,Corynebacterium pseudogenitalium,ERR1075141
191493,species,0.0105374,Corynebacterium sphenisci,ERR1075141
856,species,0.0105374,Fusobacterium varium,ERR1075141
1280,species,0.0105374,Staphylococcus aureus,ERR1075141
1487956,species,0.0105374,Corynebacterium sp. ATCC 6931,ERR1075141
191610,species,0.0105374,Corynebacterium atypicum,ERR1075141
328814,species,0.0105374,Alistipes shahii,ERR1075141
1113655,species,0.00842993,Psychrobacter sp. NBRC 15736,ERR1075141
1311,species,0.00842993,Streptococcus agalactiae,ERR1075141
38286,species,0.00842993,Corynebacterium afermentans,ERR1075141
397865,species,0.00842993,Barnesiella viscericola,ERR1075141
115979,species,0.00842993,Bacillus nealsonii,ERR1075141
1304,species,0.00842993,Streptococcus salivarius,ERR1075141
39490,species,0.00842993,Eubacterium ramulus,ERR1075141
29348,species,0.00842993,[Clostridium] spiroforme,ERR1075141
357276,species,0.00842993,Bacteroides dorei,ERR1075141
169292,species,0.00842993,Corynebacterium aurimucosum,ERR1075141
288965,species,0.00842993,[Clostridium] clariflavum,ERR1075141
29385,species,0.00842993,Staphylococcus saprophyticus,ERR1075141
839,species,0.00842993,Prevotella ruminicola,ERR1075141
52561,species,0.00842993,Desulfomicrobium norvegicum,ERR1075141
1776082,species,0.00842993,Shigella sp. SF-2015,ERR1075141
160386,species,0.00842993,Corynebacterium casei,ERR1075141
1304158,species,0.00632244,Salinisphaera halophila,ERR1075141
1724,species,0.00632244,Corynebacterium renale,ERR1075141
470565,species,0.00632244,Prevotella histicola,ERR1075141
535744,species,0.00632244,Cronobacter universalis,ERR1075141
1590,species,0.00632244,Lactobacillus plantarum,ERR1075141
1623,species,0.00632244,Lactobacillus ruminis,ERR1075141
185294,species,0.00632244,Prevotella paludivivens,ERR1075141
84030,species,0.00632244,[Clostridium] saccharolyticum,ERR1075141
338188,species,0.00632244,Bacteroides finegoldii,ERR1075141
387661,species,0.00632244,Parabacteroides johnsonii,ERR1075141
33035,species,0.00632244,Blautia producta,ERR1075141
33038,species,0.00632244,[Ruminococcus] gnavus,ERR1075141
28133,species,0.00632244,Prevotella nigrescens,ERR1075141
1282,species,0.00632244,Staphylococcus epidermidis,ERR1075141
166486,species,0.00632244,Roseburia intestinalis,ERR1075141
28129,species,0.00632244,Prevotella denticola,ERR1075141
294,species,0.00632244,Pseudomonas fluorescens,ERR1075141
1465754,species,0.00632244,Alistipes timonensis,ERR1075141
39487,species,0.00632244,Atopobium fossor,ERR1075141
729,species,0.00632244,Haemophilus parainfluenzae,ERR1075141
332249,species,0.00632244,Truepera radiovictrix,ERR1075141
74426,species,0.00632244,Collinsella aerofaciens,ERR1075141
633701,species,0.00632244,Prevotella saccharolytica,ERR1075141
329854,species,0.00632244,Bacteroides intestinalis,ERR1075141
907224,species,0.00632244,Peptoniphilus methioninivorax,ERR1075141
1755607,species,0.00632244,Bacteroides sp. MC_16,ERR1075141
169435,species,0.00632244,Anaerotruncus colihominis,ERR1075141
39029,species,0.00632244,Megasphaera cerevisiae,ERR1075141
52773,species,0.00632244,Actinomyces meyeri,ERR1075141
33033,species,0.00632244,Parvimonas micra,ERR1075141
114528,species,0.00632244,Mogibacterium neglectum,ERR1075141
1535,species,0.00632244,[Clostridium] leptum,ERR1075141
29375,species,0.00632244,[Clostridium] xylanolyticum,ERR1075141
38301,species,0.00421496,Corynebacterium minutissimum,ERR1075141
863643,species,0.00421496,Thermincola potens,ERR1075141
28446,species,0.00421496,[Clostridium] propionicum,ERR1075141
216816,species,0.00421496,Bifidobacterium longum,ERR1075141
28135,species,0.00421496,Prevotella oris,ERR1075141
134605,species,0.00421496,Fusobacterium equinum,ERR1075141
400390,species,0.00421496,Alkalimonas collagenimarina,ERR1075141
472113,species,0.00421496,Geofilum rubicundum,ERR1075141
1086703,species,0.00421496,Luteolibacter luojiensis,ERR1075141
1718,species,0.00421496,Corynebacterium glutamicum,ERR1075141
649724,species,0.00421496,Clostridium sp. ATCC BAA-442,ERR1075141
28136,species,0.00421496,Prevotella oulorum,ERR1075141
122355,species,0.00421496,Pseudomonas psychrophila,ERR1075141
121163,species,0.00421496,Actinomyces suimastitidis,ERR1075141
477666,species,0.00421496,Bacteroides graminisolvens,ERR1075141
28134,species,0.00421496,Prevotella oralis,ERR1075141
415956,species,0.00421496,Sphingobacterium composti Yoo et al. 2007,ERR1075141
317,species,0.00421496,Pseudomonas syringae,ERR1075141
187491,species,0.00421496,Corynebacterium glaucum,ERR1075141
741091,species,0.00421496,Rahnella sp. Y9602,ERR1075141
56698,species,0.00421496,Sulfurospirillum arsenophilum,ERR1075141
392838,species,0.00421496,Bacteroides propionicifaciens,ERR1075141
589436,species,0.00421496,Prevotella fusca,ERR1075141
871325,species,0.00421496,Bacteroides faecichinchillae,ERR1075141
1382,species,0.00421496,Atopobium parvulum,ERR1075141
218284,species,0.00421496,Bacillus vietnamensis,ERR1075141
454154,species,0.00421496,Paraprevotella clara,ERR1075141
39774,species,0.00421496,Methylomicrobium agile,ERR1075141
38986,species,0.00210748,Acholeplasma palmae,ERR1075141
2047,species,0.00210748,Rothia dentocariosa,ERR1075141
1364,species,0.00210748,Lactococcus piscium,ERR1075141
105229,species,0.00210748,Bacillus fumarioli,ERR1075141
454155,species,0.00210748,Paraprevotella xylaniphila,ERR1075141
155617,species,0.00210748,Enterococcus moraviensis,ERR1075141
206043,species,0.00210748,Actinomyces oricola,ERR1075141
35519,species,0.00210748,Mogibacterium timidum,ERR1075141
34038,species,0.00210748,Rahnella aquatilis,ERR1075141
133926,species,0.00210748,Olsenella uli,ERR1075141
584,species,0.00210748,Proteus mirabilis,ERR1075141
35517,species,0.00210748,[Eubacterium] brachy,ERR1075141
187101,species,0.00210748,Sneathia amnii,ERR1075141
694315,species,0.00210748,Kofleria flava,ERR1075141
33036,species,0.00210748,Anaerococcus tetradius,ERR1075141
84109,species,0.00210748,Slackia exigua,ERR1075141
1168034,species,0.00210748,Draconibacterium orientale,ERR1075141
1624,species,0.00210748,Lactobacillus salivarius,ERR1075141
1404244,species,0.00210748,Corynebacterium glyciniphilum,ERR1075141
29466,species,0.00210748,Veillonella parvula,ERR1075141
37919,species,0.00210748,Rhodococcus opacus,ERR1075141
1829,species,0.00210748,Rhodococcus rhodochrous,ERR1075141
882211,species,0.00210748,Pseudomonas deceptionensis,ERR1075141
1254,species,0.00210748,Pediococcus acidilactici,ERR1075141
2718,species,0.00210748,Cardiobacterium hominis,ERR1075141
39492,species,0.00210748,[Eubacterium] siraeum,ERR1075141
1547,species,0.00210748,Erysipelatoclostridium ramosum,ERR1075141
285091,species,0.00210748,Alcanivorax dieselolei,ERR1075141
71657,species,0.00210748,Lonsdalea quercina,ERR1075141
1479,species,0.00210748,Bacillus smithii,ERR1075141
1113609,species,0.00210748,Sphingobacterium sp. NBRC 13496,ERR1075141
53462,species,0.00210748,Mycobacterium mageritense,ERR1075141
44749,species,0.00210748,Sporobacter termitidis,ERR1075141
241555,species,0.00210748,Helcococcus sueciensis,ERR1075141
703,species,0.00210748,Plesiomonas shigelloides,ERR1075141
102684,species,0.00210748,Streptococcus infantarius,ERR1075141
45851,species,0.00210748,Butyrivibrio crossotus,ERR1075141
265981,species,0.00210748,Alkalimonas delamerensis,ERR1075141
57666,species,0.00210748,Sulfurospirillum arcachonense,ERR1075141
38313,species,0.00210748,Shewanella algae,ERR1075141
851,species,0.00210748,Fusobacterium nucleatum,ERR1075141
1661059,species,0.00210748,Pseudomonas sp. NBRC 111144,ERR1075141
1265,species,0.00210748,Ruminococcus flavefaciens,ERR1075141
202747,species,0.00210748,Sulfurimonas autotrophica,ERR1075141
86958,species,0.00210748,Propionispira paucivorans,ERR1075141
40214,species,0.00210748,Acinetobacter johnsonii,ERR1075141
691816,species,0.00210748,Bacteroides rodentium,ERR1075141
33039,species,0.00210748,[Ruminococcus] torques,ERR1075141
51161,species,0.00210748,Actinobacillus delphinicola,ERR1075141
582,species,0.00210748,Morganella morganii,ERR1075141
39491,species,0.00210748,[Eubacterium] rectale,ERR1075141
2741,species,0.00210748,Peptococcus niger,ERR1075141
573,species,0.00210748,Klebsiella pneumoniae,ERR1075141
219742,species,0.00210748,Psychrobacter adeliensis,ERR1075141
84032,species,0.00210748,[Clostridium] thermosuccinogenes,ERR1075141
861,species,0.00210748,Fusobacterium ulcerans,ERR1075141
237258,species,0.00210748,Cloacibacterium normanense,ERR1075141
28137,species,0.00210748,Prevotella veroralis,ERR1075141
28112,species,0.00210748,Tannerella forsythia,ERR1075141
118748,species,0.00210748,Bulleidia extructa,ERR1075141
33959,species,0.00210748,Lactobacillus johnsonii,ERR1075141
310297,species,0.00210748,Bacteroides plebeius,ERR1075141
437898,species,0.00210748,Sutterella parvirubra,ERR1075141
35785,species,0.00210748,Clostridium maximum,ERR1075141
1504,species,0.00210748,Clostridium septicum,ERR1075141
99807,species,0.00210748,Corynebacterium auriscanis,ERR1075141
427918,species,0.00210748,Nitriliruptor alkaliphilus,ERR1075141
29356,species,0.00210748,Clostridium chartatabidum,ERR1075141
132476,species,0.00210748,Pseudomonas kilonensis,ERR1075141
414,species,0.00210748,Methylococcus capsulatus,ERR1075141
552810,species,0.00210748,Dehalogenimonas lykanthroporepellens,ERR1075141
39791,species,0.00210748,Corynebacterium glucuronolyticum,ERR1075141
39493,species,0.00210748,Clostridium tarantellae,ERR1075141
197614,species,0.00210748,Streptococcus pasteurianus,ERR1075141
37624,species,0.00210748,Desulfuromusa bakii,ERR1075141
349751,species,0.00210748,Corynebacterium marinum,ERR1075141
1465521,species,0.00210748,Lactobacillus sp. JCM 8672,ERR1075141
350,species,0.00210748,Zoogloea ramigera,ERR1075141
328812,species,0.00210748,Parabacteroides goldsteinii,ERR1075141
28139,species,0.00210748,Rikenella microfusus,ERR1075141
920,species,0.00210748,Acidithiobacillus ferrooxidans,ERR1075141
1352,species,0.00210748,Enterococcus faecium,ERR1075141
2743,species,0.00210748,Marinobacter hydrocarbonoclasticus,ERR1075141
105841,species,0.00210748,Anaerostipes caccae,ERR1075141
572036,species,0.00210748,Pedobacter luteus,ERR1075141
2057,species,0.00210748,Sphaerobacter thermophilus,ERR1075141
290109,species,0.00210748,Xenorhabdus innexi,ERR1075141
762210,species,0.00210748,Bifidobacterium saguini,ERR1075141
937251,species,0.00210748,Youngiibacter multivorans,ERR1075141
44742,species,0.00210748,Desulfovibrio fairfieldensis,ERR1075141
310298,species,0.00210748,Bacteroides coprocola,ERR1075141
1520,species,0.00210748,Clostridium beijerinckii,ERR1075141
28152,species,0.00210748,Yersinia kristensenii,ERR1075141
79681,species,0.00210748,Tissierella creatinophila,ERR1075141
61435,species,0.00210748,Dehalococcoides mccartyi,ERR1075141
31973,species,0.00210748,Eggerthia catenaformis,ERR1075141
384638,species,0.00210748,[Bacteroides] pectinophilus,ERR1075141
33043,species,0.00210748,Coprococcus eutactus,ERR1075141
48467,species,0.00210748,Prosthecobacter debontii,ERR1075141
1613,species,0.00210748,Lactobacillus fermentum,ERR1075141
37915,species,0.00210748,Dietzia maris,ERR1075141
142651,species,0.00210748,Mycoplasma phocidae,ERR1075141
1404,species,0.00210748,Bacillus megaterium,ERR1075141
79209,species,0.00210748,Desulfosporosinus meridiei,ERR1075141
1496,species,0.00210748,Clostridioides difficile,ERR1075141
644,species,0.00210748,Aeromonas hydrophila,ERR1075141
33008,species,0.00210748,Rhodococcus globerulus,ERR1075141
899,species,0.00210748,Desulfomicrobium baculatum,ERR1075141
387093,species,0.00210748,Sulfurovum sp. NBC37-1,ERR1075141
1512,species,0.00210748,[Clostridium] symbiosum,ERR1075141
39488,species,0.00210748,[Eubacterium] hallii,ERR1075141
156892,species,0.00210748,Actinomyces marimammalium,ERR1075141
1659,species,0.00210748,Actinomyces israelii,ERR1075141
247639,species,0.00210748,marine gamma proteobacterium HTCC2080,ERR1075141
2736,species,0.00210748,Verrucomicrobium spinosum,ERR1075141
273528,species,0.00210748,Exiguobacterium marinum,ERR1075141
54911,species,0.00210748,Brevibacillus choshinensis,ERR1075141
29370,species,0.00210748,[Clostridium] sphenoides,ERR1075141
106634,species,0.00210748,Thioalkalivibrio versutus,ERR1075141
189722,species,0.00210748,Prevotella marshii,ERR1075141
1519,species,0.00210748,Clostridium tyrobutyricum,ERR1075141
167,species,0.00210748,Treponema succinifaciens,ERR1075141
502558,species,0.00210748,Eggerthella sp. YY7918,ERR1075141
66228,species,0.00210748,Actinomyces europaeus,ERR1075141
-1,species,63.4247,Unknown,ERR1075141
28901,species,0.548598,Salmonella enterica,ERR1089918
37734,species,0.338025,Enterococcus casseliflavus,ERR1089918
1308,species,0.243821,Streptococcus thermophilus,ERR1089918
1582,species,0.182866,Lactobacillus casei,ERR1089918
907,species,0.177325,Megasphaera elsdenii,ERR1089918
28037,species,0.132993,Streptococcus mitis,ERR1089918
1597,species,0.121911,Lactobacillus paracasei,ERR1089918
1303,species,0.116369,Streptococcus oralis,ERR1089918
1755626,species,0.110828,Faecalibacterium sp. MC_41,ERR1089918
51664,species,0.110828,Lactobacillus dextrinicus,ERR1089918
1685,species,0.0942037,Bifidobacterium breve,ERR1089918
1352,species,0.0942037,Enterococcus faecium,ERR1089918
216816,species,0.0831209,Bifidobacterium longum,ERR1089918
820,species,0.0664967,Bacteroides uniformis,ERR1089918
155617,species,0.0609553,Enterococcus moraviensis,ERR1089918
239935,species,0.0554139,Akkermansia muciniphila,ERR1089918
1680,species,0.0554139,Bifidobacterium adolescentis,ERR1089918
28116,species,0.0554139,Bacteroides ovatus,ERR1089918
197614,species,0.0498725,Streptococcus pasteurianus,ERR1089918
536633,species,0.0498725,Blautia glucerasea,ERR1089918
59310,species,0.0498725,Streptococcus macedonicus,ERR1089918
562,species,0.0443312,Escherichia coli,ERR1089918
52561,species,0.0443312,Desulfomicrobium norvegicum,ERR1089918
28038,species,0.0387898,Lactobacillus curvatus,ERR1089918
1599,species,0.0387898,Lactobacillus sakei,ERR1089918
267818,species,0.0387898,Lactobacillus kefiranofaciens,ERR1089918
1408,species,0.0332484,Bacillus pumilus,ERR1089918
817,species,0.0332484,Bacteroides fragilis,ERR1089918
106648,species,0.0332484,Acinetobacter bereziniae,ERR1089918
547163,species,0.027707,Mycobacterium vulneris,ERR1089918
1522,species,0.027707,[Clostridium] innocuum,ERR1089918
1590,species,0.027707,Lactobacillus plantarum,ERR1089918
47715,species,0.027707,Lactobacillus rhamnosus,ERR1089918
876,species,0.027707,Desulfovibrio desulfuricans,ERR1089918
187327,species,0.0221656,Acidaminococcus intestini,ERR1089918
29389,species,0.0221656,Streptococcus alactolyticus,ERR1089918
1633,species,0.0221656,Lactobacillus vaginalis,ERR1089918
821,species,0.0221656,Bacteroides vulgatus,ERR1089918
386879,species,0.0166242,Lactobacillus faeni,ERR1089918
78342,species,0.0166242,Bifidobacterium gallicum,ERR1089918
417373,species,0.0166242,Lactobacillus equigenerosi,ERR1089918
1313,species,0.0166242,Streptococcus pneumoniae,ERR1089918
40519,species,0.0166242,Ruminococcus callidus,ERR1089918
1613,species,0.0166242,Lactobacillus fermentum,ERR1089918
823,species,0.0166242,Parabacteroides distasonis,ERR1089918
1580,species,0.0166242,Lactobacillus brevis,ERR1089918
2751,species,0.0166242,Carnobacterium maltaromaticum,ERR1089918
1610,species,0.0166242,Lactobacillus coryniformis,ERR1089918
160453,species,0.0110828,Enterococcus gilvus,ERR1089918
390842,species,0.0110828,Lactobacillus parafarraginis,ERR1089918
644,species,0.0110828,Aeromonas hydrophila,ERR1089918
1547,species,0.0110828,Erysipelatoclostridium ramosum,ERR1089918
90730,species,0.0110828,Desulfosarcina cetonica,ERR1089918
1277350,species,0.0110828,Geobacter sp. DSM 9736,ERR1089918
328813,species,0.0110828,Alistipes onderdonkii,ERR1089918
151781,species,0.0110828,Lactobacillus intestinalis,ERR1089918
1260,species,0.0110828,Finegoldia magna,ERR1089918
1671366,species,0.0110828,Ruminococcus sp. DSM 100440,ERR1089918
1311,species,0.0110828,Streptococcus agalactiae,ERR1089918
44742,species,0.0110828,Desulfovibrio fairfieldensis,ERR1089918
351091,species,0.0110828,Oscillibacter valericigenes,ERR1089918
480930,species,0.0110828,Lactobacillus odoratitofui,ERR1089918
703,species,0.0110828,Plesiomonas shigelloides,ERR1089918
1304158,species,0.0110828,Salinisphaera halophila,ERR1089918
84112,species,0.0110828,Eggerthella lenta,ERR1089918
1512,species,0.0110828,[Clostridium] symbiosum,ERR1089918
1134687,species,0.0110828,Klebsiella michiganensis,ERR1089918
243924,species,0.0110828,Pseudomonas lutea,ERR1089918
29348,species,0.0110828,[Clostridium] spiroforme,ERR1089918
246787,species,0.00554139,Bacteroides cellulosilyticus,ERR1089918
84030,species,0.00554139,[Clostridium] saccharolyticum,ERR1089918
166486,species,0.00554139,Roseburia intestinalis,ERR1089918
1338,species,0.00554139,Streptococcus intermedius,ERR1089918
1632,species,0.00554139,Lactobacillus oris,ERR1089918
122355,species,0.00554139,Pseudomonas psychrophila,ERR1089918
96565,species,0.00554139,Lactobacillus hamsteri,ERR1089918
1465521,species,0.00554139,Lactobacillus sp. JCM 8672,ERR1089918
133453,species,0.00554139,Caldilinea aerophila,ERR1089918
74109,species,0.00554139,Photobacterium profundum,ERR1089918
375175,species,0.00554139,Lactobacillus backii,ERR1089918
1307,species,0.00554139,Streptococcus suis,ERR1089918
1349,species,0.00554139,Streptococcus uberis,ERR1089918
1736,species,0.00554139,Eubacterium limosum,ERR1089918
328814,species,0.00554139,Alistipes shahii,ERR1089918
229549,species,0.00554139,Streptococcus minor,ERR1089918
1254,species,0.00554139,Pediococcus acidilactici,ERR1089918
645,species,0.00554139,Aeromonas salmonicida,ERR1089918
99807,species,0.00554139,Corynebacterium auriscanis,ERR1089918
40520,species,0.00554139,Blautia obeum,ERR1089918
90736,species,0.00554139,Moritella marina,ERR1089918
1304,species,0.00554139,Streptococcus salivarius,ERR1089918
381741,species,0.00554139,Lactobacillus thailandensis,ERR1089918
1264,species,0.00554139,Ruminococcus albus,ERR1089918
121726,species,0.00554139,Heliorestis baculata,ERR1089918
901,species,0.00554139,Desulfovibrio piger,ERR1089918
151276,species,0.00554139,Bacteroides coprosuis,ERR1089918
290112,species,0.00554139,Xenorhabdus szentirmaii,ERR1089918
535744,species,0.00554139,Cronobacter universalis,ERR1089918
1766,species,0.00554139,Mycobacterium fortuitum,ERR1089918
167964,species,0.00554139,Anaerolinea thermophila,ERR1089918
301301,species,0.00554139,Roseburia hominis,ERR1089918
35760,species,0.00554139,Bifidobacterium choerinum,ERR1089918
40215,species,0.00554139,Acinetobacter junii,ERR1089918
550,species,0.00554139,Enterobacter cloacae,ERR1089918
294,species,0.00554139,Pseudomonas fluorescens,ERR1089918
33038,species,0.00554139,[Ruminococcus] gnavus,ERR1089918
93064,species,0.00554139,Sphingomonas koreensis,ERR1089918
285091,species,0.00554139,Alcanivorax dieselolei,ERR1089918
310300,species,0.00554139,Bacteroides pyogenes,ERR1089918
102684,species,0.00554139,Streptococcus infantarius,ERR1089918
53412,species,0.00554139,Pseudomonas resinovorans,ERR1089918
944671,species,0.00554139,Lactobacillus nasuensis,ERR1089918
290109,species,0.00554139,Xenorhabdus innexi,ERR1089918
1689,species,0.00554139,Bifidobacterium dentium,ERR1089918
1358,species,0.00554139,Lactococcus lactis,ERR1089918
1282,species,0.00554139,Staphylococcus epidermidis,ERR1089918
265981,species,0.00554139,Alkalimonas delamerensis,ERR1089918
81857,species,0.00554139,Lactobacillus selangorensis,ERR1089918
1336,species,0.00554139,Streptococcus equi,ERR1089918
46503,species,0.00554139,Parabacteroides merdae,ERR1089918
35787,species,0.00554139,Lactobacillus pontis,ERR1089918
762210,species,0.00554139,Bifidobacterium saguini,ERR1089918
261299,species,0.00554139,Intestinibacter bartlettii,ERR1089918
1382,species,0.00554139,Atopobium parvulum,ERR1089918
1034636,species,0.00554139,Providencia sp. BIHB 1402,ERR1089918
881,species,0.00554139,Desulfovibrio vulgaris,ERR1089918
1661059,species,0.00554139,Pseudomonas sp. NBRC 111144,ERR1089918
1626,species,0.00554139,Lactobacillus sharpeae,ERR1089918
106634,species,0.00554139,Thioalkalivibrio versutus,ERR1089918
82688,species,0.00554139,Lactobacillus nagelii,ERR1089918
-1,species,95.9326,Unknown,ERR1089918
28901,species,0.548598,Salmonella enterica,ERR1089918
37734,species,0.338025,Enterococcus casseliflavus,ERR1089918
1308,species,0.243821,Streptococcus thermophilus,ERR1089918
1582,species,0.182866,Lactobacillus casei,ERR1089918
907,species,0.177325,Megasphaera elsdenii,ERR1089918
28037,species,0.132993,Streptococcus mitis,ERR1089918
1597,species,0.121911,Lactobacillus paracasei,ERR1089918
1303,species,0.116369,Streptococcus oralis,ERR1089918
51664,species,0.110828,Lactobacillus dextrinicus,ERR1089918
1755626,species,0.110828,Faecalibacterium sp. MC_41,ERR1089918
1685,species,0.0942037,Bifidobacterium breve,ERR1089918
1352,species,0.0942037,Enterococcus faecium,ERR1089918
216816,species,0.0831209,Bifidobacterium longum,ERR1089918
820,species,0.0664967,Bacteroides uniformis,ERR1089918
155617,species,0.0609553,Enterococcus moraviensis,ERR1089918
239935,species,0.0554139,Akkermansia muciniphila,ERR1089918
1680,species,0.0554139,Bifidobacterium adolescentis,ERR1089918
28116,species,0.0554139,Bacteroides ovatus,ERR1089918
536633,species,0.0498725,Blautia glucerasea,ERR1089918
197614,species,0.0498725,Streptococcus pasteurianus,ERR1089918
59310,species,0.0498725,Streptococcus macedonicus,ERR1089918
52561,species,0.0443312,Desulfomicrobium norvegicum,ERR1089918
562,species,0.0443312,Escherichia coli,ERR1089918
1599,species,0.0387898,Lactobacillus sakei,ERR1089918
267818,species,0.0387898,Lactobacillus kefiranofaciens,ERR1089918
28038,species,0.0387898,Lactobacillus curvatus,ERR1089918
106648,species,0.0332484,Acinetobacter bereziniae,ERR1089918
1408,species,0.0332484,Bacillus pumilus,ERR1089918
817,species,0.0332484,Bacteroides fragilis,ERR1089918
1590,species,0.027707,Lactobacillus plantarum,ERR1089918
47715,species,0.027707,Lactobacillus rhamnosus,ERR1089918
876,species,0.027707,Desulfovibrio desulfuricans,ERR1089918
547163,species,0.027707,Mycobacterium vulneris,ERR1089918
1522,species,0.027707,[Clostridium] innocuum,ERR1089918
1633,species,0.0221656,Lactobacillus vaginalis,ERR1089918
821,species,0.0221656,Bacteroides vulgatus,ERR1089918
187327,species,0.0221656,Acidaminococcus intestini,ERR1089918
29389,species,0.0221656,Streptococcus alactolyticus,ERR1089918
40519,species,0.0166242,Ruminococcus callidus,ERR1089918
1613,species,0.0166242,Lactobacillus fermentum,ERR1089918
1313,species,0.0166242,Streptococcus pneumoniae,ERR1089918
823,species,0.0166242,Parabacteroides distasonis,ERR1089918
2751,species,0.0166242,Carnobacterium maltaromaticum,ERR1089918
1610,species,0.0166242,Lactobacillus coryniformis,ERR1089918
1580,species,0.0166242,Lactobacillus brevis,ERR1089918
386879,species,0.0166242,Lactobacillus faeni,ERR1089918
78342,species,0.0166242,Bifidobacterium gallicum,ERR1089918
417373,species,0.0166242,Lactobacillus equigenerosi,ERR1089918
1311,species,0.0110828,Streptococcus agalactiae,ERR1089918
44742,species,0.0110828,Desulfovibrio fairfieldensis,ERR1089918
351091,species,0.0110828,Oscillibacter valericigenes,ERR1089918
480930,species,0.0110828,Lactobacillus odoratitofui,ERR1089918
703,species,0.0110828,Plesiomonas shigelloides,ERR1089918
1304158,species,0.0110828,Salinisphaera halophila,ERR1089918
1512,species,0.0110828,[Clostridium] symbiosum,ERR1089918
84112,species,0.0110828,Eggerthella lenta,ERR1089918
1134687,species,0.0110828,Klebsiella michiganensis,ERR1089918
29348,species,0.0110828,[Clostridium] spiroforme,ERR1089918
243924,species,0.0110828,Pseudomonas lutea,ERR1089918
160453,species,0.0110828,Enterococcus gilvus,ERR1089918
644,species,0.0110828,Aeromonas hydrophila,ERR1089918
390842,species,0.0110828,Lactobacillus parafarraginis,ERR1089918
90730,species,0.0110828,Desulfosarcina cetonica,ERR1089918
1277350,species,0.0110828,Geobacter sp. DSM 9736,ERR1089918
1547,species,0.0110828,Erysipelatoclostridium ramosum,ERR1089918
328813,species,0.0110828,Alistipes onderdonkii,ERR1089918
151781,species,0.0110828,Lactobacillus intestinalis,ERR1089918
1260,species,0.0110828,Finegoldia magna,ERR1089918
1671366,species,0.0110828,Ruminococcus sp. DSM 100440,ERR1089918
40520,species,0.00554139,Blautia obeum,ERR1089918
381741,species,0.00554139,Lactobacillus thailandensis,ERR1089918
90736,species,0.00554139,Moritella marina,ERR1089918
1304,species,0.00554139,Streptococcus salivarius,ERR1089918
901,species,0.00554139,Desulfovibrio piger,ERR1089918
151276,species,0.00554139,Bacteroides coprosuis,ERR1089918
290112,species,0.00554139,Xenorhabdus szentirmaii,ERR1089918
535744,species,0.00554139,Cronobacter universalis,ERR1089918
1766,species,0.00554139,Mycobacterium fortuitum,ERR1089918
167964,species,0.00554139,Anaerolinea thermophila,ERR1089918
1264,species,0.00554139,Ruminococcus albus,ERR1089918
121726,species,0.00554139,Heliorestis baculata,ERR1089918
35760,species,0.00554139,Bifidobacterium choerinum,ERR1089918
40215,species,0.00554139,Acinetobacter junii,ERR1089918
550,species,0.00554139,Enterobacter cloacae,ERR1089918
294,species,0.00554139,Pseudomonas fluorescens,ERR1089918
33038,species,0.00554139,[Ruminococcus] gnavus,ERR1089918
301301,species,0.00554139,Roseburia hominis,ERR1089918
310300,species,0.00554139,Bacteroides pyogenes,ERR1089918
102684,species,0.00554139,Streptococcus infantarius,ERR1089918
93064,species,0.00554139,Sphingomonas koreensis,ERR1089918
285091,species,0.00554139,Alcanivorax dieselolei,ERR1089918
53412,species,0.00554139,Pseudomonas resinovorans,ERR1089918
944671,species,0.00554139,Lactobacillus nasuensis,ERR1089918
1358,species,0.00554139,Lactococcus lactis,ERR1089918
1282,species,0.00554139,Staphylococcus epidermidis,ERR1089918
265981,species,0.00554139,Alkalimonas delamerensis,ERR1089918
81857,species,0.00554139,Lactobacillus selangorensis,ERR1089918
290109,species,0.00554139,Xenorhabdus innexi,ERR1089918
1689,species,0.00554139,Bifidobacterium dentium,ERR1089918
46503,species,0.00554139,Parabacteroides merdae,ERR1089918
35787,species,0.00554139,Lactobacillus pontis,ERR1089918
762210,species,0.00554139,Bifidobacterium saguini,ERR1089918
261299,species,0.00554139,Intestinibacter bartlettii,ERR1089918
1336,species,0.00554139,Streptococcus equi,ERR1089918
881,species,0.00554139,Desulfovibrio vulgaris,ERR1089918
1661059,species,0.00554139,Pseudomonas sp. NBRC 111144,ERR1089918
1626,species,0.00554139,Lactobacillus sharpeae,ERR1089918
1382,species,0.00554139,Atopobium parvulum,ERR1089918
1034636,species,0.00554139,Providencia sp. BIHB 1402,ERR1089918
106634,species,0.00554139,Thioalkalivibrio versutus,ERR1089918
82688,species,0.00554139,Lactobacillus nagelii,ERR1089918
84030,species,0.00554139,[Clostridium] saccharolyticum,ERR1089918
166486,species,0.00554139,Roseburia intestinalis,ERR1089918
246787,species,0.00554139,Bacteroides cellulosilyticus,ERR1089918
1632,species,0.00554139,Lactobacillus oris,ERR1089918
122355,species,0.00554139,Pseudomonas psychrophila,ERR1089918
1338,species,0.00554139,Streptococcus intermedius,ERR1089918
1465521,species,0.00554139,Lactobacillus sp. JCM 8672,ERR1089918
133453,species,0.00554139,Caldilinea aerophila,ERR1089918
96565,species,0.00554139,Lactobacillus hamsteri,ERR1089918
1349,species,0.00554139,Streptococcus uberis,ERR1089918
74109,species,0.00554139,Photobacterium profundum,ERR1089918
375175,species,0.00554139,Lactobacillus backii,ERR1089918
1307,species,0.00554139,Streptococcus suis,ERR1089918
229549,species,0.00554139,Streptococcus minor,ERR1089918
1736,species,0.00554139,Eubacterium limosum,ERR1089918
328814,species,0.00554139,Alistipes shahii,ERR1089918
645,species,0.00554139,Aeromonas salmonicida,ERR1089918
99807,species,0.00554139,Corynebacterium auriscanis,ERR1089918
1254,species,0.00554139,Pediococcus acidilactici,ERR1089918
-1,species,95.9326,Unknown,ERR1089918
165179,species,52.0705,Prevotella copri,ERR1089933
1755626,species,15.3137,Faecalibacterium sp. MC_41,ERR1089933
28125,species,3.29151,Prevotella bivia,ERR1089933
454154,species,1.80019,Paraprevotella clara,ERR1089933
39485,species,1.54923,[Eubacterium] eligens,ERR1089933
1735,species,1.44305,Holdemanella biformis,ERR1089933
301301,species,1.03764,Roseburia hominis,ERR1089933
166486,species,0.820463,Roseburia intestinalis,ERR1089933
228603,species,0.699807,Prevotella shahii,ERR1089933
633701,species,0.540541,Prevotella saccharolytica,ERR1089933
589436,species,0.535714,Prevotella fusca,ERR1089933
1630,species,0.521236,Kandleria vitulina,ERR1089933
351091,species,0.497104,Oscillibacter valericigenes,ERR1089933
839,species,0.453668,Prevotella ruminicola,ERR1089933
28129,species,0.434363,Prevotella denticola,ERR1089933
40520,species,0.366795,Blautia obeum,ERR1089933
185294,species,0.342664,Prevotella paludivivens,ERR1089933
69825,species,0.328185,[Clostridium] indolis,ERR1089933
28135,species,0.299228,Prevotella oris,ERR1089933
84030,species,0.236486,[Clostridium] saccharolyticum,ERR1089933
536633,species,0.212355,Blautia glucerasea,ERR1089933
574375,species,0.168919,Bacillus gaemokensis,ERR1089933
39490,species,0.164093,Eubacterium ramulus,ERR1089933
77095,species,0.149614,Prevotella bryantii,ERR1089933
384638,species,0.130309,[Bacteroides] pectinophilus,ERR1089933
187327,species,0.120656,Acidaminococcus intestini,ERR1089933
39484,species,0.120656,Eubacterium desmolans,ERR1089933
1512,species,0.111004,[Clostridium] symbiosum,ERR1089933
28137,species,0.106178,Prevotella veroralis,ERR1089933
28446,species,0.0965251,[Clostridium] propionicum,ERR1089933
28136,species,0.0965251,Prevotella oulorum,ERR1089933
170367,species,0.0868726,Paenibacillus anaericanus,ERR1089933
208479,species,0.0868726,[Clostridium] bolteae,ERR1089933
470565,species,0.0772201,Prevotella histicola,ERR1089933
831,species,0.0772201,Butyrivibrio fibrisolvens,ERR1089933
282402,species,0.0772201,Prevotella multiformis,ERR1089933
185293,species,0.0723938,Prevotella oryzae,ERR1089933
589437,species,0.0675676,Prevotella scopos,ERR1089933
39486,species,0.0579151,Dorea formicigenerans,ERR1089933
28131,species,0.0579151,Prevotella intermedia,ERR1089933
39950,species,0.0530888,Dialister pneumosintes,ERR1089933
118748,species,0.0530888,Bulleidia extructa,ERR1089933
39491,species,0.0530888,[Eubacterium] rectale,ERR1089933
1559,species,0.0482625,Clostridium tertium,ERR1089933
146817,species,0.0482625,Dendrosporobacter quercicolus,ERR1089933
477666,species,0.0482625,Bacteroides graminisolvens,ERR1089933
823,species,0.0482625,Parabacteroides distasonis,ERR1089933
840,species,0.0434363,Prevotella loescheii,ERR1089933
1539,species,0.0434363,Clostridium malenominatum,ERR1089933
44749,species,0.0434363,Sporobacter termitidis,ERR1089933
261299,species,0.03861,Intestinibacter bartlettii,ERR1089933
77768,species,0.03861,Prevotella albensis,ERR1089933
38304,species,0.03861,Corynebacterium tuberculostearicum,ERR1089933
169435,species,0.0337838,Anaerotruncus colihominis,ERR1089933
821,species,0.0289575,Bacteroides vulgatus,ERR1089933
45851,species,0.0289575,Butyrivibrio crossotus,ERR1089933
36847,species,0.0289575,[Clostridium] neopropionicum,ERR1089933
28127,species,0.0289575,Prevotella buccalis,ERR1089933
310300,species,0.0289575,Bacteroides pyogenes,ERR1089933
84026,species,0.0289575,[Clostridium] methylpentosum,ERR1089933
28132,species,0.0241313,Prevotella melaninogenica,ERR1089933
47678,species,0.0241313,Bacteroides caccae,ERR1089933
52226,species,0.0241313,Mitsuokella multacida,ERR1089933
270498,species,0.0241313,Catabacter hongkongensis,ERR1089933
305719,species,0.0241313,Prevotella baroniae,ERR1089933
820,species,0.0241313,Bacteroides uniformis,ERR1089933
28116,species,0.019305,Bacteroides ovatus,ERR1089933
33035,species,0.019305,Blautia producta,ERR1089933
33953,species,0.019305,Clostridium aminobutyricum,ERR1089933
419005,species,0.019305,Prevotella amnii,ERR1089933
46206,species,0.019305,Pseudobutyrivibrio ruminis,ERR1089933
29370,species,0.019305,[Clostridium] sphenoides,ERR1089933
386414,species,0.019305,Prevotella timonensis,ERR1089933
357276,species,0.019305,Bacteroides dorei,ERR1089933
1291540,species,0.019305,Candidatus Methanomethylophilus alvus,ERR1089933
1267,species,0.0144788,Clostridium ventriculi,ERR1089933
1535,species,0.0144788,[Clostridium] leptum,ERR1089933
84109,species,0.0144788,Slackia exigua,ERR1089933
626930,species,0.0144788,Bacteroides fluxus,ERR1089933
118967,species,0.0144788,Anaerorhabdus furcosa,ERR1089933
39496,species,0.0144788,Eubacterium ventriosum,ERR1089933
159,species,0.0144788,Brachyspira hyodysenteriae,ERR1089933
29375,species,0.0144788,[Clostridium] xylanolyticum,ERR1089933
2741,species,0.00965251,Peptococcus niger,ERR1089933
1308,species,0.00965251,Streptococcus thermophilus,ERR1089933
133926,species,0.00965251,Olsenella uli,ERR1089933
46503,species,0.00965251,Parabacteroides merdae,ERR1089933
645466,species,0.00965251,Anaerostipes butyraticus,ERR1089933
1311,species,0.00965251,Streptococcus agalactiae,ERR1089933
43770,species,0.00965251,Corynebacterium striatum,ERR1089933
28130,species,0.00965251,Prevotella disiens,ERR1089933
397865,species,0.00965251,Barnesiella viscericola,ERR1089933
36745,species,0.00965251,Clostridium saccharoperbutylacetonicum,ERR1089933
290053,species,0.00965251,Bacteroides helcogenes,ERR1089933
310298,species,0.00965251,Bacteroides coprocola,ERR1089933
46506,species,0.00965251,Bacteroides stercoris,ERR1089933
185008,species,0.00965251,Butyrivibrio hungatei,ERR1089933
28037,species,0.00965251,Streptococcus mitis,ERR1089933
228604,species,0.00965251,Prevotella salivae,ERR1089933
97253,species,0.00965251,Eubacterium plexicaudatum,ERR1089933
328814,species,0.00482625,Alistipes shahii,ERR1089933
626932,species,0.00482625,Alistipes indistinctus,ERR1089933
1629,species,0.00482625,Weissella viridescens,ERR1089933
43675,species,0.00482625,Rothia mucilaginosa,ERR1089933
1265,species,0.00482625,Ruminococcus flavefaciens,ERR1089933
1515,species,0.00482625,Ruminiclostridium thermocellum,ERR1089933
28111,species,0.00482625,Bacteroides eggerthii,ERR1089933
1404,species,0.00482625,Bacillus megaterium,ERR1089933
626935,species,0.00482625,Collinsella tanakaei,ERR1089933
66219,species,0.00482625,Lachnoclostridium phytofermentans,ERR1089933
294,species,0.00482625,Pseudomonas fluorescens,ERR1089933
1507,species,0.00482625,Clostridium sp. ATCC 29733,ERR1089933
28117,species,0.00482625,Alistipes putredinis,ERR1089933
61435,species,0.00482625,Dehalococcoides mccartyi,ERR1089933
52787,species,0.00482625,Anaerofilum pentosovorans,ERR1089933
133453,species,0.00482625,Caldilinea aerophila,ERR1089933
33039,species,0.00482625,[Ruminococcus] torques,ERR1089933
178214,species,0.00482625,Facklamia hominis,ERR1089933
729,species,0.00482625,Haemophilus parainfluenzae,ERR1089933
253245,species,0.00482625,Owenweeksia hongkongensis,ERR1089933
1532,species,0.00482625,Blautia coccoides,ERR1089933
1680,species,0.00482625,Bifidobacterium adolescentis,ERR1089933
33043,species,0.00482625,Coprococcus eutactus,ERR1089933
652716,species,0.00482625,Prevotella sp. oral taxon 299,ERR1089933
105841,species,0.00482625,Anaerostipes caccae,ERR1089933
1465754,species,0.00482625,Alistipes timonensis,ERR1089933
626931,species,0.00482625,Bacteroides oleiciplenus,ERR1089933
552810,species,0.00482625,Dehalogenimonas lykanthroporepellens,ERR1089933
1590,species,0.00482625,Lactobacillus plantarum,ERR1089933
28126,species,0.00482625,Prevotella buccae,ERR1089933
28118,species,0.00482625,Odoribacter splanchnicus,ERR1089933
1502,species,0.00482625,Clostridium perfringens,ERR1089933
410072,species,0.00482625,Coprococcus comes,ERR1089933
28134,species,0.00482625,Prevotella oralis,ERR1089933
52227,species,0.00482625,Prevotella dentalis,ERR1089933
39778,species,0.00482625,Veillonella dispar,ERR1089933
502558,species,0.00482625,Eggerthella sp. YY7918,ERR1089933
1280,species,0.00482625,Staphylococcus aureus,ERR1089933
39482,species,0.00482625,[Eubacterium] contortum,ERR1089933
29356,species,0.00482625,Clostridium chartatabidum,ERR1089933
1027,species,0.00482625,Microscilla marina,ERR1089933
36835,species,0.00482625,[Clostridium] colinum,ERR1089933
78343,species,0.00482625,Bifidobacterium boum,ERR1089933
180164,species,0.00482625,Blautia schinkii,ERR1089933
58172,species,0.00482625,Paenibacillus sp.,ERR1089933
40518,species,0.00482625,Ruminococcus bromii,ERR1089933
47679,species,0.00482625,Sporomusa sphaeroides,ERR1089933
46867,species,0.00482625,Clostridium chauvoei,ERR1089933
-1,species,13.639,Unknown,ERR1089933
122355,species,19.9518,Pseudomonas psychrophila,ERR1089984
882211,species,19.8053,Pseudomonas deceptionensis,ERR1089984
1755626,species,5.00855,Faecalibacterium sp. MC_41,ERR1089984
33069,species,3.03077,Pseudomonas viridiflava,ERR1089984
46503,species,2.16701,Parabacteroides merdae,ERR1089984
317,species,1.09571,Pseudomonas syringae,ERR1089984
820,species,1.04993,Bacteroides uniformis,ERR1089984
294,species,1.03772,Pseudomonas fluorescens,ERR1089984
29348,species,0.729459,[Clostridium] spiroforme,ERR1089984
160799,species,0.528019,Paenibacillus borealis,ERR1089984
218538,species,0.494445,Dialister invisus,ERR1089984
216816,species,0.439507,Bifidobacterium longum,ERR1089984
39484,species,0.427298,Eubacterium desmolans,ERR1089984
47884,species,0.399829,Pseudomonas taetrolens,ERR1089984
40520,species,0.347943,Blautia obeum,ERR1089984
71999,species,0.289952,Kocuria palustris,ERR1089984
1685,species,0.265535,Bifidobacterium breve,ERR1089984
1680,species,0.259431,Bifidobacterium adolescentis,ERR1089984
351091,species,0.256379,Oscillibacter valericigenes,ERR1089984
39496,species,0.238066,Eubacterium ventriosum,ERR1089984
243924,species,0.235014,Pseudomonas lutea,ERR1089984
39485,species,0.225858,[Eubacterium] eligens,ERR1089984
40518,species,0.225858,Ruminococcus bromii,ERR1089984
47678,species,0.222806,Bacteroides caccae,ERR1089984
261299,species,0.219753,Intestinibacter bartlettii,ERR1089984
84032,species,0.18618,[Clostridium] thermosuccinogenes,ERR1089984
28901,species,0.183128,Salmonella enterica,ERR1089984
246787,species,0.170919,Bacteroides cellulosilyticus,ERR1089984
1308,species,0.158711,Streptococcus thermophilus,ERR1089984
37734,species,0.134294,Enterococcus casseliflavus,ERR1089984
1352,species,0.131242,Enterococcus faecium,ERR1089984
69825,species,0.122085,[Clostridium] indolis,ERR1089984
397865,species,0.109877,Barnesiella viscericola,ERR1089984
1515,species,0.0976682,Ruminiclostridium thermocellum,ERR1089984
536633,species,0.094616,Blautia glucerasea,ERR1089984
587753,species,0.0854596,Pseudomonas chlororaphis,ERR1089984
303,species,0.0824075,Pseudomonas putida,ERR1089984
400390,species,0.0793554,Alkalimonas collagenimarina,ERR1089984
78342,species,0.0793554,Bifidobacterium gallicum,ERR1089984
1535,species,0.0763033,[Clostridium] leptum,ERR1089984
502558,species,0.070199,Eggerthella sp. YY7918,ERR1089984
47880,species,0.0671469,Pseudomonas fulva,ERR1089984
288965,species,0.0640947,[Clostridium] clariflavum,ERR1089984
265981,species,0.0579905,Alkalimonas delamerensis,ERR1089984
626930,species,0.0549383,Bacteroides fluxus,ERR1089984
341225,species,0.0549383,[Clostridium] saccharogumia,ERR1089984
155617,species,0.0518862,Enterococcus moraviensis,ERR1089984
36745,species,0.0518862,Clostridium saccharoperbutylacetonicum,ERR1089984
1363,species,0.0518862,Lactococcus garvieae,ERR1089984
626931,species,0.0518862,Bacteroides oleiciplenus,ERR1089984
1559,species,0.0488341,Clostridium tertium,ERR1089984
44749,species,0.0488341,Sporobacter termitidis,ERR1089984
29435,species,0.0396777,Pseudomonas flavescens,ERR1089984
28446,species,0.0396777,[Clostridium] propionicum,ERR1089984
28116,species,0.0396777,Bacteroides ovatus,ERR1089984
239935,species,0.0396777,Akkermansia muciniphila,ERR1089984
1495,species,0.0366256,Clostridium cylindrosporum,ERR1089984
28037,species,0.0335734,Streptococcus mitis,ERR1089984
39497,species,0.0335734,Eubacterium xylanophilum,ERR1089984
39490,species,0.0335734,Eubacterium ramulus,ERR1089984
78343,species,0.0335734,Bifidobacterium boum,ERR1089984
658457,species,0.0305213,Pseudomonas composti,ERR1089984
1661059,species,0.0305213,Pseudomonas sp. NBRC 111144,ERR1089984
33035,species,0.0305213,Blautia producta,ERR1089984
72000,species,0.0305213,Kocuria rhizophila,ERR1089984
356829,species,0.0274692,Bifidobacterium tsurumiense,ERR1089984
328813,species,0.0274692,Alistipes onderdonkii,ERR1089984
105841,species,0.0274692,Anaerostipes caccae,ERR1089984
645466,species,0.0274692,Anaerostipes butyraticus,ERR1089984
301301,species,0.024417,Roseburia hominis,ERR1089984
1358,species,0.024417,Lactococcus lactis,ERR1089984
29355,species,0.024417,[Clostridium] cellobioparum,ERR1089984
1512,species,0.0213649,[Clostridium] symbiosum,ERR1089984
52561,species,0.0213649,Desulfomicrobium norvegicum,ERR1089984
487175,species,0.0213649,Parasutterella excrementihominis,ERR1089984
47879,species,0.0213649,Pseudomonas corrugata,ERR1089984
28117,species,0.0213649,Alistipes putredinis,ERR1089984
762210,species,0.0213649,Bifidobacterium saguini,ERR1089984
1303,species,0.0213649,Streptococcus oralis,ERR1089984
574375,species,0.0213649,Bacillus gaemokensis,ERR1089984
37923,species,0.0183128,Kocuria kristinae,ERR1089984
821,species,0.0183128,Bacteroides vulgatus,ERR1089984
1833,species,0.0183128,Rhodococcus erythropolis,ERR1089984
1608996,species,0.0183128,Pseudomonas helleri,ERR1089984
1519,species,0.0183128,Clostridium tyrobutyricum,ERR1089984
133453,species,0.0152607,Caldilinea aerophila,ERR1089984
61171,species,0.0152607,Holdemania filiformis,ERR1089984
562,species,0.0152607,Escherichia coli,ERR1089984
43675,species,0.0152607,Rothia mucilaginosa,ERR1089984
334543,species,0.0152607,Psychrobacter arcticus,ERR1089984
169435,species,0.0152607,Anaerotruncus colihominis,ERR1089984
90730,species,0.0152607,Desulfosarcina cetonica,ERR1089984
70775,species,0.0152607,Pseudomonas plecoglossicida,ERR1089984
33043,species,0.0152607,Coprococcus eutactus,ERR1089984
1264,species,0.0152607,Ruminococcus albus,ERR1089984
61435,species,0.0152607,Dehalococcoides mccartyi,ERR1089984
549,species,0.0152607,Pantoea agglomerans,ERR1089984
52787,species,0.0152607,Anaerofilum pentosovorans,ERR1089984
48296,species,0.0152607,Acinetobacter pittii,ERR1089984
328814,species,0.0122085,Alistipes shahii,ERR1089984
410072,species,0.0122085,Coprococcus comes,ERR1089984
267818,species,0.0122085,Lactobacillus kefiranofaciens,ERR1089984
876,species,0.0122085,Desulfovibrio desulfuricans,ERR1089984
35760,species,0.0122085,Bifidobacterium choerinum,ERR1089984
84030,species,0.0122085,[Clostridium] saccharolyticum,ERR1089984
35517,species,0.0122085,[Eubacterium] brachy,ERR1089984
626932,species,0.0122085,Alistipes indistinctus,ERR1089984
1168034,species,0.0122085,Draconibacterium orientale,ERR1089984
1114008,species,0.00915639,Lactobacillus sp. NBRC 107185,ERR1089984
29367,species,0.00915639,Clostridium puniceum,ERR1089984
471189,species,0.00915639,Gordonibacter pamelaeae,ERR1089984
33905,species,0.00915639,Bifidobacterium thermophilum,ERR1089984
99807,species,0.00915639,Corynebacterium auriscanis,ERR1089984
1402,species,0.00915639,Bacillus licheniformis,ERR1089984
478,species,0.00915639,Moraxella nonliquefaciens,ERR1089984
28026,species,0.00915639,Bifidobacterium pseudocatenulatum,ERR1089984
35785,species,0.00915639,Clostridium maximum,ERR1089984
143393,species,0.00915639,[Eubacterium] sulci,ERR1089984
208479,species,0.00915639,[Clostridium] bolteae,ERR1089984
36808,species,0.00915639,Corynebacterium bovis,ERR1089984
167964,species,0.00915639,Anaerolinea thermophila,ERR1089984
166486,species,0.00610426,Roseburia intestinalis,ERR1089984
1608994,species,0.00610426,Pseudomonas weihenstephanensis,ERR1089984
1590,species,0.00610426,Lactobacillus plantarum,ERR1089984
180332,species,0.00610426,Robinsoniella peoriensis,ERR1089984
35833,species,0.00610426,Bilophila wadsworthia,ERR1089984
1646,species,0.00610426,Renibacterium salmoninarum,ERR1089984
1265,species,0.00610426,Ruminococcus flavefaciens,ERR1089984
36847,species,0.00610426,[Clostridium] neopropionicum,ERR1089984
2751,species,0.00610426,Carnobacterium maltaromaticum,ERR1089984
39486,species,0.00610426,Dorea formicigenerans,ERR1089984
1377,species,0.00610426,Aerococcus viridans,ERR1089984
741091,species,0.00610426,Rahnella sp. Y9602,ERR1089984
84112,species,0.00610426,Eggerthella lenta,ERR1089984
1349,species,0.00610426,Streptococcus uberis,ERR1089984
480,species,0.00610426,Moraxella catarrhalis,ERR1089984
39491,species,0.00610426,[Eubacterium] rectale,ERR1089984
1113655,species,0.00610426,Psychrobacter sp. NBRC 15736,ERR1089984
47877,species,0.00610426,Pseudomonas amygdali,ERR1089984
52133,species,0.00610426,Acinetobacter venetianus,ERR1089984
1304,species,0.00610426,Streptococcus salivarius,ERR1089984
871325,species,0.00610426,Bacteroides faecichinchillae,ERR1089984
28224,species,0.00610426,Mesoplasma seiffertii,ERR1089984
582,species,0.00610426,Morganella morganii,ERR1089984
51665,species,0.00610426,Aerococcus urinaeequi,ERR1089984
45076,species,0.00610426,Legionella worsleiensis,ERR1089984
626937,species,0.00610426,Christensenella minuta,ERR1089984
329854,species,0.00610426,Bacteroides intestinalis,ERR1089984
634765,species,0.00610426,Cocleimonas flava,ERR1089984
1465754,species,0.00610426,Alistipes timonensis,ERR1089984
332249,species,0.00610426,Truepera radiovictrix,ERR1089984
52773,species,0.00610426,Actinomyces meyeri,ERR1089984
33038,species,0.00610426,[Ruminococcus] gnavus,ERR1089984
46228,species,0.00610426,Ruminococcus lactaris,ERR1089984
1254,species,0.00610426,Pediococcus acidilactici,ERR1089984
252,species,0.00610426,Halomonas halmophila,ERR1089984
79209,species,0.00305213,Desulfosporosinus meridiei,ERR1089984
446,species,0.00305213,Legionella pneumophila,ERR1089984
100884,species,0.00305213,Coprobacillus cateniformis,ERR1089984
29370,species,0.00305213,[Clostridium] sphenoides,ERR1089984
214853,species,0.00305213,Anaerofustis stercorihominis,ERR1089984
189381,species,0.00305213,Bacillus marisflavi,ERR1089984
437505,species,0.00305213,Granulosicoccus antarcticus,ERR1089984
202956,species,0.00305213,Acinetobacter towneri,ERR1089984
314275,species,0.00305213,Alteromonas mediterranea,ERR1089984
508460,species,0.00305213,Cloacibacillus evryensis,ERR1089984
1776082,species,0.00305213,Shigella sp. SF-2015,ERR1089984
78257,species,0.00305213,Bifidobacterium saeculare,ERR1089984
46506,species,0.00305213,Bacteroides stercoris,ERR1089984
310298,species,0.00305213,Bacteroides coprocola,ERR1089984
516074,species,0.00305213,Providencia burhodogranariea,ERR1089984
13076,species,0.00305213,Globicatella sanguinis,ERR1089984
1705,species,0.00305213,Corynebacterium stationis,ERR1089984
1113805,species,0.00305213,Marinobacter sp. NBRC 101712,ERR1089984
119864,species,0.00305213,Marinomonas mediterranea,ERR1089984
84026,species,0.00305213,[Clostridium] methylpentosum,ERR1089984
106648,species,0.00305213,Acinetobacter bereziniae,ERR1089984
1735,species,0.00305213,Holdemanella biformis,ERR1089984
1336,species,0.00305213,Streptococcus equi,ERR1089984
86663,species,0.00305213,Bacillus carboniphilus,ERR1089984
44742,species,0.00305213,Desulfovibrio fairfieldensis,ERR1089984
132476,species,0.00305213,Pseudomonas kilonensis,ERR1089984
66219,species,0.00305213,Lachnoclostridium phytofermentans,ERR1089984
272918,species,0.00305213,Nesterenkonia sandarakina,ERR1089984
471,species,0.00305213,Acinetobacter calcoaceticus,ERR1089984
857252,species,0.00305213,Pseudomonas aestusnigri,ERR1089984
118748,species,0.00305213,Bulleidia extructa,ERR1089984
1689,species,0.00305213,Bifidobacterium dentium,ERR1089984
29346,species,0.00305213,[Clostridium] paradoxum,ERR1089984
28152,species,0.00305213,Yersinia kristensenii,ERR1089984
823,species,0.00305213,Parabacteroides distasonis,ERR1089984
160386,species,0.00305213,Corynebacterium casei,ERR1089984
287,species,0.00305213,Pseudomonas aeruginosa,ERR1089984
132919,species,0.00305213,Rhodococcus jostii,ERR1089984
1161942,species,0.00305213,Ruminococcus champanellensis,ERR1089984
28038,species,0.00305213,Lactobacillus curvatus,ERR1089984
1661055,species,0.00305213,Pseudomonas sp. NBRC 111140,ERR1089984
256325,species,0.00305213,Psychrobacter maritimus,ERR1089984
76759,species,0.00305213,Pseudomonas monteilii,ERR1089984
19,species,0.00305213,Pelobacter carbinolicus,ERR1089984
151781,species,0.00305213,Lactobacillus intestinalis,ERR1089984
461876,species,0.00305213,Alkaliphilus oremlandii,ERR1089984
169292,species,0.00305213,Corynebacterium aurimucosum,ERR1089984
112002,species,0.00305213,Psychrobacter pacificensis,ERR1089984
1670,species,0.00305213,Arthrobacter citreus,ERR1089984
148814,species,0.00305213,Lactobacillus kunkeei,ERR1089984
1684,species,0.00305213,Bifidobacterium asteroides,ERR1089984
196024,species,0.00305213,Aeromonas dhakensis,ERR1089984
1736,species,0.00305213,Eubacterium limosum,ERR1089984
1661032,species,0.00305213,Pseudomonas sp. NBRC 111117,ERR1089984
818,species,0.00305213,Bacteroides thetaiotaomicron,ERR1089984
2088,species,0.00305213,Anaeroplasma bactoclasticum,ERR1089984
1382,species,0.00305213,Atopobium parvulum,ERR1089984
37915,species,0.00305213,Dietzia maris,ERR1089984
29375,species,0.00305213,[Clostridium] xylanolyticum,ERR1089984
1694,species,0.00305213,Bifidobacterium pseudolongum,ERR1089984
178399,species,0.00305213,Marinomonas primoryensis,ERR1089984
229549,species,0.00305213,Streptococcus minor,ERR1089984
691816,species,0.00305213,Bacteroides rodentium,ERR1089984
1588,species,0.00305213,Lactobacillus hilgardii,ERR1089984
309120,species,0.00305213,Dialister micraerophilus,ERR1089984
86175,species,0.00305213,Pseudomonas pertucinogena,ERR1089984
28111,species,0.00305213,Bacteroides eggerthii,ERR1089984
1307,species,0.00305213,Streptococcus suis,ERR1089984
626935,species,0.00305213,Collinsella tanakaei,ERR1089984
729,species,0.00305213,Haemophilus parainfluenzae,ERR1089984
633417,species,0.00305213,Aeromonas taiwanensis,ERR1089984
571800,species,0.00305213,Psychrobacter sp. G,ERR1089984
103892,species,0.00305213,Veillonella ratti,ERR1089984
79270,species,0.00305213,Desulfurella kamchatkensis,ERR1089984
106588,species,0.00305213,Pseudoflavonifractor capillosus,ERR1089984
1755629,species,0.00305213,Victivallis sp. MC_44,ERR1089984
390842,species,0.00305213,Lactobacillus parafarraginis,ERR1089984
736,species,0.00305213,Haemophilus paraphrohaemolyticus,ERR1089984
1626,species,0.00305213,Lactobacillus sharpeae,ERR1089984
271431,species,0.00305213,Arthrobacter castelli,ERR1089984
328812,species,0.00305213,Parabacteroides goldsteinii,ERR1089984
591197,species,0.00305213,Ignavibacterium album,ERR1089984
1582,species,0.00305213,Lactobacillus casei,ERR1089984
191493,species,0.00305213,Corynebacterium sphenisci,ERR1089984
28255,species,0.00305213,Marinomonas vaga,ERR1089984
754476,species,0.00305213,Methylophaga nitratireducenticrescens,ERR1089984
881,species,0.00305213,Desulfovibrio vulgaris,ERR1089984
634771,species,0.00305213,Chitinophaga eiseniae,ERR1089984
261292,species,0.00305213,Nitrosomonas sp. Is79A3,ERR1089984
39483,species,0.00305213,Faecalitalea cylindroides,ERR1089984
118967,species,0.00305213,Anaerorhabdus furcosa,ERR1089984
115979,species,0.00305213,Bacillus nealsonii,ERR1089984
114702,species,0.00305213,Actinomyces lingnae,ERR1089984
338188,species,0.00305213,Bacteroides finegoldii,ERR1089984
1661050,species,0.00305213,Pseudomonas sp. NBRC 111135,ERR1089984
33039,species,0.00305213,[Ruminococcus] torques,ERR1089984
36835,species,0.00305213,[Clostridium] colinum,ERR1089984
260355,species,0.00305213,Limnobacter sp. HTCC376,ERR1089984
1280,species,0.00305213,Staphylococcus aureus,ERR1089984
28025,species,0.00305213,Bifidobacterium animalis,ERR1089984
447567,species,0.00305213,Halomonas andesensis,ERR1089984
38304,species,0.00305213,Corynebacterium tuberculostearicum,ERR1089984
206403,species,0.00305213,Sulfurovum lithotrophicum,ERR1089984
1114067,species,0.00305213,Weissella sp. NBRC 107245,ERR1089984
2736,species,0.00305213,Verrucomicrobium spinosum,ERR1089984
590841,species,0.00305213,Rhodococcus sp. YIM 100117,ERR1089984
37637,species,0.00305213,Corynebacterium pseudodiphtheriticum,ERR1089984
28139,species,0.00305213,Rikenella microfusus,ERR1089984
97253,species,0.00305213,Eubacterium plexicaudatum,ERR1089984
36874,species,0.00305213,Porphyromonas cangingivalis,ERR1089984
74426,species,0.00305213,Collinsella aerofaciens,ERR1089984
90733,species,0.00305213,Desulfobacterium indolicum,ERR1089984
84031,species,0.00305213,Clostridium sartagoforme,ERR1089984
1282,species,0.00305213,Staphylococcus epidermidis,ERR1089984
28129,species,0.00305213,Prevotella denticola,ERR1089984
511435,species,0.00305213,Candidatus Azobacteroides pseudotrichonymphae,ERR1089984
-1,species,36.6713,Unknown,ERR1089984
122355,species,19.9518,Pseudomonas psychrophila,ERR1089984
882211,species,19.8053,Pseudomonas deceptionensis,ERR1089984
1755626,species,5.00855,Faecalibacterium sp. MC_41,ERR1089984
33069,species,3.03077,Pseudomonas viridiflava,ERR1089984
46503,species,2.16701,Parabacteroides merdae,ERR1089984
317,species,1.09571,Pseudomonas syringae,ERR1089984
820,species,1.04993,Bacteroides uniformis,ERR1089984
294,species,1.03772,Pseudomonas fluorescens,ERR1089984
29348,species,0.729459,[Clostridium] spiroforme,ERR1089984
160799,species,0.528019,Paenibacillus borealis,ERR1089984
218538,species,0.494445,Dialister invisus,ERR1089984
216816,species,0.439507,Bifidobacterium longum,ERR1089984
39484,species,0.427298,Eubacterium desmolans,ERR1089984
47884,species,0.399829,Pseudomonas taetrolens,ERR1089984
40520,species,0.347943,Blautia obeum,ERR1089984
71999,species,0.289952,Kocuria palustris,ERR1089984
1685,species,0.265535,Bifidobacterium breve,ERR1089984
1680,species,0.259431,Bifidobacterium adolescentis,ERR1089984
351091,species,0.256379,Oscillibacter valericigenes,ERR1089984
39496,species,0.238066,Eubacterium ventriosum,ERR1089984
243924,species,0.235014,Pseudomonas lutea,ERR1089984
39485,species,0.225858,[Eubacterium] eligens,ERR1089984
40518,species,0.225858,Ruminococcus bromii,ERR1089984
47678,species,0.222806,Bacteroides caccae,ERR1089984
261299,species,0.219753,Intestinibacter bartlettii,ERR1089984
84032,species,0.18618,[Clostridium] thermosuccinogenes,ERR1089984
28901,species,0.183128,Salmonella enterica,ERR1089984
246787,species,0.170919,Bacteroides cellulosilyticus,ERR1089984
1308,species,0.158711,Streptococcus thermophilus,ERR1089984
37734,species,0.134294,Enterococcus casseliflavus,ERR1089984
1352,species,0.131242,Enterococcus faecium,ERR1089984
69825,species,0.122085,[Clostridium] indolis,ERR1089984
397865,species,0.109877,Barnesiella viscericola,ERR1089984
1515,species,0.0976682,Ruminiclostridium thermocellum,ERR1089984
536633,species,0.094616,Blautia glucerasea,ERR1089984
587753,species,0.0854596,Pseudomonas chlororaphis,ERR1089984
303,species,0.0824075,Pseudomonas putida,ERR1089984
78342,species,0.0793554,Bifidobacterium gallicum,ERR1089984
400390,species,0.0793554,Alkalimonas collagenimarina,ERR1089984
1535,species,0.0763033,[Clostridium] leptum,ERR1089984
502558,species,0.070199,Eggerthella sp. YY7918,ERR1089984
47880,species,0.0671469,Pseudomonas fulva,ERR1089984
288965,species,0.0640947,[Clostridium] clariflavum,ERR1089984
265981,species,0.0579905,Alkalimonas delamerensis,ERR1089984
626930,species,0.0549383,Bacteroides fluxus,ERR1089984
341225,species,0.0549383,[Clostridium] saccharogumia,ERR1089984
1363,species,0.0518862,Lactococcus garvieae,ERR1089984
626931,species,0.0518862,Bacteroides oleiciplenus,ERR1089984
155617,species,0.0518862,Enterococcus moraviensis,ERR1089984
36745,species,0.0518862,Clostridium saccharoperbutylacetonicum,ERR1089984
44749,species,0.0488341,Sporobacter termitidis,ERR1089984
1559,species,0.0488341,Clostridium tertium,ERR1089984
239935,species,0.0396777,Akkermansia muciniphila,ERR1089984
29435,species,0.0396777,Pseudomonas flavescens,ERR1089984
28446,species,0.0396777,[Clostridium] propionicum,ERR1089984
28116,species,0.0396777,Bacteroides ovatus,ERR1089984
1495,species,0.0366256,Clostridium cylindrosporum,ERR1089984
39490,species,0.0335734,Eubacterium ramulus,ERR1089984
78343,species,0.0335734,Bifidobacterium boum,ERR1089984
28037,species,0.0335734,Streptococcus mitis,ERR1089984
39497,species,0.0335734,Eubacterium xylanophilum,ERR1089984
33035,species,0.0305213,Blautia producta,ERR1089984
72000,species,0.0305213,Kocuria rhizophila,ERR1089984
658457,species,0.0305213,Pseudomonas composti,ERR1089984
1661059,species,0.0305213,Pseudomonas sp. NBRC 111144,ERR1089984
356829,species,0.0274692,Bifidobacterium tsurumiense,ERR1089984
328813,species,0.0274692,Alistipes onderdonkii,ERR1089984
105841,species,0.0274692,Anaerostipes caccae,ERR1089984
645466,species,0.0274692,Anaerostipes butyraticus,ERR1089984
301301,species,0.024417,Roseburia hominis,ERR1089984
1358,species,0.024417,Lactococcus lactis,ERR1089984
29355,species,0.024417,[Clostridium] cellobioparum,ERR1089984
52561,species,0.0213649,Desulfomicrobium norvegicum,ERR1089984
487175,species,0.0213649,Parasutterella excrementihominis,ERR1089984
47879,species,0.0213649,Pseudomonas corrugata,ERR1089984
28117,species,0.0213649,Alistipes putredinis,ERR1089984
762210,species,0.0213649,Bifidobacterium saguini,ERR1089984
1303,species,0.0213649,Streptococcus oralis,ERR1089984
574375,species,0.0213649,Bacillus gaemokensis,ERR1089984
1512,species,0.0213649,[Clostridium] symbiosum,ERR1089984
1519,species,0.0183128,Clostridium tyrobutyricum,ERR1089984
37923,species,0.0183128,Kocuria kristinae,ERR1089984
821,species,0.0183128,Bacteroides vulgatus,ERR1089984
1833,species,0.0183128,Rhodococcus erythropolis,ERR1089984
1608996,species,0.0183128,Pseudomonas helleri,ERR1089984
169435,species,0.0152607,Anaerotruncus colihominis,ERR1089984
43675,species,0.0152607,Rothia mucilaginosa,ERR1089984
334543,species,0.0152607,Psychrobacter arcticus,ERR1089984
70775,species,0.0152607,Pseudomonas plecoglossicida,ERR1089984
33043,species,0.0152607,Coprococcus eutactus,ERR1089984
90730,species,0.0152607,Desulfosarcina cetonica,ERR1089984
1264,species,0.0152607,Ruminococcus albus,ERR1089984
549,species,0.0152607,Pantoea agglomerans,ERR1089984
61435,species,0.0152607,Dehalococcoides mccartyi,ERR1089984
52787,species,0.0152607,Anaerofilum pentosovorans,ERR1089984
48296,species,0.0152607,Acinetobacter pittii,ERR1089984
133453,species,0.0152607,Caldilinea aerophila,ERR1089984
61171,species,0.0152607,Holdemania filiformis,ERR1089984
562,species,0.0152607,Escherichia coli,ERR1089984
267818,species,0.0122085,Lactobacillus kefiranofaciens,ERR1089984
876,species,0.0122085,Desulfovibrio desulfuricans,ERR1089984
35760,species,0.0122085,Bifidobacterium choerinum,ERR1089984
84030,species,0.0122085,[Clostridium] saccharolyticum,ERR1089984
626932,species,0.0122085,Alistipes indistinctus,ERR1089984
1168034,species,0.0122085,Draconibacterium orientale,ERR1089984
35517,species,0.0122085,[Eubacterium] brachy,ERR1089984
328814,species,0.0122085,Alistipes shahii,ERR1089984
410072,species,0.0122085,Coprococcus comes,ERR1089984
28026,species,0.00915639,Bifidobacterium pseudocatenulatum,ERR1089984
35785,species,0.00915639,Clostridium maximum,ERR1089984
143393,species,0.00915639,[Eubacterium] sulci,ERR1089984
208479,species,0.00915639,[Clostridium] bolteae,ERR1089984
36808,species,0.00915639,Corynebacterium bovis,ERR1089984
167964,species,0.00915639,Anaerolinea thermophila,ERR1089984
1114008,species,0.00915639,Lactobacillus sp. NBRC 107185,ERR1089984
29367,species,0.00915639,Clostridium puniceum,ERR1089984
99807,species,0.00915639,Corynebacterium auriscanis,ERR1089984
471189,species,0.00915639,Gordonibacter pamelaeae,ERR1089984
33905,species,0.00915639,Bifidobacterium thermophilum,ERR1089984
1402,species,0.00915639,Bacillus licheniformis,ERR1089984
478,species,0.00915639,Moraxella nonliquefaciens,ERR1089984
1377,species,0.00610426,Aerococcus viridans,ERR1089984
1349,species,0.00610426,Streptococcus uberis,ERR1089984
480,species,0.00610426,Moraxella catarrhalis,ERR1089984
741091,species,0.00610426,Rahnella sp. Y9602,ERR1089984
84112,species,0.00610426,Eggerthella lenta,ERR1089984
47877,species,0.00610426,Pseudomonas amygdali,ERR1089984
52133,species,0.00610426,Acinetobacter venetianus,ERR1089984
39491,species,0.00610426,[Eubacterium] rectale,ERR1089984
1113655,species,0.00610426,Psychrobacter sp. NBRC 15736,ERR1089984
1304,species,0.00610426,Streptococcus salivarius,ERR1089984
871325,species,0.00610426,Bacteroides faecichinchillae,ERR1089984
28224,species,0.00610426,Mesoplasma seiffertii,ERR1089984
51665,species,0.00610426,Aerococcus urinaeequi,ERR1089984
45076,species,0.00610426,Legionella worsleiensis,ERR1089984
626937,species,0.00610426,Christensenella minuta,ERR1089984
582,species,0.00610426,Morganella morganii,ERR1089984
634765,species,0.00610426,Cocleimonas flava,ERR1089984
1465754,species,0.00610426,Alistipes timonensis,ERR1089984
329854,species,0.00610426,Bacteroides intestinalis,ERR1089984
332249,species,0.00610426,Truepera radiovictrix,ERR1089984
52773,species,0.00610426,Actinomyces meyeri,ERR1089984
33038,species,0.00610426,[Ruminococcus] gnavus,ERR1089984
46228,species,0.00610426,Ruminococcus lactaris,ERR1089984
1254,species,0.00610426,Pediococcus acidilactici,ERR1089984
252,species,0.00610426,Halomonas halmophila,ERR1089984
166486,species,0.00610426,Roseburia intestinalis,ERR1089984
1590,species,0.00610426,Lactobacillus plantarum,ERR1089984
180332,species,0.00610426,Robinsoniella peoriensis,ERR1089984
1608994,species,0.00610426,Pseudomonas weihenstephanensis,ERR1089984
35833,species,0.00610426,Bilophila wadsworthia,ERR1089984
1646,species,0.00610426,Renibacterium salmoninarum,ERR1089984
1265,species,0.00610426,Ruminococcus flavefaciens,ERR1089984
2751,species,0.00610426,Carnobacterium maltaromaticum,ERR1089984
39486,species,0.00610426,Dorea formicigenerans,ERR1089984
36847,species,0.00610426,[Clostridium] neopropionicum,ERR1089984
19,species,0.00305213,Pelobacter carbinolicus,ERR1089984
151781,species,0.00305213,Lactobacillus intestinalis,ERR1089984
461876,species,0.00305213,Alkaliphilus oremlandii,ERR1089984
169292,species,0.00305213,Corynebacterium aurimucosum,ERR1089984
28038,species,0.00305213,Lactobacillus curvatus,ERR1089984
1661055,species,0.00305213,Pseudomonas sp. NBRC 111140,ERR1089984
256325,species,0.00305213,Psychrobacter maritimus,ERR1089984
76759,species,0.00305213,Pseudomonas monteilii,ERR1089984
196024,species,0.00305213,Aeromonas dhakensis,ERR1089984
1736,species,0.00305213,Eubacterium limosum,ERR1089984
1661032,species,0.00305213,Pseudomonas sp. NBRC 111117,ERR1089984
112002,species,0.00305213,Psychrobacter pacificensis,ERR1089984
1670,species,0.00305213,Arthrobacter citreus,ERR1089984
148814,species,0.00305213,Lactobacillus kunkeei,ERR1089984
1684,species,0.00305213,Bifidobacterium asteroides,ERR1089984
818,species,0.00305213,Bacteroides thetaiotaomicron,ERR1089984
2088,species,0.00305213,Anaeroplasma bactoclasticum,ERR1089984
1382,species,0.00305213,Atopobium parvulum,ERR1089984
37915,species,0.00305213,Dietzia maris,ERR1089984
691816,species,0.00305213,Bacteroides rodentium,ERR1089984
1588,species,0.00305213,Lactobacillus hilgardii,ERR1089984
309120,species,0.00305213,Dialister micraerophilus,ERR1089984
86175,species,0.00305213,Pseudomonas pertucinogena,ERR1089984
29375,species,0.00305213,[Clostridium] xylanolyticum,ERR1089984
1694,species,0.00305213,Bifidobacterium pseudolongum,ERR1089984
178399,species,0.00305213,Marinomonas primoryensis,ERR1089984
229549,species,0.00305213,Streptococcus minor,ERR1089984
103892,species,0.00305213,Veillonella ratti,ERR1089984
79270,species,0.00305213,Desulfurella kamchatkensis,ERR1089984
106588,species,0.00305213,Pseudoflavonifractor capillosus,ERR1089984
1755629,species,0.00305213,Victivallis sp. MC_44,ERR1089984
28111,species,0.00305213,Bacteroides eggerthii,ERR1089984
1307,species,0.00305213,Streptococcus suis,ERR1089984
626935,species,0.00305213,Collinsella tanakaei,ERR1089984
729,species,0.00305213,Haemophilus parainfluenzae,ERR1089984
633417,species,0.00305213,Aeromonas taiwanensis,ERR1089984
571800,species,0.00305213,Psychrobacter sp. G,ERR1089984
328812,species,0.00305213,Parabacteroides goldsteinii,ERR1089984
390842,species,0.00305213,Lactobacillus parafarraginis,ERR1089984
736,species,0.00305213,Haemophilus paraphrohaemolyticus,ERR1089984
1626,species,0.00305213,Lactobacillus sharpeae,ERR1089984
271431,species,0.00305213,Arthrobacter castelli,ERR1089984
881,species,0.00305213,Desulfovibrio vulgaris,ERR1089984
634771,species,0.00305213,Chitinophaga eiseniae,ERR1089984
261292,species,0.00305213,Nitrosomonas sp. Is79A3,ERR1089984
39483,species,0.00305213,Faecalitalea cylindroides,ERR1089984
118967,species,0.00305213,Anaerorhabdus furcosa,ERR1089984
115979,species,0.00305213,Bacillus nealsonii,ERR1089984
591197,species,0.00305213,Ignavibacterium album,ERR1089984
1582,species,0.00305213,Lactobacillus casei,ERR1089984
191493,species,0.00305213,Corynebacterium sphenisci,ERR1089984
28255,species,0.00305213,Marinomonas vaga,ERR1089984
754476,species,0.00305213,Methylophaga nitratireducenticrescens,ERR1089984
28025,species,0.00305213,Bifidobacterium animalis,ERR1089984
447567,species,0.00305213,Halomonas andesensis,ERR1089984
38304,species,0.00305213,Corynebacterium tuberculostearicum,ERR1089984
114702,species,0.00305213,Actinomyces lingnae,ERR1089984
338188,species,0.00305213,Bacteroides finegoldii,ERR1089984
1661050,species,0.00305213,Pseudomonas sp. NBRC 111135,ERR1089984
33039,species,0.00305213,[Ruminococcus] torques,ERR1089984
36835,species,0.00305213,[Clostridium] colinum,ERR1089984
260355,species,0.00305213,Limnobacter sp. HTCC376,ERR1089984
1280,species,0.00305213,Staphylococcus aureus,ERR1089984
37637,species,0.00305213,Corynebacterium pseudodiphtheriticum,ERR1089984
28139,species,0.00305213,Rikenella microfusus,ERR1089984
97253,species,0.00305213,Eubacterium plexicaudatum,ERR1089984
36874,species,0.00305213,Porphyromonas cangingivalis,ERR1089984
74426,species,0.00305213,Collinsella aerofaciens,ERR1089984
206403,species,0.00305213,Sulfurovum lithotrophicum,ERR1089984
1114067,species,0.00305213,Weissella sp. NBRC 107245,ERR1089984
2736,species,0.00305213,Verrucomicrobium spinosum,ERR1089984
590841,species,0.00305213,Rhodococcus sp. YIM 100117,ERR1089984
1282,species,0.00305213,Staphylococcus epidermidis,ERR1089984
28129,species,0.00305213,Prevotella denticola,ERR1089984
511435,species,0.00305213,Candidatus Azobacteroides pseudotrichonymphae,ERR1089984
90733,species,0.00305213,Desulfobacterium indolicum,ERR1089984
84031,species,0.00305213,Clostridium sartagoforme,ERR1089984
29370,species,0.00305213,[Clostridium] sphenoides,ERR1089984
214853,species,0.00305213,Anaerofustis stercorihominis,ERR1089984
189381,species,0.00305213,Bacillus marisflavi,ERR1089984
437505,species,0.00305213,Granulosicoccus antarcticus,ERR1089984
202956,species,0.00305213,Acinetobacter towneri,ERR1089984
314275,species,0.00305213,Alteromonas mediterranea,ERR1089984
79209,species,0.00305213,Desulfosporosinus meridiei,ERR1089984
446,species,0.00305213,Legionella pneumophila,ERR1089984
100884,species,0.00305213,Coprobacillus cateniformis,ERR1089984
310298,species,0.00305213,Bacteroides coprocola,ERR1089984
508460,species,0.00305213,Cloacibacillus evryensis,ERR1089984
1776082,species,0.00305213,Shigella sp. SF-2015,ERR1089984
78257,species,0.00305213,Bifidobacterium saeculare,ERR1089984
46506,species,0.00305213,Bacteroides stercoris,ERR1089984
106648,species,0.00305213,Acinetobacter bereziniae,ERR1089984
1735,species,0.00305213,Holdemanella biformis,ERR1089984
1336,species,0.00305213,Streptococcus equi,ERR1089984
86663,species,0.00305213,Bacillus carboniphilus,ERR1089984
516074,species,0.00305213,Providencia burhodogranariea,ERR1089984
13076,species,0.00305213,Globicatella sanguinis,ERR1089984
1705,species,0.00305213,Corynebacterium stationis,ERR1089984
1113805,species,0.00305213,Marinobacter sp. NBRC 101712,ERR1089984
119864,species,0.00305213,Marinomonas mediterranea,ERR1089984
84026,species,0.00305213,[Clostridium] methylpentosum,ERR1089984
857252,species,0.00305213,Pseudomonas aestusnigri,ERR1089984
44742,species,0.00305213,Desulfovibrio fairfieldensis,ERR1089984
132476,species,0.00305213,Pseudomonas kilonensis,ERR1089984
66219,species,0.00305213,Lachnoclostridium phytofermentans,ERR1089984
272918,species,0.00305213,Nesterenkonia sandarakina,ERR1089984
471,species,0.00305213,Acinetobacter calcoaceticus,ERR1089984
823,species,0.00305213,Parabacteroides distasonis,ERR1089984
160386,species,0.00305213,Corynebacterium casei,ERR1089984
118748,species,0.00305213,Bulleidia extructa,ERR1089984
1689,species,0.00305213,Bifidobacterium dentium,ERR1089984
29346,species,0.00305213,[Clostridium] paradoxum,ERR1089984
28152,species,0.00305213,Yersinia kristensenii,ERR1089984
1161942,species,0.00305213,Ruminococcus champanellensis,ERR1089984
287,species,0.00305213,Pseudomonas aeruginosa,ERR1089984
132919,species,0.00305213,Rhodococcus jostii,ERR1089984
-1,species,36.6713,Unknown,ERR1089984
122355,species,19.9518,Pseudomonas psychrophila,ERR1089984
882211,species,19.8053,Pseudomonas deceptionensis,ERR1089984
1755626,species,5.00855,Faecalibacterium sp. MC_41,ERR1089984
33069,species,3.03077,Pseudomonas viridiflava,ERR1089984
46503,species,2.16701,Parabacteroides merdae,ERR1089984
317,species,1.09571,Pseudomonas syringae,ERR1089984
820,species,1.04993,Bacteroides uniformis,ERR1089984
294,species,1.03772,Pseudomonas fluorescens,ERR1089984
29348,species,0.729459,[Clostridium] spiroforme,ERR1089984
160799,species,0.528019,Paenibacillus borealis,ERR1089984
218538,species,0.494445,Dialister invisus,ERR1089984
216816,species,0.439507,Bifidobacterium longum,ERR1089984
39484,species,0.427298,Eubacterium desmolans,ERR1089984
47884,species,0.399829,Pseudomonas taetrolens,ERR1089984
40520,species,0.347943,Blautia obeum,ERR1089984
71999,species,0.289952,Kocuria palustris,ERR1089984
1685,species,0.265535,Bifidobacterium breve,ERR1089984
1680,species,0.259431,Bifidobacterium adolescentis,ERR1089984
351091,species,0.256379,Oscillibacter valericigenes,ERR1089984
39496,species,0.238066,Eubacterium ventriosum,ERR1089984
243924,species,0.235014,Pseudomonas lutea,ERR1089984
39485,species,0.225858,[Eubacterium] eligens,ERR1089984
40518,species,0.225858,Ruminococcus bromii,ERR1089984
47678,species,0.222806,Bacteroides caccae,ERR1089984
261299,species,0.219753,Intestinibacter bartlettii,ERR1089984
84032,species,0.18618,[Clostridium] thermosuccinogenes,ERR1089984
28901,species,0.183128,Salmonella enterica,ERR1089984
246787,species,0.170919,Bacteroides cellulosilyticus,ERR1089984
1308,species,0.158711,Streptococcus thermophilus,ERR1089984
37734,species,0.134294,Enterococcus casseliflavus,ERR1089984
1352,species,0.131242,Enterococcus faecium,ERR1089984
69825,species,0.122085,[Clostridium] indolis,ERR1089984
397865,species,0.109877,Barnesiella viscericola,ERR1089984
1515,species,0.0976682,Ruminiclostridium thermocellum,ERR1089984
536633,species,0.094616,Blautia glucerasea,ERR1089984
587753,species,0.0854596,Pseudomonas chlororaphis,ERR1089984
303,species,0.0824075,Pseudomonas putida,ERR1089984
78342,species,0.0793554,Bifidobacterium gallicum,ERR1089984
400390,species,0.0793554,Alkalimonas collagenimarina,ERR1089984
1535,species,0.0763033,[Clostridium] leptum,ERR1089984
502558,species,0.070199,Eggerthella sp. YY7918,ERR1089984
47880,species,0.0671469,Pseudomonas fulva,ERR1089984
288965,species,0.0640947,[Clostridium] clariflavum,ERR1089984
265981,species,0.0579905,Alkalimonas delamerensis,ERR1089984
626930,species,0.0549383,Bacteroides fluxus,ERR1089984
341225,species,0.0549383,[Clostridium] saccharogumia,ERR1089984
36745,species,0.0518862,Clostridium saccharoperbutylacetonicum,ERR1089984
1363,species,0.0518862,Lactococcus garvieae,ERR1089984
626931,species,0.0518862,Bacteroides oleiciplenus,ERR1089984
155617,species,0.0518862,Enterococcus moraviensis,ERR1089984
44749,species,0.0488341,Sporobacter termitidis,ERR1089984
1559,species,0.0488341,Clostridium tertium,ERR1089984
28116,species,0.0396777,Bacteroides ovatus,ERR1089984
239935,species,0.0396777,Akkermansia muciniphila,ERR1089984
29435,species,0.0396777,Pseudomonas flavescens,ERR1089984
28446,species,0.0396777,[Clostridium] propionicum,ERR1089984
1495,species,0.0366256,Clostridium cylindrosporum,ERR1089984
39497,species,0.0335734,Eubacterium xylanophilum,ERR1089984
39490,species,0.0335734,Eubacterium ramulus,ERR1089984
78343,species,0.0335734,Bifidobacterium boum,ERR1089984
28037,species,0.0335734,Streptococcus mitis,ERR1089984
33035,species,0.0305213,Blautia producta,ERR1089984
72000,species,0.0305213,Kocuria rhizophila,ERR1089984
658457,species,0.0305213,Pseudomonas composti,ERR1089984
1661059,species,0.0305213,Pseudomonas sp. NBRC 111144,ERR1089984
328813,species,0.0274692,Alistipes onderdonkii,ERR1089984
105841,species,0.0274692,Anaerostipes caccae,ERR1089984
645466,species,0.0274692,Anaerostipes butyraticus,ERR1089984
356829,species,0.0274692,Bifidobacterium tsurumiense,ERR1089984
301301,species,0.024417,Roseburia hominis,ERR1089984
1358,species,0.024417,Lactococcus lactis,ERR1089984
29355,species,0.024417,[Clostridium] cellobioparum,ERR1089984
52561,species,0.0213649,Desulfomicrobium norvegicum,ERR1089984
487175,species,0.0213649,Parasutterella excrementihominis,ERR1089984
47879,species,0.0213649,Pseudomonas corrugata,ERR1089984
762210,species,0.0213649,Bifidobacterium saguini,ERR1089984
28117,species,0.0213649,Alistipes putredinis,ERR1089984
1303,species,0.0213649,Streptococcus oralis,ERR1089984
574375,species,0.0213649,Bacillus gaemokensis,ERR1089984
1512,species,0.0213649,[Clostridium] symbiosum,ERR1089984
821,species,0.0183128,Bacteroides vulgatus,ERR1089984
1833,species,0.0183128,Rhodococcus erythropolis,ERR1089984
1608996,species,0.0183128,Pseudomonas helleri,ERR1089984
1519,species,0.0183128,Clostridium tyrobutyricum,ERR1089984
37923,species,0.0183128,Kocuria kristinae,ERR1089984
562,species,0.0152607,Escherichia coli,ERR1089984
43675,species,0.0152607,Rothia mucilaginosa,ERR1089984
334543,species,0.0152607,Psychrobacter arcticus,ERR1089984
169435,species,0.0152607,Anaerotruncus colihominis,ERR1089984
90730,species,0.0152607,Desulfosarcina cetonica,ERR1089984
70775,species,0.0152607,Pseudomonas plecoglossicida,ERR1089984
33043,species,0.0152607,Coprococcus eutactus,ERR1089984
1264,species,0.0152607,Ruminococcus albus,ERR1089984
549,species,0.0152607,Pantoea agglomerans,ERR1089984
61435,species,0.0152607,Dehalococcoides mccartyi,ERR1089984
52787,species,0.0152607,Anaerofilum pentosovorans,ERR1089984
48296,species,0.0152607,Acinetobacter pittii,ERR1089984
133453,species,0.0152607,Caldilinea aerophila,ERR1089984
61171,species,0.0152607,Holdemania filiformis,ERR1089984
410072,species,0.0122085,Coprococcus comes,ERR1089984
267818,species,0.0122085,Lactobacillus kefiranofaciens,ERR1089984
876,species,0.0122085,Desulfovibrio desulfuricans,ERR1089984
35760,species,0.0122085,Bifidobacterium choerinum,ERR1089984
84030,species,0.0122085,[Clostridium] saccharolyticum,ERR1089984
1168034,species,0.0122085,Draconibacterium orientale,ERR1089984
35517,species,0.0122085,[Eubacterium] brachy,ERR1089984
626932,species,0.0122085,Alistipes indistinctus,ERR1089984
328814,species,0.0122085,Alistipes shahii,ERR1089984
29367,species,0.00915639,Clostridium puniceum,ERR1089984
471189,species,0.00915639,Gordonibacter pamelaeae,ERR1089984
33905,species,0.00915639,Bifidobacterium thermophilum,ERR1089984
99807,species,0.00915639,Corynebacterium auriscanis,ERR1089984
1402,species,0.00915639,Bacillus licheniformis,ERR1089984
478,species,0.00915639,Moraxella nonliquefaciens,ERR1089984
28026,species,0.00915639,Bifidobacterium pseudocatenulatum,ERR1089984
35785,species,0.00915639,Clostridium maximum,ERR1089984
143393,species,0.00915639,[Eubacterium] sulci,ERR1089984
208479,species,0.00915639,[Clostridium] bolteae,ERR1089984
36808,species,0.00915639,Corynebacterium bovis,ERR1089984
167964,species,0.00915639,Anaerolinea thermophila,ERR1089984
1114008,species,0.00915639,Lactobacillus sp. NBRC 107185,ERR1089984
1646,species,0.00610426,Renibacterium salmoninarum,ERR1089984
1265,species,0.00610426,Ruminococcus flavefaciens,ERR1089984
36847,species,0.00610426,[Clostridium] neopropionicum,ERR1089984
2751,species,0.00610426,Carnobacterium maltaromaticum,ERR1089984
39486,species,0.00610426,Dorea formicigenerans,ERR1089984
1377,species,0.00610426,Aerococcus viridans,ERR1089984
741091,species,0.00610426,Rahnella sp. Y9602,ERR1089984
84112,species,0.00610426,Eggerthella lenta,ERR1089984
1349,species,0.00610426,Streptococcus uberis,ERR1089984
480,species,0.00610426,Moraxella catarrhalis,ERR1089984
52133,species,0.00610426,Acinetobacter venetianus,ERR1089984
39491,species,0.00610426,[Eubacterium] rectale,ERR1089984
1113655,species,0.00610426,Psychrobacter sp. NBRC 15736,ERR1089984
47877,species,0.00610426,Pseudomonas amygdali,ERR1089984
1304,species,0.00610426,Streptococcus salivarius,ERR1089984
871325,species,0.00610426,Bacteroides faecichinchillae,ERR1089984
28224,species,0.00610426,Mesoplasma seiffertii,ERR1089984
582,species,0.00610426,Morganella morganii,ERR1089984
51665,species,0.00610426,Aerococcus urinaeequi,ERR1089984
45076,species,0.00610426,Legionella worsleiensis,ERR1089984
626937,species,0.00610426,Christensenella minuta,ERR1089984
1465754,species,0.00610426,Alistipes timonensis,ERR1089984
329854,species,0.00610426,Bacteroides intestinalis,ERR1089984
634765,species,0.00610426,Cocleimonas flava,ERR1089984
332249,species,0.00610426,Truepera radiovictrix,ERR1089984
52773,species,0.00610426,Actinomyces meyeri,ERR1089984
33038,species,0.00610426,[Ruminococcus] gnavus,ERR1089984
46228,species,0.00610426,Ruminococcus lactaris,ERR1089984
1254,species,0.00610426,Pediococcus acidilactici,ERR1089984
252,species,0.00610426,Halomonas halmophila,ERR1089984
166486,species,0.00610426,Roseburia intestinalis,ERR1089984
1608994,species,0.00610426,Pseudomonas weihenstephanensis,ERR1089984
1590,species,0.00610426,Lactobacillus plantarum,ERR1089984
180332,species,0.00610426,Robinsoniella peoriensis,ERR1089984
35833,species,0.00610426,Bilophila wadsworthia,ERR1089984
44742,species,0.00305213,Desulfovibrio fairfieldensis,ERR1089984
132476,species,0.00305213,Pseudomonas kilonensis,ERR1089984
66219,species,0.00305213,Lachnoclostridium phytofermentans,ERR1089984
272918,species,0.00305213,Nesterenkonia sandarakina,ERR1089984
471,species,0.00305213,Acinetobacter calcoaceticus,ERR1089984
857252,species,0.00305213,Pseudomonas aestusnigri,ERR1089984
118748,species,0.00305213,Bulleidia extructa,ERR1089984
1689,species,0.00305213,Bifidobacterium dentium,ERR1089984
29346,species,0.00305213,[Clostridium] paradoxum,ERR1089984
28152,species,0.00305213,Yersinia kristensenii,ERR1089984
823,species,0.00305213,Parabacteroides distasonis,ERR1089984
160386,species,0.00305213,Corynebacterium casei,ERR1089984
287,species,0.00305213,Pseudomonas aeruginosa,ERR1089984
132919,species,0.00305213,Rhodococcus jostii,ERR1089984
1161942,species,0.00305213,Ruminococcus champanellensis,ERR1089984
169292,species,0.00305213,Corynebacterium aurimucosum,ERR1089984
28038,species,0.00305213,Lactobacillus curvatus,ERR1089984
1661055,species,0.00305213,Pseudomonas sp. NBRC 111140,ERR1089984
256325,species,0.00305213,Psychrobacter maritimus,ERR1089984
76759,species,0.00305213,Pseudomonas monteilii,ERR1089984
19,species,0.00305213,Pelobacter carbinolicus,ERR1089984
151781,species,0.00305213,Lactobacillus intestinalis,ERR1089984
461876,species,0.00305213,Alkaliphilus oremlandii,ERR1089984
112002,species,0.00305213,Psychrobacter pacificensis,ERR1089984
1670,species,0.00305213,Arthrobacter citreus,ERR1089984
148814,species,0.00305213,Lactobacillus kunkeei,ERR1089984
1684,species,0.00305213,Bifidobacterium asteroides,ERR1089984
196024,species,0.00305213,Aeromonas dhakensis,ERR1089984
1736,species,0.00305213,Eubacterium limosum,ERR1089984
1661032,species,0.00305213,Pseudomonas sp. NBRC 111117,ERR1089984
818,species,0.00305213,Bacteroides thetaiotaomicron,ERR1089984
2088,species,0.00305213,Anaeroplasma bactoclasticum,ERR1089984
1382,species,0.00305213,Atopobium parvulum,ERR1089984
37915,species,0.00305213,Dietzia maris,ERR1089984
86175,species,0.00305213,Pseudomonas pertucinogena,ERR1089984
29375,species,0.00305213,[Clostridium] xylanolyticum,ERR1089984
1694,species,0.00305213,Bifidobacterium pseudolongum,ERR1089984
178399,species,0.00305213,Marinomonas primoryensis,ERR1089984
229549,species,0.00305213,Streptococcus minor,ERR1089984
691816,species,0.00305213,Bacteroides rodentium,ERR1089984
1588,species,0.00305213,Lactobacillus hilgardii,ERR1089984
309120,species,0.00305213,Dialister micraerophilus,ERR1089984
28111,species,0.00305213,Bacteroides eggerthii,ERR1089984
1307,species,0.00305213,Streptococcus suis,ERR1089984
626935,species,0.00305213,Collinsella tanakaei,ERR1089984
729,species,0.00305213,Haemophilus parainfluenzae,ERR1089984
633417,species,0.00305213,Aeromonas taiwanensis,ERR1089984
571800,species,0.00305213,Psychrobacter sp. G,ERR1089984
103892,species,0.00305213,Veillonella ratti,ERR1089984
79270,species,0.00305213,Desulfurella kamchatkensis,ERR1089984
106588,species,0.00305213,Pseudoflavonifractor capillosus,ERR1089984
1755629,species,0.00305213,Victivallis sp. MC_44,ERR1089984
328812,species,0.00305213,Parabacteroides goldsteinii,ERR1089984
390842,species,0.00305213,Lactobacillus parafarraginis,ERR1089984
736,species,0.00305213,Haemophilus paraphrohaemolyticus,ERR1089984
1626,species,0.00305213,Lactobacillus sharpeae,ERR1089984
271431,species,0.00305213,Arthrobacter castelli,ERR1089984
115979,species,0.00305213,Bacillus nealsonii,ERR1089984
591197,species,0.00305213,Ignavibacterium album,ERR1089984
1582,species,0.00305213,Lactobacillus casei,ERR1089984
191493,species,0.00305213,Corynebacterium sphenisci,ERR1089984
28255,species,0.00305213,Marinomonas vaga,ERR1089984
754476,species,0.00305213,Methylophaga nitratireducenticrescens,ERR1089984
881,species,0.00305213,Desulfovibrio vulgaris,ERR1089984
634771,species,0.00305213,Chitinophaga eiseniae,ERR1089984
261292,species,0.00305213,Nitrosomonas sp. Is79A3,ERR1089984
39483,species,0.00305213,Faecalitalea cylindroides,ERR1089984
118967,species,0.00305213,Anaerorhabdus furcosa,ERR1089984
38304,species,0.00305213,Corynebacterium tuberculostearicum,ERR1089984
114702,species,0.00305213,Actinomyces lingnae,ERR1089984
338188,species,0.00305213,Bacteroides finegoldii,ERR1089984
1661050,species,0.00305213,Pseudomonas sp. NBRC 111135,ERR1089984
33039,species,0.00305213,[Ruminococcus] torques,ERR1089984
36835,species,0.00305213,[Clostridium] colinum,ERR1089984
260355,species,0.00305213,Limnobacter sp. HTCC376,ERR1089984
1280,species,0.00305213,Staphylococcus aureus,ERR1089984
28025,species,0.00305213,Bifidobacterium animalis,ERR1089984
447567,species,0.00305213,Halomonas andesensis,ERR1089984
74426,species,0.00305213,Collinsella aerofaciens,ERR1089984
206403,species,0.00305213,Sulfurovum lithotrophicum,ERR1089984
1114067,species,0.00305213,Weissella sp. NBRC 107245,ERR1089984
2736,species,0.00305213,Verrucomicrobium spinosum,ERR1089984
590841,species,0.00305213,Rhodococcus sp. YIM 100117,ERR1089984
37637,species,0.00305213,Corynebacterium pseudodiphtheriticum,ERR1089984
28139,species,0.00305213,Rikenella microfusus,ERR1089984
97253,species,0.00305213,Eubacterium plexicaudatum,ERR1089984
36874,species,0.00305213,Porphyromonas cangingivalis,ERR1089984
90733,species,0.00305213,Desulfobacterium indolicum,ERR1089984
84031,species,0.00305213,Clostridium sartagoforme,ERR1089984
1282,species,0.00305213,Staphylococcus epidermidis,ERR1089984
28129,species,0.00305213,Prevotella denticola,ERR1089984
511435,species,0.00305213,Candidatus Azobacteroides pseudotrichonymphae,ERR1089984
202956,species,0.00305213,Acinetobacter towneri,ERR1089984
314275,species,0.00305213,Alteromonas mediterranea,ERR1089984
79209,species,0.00305213,Desulfosporosinus meridiei,ERR1089984
446,species,0.00305213,Legionella pneumophila,ERR1089984
100884,species,0.00305213,Coprobacillus cateniformis,ERR1089984
29370,species,0.00305213,[Clostridium] sphenoides,ERR1089984
214853,species,0.00305213,Anaerofustis stercorihominis,ERR1089984
189381,species,0.00305213,Bacillus marisflavi,ERR1089984
437505,species,0.00305213,Granulosicoccus antarcticus,ERR1089984
508460,species,0.00305213,Cloacibacillus evryensis,ERR1089984
1776082,species,0.00305213,Shigella sp. SF-2015,ERR1089984
78257,species,0.00305213,Bifidobacterium saeculare,ERR1089984
46506,species,0.00305213,Bacteroides stercoris,ERR1089984
310298,species,0.00305213,Bacteroides coprocola,ERR1089984
516074,species,0.00305213,Providencia burhodogranariea,ERR1089984
13076,species,0.00305213,Globicatella sanguinis,ERR1089984
1705,species,0.00305213,Corynebacterium stationis,ERR1089984
1113805,species,0.00305213,Marinobacter sp. NBRC 101712,ERR1089984
119864,species,0.00305213,Marinomonas mediterranea,ERR1089984
84026,species,0.00305213,[Clostridium] methylpentosum,ERR1089984
106648,species,0.00305213,Acinetobacter bereziniae,ERR1089984
1735,species,0.00305213,Holdemanella biformis,ERR1089984
1336,species,0.00305213,Streptococcus equi,ERR1089984
86663,species,0.00305213,Bacillus carboniphilus,ERR1089984
-1,species,36.6713,Unknown,ERR1089984
122355,species,19.9518,Pseudomonas psychrophila,ERR1089984
882211,species,19.8053,Pseudomonas deceptionensis,ERR1089984
1755626,species,5.00855,Faecalibacterium sp. MC_41,ERR1089984
33069,species,3.03077,Pseudomonas viridiflava,ERR1089984
46503,species,2.16701,Parabacteroides merdae,ERR1089984
317,species,1.09571,Pseudomonas syringae,ERR1089984
820,species,1.04993,Bacteroides uniformis,ERR1089984
294,species,1.03772,Pseudomonas fluorescens,ERR1089984
29348,species,0.729459,[Clostridium] spiroforme,ERR1089984
160799,species,0.528019,Paenibacillus borealis,ERR1089984
218538,species,0.494445,Dialister invisus,ERR1089984
216816,species,0.439507,Bifidobacterium longum,ERR1089984
39484,species,0.427298,Eubacterium desmolans,ERR1089984
47884,species,0.399829,Pseudomonas taetrolens,ERR1089984
40520,species,0.347943,Blautia obeum,ERR1089984
71999,species,0.289952,Kocuria palustris,ERR1089984
1685,species,0.265535,Bifidobacterium breve,ERR1089984
1680,species,0.259431,Bifidobacterium adolescentis,ERR1089984
351091,species,0.256379,Oscillibacter valericigenes,ERR1089984
39496,species,0.238066,Eubacterium ventriosum,ERR1089984
243924,species,0.235014,Pseudomonas lutea,ERR1089984
39485,species,0.225858,[Eubacterium] eligens,ERR1089984
40518,species,0.225858,Ruminococcus bromii,ERR1089984
47678,species,0.222806,Bacteroides caccae,ERR1089984
261299,species,0.219753,Intestinibacter bartlettii,ERR1089984
84032,species,0.18618,[Clostridium] thermosuccinogenes,ERR1089984
28901,species,0.183128,Salmonella enterica,ERR1089984
246787,species,0.170919,Bacteroides cellulosilyticus,ERR1089984
1308,species,0.158711,Streptococcus thermophilus,ERR1089984
37734,species,0.134294,Enterococcus casseliflavus,ERR1089984
1352,species,0.131242,Enterococcus faecium,ERR1089984
69825,species,0.122085,[Clostridium] indolis,ERR1089984
397865,species,0.109877,Barnesiella viscericola,ERR1089984
1515,species,0.0976682,Ruminiclostridium thermocellum,ERR1089984
536633,species,0.094616,Blautia glucerasea,ERR1089984
587753,species,0.0854596,Pseudomonas chlororaphis,ERR1089984
303,species,0.0824075,Pseudomonas putida,ERR1089984
78342,species,0.0793554,Bifidobacterium gallicum,ERR1089984
400390,species,0.0793554,Alkalimonas collagenimarina,ERR1089984
1535,species,0.0763033,[Clostridium] leptum,ERR1089984
502558,species,0.070199,Eggerthella sp. YY7918,ERR1089984
47880,species,0.0671469,Pseudomonas fulva,ERR1089984
288965,species,0.0640947,[Clostridium] clariflavum,ERR1089984
265981,species,0.0579905,Alkalimonas delamerensis,ERR1089984
341225,species,0.0549383,[Clostridium] saccharogumia,ERR1089984
626930,species,0.0549383,Bacteroides fluxus,ERR1089984
36745,species,0.0518862,Clostridium saccharoperbutylacetonicum,ERR1089984
1363,species,0.0518862,Lactococcus garvieae,ERR1089984
626931,species,0.0518862,Bacteroides oleiciplenus,ERR1089984
155617,species,0.0518862,Enterococcus moraviensis,ERR1089984
44749,species,0.0488341,Sporobacter termitidis,ERR1089984
1559,species,0.0488341,Clostridium tertium,ERR1089984
28116,species,0.0396777,Bacteroides ovatus,ERR1089984
239935,species,0.0396777,Akkermansia muciniphila,ERR1089984
29435,species,0.0396777,Pseudomonas flavescens,ERR1089984
28446,species,0.0396777,[Clostridium] propionicum,ERR1089984
1495,species,0.0366256,Clostridium cylindrosporum,ERR1089984
39490,species,0.0335734,Eubacterium ramulus,ERR1089984
78343,species,0.0335734,Bifidobacterium boum,ERR1089984
28037,species,0.0335734,Streptococcus mitis,ERR1089984
39497,species,0.0335734,Eubacterium xylanophilum,ERR1089984
33035,species,0.0305213,Blautia producta,ERR1089984
72000,species,0.0305213,Kocuria rhizophila,ERR1089984
658457,species,0.0305213,Pseudomonas composti,ERR1089984
1661059,species,0.0305213,Pseudomonas sp. NBRC 111144,ERR1089984
105841,species,0.0274692,Anaerostipes caccae,ERR1089984
645466,species,0.0274692,Anaerostipes butyraticus,ERR1089984
356829,species,0.0274692,Bifidobacterium tsurumiense,ERR1089984
328813,species,0.0274692,Alistipes onderdonkii,ERR1089984
301301,species,0.024417,Roseburia hominis,ERR1089984
1358,species,0.024417,Lactococcus lactis,ERR1089984
29355,species,0.024417,[Clostridium] cellobioparum,ERR1089984
52561,species,0.0213649,Desulfomicrobium norvegicum,ERR1089984
487175,species,0.0213649,Parasutterella excrementihominis,ERR1089984
47879,species,0.0213649,Pseudomonas corrugata,ERR1089984
28117,species,0.0213649,Alistipes putredinis,ERR1089984
762210,species,0.0213649,Bifidobacterium saguini,ERR1089984
1303,species,0.0213649,Streptococcus oralis,ERR1089984
574375,species,0.0213649,Bacillus gaemokensis,ERR1089984
1512,species,0.0213649,[Clostridium] symbiosum,ERR1089984
1833,species,0.0183128,Rhodococcus erythropolis,ERR1089984
1608996,species,0.0183128,Pseudomonas helleri,ERR1089984
1519,species,0.0183128,Clostridium tyrobutyricum,ERR1089984
37923,species,0.0183128,Kocuria kristinae,ERR1089984
821,species,0.0183128,Bacteroides vulgatus,ERR1089984
562,species,0.0152607,Escherichia coli,ERR1089984
334543,species,0.0152607,Psychrobacter arcticus,ERR1089984
169435,species,0.0152607,Anaerotruncus colihominis,ERR1089984
43675,species,0.0152607,Rothia mucilaginosa,ERR1089984
70775,species,0.0152607,Pseudomonas plecoglossicida,ERR1089984
33043,species,0.0152607,Coprococcus eutactus,ERR1089984
90730,species,0.0152607,Desulfosarcina cetonica,ERR1089984
1264,species,0.0152607,Ruminococcus albus,ERR1089984
549,species,0.0152607,Pantoea agglomerans,ERR1089984
61435,species,0.0152607,Dehalococcoides mccartyi,ERR1089984
52787,species,0.0152607,Anaerofilum pentosovorans,ERR1089984
48296,species,0.0152607,Acinetobacter pittii,ERR1089984
133453,species,0.0152607,Caldilinea aerophila,ERR1089984
61171,species,0.0152607,Holdemania filiformis,ERR1089984
267818,species,0.0122085,Lactobacillus kefiranofaciens,ERR1089984
876,species,0.0122085,Desulfovibrio desulfuricans,ERR1089984
35760,species,0.0122085,Bifidobacterium choerinum,ERR1089984
84030,species,0.0122085,[Clostridium] saccharolyticum,ERR1089984
626932,species,0.0122085,Alistipes indistinctus,ERR1089984
1168034,species,0.0122085,Draconibacterium orientale,ERR1089984
35517,species,0.0122085,[Eubacterium] brachy,ERR1089984
328814,species,0.0122085,Alistipes shahii,ERR1089984
410072,species,0.0122085,Coprococcus comes,ERR1089984
471189,species,0.00915639,Gordonibacter pamelaeae,ERR1089984
33905,species,0.00915639,Bifidobacterium thermophilum,ERR1089984
99807,species,0.00915639,Corynebacterium auriscanis,ERR1089984
478,species,0.00915639,Moraxella nonliquefaciens,ERR1089984
1402,species,0.00915639,Bacillus licheniformis,ERR1089984
28026,species,0.00915639,Bifidobacterium pseudocatenulatum,ERR1089984
35785,species,0.00915639,Clostridium maximum,ERR1089984
143393,species,0.00915639,[Eubacterium] sulci,ERR1089984
208479,species,0.00915639,[Clostridium] bolteae,ERR1089984
36808,species,0.00915639,Corynebacterium bovis,ERR1089984
167964,species,0.00915639,Anaerolinea thermophila,ERR1089984
1114008,species,0.00915639,Lactobacillus sp. NBRC 107185,ERR1089984
29367,species,0.00915639,Clostridium puniceum,ERR1089984
36847,species,0.00610426,[Clostridium] neopropionicum,ERR1089984
2751,species,0.00610426,Carnobacterium maltaromaticum,ERR1089984
39486,species,0.00610426,Dorea formicigenerans,ERR1089984
1377,species,0.00610426,Aerococcus viridans,ERR1089984
84112,species,0.00610426,Eggerthella lenta,ERR1089984
1349,species,0.00610426,Streptococcus uberis,ERR1089984
480,species,0.00610426,Moraxella catarrhalis,ERR1089984
741091,species,0.00610426,Rahnella sp. Y9602,ERR1089984
1113655,species,0.00610426,Psychrobacter sp. NBRC 15736,ERR1089984
47877,species,0.00610426,Pseudomonas amygdali,ERR1089984
52133,species,0.00610426,Acinetobacter venetianus,ERR1089984
39491,species,0.00610426,[Eubacterium] rectale,ERR1089984
1304,species,0.00610426,Streptococcus salivarius,ERR1089984
871325,species,0.00610426,Bacteroides faecichinchillae,ERR1089984
28224,species,0.00610426,Mesoplasma seiffertii,ERR1089984
582,species,0.00610426,Morganella morganii,ERR1089984
51665,species,0.00610426,Aerococcus urinaeequi,ERR1089984
45076,species,0.00610426,Legionella worsleiensis,ERR1089984
626937,species,0.00610426,Christensenella minuta,ERR1089984
634765,species,0.00610426,Cocleimonas flava,ERR1089984
1465754,species,0.00610426,Alistipes timonensis,ERR1089984
329854,species,0.00610426,Bacteroides intestinalis,ERR1089984
332249,species,0.00610426,Truepera radiovictrix,ERR1089984
52773,species,0.00610426,Actinomyces meyeri,ERR1089984
33038,species,0.00610426,[Ruminococcus] gnavus,ERR1089984
46228,species,0.00610426,Ruminococcus lactaris,ERR1089984
1254,species,0.00610426,Pediococcus acidilactici,ERR1089984
252,species,0.00610426,Halomonas halmophila,ERR1089984
166486,species,0.00610426,Roseburia intestinalis,ERR1089984
1608994,species,0.00610426,Pseudomonas weihenstephanensis,ERR1089984
1590,species,0.00610426,Lactobacillus plantarum,ERR1089984
180332,species,0.00610426,Robinsoniella peoriensis,ERR1089984
35833,species,0.00610426,Bilophila wadsworthia,ERR1089984
1265,species,0.00610426,Ruminococcus flavefaciens,ERR1089984
1646,species,0.00610426,Renibacterium salmoninarum,ERR1089984
1689,species,0.00305213,Bifidobacterium dentium,ERR1089984
29346,species,0.00305213,[Clostridium] paradoxum,ERR1089984
28152,species,0.00305213,Yersinia kristensenii,ERR1089984
823,species,0.00305213,Parabacteroides distasonis,ERR1089984
160386,species,0.00305213,Corynebacterium casei,ERR1089984
118748,species,0.00305213,Bulleidia extructa,ERR1089984
132919,species,0.00305213,Rhodococcus jostii,ERR1089984
1161942,species,0.00305213,Ruminococcus champanellensis,ERR1089984
287,species,0.00305213,Pseudomonas aeruginosa,ERR1089984
256325,species,0.00305213,Psychrobacter maritimus,ERR1089984
76759,species,0.00305213,Pseudomonas monteilii,ERR1089984
19,species,0.00305213,Pelobacter carbinolicus,ERR1089984
151781,species,0.00305213,Lactobacillus intestinalis,ERR1089984
461876,species,0.00305213,Alkaliphilus oremlandii,ERR1089984
169292,species,0.00305213,Corynebacterium aurimucosum,ERR1089984
28038,species,0.00305213,Lactobacillus curvatus,ERR1089984
1661055,species,0.00305213,Pseudomonas sp. NBRC 111140,ERR1089984
112002,species,0.00305213,Psychrobacter pacificensis,ERR1089984
1670,species,0.00305213,Arthrobacter citreus,ERR1089984
148814,species,0.00305213,Lactobacillus kunkeei,ERR1089984
1684,species,0.00305213,Bifidobacterium asteroides,ERR1089984
196024,species,0.00305213,Aeromonas dhakensis,ERR1089984
1736,species,0.00305213,Eubacterium limosum,ERR1089984
1661032,species,0.00305213,Pseudomonas sp. NBRC 111117,ERR1089984
818,species,0.00305213,Bacteroides thetaiotaomicron,ERR1089984
2088,species,0.00305213,Anaeroplasma bactoclasticum,ERR1089984
1382,species,0.00305213,Atopobium parvulum,ERR1089984
37915,species,0.00305213,Dietzia maris,ERR1089984
1694,species,0.00305213,Bifidobacterium pseudolongum,ERR1089984
178399,species,0.00305213,Marinomonas primoryensis,ERR1089984
229549,species,0.00305213,Streptococcus minor,ERR1089984
691816,species,0.00305213,Bacteroides rodentium,ERR1089984
1588,species,0.00305213,Lactobacillus hilgardii,ERR1089984
309120,species,0.00305213,Dialister micraerophilus,ERR1089984
86175,species,0.00305213,Pseudomonas pertucinogena,ERR1089984
29375,species,0.00305213,[Clostridium] xylanolyticum,ERR1089984
1307,species,0.00305213,Streptococcus suis,ERR1089984
626935,species,0.00305213,Collinsella tanakaei,ERR1089984
729,species,0.00305213,Haemophilus parainfluenzae,ERR1089984
633417,species,0.00305213,Aeromonas taiwanensis,ERR1089984
571800,species,0.00305213,Psychrobacter sp. G,ERR1089984
103892,species,0.00305213,Veillonella ratti,ERR1089984
79270,species,0.00305213,Desulfurella kamchatkensis,ERR1089984
106588,species,0.00305213,Pseudoflavonifractor capillosus,ERR1089984
1755629,species,0.00305213,Victivallis sp. MC_44,ERR1089984
28111,species,0.00305213,Bacteroides eggerthii,ERR1089984
390842,species,0.00305213,Lactobacillus parafarraginis,ERR1089984
736,species,0.00305213,Haemophilus paraphrohaemolyticus,ERR1089984
1626,species,0.00305213,Lactobacillus sharpeae,ERR1089984
271431,species,0.00305213,Arthrobacter castelli,ERR1089984
328812,species,0.00305213,Parabacteroides goldsteinii,ERR1089984
191493,species,0.00305213,Corynebacterium sphenisci,ERR1089984
28255,species,0.00305213,Marinomonas vaga,ERR1089984
754476,species,0.00305213,Methylophaga nitratireducenticrescens,ERR1089984
881,species,0.00305213,Desulfovibrio vulgaris,ERR1089984
634771,species,0.00305213,Chitinophaga eiseniae,ERR1089984
261292,species,0.00305213,Nitrosomonas sp. Is79A3,ERR1089984
39483,species,0.00305213,Faecalitalea cylindroides,ERR1089984
118967,species,0.00305213,Anaerorhabdus furcosa,ERR1089984
115979,species,0.00305213,Bacillus nealsonii,ERR1089984
591197,species,0.00305213,Ignavibacterium album,ERR1089984
1582,species,0.00305213,Lactobacillus casei,ERR1089984
33039,species,0.00305213,[Ruminococcus] torques,ERR1089984
36835,species,0.00305213,[Clostridium] colinum,ERR1089984
260355,species,0.00305213,Limnobacter sp. HTCC376,ERR1089984
1280,species,0.00305213,Staphylococcus aureus,ERR1089984
28025,species,0.00305213,Bifidobacterium animalis,ERR1089984
447567,species,0.00305213,Halomonas andesensis,ERR1089984
38304,species,0.00305213,Corynebacterium tuberculostearicum,ERR1089984
114702,species,0.00305213,Actinomyces lingnae,ERR1089984
338188,species,0.00305213,Bacteroides finegoldii,ERR1089984
1661050,species,0.00305213,Pseudomonas sp. NBRC 111135,ERR1089984
1114067,species,0.00305213,Weissella sp. NBRC 107245,ERR1089984
2736,species,0.00305213,Verrucomicrobium spinosum,ERR1089984
590841,species,0.00305213,Rhodococcus sp. YIM 100117,ERR1089984
37637,species,0.00305213,Corynebacterium pseudodiphtheriticum,ERR1089984
28139,species,0.00305213,Rikenella microfusus,ERR1089984
97253,species,0.00305213,Eubacterium plexicaudatum,ERR1089984
36874,species,0.00305213,Porphyromonas cangingivalis,ERR1089984
74426,species,0.00305213,Collinsella aerofaciens,ERR1089984
206403,species,0.00305213,Sulfurovum lithotrophicum,ERR1089984
1282,species,0.00305213,Staphylococcus epidermidis,ERR1089984
28129,species,0.00305213,Prevotella denticola,ERR1089984
511435,species,0.00305213,Candidatus Azobacteroides pseudotrichonymphae,ERR1089984
90733,species,0.00305213,Desulfobacterium indolicum,ERR1089984
84031,species,0.00305213,Clostridium sartagoforme,ERR1089984
100884,species,0.00305213,Coprobacillus cateniformis,ERR1089984
29370,species,0.00305213,[Clostridium] sphenoides,ERR1089984
214853,species,0.00305213,Anaerofustis stercorihominis,ERR1089984
189381,species,0.00305213,Bacillus marisflavi,ERR1089984
437505,species,0.00305213,Granulosicoccus antarcticus,ERR1089984
202956,species,0.00305213,Acinetobacter towneri,ERR1089984
314275,species,0.00305213,Alteromonas mediterranea,ERR1089984
79209,species,0.00305213,Desulfosporosinus meridiei,ERR1089984
446,species,0.00305213,Legionella pneumophila,ERR1089984
1776082,species,0.00305213,Shigella sp. SF-2015,ERR1089984
78257,species,0.00305213,Bifidobacterium saeculare,ERR1089984
46506,species,0.00305213,Bacteroides stercoris,ERR1089984
310298,species,0.00305213,Bacteroides coprocola,ERR1089984
508460,species,0.00305213,Cloacibacillus evryensis,ERR1089984
1705,species,0.00305213,Corynebacterium stationis,ERR1089984
1113805,species,0.00305213,Marinobacter sp. NBRC 101712,ERR1089984
119864,species,0.00305213,Marinomonas mediterranea,ERR1089984
84026,species,0.00305213,[Clostridium] methylpentosum,ERR1089984
106648,species,0.00305213,Acinetobacter bereziniae,ERR1089984
1735,species,0.00305213,Holdemanella biformis,ERR1089984
1336,species,0.00305213,Streptococcus equi,ERR1089984
86663,species,0.00305213,Bacillus carboniphilus,ERR1089984
516074,species,0.00305213,Providencia burhodogranariea,ERR1089984
13076,species,0.00305213,Globicatella sanguinis,ERR1089984
66219,species,0.00305213,Lachnoclostridium phytofermentans,ERR1089984
272918,species,0.00305213,Nesterenkonia sandarakina,ERR1089984
471,species,0.00305213,Acinetobacter calcoaceticus,ERR1089984
857252,species,0.00305213,Pseudomonas aestusnigri,ERR1089984
44742,species,0.00305213,Desulfovibrio fairfieldensis,ERR1089984
132476,species,0.00305213,Pseudomonas kilonensis,ERR1089984
-1,species,36.6713,Unknown,ERR1089984
823,species,5.79892,Parabacteroides distasonis,ERR1090001
28116,species,3.95816,Bacteroides ovatus,ERR1090001
820,species,3.49042,Bacteroides uniformis,ERR1090001
1755626,species,2.42921,Faecalibacterium sp. MC_41,ERR1090001
202955,species,1.7955,Acinetobacter tjernbergiae,ERR1090001
105229,species,1.66474,Bacillus fumarioli,ERR1090001
310298,species,1.6245,Bacteroides coprocola,ERR1090001
536633,species,1.38812,Blautia glucerasea,ERR1090001
351091,species,1.1618,Oscillibacter valericigenes,ERR1090001
182710,species,1.13665,Oceanobacillus iheyensis,ERR1090001
818,species,0.935472,Bacteroides thetaiotaomicron,ERR1090001
143393,species,0.935472,[Eubacterium] sulci,ERR1090001
33038,species,0.814766,[Ruminococcus] gnavus,ERR1090001
40520,species,0.78459,Blautia obeum,ERR1090001
218538,species,0.724237,Dialister invisus,ERR1090001
106648,species,0.678972,Acinetobacter bereziniae,ERR1090001
817,species,0.623648,Bacteroides fragilis,ERR1090001
821,species,0.623648,Bacteroides vulgatus,ERR1090001
28125,species,0.533119,Prevotella bivia,ERR1090001
29348,species,0.528089,[Clostridium] spiroforme,ERR1090001
1535,species,0.457677,[Clostridium] leptum,ERR1090001
44749,species,0.43756,Sporobacter termitidis,ERR1090001
36847,species,0.316854,[Clostridium] neopropionicum,ERR1090001
39485,species,0.301765,[Eubacterium] eligens,ERR1090001
108980,species,0.286677,Acinetobacter ursingii,ERR1090001
28446,species,0.281648,[Clostridium] propionicum,ERR1090001
35833,species,0.241412,Bilophila wadsworthia,ERR1090001
69825,species,0.236383,[Clostridium] indolis,ERR1090001
341225,species,0.226324,[Clostridium] saccharogumia,ERR1090001
1515,species,0.226324,Ruminiclostridium thermocellum,ERR1090001
1670,species,0.221295,Arthrobacter citreus,ERR1090001
1445,species,0.221295,Bacillus alcalophilus,ERR1090001
1264,species,0.201177,Ruminococcus albus,ERR1090001
216816,species,0.155912,Bifidobacterium longum,ERR1090001
122355,species,0.135794,Pseudomonas psychrophila,ERR1090001
1671366,species,0.125736,Ruminococcus sp. DSM 100440,ERR1090001
38986,species,0.105618,Acholeplasma palmae,ERR1090001
288965,species,0.105618,[Clostridium] clariflavum,ERR1090001
115979,species,0.100588,Bacillus nealsonii,ERR1090001
208479,species,0.100588,[Clostridium] bolteae,ERR1090001
169435,species,0.100588,Anaerotruncus colihominis,ERR1090001
882211,species,0.100588,Pseudomonas deceptionensis,ERR1090001
79882,species,0.100588,Bacillus halmapalus,ERR1090001
487698,species,0.095559,Stenotrophomonas pavanii,ERR1090001
421767,species,0.0905296,Bacillus butanolivorans,ERR1090001
40215,species,0.0905296,Acinetobacter junii,ERR1090001
682179,species,0.0905296,Bacillus luteolus,ERR1090001
1680,species,0.0905296,Bifidobacterium adolescentis,ERR1090001
52787,species,0.0905296,Anaerofilum pentosovorans,ERR1090001
40324,species,0.0855002,Stenotrophomonas maltophilia,ERR1090001
202611,species,0.0855002,Lysinibacillus odysseyi,ERR1090001
487175,species,0.0855002,Parasutterella excrementihominis,ERR1090001
371601,species,0.0804708,Bacteroides xylanisolvens,ERR1090001
106588,species,0.0804708,Pseudoflavonifractor capillosus,ERR1090001
39484,species,0.0804708,Eubacterium desmolans,ERR1090001
1328,species,0.0754413,Streptococcus anginosus,ERR1090001
376804,species,0.0754413,Bacteroides barnesiae,ERR1090001
61171,species,0.0754413,Holdemania filiformis,ERR1090001
1685,species,0.0704119,Bifidobacterium breve,ERR1090001
1571,species,0.0704119,Sporosarcina ureae,ERR1090001
471189,species,0.0704119,Gordonibacter pamelaeae,ERR1090001
33035,species,0.0603531,Blautia producta,ERR1090001
29370,species,0.0603531,[Clostridium] sphenoides,ERR1090001
301301,species,0.0553236,Roseburia hominis,ERR1090001
626930,species,0.0553236,Bacteroides fluxus,ERR1090001
84026,species,0.0553236,[Clostridium] methylpentosum,ERR1090001
29375,species,0.0502942,[Clostridium] xylanolyticum,ERR1090001
46506,species,0.0502942,Bacteroides stercoris,ERR1090001
1512,species,0.0452648,[Clostridium] symbiosum,ERR1090001
79883,species,0.0452648,Bacillus horikoshii,ERR1090001
284042,species,0.0452648,Streptomyces violaceorubidus,ERR1090001
574375,species,0.0452648,Bacillus gaemokensis,ERR1090001
930124,species,0.0402354,Bacillus halosaccharovorans,ERR1090001
133453,species,0.0402354,Caldilinea aerophila,ERR1090001
281920,species,0.0402354,Porphyromonas uenonis,ERR1090001
1402,species,0.035206,Bacillus licheniformis,ERR1090001
1308,species,0.035206,Streptococcus thermophilus,ERR1090001
84032,species,0.035206,[Clostridium] thermosuccinogenes,ERR1090001
28123,species,0.035206,Porphyromonas asaccharolytica,ERR1090001
308892,species,0.035206,Bacillus boroniphilus,ERR1090001
562,species,0.035206,Escherichia coli,ERR1090001
218284,species,0.035206,Bacillus vietnamensis,ERR1090001
209458,species,0.035206,Bacillus arbutinivorans,ERR1090001
1265,species,0.035206,Ruminococcus flavefaciens,ERR1090001
35785,species,0.0301765,Clostridium maximum,ERR1090001
52561,species,0.0301765,Desulfomicrobium norvegicum,ERR1090001
29430,species,0.0301765,Acinetobacter haemolyticus,ERR1090001
220688,species,0.0301765,Bacillus soli,ERR1090001
54911,species,0.0301765,Brevibacillus choshinensis,ERR1090001
633417,species,0.0301765,Aeromonas taiwanensis,ERR1090001
28117,species,0.0301765,Alistipes putredinis,ERR1090001
1463837,species,0.0301765,Streptomyces sp. NRRL B-3253,ERR1090001
1522,species,0.0301765,[Clostridium] innocuum,ERR1090001
410072,species,0.0301765,Coprococcus comes,ERR1090001
28901,species,0.0301765,Salmonella enterica,ERR1090001
261299,species,0.0251471,Intestinibacter bartlettii,ERR1090001
86664,species,0.0251471,Bacillus flexus,ERR1090001
86668,species,0.0251471,Bacillus niacini,ERR1090001
52133,species,0.0251471,Acinetobacter venetianus,ERR1090001
100884,species,0.0251471,Coprobacillus cateniformis,ERR1090001
1113588,species,0.0251471,Bacillus sp. NBRC 3527,ERR1090001
47678,species,0.0251471,Bacteroides caccae,ERR1090001
1221450,species,0.0251471,Bacillus abyssalis,ERR1090001
1827099,species,0.0251471,Peptoniphilus sp. JCM 8141,ERR1090001
61635,species,0.0251471,Acholeplasma brassicae,ERR1090001
876,species,0.0251471,Desulfovibrio desulfuricans,ERR1090001
35841,species,0.0251471,Bacillus thermoamylovorans,ERR1090001
1532,species,0.0251471,Blautia coccoides,ERR1090001
1456,species,0.0251471,Bacillus benzoevorans,ERR1090001
1260,species,0.0201177,Finegoldia magna,ERR1090001
105841,species,0.0201177,Anaerostipes caccae,ERR1090001
28037,species,0.0201177,Streptococcus mitis,ERR1090001
78342,species,0.0201177,Bifidobacterium gallicum,ERR1090001
202952,species,0.0201177,Acinetobacter gerneri,ERR1090001
645466,species,0.0201177,Anaerostipes butyraticus,ERR1090001
284581,species,0.0201177,Bacillus koreensis,ERR1090001
1254,species,0.0201177,Pediococcus acidilactici,ERR1090001
140314,species,0.0150883,Trichococcus palustris,ERR1090001
61435,species,0.0150883,Dehalococcoides mccartyi,ERR1090001
357276,species,0.0150883,Bacteroides dorei,ERR1090001
246787,species,0.0150883,Bacteroides cellulosilyticus,ERR1090001
1755607,species,0.0150883,Bacteroides sp. MC_16,ERR1090001
36745,species,0.0150883,Clostridium saccharoperbutylacetonicum,ERR1090001
84030,species,0.0150883,[Clostridium] saccharolyticum,ERR1090001
1660,species,0.0150883,Actinomyces odontolyticus,ERR1090001
363832,species,0.0150883,Solirubrobacter soli,ERR1090001
33043,species,0.0150883,Coprococcus eutactus,ERR1090001
33069,species,0.0150883,Pseudomonas viridiflava,ERR1090001
1541,species,0.0150883,Terrisporobacter mayombei,ERR1090001
1482,species,0.0150883,Virgibacillus halodenitrificans,ERR1090001
1379,species,0.0150883,Gemella haemolysans,ERR1090001
33034,species,0.0150883,Anaerococcus prevotii,ERR1090001
310297,species,0.0150883,Bacteroides plebeius,ERR1090001
33029,species,0.0150883,Anaerococcus hydrogenalis,ERR1090001
1547,species,0.0150883,Erysipelatoclostridium ramosum,ERR1090001
92487,species,0.0150883,Thiothrix eikelboomii,ERR1090001
1397,species,0.0150883,Bacillus circulans,ERR1090001
1504,species,0.0150883,Clostridium septicum,ERR1090001
225196,species,0.0150883,Geopsychrobacter electrodiphilus,ERR1090001
1902,species,0.0150883,Streptomyces coelicolor,ERR1090001
839,species,0.0150883,Prevotella ruminicola,ERR1090001
37915,species,0.0150883,Dietzia maris,ERR1090001
33940,species,0.0150883,Geobacillus thermodenitrificans,ERR1090001
1352,species,0.0150883,Enterococcus faecium,ERR1090001
634771,species,0.0100588,Chitinophaga eiseniae,ERR1090001
1463864,species,0.0100588,Streptomyces sp. NRRL F-5630,ERR1090001
1418,species,0.0100588,Bacillus mannanilyticus,ERR1090001
1465754,species,0.0100588,Alistipes timonensis,ERR1090001
584,species,0.0100588,Proteus mirabilis,ERR1090001
649724,species,0.0100588,Clostridium sp. ATCC BAA-442,ERR1090001
285091,species,0.0100588,Alcanivorax dieselolei,ERR1090001
40214,species,0.0100588,Acinetobacter johnsonii,ERR1090001
166501,species,0.0100588,Thermobaculum terrenum,ERR1090001
871324,species,0.0100588,Bacteroides stercorirosoris,ERR1090001
419015,species,0.0100588,Alloscardovia omnicolens,ERR1090001
273164,species,0.0100588,Pontibacillus marinus,ERR1090001
392838,species,0.0100588,Bacteroides propionicifaciens,ERR1090001
39482,species,0.0100588,[Eubacterium] contortum,ERR1090001
37734,species,0.0100588,Enterococcus casseliflavus,ERR1090001
573,species,0.0100588,Klebsiella pneumoniae,ERR1090001
204516,species,0.0100588,Bacteroides massiliensis,ERR1090001
28127,species,0.0100588,Prevotella buccalis,ERR1090001
69824,species,0.0100588,[Clostridium] cocleatum,ERR1090001
1393,species,0.0100588,Brevibacillus brevis,ERR1090001
471,species,0.0100588,Acinetobacter calcoaceticus,ERR1090001
1559,species,0.0100588,Clostridium tertium,ERR1090001
1462,species,0.0100588,Geobacillus kaustophilus,ERR1090001
1590,species,0.0100588,Lactobacillus plantarum,ERR1090001
1304158,species,0.0100588,Salinisphaera halophila,ERR1090001
29354,species,0.0100588,[Clostridium] celerecrescens,ERR1090001
1844653,species,0.0100588,Lysinibacillus sp. VKM B-713,ERR1090001
126157,species,0.0100588,Psychrobacillus psychrodurans,ERR1090001
1646,species,0.0100588,Renibacterium salmoninarum,ERR1090001
1404,species,0.0100588,Bacillus megaterium,ERR1090001
33932,species,0.0100588,Bacillus cohnii,ERR1090001
1479,species,0.0100588,Bacillus smithii,ERR1090001
884684,species,0.0100588,Mageeibacillus indolicus,ERR1090001
157838,species,0.0100588,Bacillus shackletonii,ERR1090001
729,species,0.0100588,Haemophilus parainfluenzae,ERR1090001
290053,species,0.0100588,Bacteroides helcogenes,ERR1090001
317,species,0.0100588,Pseudomonas syringae,ERR1090001
290055,species,0.0100588,[Eubacterium] fissicatena,ERR1090001
86663,species,0.0100588,Bacillus carboniphilus,ERR1090001
147645,species,0.0100588,Paracoccus yeei,ERR1090001
166486,species,0.00502942,Roseburia intestinalis,ERR1090001
329854,species,0.00502942,Bacteroides intestinalis,ERR1090001
202269,species,0.00502942,bacterium YIM-kkny4,ERR1090001
511,species,0.00502942,Alcaligenes faecalis,ERR1090001
1004156,species,0.00502942,Candidatus Brocadia caroliniensis,ERR1090001
397865,species,0.00502942,Barnesiella viscericola,ERR1090001
185294,species,0.00502942,Prevotella paludivivens,ERR1090001
267818,species,0.00502942,Lactobacillus kefiranofaciens,ERR1090001
58138,species,0.00502942,Desulfotomaculum acetoxidans,ERR1090001
287,species,0.00502942,Pseudomonas aeruginosa,ERR1090001
28111,species,0.00502942,Bacteroides eggerthii,ERR1090001
1077255,species,0.00502942,Agitococcus lubricus,ERR1090001
291645,species,0.00502942,Bacteroides nordii,ERR1090001
623,species,0.00502942,Shigella flexneri,ERR1090001
1793963,species,0.00502942,Bacillus nakamurai,ERR1090001
66904,species,0.00502942,Streptomyces roseolilacinus,ERR1090001
375175,species,0.00502942,Lactobacillus backii,ERR1090001
33953,species,0.00502942,Clostridium aminobutyricum,ERR1090001
167964,species,0.00502942,Anaerolinea thermophila,ERR1090001
125614,species,0.00502942,Thiothrix disciformis,ERR1090001
216940,species,0.00502942,Spiroplasma lampyridicola,ERR1090001
671267,species,0.00502942,Bacteroides sartorii,ERR1090001
185300,species,0.00502942,Paludibacter propionicigenes,ERR1090001
209462,species,0.00502942,Bacillus pichinotyi,ERR1090001
1114067,species,0.00502942,Weissella sp. NBRC 107245,ERR1090001
33954,species,0.00502942,Clostridium magnum,ERR1090001
118748,species,0.00502942,Bulleidia extructa,ERR1090001
38875,species,0.00502942,Bacillus oleronius,ERR1090001
1527,species,0.00502942,Anaerocolumna aminovalerica,ERR1090001
93064,species,0.00502942,Sphingomonas koreensis,ERR1090001
767892,species,0.00502942,Candidatus Puniceispirillum marinum,ERR1090001
28134,species,0.00502942,Prevotella oralis,ERR1090001
71999,species,0.00502942,Kocuria palustris,ERR1090001
103621,species,0.00502942,Actinomyces urogenitalis,ERR1090001
387090,species,0.00502942,Bacteroides coprophilus,ERR1090001
47880,species,0.00502942,Pseudomonas fulva,ERR1090001
135735,species,0.00502942,Bacillus endophyticus,ERR1090001
316068,species,0.00502942,Leadbetterella byssophila,ERR1090001
1113673,species,0.00502942,Sporosarcina sp. NBRC 100707,ERR1090001
165179,species,0.00502942,Prevotella copri,ERR1090001
304268,species,0.00502942,Bacillus alkalitelluris,ERR1090001
253245,species,0.00502942,Owenweeksia hongkongensis,ERR1090001
134534,species,0.00502942,Acinetobacter gyllenbergii,ERR1090001
626933,species,0.00502942,Odoribacter laneus,ERR1090001
343332,species,0.00502942,Kopriimonas byunsanensis,ERR1090001
31973,species,0.00502942,Eggerthia catenaformis,ERR1090001
202956,species,0.00502942,Acinetobacter towneri,ERR1090001
160453,species,0.00502942,Enterococcus gilvus,ERR1090001
905,species,0.00502942,Acidaminococcus fermentans,ERR1090001
881,species,0.00502942,Desulfovibrio vulgaris,ERR1090001
191610,species,0.00502942,Corynebacterium atypicum,ERR1090001
582,species,0.00502942,Morganella morganii,ERR1090001
1454,species,0.00502942,Bacillus azotoformans,ERR1090001
1776082,species,0.00502942,Shigella sp. SF-2015,ERR1090001
39488,species,0.00502942,[Eubacterium] hallii,ERR1090001
28229,species,0.00502942,Colwellia psychrerythraea,ERR1090001
387092,species,0.00502942,Nitratiruptor sp. SB155-2,ERR1090001
644,species,0.00502942,Aeromonas hydrophila,ERR1090001
187327,species,0.00502942,Acidaminococcus intestini,ERR1090001
74426,species,0.00502942,Collinsella aerofaciens,ERR1090001
220685,species,0.00502942,Bacillus bataviensis,ERR1090001
1894,species,0.00502942,Streptomyces aureofaciens,ERR1090001
29332,species,0.00502942,[Bacillus] aminovorans,ERR1090001
1203033,species,0.00502942,Lactobacillus hominis,ERR1090001
1476,species,0.00502942,Sporosarcina psychrophila,ERR1090001
106649,species,0.00502942,Acinetobacter guillouiae,ERR1090001
1113741,species,0.00502942,Bacillus sp. NBRC 101250,ERR1090001
102684,species,0.00502942,Streptococcus infantarius,ERR1090001
146817,species,0.00502942,Dendrosporobacter quercicolus,ERR1090001
1599,species,0.00502942,Lactobacillus sakei,ERR1090001
1507,species,0.00502942,Clostridium sp. ATCC 29733,ERR1090001
1071880,species,0.00502942,Sphingobacterium sp. CCBAU 10953,ERR1090001
265981,species,0.00502942,Alkalimonas delamerensis,ERR1090001
157733,species,0.00502942,Anaerobacillus macyae,ERR1090001
171685,species,0.00502942,Bacillus murimartini,ERR1090001
66219,species,0.00502942,Lachnoclostridium phytofermentans,ERR1090001
189381,species,0.00502942,Bacillus marisflavi,ERR1090001
1038856,species,0.00502942,Planococcus plakortidis,ERR1090001
370622,species,0.00502942,Aureimonas altamirensis,ERR1090001
1085,species,0.00502942,Rhodospirillum rubrum,ERR1090001
329,species,0.00502942,Ralstonia pickettii,ERR1090001
99907,species,0.00502942,Alkalibacterium olivapovliticus,ERR1090001
1584,species,0.00502942,Lactobacillus delbrueckii,ERR1090001
28135,species,0.00502942,Prevotella oris,ERR1090001
28119,species,0.00502942,Bacteroides zoogleoformans,ERR1090001
1467,species,0.00502942,Bacillus lentus,ERR1090001
470,species,0.00502942,Acinetobacter baumannii,ERR1090001
1506,species,0.00502942,Clostridium sp.,ERR1090001
358742,species,0.00502942,[Clostridium] aldenense,ERR1090001
243924,species,0.00502942,Pseudomonas lutea,ERR1090001
294,species,0.00502942,Pseudomonas fluorescens,ERR1090001
84112,species,0.00502942,Eggerthella lenta,ERR1090001
450804,species,0.00502942,Oceaniserpentilla haliotis,ERR1090001
151276,species,0.00502942,Bacteroides coprosuis,ERR1090001
90730,species,0.00502942,Desulfosarcina cetonica,ERR1090001
239935,species,0.00502942,Akkermansia muciniphila,ERR1090001
1282,species,0.00502942,Staphylococcus epidermidis,ERR1090001
553,species,0.00502942,Pantoea ananatis,ERR1090001
1428,species,0.00502942,Bacillus thuringiensis,ERR1090001
36874,species,0.00502942,Porphyromonas cangingivalis,ERR1090001
305,species,0.00502942,Ralstonia solanacearum,ERR1090001
1168034,species,0.00502942,Draconibacterium orientale,ERR1090001
192421,species,0.00502942,Planococcus maritimus,ERR1090001
73098,species,0.00502942,Kluyvera georgiana,ERR1090001
252,species,0.00502942,Halomonas halmophila,ERR1090001
33037,species,0.00502942,Anaerococcus vaginalis,ERR1090001
535744,species,0.00502942,Cronobacter universalis,ERR1090001
1114008,species,0.00502942,Lactobacillus sp. NBRC 107185,ERR1090001
1133319,species,0.00502942,Bacteroides reticulotermitis,ERR1090001
827,species,0.00502942,Campylobacter ureolyticus,ERR1090001
40518,species,0.00502942,Ruminococcus bromii,ERR1090001
78343,species,0.00502942,Bifidobacterium boum,ERR1090001
29422,species,0.00502942,Legionella brunensis,ERR1090001
48296,species,0.00502942,Acinetobacter pittii,ERR1090001
2751,species,0.00502942,Carnobacterium maltaromaticum,ERR1090001
84037,species,0.00502942,Syntrophococcus sucromutans,ERR1090001
395933,species,0.00502942,Chryseobacterium lathyri,ERR1090001
57706,species,0.00502942,Citrobacter braakii,ERR1090001
-1,species,58.8392,Unknown,ERR1090001
287,species,7.43699,Pseudomonas aeruginosa,ERR1090112
535744,species,5.42244,Cronobacter universalis,ERR1090112
1755626,species,3.51881,Faecalibacterium sp. MC_41,ERR1090112
821,species,2.00124,Bacteroides vulgatus,ERR1090112
397865,species,1.63294,Barnesiella viscericola,ERR1090112
246787,species,1.11821,Bacteroides cellulosilyticus,ERR1090112
239935,species,1.00284,Akkermansia muciniphila,ERR1090112
204516,species,0.971779,Bacteroides massiliensis,ERR1090112
818,species,0.554668,Bacteroides thetaiotaomicron,ERR1090112
820,species,0.545793,Bacteroides uniformis,ERR1090112
214856,species,0.496983,Alistipes finegoldii,ERR1090112
28116,species,0.492545,Bacteroides ovatus,ERR1090112
905,species,0.457047,Acidaminococcus fermentans,ERR1090112
106648,species,0.41711,Acinetobacter bereziniae,ERR1090112
44749,species,0.363862,Sporobacter termitidis,ERR1090112
1535,species,0.363862,[Clostridium] leptum,ERR1090112
351091,species,0.28399,Oscillibacter valericigenes,ERR1090112
626937,species,0.257366,Christensenella minuta,ERR1090112
40520,species,0.248491,Blautia obeum,ERR1090112
69825,species,0.208555,[Clostridium] indolis,ERR1090112
823,species,0.177494,Parabacteroides distasonis,ERR1090112
328814,species,0.155307,Alistipes shahii,ERR1090112
46503,species,0.141995,Parabacteroides merdae,ERR1090112
28117,species,0.119808,Alistipes putredinis,ERR1090112
47678,species,0.110934,Bacteroides caccae,ERR1090112
328813,species,0.102059,Alistipes onderdonkii,ERR1090112
39492,species,0.0931842,[Eubacterium] siraeum,ERR1090112
1308,species,0.0887469,Streptococcus thermophilus,ERR1090112
53412,species,0.0665602,Pseudomonas resinovorans,ERR1090112
1515,species,0.0665602,Ruminiclostridium thermocellum,ERR1090112
29348,species,0.0621228,[Clostridium] spiroforme,ERR1090112
536633,species,0.0621228,Blautia glucerasea,ERR1090112
39484,species,0.0532481,Eubacterium desmolans,ERR1090112
1264,species,0.0488108,Ruminococcus albus,ERR1090112
46506,species,0.0488108,Bacteroides stercoris,ERR1090112
29375,species,0.0443734,[Clostridium] xylanolyticum,ERR1090112
329854,species,0.0399361,Bacteroides intestinalis,ERR1090112
28901,species,0.0354988,Salmonella enterica,ERR1090112
626930,species,0.0354988,Bacteroides fluxus,ERR1090112
169435,species,0.0354988,Anaerotruncus colihominis,ERR1090112
2741,species,0.0310614,Peptococcus niger,ERR1090112
1465754,species,0.0310614,Alistipes timonensis,ERR1090112
52561,species,0.0310614,Desulfomicrobium norvegicum,ERR1090112
288965,species,0.0310614,[Clostridium] clariflavum,ERR1090112
357276,species,0.0266241,Bacteroides dorei,ERR1090112
301301,species,0.0266241,Roseburia hominis,ERR1090112
43263,species,0.0221867,Pseudomonas alcaligenes,ERR1090112
39441,species,0.0221867,Methanobrevibacter arboriphilus,ERR1090112
52787,species,0.0221867,Anaerofilum pentosovorans,ERR1090112
371601,species,0.0221867,Bacteroides xylanisolvens,ERR1090112
28118,species,0.0221867,Odoribacter splanchnicus,ERR1090112
658457,species,0.0221867,Pseudomonas composti,ERR1090112
1661050,species,0.0221867,Pseudomonas sp. NBRC 111135,ERR1090112
626933,species,0.0221867,Odoribacter laneus,ERR1090112
39486,species,0.0221867,Dorea formicigenerans,ERR1090112
410072,species,0.0221867,Coprococcus comes,ERR1090112
39485,species,0.0221867,[Eubacterium] eligens,ERR1090112
70775,species,0.0177494,Pseudomonas plecoglossicida,ERR1090112
137732,species,0.0177494,Granulicatella elegans,ERR1090112
47880,species,0.0177494,Pseudomonas fulva,ERR1090112
876,species,0.0177494,Desulfovibrio desulfuricans,ERR1090112
626932,species,0.0177494,Alistipes indistinctus,ERR1090112
251535,species,0.0177494,Candidatus Blochmannia vafer,ERR1090112
90730,species,0.0177494,Desulfosarcina cetonica,ERR1090112
187327,species,0.0177494,Acidaminococcus intestini,ERR1090112
33035,species,0.013312,Blautia producta,ERR1090112
61171,species,0.013312,Holdemania filiformis,ERR1090112
39490,species,0.013312,Eubacterium ramulus,ERR1090112
1570,species,0.013312,Halobacillus halophilus,ERR1090112
84026,species,0.013312,[Clostridium] methylpentosum,ERR1090112
817,species,0.013312,Bacteroides fragilis,ERR1090112
225991,species,0.013312,Comamonas aquatica,ERR1090112
40518,species,0.013312,Ruminococcus bromii,ERR1090112
316,species,0.013312,Pseudomonas stutzeri,ERR1090112
301,species,0.013312,Pseudomonas oleovorans,ERR1090112
29370,species,0.013312,[Clostridium] sphenoides,ERR1090112
35833,species,0.00887469,Bilophila wadsworthia,ERR1090112
1755629,species,0.00887469,Victivallis sp. MC_44,ERR1090112
871324,species,0.00887469,Bacteroides stercorirosoris,ERR1090112
562,species,0.00887469,Escherichia coli,ERR1090112
307126,species,0.00887469,Lactobacillus apodemi,ERR1090112
392838,species,0.00887469,Bacteroides propionicifaciens,ERR1090112
36847,species,0.00887469,[Clostridium] neopropionicum,ERR1090112
143393,species,0.00887469,[Eubacterium] sulci,ERR1090112
626931,species,0.00887469,Bacteroides oleiciplenus,ERR1090112
671267,species,0.00887469,Bacteroides sartorii,ERR1090112
1776082,species,0.00887469,Shigella sp. SF-2015,ERR1090112
47311,species,0.00887469,Methanobrevibacter cuticularis,ERR1090112
28126,species,0.00887469,Prevotella buccae,ERR1090112
741091,species,0.00887469,Rahnella sp. Y9602,ERR1090112
294,species,0.00887469,Pseudomonas fluorescens,ERR1090112
53408,species,0.00887469,Pseudomonas citronellolis,ERR1090112
265981,species,0.00887469,Alkalimonas delamerensis,ERR1090112
29355,species,0.00887469,[Clostridium] cellobioparum,ERR1090112
645466,species,0.00887469,Anaerostipes butyraticus,ERR1090112
105841,species,0.00887469,Anaerostipes caccae,ERR1090112
582,species,0.00887469,Morganella morganii,ERR1090112
1509,species,0.00443734,Clostridium sporogenes,ERR1090112
982,species,0.00443734,Saccharicrinis fermentans,ERR1090112
863643,species,0.00443734,Thermincola potens,ERR1090112
882211,species,0.00443734,Pseudomonas deceptionensis,ERR1090112
104336,species,0.00443734,Microbacterium foliorum,ERR1090112
1304,species,0.00443734,Streptococcus salivarius,ERR1090112
310298,species,0.00443734,Bacteroides coprocola,ERR1090112
100176,species,0.00443734,Papillibacter cinnamivorans,ERR1090112
48467,species,0.00443734,Prosthecobacter debontii,ERR1090112
39488,species,0.00443734,[Eubacterium] hallii,ERR1090112
28125,species,0.00443734,Prevotella bivia,ERR1090112
243924,species,0.00443734,Pseudomonas lutea,ERR1090112
1685,species,0.00443734,Bifidobacterium breve,ERR1090112
574930,species,0.00443734,Parabacteroides gordonii,ERR1090112
1314,species,0.00443734,Streptococcus pyogenes,ERR1090112
90736,species,0.00443734,Moritella marina,ERR1090112
29317,species,0.00443734,Actinomyces sp.,ERR1090112
36874,species,0.00443734,Porphyromonas cangingivalis,ERR1090112
28135,species,0.00443734,Prevotella oris,ERR1090112
703,species,0.00443734,Plesiomonas shigelloides,ERR1090112
1358,species,0.00443734,Lactococcus lactis,ERR1090112
54736,species,0.00443734,Salmonella bongori,ERR1090112
1416778,species,0.00443734,Chryseobacterium arachidis,ERR1090112
1605,species,0.00443734,Lactobacillus animalis,ERR1090112
28127,species,0.00443734,Prevotella buccalis,ERR1090112
847,species,0.00443734,Oxalobacter formigenes,ERR1090112
1282,species,0.00443734,Staphylococcus epidermidis,ERR1090112
33038,species,0.00443734,[Ruminococcus] gnavus,ERR1090112
1599,species,0.00443734,Lactobacillus sakei,ERR1090112
84112,species,0.00443734,Eggerthella lenta,ERR1090112
35517,species,0.00443734,[Eubacterium] brachy,ERR1090112
35785,species,0.00443734,Clostridium maximum,ERR1090112
502558,species,0.00443734,Eggerthella sp. YY7918,ERR1090112
290109,species,0.00443734,Xenorhabdus innexi,ERR1090112
253245,species,0.00443734,Owenweeksia hongkongensis,ERR1090112
29354,species,0.00443734,[Clostridium] celerecrescens,ERR1090112
36854,species,0.00443734,Desulfitobacterium dehalogenans,ERR1090112
37919,species,0.00443734,Rhodococcus opacus,ERR1090112
309120,species,0.00443734,Dialister micraerophilus,ERR1090112
1382,species,0.00443734,Atopobium parvulum,ERR1090112
28139,species,0.00443734,Rikenella microfusus,ERR1090112
78342,species,0.00443734,Bifidobacterium gallicum,ERR1090112
122355,species,0.00443734,Pseudomonas psychrophila,ERR1090112
549,species,0.00443734,Pantoea agglomerans,ERR1090112
885581,species,0.00443734,Desulfosporosinus acidiphilus,ERR1090112
574375,species,0.00443734,Bacillus gaemokensis,ERR1090112
999468,species,0.00443734,Sphingobacterium sp. LMG 8345,ERR1090112
1563,species,0.00443734,Desulfosporosinus orientis,ERR1090112
356829,species,0.00443734,Bifidobacterium tsurumiense,ERR1090112
58180,species,0.00443734,Desulfovibrio alaskensis,ERR1090112
453,species,0.00443734,Legionella feeleii,ERR1090112
871325,species,0.00443734,Bacteroides faecichinchillae,ERR1090112
899,species,0.00443734,Desulfomicrobium baculatum,ERR1090112
729,species,0.00443734,Haemophilus parainfluenzae,ERR1090112
37734,species,0.00443734,Enterococcus casseliflavus,ERR1090112
37930,species,0.00443734,Glutamicibacter protophormiae,ERR1090112
396595,species,0.00443734,Thioalkalivibrio sp. K90mix,ERR1090112
46228,species,0.00443734,Ruminococcus lactaris,ERR1090112
97084,species,0.00443734,Halobacteriovorax marinus,ERR1090112
1304158,species,0.00443734,Salinisphaera halophila,ERR1090112
165179,species,0.00443734,Prevotella copri,ERR1090112
48466,species,0.00443734,Prosthecobacter vanneervenii,ERR1090112
415956,species,0.00443734,Sphingobacterium composti Yoo et al. 2007,ERR1090112
208479,species,0.00443734,[Clostridium] bolteae,ERR1090112
1254,species,0.00443734,Pediococcus acidilactici,ERR1090112
39497,species,0.00443734,Eubacterium xylanophilum,ERR1090112
1579979,species,0.00443734,Wenzhouxiangella marina,ERR1090112
163665,species,0.00443734,Dysgonomonas mossii,ERR1090112
28446,species,0.00443734,[Clostridium] propionicum,ERR1090112
1680,species,0.00443734,Bifidobacterium adolescentis,ERR1090112
68274,species,0.00443734,Streptomyces tauricus,ERR1090112
1265,species,0.00443734,Ruminococcus flavefaciens,ERR1090112
33069,species,0.00443734,Pseudomonas viridiflava,ERR1090112
1114008,species,0.00443734,Lactobacillus sp. NBRC 107185,ERR1090112
-1,species,69.3912,Unknown,ERR1090112
287,species,7.43699,Pseudomonas aeruginosa,ERR1090112
535744,species,5.42244,Cronobacter universalis,ERR1090112
1755626,species,3.51881,Faecalibacterium sp. MC_41,ERR1090112
821,species,2.00124,Bacteroides vulgatus,ERR1090112
397865,species,1.63294,Barnesiella viscericola,ERR1090112
246787,species,1.11821,Bacteroides cellulosilyticus,ERR1090112
239935,species,1.00284,Akkermansia muciniphila,ERR1090112
204516,species,0.971779,Bacteroides massiliensis,ERR1090112
818,species,0.554668,Bacteroides thetaiotaomicron,ERR1090112
820,species,0.545793,Bacteroides uniformis,ERR1090112
214856,species,0.496983,Alistipes finegoldii,ERR1090112
28116,species,0.492545,Bacteroides ovatus,ERR1090112
905,species,0.457047,Acidaminococcus fermentans,ERR1090112
106648,species,0.41711,Acinetobacter bereziniae,ERR1090112
44749,species,0.363862,Sporobacter termitidis,ERR1090112
1535,species,0.363862,[Clostridium] leptum,ERR1090112
351091,species,0.28399,Oscillibacter valericigenes,ERR1090112
626937,species,0.257366,Christensenella minuta,ERR1090112
40520,species,0.248491,Blautia obeum,ERR1090112
69825,species,0.208555,[Clostridium] indolis,ERR1090112
823,species,0.177494,Parabacteroides distasonis,ERR1090112
328814,species,0.155307,Alistipes shahii,ERR1090112
46503,species,0.141995,Parabacteroides merdae,ERR1090112
28117,species,0.119808,Alistipes putredinis,ERR1090112
47678,species,0.110934,Bacteroides caccae,ERR1090112
328813,species,0.102059,Alistipes onderdonkii,ERR1090112
39492,species,0.0931842,[Eubacterium] siraeum,ERR1090112
1308,species,0.0887469,Streptococcus thermophilus,ERR1090112
53412,species,0.0665602,Pseudomonas resinovorans,ERR1090112
1515,species,0.0665602,Ruminiclostridium thermocellum,ERR1090112
29348,species,0.0621228,[Clostridium] spiroforme,ERR1090112
536633,species,0.0621228,Blautia glucerasea,ERR1090112
39484,species,0.0532481,Eubacterium desmolans,ERR1090112
46506,species,0.0488108,Bacteroides stercoris,ERR1090112
1264,species,0.0488108,Ruminococcus albus,ERR1090112
29375,species,0.0443734,[Clostridium] xylanolyticum,ERR1090112
329854,species,0.0399361,Bacteroides intestinalis,ERR1090112
28901,species,0.0354988,Salmonella enterica,ERR1090112
626930,species,0.0354988,Bacteroides fluxus,ERR1090112
169435,species,0.0354988,Anaerotruncus colihominis,ERR1090112
2741,species,0.0310614,Peptococcus niger,ERR1090112
1465754,species,0.0310614,Alistipes timonensis,ERR1090112
52561,species,0.0310614,Desulfomicrobium norvegicum,ERR1090112
288965,species,0.0310614,[Clostridium] clariflavum,ERR1090112
301301,species,0.0266241,Roseburia hominis,ERR1090112
357276,species,0.0266241,Bacteroides dorei,ERR1090112
43263,species,0.0221867,Pseudomonas alcaligenes,ERR1090112
39441,species,0.0221867,Methanobrevibacter arboriphilus,ERR1090112
52787,species,0.0221867,Anaerofilum pentosovorans,ERR1090112
371601,species,0.0221867,Bacteroides xylanisolvens,ERR1090112
28118,species,0.0221867,Odoribacter splanchnicus,ERR1090112
658457,species,0.0221867,Pseudomonas composti,ERR1090112
1661050,species,0.0221867,Pseudomonas sp. NBRC 111135,ERR1090112
626933,species,0.0221867,Odoribacter laneus,ERR1090112
39486,species,0.0221867,Dorea formicigenerans,ERR1090112
410072,species,0.0221867,Coprococcus comes,ERR1090112
39485,species,0.0221867,[Eubacterium] eligens,ERR1090112
70775,species,0.0177494,Pseudomonas plecoglossicida,ERR1090112
137732,species,0.0177494,Granulicatella elegans,ERR1090112
47880,species,0.0177494,Pseudomonas fulva,ERR1090112
876,species,0.0177494,Desulfovibrio desulfuricans,ERR1090112
626932,species,0.0177494,Alistipes indistinctus,ERR1090112
90730,species,0.0177494,Desulfosarcina cetonica,ERR1090112
251535,species,0.0177494,Candidatus Blochmannia vafer,ERR1090112
187327,species,0.0177494,Acidaminococcus intestini,ERR1090112
61171,species,0.013312,Holdemania filiformis,ERR1090112
39490,species,0.013312,Eubacterium ramulus,ERR1090112
84026,species,0.013312,[Clostridium] methylpentosum,ERR1090112
1570,species,0.013312,Halobacillus halophilus,ERR1090112
817,species,0.013312,Bacteroides fragilis,ERR1090112
40518,species,0.013312,Ruminococcus bromii,ERR1090112
225991,species,0.013312,Comamonas aquatica,ERR1090112
316,species,0.013312,Pseudomonas stutzeri,ERR1090112
301,species,0.013312,Pseudomonas oleovorans,ERR1090112
29370,species,0.013312,[Clostridium] sphenoides,ERR1090112
33035,species,0.013312,Blautia producta,ERR1090112
1755629,species,0.00887469,Victivallis sp. MC_44,ERR1090112
871324,species,0.00887469,Bacteroides stercorirosoris,ERR1090112
562,species,0.00887469,Escherichia coli,ERR1090112
307126,species,0.00887469,Lactobacillus apodemi,ERR1090112
392838,species,0.00887469,Bacteroides propionicifaciens,ERR1090112
36847,species,0.00887469,[Clostridium] neopropionicum,ERR1090112
143393,species,0.00887469,[Eubacterium] sulci,ERR1090112
626931,species,0.00887469,Bacteroides oleiciplenus,ERR1090112
671267,species,0.00887469,Bacteroides sartorii,ERR1090112
47311,species,0.00887469,Methanobrevibacter cuticularis,ERR1090112
1776082,species,0.00887469,Shigella sp. SF-2015,ERR1090112
741091,species,0.00887469,Rahnella sp. Y9602,ERR1090112
294,species,0.00887469,Pseudomonas fluorescens,ERR1090112
53408,species,0.00887469,Pseudomonas citronellolis,ERR1090112
28126,species,0.00887469,Prevotella buccae,ERR1090112
265981,species,0.00887469,Alkalimonas delamerensis,ERR1090112
105841,species,0.00887469,Anaerostipes caccae,ERR1090112
582,species,0.00887469,Morganella morganii,ERR1090112
29355,species,0.00887469,[Clostridium] cellobioparum,ERR1090112
645466,species,0.00887469,Anaerostipes butyraticus,ERR1090112
35833,species,0.00887469,Bilophila wadsworthia,ERR1090112
100176,species,0.00443734,Papillibacter cinnamivorans,ERR1090112
48467,species,0.00443734,Prosthecobacter debontii,ERR1090112
39488,species,0.00443734,[Eubacterium] hallii,ERR1090112
28125,species,0.00443734,Prevotella bivia,ERR1090112
310298,species,0.00443734,Bacteroides coprocola,ERR1090112
1685,species,0.00443734,Bifidobacterium breve,ERR1090112
574930,species,0.00443734,Parabacteroides gordonii,ERR1090112
1314,species,0.00443734,Streptococcus pyogenes,ERR1090112
90736,species,0.00443734,Moritella marina,ERR1090112
243924,species,0.00443734,Pseudomonas lutea,ERR1090112
29317,species,0.00443734,Actinomyces sp.,ERR1090112
36874,species,0.00443734,Porphyromonas cangingivalis,ERR1090112
28135,species,0.00443734,Prevotella oris,ERR1090112
703,species,0.00443734,Plesiomonas shigelloides,ERR1090112
1358,species,0.00443734,Lactococcus lactis,ERR1090112
54736,species,0.00443734,Salmonella bongori,ERR1090112
1416778,species,0.00443734,Chryseobacterium arachidis,ERR1090112
1605,species,0.00443734,Lactobacillus animalis,ERR1090112
28127,species,0.00443734,Prevotella buccalis,ERR1090112
847,species,0.00443734,Oxalobacter formigenes,ERR1090112
1282,species,0.00443734,Staphylococcus epidermidis,ERR1090112
33038,species,0.00443734,[Ruminococcus] gnavus,ERR1090112
1599,species,0.00443734,Lactobacillus sakei,ERR1090112
84112,species,0.00443734,Eggerthella lenta,ERR1090112
35785,species,0.00443734,Clostridium maximum,ERR1090112
502558,species,0.00443734,Eggerthella sp. YY7918,ERR1090112
290109,species,0.00443734,Xenorhabdus innexi,ERR1090112
35517,species,0.00443734,[Eubacterium] brachy,ERR1090112
29354,species,0.00443734,[Clostridium] celerecrescens,ERR1090112
36854,species,0.00443734,Desulfitobacterium dehalogenans,ERR1090112
37919,species,0.00443734,Rhodococcus opacus,ERR1090112
309120,species,0.00443734,Dialister micraerophilus,ERR1090112
1382,species,0.00443734,Atopobium parvulum,ERR1090112
253245,species,0.00443734,Owenweeksia hongkongensis,ERR1090112
78342,species,0.00443734,Bifidobacterium gallicum,ERR1090112
122355,species,0.00443734,Pseudomonas psychrophila,ERR1090112
549,species,0.00443734,Pantoea agglomerans,ERR1090112
885581,species,0.00443734,Desulfosporosinus acidiphilus,ERR1090112
28139,species,0.00443734,Rikenella microfusus,ERR1090112
574375,species,0.00443734,Bacillus gaemokensis,ERR1090112
999468,species,0.00443734,Sphingobacterium sp. LMG 8345,ERR1090112
1563,species,0.00443734,Desulfosporosinus orientis,ERR1090112
58180,species,0.00443734,Desulfovibrio alaskensis,ERR1090112
453,species,0.00443734,Legionella feeleii,ERR1090112
871325,species,0.00443734,Bacteroides faecichinchillae,ERR1090112
899,species,0.00443734,Desulfomicrobium baculatum,ERR1090112
729,species,0.00443734,Haemophilus parainfluenzae,ERR1090112
37734,species,0.00443734,Enterococcus casseliflavus,ERR1090112
356829,species,0.00443734,Bifidobacterium tsurumiense,ERR1090112
37930,species,0.00443734,Glutamicibacter protophormiae,ERR1090112
396595,species,0.00443734,Thioalkalivibrio sp. K90mix,ERR1090112
1304158,species,0.00443734,Salinisphaera halophila,ERR1090112
165179,species,0.00443734,Prevotella copri,ERR1090112
48466,species,0.00443734,Prosthecobacter vanneervenii,ERR1090112
46228,species,0.00443734,Ruminococcus lactaris,ERR1090112
97084,species,0.00443734,Halobacteriovorax marinus,ERR1090112
415956,species,0.00443734,Sphingobacterium composti Yoo et al. 2007,ERR1090112
208479,species,0.00443734,[Clostridium] bolteae,ERR1090112
1254,species,0.00443734,Pediococcus acidilactici,ERR1090112
39497,species,0.00443734,Eubacterium xylanophilum,ERR1090112
1579979,species,0.00443734,Wenzhouxiangella marina,ERR1090112
28446,species,0.00443734,[Clostridium] propionicum,ERR1090112
1680,species,0.00443734,Bifidobacterium adolescentis,ERR1090112
68274,species,0.00443734,Streptomyces tauricus,ERR1090112
1265,species,0.00443734,Ruminococcus flavefaciens,ERR1090112
33069,species,0.00443734,Pseudomonas viridiflava,ERR1090112
1114008,species,0.00443734,Lactobacillus sp. NBRC 107185,ERR1090112
163665,species,0.00443734,Dysgonomonas mossii,ERR1090112
982,species,0.00443734,Saccharicrinis fermentans,ERR1090112
863643,species,0.00443734,Thermincola potens,ERR1090112
882211,species,0.00443734,Pseudomonas deceptionensis,ERR1090112
104336,species,0.00443734,Microbacterium foliorum,ERR1090112
1304,species,0.00443734,Streptococcus salivarius,ERR1090112
1509,species,0.00443734,Clostridium sporogenes,ERR1090112
-1,species,69.3912,Unknown,ERR1090112
287,species,7.43699,Pseudomonas aeruginosa,ERR1090112
535744,species,5.42244,Cronobacter universalis,ERR1090112
1755626,species,3.51881,Faecalibacterium sp. MC_41,ERR1090112
821,species,2.00124,Bacteroides vulgatus,ERR1090112
397865,species,1.63294,Barnesiella viscericola,ERR1090112
246787,species,1.11821,Bacteroides cellulosilyticus,ERR1090112
239935,species,1.00284,Akkermansia muciniphila,ERR1090112
204516,species,0.971779,Bacteroides massiliensis,ERR1090112
818,species,0.554668,Bacteroides thetaiotaomicron,ERR1090112
820,species,0.545793,Bacteroides uniformis,ERR1090112
214856,species,0.496983,Alistipes finegoldii,ERR1090112
28116,species,0.492545,Bacteroides ovatus,ERR1090112
905,species,0.457047,Acidaminococcus fermentans,ERR1090112
106648,species,0.41711,Acinetobacter bereziniae,ERR1090112
44749,species,0.363862,Sporobacter termitidis,ERR1090112
1535,species,0.363862,[Clostridium] leptum,ERR1090112
351091,species,0.28399,Oscillibacter valericigenes,ERR1090112
626937,species,0.257366,Christensenella minuta,ERR1090112
40520,species,0.248491,Blautia obeum,ERR1090112
69825,species,0.208555,[Clostridium] indolis,ERR1090112
823,species,0.177494,Parabacteroides distasonis,ERR1090112
328814,species,0.155307,Alistipes shahii,ERR1090112
46503,species,0.141995,Parabacteroides merdae,ERR1090112
28117,species,0.119808,Alistipes putredinis,ERR1090112
47678,species,0.110934,Bacteroides caccae,ERR1090112
328813,species,0.102059,Alistipes onderdonkii,ERR1090112
39492,species,0.0931842,[Eubacterium] siraeum,ERR1090112
1308,species,0.0887469,Streptococcus thermophilus,ERR1090112
53412,species,0.0665602,Pseudomonas resinovorans,ERR1090112
1515,species,0.0665602,Ruminiclostridium thermocellum,ERR1090112
29348,species,0.0621228,[Clostridium] spiroforme,ERR1090112
536633,species,0.0621228,Blautia glucerasea,ERR1090112
39484,species,0.0532481,Eubacterium desmolans,ERR1090112
1264,species,0.0488108,Ruminococcus albus,ERR1090112
46506,species,0.0488108,Bacteroides stercoris,ERR1090112
29375,species,0.0443734,[Clostridium] xylanolyticum,ERR1090112
329854,species,0.0399361,Bacteroides intestinalis,ERR1090112
28901,species,0.0354988,Salmonella enterica,ERR1090112
626930,species,0.0354988,Bacteroides fluxus,ERR1090112
169435,species,0.0354988,Anaerotruncus colihominis,ERR1090112
2741,species,0.0310614,Peptococcus niger,ERR1090112
1465754,species,0.0310614,Alistipes timonensis,ERR1090112
52561,species,0.0310614,Desulfomicrobium norvegicum,ERR1090112
288965,species,0.0310614,[Clostridium] clariflavum,ERR1090112
357276,species,0.0266241,Bacteroides dorei,ERR1090112
301301,species,0.0266241,Roseburia hominis,ERR1090112
39485,species,0.0221867,[Eubacterium] eligens,ERR1090112
43263,species,0.0221867,Pseudomonas alcaligenes,ERR1090112
39441,species,0.0221867,Methanobrevibacter arboriphilus,ERR1090112
52787,species,0.0221867,Anaerofilum pentosovorans,ERR1090112
371601,species,0.0221867,Bacteroides xylanisolvens,ERR1090112
28118,species,0.0221867,Odoribacter splanchnicus,ERR1090112
658457,species,0.0221867,Pseudomonas composti,ERR1090112
1661050,species,0.0221867,Pseudomonas sp. NBRC 111135,ERR1090112
626933,species,0.0221867,Odoribacter laneus,ERR1090112
39486,species,0.0221867,Dorea formicigenerans,ERR1090112
410072,species,0.0221867,Coprococcus comes,ERR1090112
70775,species,0.0177494,Pseudomonas plecoglossicida,ERR1090112
137732,species,0.0177494,Granulicatella elegans,ERR1090112
47880,species,0.0177494,Pseudomonas fulva,ERR1090112
876,species,0.0177494,Desulfovibrio desulfuricans,ERR1090112
626932,species,0.0177494,Alistipes indistinctus,ERR1090112
90730,species,0.0177494,Desulfosarcina cetonica,ERR1090112
251535,species,0.0177494,Candidatus Blochmannia vafer,ERR1090112
187327,species,0.0177494,Acidaminococcus intestini,ERR1090112
29370,species,0.013312,[Clostridium] sphenoides,ERR1090112
33035,species,0.013312,Blautia producta,ERR1090112
61171,species,0.013312,Holdemania filiformis,ERR1090112
39490,species,0.013312,Eubacterium ramulus,ERR1090112
1570,species,0.013312,Halobacillus halophilus,ERR1090112
84026,species,0.013312,[Clostridium] methylpentosum,ERR1090112
817,species,0.013312,Bacteroides fragilis,ERR1090112
225991,species,0.013312,Comamonas aquatica,ERR1090112
40518,species,0.013312,Ruminococcus bromii,ERR1090112
316,species,0.013312,Pseudomonas stutzeri,ERR1090112
301,species,0.013312,Pseudomonas oleovorans,ERR1090112
35833,species,0.00887469,Bilophila wadsworthia,ERR1090112
1755629,species,0.00887469,Victivallis sp. MC_44,ERR1090112
871324,species,0.00887469,Bacteroides stercorirosoris,ERR1090112
562,species,0.00887469,Escherichia coli,ERR1090112
307126,species,0.00887469,Lactobacillus apodemi,ERR1090112
392838,species,0.00887469,Bacteroides propionicifaciens,ERR1090112
36847,species,0.00887469,[Clostridium] neopropionicum,ERR1090112
143393,species,0.00887469,[Eubacterium] sulci,ERR1090112
626931,species,0.00887469,Bacteroides oleiciplenus,ERR1090112
671267,species,0.00887469,Bacteroides sartorii,ERR1090112
1776082,species,0.00887469,Shigella sp. SF-2015,ERR1090112
47311,species,0.00887469,Methanobrevibacter cuticularis,ERR1090112
741091,species,0.00887469,Rahnella sp. Y9602,ERR1090112
294,species,0.00887469,Pseudomonas fluorescens,ERR1090112
53408,species,0.00887469,Pseudomonas citronellolis,ERR1090112
28126,species,0.00887469,Prevotella buccae,ERR1090112
265981,species,0.00887469,Alkalimonas delamerensis,ERR1090112
645466,species,0.00887469,Anaerostipes butyraticus,ERR1090112
105841,species,0.00887469,Anaerostipes caccae,ERR1090112
582,species,0.00887469,Morganella morganii,ERR1090112
29355,species,0.00887469,[Clostridium] cellobioparum,ERR1090112
28446,species,0.00443734,[Clostridium] propionicum,ERR1090112
1680,species,0.00443734,Bifidobacterium adolescentis,ERR1090112
68274,species,0.00443734,Streptomyces tauricus,ERR1090112
1265,species,0.00443734,Ruminococcus flavefaciens,ERR1090112
33069,species,0.00443734,Pseudomonas viridiflava,ERR1090112
1114008,species,0.00443734,Lactobacillus sp. NBRC 107185,ERR1090112
163665,species,0.00443734,Dysgonomonas mossii,ERR1090112
1509,species,0.00443734,Clostridium sporogenes,ERR1090112
982,species,0.00443734,Saccharicrinis fermentans,ERR1090112
863643,species,0.00443734,Thermincola potens,ERR1090112
882211,species,0.00443734,Pseudomonas deceptionensis,ERR1090112
104336,species,0.00443734,Microbacterium foliorum,ERR1090112
1304,species,0.00443734,Streptococcus salivarius,ERR1090112
310298,species,0.00443734,Bacteroides coprocola,ERR1090112
100176,species,0.00443734,Papillibacter cinnamivorans,ERR1090112
48467,species,0.00443734,Prosthecobacter debontii,ERR1090112
39488,species,0.00443734,[Eubacterium] hallii,ERR1090112
28125,species,0.00443734,Prevotella bivia,ERR1090112
243924,species,0.00443734,Pseudomonas lutea,ERR1090112
1685,species,0.00443734,Bifidobacterium breve,ERR1090112
574930,species,0.00443734,Parabacteroides gordonii,ERR1090112
1314,species,0.00443734,Streptococcus pyogenes,ERR1090112
90736,species,0.00443734,Moritella marina,ERR1090112
29317,species,0.00443734,Actinomyces sp.,ERR1090112
36874,species,0.00443734,Porphyromonas cangingivalis,ERR1090112
28135,species,0.00443734,Prevotella oris,ERR1090112
703,species,0.00443734,Plesiomonas shigelloides,ERR1090112
1358,species,0.00443734,Lactococcus lactis,ERR1090112
54736,species,0.00443734,Salmonella bongori,ERR1090112
1416778,species,0.00443734,Chryseobacterium arachidis,ERR1090112
1605,species,0.00443734,Lactobacillus animalis,ERR1090112
28127,species,0.00443734,Prevotella buccalis,ERR1090112
847,species,0.00443734,Oxalobacter formigenes,ERR1090112
1282,species,0.00443734,Staphylococcus epidermidis,ERR1090112
33038,species,0.00443734,[Ruminococcus] gnavus,ERR1090112
1599,species,0.00443734,Lactobacillus sakei,ERR1090112
84112,species,0.00443734,Eggerthella lenta,ERR1090112
35785,species,0.00443734,Clostridium maximum,ERR1090112
502558,species,0.00443734,Eggerthella sp. YY7918,ERR1090112
290109,species,0.00443734,Xenorhabdus innexi,ERR1090112
35517,species,0.00443734,[Eubacterium] brachy,ERR1090112
253245,species,0.00443734,Owenweeksia hongkongensis,ERR1090112
29354,species,0.00443734,[Clostridium] celerecrescens,ERR1090112
36854,species,0.00443734,Desulfitobacterium dehalogenans,ERR1090112
37919,species,0.00443734,Rhodococcus opacus,ERR1090112
309120,species,0.00443734,Dialister micraerophilus,ERR1090112
1382,species,0.00443734,Atopobium parvulum,ERR1090112
78342,species,0.00443734,Bifidobacterium gallicum,ERR1090112
122355,species,0.00443734,Pseudomonas psychrophila,ERR1090112
549,species,0.00443734,Pantoea agglomerans,ERR1090112
885581,species,0.00443734,Desulfosporosinus acidiphilus,ERR1090112
28139,species,0.00443734,Rikenella microfusus,ERR1090112
574375,species,0.00443734,Bacillus gaemokensis,ERR1090112
999468,species,0.00443734,Sphingobacterium sp. LMG 8345,ERR1090112
1563,species,0.00443734,Desulfosporosinus orientis,ERR1090112
58180,species,0.00443734,Desulfovibrio alaskensis,ERR1090112
453,species,0.00443734,Legionella feeleii,ERR1090112
871325,species,0.00443734,Bacteroides faecichinchillae,ERR1090112
899,species,0.00443734,Desulfomicrobium baculatum,ERR1090112
729,species,0.00443734,Haemophilus parainfluenzae,ERR1090112
37734,species,0.00443734,Enterococcus casseliflavus,ERR1090112
356829,species,0.00443734,Bifidobacterium tsurumiense,ERR1090112
37930,species,0.00443734,Glutamicibacter protophormiae,ERR1090112
396595,species,0.00443734,Thioalkalivibrio sp. K90mix,ERR1090112
97084,species,0.00443734,Halobacteriovorax marinus,ERR1090112
1304158,species,0.00443734,Salinisphaera halophila,ERR1090112
165179,species,0.00443734,Prevotella copri,ERR1090112
48466,species,0.00443734,Prosthecobacter vanneervenii,ERR1090112
46228,species,0.00443734,Ruminococcus lactaris,ERR1090112
415956,species,0.00443734,Sphingobacterium composti Yoo et al. 2007,ERR1090112
208479,species,0.00443734,[Clostridium] bolteae,ERR1090112
1254,species,0.00443734,Pediococcus acidilactici,ERR1090112
39497,species,0.00443734,Eubacterium xylanophilum,ERR1090112
1579979,species,0.00443734,Wenzhouxiangella marina,ERR1090112
-1,species,69.3912,Unknown,ERR1090112
287,species,7.43699,Pseudomonas aeruginosa,ERR1090112
535744,species,5.42244,Cronobacter universalis,ERR1090112
1755626,species,3.51881,Faecalibacterium sp. MC_41,ERR1090112
821,species,2.00124,Bacteroides vulgatus,ERR1090112
397865,species,1.63294,Barnesiella viscericola,ERR1090112
246787,species,1.11821,Bacteroides cellulosilyticus,ERR1090112
239935,species,1.00284,Akkermansia muciniphila,ERR1090112
204516,species,0.971779,Bacteroides massiliensis,ERR1090112
818,species,0.554668,Bacteroides thetaiotaomicron,ERR1090112
820,species,0.545793,Bacteroides uniformis,ERR1090112
214856,species,0.496983,Alistipes finegoldii,ERR1090112
28116,species,0.492545,Bacteroides ovatus,ERR1090112
905,species,0.457047,Acidaminococcus fermentans,ERR1090112
106648,species,0.41711,Acinetobacter bereziniae,ERR1090112
44749,species,0.363862,Sporobacter termitidis,ERR1090112
1535,species,0.363862,[Clostridium] leptum,ERR1090112
351091,species,0.28399,Oscillibacter valericigenes,ERR1090112
626937,species,0.257366,Christensenella minuta,ERR1090112
40520,species,0.248491,Blautia obeum,ERR1090112
69825,species,0.208555,[Clostridium] indolis,ERR1090112
823,species,0.177494,Parabacteroides distasonis,ERR1090112
328814,species,0.155307,Alistipes shahii,ERR1090112
46503,species,0.141995,Parabacteroides merdae,ERR1090112
28117,species,0.119808,Alistipes putredinis,ERR1090112
47678,species,0.110934,Bacteroides caccae,ERR1090112
328813,species,0.102059,Alistipes onderdonkii,ERR1090112
39492,species,0.0931842,[Eubacterium] siraeum,ERR1090112
1308,species,0.0887469,Streptococcus thermophilus,ERR1090112
53412,species,0.0665602,Pseudomonas resinovorans,ERR1090112
1515,species,0.0665602,Ruminiclostridium thermocellum,ERR1090112
29348,species,0.0621228,[Clostridium] spiroforme,ERR1090112
536633,species,0.0621228,Blautia glucerasea,ERR1090112
39484,species,0.0532481,Eubacterium desmolans,ERR1090112
1264,species,0.0488108,Ruminococcus albus,ERR1090112
46506,species,0.0488108,Bacteroides stercoris,ERR1090112
29375,species,0.0443734,[Clostridium] xylanolyticum,ERR1090112
329854,species,0.0399361,Bacteroides intestinalis,ERR1090112
28901,species,0.0354988,Salmonella enterica,ERR1090112
626930,species,0.0354988,Bacteroides fluxus,ERR1090112
169435,species,0.0354988,Anaerotruncus colihominis,ERR1090112
288965,species,0.0310614,[Clostridium] clariflavum,ERR1090112
2741,species,0.0310614,Peptococcus niger,ERR1090112
1465754,species,0.0310614,Alistipes timonensis,ERR1090112
52561,species,0.0310614,Desulfomicrobium norvegicum,ERR1090112
357276,species,0.0266241,Bacteroides dorei,ERR1090112
301301,species,0.0266241,Roseburia hominis,ERR1090112
39485,species,0.0221867,[Eubacterium] eligens,ERR1090112
43263,species,0.0221867,Pseudomonas alcaligenes,ERR1090112
39441,species,0.0221867,Methanobrevibacter arboriphilus,ERR1090112
52787,species,0.0221867,Anaerofilum pentosovorans,ERR1090112
371601,species,0.0221867,Bacteroides xylanisolvens,ERR1090112
28118,species,0.0221867,Odoribacter splanchnicus,ERR1090112
658457,species,0.0221867,Pseudomonas composti,ERR1090112
1661050,species,0.0221867,Pseudomonas sp. NBRC 111135,ERR1090112
626933,species,0.0221867,Odoribacter laneus,ERR1090112
39486,species,0.0221867,Dorea formicigenerans,ERR1090112
410072,species,0.0221867,Coprococcus comes,ERR1090112
70775,species,0.0177494,Pseudomonas plecoglossicida,ERR1090112
137732,species,0.0177494,Granulicatella elegans,ERR1090112
47880,species,0.0177494,Pseudomonas fulva,ERR1090112
876,species,0.0177494,Desulfovibrio desulfuricans,ERR1090112
626932,species,0.0177494,Alistipes indistinctus,ERR1090112
90730,species,0.0177494,Desulfosarcina cetonica,ERR1090112
251535,species,0.0177494,Candidatus Blochmannia vafer,ERR1090112
187327,species,0.0177494,Acidaminococcus intestini,ERR1090112
29370,species,0.013312,[Clostridium] sphenoides,ERR1090112
33035,species,0.013312,Blautia producta,ERR1090112
61171,species,0.013312,Holdemania filiformis,ERR1090112
39490,species,0.013312,Eubacterium ramulus,ERR1090112
84026,species,0.013312,[Clostridium] methylpentosum,ERR1090112
1570,species,0.013312,Halobacillus halophilus,ERR1090112
817,species,0.013312,Bacteroides fragilis,ERR1090112
40518,species,0.013312,Ruminococcus bromii,ERR1090112
225991,species,0.013312,Comamonas aquatica,ERR1090112
316,species,0.013312,Pseudomonas stutzeri,ERR1090112
301,species,0.013312,Pseudomonas oleovorans,ERR1090112
105841,species,0.00887469,Anaerostipes caccae,ERR1090112
582,species,0.00887469,Morganella morganii,ERR1090112
29355,species,0.00887469,[Clostridium] cellobioparum,ERR1090112
645466,species,0.00887469,Anaerostipes butyraticus,ERR1090112
35833,species,0.00887469,Bilophila wadsworthia,ERR1090112
1755629,species,0.00887469,Victivallis sp. MC_44,ERR1090112
871324,species,0.00887469,Bacteroides stercorirosoris,ERR1090112
562,species,0.00887469,Escherichia coli,ERR1090112
307126,species,0.00887469,Lactobacillus apodemi,ERR1090112
392838,species,0.00887469,Bacteroides propionicifaciens,ERR1090112
36847,species,0.00887469,[Clostridium] neopropionicum,ERR1090112
143393,species,0.00887469,[Eubacterium] sulci,ERR1090112
626931,species,0.00887469,Bacteroides oleiciplenus,ERR1090112
671267,species,0.00887469,Bacteroides sartorii,ERR1090112
47311,species,0.00887469,Methanobrevibacter cuticularis,ERR1090112
1776082,species,0.00887469,Shigella sp. SF-2015,ERR1090112
741091,species,0.00887469,Rahnella sp. Y9602,ERR1090112
294,species,0.00887469,Pseudomonas fluorescens,ERR1090112
53408,species,0.00887469,Pseudomonas citronellolis,ERR1090112
28126,species,0.00887469,Prevotella buccae,ERR1090112
265981,species,0.00887469,Alkalimonas delamerensis,ERR1090112
415956,species,0.00443734,Sphingobacterium composti Yoo et al. 2007,ERR1090112
208479,species,0.00443734,[Clostridium] bolteae,ERR1090112
1254,species,0.00443734,Pediococcus acidilactici,ERR1090112
39497,species,0.00443734,Eubacterium xylanophilum,ERR1090112
1579979,species,0.00443734,Wenzhouxiangella marina,ERR1090112
28446,species,0.00443734,[Clostridium] propionicum,ERR1090112
1680,species,0.00443734,Bifidobacterium adolescentis,ERR1090112
68274,species,0.00443734,Streptomyces tauricus,ERR1090112
1265,species,0.00443734,Ruminococcus flavefaciens,ERR1090112
33069,species,0.00443734,Pseudomonas viridiflava,ERR1090112
1114008,species,0.00443734,Lactobacillus sp. NBRC 107185,ERR1090112
163665,species,0.00443734,Dysgonomonas mossii,ERR1090112
982,species,0.00443734,Saccharicrinis fermentans,ERR1090112
863643,species,0.00443734,Thermincola potens,ERR1090112
882211,species,0.00443734,Pseudomonas deceptionensis,ERR1090112
104336,species,0.00443734,Microbacterium foliorum,ERR1090112
1304,species,0.00443734,Streptococcus salivarius,ERR1090112
1509,species,0.00443734,Clostridium sporogenes,ERR1090112
100176,species,0.00443734,Papillibacter cinnamivorans,ERR1090112
48467,species,0.00443734,Prosthecobacter debontii,ERR1090112
39488,species,0.00443734,[Eubacterium] hallii,ERR1090112
28125,species,0.00443734,Prevotella bivia,ERR1090112
310298,species,0.00443734,Bacteroides coprocola,ERR1090112
1685,species,0.00443734,Bifidobacterium breve,ERR1090112
574930,species,0.00443734,Parabacteroides gordonii,ERR1090112
1314,species,0.00443734,Streptococcus pyogenes,ERR1090112
90736,species,0.00443734,Moritella marina,ERR1090112
243924,species,0.00443734,Pseudomonas lutea,ERR1090112
29317,species,0.00443734,Actinomyces sp.,ERR1090112
36874,species,0.00443734,Porphyromonas cangingivalis,ERR1090112
28135,species,0.00443734,Prevotella oris,ERR1090112
703,species,0.00443734,Plesiomonas shigelloides,ERR1090112
1358,species,0.00443734,Lactococcus lactis,ERR1090112
54736,species,0.00443734,Salmonella bongori,ERR1090112
1416778,species,0.00443734,Chryseobacterium arachidis,ERR1090112
1605,species,0.00443734,Lactobacillus animalis,ERR1090112
28127,species,0.00443734,Prevotella buccalis,ERR1090112
847,species,0.00443734,Oxalobacter formigenes,ERR1090112
1282,species,0.00443734,Staphylococcus epidermidis,ERR1090112
33038,species,0.00443734,[Ruminococcus] gnavus,ERR1090112
1599,species,0.00443734,Lactobacillus sakei,ERR1090112
84112,species,0.00443734,Eggerthella lenta,ERR1090112
35785,species,0.00443734,Clostridium maximum,ERR1090112
502558,species,0.00443734,Eggerthella sp. YY7918,ERR1090112
290109,species,0.00443734,Xenorhabdus innexi,ERR1090112
35517,species,0.00443734,[Eubacterium] brachy,ERR1090112
29354,species,0.00443734,[Clostridium] celerecrescens,ERR1090112
36854,species,0.00443734,Desulfitobacterium dehalogenans,ERR1090112
37919,species,0.00443734,Rhodococcus opacus,ERR1090112
309120,species,0.00443734,Dialister micraerophilus,ERR1090112
1382,species,0.00443734,Atopobium parvulum,ERR1090112
253245,species,0.00443734,Owenweeksia hongkongensis,ERR1090112
78342,species,0.00443734,Bifidobacterium gallicum,ERR1090112
122355,species,0.00443734,Pseudomonas psychrophila,ERR1090112
549,species,0.00443734,Pantoea agglomerans,ERR1090112
885581,species,0.00443734,Desulfosporosinus acidiphilus,ERR1090112
28139,species,0.00443734,Rikenella microfusus,ERR1090112
574375,species,0.00443734,Bacillus gaemokensis,ERR1090112
999468,species,0.00443734,Sphingobacterium sp. LMG 8345,ERR1090112
1563,species,0.00443734,Desulfosporosinus orientis,ERR1090112
58180,species,0.00443734,Desulfovibrio alaskensis,ERR1090112
453,species,0.00443734,Legionella feeleii,ERR1090112
871325,species,0.00443734,Bacteroides faecichinchillae,ERR1090112
899,species,0.00443734,Desulfomicrobium baculatum,ERR1090112
729,species,0.00443734,Haemophilus parainfluenzae,ERR1090112
37734,species,0.00443734,Enterococcus casseliflavus,ERR1090112
356829,species,0.00443734,Bifidobacterium tsurumiense,ERR1090112
37930,species,0.00443734,Glutamicibacter protophormiae,ERR1090112
396595,species,0.00443734,Thioalkalivibrio sp. K90mix,ERR1090112
1304158,species,0.00443734,Salinisphaera halophila,ERR1090112
165179,species,0.00443734,Prevotella copri,ERR1090112
48466,species,0.00443734,Prosthecobacter vanneervenii,ERR1090112
46228,species,0.00443734,Ruminococcus lactaris,ERR1090112
97084,species,0.00443734,Halobacteriovorax marinus,ERR1090112
-1,species,69.3912,Unknown,ERR1090112
287,species,7.43699,Pseudomonas aeruginosa,ERR1090112
535744,species,5.42244,Cronobacter universalis,ERR1090112
1755626,species,3.51881,Faecalibacterium sp. MC_41,ERR1090112
821,species,2.00124,Bacteroides vulgatus,ERR1090112
397865,species,1.63294,Barnesiella viscericola,ERR1090112
246787,species,1.11821,Bacteroides cellulosilyticus,ERR1090112
239935,species,1.00284,Akkermansia muciniphila,ERR1090112
204516,species,0.971779,Bacteroides massiliensis,ERR1090112
818,species,0.554668,Bacteroides thetaiotaomicron,ERR1090112
820,species,0.545793,Bacteroides uniformis,ERR1090112
214856,species,0.496983,Alistipes finegoldii,ERR1090112
28116,species,0.492545,Bacteroides ovatus,ERR1090112
905,species,0.457047,Acidaminococcus fermentans,ERR1090112
106648,species,0.41711,Acinetobacter bereziniae,ERR1090112
1535,species,0.363862,[Clostridium] leptum,ERR1090112
44749,species,0.363862,Sporobacter termitidis,ERR1090112
351091,species,0.28399,Oscillibacter valericigenes,ERR1090112
626937,species,0.257366,Christensenella minuta,ERR1090112
40520,species,0.248491,Blautia obeum,ERR1090112
69825,species,0.208555,[Clostridium] indolis,ERR1090112
823,species,0.177494,Parabacteroides distasonis,ERR1090112
328814,species,0.155307,Alistipes shahii,ERR1090112
46503,species,0.141995,Parabacteroides merdae,ERR1090112
28117,species,0.119808,Alistipes putredinis,ERR1090112
47678,species,0.110934,Bacteroides caccae,ERR1090112
328813,species,0.102059,Alistipes onderdonkii,ERR1090112
39492,species,0.0931842,[Eubacterium] siraeum,ERR1090112
1308,species,0.0887469,Streptococcus thermophilus,ERR1090112
1515,species,0.0665602,Ruminiclostridium thermocellum,ERR1090112
53412,species,0.0665602,Pseudomonas resinovorans,ERR1090112
29348,species,0.0621228,[Clostridium] spiroforme,ERR1090112
536633,species,0.0621228,Blautia glucerasea,ERR1090112
39484,species,0.0532481,Eubacterium desmolans,ERR1090112
46506,species,0.0488108,Bacteroides stercoris,ERR1090112
1264,species,0.0488108,Ruminococcus albus,ERR1090112
29375,species,0.0443734,[Clostridium] xylanolyticum,ERR1090112
329854,species,0.0399361,Bacteroides intestinalis,ERR1090112
169435,species,0.0354988,Anaerotruncus colihominis,ERR1090112
28901,species,0.0354988,Salmonella enterica,ERR1090112
626930,species,0.0354988,Bacteroides fluxus,ERR1090112
2741,species,0.0310614,Peptococcus niger,ERR1090112
1465754,species,0.0310614,Alistipes timonensis,ERR1090112
52561,species,0.0310614,Desulfomicrobium norvegicum,ERR1090112
288965,species,0.0310614,[Clostridium] clariflavum,ERR1090112
357276,species,0.0266241,Bacteroides dorei,ERR1090112
301301,species,0.0266241,Roseburia hominis,ERR1090112
371601,species,0.0221867,Bacteroides xylanisolvens,ERR1090112
658457,species,0.0221867,Pseudomonas composti,ERR1090112
1661050,species,0.0221867,Pseudomonas sp. NBRC 111135,ERR1090112
28118,species,0.0221867,Odoribacter splanchnicus,ERR1090112
626933,species,0.0221867,Odoribacter laneus,ERR1090112
39486,species,0.0221867,Dorea formicigenerans,ERR1090112
410072,species,0.0221867,Coprococcus comes,ERR1090112
39485,species,0.0221867,[Eubacterium] eligens,ERR1090112
43263,species,0.0221867,Pseudomonas alcaligenes,ERR1090112
52787,species,0.0221867,Anaerofilum pentosovorans,ERR1090112
39441,species,0.0221867,Methanobrevibacter arboriphilus,ERR1090112
47880,species,0.0177494,Pseudomonas fulva,ERR1090112
137732,species,0.0177494,Granulicatella elegans,ERR1090112
626932,species,0.0177494,Alistipes indistinctus,ERR1090112
876,species,0.0177494,Desulfovibrio desulfuricans,ERR1090112
251535,species,0.0177494,Candidatus Blochmannia vafer,ERR1090112
90730,species,0.0177494,Desulfosarcina cetonica,ERR1090112
187327,species,0.0177494,Acidaminococcus intestini,ERR1090112
70775,species,0.0177494,Pseudomonas plecoglossicida,ERR1090112
61171,species,0.013312,Holdemania filiformis,ERR1090112
39490,species,0.013312,Eubacterium ramulus,ERR1090112
1570,species,0.013312,Halobacillus halophilus,ERR1090112
84026,species,0.013312,[Clostridium] methylpentosum,ERR1090112
817,species,0.013312,Bacteroides fragilis,ERR1090112
40518,species,0.013312,Ruminococcus bromii,ERR1090112
225991,species,0.013312,Comamonas aquatica,ERR1090112
301,species,0.013312,Pseudomonas oleovorans,ERR1090112
316,species,0.013312,Pseudomonas stutzeri,ERR1090112
29370,species,0.013312,[Clostridium] sphenoides,ERR1090112
33035,species,0.013312,Blautia producta,ERR1090112
392838,species,0.00887469,Bacteroides propionicifaciens,ERR1090112
36847,species,0.00887469,[Clostridium] neopropionicum,ERR1090112
143393,species,0.00887469,[Eubacterium] sulci,ERR1090112
671267,species,0.00887469,Bacteroides sartorii,ERR1090112
626931,species,0.00887469,Bacteroides oleiciplenus,ERR1090112
47311,species,0.00887469,Methanobrevibacter cuticularis,ERR1090112
1776082,species,0.00887469,Shigella sp. SF-2015,ERR1090112
53408,species,0.00887469,Pseudomonas citronellolis,ERR1090112
28126,species,0.00887469,Prevotella buccae,ERR1090112
741091,species,0.00887469,Rahnella sp. Y9602,ERR1090112
294,species,0.00887469,Pseudomonas fluorescens,ERR1090112
265981,species,0.00887469,Alkalimonas delamerensis,ERR1090112
29355,species,0.00887469,[Clostridium] cellobioparum,ERR1090112
645466,species,0.00887469,Anaerostipes butyraticus,ERR1090112
105841,species,0.00887469,Anaerostipes caccae,ERR1090112
582,species,0.00887469,Morganella morganii,ERR1090112
35833,species,0.00887469,Bilophila wadsworthia,ERR1090112
1755629,species,0.00887469,Victivallis sp. MC_44,ERR1090112
871324,species,0.00887469,Bacteroides stercorirosoris,ERR1090112
307126,species,0.00887469,Lactobacillus apodemi,ERR1090112
562,species,0.00887469,Escherichia coli,ERR1090112
1416778,species,0.00443734,Chryseobacterium arachidis,ERR1090112
1605,species,0.00443734,Lactobacillus animalis,ERR1090112
703,species,0.00443734,Plesiomonas shigelloides,ERR1090112
1358,species,0.00443734,Lactococcus lactis,ERR1090112
54736,species,0.00443734,Salmonella bongori,ERR1090112
847,species,0.00443734,Oxalobacter formigenes,ERR1090112
28127,species,0.00443734,Prevotella buccalis,ERR1090112
1599,species,0.00443734,Lactobacillus sakei,ERR1090112
84112,species,0.00443734,Eggerthella lenta,ERR1090112
1282,species,0.00443734,Staphylococcus epidermidis,ERR1090112
33038,species,0.00443734,[Ruminococcus] gnavus,ERR1090112
35785,species,0.00443734,Clostridium maximum,ERR1090112
502558,species,0.00443734,Eggerthella sp. YY7918,ERR1090112
290109,species,0.00443734,Xenorhabdus innexi,ERR1090112
35517,species,0.00443734,[Eubacterium] brachy,ERR1090112
309120,species,0.00443734,Dialister micraerophilus,ERR1090112
1382,species,0.00443734,Atopobium parvulum,ERR1090112
253245,species,0.00443734,Owenweeksia hongkongensis,ERR1090112
29354,species,0.00443734,[Clostridium] celerecrescens,ERR1090112
36854,species,0.00443734,Desulfitobacterium dehalogenans,ERR1090112
37919,species,0.00443734,Rhodococcus opacus,ERR1090112
549,species,0.00443734,Pantoea agglomerans,ERR1090112
885581,species,0.00443734,Desulfosporosinus acidiphilus,ERR1090112
28139,species,0.00443734,Rikenella microfusus,ERR1090112
78342,species,0.00443734,Bifidobacterium gallicum,ERR1090112
122355,species,0.00443734,Pseudomonas psychrophila,ERR1090112
1563,species,0.00443734,Desulfosporosinus orientis,ERR1090112
574375,species,0.00443734,Bacillus gaemokensis,ERR1090112
999468,species,0.00443734,Sphingobacterium sp. LMG 8345,ERR1090112
729,species,0.00443734,Haemophilus parainfluenzae,ERR1090112
37734,species,0.00443734,Enterococcus casseliflavus,ERR1090112
356829,species,0.00443734,Bifidobacterium tsurumiense,ERR1090112
58180,species,0.00443734,Desulfovibrio alaskensis,ERR1090112
453,species,0.00443734,Legionella feeleii,ERR1090112
871325,species,0.00443734,Bacteroides faecichinchillae,ERR1090112
899,species,0.00443734,Desulfomicrobium baculatum,ERR1090112
396595,species,0.00443734,Thioalkalivibrio sp. K90mix,ERR1090112
37930,species,0.00443734,Glutamicibacter protophormiae,ERR1090112
165179,species,0.00443734,Prevotella copri,ERR1090112
48466,species,0.00443734,Prosthecobacter vanneervenii,ERR1090112
46228,species,0.00443734,Ruminococcus lactaris,ERR1090112
97084,species,0.00443734,Halobacteriovorax marinus,ERR1090112
1304158,species,0.00443734,Salinisphaera halophila,ERR1090112
208479,species,0.00443734,[Clostridium] bolteae,ERR1090112
1254,species,0.00443734,Pediococcus acidilactici,ERR1090112
39497,species,0.00443734,Eubacterium xylanophilum,ERR1090112
1579979,species,0.00443734,Wenzhouxiangella marina,ERR1090112
415956,species,0.00443734,Sphingobacterium composti Yoo et al. 2007,ERR1090112
33069,species,0.00443734,Pseudomonas viridiflava,ERR1090112
1114008,species,0.00443734,Lactobacillus sp. NBRC 107185,ERR1090112
163665,species,0.00443734,Dysgonomonas mossii,ERR1090112
28446,species,0.00443734,[Clostridium] propionicum,ERR1090112
1680,species,0.00443734,Bifidobacterium adolescentis,ERR1090112
68274,species,0.00443734,Streptomyces tauricus,ERR1090112
1265,species,0.00443734,Ruminococcus flavefaciens,ERR1090112
104336,species,0.00443734,Microbacterium foliorum,ERR1090112
1304,species,0.00443734,Streptococcus salivarius,ERR1090112
1509,species,0.00443734,Clostridium sporogenes,ERR1090112
982,species,0.00443734,Saccharicrinis fermentans,ERR1090112
863643,species,0.00443734,Thermincola potens,ERR1090112
882211,species,0.00443734,Pseudomonas deceptionensis,ERR1090112
39488,species,0.00443734,[Eubacterium] hallii,ERR1090112
28125,species,0.00443734,Prevotella bivia,ERR1090112
310298,species,0.00443734,Bacteroides coprocola,ERR1090112
100176,species,0.00443734,Papillibacter cinnamivorans,ERR1090112
48467,species,0.00443734,Prosthecobacter debontii,ERR1090112
1314,species,0.00443734,Streptococcus pyogenes,ERR1090112
90736,species,0.00443734,Moritella marina,ERR1090112
243924,species,0.00443734,Pseudomonas lutea,ERR1090112
1685,species,0.00443734,Bifidobacterium breve,ERR1090112
574930,species,0.00443734,Parabacteroides gordonii,ERR1090112
29317,species,0.00443734,Actinomyces sp.,ERR1090112
36874,species,0.00443734,Porphyromonas cangingivalis,ERR1090112
28135,species,0.00443734,Prevotella oris,ERR1090112
-1,species,69.3912,Unknown,ERR1090112
287,species,7.43699,Pseudomonas aeruginosa,ERR1090112
535744,species,5.42244,Cronobacter universalis,ERR1090112
1755626,species,3.51881,Faecalibacterium sp. MC_41,ERR1090112
821,species,2.00124,Bacteroides vulgatus,ERR1090112
397865,species,1.63294,Barnesiella viscericola,ERR1090112
246787,species,1.11821,Bacteroides cellulosilyticus,ERR1090112
239935,species,1.00284,Akkermansia muciniphila,ERR1090112
204516,species,0.971779,Bacteroides massiliensis,ERR1090112
818,species,0.554668,Bacteroides thetaiotaomicron,ERR1090112
820,species,0.545793,Bacteroides uniformis,ERR1090112
214856,species,0.496983,Alistipes finegoldii,ERR1090112
28116,species,0.492545,Bacteroides ovatus,ERR1090112
905,species,0.457047,Acidaminococcus fermentans,ERR1090112
106648,species,0.41711,Acinetobacter bereziniae,ERR1090112
44749,species,0.363862,Sporobacter termitidis,ERR1090112
1535,species,0.363862,[Clostridium] leptum,ERR1090112
351091,species,0.28399,Oscillibacter valericigenes,ERR1090112
626937,species,0.257366,Christensenella minuta,ERR1090112
40520,species,0.248491,Blautia obeum,ERR1090112
69825,species,0.208555,[Clostridium] indolis,ERR1090112
823,species,0.177494,Parabacteroides distasonis,ERR1090112
328814,species,0.155307,Alistipes shahii,ERR1090112
46503,species,0.141995,Parabacteroides merdae,ERR1090112
28117,species,0.119808,Alistipes putredinis,ERR1090112
47678,species,0.110934,Bacteroides caccae,ERR1090112
328813,species,0.102059,Alistipes onderdonkii,ERR1090112
39492,species,0.0931842,[Eubacterium] siraeum,ERR1090112
1308,species,0.0887469,Streptococcus thermophilus,ERR1090112
1515,species,0.0665602,Ruminiclostridium thermocellum,ERR1090112
53412,species,0.0665602,Pseudomonas resinovorans,ERR1090112
29348,species,0.0621228,[Clostridium] spiroforme,ERR1090112
536633,species,0.0621228,Blautia glucerasea,ERR1090112
39484,species,0.0532481,Eubacterium desmolans,ERR1090112
46506,species,0.0488108,Bacteroides stercoris,ERR1090112
1264,species,0.0488108,Ruminococcus albus,ERR1090112
29375,species,0.0443734,[Clostridium] xylanolyticum,ERR1090112
329854,species,0.0399361,Bacteroides intestinalis,ERR1090112
28901,species,0.0354988,Salmonella enterica,ERR1090112
626930,species,0.0354988,Bacteroides fluxus,ERR1090112
169435,species,0.0354988,Anaerotruncus colihominis,ERR1090112
288965,species,0.0310614,[Clostridium] clariflavum,ERR1090112
2741,species,0.0310614,Peptococcus niger,ERR1090112
1465754,species,0.0310614,Alistipes timonensis,ERR1090112
52561,species,0.0310614,Desulfomicrobium norvegicum,ERR1090112
357276,species,0.0266241,Bacteroides dorei,ERR1090112
301301,species,0.0266241,Roseburia hominis,ERR1090112
39485,species,0.0221867,[Eubacterium] eligens,ERR1090112
43263,species,0.0221867,Pseudomonas alcaligenes,ERR1090112
39441,species,0.0221867,Methanobrevibacter arboriphilus,ERR1090112
52787,species,0.0221867,Anaerofilum pentosovorans,ERR1090112
371601,species,0.0221867,Bacteroides xylanisolvens,ERR1090112
28118,species,0.0221867,Odoribacter splanchnicus,ERR1090112
658457,species,0.0221867,Pseudomonas composti,ERR1090112
1661050,species,0.0221867,Pseudomonas sp. NBRC 111135,ERR1090112
626933,species,0.0221867,Odoribacter laneus,ERR1090112
39486,species,0.0221867,Dorea formicigenerans,ERR1090112
410072,species,0.0221867,Coprococcus comes,ERR1090112
187327,species,0.0177494,Acidaminococcus intestini,ERR1090112
70775,species,0.0177494,Pseudomonas plecoglossicida,ERR1090112
137732,species,0.0177494,Granulicatella elegans,ERR1090112
47880,species,0.0177494,Pseudomonas fulva,ERR1090112
876,species,0.0177494,Desulfovibrio desulfuricans,ERR1090112
626932,species,0.0177494,Alistipes indistinctus,ERR1090112
251535,species,0.0177494,Candidatus Blochmannia vafer,ERR1090112
90730,species,0.0177494,Desulfosarcina cetonica,ERR1090112
817,species,0.013312,Bacteroides fragilis,ERR1090112
225991,species,0.013312,Comamonas aquatica,ERR1090112
40518,species,0.013312,Ruminococcus bromii,ERR1090112
316,species,0.013312,Pseudomonas stutzeri,ERR1090112
301,species,0.013312,Pseudomonas oleovorans,ERR1090112
29370,species,0.013312,[Clostridium] sphenoides,ERR1090112
33035,species,0.013312,Blautia producta,ERR1090112
61171,species,0.013312,Holdemania filiformis,ERR1090112
39490,species,0.013312,Eubacterium ramulus,ERR1090112
1570,species,0.013312,Halobacillus halophilus,ERR1090112
84026,species,0.013312,[Clostridium] methylpentosum,ERR1090112
28126,species,0.00887469,Prevotella buccae,ERR1090112
741091,species,0.00887469,Rahnella sp. Y9602,ERR1090112
294,species,0.00887469,Pseudomonas fluorescens,ERR1090112
53408,species,0.00887469,Pseudomonas citronellolis,ERR1090112
265981,species,0.00887469,Alkalimonas delamerensis,ERR1090112
29355,species,0.00887469,[Clostridium] cellobioparum,ERR1090112
645466,species,0.00887469,Anaerostipes butyraticus,ERR1090112
105841,species,0.00887469,Anaerostipes caccae,ERR1090112
582,species,0.00887469,Morganella morganii,ERR1090112
35833,species,0.00887469,Bilophila wadsworthia,ERR1090112
1755629,species,0.00887469,Victivallis sp. MC_44,ERR1090112
871324,species,0.00887469,Bacteroides stercorirosoris,ERR1090112
562,species,0.00887469,Escherichia coli,ERR1090112
307126,species,0.00887469,Lactobacillus apodemi,ERR1090112
392838,species,0.00887469,Bacteroides propionicifaciens,ERR1090112
36847,species,0.00887469,[Clostridium] neopropionicum,ERR1090112
143393,species,0.00887469,[Eubacterium] sulci,ERR1090112
626931,species,0.00887469,Bacteroides oleiciplenus,ERR1090112
671267,species,0.00887469,Bacteroides sartorii,ERR1090112
1776082,species,0.00887469,Shigella sp. SF-2015,ERR1090112
47311,species,0.00887469,Methanobrevibacter cuticularis,ERR1090112
356829,species,0.00443734,Bifidobacterium tsurumiense,ERR1090112
58180,species,0.00443734,Desulfovibrio alaskensis,ERR1090112
453,species,0.00443734,Legionella feeleii,ERR1090112
871325,species,0.00443734,Bacteroides faecichinchillae,ERR1090112
899,species,0.00443734,Desulfomicrobium baculatum,ERR1090112
729,species,0.00443734,Haemophilus parainfluenzae,ERR1090112
37734,species,0.00443734,Enterococcus casseliflavus,ERR1090112
37930,species,0.00443734,Glutamicibacter protophormiae,ERR1090112
396595,species,0.00443734,Thioalkalivibrio sp. K90mix,ERR1090112
46228,species,0.00443734,Ruminococcus lactaris,ERR1090112
97084,species,0.00443734,Halobacteriovorax marinus,ERR1090112
1304158,species,0.00443734,Salinisphaera halophila,ERR1090112
165179,species,0.00443734,Prevotella copri,ERR1090112
48466,species,0.00443734,Prosthecobacter vanneervenii,ERR1090112
415956,species,0.00443734,Sphingobacterium composti Yoo et al. 2007,ERR1090112
208479,species,0.00443734,[Clostridium] bolteae,ERR1090112
1254,species,0.00443734,Pediococcus acidilactici,ERR1090112
39497,species,0.00443734,Eubacterium xylanophilum,ERR1090112
1579979,species,0.00443734,Wenzhouxiangella marina,ERR1090112
163665,species,0.00443734,Dysgonomonas mossii,ERR1090112
28446,species,0.00443734,[Clostridium] propionicum,ERR1090112
1680,species,0.00443734,Bifidobacterium adolescentis,ERR1090112
68274,species,0.00443734,Streptomyces tauricus,ERR1090112
1265,species,0.00443734,Ruminococcus flavefaciens,ERR1090112
33069,species,0.00443734,Pseudomonas viridiflava,ERR1090112
1114008,species,0.00443734,Lactobacillus sp. NBRC 107185,ERR1090112
1509,species,0.00443734,Clostridium sporogenes,ERR1090112
982,species,0.00443734,Saccharicrinis fermentans,ERR1090112
863643,species,0.00443734,Thermincola potens,ERR1090112
882211,species,0.00443734,Pseudomonas deceptionensis,ERR1090112
104336,species,0.00443734,Microbacterium foliorum,ERR1090112
1304,species,0.00443734,Streptococcus salivarius,ERR1090112
310298,species,0.00443734,Bacteroides coprocola,ERR1090112
100176,species,0.00443734,Papillibacter cinnamivorans,ERR1090112
48467,species,0.00443734,Prosthecobacter debontii,ERR1090112
39488,species,0.00443734,[Eubacterium] hallii,ERR1090112
28125,species,0.00443734,Prevotella bivia,ERR1090112
243924,species,0.00443734,Pseudomonas lutea,ERR1090112
1685,species,0.00443734,Bifidobacterium breve,ERR1090112
574930,species,0.00443734,Parabacteroides gordonii,ERR1090112
1314,species,0.00443734,Streptococcus pyogenes,ERR1090112
90736,species,0.00443734,Moritella marina,ERR1090112
29317,species,0.00443734,Actinomyces sp.,ERR1090112
36874,species,0.00443734,Porphyromonas cangingivalis,ERR1090112
28135,species,0.00443734,Prevotella oris,ERR1090112
703,species,0.00443734,Plesiomonas shigelloides,ERR1090112
1358,species,0.00443734,Lactococcus lactis,ERR1090112
54736,species,0.00443734,Salmonella bongori,ERR1090112
1416778,species,0.00443734,Chryseobacterium arachidis,ERR1090112
1605,species,0.00443734,Lactobacillus animalis,ERR1090112
28127,species,0.00443734,Prevotella buccalis,ERR1090112
847,species,0.00443734,Oxalobacter formigenes,ERR1090112
1282,species,0.00443734,Staphylococcus epidermidis,ERR1090112
33038,species,0.00443734,[Ruminococcus] gnavus,ERR1090112
1599,species,0.00443734,Lactobacillus sakei,ERR1090112
84112,species,0.00443734,Eggerthella lenta,ERR1090112
35785,species,0.00443734,Clostridium maximum,ERR1090112
502558,species,0.00443734,Eggerthella sp. YY7918,ERR1090112
290109,species,0.00443734,Xenorhabdus innexi,ERR1090112
35517,species,0.00443734,[Eubacterium] brachy,ERR1090112
253245,species,0.00443734,Owenweeksia hongkongensis,ERR1090112
29354,species,0.00443734,[Clostridium] celerecrescens,ERR1090112
36854,species,0.00443734,Desulfitobacterium dehalogenans,ERR1090112
37919,species,0.00443734,Rhodococcus opacus,ERR1090112
309120,species,0.00443734,Dialister micraerophilus,ERR1090112
1382,species,0.00443734,Atopobium parvulum,ERR1090112
78342,species,0.00443734,Bifidobacterium gallicum,ERR1090112
122355,species,0.00443734,Pseudomonas psychrophila,ERR1090112
549,species,0.00443734,Pantoea agglomerans,ERR1090112
885581,species,0.00443734,Desulfosporosinus acidiphilus,ERR1090112
28139,species,0.00443734,Rikenella microfusus,ERR1090112
574375,species,0.00443734,Bacillus gaemokensis,ERR1090112
999468,species,0.00443734,Sphingobacterium sp. LMG 8345,ERR1090112
1563,species,0.00443734,Desulfosporosinus orientis,ERR1090112
-1,species,69.3912,Unknown,ERR1090112
287,species,7.43699,Pseudomonas aeruginosa,ERR1090112
535744,species,5.42244,Cronobacter universalis,ERR1090112
1755626,species,3.51881,Faecalibacterium sp. MC_41,ERR1090112
821,species,2.00124,Bacteroides vulgatus,ERR1090112
397865,species,1.63294,Barnesiella viscericola,ERR1090112
246787,species,1.11821,Bacteroides cellulosilyticus,ERR1090112
239935,species,1.00284,Akkermansia muciniphila,ERR1090112
204516,species,0.971779,Bacteroides massiliensis,ERR1090112
818,species,0.554668,Bacteroides thetaiotaomicron,ERR1090112
820,species,0.545793,Bacteroides uniformis,ERR1090112
214856,species,0.496983,Alistipes finegoldii,ERR1090112
28116,species,0.492545,Bacteroides ovatus,ERR1090112
905,species,0.457047,Acidaminococcus fermentans,ERR1090112
106648,species,0.41711,Acinetobacter bereziniae,ERR1090112
44749,species,0.363862,Sporobacter termitidis,ERR1090112
1535,species,0.363862,[Clostridium] leptum,ERR1090112
351091,species,0.28399,Oscillibacter valericigenes,ERR1090112
626937,species,0.257366,Christensenella minuta,ERR1090112
40520,species,0.248491,Blautia obeum,ERR1090112
69825,species,0.208555,[Clostridium] indolis,ERR1090112
823,species,0.177494,Parabacteroides distasonis,ERR1090112
328814,species,0.155307,Alistipes shahii,ERR1090112
46503,species,0.141995,Parabacteroides merdae,ERR1090112
28117,species,0.119808,Alistipes putredinis,ERR1090112
47678,species,0.110934,Bacteroides caccae,ERR1090112
328813,species,0.102059,Alistipes onderdonkii,ERR1090112
39492,species,0.0931842,[Eubacterium] siraeum,ERR1090112
1308,species,0.0887469,Streptococcus thermophilus,ERR1090112
1515,species,0.0665602,Ruminiclostridium thermocellum,ERR1090112
53412,species,0.0665602,Pseudomonas resinovorans,ERR1090112
29348,species,0.0621228,[Clostridium] spiroforme,ERR1090112
536633,species,0.0621228,Blautia glucerasea,ERR1090112
39484,species,0.0532481,Eubacterium desmolans,ERR1090112
46506,species,0.0488108,Bacteroides stercoris,ERR1090112
1264,species,0.0488108,Ruminococcus albus,ERR1090112
29375,species,0.0443734,[Clostridium] xylanolyticum,ERR1090112
329854,species,0.0399361,Bacteroides intestinalis,ERR1090112
28901,species,0.0354988,Salmonella enterica,ERR1090112
626930,species,0.0354988,Bacteroides fluxus,ERR1090112
169435,species,0.0354988,Anaerotruncus colihominis,ERR1090112
288965,species,0.0310614,[Clostridium] clariflavum,ERR1090112
2741,species,0.0310614,Peptococcus niger,ERR1090112
1465754,species,0.0310614,Alistipes timonensis,ERR1090112
52561,species,0.0310614,Desulfomicrobium norvegicum,ERR1090112
357276,species,0.0266241,Bacteroides dorei,ERR1090112
301301,species,0.0266241,Roseburia hominis,ERR1090112
39485,species,0.0221867,[Eubacterium] eligens,ERR1090112
43263,species,0.0221867,Pseudomonas alcaligenes,ERR1090112
39441,species,0.0221867,Methanobrevibacter arboriphilus,ERR1090112
52787,species,0.0221867,Anaerofilum pentosovorans,ERR1090112
371601,species,0.0221867,Bacteroides xylanisolvens,ERR1090112
28118,species,0.0221867,Odoribacter splanchnicus,ERR1090112
658457,species,0.0221867,Pseudomonas composti,ERR1090112
1661050,species,0.0221867,Pseudomonas sp. NBRC 111135,ERR1090112
626933,species,0.0221867,Odoribacter laneus,ERR1090112
39486,species,0.0221867,Dorea formicigenerans,ERR1090112
410072,species,0.0221867,Coprococcus comes,ERR1090112
187327,species,0.0177494,Acidaminococcus intestini,ERR1090112
70775,species,0.0177494,Pseudomonas plecoglossicida,ERR1090112
137732,species,0.0177494,Granulicatella elegans,ERR1090112
47880,species,0.0177494,Pseudomonas fulva,ERR1090112
876,species,0.0177494,Desulfovibrio desulfuricans,ERR1090112
626932,species,0.0177494,Alistipes indistinctus,ERR1090112
90730,species,0.0177494,Desulfosarcina cetonica,ERR1090112
251535,species,0.0177494,Candidatus Blochmannia vafer,ERR1090112
316,species,0.013312,Pseudomonas stutzeri,ERR1090112
301,species,0.013312,Pseudomonas oleovorans,ERR1090112
29370,species,0.013312,[Clostridium] sphenoides,ERR1090112
33035,species,0.013312,Blautia producta,ERR1090112
61171,species,0.013312,Holdemania filiformis,ERR1090112
39490,species,0.013312,Eubacterium ramulus,ERR1090112
84026,species,0.013312,[Clostridium] methylpentosum,ERR1090112
1570,species,0.013312,Halobacillus halophilus,ERR1090112
817,species,0.013312,Bacteroides fragilis,ERR1090112
40518,species,0.013312,Ruminococcus bromii,ERR1090112
225991,species,0.013312,Comamonas aquatica,ERR1090112
265981,species,0.00887469,Alkalimonas delamerensis,ERR1090112
645466,species,0.00887469,Anaerostipes butyraticus,ERR1090112
105841,species,0.00887469,Anaerostipes caccae,ERR1090112
582,species,0.00887469,Morganella morganii,ERR1090112
29355,species,0.00887469,[Clostridium] cellobioparum,ERR1090112
35833,species,0.00887469,Bilophila wadsworthia,ERR1090112
1755629,species,0.00887469,Victivallis sp. MC_44,ERR1090112
871324,species,0.00887469,Bacteroides stercorirosoris,ERR1090112
562,species,0.00887469,Escherichia coli,ERR1090112
307126,species,0.00887469,Lactobacillus apodemi,ERR1090112
392838,species,0.00887469,Bacteroides propionicifaciens,ERR1090112
36847,species,0.00887469,[Clostridium] neopropionicum,ERR1090112
143393,species,0.00887469,[Eubacterium] sulci,ERR1090112
626931,species,0.00887469,Bacteroides oleiciplenus,ERR1090112
671267,species,0.00887469,Bacteroides sartorii,ERR1090112
47311,species,0.00887469,Methanobrevibacter cuticularis,ERR1090112
1776082,species,0.00887469,Shigella sp. SF-2015,ERR1090112
741091,species,0.00887469,Rahnella sp. Y9602,ERR1090112
294,species,0.00887469,Pseudomonas fluorescens,ERR1090112
53408,species,0.00887469,Pseudomonas citronellolis,ERR1090112
28126,species,0.00887469,Prevotella buccae,ERR1090112
1304158,species,0.00443734,Salinisphaera halophila,ERR1090112
165179,species,0.00443734,Prevotella copri,ERR1090112
48466,species,0.00443734,Prosthecobacter vanneervenii,ERR1090112
46228,species,0.00443734,Ruminococcus lactaris,ERR1090112
97084,species,0.00443734,Halobacteriovorax marinus,ERR1090112
415956,species,0.00443734,Sphingobacterium composti Yoo et al. 2007,ERR1090112
208479,species,0.00443734,[Clostridium] bolteae,ERR1090112
1254,species,0.00443734,Pediococcus acidilactici,ERR1090112
39497,species,0.00443734,Eubacterium xylanophilum,ERR1090112
1579979,species,0.00443734,Wenzhouxiangella marina,ERR1090112
28446,species,0.00443734,[Clostridium] propionicum,ERR1090112
1680,species,0.00443734,Bifidobacterium adolescentis,ERR1090112
68274,species,0.00443734,Streptomyces tauricus,ERR1090112
1265,species,0.00443734,Ruminococcus flavefaciens,ERR1090112
33069,species,0.00443734,Pseudomonas viridiflava,ERR1090112
1114008,species,0.00443734,Lactobacillus sp. NBRC 107185,ERR1090112
163665,species,0.00443734,Dysgonomonas mossii,ERR1090112
1509,species,0.00443734,Clostridium sporogenes,ERR1090112
982,species,0.00443734,Saccharicrinis fermentans,ERR1090112
863643,species,0.00443734,Thermincola potens,ERR1090112
882211,species,0.00443734,Pseudomonas deceptionensis,ERR1090112
104336,species,0.00443734,Microbacterium foliorum,ERR1090112
1304,species,0.00443734,Streptococcus salivarius,ERR1090112
100176,species,0.00443734,Papillibacter cinnamivorans,ERR1090112
48467,species,0.00443734,Prosthecobacter debontii,ERR1090112
39488,species,0.00443734,[Eubacterium] hallii,ERR1090112
28125,species,0.00443734,Prevotella bivia,ERR1090112
310298,species,0.00443734,Bacteroides coprocola,ERR1090112
1685,species,0.00443734,Bifidobacterium breve,ERR1090112
574930,species,0.00443734,Parabacteroides gordonii,ERR1090112
1314,species,0.00443734,Streptococcus pyogenes,ERR1090112
90736,species,0.00443734,Moritella marina,ERR1090112
243924,species,0.00443734,Pseudomonas lutea,ERR1090112
29317,species,0.00443734,Actinomyces sp.,ERR1090112
36874,species,0.00443734,Porphyromonas cangingivalis,ERR1090112
28135,species,0.00443734,Prevotella oris,ERR1090112
703,species,0.00443734,Plesiomonas shigelloides,ERR1090112
1358,species,0.00443734,Lactococcus lactis,ERR1090112
54736,species,0.00443734,Salmonella bongori,ERR1090112
1416778,species,0.00443734,Chryseobacterium arachidis,ERR1090112
1605,species,0.00443734,Lactobacillus animalis,ERR1090112
28127,species,0.00443734,Prevotella buccalis,ERR1090112
847,species,0.00443734,Oxalobacter formigenes,ERR1090112
1282,species,0.00443734,Staphylococcus epidermidis,ERR1090112
33038,species,0.00443734,[Ruminococcus] gnavus,ERR1090112
1599,species,0.00443734,Lactobacillus sakei,ERR1090112
84112,species,0.00443734,Eggerthella lenta,ERR1090112
35785,species,0.00443734,Clostridium maximum,ERR1090112
502558,species,0.00443734,Eggerthella sp. YY7918,ERR1090112
290109,species,0.00443734,Xenorhabdus innexi,ERR1090112
35517,species,0.00443734,[Eubacterium] brachy,ERR1090112
29354,species,0.00443734,[Clostridium] celerecrescens,ERR1090112
36854,species,0.00443734,Desulfitobacterium dehalogenans,ERR1090112
37919,species,0.00443734,Rhodococcus opacus,ERR1090112
309120,species,0.00443734,Dialister micraerophilus,ERR1090112
1382,species,0.00443734,Atopobium parvulum,ERR1090112
253245,species,0.00443734,Owenweeksia hongkongensis,ERR1090112
78342,species,0.00443734,Bifidobacterium gallicum,ERR1090112
122355,species,0.00443734,Pseudomonas psychrophila,ERR1090112
549,species,0.00443734,Pantoea agglomerans,ERR1090112
885581,species,0.00443734,Desulfosporosinus acidiphilus,ERR1090112
28139,species,0.00443734,Rikenella microfusus,ERR1090112
574375,species,0.00443734,Bacillus gaemokensis,ERR1090112
999468,species,0.00443734,Sphingobacterium sp. LMG 8345,ERR1090112
1563,species,0.00443734,Desulfosporosinus orientis,ERR1090112
58180,species,0.00443734,Desulfovibrio alaskensis,ERR1090112
453,species,0.00443734,Legionella feeleii,ERR1090112
871325,species,0.00443734,Bacteroides faecichinchillae,ERR1090112
899,species,0.00443734,Desulfomicrobium baculatum,ERR1090112
729,species,0.00443734,Haemophilus parainfluenzae,ERR1090112
37734,species,0.00443734,Enterococcus casseliflavus,ERR1090112
356829,species,0.00443734,Bifidobacterium tsurumiense,ERR1090112
37930,species,0.00443734,Glutamicibacter protophormiae,ERR1090112
396595,species,0.00443734,Thioalkalivibrio sp. K90mix,ERR1090112
-1,species,69.3912,Unknown,ERR1090112
287,species,7.43699,Pseudomonas aeruginosa,ERR1090112
535744,species,5.42244,Cronobacter universalis,ERR1090112
1755626,species,3.51881,Faecalibacterium sp. MC_41,ERR1090112
821,species,2.00124,Bacteroides vulgatus,ERR1090112
397865,species,1.63294,Barnesiella viscericola,ERR1090112
246787,species,1.11821,Bacteroides cellulosilyticus,ERR1090112
239935,species,1.00284,Akkermansia muciniphila,ERR1090112
204516,species,0.971779,Bacteroides massiliensis,ERR1090112
818,species,0.554668,Bacteroides thetaiotaomicron,ERR1090112
820,species,0.545793,Bacteroides uniformis,ERR1090112
214856,species,0.496983,Alistipes finegoldii,ERR1090112
28116,species,0.492545,Bacteroides ovatus,ERR1090112
905,species,0.457047,Acidaminococcus fermentans,ERR1090112
106648,species,0.41711,Acinetobacter bereziniae,ERR1090112
1535,species,0.363862,[Clostridium] leptum,ERR1090112
44749,species,0.363862,Sporobacter termitidis,ERR1090112
351091,species,0.28399,Oscillibacter valericigenes,ERR1090112
626937,species,0.257366,Christensenella minuta,ERR1090112
40520,species,0.248491,Blautia obeum,ERR1090112
69825,species,0.208555,[Clostridium] indolis,ERR1090112
823,species,0.177494,Parabacteroides distasonis,ERR1090112
328814,species,0.155307,Alistipes shahii,ERR1090112
46503,species,0.141995,Parabacteroides merdae,ERR1090112
28117,species,0.119808,Alistipes putredinis,ERR1090112
47678,species,0.110934,Bacteroides caccae,ERR1090112
328813,species,0.102059,Alistipes onderdonkii,ERR1090112
39492,species,0.0931842,[Eubacterium] siraeum,ERR1090112
1308,species,0.0887469,Streptococcus thermophilus,ERR1090112
1515,species,0.0665602,Ruminiclostridium thermocellum,ERR1090112
53412,species,0.0665602,Pseudomonas resinovorans,ERR1090112
536633,species,0.0621228,Blautia glucerasea,ERR1090112
29348,species,0.0621228,[Clostridium] spiroforme,ERR1090112
39484,species,0.0532481,Eubacterium desmolans,ERR1090112
46506,species,0.0488108,Bacteroides stercoris,ERR1090112
1264,species,0.0488108,Ruminococcus albus,ERR1090112
29375,species,0.0443734,[Clostridium] xylanolyticum,ERR1090112
329854,species,0.0399361,Bacteroides intestinalis,ERR1090112
626930,species,0.0354988,Bacteroides fluxus,ERR1090112
169435,species,0.0354988,Anaerotruncus colihominis,ERR1090112
28901,species,0.0354988,Salmonella enterica,ERR1090112
2741,species,0.0310614,Peptococcus niger,ERR1090112
1465754,species,0.0310614,Alistipes timonensis,ERR1090112
52561,species,0.0310614,Desulfomicrobium norvegicum,ERR1090112
288965,species,0.0310614,[Clostridium] clariflavum,ERR1090112
357276,species,0.0266241,Bacteroides dorei,ERR1090112
301301,species,0.0266241,Roseburia hominis,ERR1090112
39441,species,0.0221867,Methanobrevibacter arboriphilus,ERR1090112
52787,species,0.0221867,Anaerofilum pentosovorans,ERR1090112
371601,species,0.0221867,Bacteroides xylanisolvens,ERR1090112
658457,species,0.0221867,Pseudomonas composti,ERR1090112
1661050,species,0.0221867,Pseudomonas sp. NBRC 111135,ERR1090112
28118,species,0.0221867,Odoribacter splanchnicus,ERR1090112
626933,species,0.0221867,Odoribacter laneus,ERR1090112
39486,species,0.0221867,Dorea formicigenerans,ERR1090112
410072,species,0.0221867,Coprococcus comes,ERR1090112
39485,species,0.0221867,[Eubacterium] eligens,ERR1090112
43263,species,0.0221867,Pseudomonas alcaligenes,ERR1090112
47880,species,0.0177494,Pseudomonas fulva,ERR1090112
137732,species,0.0177494,Granulicatella elegans,ERR1090112
626932,species,0.0177494,Alistipes indistinctus,ERR1090112
876,species,0.0177494,Desulfovibrio desulfuricans,ERR1090112
251535,species,0.0177494,Candidatus Blochmannia vafer,ERR1090112
90730,species,0.0177494,Desulfosarcina cetonica,ERR1090112
187327,species,0.0177494,Acidaminococcus intestini,ERR1090112
70775,species,0.0177494,Pseudomonas plecoglossicida,ERR1090112
61171,species,0.013312,Holdemania filiformis,ERR1090112
39490,species,0.013312,Eubacterium ramulus,ERR1090112
1570,species,0.013312,Halobacillus halophilus,ERR1090112
84026,species,0.013312,[Clostridium] methylpentosum,ERR1090112
817,species,0.013312,Bacteroides fragilis,ERR1090112
40518,species,0.013312,Ruminococcus bromii,ERR1090112
225991,species,0.013312,Comamonas aquatica,ERR1090112
301,species,0.013312,Pseudomonas oleovorans,ERR1090112
316,species,0.013312,Pseudomonas stutzeri,ERR1090112
29370,species,0.013312,[Clostridium] sphenoides,ERR1090112
33035,species,0.013312,Blautia producta,ERR1090112
307126,species,0.00887469,Lactobacillus apodemi,ERR1090112
562,species,0.00887469,Escherichia coli,ERR1090112
392838,species,0.00887469,Bacteroides propionicifaciens,ERR1090112
36847,species,0.00887469,[Clostridium] neopropionicum,ERR1090112
143393,species,0.00887469,[Eubacterium] sulci,ERR1090112
671267,species,0.00887469,Bacteroides sartorii,ERR1090112
626931,species,0.00887469,Bacteroides oleiciplenus,ERR1090112
47311,species,0.00887469,Methanobrevibacter cuticularis,ERR1090112
1776082,species,0.00887469,Shigella sp. SF-2015,ERR1090112
294,species,0.00887469,Pseudomonas fluorescens,ERR1090112
53408,species,0.00887469,Pseudomonas citronellolis,ERR1090112
28126,species,0.00887469,Prevotella buccae,ERR1090112
741091,species,0.00887469,Rahnella sp. Y9602,ERR1090112
265981,species,0.00887469,Alkalimonas delamerensis,ERR1090112
582,species,0.00887469,Morganella morganii,ERR1090112
29355,species,0.00887469,[Clostridium] cellobioparum,ERR1090112
645466,species,0.00887469,Anaerostipes butyraticus,ERR1090112
105841,species,0.00887469,Anaerostipes caccae,ERR1090112
35833,species,0.00887469,Bilophila wadsworthia,ERR1090112
1755629,species,0.00887469,Victivallis sp. MC_44,ERR1090112
871324,species,0.00887469,Bacteroides stercorirosoris,ERR1090112
29317,species,0.00443734,Actinomyces sp.,ERR1090112
36874,species,0.00443734,Porphyromonas cangingivalis,ERR1090112
28135,species,0.00443734,Prevotella oris,ERR1090112
54736,species,0.00443734,Salmonella bongori,ERR1090112
1416778,species,0.00443734,Chryseobacterium arachidis,ERR1090112
1605,species,0.00443734,Lactobacillus animalis,ERR1090112
703,species,0.00443734,Plesiomonas shigelloides,ERR1090112
1358,species,0.00443734,Lactococcus lactis,ERR1090112
847,species,0.00443734,Oxalobacter formigenes,ERR1090112
28127,species,0.00443734,Prevotella buccalis,ERR1090112
33038,species,0.00443734,[Ruminococcus] gnavus,ERR1090112
1599,species,0.00443734,Lactobacillus sakei,ERR1090112
84112,species,0.00443734,Eggerthella lenta,ERR1090112
1282,species,0.00443734,Staphylococcus epidermidis,ERR1090112
35785,species,0.00443734,Clostridium maximum,ERR1090112
502558,species,0.00443734,Eggerthella sp. YY7918,ERR1090112
290109,species,0.00443734,Xenorhabdus innexi,ERR1090112
35517,species,0.00443734,[Eubacterium] brachy,ERR1090112
36854,species,0.00443734,Desulfitobacterium dehalogenans,ERR1090112
37919,species,0.00443734,Rhodococcus opacus,ERR1090112
309120,species,0.00443734,Dialister micraerophilus,ERR1090112
1382,species,0.00443734,Atopobium parvulum,ERR1090112
253245,species,0.00443734,Owenweeksia hongkongensis,ERR1090112
29354,species,0.00443734,[Clostridium] celerecrescens,ERR1090112
122355,species,0.00443734,Pseudomonas psychrophila,ERR1090112
549,species,0.00443734,Pantoea agglomerans,ERR1090112
885581,species,0.00443734,Desulfosporosinus acidiphilus,ERR1090112
28139,species,0.00443734,Rikenella microfusus,ERR1090112
78342,species,0.00443734,Bifidobacterium gallicum,ERR1090112
999468,species,0.00443734,Sphingobacterium sp. LMG 8345,ERR1090112
1563,species,0.00443734,Desulfosporosinus orientis,ERR1090112
574375,species,0.00443734,Bacillus gaemokensis,ERR1090112
871325,species,0.00443734,Bacteroides faecichinchillae,ERR1090112
899,species,0.00443734,Desulfomicrobium baculatum,ERR1090112
729,species,0.00443734,Haemophilus parainfluenzae,ERR1090112
37734,species,0.00443734,Enterococcus casseliflavus,ERR1090112
356829,species,0.00443734,Bifidobacterium tsurumiense,ERR1090112
58180,species,0.00443734,Desulfovibrio alaskensis,ERR1090112
453,species,0.00443734,Legionella feeleii,ERR1090112
37930,species,0.00443734,Glutamicibacter protophormiae,ERR1090112
396595,species,0.00443734,Thioalkalivibrio sp. K90mix,ERR1090112
1304158,species,0.00443734,Salinisphaera halophila,ERR1090112
165179,species,0.00443734,Prevotella copri,ERR1090112
48466,species,0.00443734,Prosthecobacter vanneervenii,ERR1090112
46228,species,0.00443734,Ruminococcus lactaris,ERR1090112
97084,species,0.00443734,Halobacteriovorax marinus,ERR1090112
415956,species,0.00443734,Sphingobacterium composti Yoo et al. 2007,ERR1090112
208479,species,0.00443734,[Clostridium] bolteae,ERR1090112
1254,species,0.00443734,Pediococcus acidilactici,ERR1090112
39497,species,0.00443734,Eubacterium xylanophilum,ERR1090112
1579979,species,0.00443734,Wenzhouxiangella marina,ERR1090112
68274,species,0.00443734,Streptomyces tauricus,ERR1090112
1265,species,0.00443734,Ruminococcus flavefaciens,ERR1090112
33069,species,0.00443734,Pseudomonas viridiflava,ERR1090112
1114008,species,0.00443734,Lactobacillus sp. NBRC 107185,ERR1090112
163665,species,0.00443734,Dysgonomonas mossii,ERR1090112
28446,species,0.00443734,[Clostridium] propionicum,ERR1090112
1680,species,0.00443734,Bifidobacterium adolescentis,ERR1090112
882211,species,0.00443734,Pseudomonas deceptionensis,ERR1090112
104336,species,0.00443734,Microbacterium foliorum,ERR1090112
1304,species,0.00443734,Streptococcus salivarius,ERR1090112
1509,species,0.00443734,Clostridium sporogenes,ERR1090112
982,species,0.00443734,Saccharicrinis fermentans,ERR1090112
863643,species,0.00443734,Thermincola potens,ERR1090112
39488,species,0.00443734,[Eubacterium] hallii,ERR1090112
28125,species,0.00443734,Prevotella bivia,ERR1090112
310298,species,0.00443734,Bacteroides coprocola,ERR1090112
100176,species,0.00443734,Papillibacter cinnamivorans,ERR1090112
48467,species,0.00443734,Prosthecobacter debontii,ERR1090112
1314,species,0.00443734,Streptococcus pyogenes,ERR1090112
90736,species,0.00443734,Moritella marina,ERR1090112
243924,species,0.00443734,Pseudomonas lutea,ERR1090112
1685,species,0.00443734,Bifidobacterium breve,ERR1090112
574930,species,0.00443734,Parabacteroides gordonii,ERR1090112
-1,species,69.3912,Unknown,ERR1090112
44749,species,13.452,Sporobacter termitidis,ERR1090410
397865,species,8.02816,Barnesiella viscericola,ERR1090410
1755626,species,7.08346,Faecalibacterium sp. MC_41,ERR1090410
165179,species,5.70105,Prevotella copri,ERR1090410
351091,species,4.52291,Oscillibacter valericigenes,ERR1090410
39492,species,2.58973,[Eubacterium] siraeum,ERR1090410
239935,species,2.36723,Akkermansia muciniphila,ERR1090410
454154,species,2.21768,Paraprevotella clara,ERR1090410
1630,species,1.82011,Kandleria vitulina,ERR1090410
39484,species,1.65961,Eubacterium desmolans,ERR1090410
28117,species,1.51371,Alistipes putredinis,ERR1090410
384638,species,1.43347,[Bacteroides] pectinophilus,ERR1090410
1559,species,1.35322,Clostridium tertium,ERR1090410
36745,species,1.34958,Clostridium saccharoperbutylacetonicum,ERR1090410
1264,species,0.995769,Ruminococcus albus,ERR1090410
39497,species,0.981179,Eubacterium xylanophilum,ERR1090410
820,species,0.948351,Bacteroides uniformis,ERR1090410
1515,species,0.919171,Ruminiclostridium thermocellum,ERR1090410
40520,species,0.875401,Blautia obeum,ERR1090410
169435,species,0.784214,Anaerotruncus colihominis,ERR1090410
626937,species,0.736796,Christensenella minuta,ERR1090410
1735,species,0.649256,Holdemanella biformis,ERR1090410
28116,species,0.598191,Bacteroides ovatus,ERR1090410
823,species,0.550773,Parabacteroides distasonis,ERR1090410
39485,species,0.514298,[Eubacterium] eligens,ERR1090410
46506,species,0.488766,Bacteroides stercoris,ERR1090410
46503,species,0.415816,Parabacteroides merdae,ERR1090410
821,species,0.379341,Bacteroides vulgatus,ERR1090410
1535,species,0.372046,[Clostridium] leptum,ERR1090410
261299,species,0.372046,Intestinibacter bartlettii,ERR1090410
301301,species,0.361103,Roseburia hominis,ERR1090410
214856,species,0.342865,Alistipes finegoldii,ERR1090410
1755629,species,0.299095,Victivallis sp. MC_44,ERR1090410
44742,species,0.273563,Desulfovibrio fairfieldensis,ERR1090410
28118,species,0.26262,Odoribacter splanchnicus,ERR1090410
38986,species,0.24803,Acholeplasma palmae,ERR1090410
328814,species,0.21885,Alistipes shahii,ERR1090410
84030,species,0.20426,[Clostridium] saccharolyticum,ERR1090410
626932,species,0.200613,Alistipes indistinctus,ERR1090410
39490,species,0.18967,Eubacterium ramulus,ERR1090410
47678,species,0.18967,Bacteroides caccae,ERR1090410
536633,species,0.182375,Blautia glucerasea,ERR1090410
69825,species,0.167785,[Clostridium] indolis,ERR1090410
1465754,species,0.167785,Alistipes timonensis,ERR1090410
626930,species,0.156843,Bacteroides fluxus,ERR1090410
818,species,0.153195,Bacteroides thetaiotaomicron,ERR1090410
33953,species,0.138605,Clostridium aminobutyricum,ERR1090410
1223514,species,0.134958,Corynebacterium humireducens,ERR1090410
1512,species,0.13131,[Clostridium] symbiosum,ERR1090410
288965,species,0.13131,[Clostridium] clariflavum,ERR1090410
410072,species,0.124015,Coprococcus comes,ERR1090410
1725,species,0.124015,Corynebacterium xerosis,ERR1090410
2173,species,0.11672,Methanobrevibacter smithii,ERR1090410
871325,species,0.109425,Bacteroides faecichinchillae,ERR1090410
2317,species,0.109425,Methanosphaera stadtmanae,ERR1090410
29356,species,0.109425,Clostridium chartatabidum,ERR1090410
187327,species,0.109425,Acidaminococcus intestini,ERR1090410
84032,species,0.109425,[Clostridium] thermosuccinogenes,ERR1090410
53443,species,0.105778,Blautia hydrogenotrophica,ERR1090410
1510,species,0.10213,[Clostridium] stercorarium,ERR1090410
133926,species,0.0984826,Olsenella uli,ERR1090410
328812,species,0.0984826,Parabacteroides goldsteinii,ERR1090410
39496,species,0.0911876,Eubacterium ventriosum,ERR1090410
328813,species,0.0911876,Alistipes onderdonkii,ERR1090410
35833,species,0.0875401,Bilophila wadsworthia,ERR1090410
29348,species,0.0765976,[Clostridium] spiroforme,ERR1090410
487175,species,0.0765976,Parasutterella excrementihominis,ERR1090410
1161942,species,0.0729501,Ruminococcus champanellensis,ERR1090410
43770,species,0.0729501,Corynebacterium striatum,ERR1090410
729,species,0.0693026,Haemophilus parainfluenzae,ERR1090410
166486,species,0.0693026,Roseburia intestinalis,ERR1090410
39486,species,0.0693026,Dorea formicigenerans,ERR1090410
1267,species,0.0693026,Clostridium ventriculi,ERR1090410
437898,species,0.0693026,Sutterella parvirubra,ERR1090410
89153,species,0.0620076,[Clostridium] hylemonae,ERR1090410
33043,species,0.0583601,Coprococcus eutactus,ERR1090410
191493,species,0.0583601,Corynebacterium sphenisci,ERR1090410
204516,species,0.0583601,Bacteroides massiliensis,ERR1090410
1352,species,0.0583601,Enterococcus faecium,ERR1090410
84109,species,0.0583601,Slackia exigua,ERR1090410
33035,species,0.0583601,Blautia producta,ERR1090410
246787,species,0.0547126,Bacteroides cellulosilyticus,ERR1090410
291644,species,0.0547126,Bacteroides salyersiae,ERR1090410
1280,species,0.0474176,Staphylococcus aureus,ERR1090410
61635,species,0.0474176,Acholeplasma brassicae,ERR1090410
37734,species,0.0437701,Enterococcus casseliflavus,ERR1090410
136857,species,0.0437701,Corynebacterium testudinoris,ERR1090410
29355,species,0.0401226,[Clostridium] cellobioparum,ERR1090410
671267,species,0.0401226,Bacteroides sartorii,ERR1090410
1308,species,0.0401226,Streptococcus thermophilus,ERR1090410
28446,species,0.0364751,[Clostridium] propionicum,ERR1090410
33038,species,0.0328275,[Ruminococcus] gnavus,ERR1090410
508460,species,0.0328275,Cloacibacillus evryensis,ERR1090410
270498,species,0.0328275,Catabacter hongkongensis,ERR1090410
1265,species,0.0328275,Ruminococcus flavefaciens,ERR1090410
28111,species,0.0328275,Bacteroides eggerthii,ERR1090410
84026,species,0.02918,[Clostridium] methylpentosum,ERR1090410
39493,species,0.02918,Clostridium tarantellae,ERR1090410
1859291,species,0.02918,Corynebacterium sp. YIM 101587,ERR1090410
310300,species,0.02918,Bacteroides pyogenes,ERR1090410
33964,species,0.02918,Leuconostoc citreum,ERR1090410
1544,species,0.02918,[Clostridium] oroticum,ERR1090410
180164,species,0.02918,Blautia schinkii,ERR1090410
574375,species,0.0255325,Bacillus gaemokensis,ERR1090410
882211,species,0.0255325,Pseudomonas deceptionensis,ERR1090410
847,species,0.0255325,Oxalobacter formigenes,ERR1090410
122355,species,0.0255325,Pseudomonas psychrophila,ERR1090410
626931,species,0.0255325,Bacteroides oleiciplenus,ERR1090410
1590,species,0.0255325,Lactobacillus plantarum,ERR1090410
1724,species,0.021885,Corynebacterium renale,ERR1090410
1487956,species,0.021885,Corynebacterium sp. ATCC 6931,ERR1090410
35785,species,0.021885,Clostridium maximum,ERR1090410
28135,species,0.021885,Prevotella oris,ERR1090410
84031,species,0.021885,Clostridium sartagoforme,ERR1090410
208479,species,0.021885,[Clostridium] bolteae,ERR1090410
1282,species,0.0182375,Staphylococcus epidermidis,ERR1090410
29370,species,0.0182375,[Clostridium] sphenoides,ERR1090410
589436,species,0.0182375,Prevotella fusca,ERR1090410
881,species,0.0182375,Desulfovibrio vulgaris,ERR1090410
29367,species,0.01459,Clostridium puniceum,ERR1090410
228603,species,0.01459,Prevotella shahii,ERR1090410
52787,species,0.01459,Anaerofilum pentosovorans,ERR1090410
1717,species,0.01459,Corynebacterium diphtheriae,ERR1090410
36847,species,0.01459,[Clostridium] neopropionicum,ERR1090410
61171,species,0.01459,Holdemania filiformis,ERR1090410
40519,species,0.01459,Ruminococcus callidus,ERR1090410
38304,species,0.01459,Corynebacterium tuberculostearicum,ERR1090410
1613,species,0.01459,Lactobacillus fermentum,ERR1090410
84112,species,0.01459,Eggerthella lenta,ERR1090410
29385,species,0.01459,Staphylococcus saprophyticus,ERR1090410
40518,species,0.01459,Ruminococcus bromii,ERR1090410
39491,species,0.01459,[Eubacterium] rectale,ERR1090410
106588,species,0.01459,Pseudoflavonifractor capillosus,ERR1090410
839,species,0.01459,Prevotella ruminicola,ERR1090410
28129,species,0.01459,Prevotella denticola,ERR1090410
294,species,0.01459,Pseudomonas fluorescens,ERR1090410
39488,species,0.0109425,[Eubacterium] hallii,ERR1090410
876,species,0.0109425,Desulfovibrio desulfuricans,ERR1090410
1491,species,0.0109425,Clostridium botulinum,ERR1090410
187145,species,0.0109425,Caldithrix abyssi,ERR1090410
414,species,0.0109425,Methylococcus capsulatus,ERR1090410
173480,species,0.0109425,Gemmatimonas aurantiaca,ERR1090410
282402,species,0.0109425,Prevotella multiformis,ERR1090410
395922,species,0.0109425,Coraliomargarita akajimensis,ERR1090410
371601,species,0.0109425,Bacteroides xylanisolvens,ERR1090410
884684,species,0.0109425,Mageeibacillus indolicus,ERR1090410
53462,species,0.00729501,Mycobacterium mageritense,ERR1090410
840,species,0.00729501,Prevotella loescheii,ERR1090410
1522,species,0.00729501,[Clostridium] innocuum,ERR1090410
155617,species,0.00729501,Enterococcus moraviensis,ERR1090410
291645,species,0.00729501,Bacteroides nordii,ERR1090410
552810,species,0.00729501,Dehalogenimonas lykanthroporepellens,ERR1090410
41976,species,0.00729501,Porphyromonas catoniae,ERR1090410
341225,species,0.00729501,[Clostridium] saccharogumia,ERR1090410
29466,species,0.00729501,Veillonella parvula,ERR1090410
885581,species,0.00729501,Desulfosporosinus acidiphilus,ERR1090410
2358,species,0.00729501,Desulfomonile tiedjei,ERR1090410
39778,species,0.00729501,Veillonella dispar,ERR1090410
267818,species,0.00729501,Lactobacillus kefiranofaciens,ERR1090410
1303,species,0.00729501,Streptococcus oralis,ERR1090410
1727,species,0.00729501,Corynebacterium variabile,ERR1090410
189381,species,0.00729501,Bacillus marisflavi,ERR1090410
29354,species,0.00729501,[Clostridium] celerecrescens,ERR1090410
1626,species,0.00729501,Lactobacillus sharpeae,ERR1090410
1354,species,0.00729501,Enterococcus hirae,ERR1090410
102684,species,0.00729501,Streptococcus infantarius,ERR1090410
166501,species,0.00729501,Thermobaculum terrenum,ERR1090410
502558,species,0.00729501,Eggerthella sp. YY7918,ERR1090410
38289,species,0.00729501,Corynebacterium jeikeium,ERR1090410
28126,species,0.00729501,Prevotella buccae,ERR1090410
1497,species,0.00729501,Clostridium formicaceticum,ERR1090410
574930,species,0.00729501,Parabacteroides gordonii,ERR1090410
36835,species,0.00729501,[Clostridium] colinum,ERR1090410
43675,species,0.00729501,Rothia mucilaginosa,ERR1090410
29360,species,0.00729501,Cellulosilyticum lentocellum,ERR1090410
1382,species,0.00729501,Atopobium parvulum,ERR1090410
1404,species,0.00729501,Bacillus megaterium,ERR1090410
100176,species,0.00729501,Papillibacter cinnamivorans,ERR1090410
28901,species,0.00729501,Salmonella enterica,ERR1090410
1843,species,0.00729501,Nocardioides jensenii,ERR1090410
32016,species,0.00729501,Desulfovibrio oxamicus,ERR1090410
1563,species,0.00729501,Desulfosporosinus orientis,ERR1090410
732242,species,0.00364751,Bacteroides paurosaccharolyticus,ERR1090410
191579,species,0.00364751,Fluviicola taffensis,ERR1090410
357276,species,0.00364751,Bacteroides dorei,ERR1090410
1859290,species,0.00364751,Corynebacterium sp. YIM 101343,ERR1090410
84110,species,0.00364751,Slackia heliotrinireducens,ERR1090410
381742,species,0.00364751,Lactobacillus camelliae,ERR1090410
358742,species,0.00364751,[Clostridium] aldenense,ERR1090410
1254,species,0.00364751,Pediococcus acidilactici,ERR1090410
310297,species,0.00364751,Bacteroides plebeius,ERR1090410
39494,species,0.00364751,[Eubacterium] tortuosum,ERR1090410
97253,species,0.00364751,Eubacterium plexicaudatum,ERR1090410
871324,species,0.00364751,Bacteroides stercorirosoris,ERR1090410
1507,species,0.00364751,Clostridium sp. ATCC 29733,ERR1090410
40324,species,0.00364751,Stenotrophomonas maltophilia,ERR1090410
2741,species,0.00364751,Peptococcus niger,ERR1090410
905,species,0.00364751,Acidaminococcus fermentans,ERR1090410
115979,species,0.00364751,Bacillus nealsonii,ERR1090410
1502,species,0.00364751,Clostridium perfringens,ERR1090410
1598,species,0.00364751,Lactobacillus reuteri,ERR1090410
33034,species,0.00364751,Anaerococcus prevotii,ERR1090410
851,species,0.00364751,Fusobacterium nucleatum,ERR1090410
202604,species,0.00364751,Moorella mulderi,ERR1090410
252,species,0.00364751,Halomonas halmophila,ERR1090410
1133319,species,0.00364751,Bacteroides reticulotermitis,ERR1090410
77095,species,0.00364751,Prevotella bryantii,ERR1090410
487698,species,0.00364751,Stenotrophomonas pavanii,ERR1090410
167964,species,0.00364751,Anaerolinea thermophila,ERR1090410
572036,species,0.00364751,Pedobacter luteus,ERR1090410
31971,species,0.00364751,[Eubacterium] dolichum,ERR1090410
185294,species,0.00364751,Prevotella paludivivens,ERR1090410
202956,species,0.00364751,Acinetobacter towneri,ERR1090410
312279,species,0.00364751,Emticicia oligotrophica,ERR1090410
46228,species,0.00364751,Ruminococcus lactaris,ERR1090410
29346,species,0.00364751,[Clostridium] paradoxum,ERR1090410
477666,species,0.00364751,Bacteroides graminisolvens,ERR1090410
47770,species,0.00364751,Lactobacillus crispatus,ERR1090410
38301,species,0.00364751,Corynebacterium minutissimum,ERR1090410
589437,species,0.00364751,Prevotella scopos,ERR1090410
35756,species,0.00364751,Corynebacterium pilosum,ERR1090410
263475,species,0.00364751,Viridibacillus arvi,ERR1090410
28037,species,0.00364751,Streptococcus mitis,ERR1090410
163665,species,0.00364751,Dysgonomonas mossii,ERR1090410
1408,species,0.00364751,Bacillus pumilus,ERR1090410
146817,species,0.00364751,Dendrosporobacter quercicolus,ERR1090410
392838,species,0.00364751,Bacteroides propionicifaciens,ERR1090410
290055,species,0.00364751,[Eubacterium] fissicatena,ERR1090410
156456,species,0.00364751,Anaeroglobus geminatus,ERR1090410
202267,species,0.00364751,Halomonas sp. YIM-kkny11,ERR1090410
196162,species,0.00364751,Nocardioides sp. JS614,ERR1090410
1113644,species,0.00364751,Runella sp. NBRC 15129,ERR1090410
1411316,species,0.00364751,Pedobacter sp.,ERR1090410
203471,species,0.00364751,Tepidiphilus margaritifer,ERR1090410
270350,species,0.00364751,Methylobacterium hispanicum,ERR1090410
216816,species,0.00364751,Bifidobacterium longum,ERR1090410
28137,species,0.00364751,Prevotella veroralis,ERR1090410
28025,species,0.00364751,Bifidobacterium animalis,ERR1090410
767892,species,0.00364751,Candidatus Puniceispirillum marinum,ERR1090410
1168034,species,0.00364751,Draconibacterium orientale,ERR1090410
390842,species,0.00364751,Lactobacillus parafarraginis,ERR1090410
859,species,0.00364751,Fusobacterium necrophorum,ERR1090410
39489,species,0.00364751,Clostridium moniliforme,ERR1090410
47884,species,0.00364751,Pseudomonas taetrolens,ERR1090410
17,species,0.00364751,Methylophilus methylotrophus,ERR1090410
329854,species,0.00364751,Bacteroides intestinalis,ERR1090410
419005,species,0.00364751,Prevotella amnii,ERR1090410
185300,species,0.00364751,Paludibacter propionicigenes,ERR1090410
152,species,0.00364751,Treponema stenostreptum,ERR1090410
52773,species,0.00364751,Actinomyces meyeri,ERR1090410
1305,species,0.00364751,Streptococcus sanguinis,ERR1090410
35517,species,0.00364751,[Eubacterium] brachy,ERR1090410
1584,species,0.00364751,Lactobacillus delbrueckii,ERR1090410
626947,species,0.00364751,Parasutterella secunda,ERR1090410
1492,species,0.00364751,Clostridium butyricum,ERR1090410
37919,species,0.00364751,Rhodococcus opacus,ERR1090410
52769,species,0.00364751,Actinomyces gerencseriae,ERR1090410
1311,species,0.00364751,Streptococcus agalactiae,ERR1090410
102109,species,0.00364751,Desulfovibrio inopinatus,ERR1090410
97084,species,0.00364751,Halobacteriovorax marinus,ERR1090410
85874,species,0.00364751,Thermacetogenium phaeum,ERR1090410
591197,species,0.00364751,Ignavibacterium album,ERR1090410
590841,species,0.00364751,Rhodococcus sp. YIM 100117,ERR1090410
310298,species,0.00364751,Bacteroides coprocola,ERR1090410
185293,species,0.00364751,Prevotella oryzae,ERR1090410
86332,species,0.00364751,Mogibacterium pumilum,ERR1090410
39768,species,0.00364751,Blattabacterium sp. (Mastotermes darwiniensis),ERR1090410
1633,species,0.00364751,Lactobacillus vaginalis,ERR1090410
34062,species,0.00364751,Moraxella osloensis,ERR1090410
29552,species,0.00364751,Acholeplasma axanthum,ERR1090410
1121298,species,0.00364751,Clostridium amylolyticum,ERR1090410
626935,species,0.00364751,Collinsella tanakaei,ERR1090410
68274,species,0.00364751,Streptomyces tauricus,ERR1090410
1685,species,0.00364751,Bifidobacterium breve,ERR1090410
386414,species,0.00364751,Prevotella timonensis,ERR1090410
1532,species,0.00364751,Blautia coccoides,ERR1090410
29363,species,0.00364751,Clostridium paraputrificum,ERR1090410
54006,species,0.00364751,Peptoniphilus ivorii,ERR1090410
133453,species,0.00364751,Caldilinea aerophila,ERR1090410
29362,species,0.00364751,[Clostridium] papyrosolvens,ERR1090410
850,species,0.00364751,Fusobacterium mortiferum,ERR1090410
118748,species,0.00364751,Bulleidia extructa,ERR1090410
308892,species,0.00364751,Bacillus boroniphilus,ERR1090410
-1,species,25.3647,Unknown,ERR1090410
44749,species,13.452,Sporobacter termitidis,ERR1090410
397865,species,8.02816,Barnesiella viscericola,ERR1090410
1755626,species,7.08346,Faecalibacterium sp. MC_41,ERR1090410
165179,species,5.70105,Prevotella copri,ERR1090410
351091,species,4.52291,Oscillibacter valericigenes,ERR1090410
39492,species,2.58973,[Eubacterium] siraeum,ERR1090410
239935,species,2.36723,Akkermansia muciniphila,ERR1090410
454154,species,2.21768,Paraprevotella clara,ERR1090410
1630,species,1.82011,Kandleria vitulina,ERR1090410
39484,species,1.65961,Eubacterium desmolans,ERR1090410
28117,species,1.51371,Alistipes putredinis,ERR1090410
384638,species,1.43347,[Bacteroides] pectinophilus,ERR1090410
1559,species,1.35322,Clostridium tertium,ERR1090410
36745,species,1.34958,Clostridium saccharoperbutylacetonicum,ERR1090410
1264,species,0.995769,Ruminococcus albus,ERR1090410
39497,species,0.981179,Eubacterium xylanophilum,ERR1090410
820,species,0.948351,Bacteroides uniformis,ERR1090410
1515,species,0.919171,Ruminiclostridium thermocellum,ERR1090410
40520,species,0.875401,Blautia obeum,ERR1090410
169435,species,0.784214,Anaerotruncus colihominis,ERR1090410
626937,species,0.736796,Christensenella minuta,ERR1090410
1735,species,0.649256,Holdemanella biformis,ERR1090410
28116,species,0.598191,Bacteroides ovatus,ERR1090410
823,species,0.550773,Parabacteroides distasonis,ERR1090410
39485,species,0.514298,[Eubacterium] eligens,ERR1090410
46506,species,0.488766,Bacteroides stercoris,ERR1090410
46503,species,0.415816,Parabacteroides merdae,ERR1090410
821,species,0.379341,Bacteroides vulgatus,ERR1090410
261299,species,0.372046,Intestinibacter bartlettii,ERR1090410
1535,species,0.372046,[Clostridium] leptum,ERR1090410
301301,species,0.361103,Roseburia hominis,ERR1090410
214856,species,0.342865,Alistipes finegoldii,ERR1090410
1755629,species,0.299095,Victivallis sp. MC_44,ERR1090410
44742,species,0.273563,Desulfovibrio fairfieldensis,ERR1090410
28118,species,0.26262,Odoribacter splanchnicus,ERR1090410
38986,species,0.24803,Acholeplasma palmae,ERR1090410
328814,species,0.21885,Alistipes shahii,ERR1090410
84030,species,0.20426,[Clostridium] saccharolyticum,ERR1090410
626932,species,0.200613,Alistipes indistinctus,ERR1090410
39490,species,0.18967,Eubacterium ramulus,ERR1090410
47678,species,0.18967,Bacteroides caccae,ERR1090410
536633,species,0.182375,Blautia glucerasea,ERR1090410
1465754,species,0.167785,Alistipes timonensis,ERR1090410
69825,species,0.167785,[Clostridium] indolis,ERR1090410
626930,species,0.156843,Bacteroides fluxus,ERR1090410
818,species,0.153195,Bacteroides thetaiotaomicron,ERR1090410
33953,species,0.138605,Clostridium aminobutyricum,ERR1090410
1223514,species,0.134958,Corynebacterium humireducens,ERR1090410
1512,species,0.13131,[Clostridium] symbiosum,ERR1090410
288965,species,0.13131,[Clostridium] clariflavum,ERR1090410
410072,species,0.124015,Coprococcus comes,ERR1090410
1725,species,0.124015,Corynebacterium xerosis,ERR1090410
2173,species,0.11672,Methanobrevibacter smithii,ERR1090410
2317,species,0.109425,Methanosphaera stadtmanae,ERR1090410
29356,species,0.109425,Clostridium chartatabidum,ERR1090410
187327,species,0.109425,Acidaminococcus intestini,ERR1090410
84032,species,0.109425,[Clostridium] thermosuccinogenes,ERR1090410
871325,species,0.109425,Bacteroides faecichinchillae,ERR1090410
53443,species,0.105778,Blautia hydrogenotrophica,ERR1090410
1510,species,0.10213,[Clostridium] stercorarium,ERR1090410
328812,species,0.0984826,Parabacteroides goldsteinii,ERR1090410
133926,species,0.0984826,Olsenella uli,ERR1090410
39496,species,0.0911876,Eubacterium ventriosum,ERR1090410
328813,species,0.0911876,Alistipes onderdonkii,ERR1090410
35833,species,0.0875401,Bilophila wadsworthia,ERR1090410
29348,species,0.0765976,[Clostridium] spiroforme,ERR1090410
487175,species,0.0765976,Parasutterella excrementihominis,ERR1090410
1161942,species,0.0729501,Ruminococcus champanellensis,ERR1090410
43770,species,0.0729501,Corynebacterium striatum,ERR1090410
729,species,0.0693026,Haemophilus parainfluenzae,ERR1090410
166486,species,0.0693026,Roseburia intestinalis,ERR1090410
39486,species,0.0693026,Dorea formicigenerans,ERR1090410
1267,species,0.0693026,Clostridium ventriculi,ERR1090410
437898,species,0.0693026,Sutterella parvirubra,ERR1090410
89153,species,0.0620076,[Clostridium] hylemonae,ERR1090410
191493,species,0.0583601,Corynebacterium sphenisci,ERR1090410
204516,species,0.0583601,Bacteroides massiliensis,ERR1090410
1352,species,0.0583601,Enterococcus faecium,ERR1090410
84109,species,0.0583601,Slackia exigua,ERR1090410
33035,species,0.0583601,Blautia producta,ERR1090410
33043,species,0.0583601,Coprococcus eutactus,ERR1090410
291644,species,0.0547126,Bacteroides salyersiae,ERR1090410
246787,species,0.0547126,Bacteroides cellulosilyticus,ERR1090410
61635,species,0.0474176,Acholeplasma brassicae,ERR1090410
1280,species,0.0474176,Staphylococcus aureus,ERR1090410
37734,species,0.0437701,Enterococcus casseliflavus,ERR1090410
136857,species,0.0437701,Corynebacterium testudinoris,ERR1090410
29355,species,0.0401226,[Clostridium] cellobioparum,ERR1090410
671267,species,0.0401226,Bacteroides sartorii,ERR1090410
1308,species,0.0401226,Streptococcus thermophilus,ERR1090410
28446,species,0.0364751,[Clostridium] propionicum,ERR1090410
508460,species,0.0328275,Cloacibacillus evryensis,ERR1090410
33038,species,0.0328275,[Ruminococcus] gnavus,ERR1090410
270498,species,0.0328275,Catabacter hongkongensis,ERR1090410
1265,species,0.0328275,Ruminococcus flavefaciens,ERR1090410
28111,species,0.0328275,Bacteroides eggerthii,ERR1090410
39493,species,0.02918,Clostridium tarantellae,ERR1090410
1859291,species,0.02918,Corynebacterium sp. YIM 101587,ERR1090410
310300,species,0.02918,Bacteroides pyogenes,ERR1090410
33964,species,0.02918,Leuconostoc citreum,ERR1090410
1544,species,0.02918,[Clostridium] oroticum,ERR1090410
180164,species,0.02918,Blautia schinkii,ERR1090410
84026,species,0.02918,[Clostridium] methylpentosum,ERR1090410
574375,species,0.0255325,Bacillus gaemokensis,ERR1090410
882211,species,0.0255325,Pseudomonas deceptionensis,ERR1090410
847,species,0.0255325,Oxalobacter formigenes,ERR1090410
122355,species,0.0255325,Pseudomonas psychrophila,ERR1090410
626931,species,0.0255325,Bacteroides oleiciplenus,ERR1090410
1590,species,0.0255325,Lactobacillus plantarum,ERR1090410
28135,species,0.021885,Prevotella oris,ERR1090410
84031,species,0.021885,Clostridium sartagoforme,ERR1090410
208479,species,0.021885,[Clostridium] bolteae,ERR1090410
1724,species,0.021885,Corynebacterium renale,ERR1090410
1487956,species,0.021885,Corynebacterium sp. ATCC 6931,ERR1090410
35785,species,0.021885,Clostridium maximum,ERR1090410
29370,species,0.0182375,[Clostridium] sphenoides,ERR1090410
589436,species,0.0182375,Prevotella fusca,ERR1090410
881,species,0.0182375,Desulfovibrio vulgaris,ERR1090410
1282,species,0.0182375,Staphylococcus epidermidis,ERR1090410
52787,species,0.01459,Anaerofilum pentosovorans,ERR1090410
36847,species,0.01459,[Clostridium] neopropionicum,ERR1090410
1717,species,0.01459,Corynebacterium diphtheriae,ERR1090410
61171,species,0.01459,Holdemania filiformis,ERR1090410
40519,species,0.01459,Ruminococcus callidus,ERR1090410
38304,species,0.01459,Corynebacterium tuberculostearicum,ERR1090410
84112,species,0.01459,Eggerthella lenta,ERR1090410
1613,species,0.01459,Lactobacillus fermentum,ERR1090410
29385,species,0.01459,Staphylococcus saprophyticus,ERR1090410
40518,species,0.01459,Ruminococcus bromii,ERR1090410
39491,species,0.01459,[Eubacterium] rectale,ERR1090410
106588,species,0.01459,Pseudoflavonifractor capillosus,ERR1090410
839,species,0.01459,Prevotella ruminicola,ERR1090410
28129,species,0.01459,Prevotella denticola,ERR1090410
294,species,0.01459,Pseudomonas fluorescens,ERR1090410
29367,species,0.01459,Clostridium puniceum,ERR1090410
228603,species,0.01459,Prevotella shahii,ERR1090410
187145,species,0.0109425,Caldithrix abyssi,ERR1090410
414,species,0.0109425,Methylococcus capsulatus,ERR1090410
173480,species,0.0109425,Gemmatimonas aurantiaca,ERR1090410
282402,species,0.0109425,Prevotella multiformis,ERR1090410
395922,species,0.0109425,Coraliomargarita akajimensis,ERR1090410
371601,species,0.0109425,Bacteroides xylanisolvens,ERR1090410
884684,species,0.0109425,Mageeibacillus indolicus,ERR1090410
876,species,0.0109425,Desulfovibrio desulfuricans,ERR1090410
39488,species,0.0109425,[Eubacterium] hallii,ERR1090410
1491,species,0.0109425,Clostridium botulinum,ERR1090410
29466,species,0.00729501,Veillonella parvula,ERR1090410
2358,species,0.00729501,Desulfomonile tiedjei,ERR1090410
885581,species,0.00729501,Desulfosporosinus acidiphilus,ERR1090410
1303,species,0.00729501,Streptococcus oralis,ERR1090410
39778,species,0.00729501,Veillonella dispar,ERR1090410
267818,species,0.00729501,Lactobacillus kefiranofaciens,ERR1090410
1727,species,0.00729501,Corynebacterium variabile,ERR1090410
189381,species,0.00729501,Bacillus marisflavi,ERR1090410
29354,species,0.00729501,[Clostridium] celerecrescens,ERR1090410
1626,species,0.00729501,Lactobacillus sharpeae,ERR1090410
1354,species,0.00729501,Enterococcus hirae,ERR1090410
166501,species,0.00729501,Thermobaculum terrenum,ERR1090410
502558,species,0.00729501,Eggerthella sp. YY7918,ERR1090410
102684,species,0.00729501,Streptococcus infantarius,ERR1090410
574930,species,0.00729501,Parabacteroides gordonii,ERR1090410
38289,species,0.00729501,Corynebacterium jeikeium,ERR1090410
28126,species,0.00729501,Prevotella buccae,ERR1090410
1497,species,0.00729501,Clostridium formicaceticum,ERR1090410
29360,species,0.00729501,Cellulosilyticum lentocellum,ERR1090410
1382,species,0.00729501,Atopobium parvulum,ERR1090410
36835,species,0.00729501,[Clostridium] colinum,ERR1090410
43675,species,0.00729501,Rothia mucilaginosa,ERR1090410
1404,species,0.00729501,Bacillus megaterium,ERR1090410
32016,species,0.00729501,Desulfovibrio oxamicus,ERR1090410
100176,species,0.00729501,Papillibacter cinnamivorans,ERR1090410
28901,species,0.00729501,Salmonella enterica,ERR1090410
1843,species,0.00729501,Nocardioides jensenii,ERR1090410
1563,species,0.00729501,Desulfosporosinus orientis,ERR1090410
53462,species,0.00729501,Mycobacterium mageritense,ERR1090410
155617,species,0.00729501,Enterococcus moraviensis,ERR1090410
840,species,0.00729501,Prevotella loescheii,ERR1090410
1522,species,0.00729501,[Clostridium] innocuum,ERR1090410
291645,species,0.00729501,Bacteroides nordii,ERR1090410
552810,species,0.00729501,Dehalogenimonas lykanthroporepellens,ERR1090410
41976,species,0.00729501,Porphyromonas catoniae,ERR1090410
341225,species,0.00729501,[Clostridium] saccharogumia,ERR1090410
1133319,species,0.00364751,Bacteroides reticulotermitis,ERR1090410
77095,species,0.00364751,Prevotella bryantii,ERR1090410
487698,species,0.00364751,Stenotrophomonas pavanii,ERR1090410
33034,species,0.00364751,Anaerococcus prevotii,ERR1090410
851,species,0.00364751,Fusobacterium nucleatum,ERR1090410
202604,species,0.00364751,Moorella mulderi,ERR1090410
252,species,0.00364751,Halomonas halmophila,ERR1090410
312279,species,0.00364751,Emticicia oligotrophica,ERR1090410
46228,species,0.00364751,Ruminococcus lactaris,ERR1090410
29346,species,0.00364751,[Clostridium] paradoxum,ERR1090410
477666,species,0.00364751,Bacteroides graminisolvens,ERR1090410
47770,species,0.00364751,Lactobacillus crispatus,ERR1090410
167964,species,0.00364751,Anaerolinea thermophila,ERR1090410
572036,species,0.00364751,Pedobacter luteus,ERR1090410
31971,species,0.00364751,[Eubacterium] dolichum,ERR1090410
185294,species,0.00364751,Prevotella paludivivens,ERR1090410
202956,species,0.00364751,Acinetobacter towneri,ERR1090410
163665,species,0.00364751,Dysgonomonas mossii,ERR1090410
1408,species,0.00364751,Bacillus pumilus,ERR1090410
146817,species,0.00364751,Dendrosporobacter quercicolus,ERR1090410
38301,species,0.00364751,Corynebacterium minutissimum,ERR1090410
589437,species,0.00364751,Prevotella scopos,ERR1090410
35756,species,0.00364751,Corynebacterium pilosum,ERR1090410
263475,species,0.00364751,Viridibacillus arvi,ERR1090410
28037,species,0.00364751,Streptococcus mitis,ERR1090410
1113644,species,0.00364751,Runella sp. NBRC 15129,ERR1090410
1411316,species,0.00364751,Pedobacter sp.,ERR1090410
203471,species,0.00364751,Tepidiphilus margaritifer,ERR1090410
392838,species,0.00364751,Bacteroides propionicifaciens,ERR1090410
290055,species,0.00364751,[Eubacterium] fissicatena,ERR1090410
156456,species,0.00364751,Anaeroglobus geminatus,ERR1090410
202267,species,0.00364751,Halomonas sp. YIM-kkny11,ERR1090410
196162,species,0.00364751,Nocardioides sp. JS614,ERR1090410
216816,species,0.00364751,Bifidobacterium longum,ERR1090410
28137,species,0.00364751,Prevotella veroralis,ERR1090410
270350,species,0.00364751,Methylobacterium hispanicum,ERR1090410
1168034,species,0.00364751,Draconibacterium orientale,ERR1090410
390842,species,0.00364751,Lactobacillus parafarraginis,ERR1090410
28025,species,0.00364751,Bifidobacterium animalis,ERR1090410
767892,species,0.00364751,Candidatus Puniceispirillum marinum,ERR1090410
329854,species,0.00364751,Bacteroides intestinalis,ERR1090410
859,species,0.00364751,Fusobacterium necrophorum,ERR1090410
39489,species,0.00364751,Clostridium moniliforme,ERR1090410
47884,species,0.00364751,Pseudomonas taetrolens,ERR1090410
17,species,0.00364751,Methylophilus methylotrophus,ERR1090410
1305,species,0.00364751,Streptococcus sanguinis,ERR1090410
35517,species,0.00364751,[Eubacterium] brachy,ERR1090410
1584,species,0.00364751,Lactobacillus delbrueckii,ERR1090410
419005,species,0.00364751,Prevotella amnii,ERR1090410
185300,species,0.00364751,Paludibacter propionicigenes,ERR1090410
152,species,0.00364751,Treponema stenostreptum,ERR1090410
52773,species,0.00364751,Actinomyces meyeri,ERR1090410
1311,species,0.00364751,Streptococcus agalactiae,ERR1090410
626947,species,0.00364751,Parasutterella secunda,ERR1090410
1492,species,0.00364751,Clostridium butyricum,ERR1090410
37919,species,0.00364751,Rhodococcus opacus,ERR1090410
52769,species,0.00364751,Actinomyces gerencseriae,ERR1090410
85874,species,0.00364751,Thermacetogenium phaeum,ERR1090410
591197,species,0.00364751,Ignavibacterium album,ERR1090410
102109,species,0.00364751,Desulfovibrio inopinatus,ERR1090410
97084,species,0.00364751,Halobacteriovorax marinus,ERR1090410
185293,species,0.00364751,Prevotella oryzae,ERR1090410
86332,species,0.00364751,Mogibacterium pumilum,ERR1090410
590841,species,0.00364751,Rhodococcus sp. YIM 100117,ERR1090410
310298,species,0.00364751,Bacteroides coprocola,ERR1090410
29552,species,0.00364751,Acholeplasma axanthum,ERR1090410
1121298,species,0.00364751,Clostridium amylolyticum,ERR1090410
626935,species,0.00364751,Collinsella tanakaei,ERR1090410
39768,species,0.00364751,Blattabacterium sp. (Mastotermes darwiniensis),ERR1090410
1633,species,0.00364751,Lactobacillus vaginalis,ERR1090410
34062,species,0.00364751,Moraxella osloensis,ERR1090410
29362,species,0.00364751,[Clostridium] papyrosolvens,ERR1090410
850,species,0.00364751,Fusobacterium mortiferum,ERR1090410
118748,species,0.00364751,Bulleidia extructa,ERR1090410
308892,species,0.00364751,Bacillus boroniphilus,ERR1090410
68274,species,0.00364751,Streptomyces tauricus,ERR1090410
1685,species,0.00364751,Bifidobacterium breve,ERR1090410
386414,species,0.00364751,Prevotella timonensis,ERR1090410
1532,species,0.00364751,Blautia coccoides,ERR1090410
29363,species,0.00364751,Clostridium paraputrificum,ERR1090410
54006,species,0.00364751,Peptoniphilus ivorii,ERR1090410
133453,species,0.00364751,Caldilinea aerophila,ERR1090410
381742,species,0.00364751,Lactobacillus camelliae,ERR1090410
358742,species,0.00364751,[Clostridium] aldenense,ERR1090410
1254,species,0.00364751,Pediococcus acidilactici,ERR1090410
732242,species,0.00364751,Bacteroides paurosaccharolyticus,ERR1090410
191579,species,0.00364751,Fluviicola taffensis,ERR1090410
357276,species,0.00364751,Bacteroides dorei,ERR1090410
1859290,species,0.00364751,Corynebacterium sp. YIM 101343,ERR1090410
84110,species,0.00364751,Slackia heliotrinireducens,ERR1090410
871324,species,0.00364751,Bacteroides stercorirosoris,ERR1090410
1507,species,0.00364751,Clostridium sp. ATCC 29733,ERR1090410
40324,species,0.00364751,Stenotrophomonas maltophilia,ERR1090410
310297,species,0.00364751,Bacteroides plebeius,ERR1090410
39494,species,0.00364751,[Eubacterium] tortuosum,ERR1090410
97253,species,0.00364751,Eubacterium plexicaudatum,ERR1090410
1502,species,0.00364751,Clostridium perfringens,ERR1090410
1598,species,0.00364751,Lactobacillus reuteri,ERR1090410
2741,species,0.00364751,Peptococcus niger,ERR1090410
905,species,0.00364751,Acidaminococcus fermentans,ERR1090410
115979,species,0.00364751,Bacillus nealsonii,ERR1090410
-1,species,25.3647,Unknown,ERR1090410
44749,species,13.452,Sporobacter termitidis,ERR1090410
397865,species,8.02816,Barnesiella viscericola,ERR1090410
1755626,species,7.08346,Faecalibacterium sp. MC_41,ERR1090410
165179,species,5.70105,Prevotella copri,ERR1090410
351091,species,4.52291,Oscillibacter valericigenes,ERR1090410
39492,species,2.58973,[Eubacterium] siraeum,ERR1090410
239935,species,2.36723,Akkermansia muciniphila,ERR1090410
454154,species,2.21768,Paraprevotella clara,ERR1090410
1630,species,1.82011,Kandleria vitulina,ERR1090410
39484,species,1.65961,Eubacterium desmolans,ERR1090410
28117,species,1.51371,Alistipes putredinis,ERR1090410
384638,species,1.43347,[Bacteroides] pectinophilus,ERR1090410
1559,species,1.35322,Clostridium tertium,ERR1090410
36745,species,1.34958,Clostridium saccharoperbutylacetonicum,ERR1090410
1264,species,0.995769,Ruminococcus albus,ERR1090410
39497,species,0.981179,Eubacterium xylanophilum,ERR1090410
820,species,0.948351,Bacteroides uniformis,ERR1090410
1515,species,0.919171,Ruminiclostridium thermocellum,ERR1090410
40520,species,0.875401,Blautia obeum,ERR1090410
169435,species,0.784214,Anaerotruncus colihominis,ERR1090410
626937,species,0.736796,Christensenella minuta,ERR1090410
1735,species,0.649256,Holdemanella biformis,ERR1090410
28116,species,0.598191,Bacteroides ovatus,ERR1090410
823,species,0.550773,Parabacteroides distasonis,ERR1090410
39485,species,0.514298,[Eubacterium] eligens,ERR1090410
46506,species,0.488766,Bacteroides stercoris,ERR1090410
46503,species,0.415816,Parabacteroides merdae,ERR1090410
821,species,0.379341,Bacteroides vulgatus,ERR1090410
1535,species,0.372046,[Clostridium] leptum,ERR1090410
261299,species,0.372046,Intestinibacter bartlettii,ERR1090410
301301,species,0.361103,Roseburia hominis,ERR1090410
214856,species,0.342865,Alistipes finegoldii,ERR1090410
1755629,species,0.299095,Victivallis sp. MC_44,ERR1090410
44742,species,0.273563,Desulfovibrio fairfieldensis,ERR1090410
28118,species,0.26262,Odoribacter splanchnicus,ERR1090410
38986,species,0.24803,Acholeplasma palmae,ERR1090410
328814,species,0.21885,Alistipes shahii,ERR1090410
84030,species,0.20426,[Clostridium] saccharolyticum,ERR1090410
626932,species,0.200613,Alistipes indistinctus,ERR1090410
39490,species,0.18967,Eubacterium ramulus,ERR1090410
47678,species,0.18967,Bacteroides caccae,ERR1090410
536633,species,0.182375,Blautia glucerasea,ERR1090410
69825,species,0.167785,[Clostridium] indolis,ERR1090410
1465754,species,0.167785,Alistipes timonensis,ERR1090410
626930,species,0.156843,Bacteroides fluxus,ERR1090410
818,species,0.153195,Bacteroides thetaiotaomicron,ERR1090410
33953,species,0.138605,Clostridium aminobutyricum,ERR1090410
1223514,species,0.134958,Corynebacterium humireducens,ERR1090410
1512,species,0.13131,[Clostridium] symbiosum,ERR1090410
288965,species,0.13131,[Clostridium] clariflavum,ERR1090410
410072,species,0.124015,Coprococcus comes,ERR1090410
1725,species,0.124015,Corynebacterium xerosis,ERR1090410
2173,species,0.11672,Methanobrevibacter smithii,ERR1090410
2317,species,0.109425,Methanosphaera stadtmanae,ERR1090410
29356,species,0.109425,Clostridium chartatabidum,ERR1090410
187327,species,0.109425,Acidaminococcus intestini,ERR1090410
84032,species,0.109425,[Clostridium] thermosuccinogenes,ERR1090410
871325,species,0.109425,Bacteroides faecichinchillae,ERR1090410
53443,species,0.105778,Blautia hydrogenotrophica,ERR1090410
1510,species,0.10213,[Clostridium] stercorarium,ERR1090410
133926,species,0.0984826,Olsenella uli,ERR1090410
328812,species,0.0984826,Parabacteroides goldsteinii,ERR1090410
39496,species,0.0911876,Eubacterium ventriosum,ERR1090410
328813,species,0.0911876,Alistipes onderdonkii,ERR1090410
35833,species,0.0875401,Bilophila wadsworthia,ERR1090410
29348,species,0.0765976,[Clostridium] spiroforme,ERR1090410
487175,species,0.0765976,Parasutterella excrementihominis,ERR1090410
1161942,species,0.0729501,Ruminococcus champanellensis,ERR1090410
43770,species,0.0729501,Corynebacterium striatum,ERR1090410
729,species,0.0693026,Haemophilus parainfluenzae,ERR1090410
166486,species,0.0693026,Roseburia intestinalis,ERR1090410
39486,species,0.0693026,Dorea formicigenerans,ERR1090410
1267,species,0.0693026,Clostridium ventriculi,ERR1090410
437898,species,0.0693026,Sutterella parvirubra,ERR1090410
89153,species,0.0620076,[Clostridium] hylemonae,ERR1090410
33043,species,0.0583601,Coprococcus eutactus,ERR1090410
191493,species,0.0583601,Corynebacterium sphenisci,ERR1090410
204516,species,0.0583601,Bacteroides massiliensis,ERR1090410
1352,species,0.0583601,Enterococcus faecium,ERR1090410
84109,species,0.0583601,Slackia exigua,ERR1090410
33035,species,0.0583601,Blautia producta,ERR1090410
246787,species,0.0547126,Bacteroides cellulosilyticus,ERR1090410
291644,species,0.0547126,Bacteroides salyersiae,ERR1090410
61635,species,0.0474176,Acholeplasma brassicae,ERR1090410
1280,species,0.0474176,Staphylococcus aureus,ERR1090410
37734,species,0.0437701,Enterococcus casseliflavus,ERR1090410
136857,species,0.0437701,Corynebacterium testudinoris,ERR1090410
29355,species,0.0401226,[Clostridium] cellobioparum,ERR1090410
671267,species,0.0401226,Bacteroides sartorii,ERR1090410
1308,species,0.0401226,Streptococcus thermophilus,ERR1090410
28446,species,0.0364751,[Clostridium] propionicum,ERR1090410
33038,species,0.0328275,[Ruminococcus] gnavus,ERR1090410
508460,species,0.0328275,Cloacibacillus evryensis,ERR1090410
270498,species,0.0328275,Catabacter hongkongensis,ERR1090410
1265,species,0.0328275,Ruminococcus flavefaciens,ERR1090410
28111,species,0.0328275,Bacteroides eggerthii,ERR1090410
84026,species,0.02918,[Clostridium] methylpentosum,ERR1090410
39493,species,0.02918,Clostridium tarantellae,ERR1090410
1859291,species,0.02918,Corynebacterium sp. YIM 101587,ERR1090410
310300,species,0.02918,Bacteroides pyogenes,ERR1090410
33964,species,0.02918,Leuconostoc citreum,ERR1090410
1544,species,0.02918,[Clostridium] oroticum,ERR1090410
180164,species,0.02918,Blautia schinkii,ERR1090410
574375,species,0.0255325,Bacillus gaemokensis,ERR1090410
882211,species,0.0255325,Pseudomonas deceptionensis,ERR1090410
847,species,0.0255325,Oxalobacter formigenes,ERR1090410
122355,species,0.0255325,Pseudomonas psychrophila,ERR1090410
626931,species,0.0255325,Bacteroides oleiciplenus,ERR1090410
1590,species,0.0255325,Lactobacillus plantarum,ERR1090410
1487956,species,0.021885,Corynebacterium sp. ATCC 6931,ERR1090410
35785,species,0.021885,Clostridium maximum,ERR1090410
28135,species,0.021885,Prevotella oris,ERR1090410
84031,species,0.021885,Clostridium sartagoforme,ERR1090410
208479,species,0.021885,[Clostridium] bolteae,ERR1090410
1724,species,0.021885,Corynebacterium renale,ERR1090410
1282,species,0.0182375,Staphylococcus epidermidis,ERR1090410
29370,species,0.0182375,[Clostridium] sphenoides,ERR1090410
589436,species,0.0182375,Prevotella fusca,ERR1090410
881,species,0.0182375,Desulfovibrio vulgaris,ERR1090410
228603,species,0.01459,Prevotella shahii,ERR1090410
52787,species,0.01459,Anaerofilum pentosovorans,ERR1090410
1717,species,0.01459,Corynebacterium diphtheriae,ERR1090410
36847,species,0.01459,[Clostridium] neopropionicum,ERR1090410
40519,species,0.01459,Ruminococcus callidus,ERR1090410
38304,species,0.01459,Corynebacterium tuberculostearicum,ERR1090410
61171,species,0.01459,Holdemania filiformis,ERR1090410
84112,species,0.01459,Eggerthella lenta,ERR1090410
1613,species,0.01459,Lactobacillus fermentum,ERR1090410
29385,species,0.01459,Staphylococcus saprophyticus,ERR1090410
40518,species,0.01459,Ruminococcus bromii,ERR1090410
39491,species,0.01459,[Eubacterium] rectale,ERR1090410
106588,species,0.01459,Pseudoflavonifractor capillosus,ERR1090410
839,species,0.01459,Prevotella ruminicola,ERR1090410
28129,species,0.01459,Prevotella denticola,ERR1090410
294,species,0.01459,Pseudomonas fluorescens,ERR1090410
29367,species,0.01459,Clostridium puniceum,ERR1090410
876,species,0.0109425,Desulfovibrio desulfuricans,ERR1090410
39488,species,0.0109425,[Eubacterium] hallii,ERR1090410
1491,species,0.0109425,Clostridium botulinum,ERR1090410
187145,species,0.0109425,Caldithrix abyssi,ERR1090410
414,species,0.0109425,Methylococcus capsulatus,ERR1090410
173480,species,0.0109425,Gemmatimonas aurantiaca,ERR1090410
282402,species,0.0109425,Prevotella multiformis,ERR1090410
395922,species,0.0109425,Coraliomargarita akajimensis,ERR1090410
371601,species,0.0109425,Bacteroides xylanisolvens,ERR1090410
884684,species,0.0109425,Mageeibacillus indolicus,ERR1090410
840,species,0.00729501,Prevotella loescheii,ERR1090410
1522,species,0.00729501,[Clostridium] innocuum,ERR1090410
155617,species,0.00729501,Enterococcus moraviensis,ERR1090410
341225,species,0.00729501,[Clostridium] saccharogumia,ERR1090410
291645,species,0.00729501,Bacteroides nordii,ERR1090410
552810,species,0.00729501,Dehalogenimonas lykanthroporepellens,ERR1090410
41976,species,0.00729501,Porphyromonas catoniae,ERR1090410
29466,species,0.00729501,Veillonella parvula,ERR1090410
885581,species,0.00729501,Desulfosporosinus acidiphilus,ERR1090410
2358,species,0.00729501,Desulfomonile tiedjei,ERR1090410
267818,species,0.00729501,Lactobacillus kefiranofaciens,ERR1090410
1303,species,0.00729501,Streptococcus oralis,ERR1090410
39778,species,0.00729501,Veillonella dispar,ERR1090410
189381,species,0.00729501,Bacillus marisflavi,ERR1090410
29354,species,0.00729501,[Clostridium] celerecrescens,ERR1090410
1727,species,0.00729501,Corynebacterium variabile,ERR1090410
1354,species,0.00729501,Enterococcus hirae,ERR1090410
1626,species,0.00729501,Lactobacillus sharpeae,ERR1090410
166501,species,0.00729501,Thermobaculum terrenum,ERR1090410
502558,species,0.00729501,Eggerthella sp. YY7918,ERR1090410
102684,species,0.00729501,Streptococcus infantarius,ERR1090410
28126,species,0.00729501,Prevotella buccae,ERR1090410
1497,species,0.00729501,Clostridium formicaceticum,ERR1090410
574930,species,0.00729501,Parabacteroides gordonii,ERR1090410
38289,species,0.00729501,Corynebacterium jeikeium,ERR1090410
43675,species,0.00729501,Rothia mucilaginosa,ERR1090410
29360,species,0.00729501,Cellulosilyticum lentocellum,ERR1090410
1382,species,0.00729501,Atopobium parvulum,ERR1090410
36835,species,0.00729501,[Clostridium] colinum,ERR1090410
1404,species,0.00729501,Bacillus megaterium,ERR1090410
1843,species,0.00729501,Nocardioides jensenii,ERR1090410
32016,species,0.00729501,Desulfovibrio oxamicus,ERR1090410
100176,species,0.00729501,Papillibacter cinnamivorans,ERR1090410
28901,species,0.00729501,Salmonella enterica,ERR1090410
1563,species,0.00729501,Desulfosporosinus orientis,ERR1090410
53462,species,0.00729501,Mycobacterium mageritense,ERR1090410
39494,species,0.00364751,[Eubacterium] tortuosum,ERR1090410
97253,species,0.00364751,Eubacterium plexicaudatum,ERR1090410
871324,species,0.00364751,Bacteroides stercorirosoris,ERR1090410
1507,species,0.00364751,Clostridium sp. ATCC 29733,ERR1090410
40324,species,0.00364751,Stenotrophomonas maltophilia,ERR1090410
310297,species,0.00364751,Bacteroides plebeius,ERR1090410
2741,species,0.00364751,Peptococcus niger,ERR1090410
905,species,0.00364751,Acidaminococcus fermentans,ERR1090410
115979,species,0.00364751,Bacillus nealsonii,ERR1090410
1502,species,0.00364751,Clostridium perfringens,ERR1090410
1598,species,0.00364751,Lactobacillus reuteri,ERR1090410
202604,species,0.00364751,Moorella mulderi,ERR1090410
252,species,0.00364751,Halomonas halmophila,ERR1090410
1133319,species,0.00364751,Bacteroides reticulotermitis,ERR1090410
77095,species,0.00364751,Prevotella bryantii,ERR1090410
487698,species,0.00364751,Stenotrophomonas pavanii,ERR1090410
33034,species,0.00364751,Anaerococcus prevotii,ERR1090410
851,species,0.00364751,Fusobacterium nucleatum,ERR1090410
31971,species,0.00364751,[Eubacterium] dolichum,ERR1090410
185294,species,0.00364751,Prevotella paludivivens,ERR1090410
202956,species,0.00364751,Acinetobacter towneri,ERR1090410
312279,species,0.00364751,Emticicia oligotrophica,ERR1090410
46228,species,0.00364751,Ruminococcus lactaris,ERR1090410
29346,species,0.00364751,[Clostridium] paradoxum,ERR1090410
477666,species,0.00364751,Bacteroides graminisolvens,ERR1090410
47770,species,0.00364751,Lactobacillus crispatus,ERR1090410
167964,species,0.00364751,Anaerolinea thermophila,ERR1090410
572036,species,0.00364751,Pedobacter luteus,ERR1090410
263475,species,0.00364751,Viridibacillus arvi,ERR1090410
28037,species,0.00364751,Streptococcus mitis,ERR1090410
163665,species,0.00364751,Dysgonomonas mossii,ERR1090410
1408,species,0.00364751,Bacillus pumilus,ERR1090410
146817,species,0.00364751,Dendrosporobacter quercicolus,ERR1090410
38301,species,0.00364751,Corynebacterium minutissimum,ERR1090410
589437,species,0.00364751,Prevotella scopos,ERR1090410
35756,species,0.00364751,Corynebacterium pilosum,ERR1090410
202267,species,0.00364751,Halomonas sp. YIM-kkny11,ERR1090410
196162,species,0.00364751,Nocardioides sp. JS614,ERR1090410
1113644,species,0.00364751,Runella sp. NBRC 15129,ERR1090410
1411316,species,0.00364751,Pedobacter sp.,ERR1090410
203471,species,0.00364751,Tepidiphilus margaritifer,ERR1090410
392838,species,0.00364751,Bacteroides propionicifaciens,ERR1090410
290055,species,0.00364751,[Eubacterium] fissicatena,ERR1090410
156456,species,0.00364751,Anaeroglobus geminatus,ERR1090410
270350,species,0.00364751,Methylobacterium hispanicum,ERR1090410
216816,species,0.00364751,Bifidobacterium longum,ERR1090410
28137,species,0.00364751,Prevotella veroralis,ERR1090410
28025,species,0.00364751,Bifidobacterium animalis,ERR1090410
767892,species,0.00364751,Candidatus Puniceispirillum marinum,ERR1090410
1168034,species,0.00364751,Draconibacterium orientale,ERR1090410
390842,species,0.00364751,Lactobacillus parafarraginis,ERR1090410
39489,species,0.00364751,Clostridium moniliforme,ERR1090410
47884,species,0.00364751,Pseudomonas taetrolens,ERR1090410
17,species,0.00364751,Methylophilus methylotrophus,ERR1090410
329854,species,0.00364751,Bacteroides intestinalis,ERR1090410
859,species,0.00364751,Fusobacterium necrophorum,ERR1090410
185300,species,0.00364751,Paludibacter propionicigenes,ERR1090410
152,species,0.00364751,Treponema stenostreptum,ERR1090410
52773,species,0.00364751,Actinomyces meyeri,ERR1090410
1305,species,0.00364751,Streptococcus sanguinis,ERR1090410
35517,species,0.00364751,[Eubacterium] brachy,ERR1090410
1584,species,0.00364751,Lactobacillus delbrueckii,ERR1090410
419005,species,0.00364751,Prevotella amnii,ERR1090410
1492,species,0.00364751,Clostridium butyricum,ERR1090410
37919,species,0.00364751,Rhodococcus opacus,ERR1090410
52769,species,0.00364751,Actinomyces gerencseriae,ERR1090410
1311,species,0.00364751,Streptococcus agalactiae,ERR1090410
626947,species,0.00364751,Parasutterella secunda,ERR1090410
97084,species,0.00364751,Halobacteriovorax marinus,ERR1090410
85874,species,0.00364751,Thermacetogenium phaeum,ERR1090410
591197,species,0.00364751,Ignavibacterium album,ERR1090410
102109,species,0.00364751,Desulfovibrio inopinatus,ERR1090410
310298,species,0.00364751,Bacteroides coprocola,ERR1090410
185293,species,0.00364751,Prevotella oryzae,ERR1090410
86332,species,0.00364751,Mogibacterium pumilum,ERR1090410
590841,species,0.00364751,Rhodococcus sp. YIM 100117,ERR1090410
1633,species,0.00364751,Lactobacillus vaginalis,ERR1090410
34062,species,0.00364751,Moraxella osloensis,ERR1090410
29552,species,0.00364751,Acholeplasma axanthum,ERR1090410
1121298,species,0.00364751,Clostridium amylolyticum,ERR1090410
626935,species,0.00364751,Collinsella tanakaei,ERR1090410
39768,species,0.00364751,Blattabacterium sp. (Mastotermes darwiniensis),ERR1090410
1532,species,0.00364751,Blautia coccoides,ERR1090410
29363,species,0.00364751,Clostridium paraputrificum,ERR1090410
54006,species,0.00364751,Peptoniphilus ivorii,ERR1090410
133453,species,0.00364751,Caldilinea aerophila,ERR1090410
29362,species,0.00364751,[Clostridium] papyrosolvens,ERR1090410
850,species,0.00364751,Fusobacterium mortiferum,ERR1090410
118748,species,0.00364751,Bulleidia extructa,ERR1090410
308892,species,0.00364751,Bacillus boroniphilus,ERR1090410
68274,species,0.00364751,Streptomyces tauricus,ERR1090410
1685,species,0.00364751,Bifidobacterium breve,ERR1090410
386414,species,0.00364751,Prevotella timonensis,ERR1090410
357276,species,0.00364751,Bacteroides dorei,ERR1090410
1859290,species,0.00364751,Corynebacterium sp. YIM 101343,ERR1090410
84110,species,0.00364751,Slackia heliotrinireducens,ERR1090410
381742,species,0.00364751,Lactobacillus camelliae,ERR1090410
358742,species,0.00364751,[Clostridium] aldenense,ERR1090410
1254,species,0.00364751,Pediococcus acidilactici,ERR1090410
732242,species,0.00364751,Bacteroides paurosaccharolyticus,ERR1090410
191579,species,0.00364751,Fluviicola taffensis,ERR1090410
-1,species,25.3647,Unknown,ERR1090410
44749,species,13.452,Sporobacter termitidis,ERR1090410
397865,species,8.02816,Barnesiella viscericola,ERR1090410
1755626,species,7.08346,Faecalibacterium sp. MC_41,ERR1090410
165179,species,5.70105,Prevotella copri,ERR1090410
351091,species,4.52291,Oscillibacter valericigenes,ERR1090410
39492,species,2.58973,[Eubacterium] siraeum,ERR1090410
239935,species,2.36723,Akkermansia muciniphila,ERR1090410
454154,species,2.21768,Paraprevotella clara,ERR1090410
1630,species,1.82011,Kandleria vitulina,ERR1090410
39484,species,1.65961,Eubacterium desmolans,ERR1090410
28117,species,1.51371,Alistipes putredinis,ERR1090410
384638,species,1.43347,[Bacteroides] pectinophilus,ERR1090410
1559,species,1.35322,Clostridium tertium,ERR1090410
36745,species,1.34958,Clostridium saccharoperbutylacetonicum,ERR1090410
1264,species,0.995769,Ruminococcus albus,ERR1090410
39497,species,0.981179,Eubacterium xylanophilum,ERR1090410
820,species,0.948351,Bacteroides uniformis,ERR1090410
1515,species,0.919171,Ruminiclostridium thermocellum,ERR1090410
40520,species,0.875401,Blautia obeum,ERR1090410
169435,species,0.784214,Anaerotruncus colihominis,ERR1090410
626937,species,0.736796,Christensenella minuta,ERR1090410
1735,species,0.649256,Holdemanella biformis,ERR1090410
28116,species,0.598191,Bacteroides ovatus,ERR1090410
823,species,0.550773,Parabacteroides distasonis,ERR1090410
39485,species,0.514298,[Eubacterium] eligens,ERR1090410
46506,species,0.488766,Bacteroides stercoris,ERR1090410
46503,species,0.415816,Parabacteroides merdae,ERR1090410
821,species,0.379341,Bacteroides vulgatus,ERR1090410
1535,species,0.372046,[Clostridium] leptum,ERR1090410
261299,species,0.372046,Intestinibacter bartlettii,ERR1090410
301301,species,0.361103,Roseburia hominis,ERR1090410
214856,species,0.342865,Alistipes finegoldii,ERR1090410
1755629,species,0.299095,Victivallis sp. MC_44,ERR1090410
44742,species,0.273563,Desulfovibrio fairfieldensis,ERR1090410
28118,species,0.26262,Odoribacter splanchnicus,ERR1090410
38986,species,0.24803,Acholeplasma palmae,ERR1090410
328814,species,0.21885,Alistipes shahii,ERR1090410
84030,species,0.20426,[Clostridium] saccharolyticum,ERR1090410
626932,species,0.200613,Alistipes indistinctus,ERR1090410
39490,species,0.18967,Eubacterium ramulus,ERR1090410
47678,species,0.18967,Bacteroides caccae,ERR1090410
536633,species,0.182375,Blautia glucerasea,ERR1090410
69825,species,0.167785,[Clostridium] indolis,ERR1090410
1465754,species,0.167785,Alistipes timonensis,ERR1090410
626930,species,0.156843,Bacteroides fluxus,ERR1090410
818,species,0.153195,Bacteroides thetaiotaomicron,ERR1090410
33953,species,0.138605,Clostridium aminobutyricum,ERR1090410
1223514,species,0.134958,Corynebacterium humireducens,ERR1090410
1512,species,0.13131,[Clostridium] symbiosum,ERR1090410
288965,species,0.13131,[Clostridium] clariflavum,ERR1090410
410072,species,0.124015,Coprococcus comes,ERR1090410
1725,species,0.124015,Corynebacterium xerosis,ERR1090410
2173,species,0.11672,Methanobrevibacter smithii,ERR1090410
84032,species,0.109425,[Clostridium] thermosuccinogenes,ERR1090410
871325,species,0.109425,Bacteroides faecichinchillae,ERR1090410
2317,species,0.109425,Methanosphaera stadtmanae,ERR1090410
29356,species,0.109425,Clostridium chartatabidum,ERR1090410
187327,species,0.109425,Acidaminococcus intestini,ERR1090410
53443,species,0.105778,Blautia hydrogenotrophica,ERR1090410
1510,species,0.10213,[Clostridium] stercorarium,ERR1090410
133926,species,0.0984826,Olsenella uli,ERR1090410
328812,species,0.0984826,Parabacteroides goldsteinii,ERR1090410
39496,species,0.0911876,Eubacterium ventriosum,ERR1090410
328813,species,0.0911876,Alistipes onderdonkii,ERR1090410
35833,species,0.0875401,Bilophila wadsworthia,ERR1090410
29348,species,0.0765976,[Clostridium] spiroforme,ERR1090410
487175,species,0.0765976,Parasutterella excrementihominis,ERR1090410
43770,species,0.0729501,Corynebacterium striatum,ERR1090410
1161942,species,0.0729501,Ruminococcus champanellensis,ERR1090410
729,species,0.0693026,Haemophilus parainfluenzae,ERR1090410
166486,species,0.0693026,Roseburia intestinalis,ERR1090410
39486,species,0.0693026,Dorea formicigenerans,ERR1090410
1267,species,0.0693026,Clostridium ventriculi,ERR1090410
437898,species,0.0693026,Sutterella parvirubra,ERR1090410
89153,species,0.0620076,[Clostridium] hylemonae,ERR1090410
84109,species,0.0583601,Slackia exigua,ERR1090410
33035,species,0.0583601,Blautia producta,ERR1090410
33043,species,0.0583601,Coprococcus eutactus,ERR1090410
191493,species,0.0583601,Corynebacterium sphenisci,ERR1090410
204516,species,0.0583601,Bacteroides massiliensis,ERR1090410
1352,species,0.0583601,Enterococcus faecium,ERR1090410
246787,species,0.0547126,Bacteroides cellulosilyticus,ERR1090410
291644,species,0.0547126,Bacteroides salyersiae,ERR1090410
1280,species,0.0474176,Staphylococcus aureus,ERR1090410
61635,species,0.0474176,Acholeplasma brassicae,ERR1090410
37734,species,0.0437701,Enterococcus casseliflavus,ERR1090410
136857,species,0.0437701,Corynebacterium testudinoris,ERR1090410
29355,species,0.0401226,[Clostridium] cellobioparum,ERR1090410
671267,species,0.0401226,Bacteroides sartorii,ERR1090410
1308,species,0.0401226,Streptococcus thermophilus,ERR1090410
28446,species,0.0364751,[Clostridium] propionicum,ERR1090410
33038,species,0.0328275,[Ruminococcus] gnavus,ERR1090410
508460,species,0.0328275,Cloacibacillus evryensis,ERR1090410
270498,species,0.0328275,Catabacter hongkongensis,ERR1090410
1265,species,0.0328275,Ruminococcus flavefaciens,ERR1090410
28111,species,0.0328275,Bacteroides eggerthii,ERR1090410
1544,species,0.02918,[Clostridium] oroticum,ERR1090410
180164,species,0.02918,Blautia schinkii,ERR1090410
84026,species,0.02918,[Clostridium] methylpentosum,ERR1090410
39493,species,0.02918,Clostridium tarantellae,ERR1090410
1859291,species,0.02918,Corynebacterium sp. YIM 101587,ERR1090410
310300,species,0.02918,Bacteroides pyogenes,ERR1090410
33964,species,0.02918,Leuconostoc citreum,ERR1090410
574375,species,0.0255325,Bacillus gaemokensis,ERR1090410
882211,species,0.0255325,Pseudomonas deceptionensis,ERR1090410
847,species,0.0255325,Oxalobacter formigenes,ERR1090410
122355,species,0.0255325,Pseudomonas psychrophila,ERR1090410
1590,species,0.0255325,Lactobacillus plantarum,ERR1090410
626931,species,0.0255325,Bacteroides oleiciplenus,ERR1090410
1724,species,0.021885,Corynebacterium renale,ERR1090410
1487956,species,0.021885,Corynebacterium sp. ATCC 6931,ERR1090410
35785,species,0.021885,Clostridium maximum,ERR1090410
28135,species,0.021885,Prevotella oris,ERR1090410
84031,species,0.021885,Clostridium sartagoforme,ERR1090410
208479,species,0.021885,[Clostridium] bolteae,ERR1090410
1282,species,0.0182375,Staphylococcus epidermidis,ERR1090410
29370,species,0.0182375,[Clostridium] sphenoides,ERR1090410
589436,species,0.0182375,Prevotella fusca,ERR1090410
881,species,0.0182375,Desulfovibrio vulgaris,ERR1090410
294,species,0.01459,Pseudomonas fluorescens,ERR1090410
29367,species,0.01459,Clostridium puniceum,ERR1090410
228603,species,0.01459,Prevotella shahii,ERR1090410
52787,species,0.01459,Anaerofilum pentosovorans,ERR1090410
1717,species,0.01459,Corynebacterium diphtheriae,ERR1090410
36847,species,0.01459,[Clostridium] neopropionicum,ERR1090410
40519,species,0.01459,Ruminococcus callidus,ERR1090410
38304,species,0.01459,Corynebacterium tuberculostearicum,ERR1090410
61171,species,0.01459,Holdemania filiformis,ERR1090410
84112,species,0.01459,Eggerthella lenta,ERR1090410
1613,species,0.01459,Lactobacillus fermentum,ERR1090410
29385,species,0.01459,Staphylococcus saprophyticus,ERR1090410
40518,species,0.01459,Ruminococcus bromii,ERR1090410
39491,species,0.01459,[Eubacterium] rectale,ERR1090410
106588,species,0.01459,Pseudoflavonifractor capillosus,ERR1090410
839,species,0.01459,Prevotella ruminicola,ERR1090410
28129,species,0.01459,Prevotella denticola,ERR1090410
371601,species,0.0109425,Bacteroides xylanisolvens,ERR1090410
884684,species,0.0109425,Mageeibacillus indolicus,ERR1090410
876,species,0.0109425,Desulfovibrio desulfuricans,ERR1090410
39488,species,0.0109425,[Eubacterium] hallii,ERR1090410
1491,species,0.0109425,Clostridium botulinum,ERR1090410
187145,species,0.0109425,Caldithrix abyssi,ERR1090410
414,species,0.0109425,Methylococcus capsulatus,ERR1090410
173480,species,0.0109425,Gemmatimonas aurantiaca,ERR1090410
282402,species,0.0109425,Prevotella multiformis,ERR1090410
395922,species,0.0109425,Coraliomargarita akajimensis,ERR1090410
100176,species,0.00729501,Papillibacter cinnamivorans,ERR1090410
28901,species,0.00729501,Salmonella enterica,ERR1090410
1843,species,0.00729501,Nocardioides jensenii,ERR1090410
32016,species,0.00729501,Desulfovibrio oxamicus,ERR1090410
1563,species,0.00729501,Desulfosporosinus orientis,ERR1090410
53462,species,0.00729501,Mycobacterium mageritense,ERR1090410
840,species,0.00729501,Prevotella loescheii,ERR1090410
1522,species,0.00729501,[Clostridium] innocuum,ERR1090410
155617,species,0.00729501,Enterococcus moraviensis,ERR1090410
41976,species,0.00729501,Porphyromonas catoniae,ERR1090410
341225,species,0.00729501,[Clostridium] saccharogumia,ERR1090410
291645,species,0.00729501,Bacteroides nordii,ERR1090410
552810,species,0.00729501,Dehalogenimonas lykanthroporepellens,ERR1090410
29466,species,0.00729501,Veillonella parvula,ERR1090410
885581,species,0.00729501,Desulfosporosinus acidiphilus,ERR1090410
2358,species,0.00729501,Desulfomonile tiedjei,ERR1090410
267818,species,0.00729501,Lactobacillus kefiranofaciens,ERR1090410
1303,species,0.00729501,Streptococcus oralis,ERR1090410
39778,species,0.00729501,Veillonella dispar,ERR1090410
1727,species,0.00729501,Corynebacterium variabile,ERR1090410
189381,species,0.00729501,Bacillus marisflavi,ERR1090410
29354,species,0.00729501,[Clostridium] celerecrescens,ERR1090410
1354,species,0.00729501,Enterococcus hirae,ERR1090410
1626,species,0.00729501,Lactobacillus sharpeae,ERR1090410
166501,species,0.00729501,Thermobaculum terrenum,ERR1090410
502558,species,0.00729501,Eggerthella sp. YY7918,ERR1090410
102684,species,0.00729501,Streptococcus infantarius,ERR1090410
28126,species,0.00729501,Prevotella buccae,ERR1090410
1497,species,0.00729501,Clostridium formicaceticum,ERR1090410
574930,species,0.00729501,Parabacteroides gordonii,ERR1090410
38289,species,0.00729501,Corynebacterium jeikeium,ERR1090410
43675,species,0.00729501,Rothia mucilaginosa,ERR1090410
29360,species,0.00729501,Cellulosilyticum lentocellum,ERR1090410
1382,species,0.00729501,Atopobium parvulum,ERR1090410
36835,species,0.00729501,[Clostridium] colinum,ERR1090410
1404,species,0.00729501,Bacillus megaterium,ERR1090410
1633,species,0.00364751,Lactobacillus vaginalis,ERR1090410
34062,species,0.00364751,Moraxella osloensis,ERR1090410
29552,species,0.00364751,Acholeplasma axanthum,ERR1090410
1121298,species,0.00364751,Clostridium amylolyticum,ERR1090410
626935,species,0.00364751,Collinsella tanakaei,ERR1090410
39768,species,0.00364751,Blattabacterium sp. (Mastotermes darwiniensis),ERR1090410
386414,species,0.00364751,Prevotella timonensis,ERR1090410
1532,species,0.00364751,Blautia coccoides,ERR1090410
29363,species,0.00364751,Clostridium paraputrificum,ERR1090410
54006,species,0.00364751,Peptoniphilus ivorii,ERR1090410
133453,species,0.00364751,Caldilinea aerophila,ERR1090410
29362,species,0.00364751,[Clostridium] papyrosolvens,ERR1090410
850,species,0.00364751,Fusobacterium mortiferum,ERR1090410
118748,species,0.00364751,Bulleidia extructa,ERR1090410
308892,species,0.00364751,Bacillus boroniphilus,ERR1090410
68274,species,0.00364751,Streptomyces tauricus,ERR1090410
1685,species,0.00364751,Bifidobacterium breve,ERR1090410
191579,species,0.00364751,Fluviicola taffensis,ERR1090410
357276,species,0.00364751,Bacteroides dorei,ERR1090410
1859290,species,0.00364751,Corynebacterium sp. YIM 101343,ERR1090410
84110,species,0.00364751,Slackia heliotrinireducens,ERR1090410
381742,species,0.00364751,Lactobacillus camelliae,ERR1090410
358742,species,0.00364751,[Clostridium] aldenense,ERR1090410
1254,species,0.00364751,Pediococcus acidilactici,ERR1090410
732242,species,0.00364751,Bacteroides paurosaccharolyticus,ERR1090410
39494,species,0.00364751,[Eubacterium] tortuosum,ERR1090410
97253,species,0.00364751,Eubacterium plexicaudatum,ERR1090410
871324,species,0.00364751,Bacteroides stercorirosoris,ERR1090410
1507,species,0.00364751,Clostridium sp. ATCC 29733,ERR1090410
40324,species,0.00364751,Stenotrophomonas maltophilia,ERR1090410
310297,species,0.00364751,Bacteroides plebeius,ERR1090410
2741,species,0.00364751,Peptococcus niger,ERR1090410
905,species,0.00364751,Acidaminococcus fermentans,ERR1090410
115979,species,0.00364751,Bacillus nealsonii,ERR1090410
1502,species,0.00364751,Clostridium perfringens,ERR1090410
1598,species,0.00364751,Lactobacillus reuteri,ERR1090410
851,species,0.00364751,Fusobacterium nucleatum,ERR1090410
202604,species,0.00364751,Moorella mulderi,ERR1090410
252,species,0.00364751,Halomonas halmophila,ERR1090410
1133319,species,0.00364751,Bacteroides reticulotermitis,ERR1090410
77095,species,0.00364751,Prevotella bryantii,ERR1090410
487698,species,0.00364751,Stenotrophomonas pavanii,ERR1090410
33034,species,0.00364751,Anaerococcus prevotii,ERR1090410
31971,species,0.00364751,[Eubacterium] dolichum,ERR1090410
185294,species,0.00364751,Prevotella paludivivens,ERR1090410
202956,species,0.00364751,Acinetobacter towneri,ERR1090410
312279,species,0.00364751,Emticicia oligotrophica,ERR1090410
46228,species,0.00364751,Ruminococcus lactaris,ERR1090410
29346,species,0.00364751,[Clostridium] paradoxum,ERR1090410
477666,species,0.00364751,Bacteroides graminisolvens,ERR1090410
47770,species,0.00364751,Lactobacillus crispatus,ERR1090410
167964,species,0.00364751,Anaerolinea thermophila,ERR1090410
572036,species,0.00364751,Pedobacter luteus,ERR1090410
35756,species,0.00364751,Corynebacterium pilosum,ERR1090410
263475,species,0.00364751,Viridibacillus arvi,ERR1090410
28037,species,0.00364751,Streptococcus mitis,ERR1090410
163665,species,0.00364751,Dysgonomonas mossii,ERR1090410
1408,species,0.00364751,Bacillus pumilus,ERR1090410
146817,species,0.00364751,Dendrosporobacter quercicolus,ERR1090410
38301,species,0.00364751,Corynebacterium minutissimum,ERR1090410
589437,species,0.00364751,Prevotella scopos,ERR1090410
156456,species,0.00364751,Anaeroglobus geminatus,ERR1090410
202267,species,0.00364751,Halomonas sp. YIM-kkny11,ERR1090410
196162,species,0.00364751,Nocardioides sp. JS614,ERR1090410
1113644,species,0.00364751,Runella sp. NBRC 15129,ERR1090410
1411316,species,0.00364751,Pedobacter sp.,ERR1090410
203471,species,0.00364751,Tepidiphilus margaritifer,ERR1090410
392838,species,0.00364751,Bacteroides propionicifaciens,ERR1090410
290055,species,0.00364751,[Eubacterium] fissicatena,ERR1090410
270350,species,0.00364751,Methylobacterium hispanicum,ERR1090410
216816,species,0.00364751,Bifidobacterium longum,ERR1090410
28137,species,0.00364751,Prevotella veroralis,ERR1090410
28025,species,0.00364751,Bifidobacterium animalis,ERR1090410
767892,species,0.00364751,Candidatus Puniceispirillum marinum,ERR1090410
1168034,species,0.00364751,Draconibacterium orientale,ERR1090410
390842,species,0.00364751,Lactobacillus parafarraginis,ERR1090410
859,species,0.00364751,Fusobacterium necrophorum,ERR1090410
39489,species,0.00364751,Clostridium moniliforme,ERR1090410
47884,species,0.00364751,Pseudomonas taetrolens,ERR1090410
17,species,0.00364751,Methylophilus methylotrophus,ERR1090410
329854,species,0.00364751,Bacteroides intestinalis,ERR1090410
185300,species,0.00364751,Paludibacter propionicigenes,ERR1090410
152,species,0.00364751,Treponema stenostreptum,ERR1090410
52773,species,0.00364751,Actinomyces meyeri,ERR1090410
1305,species,0.00364751,Streptococcus sanguinis,ERR1090410
35517,species,0.00364751,[Eubacterium] brachy,ERR1090410
1584,species,0.00364751,Lactobacillus delbrueckii,ERR1090410
419005,species,0.00364751,Prevotella amnii,ERR1090410
1492,species,0.00364751,Clostridium butyricum,ERR1090410
37919,species,0.00364751,Rhodococcus opacus,ERR1090410
52769,species,0.00364751,Actinomyces gerencseriae,ERR1090410
1311,species,0.00364751,Streptococcus agalactiae,ERR1090410
626947,species,0.00364751,Parasutterella secunda,ERR1090410
102109,species,0.00364751,Desulfovibrio inopinatus,ERR1090410
97084,species,0.00364751,Halobacteriovorax marinus,ERR1090410
85874,species,0.00364751,Thermacetogenium phaeum,ERR1090410
591197,species,0.00364751,Ignavibacterium album,ERR1090410
310298,species,0.00364751,Bacteroides coprocola,ERR1090410
185293,species,0.00364751,Prevotella oryzae,ERR1090410
86332,species,0.00364751,Mogibacterium pumilum,ERR1090410
590841,species,0.00364751,Rhodococcus sp. YIM 100117,ERR1090410
-1,species,25.3647,Unknown,ERR1090410
1755626,species,21.2956,Faecalibacterium sp. MC_41,ERR1090473
821,species,6.46135,Bacteroides vulgatus,ERR1090473
39492,species,3.99642,[Eubacterium] siraeum,ERR1090473
28116,species,2.99033,Bacteroides ovatus,ERR1090473
204516,species,2.90649,Bacteroides massiliensis,ERR1090473
39485,species,1.82215,[Eubacterium] eligens,ERR1090473
1535,species,1.64887,[Clostridium] leptum,ERR1090473
820,species,1.59298,Bacteroides uniformis,ERR1090473
823,species,1.17936,Parabacteroides distasonis,ERR1090473
218538,species,1.00609,Dialister invisus,ERR1090473
169435,species,0.916662,Anaerotruncus colihominis,ERR1090473
28117,species,0.676318,Alistipes putredinis,ERR1090473
397865,species,0.626013,Barnesiella viscericola,ERR1090473
44749,species,0.614834,Sporobacter termitidis,ERR1090473
39497,species,0.603655,Eubacterium xylanophilum,ERR1090473
29348,species,0.592477,[Clostridium] spiroforme,ERR1090473
536633,species,0.514225,Blautia glucerasea,ERR1090473
261299,species,0.508636,Intestinibacter bartlettii,ERR1090473
351091,species,0.419205,Oscillibacter valericigenes,ERR1090473
818,species,0.346543,Bacteroides thetaiotaomicron,ERR1090473
1689,species,0.346543,Bifidobacterium dentium,ERR1090473
69825,species,0.313007,[Clostridium] indolis,ERR1090473
328814,species,0.262702,Alistipes shahii,ERR1090473
84032,species,0.229166,[Clostridium] thermosuccinogenes,ERR1090473
84030,species,0.217987,[Clostridium] saccharolyticum,ERR1090473
301301,species,0.212397,Roseburia hominis,ERR1090473
166486,species,0.212397,Roseburia intestinalis,ERR1090473
208479,species,0.206808,[Clostridium] bolteae,ERR1090473
143393,species,0.201218,[Eubacterium] sulci,ERR1090473
105841,species,0.162093,Anaerostipes caccae,ERR1090473
46503,species,0.156503,Parabacteroides merdae,ERR1090473
645466,species,0.150914,Anaerostipes butyraticus,ERR1090473
31971,species,0.128556,[Eubacterium] dolichum,ERR1090473
1515,species,0.122967,Ruminiclostridium thermocellum,ERR1090473
28118,species,0.122967,Odoribacter splanchnicus,ERR1090473
52787,species,0.111788,Anaerofilum pentosovorans,ERR1090473
39496,species,0.106199,Eubacterium ventriosum,ERR1090473
39484,species,0.0894304,Eubacterium desmolans,ERR1090473
61171,species,0.083841,Holdemania filiformis,ERR1090473
29370,species,0.0782516,[Clostridium] sphenoides,ERR1090473
1512,species,0.0726622,[Clostridium] symbiosum,ERR1090473
46228,species,0.0726622,Ruminococcus lactaris,ERR1090473
33035,species,0.0670728,Blautia producta,ERR1090473
585,species,0.0670728,Proteus vulgaris,ERR1090473
40520,species,0.055894,Blautia obeum,ERR1090473
371601,species,0.0447152,Bacteroides xylanisolvens,ERR1090473
28901,species,0.0447152,Salmonella enterica,ERR1090473
36835,species,0.0391258,[Clostridium] colinum,ERR1090473
39486,species,0.0391258,Dorea formicigenerans,ERR1090473
106588,species,0.0391258,Pseudoflavonifractor capillosus,ERR1090473
1308,species,0.0391258,Streptococcus thermophilus,ERR1090473
33038,species,0.0335364,[Ruminococcus] gnavus,ERR1090473
29466,species,0.0335364,Veillonella parvula,ERR1090473
671267,species,0.0335364,Bacteroides sartorii,ERR1090473
40518,species,0.0335364,Ruminococcus bromii,ERR1090473
47678,species,0.0335364,Bacteroides caccae,ERR1090473
39483,species,0.0335364,Faecalitalea cylindroides,ERR1090473
28446,species,0.0335364,[Clostridium] propionicum,ERR1090473
155617,species,0.027947,Enterococcus moraviensis,ERR1090473
1532,species,0.027947,Blautia coccoides,ERR1090473
1379,species,0.027947,Gemella haemolysans,ERR1090473
28037,species,0.0223576,Streptococcus mitis,ERR1090473
28130,species,0.0223576,Prevotella disiens,ERR1090473
100884,species,0.0223576,Coprobacillus cateniformis,ERR1090473
338188,species,0.0223576,Bacteroides finegoldii,ERR1090473
216816,species,0.0223576,Bifidobacterium longum,ERR1090473
572036,species,0.0167682,Pedobacter luteus,ERR1090473
37734,species,0.0167682,Enterococcus casseliflavus,ERR1090473
562,species,0.0167682,Escherichia coli,ERR1090473
282125,species,0.0167682,Sutterella sanguinus,ERR1090473
1054,species,0.0167682,Ectothiorhodospira shaposhnikovii,ERR1090473
584,species,0.0167682,Proteus mirabilis,ERR1090473
29354,species,0.0167682,[Clostridium] celerecrescens,ERR1090473
33039,species,0.0167682,[Ruminococcus] torques,ERR1090473
28127,species,0.0167682,Prevotella buccalis,ERR1090473
357276,species,0.0167682,Bacteroides dorei,ERR1090473
1265,species,0.0167682,Ruminococcus flavefaciens,ERR1090473
341225,species,0.0167682,[Clostridium] saccharogumia,ERR1090473
328813,species,0.0111788,Alistipes onderdonkii,ERR1090473
106648,species,0.0111788,Acinetobacter bereziniae,ERR1090473
437898,species,0.0111788,Sutterella parvirubra,ERR1090473
53443,species,0.0111788,Blautia hydrogenotrophica,ERR1090473
29375,species,0.0111788,[Clostridium] xylanolyticum,ERR1090473
118967,species,0.0111788,Anaerorhabdus furcosa,ERR1090473
1352,species,0.0111788,Enterococcus faecium,ERR1090473
839,species,0.0111788,Prevotella ruminicola,ERR1090473
288965,species,0.0111788,[Clostridium] clariflavum,ERR1090473
1304,species,0.0111788,Streptococcus salivarius,ERR1090473
100176,species,0.0111788,Papillibacter cinnamivorans,ERR1090473
209458,species,0.0111788,Bacillus arbutinivorans,ERR1090473
35517,species,0.0111788,[Eubacterium] brachy,ERR1090473
203471,species,0.0111788,Tepidiphilus margaritifer,ERR1090473
461876,species,0.0111788,Alkaliphilus oremlandii,ERR1090473
39778,species,0.0111788,Veillonella dispar,ERR1090473
114702,species,0.0111788,Actinomyces lingnae,ERR1090473
1827101,species,0.0111788,Eubacterium sp. JCM 9976,ERR1090473
46506,species,0.0111788,Bacteroides stercoris,ERR1090473
329854,species,0.0111788,Bacteroides intestinalis,ERR1090473
151276,species,0.0111788,Bacteroides coprosuis,ERR1090473
291645,species,0.0111788,Bacteroides nordii,ERR1090473
876,species,0.0111788,Desulfovibrio desulfuricans,ERR1090473
43675,species,0.0111788,Rothia mucilaginosa,ERR1090473
1629,species,0.0111788,Weissella viridescens,ERR1090473
649724,species,0.0111788,Clostridium sp. ATCC BAA-442,ERR1090473
125614,species,0.0055894,Thiothrix disciformis,ERR1090473
115979,species,0.0055894,Bacillus nealsonii,ERR1090473
183417,species,0.0055894,Proteus hauseri,ERR1090473
316,species,0.0055894,Pseudomonas stutzeri,ERR1090473
90730,species,0.0055894,Desulfosarcina cetonica,ERR1090473
1522,species,0.0055894,[Clostridium] innocuum,ERR1090473
626933,species,0.0055894,Odoribacter laneus,ERR1090473
392333,species,0.0055894,Geoalkalibacter ferrihydriticus,ERR1090473
190893,species,0.0055894,Vibrio coralliilyticus,ERR1090473
29369,species,0.0055894,Clostridium sardiniense,ERR1090473
51664,species,0.0055894,Lactobacillus dextrinicus,ERR1090473
214856,species,0.0055894,Alistipes finegoldii,ERR1090473
633415,species,0.0055894,Aeromonas sanarellii,ERR1090473
2057,species,0.0055894,Sphaerobacter thermophilus,ERR1090473
863372,species,0.0055894,Herbaspirillum huttiense,ERR1090473
1688,species,0.0055894,Bifidobacterium cuniculi,ERR1090473
2702,species,0.0055894,Gardnerella vaginalis,ERR1090473
762210,species,0.0055894,Bifidobacterium saguini,ERR1090473
35519,species,0.0055894,Mogibacterium timidum,ERR1090473
871325,species,0.0055894,Bacteroides faecichinchillae,ERR1090473
1177755,species,0.0055894,Methyloligella halotolerans,ERR1090473
1685,species,0.0055894,Bifidobacterium breve,ERR1090473
1297750,species,0.0055894,Bacteroides luti,ERR1090473
1680,species,0.0055894,Bifidobacterium adolescentis,ERR1090473
1755607,species,0.0055894,Bacteroides sp. MC_16,ERR1090473
51195,species,0.0055894,Desulfofustis glycolicus,ERR1090473
28026,species,0.0055894,Bifidobacterium pseudocatenulatum,ERR1090473
665914,species,0.0055894,Pantoea gaviniae,ERR1090473
1303,species,0.0055894,Streptococcus oralis,ERR1090473
1590,species,0.0055894,Lactobacillus plantarum,ERR1090473
1404,species,0.0055894,Bacillus megaterium,ERR1090473
33043,species,0.0055894,Coprococcus eutactus,ERR1090473
86663,species,0.0055894,Bacillus carboniphilus,ERR1090473
47770,species,0.0055894,Lactobacillus crispatus,ERR1090473
1304158,species,0.0055894,Salinisphaera halophila,ERR1090473
1755629,species,0.0055894,Victivallis sp. MC_44,ERR1090473
273677,species,0.0055894,Microbacterium oleivorans,ERR1090473
1428,species,0.0055894,Bacillus thuringiensis,ERR1090473
40324,species,0.0055894,Stenotrophomonas maltophilia,ERR1090473
1114008,species,0.0055894,Lactobacillus sp. NBRC 107185,ERR1090473
40214,species,0.0055894,Acinetobacter johnsonii,ERR1090473
1462,species,0.0055894,Geobacillus kaustophilus,ERR1090473
255507,species,0.0055894,Arcobacter cibarius,ERR1090473
2350,species,0.0055894,Haliscomenobacter hydrossis,ERR1090473
634771,species,0.0055894,Chitinophaga eiseniae,ERR1090473
564835,species,0.0055894,Pedobacter koreensis,ERR1090473
259,species,0.0055894,Sphingobacterium thalpophilum,ERR1090473
1354,species,0.0055894,Enterococcus hirae,ERR1090473
43948,species,0.0055894,Tolumonas auensis,ERR1090473
362787,species,0.0055894,Candidatus Protochlamydia amoebophila,ERR1090473
39491,species,0.0055894,[Eubacterium] rectale,ERR1090473
1732,species,0.0055894,Eubacterium oxidoreducens,ERR1090473
1391653,species,0.0055894,Vulgatibacter incomptus,ERR1090473
1606,species,0.0055894,Lactobacillus aviarius,ERR1090473
65700,species,0.0055894,Erwinia tracheiphila,ERR1090473
35785,species,0.0055894,Clostridium maximum,ERR1090473
133453,species,0.0055894,Caldilinea aerophila,ERR1090473
310298,species,0.0055894,Bacteroides coprocola,ERR1090473
358742,species,0.0055894,[Clostridium] aldenense,ERR1090473
1496,species,0.0055894,Clostridioides difficile,ERR1090473
39488,species,0.0055894,[Eubacterium] hallii,ERR1090473
86957,species,0.0055894,Selenomonas lacticifex,ERR1090473
29374,species,0.0055894,Filifactor villosus,ERR1090473
-1,species,43.9103,Unknown,ERR1090473
1755626,species,21.2956,Faecalibacterium sp. MC_41,ERR1090473
821,species,6.46135,Bacteroides vulgatus,ERR1090473
39492,species,3.99642,[Eubacterium] siraeum,ERR1090473
28116,species,2.99033,Bacteroides ovatus,ERR1090473
204516,species,2.90649,Bacteroides massiliensis,ERR1090473
39485,species,1.82215,[Eubacterium] eligens,ERR1090473
1535,species,1.64887,[Clostridium] leptum,ERR1090473
820,species,1.59298,Bacteroides uniformis,ERR1090473
823,species,1.17936,Parabacteroides distasonis,ERR1090473
218538,species,1.00609,Dialister invisus,ERR1090473
169435,species,0.916662,Anaerotruncus colihominis,ERR1090473
28117,species,0.676318,Alistipes putredinis,ERR1090473
397865,species,0.626013,Barnesiella viscericola,ERR1090473
44749,species,0.614834,Sporobacter termitidis,ERR1090473
39497,species,0.603655,Eubacterium xylanophilum,ERR1090473
29348,species,0.592477,[Clostridium] spiroforme,ERR1090473
536633,species,0.514225,Blautia glucerasea,ERR1090473
261299,species,0.508636,Intestinibacter bartlettii,ERR1090473
351091,species,0.419205,Oscillibacter valericigenes,ERR1090473
818,species,0.346543,Bacteroides thetaiotaomicron,ERR1090473
1689,species,0.346543,Bifidobacterium dentium,ERR1090473
69825,species,0.313007,[Clostridium] indolis,ERR1090473
328814,species,0.262702,Alistipes shahii,ERR1090473
84032,species,0.229166,[Clostridium] thermosuccinogenes,ERR1090473
84030,species,0.217987,[Clostridium] saccharolyticum,ERR1090473
301301,species,0.212397,Roseburia hominis,ERR1090473
166486,species,0.212397,Roseburia intestinalis,ERR1090473
208479,species,0.206808,[Clostridium] bolteae,ERR1090473
143393,species,0.201218,[Eubacterium] sulci,ERR1090473
105841,species,0.162093,Anaerostipes caccae,ERR1090473
46503,species,0.156503,Parabacteroides merdae,ERR1090473
645466,species,0.150914,Anaerostipes butyraticus,ERR1090473
31971,species,0.128556,[Eubacterium] dolichum,ERR1090473
28118,species,0.122967,Odoribacter splanchnicus,ERR1090473
1515,species,0.122967,Ruminiclostridium thermocellum,ERR1090473
52787,species,0.111788,Anaerofilum pentosovorans,ERR1090473
39496,species,0.106199,Eubacterium ventriosum,ERR1090473
39484,species,0.0894304,Eubacterium desmolans,ERR1090473
61171,species,0.083841,Holdemania filiformis,ERR1090473
29370,species,0.0782516,[Clostridium] sphenoides,ERR1090473
46228,species,0.0726622,Ruminococcus lactaris,ERR1090473
1512,species,0.0726622,[Clostridium] symbiosum,ERR1090473
585,species,0.0670728,Proteus vulgaris,ERR1090473
33035,species,0.0670728,Blautia producta,ERR1090473
40520,species,0.055894,Blautia obeum,ERR1090473
28901,species,0.0447152,Salmonella enterica,ERR1090473
371601,species,0.0447152,Bacteroides xylanisolvens,ERR1090473
1308,species,0.0391258,Streptococcus thermophilus,ERR1090473
39486,species,0.0391258,Dorea formicigenerans,ERR1090473
36835,species,0.0391258,[Clostridium] colinum,ERR1090473
106588,species,0.0391258,Pseudoflavonifractor capillosus,ERR1090473
47678,species,0.0335364,Bacteroides caccae,ERR1090473
28446,species,0.0335364,[Clostridium] propionicum,ERR1090473
39483,species,0.0335364,Faecalitalea cylindroides,ERR1090473
33038,species,0.0335364,[Ruminococcus] gnavus,ERR1090473
29466,species,0.0335364,Veillonella parvula,ERR1090473
671267,species,0.0335364,Bacteroides sartorii,ERR1090473
40518,species,0.0335364,Ruminococcus bromii,ERR1090473
1532,species,0.027947,Blautia coccoides,ERR1090473
1379,species,0.027947,Gemella haemolysans,ERR1090473
155617,species,0.027947,Enterococcus moraviensis,ERR1090473
216816,species,0.0223576,Bifidobacterium longum,ERR1090473
28037,species,0.0223576,Streptococcus mitis,ERR1090473
28130,species,0.0223576,Prevotella disiens,ERR1090473
100884,species,0.0223576,Coprobacillus cateniformis,ERR1090473
338188,species,0.0223576,Bacteroides finegoldii,ERR1090473
29354,species,0.0167682,[Clostridium] celerecrescens,ERR1090473
28127,species,0.0167682,Prevotella buccalis,ERR1090473
33039,species,0.0167682,[Ruminococcus] torques,ERR1090473
357276,species,0.0167682,Bacteroides dorei,ERR1090473
1265,species,0.0167682,Ruminococcus flavefaciens,ERR1090473
341225,species,0.0167682,[Clostridium] saccharogumia,ERR1090473
572036,species,0.0167682,Pedobacter luteus,ERR1090473
562,species,0.0167682,Escherichia coli,ERR1090473
37734,species,0.0167682,Enterococcus casseliflavus,ERR1090473
282125,species,0.0167682,Sutterella sanguinus,ERR1090473
1054,species,0.0167682,Ectothiorhodospira shaposhnikovii,ERR1090473
584,species,0.0167682,Proteus mirabilis,ERR1090473
100176,species,0.0111788,Papillibacter cinnamivorans,ERR1090473
209458,species,0.0111788,Bacillus arbutinivorans,ERR1090473
35517,species,0.0111788,[Eubacterium] brachy,ERR1090473
203471,species,0.0111788,Tepidiphilus margaritifer,ERR1090473
1304,species,0.0111788,Streptococcus salivarius,ERR1090473
39778,species,0.0111788,Veillonella dispar,ERR1090473
461876,species,0.0111788,Alkaliphilus oremlandii,ERR1090473
114702,species,0.0111788,Actinomyces lingnae,ERR1090473
1827101,species,0.0111788,Eubacterium sp. JCM 9976,ERR1090473
329854,species,0.0111788,Bacteroides intestinalis,ERR1090473
46506,species,0.0111788,Bacteroides stercoris,ERR1090473
151276,species,0.0111788,Bacteroides coprosuis,ERR1090473
876,species,0.0111788,Desulfovibrio desulfuricans,ERR1090473
43675,species,0.0111788,Rothia mucilaginosa,ERR1090473
291645,species,0.0111788,Bacteroides nordii,ERR1090473
1629,species,0.0111788,Weissella viridescens,ERR1090473
649724,species,0.0111788,Clostridium sp. ATCC BAA-442,ERR1090473
328813,species,0.0111788,Alistipes onderdonkii,ERR1090473
106648,species,0.0111788,Acinetobacter bereziniae,ERR1090473
437898,species,0.0111788,Sutterella parvirubra,ERR1090473
53443,species,0.0111788,Blautia hydrogenotrophica,ERR1090473
29375,species,0.0111788,[Clostridium] xylanolyticum,ERR1090473
118967,species,0.0111788,Anaerorhabdus furcosa,ERR1090473
839,species,0.0111788,Prevotella ruminicola,ERR1090473
1352,species,0.0111788,Enterococcus faecium,ERR1090473
288965,species,0.0111788,[Clostridium] clariflavum,ERR1090473
1304158,species,0.0055894,Salinisphaera halophila,ERR1090473
1428,species,0.0055894,Bacillus thuringiensis,ERR1090473
40324,species,0.0055894,Stenotrophomonas maltophilia,ERR1090473
1114008,species,0.0055894,Lactobacillus sp. NBRC 107185,ERR1090473
1755629,species,0.0055894,Victivallis sp. MC_44,ERR1090473
273677,species,0.0055894,Microbacterium oleivorans,ERR1090473
1462,species,0.0055894,Geobacillus kaustophilus,ERR1090473
255507,species,0.0055894,Arcobacter cibarius,ERR1090473
2350,species,0.0055894,Haliscomenobacter hydrossis,ERR1090473
634771,species,0.0055894,Chitinophaga eiseniae,ERR1090473
564835,species,0.0055894,Pedobacter koreensis,ERR1090473
40214,species,0.0055894,Acinetobacter johnsonii,ERR1090473
1354,species,0.0055894,Enterococcus hirae,ERR1090473
259,species,0.0055894,Sphingobacterium thalpophilum,ERR1090473
362787,species,0.0055894,Candidatus Protochlamydia amoebophila,ERR1090473
39491,species,0.0055894,[Eubacterium] rectale,ERR1090473
43948,species,0.0055894,Tolumonas auensis,ERR1090473
1391653,species,0.0055894,Vulgatibacter incomptus,ERR1090473
1606,species,0.0055894,Lactobacillus aviarius,ERR1090473
65700,species,0.0055894,Erwinia tracheiphila,ERR1090473
1732,species,0.0055894,Eubacterium oxidoreducens,ERR1090473
133453,species,0.0055894,Caldilinea aerophila,ERR1090473
310298,species,0.0055894,Bacteroides coprocola,ERR1090473
358742,species,0.0055894,[Clostridium] aldenense,ERR1090473
35785,species,0.0055894,Clostridium maximum,ERR1090473
86957,species,0.0055894,Selenomonas lacticifex,ERR1090473
29374,species,0.0055894,Filifactor villosus,ERR1090473
1496,species,0.0055894,Clostridioides difficile,ERR1090473
39488,species,0.0055894,[Eubacterium] hallii,ERR1090473
316,species,0.0055894,Pseudomonas stutzeri,ERR1090473
90730,species,0.0055894,Desulfosarcina cetonica,ERR1090473
1522,species,0.0055894,[Clostridium] innocuum,ERR1090473
626933,species,0.0055894,Odoribacter laneus,ERR1090473
125614,species,0.0055894,Thiothrix disciformis,ERR1090473
115979,species,0.0055894,Bacillus nealsonii,ERR1090473
183417,species,0.0055894,Proteus hauseri,ERR1090473
51664,species,0.0055894,Lactobacillus dextrinicus,ERR1090473
214856,species,0.0055894,Alistipes finegoldii,ERR1090473
392333,species,0.0055894,Geoalkalibacter ferrihydriticus,ERR1090473
190893,species,0.0055894,Vibrio coralliilyticus,ERR1090473
29369,species,0.0055894,Clostridium sardiniense,ERR1090473
863372,species,0.0055894,Herbaspirillum huttiense,ERR1090473
633415,species,0.0055894,Aeromonas sanarellii,ERR1090473
2057,species,0.0055894,Sphaerobacter thermophilus,ERR1090473
762210,species,0.0055894,Bifidobacterium saguini,ERR1090473
35519,species,0.0055894,Mogibacterium timidum,ERR1090473
1688,species,0.0055894,Bifidobacterium cuniculi,ERR1090473
2702,species,0.0055894,Gardnerella vaginalis,ERR1090473
1685,species,0.0055894,Bifidobacterium breve,ERR1090473
871325,species,0.0055894,Bacteroides faecichinchillae,ERR1090473
1177755,species,0.0055894,Methyloligella halotolerans,ERR1090473
1680,species,0.0055894,Bifidobacterium adolescentis,ERR1090473
1755607,species,0.0055894,Bacteroides sp. MC_16,ERR1090473
1297750,species,0.0055894,Bacteroides luti,ERR1090473
665914,species,0.0055894,Pantoea gaviniae,ERR1090473
1303,species,0.0055894,Streptococcus oralis,ERR1090473
1590,species,0.0055894,Lactobacillus plantarum,ERR1090473
1404,species,0.0055894,Bacillus megaterium,ERR1090473
51195,species,0.0055894,Desulfofustis glycolicus,ERR1090473
28026,species,0.0055894,Bifidobacterium pseudocatenulatum,ERR1090473
47770,species,0.0055894,Lactobacillus crispatus,ERR1090473
33043,species,0.0055894,Coprococcus eutactus,ERR1090473
86663,species,0.0055894,Bacillus carboniphilus,ERR1090473
-1,species,43.9103,Unknown,ERR1090473
821,species,11.53,Bacteroides vulgatus,ERR1090508
1755626,species,9.12243,Faecalibacterium sp. MC_41,ERR1090508
397865,species,5.14724,Barnesiella viscericola,ERR1090508
48296,species,3.56498,Acinetobacter pittii,ERR1090508
820,species,3.19871,Bacteroides uniformis,ERR1090508
28116,species,2.65176,Bacteroides ovatus,ERR1090508
351091,species,2.6371,Oscillibacter valericigenes,ERR1090508
239935,species,2.34409,Akkermansia muciniphila,ERR1090508
384638,species,2.08527,[Bacteroides] pectinophilus,ERR1090508
39485,species,2.0462,[Eubacterium] eligens,ERR1090508
40520,species,1.86062,Blautia obeum,ERR1090508
29348,species,1.59691,[Clostridium] spiroforme,ERR1090508
246787,species,1.54808,Bacteroides cellulosilyticus,ERR1090508
1161942,species,1.53343,Ruminococcus champanellensis,ERR1090508
1535,species,1.16228,[Clostridium] leptum,ERR1090508
823,species,1.1574,Parabacteroides distasonis,ERR1090508
47678,species,1.11344,Bacteroides caccae,ERR1090508
536633,species,0.976706,Blautia glucerasea,ERR1090508
33043,species,0.893686,Coprococcus eutactus,ERR1090508
28117,species,0.800899,Alistipes putredinis,ERR1090508
818,species,0.796015,Bacteroides thetaiotaomicron,ERR1090508
1725,species,0.717879,Corynebacterium xerosis,ERR1090508
84030,species,0.673927,[Clostridium] saccharolyticum,ERR1090508
44749,species,0.669043,Sporobacter termitidis,ERR1090508
39484,species,0.590907,Eubacterium desmolans,ERR1090508
487175,species,0.576256,Parasutterella excrementihominis,ERR1090508
69825,species,0.542072,[Clostridium] indolis,ERR1090508
28901,species,0.532305,Salmonella enterica,ERR1090508
1515,species,0.463935,Ruminiclostridium thermocellum,ERR1090508
40214,species,0.410216,Acinetobacter johnsonii,ERR1090508
35833,species,0.385799,Bilophila wadsworthia,ERR1090508
39492,species,0.376032,[Eubacterium] siraeum,ERR1090508
1827099,species,0.366265,Peptoniphilus sp. JCM 8141,ERR1090508
45851,species,0.361381,Butyrivibrio crossotus,ERR1090508
39490,species,0.356498,Eubacterium ramulus,ERR1090508
301301,species,0.356498,Roseburia hominis,ERR1090508
29370,species,0.351614,[Clostridium] sphenoides,ERR1090508
191493,species,0.336963,Corynebacterium sphenisci,ERR1090508
187327,species,0.327196,Acidaminococcus intestini,ERR1090508
169435,species,0.293012,Anaerotruncus colihominis,ERR1090508
626937,species,0.278361,Christensenella minuta,ERR1090508
2173,species,0.278361,Methanobrevibacter smithii,ERR1090508
36835,species,0.24906,[Clostridium] colinum,ERR1090508
39497,species,0.234409,Eubacterium xylanophilum,ERR1090508
40324,species,0.224642,Stenotrophomonas maltophilia,ERR1090508
33031,species,0.219759,Peptoniphilus lacrimalis,ERR1090508
166486,species,0.214875,Roseburia intestinalis,ERR1090508
33034,species,0.209992,Anaerococcus prevotii,ERR1090508
1223514,species,0.209992,Corynebacterium humireducens,ERR1090508
46228,species,0.205108,Ruminococcus lactaris,ERR1090508
1265,species,0.205108,Ruminococcus flavefaciens,ERR1090508
341225,species,0.205108,[Clostridium] saccharogumia,ERR1090508
39486,species,0.195341,Dorea formicigenerans,ERR1090508
328813,species,0.185574,Alistipes onderdonkii,ERR1090508
1260,species,0.180691,Finegoldia magna,ERR1090508
163202,species,0.180691,Corynebacterium appendicis,ERR1090508
29355,species,0.170923,[Clostridium] cellobioparum,ERR1090508
36874,species,0.16604,Porphyromonas cangingivalis,ERR1090508
1465754,species,0.151389,Alistipes timonensis,ERR1090508
328814,species,0.146506,Alistipes shahii,ERR1090508
28127,species,0.141622,Prevotella buccalis,ERR1090508
84032,species,0.136739,[Clostridium] thermosuccinogenes,ERR1090508
1264,species,0.136739,Ruminococcus albus,ERR1090508
29552,species,0.131855,Acholeplasma axanthum,ERR1090508
1487956,species,0.126972,Corynebacterium sp. ATCC 6931,ERR1090508
137732,species,0.126972,Granulicatella elegans,ERR1090508
106654,species,0.126972,Acinetobacter nosocomialis,ERR1090508
33032,species,0.122088,Anaerococcus lactolyticus,ERR1090508
43131,species,0.117205,Tissierella praeacuta,ERR1090508
471,species,0.112321,Acinetobacter calcoaceticus,ERR1090508
208479,species,0.107438,[Clostridium] bolteae,ERR1090508
33038,species,0.102554,[Ruminococcus] gnavus,ERR1090508
43770,species,0.102554,Corynebacterium striatum,ERR1090508
33035,species,0.102554,Blautia producta,ERR1090508
28128,species,0.102554,Prevotella corporis,ERR1090508
39496,species,0.0976706,Eubacterium ventriosum,ERR1090508
291644,species,0.092787,Bacteroides salyersiae,ERR1090508
54006,species,0.0879035,Peptoniphilus ivorii,ERR1090508
626932,species,0.0879035,Alistipes indistinctus,ERR1090508
1727,species,0.0879035,Corynebacterium variabile,ERR1090508
1258,species,0.08302,Peptoniphilus asaccharolyticus,ERR1090508
288965,species,0.08302,[Clostridium] clariflavum,ERR1090508
28446,species,0.08302,[Clostridium] propionicum,ERR1090508
29354,species,0.0781364,[Clostridium] celerecrescens,ERR1090508
410072,species,0.0781364,Coprococcus comes,ERR1090508
136857,species,0.0781364,Corynebacterium testudinoris,ERR1090508
214856,species,0.0732529,Alistipes finegoldii,ERR1090508
28118,species,0.0634859,Odoribacter splanchnicus,ERR1090508
626930,species,0.0634859,Bacteroides fluxus,ERR1090508
516075,species,0.0634859,Providencia sneebia,ERR1090508
53374,species,0.0586023,Corynebacterium coyleae,ERR1090508
38288,species,0.0537188,Corynebacterium genitalium,ERR1090508
817,species,0.0537188,Bacteroides fragilis,ERR1090508
645466,species,0.0537188,Anaerostipes butyraticus,ERR1090508
35519,species,0.0537188,Mogibacterium timidum,ERR1090508
218538,species,0.0537188,Dialister invisus,ERR1090508
242750,species,0.0537188,Prevotella bergensis,ERR1090508
291645,species,0.0488353,Bacteroides nordii,ERR1090508
1680,species,0.0488353,Bifidobacterium adolescentis,ERR1090508
33953,species,0.0488353,Clostridium aminobutyricum,ERR1090508
38286,species,0.0488353,Corynebacterium afermentans,ERR1090508
2317,species,0.0488353,Methanosphaera stadtmanae,ERR1090508
105841,species,0.0439517,Anaerostipes caccae,ERR1090508
33029,species,0.0439517,Anaerococcus hydrogenalis,ERR1090508
28123,species,0.0439517,Porphyromonas asaccharolytica,ERR1090508
1267,species,0.0439517,Clostridium ventriculi,ERR1090508
270498,species,0.0439517,Catabacter hongkongensis,ERR1090508
319644,species,0.0439517,Saccharofermentans acetigenes,ERR1090508
329854,species,0.0439517,Bacteroides intestinalis,ERR1090508
216816,species,0.0439517,Bifidobacterium longum,ERR1090508
502558,species,0.0390682,Eggerthella sp. YY7918,ERR1090508
588,species,0.0390682,Providencia stuartii,ERR1090508
1512,species,0.0390682,[Clostridium] symbiosum,ERR1090508
357276,species,0.0390682,Bacteroides dorei,ERR1090508
827,species,0.0390682,Campylobacter ureolyticus,ERR1090508
36847,species,0.0390682,[Clostridium] neopropionicum,ERR1090508
40518,species,0.0341847,Ruminococcus bromii,ERR1090508
2741,species,0.0341847,Peptococcus niger,ERR1090508
187491,species,0.0341847,Corynebacterium glaucum,ERR1090508
386414,species,0.0341847,Prevotella timonensis,ERR1090508
46503,species,0.0341847,Parabacteroides merdae,ERR1090508
203471,species,0.0341847,Tepidiphilus margaritifer,ERR1090508
84026,species,0.0341847,[Clostridium] methylpentosum,ERR1090508
165179,species,0.0341847,Prevotella copri,ERR1090508
29524,species,0.0341847,Porphyromonas circumdentaria,ERR1090508
43143,species,0.0341847,Tissierella creatinini,ERR1090508
1308,species,0.0341847,Streptococcus thermophilus,ERR1090508
1685,species,0.0341847,Bifidobacterium breve,ERR1090508
184870,species,0.0341847,Varibaculum cambriense,ERR1090508
38289,species,0.0293012,Corynebacterium jeikeium,ERR1090508
1724,species,0.0293012,Corynebacterium renale,ERR1090508
1547,species,0.0293012,Erysipelatoclostridium ramosum,ERR1090508
701529,species,0.0293012,Peptoniphilus sp. JCM 8143,ERR1090508
446660,species,0.0293012,Adlercreutzia equolifaciens,ERR1090508
61171,species,0.0244176,Holdemania filiformis,ERR1090508
39488,species,0.0244176,[Eubacterium] hallii,ERR1090508
43675,species,0.0244176,Rothia mucilaginosa,ERR1090508
35785,species,0.0244176,Clostridium maximum,ERR1090508
467976,species,0.0244176,Iamia majanohamensis,ERR1090508
220688,species,0.0244176,Bacillus soli,ERR1090508
100884,species,0.0244176,Coprobacillus cateniformis,ERR1090508
310297,species,0.0244176,Bacteroides plebeius,ERR1090508
76517,species,0.0244176,Campylobacter hominis,ERR1090508
204516,species,0.0244176,Bacteroides massiliensis,ERR1090508
1510,species,0.0244176,[Clostridium] stercorarium,ERR1090508
281920,species,0.0244176,Porphyromonas uenonis,ERR1090508
626931,species,0.0244176,Bacteroides oleiciplenus,ERR1090508
100176,species,0.0244176,Papillibacter cinnamivorans,ERR1090508
180164,species,0.0195341,Blautia schinkii,ERR1090508
415,species,0.0195341,Methylobacter luteus,ERR1090508
1148157,species,0.0195341,Acinetobacter oleivorans,ERR1090508
387090,species,0.0195341,Bacteroides coprophilus,ERR1090508
86332,species,0.0195341,Mogibacterium pumilum,ERR1090508
61435,species,0.0195341,Dehalococcoides mccartyi,ERR1090508
371601,species,0.0195341,Bacteroides xylanisolvens,ERR1090508
261299,species,0.0195341,Intestinibacter bartlettii,ERR1090508
28130,species,0.0195341,Prevotella disiens,ERR1090508
78342,species,0.0195341,Bifidobacterium gallicum,ERR1090508
33051,species,0.0195341,Sphingomonas sanguinis,ERR1090508
28037,species,0.0195341,Streptococcus mitis,ERR1090508
38302,species,0.0146506,Corynebacterium mycetoides,ERR1090508
591197,species,0.0146506,Ignavibacterium album,ERR1090508
302449,species,0.0146506,Corynebacterium tuscaniense,ERR1090508
1544,species,0.0146506,[Clostridium] oroticum,ERR1090508
108980,species,0.0146506,Acinetobacter ursingii,ERR1090508
192421,species,0.0146506,Planococcus maritimus,ERR1090508
31971,species,0.0146506,[Eubacterium] dolichum,ERR1090508
122355,species,0.0146506,Pseudomonas psychrophila,ERR1090508
680283,species,0.0146506,Salinimicrobium marinum,ERR1090508
38304,species,0.0146506,Corynebacterium tuberculostearicum,ERR1090508
454154,species,0.0146506,Paraprevotella clara,ERR1090508
363832,species,0.0146506,Solirubrobacter soli,ERR1090508
294,species,0.0146506,Pseudomonas fluorescens,ERR1090508
1859290,species,0.0146506,Corynebacterium sp. YIM 101343,ERR1090508
36808,species,0.0146506,Corynebacterium bovis,ERR1090508
1026,species,0.0146506,Marinoscillum furvescens,ERR1090508
1476,species,0.0146506,Sporosarcina psychrophila,ERR1090508
49338,species,0.0146506,Desulfitobacterium hafniense,ERR1090508
1522,species,0.0146506,[Clostridium] innocuum,ERR1090508
1463840,species,0.0146506,Streptomyces sp. NRRL F-2305,ERR1090508
29374,species,0.0146506,Filifactor villosus,ERR1090508
1717,species,0.00976706,Corynebacterium diphtheriae,ERR1090508
29347,species,0.00976706,[Clostridium] scindens,ERR1090508
658062,species,0.00976706,Candidatus Koribacter versatilis,ERR1090508
1630,species,0.00976706,Kandleria vitulina,ERR1090508
1765967,species,0.00976706,Acidihalobacter ferrooxidans,ERR1090508
39491,species,0.00976706,[Eubacterium] rectale,ERR1090508
1513,species,0.00976706,Clostridium tetani,ERR1090508
52561,species,0.00976706,Desulfomicrobium norvegicum,ERR1090508
156978,species,0.00976706,Corynebacterium imitans,ERR1090508
238834,species,0.00976706,Clostridium estertheticum,ERR1090508
84112,species,0.00976706,Eggerthella lenta,ERR1090508
338188,species,0.00976706,Bacteroides finegoldii,ERR1090508
375929,species,0.00976706,Natranaerobius thermophilus,ERR1090508
1655,species,0.00976706,Actinomyces naeslundii,ERR1090508
847,species,0.00976706,Oxalobacter formigenes,ERR1090508
106588,species,0.00976706,Pseudoflavonifractor capillosus,ERR1090508
1077256,species,0.00976706,Methanosphaera cuniculi,ERR1090508
487316,species,0.00976706,Acinetobacter soli,ERR1090508
882211,species,0.00976706,Pseudomonas deceptionensis,ERR1090508
1705,species,0.00976706,Corynebacterium stationis,ERR1090508
40519,species,0.00976706,Ruminococcus callidus,ERR1090508
1859291,species,0.00976706,Corynebacterium sp. YIM 101587,ERR1090508
41976,species,0.00976706,Porphyromonas catoniae,ERR1090508
52787,species,0.00976706,Anaerofilum pentosovorans,ERR1090508
1527,species,0.00976706,Anaerocolumna aminovalerica,ERR1090508
216874,species,0.00976706,Mesoplasma corruscae,ERR1090508
46506,species,0.00976706,Bacteroides stercoris,ERR1090508
1542,species,0.00976706,Clostridium novyi,ERR1090508
376804,species,0.00976706,Bacteroides barnesiae,ERR1090508
52227,species,0.00976706,Prevotella dentalis,ERR1090508
42256,species,0.00976706,Rubrobacter radiotolerans,ERR1090508
305,species,0.00976706,Ralstonia solanacearum,ERR1090508
29375,species,0.00976706,[Clostridium] xylanolyticum,ERR1090508
151276,species,0.00976706,Bacteroides coprosuis,ERR1090508
77095,species,0.00976706,Prevotella bryantii,ERR1090508
28026,species,0.00976706,Bifidobacterium pseudocatenulatum,ERR1090508
272239,species,0.00976706,Pseudoclavibacter bifida,ERR1090508
178214,species,0.00976706,Facklamia hominis,ERR1090508
901,species,0.00976706,Desulfovibrio piger,ERR1090508
53443,species,0.00976706,Blautia hydrogenotrophica,ERR1090508
871324,species,0.00976706,Bacteroides stercorirosoris,ERR1090508
859,species,0.00976706,Fusobacterium necrophorum,ERR1090508
392838,species,0.00976706,Bacteroides propionicifaciens,ERR1090508
133453,species,0.00976706,Caldilinea aerophila,ERR1090508
762210,species,0.00976706,Bifidobacterium saguini,ERR1090508
1352,species,0.00488353,Enterococcus faecium,ERR1090508
28139,species,0.00488353,Rikenella microfusus,ERR1090508
2734,species,0.00488353,Symbiobacterium thermophilum,ERR1090508
252966,species,0.00488353,Mahella australiensis,ERR1090508
564835,species,0.00488353,Pedobacter koreensis,ERR1090508
349751,species,0.00488353,Corynebacterium marinum,ERR1090508
880,species,0.00488353,Desulfovibrio salexigens,ERR1090508
296591,species,0.00488353,Polaromonas sp. JS666,ERR1090508
1504,species,0.00488353,Clostridium septicum,ERR1090508
202611,species,0.00488353,Lysinibacillus odysseyi,ERR1090508
93063,species,0.00488353,Sphingomonas aquatilis,ERR1090508
310300,species,0.00488353,Bacteroides pyogenes,ERR1090508
218205,species,0.00488353,Garciella nitratireducens,ERR1090508
29466,species,0.00488353,Veillonella parvula,ERR1090508
146817,species,0.00488353,Dendrosporobacter quercicolus,ERR1090508
39482,species,0.00488353,[Eubacterium] contortum,ERR1090508
1507,species,0.00488353,Clostridium sp. ATCC 29733,ERR1090508
59310,species,0.00488353,Streptococcus macedonicus,ERR1090508
161896,species,0.00488353,Corynebacterium camporealensis,ERR1090508
74311,species,0.00488353,Brevundimonas bacteroides,ERR1090508
68569,species,0.00488353,Sphingomonas leidyi,ERR1090508
143393,species,0.00488353,[Eubacterium] sulci,ERR1090508
196024,species,0.00488353,Aeromonas dhakensis,ERR1090508
35760,species,0.00488353,Bifidobacterium choerinum,ERR1090508
180282,species,0.00488353,Delftia tsuruhatensis,ERR1090508
762211,species,0.00488353,Bifidobacterium stellenboschense,ERR1090508
1681,species,0.00488353,Bifidobacterium bifidum,ERR1090508
58138,species,0.00488353,Desulfotomaculum acetoxidans,ERR1090508
173480,species,0.00488353,Gemmatimonas aurantiaca,ERR1090508
39778,species,0.00488353,Veillonella dispar,ERR1090508
471189,species,0.00488353,Gordonibacter pamelaeae,ERR1090508
29360,species,0.00488353,Cellulosilyticum lentocellum,ERR1090508
1358,species,0.00488353,Lactococcus lactis,ERR1090508
39029,species,0.00488353,Megasphaera cerevisiae,ERR1090508
42565,species,0.00488353,Halomonas salina,ERR1090508
83661,species,0.00488353,Desulfonispora thiosulfatigenes,ERR1090508
118748,species,0.00488353,Bulleidia extructa,ERR1090508
729,species,0.00488353,Haemophilus parainfluenzae,ERR1090508
907,species,0.00488353,Megasphaera elsdenii,ERR1090508
863643,species,0.00488353,Thermincola potens,ERR1090508
216778,species,0.00488353,Stenotrophomonas rhizophila,ERR1090508
78343,species,0.00488353,Bifidobacterium boum,ERR1090508
376806,species,0.00488353,Bacteroides gallinarum,ERR1090508
47770,species,0.00488353,Lactobacillus crispatus,ERR1090508
356829,species,0.00488353,Bifidobacterium tsurumiense,ERR1090508
29367,species,0.00488353,Clostridium puniceum,ERR1090508
1427356,species,0.00488353,Hyphomicrobium nitrativorans,ERR1090508
28262,species,0.00488353,Thermodesulfovibrio yellowstonii,ERR1090508
33037,species,0.00488353,Anaerococcus vaginalis,ERR1090508
1450,species,0.00488353,Alicyclobacillus acidoterrestris,ERR1090508
138595,species,0.00488353,Olsenella profusa,ERR1090508
143361,species,0.00488353,Filifactor alocis,ERR1090508
487698,species,0.00488353,Stenotrophomonas pavanii,ERR1090508
341694,species,0.00488353,Peptostreptococcus stomatis,ERR1090508
1559,species,0.00488353,Clostridium tertium,ERR1090508
1404244,species,0.00488353,Corynebacterium glyciniphilum,ERR1090508
508460,species,0.00488353,Cloacibacillus evryensis,ERR1090508
1177728,species,0.00488353,Varibaculum sp. CCUG 31793,ERR1090508
61635,species,0.00488353,Acholeplasma brassicae,ERR1090508
1571,species,0.00488353,Sporosarcina ureae,ERR1090508
29389,species,0.00488353,Streptococcus alactolyticus,ERR1090508
85993,species,0.00488353,Hydrogenophilus hirschii,ERR1090508
161889,species,0.00488353,Corynebacterium lipophiloflavum,ERR1090508
89784,species,0.00488353,Alicyclobacillus hesperidum,ERR1090508
1689,species,0.00488353,Bifidobacterium dentium,ERR1090508
39498,species,0.00488353,[Eubacterium] yurii,ERR1090508
562,species,0.00488353,Escherichia coli,ERR1090508
339862,species,0.00488353,Desulfosporosinus youngiae,ERR1090508
166501,species,0.00488353,Thermobaculum terrenum,ERR1090508
461876,species,0.00488353,Alkaliphilus oremlandii,ERR1090508
1404,species,0.00488353,Bacillus megaterium,ERR1090508
233055,species,0.00488353,Desulfitobacterium dichloroeliminans,ERR1090508
2699,species,0.00488353,Heliobacterium gestii,ERR1090508
82347,species,0.00488353,Facklamia languida,ERR1090508
396323,species,0.00488353,Acinetobacter brisouii,ERR1090508
1121298,species,0.00488353,Clostridium amylolyticum,ERR1090508
589436,species,0.00488353,Prevotella fusca,ERR1090508
77768,species,0.00488353,Prevotella albensis,ERR1090508
1755607,species,0.00488353,Bacteroides sp. MC_16,ERR1090508
39493,species,0.00488353,Clostridium tarantellae,ERR1090508
1328,species,0.00488353,Streptococcus anginosus,ERR1090508
33039,species,0.00488353,[Ruminococcus] torques,ERR1090508
290055,species,0.00488353,[Eubacterium] fissicatena,ERR1090508
907224,species,0.00488353,Peptoniphilus methioninivorax,ERR1090508
1520,species,0.00488353,Clostridium beijerinckii,ERR1090508
75688,species,0.00488353,Neptunomonas naphthovorans,ERR1090508
876,species,0.00488353,Desulfovibrio desulfuricans,ERR1090508
114702,species,0.00488353,Actinomyces lingnae,ERR1090508
134605,species,0.00488353,Fusobacterium equinum,ERR1090508
839,species,0.00488353,Prevotella ruminicola,ERR1090508
301375,species,0.00488353,Methanosaeta harundinacea,ERR1090508
293371,species,0.00488353,Lactobacillus oligofermentans,ERR1090508
414,species,0.00488353,Methylococcus capsulatus,ERR1090508
119484,species,0.00488353,Syntrophobacter fumaroxidans,ERR1090508
294710,species,0.00488353,Proteiniphilum acetatigenes,ERR1090508
871325,species,0.00488353,Bacteroides faecichinchillae,ERR1090508
445709,species,0.00488353,Pandoraea thiooxydans,ERR1090508
1034636,species,0.00488353,Providencia sp. BIHB 1402,ERR1090508
225196,species,0.00488353,Geopsychrobacter electrodiphilus,ERR1090508
28112,species,0.00488353,Tannerella forsythia,ERR1090508
148813,species,0.00488353,Sulfuricurvum kujiense,ERR1090508
1428,species,0.00488353,Bacillus thuringiensis,ERR1090508
70996,species,0.00488353,Herpetosiphon geysericola,ERR1090508
80866,species,0.00488353,Delftia acidovorans,ERR1090508
169292,species,0.00488353,Corynebacterium aurimucosum,ERR1090508
28126,species,0.00488353,Prevotella buccae,ERR1090508
267818,species,0.00488353,Lactobacillus kefiranofaciens,ERR1090508
28213,species,0.00488353,Sphingomonas parapaucimobilis,ERR1090508
982,species,0.00488353,Saccharicrinis fermentans,ERR1090508
1599,species,0.00488353,Lactobacillus sakei,ERR1090508
28038,species,0.00488353,Lactobacillus curvatus,ERR1090508
1071390,species,0.00488353,Acinetobacter sp. NBRC 100985,ERR1090508
70993,species,0.00488353,Flexithrix dorotheae,ERR1090508
28125,species,0.00488353,Prevotella bivia,ERR1090508
256702,species,0.00488353,Glutamicibacter bergerei,ERR1090508
573,species,0.00488353,Klebsiella pneumoniae,ERR1090508
1755610,species,0.00488353,Alistipes sp. MC_19,ERR1090508
590845,species,0.00488353,Rhodococcus sp. YIM 100121,ERR1090508
202952,species,0.00488353,Acinetobacter gerneri,ERR1090508
1465,species,0.00488353,Brevibacillus laterosporus,ERR1090508
1314,species,0.00488353,Streptococcus pyogenes,ERR1090508
35554,species,0.00488353,Geobacter sulfurreducens,ERR1090508
29356,species,0.00488353,Clostridium chartatabidum,ERR1090508
48256,species,0.00488353,[Clostridium] hungatei,ERR1090508
2153,species,0.00488353,Asteroleplasma anaerobium,ERR1090508
-1,species,22.6986,Unknown,ERR1090508
821,species,11.53,Bacteroides vulgatus,ERR1090508
1755626,species,9.12243,Faecalibacterium sp. MC_41,ERR1090508
397865,species,5.14724,Barnesiella viscericola,ERR1090508
48296,species,3.56498,Acinetobacter pittii,ERR1090508
820,species,3.19871,Bacteroides uniformis,ERR1090508
28116,species,2.65176,Bacteroides ovatus,ERR1090508
351091,species,2.6371,Oscillibacter valericigenes,ERR1090508
239935,species,2.34409,Akkermansia muciniphila,ERR1090508
384638,species,2.08527,[Bacteroides] pectinophilus,ERR1090508
39485,species,2.0462,[Eubacterium] eligens,ERR1090508
40520,species,1.86062,Blautia obeum,ERR1090508
29348,species,1.59691,[Clostridium] spiroforme,ERR1090508
246787,species,1.54808,Bacteroides cellulosilyticus,ERR1090508
1161942,species,1.53343,Ruminococcus champanellensis,ERR1090508
1535,species,1.16228,[Clostridium] leptum,ERR1090508
823,species,1.1574,Parabacteroides distasonis,ERR1090508
47678,species,1.11344,Bacteroides caccae,ERR1090508
536633,species,0.976706,Blautia glucerasea,ERR1090508
33043,species,0.893686,Coprococcus eutactus,ERR1090508
28117,species,0.800899,Alistipes putredinis,ERR1090508
818,species,0.796015,Bacteroides thetaiotaomicron,ERR1090508
1725,species,0.717879,Corynebacterium xerosis,ERR1090508
84030,species,0.673927,[Clostridium] saccharolyticum,ERR1090508
44749,species,0.669043,Sporobacter termitidis,ERR1090508
39484,species,0.590907,Eubacterium desmolans,ERR1090508
487175,species,0.576256,Parasutterella excrementihominis,ERR1090508
69825,species,0.542072,[Clostridium] indolis,ERR1090508
28901,species,0.532305,Salmonella enterica,ERR1090508
1515,species,0.463935,Ruminiclostridium thermocellum,ERR1090508
40214,species,0.410216,Acinetobacter johnsonii,ERR1090508
35833,species,0.385799,Bilophila wadsworthia,ERR1090508
39492,species,0.376032,[Eubacterium] siraeum,ERR1090508
1827099,species,0.366265,Peptoniphilus sp. JCM 8141,ERR1090508
45851,species,0.361381,Butyrivibrio crossotus,ERR1090508
39490,species,0.356498,Eubacterium ramulus,ERR1090508
301301,species,0.356498,Roseburia hominis,ERR1090508
29370,species,0.351614,[Clostridium] sphenoides,ERR1090508
191493,species,0.336963,Corynebacterium sphenisci,ERR1090508
187327,species,0.327196,Acidaminococcus intestini,ERR1090508
169435,species,0.293012,Anaerotruncus colihominis,ERR1090508
2173,species,0.278361,Methanobrevibacter smithii,ERR1090508
626937,species,0.278361,Christensenella minuta,ERR1090508
36835,species,0.24906,[Clostridium] colinum,ERR1090508
39497,species,0.234409,Eubacterium xylanophilum,ERR1090508
40324,species,0.224642,Stenotrophomonas maltophilia,ERR1090508
33031,species,0.219759,Peptoniphilus lacrimalis,ERR1090508
166486,species,0.214875,Roseburia intestinalis,ERR1090508
33034,species,0.209992,Anaerococcus prevotii,ERR1090508
1223514,species,0.209992,Corynebacterium humireducens,ERR1090508
1265,species,0.205108,Ruminococcus flavefaciens,ERR1090508
341225,species,0.205108,[Clostridium] saccharogumia,ERR1090508
46228,species,0.205108,Ruminococcus lactaris,ERR1090508
39486,species,0.195341,Dorea formicigenerans,ERR1090508
328813,species,0.185574,Alistipes onderdonkii,ERR1090508
163202,species,0.180691,Corynebacterium appendicis,ERR1090508
1260,species,0.180691,Finegoldia magna,ERR1090508
29355,species,0.170923,[Clostridium] cellobioparum,ERR1090508
36874,species,0.16604,Porphyromonas cangingivalis,ERR1090508
1465754,species,0.151389,Alistipes timonensis,ERR1090508
328814,species,0.146506,Alistipes shahii,ERR1090508
28127,species,0.141622,Prevotella buccalis,ERR1090508
1264,species,0.136739,Ruminococcus albus,ERR1090508
84032,species,0.136739,[Clostridium] thermosuccinogenes,ERR1090508
29552,species,0.131855,Acholeplasma axanthum,ERR1090508
106654,species,0.126972,Acinetobacter nosocomialis,ERR1090508
1487956,species,0.126972,Corynebacterium sp. ATCC 6931,ERR1090508
137732,species,0.126972,Granulicatella elegans,ERR1090508
33032,species,0.122088,Anaerococcus lactolyticus,ERR1090508
43131,species,0.117205,Tissierella praeacuta,ERR1090508
471,species,0.112321,Acinetobacter calcoaceticus,ERR1090508
208479,species,0.107438,[Clostridium] bolteae,ERR1090508
28128,species,0.102554,Prevotella corporis,ERR1090508
43770,species,0.102554,Corynebacterium striatum,ERR1090508
33038,species,0.102554,[Ruminococcus] gnavus,ERR1090508
33035,species,0.102554,Blautia producta,ERR1090508
39496,species,0.0976706,Eubacterium ventriosum,ERR1090508
291644,species,0.092787,Bacteroides salyersiae,ERR1090508
626932,species,0.0879035,Alistipes indistinctus,ERR1090508
1727,species,0.0879035,Corynebacterium variabile,ERR1090508
54006,species,0.0879035,Peptoniphilus ivorii,ERR1090508
28446,species,0.08302,[Clostridium] propionicum,ERR1090508
1258,species,0.08302,Peptoniphilus asaccharolyticus,ERR1090508
288965,species,0.08302,[Clostridium] clariflavum,ERR1090508
410072,species,0.0781364,Coprococcus comes,ERR1090508
136857,species,0.0781364,Corynebacterium testudinoris,ERR1090508
29354,species,0.0781364,[Clostridium] celerecrescens,ERR1090508
214856,species,0.0732529,Alistipes finegoldii,ERR1090508
626930,species,0.0634859,Bacteroides fluxus,ERR1090508
516075,species,0.0634859,Providencia sneebia,ERR1090508
28118,species,0.0634859,Odoribacter splanchnicus,ERR1090508
53374,species,0.0586023,Corynebacterium coyleae,ERR1090508
218538,species,0.0537188,Dialister invisus,ERR1090508
35519,species,0.0537188,Mogibacterium timidum,ERR1090508
242750,species,0.0537188,Prevotella bergensis,ERR1090508
38288,species,0.0537188,Corynebacterium genitalium,ERR1090508
817,species,0.0537188,Bacteroides fragilis,ERR1090508
645466,species,0.0537188,Anaerostipes butyraticus,ERR1090508
38286,species,0.0488353,Corynebacterium afermentans,ERR1090508
2317,species,0.0488353,Methanosphaera stadtmanae,ERR1090508
291645,species,0.0488353,Bacteroides nordii,ERR1090508
1680,species,0.0488353,Bifidobacterium adolescentis,ERR1090508
33953,species,0.0488353,Clostridium aminobutyricum,ERR1090508
329854,species,0.0439517,Bacteroides intestinalis,ERR1090508
216816,species,0.0439517,Bifidobacterium longum,ERR1090508
105841,species,0.0439517,Anaerostipes caccae,ERR1090508
28123,species,0.0439517,Porphyromonas asaccharolytica,ERR1090508
33029,species,0.0439517,Anaerococcus hydrogenalis,ERR1090508
1267,species,0.0439517,Clostridium ventriculi,ERR1090508
270498,species,0.0439517,Catabacter hongkongensis,ERR1090508
319644,species,0.0439517,Saccharofermentans acetigenes,ERR1090508
1512,species,0.0390682,[Clostridium] symbiosum,ERR1090508
357276,species,0.0390682,Bacteroides dorei,ERR1090508
827,species,0.0390682,Campylobacter ureolyticus,ERR1090508
36847,species,0.0390682,[Clostridium] neopropionicum,ERR1090508
502558,species,0.0390682,Eggerthella sp. YY7918,ERR1090508
588,species,0.0390682,Providencia stuartii,ERR1090508
1308,species,0.0341847,Streptococcus thermophilus,ERR1090508
1685,species,0.0341847,Bifidobacterium breve,ERR1090508
184870,species,0.0341847,Varibaculum cambriense,ERR1090508
40518,species,0.0341847,Ruminococcus bromii,ERR1090508
2741,species,0.0341847,Peptococcus niger,ERR1090508
386414,species,0.0341847,Prevotella timonensis,ERR1090508
187491,species,0.0341847,Corynebacterium glaucum,ERR1090508
46503,species,0.0341847,Parabacteroides merdae,ERR1090508
203471,species,0.0341847,Tepidiphilus margaritifer,ERR1090508
84026,species,0.0341847,[Clostridium] methylpentosum,ERR1090508
29524,species,0.0341847,Porphyromonas circumdentaria,ERR1090508
165179,species,0.0341847,Prevotella copri,ERR1090508
43143,species,0.0341847,Tissierella creatinini,ERR1090508
701529,species,0.0293012,Peptoniphilus sp. JCM 8143,ERR1090508
446660,species,0.0293012,Adlercreutzia equolifaciens,ERR1090508
38289,species,0.0293012,Corynebacterium jeikeium,ERR1090508
1724,species,0.0293012,Corynebacterium renale,ERR1090508
1547,species,0.0293012,Erysipelatoclostridium ramosum,ERR1090508
76517,species,0.0244176,Campylobacter hominis,ERR1090508
1510,species,0.0244176,[Clostridium] stercorarium,ERR1090508
204516,species,0.0244176,Bacteroides massiliensis,ERR1090508
281920,species,0.0244176,Porphyromonas uenonis,ERR1090508
100176,species,0.0244176,Papillibacter cinnamivorans,ERR1090508
626931,species,0.0244176,Bacteroides oleiciplenus,ERR1090508
61171,species,0.0244176,Holdemania filiformis,ERR1090508
39488,species,0.0244176,[Eubacterium] hallii,ERR1090508
43675,species,0.0244176,Rothia mucilaginosa,ERR1090508
467976,species,0.0244176,Iamia majanohamensis,ERR1090508
35785,species,0.0244176,Clostridium maximum,ERR1090508
100884,species,0.0244176,Coprobacillus cateniformis,ERR1090508
310297,species,0.0244176,Bacteroides plebeius,ERR1090508
220688,species,0.0244176,Bacillus soli,ERR1090508
371601,species,0.0195341,Bacteroides xylanisolvens,ERR1090508
261299,species,0.0195341,Intestinibacter bartlettii,ERR1090508
28130,species,0.0195341,Prevotella disiens,ERR1090508
78342,species,0.0195341,Bifidobacterium gallicum,ERR1090508
33051,species,0.0195341,Sphingomonas sanguinis,ERR1090508
28037,species,0.0195341,Streptococcus mitis,ERR1090508
415,species,0.0195341,Methylobacter luteus,ERR1090508
180164,species,0.0195341,Blautia schinkii,ERR1090508
1148157,species,0.0195341,Acinetobacter oleivorans,ERR1090508
61435,species,0.0195341,Dehalococcoides mccartyi,ERR1090508
387090,species,0.0195341,Bacteroides coprophilus,ERR1090508
86332,species,0.0195341,Mogibacterium pumilum,ERR1090508
294,species,0.0146506,Pseudomonas fluorescens,ERR1090508
1859290,species,0.0146506,Corynebacterium sp. YIM 101343,ERR1090508
36808,species,0.0146506,Corynebacterium bovis,ERR1090508
1026,species,0.0146506,Marinoscillum furvescens,ERR1090508
49338,species,0.0146506,Desulfitobacterium hafniense,ERR1090508
1476,species,0.0146506,Sporosarcina psychrophila,ERR1090508
1522,species,0.0146506,[Clostridium] innocuum,ERR1090508
1463840,species,0.0146506,Streptomyces sp. NRRL F-2305,ERR1090508
29374,species,0.0146506,Filifactor villosus,ERR1090508
591197,species,0.0146506,Ignavibacterium album,ERR1090508
38302,species,0.0146506,Corynebacterium mycetoides,ERR1090508
302449,species,0.0146506,Corynebacterium tuscaniense,ERR1090508
1544,species,0.0146506,[Clostridium] oroticum,ERR1090508
108980,species,0.0146506,Acinetobacter ursingii,ERR1090508
192421,species,0.0146506,Planococcus maritimus,ERR1090508
122355,species,0.0146506,Pseudomonas psychrophila,ERR1090508
680283,species,0.0146506,Salinimicrobium marinum,ERR1090508
31971,species,0.0146506,[Eubacterium] dolichum,ERR1090508
363832,species,0.0146506,Solirubrobacter soli,ERR1090508
38304,species,0.0146506,Corynebacterium tuberculostearicum,ERR1090508
454154,species,0.0146506,Paraprevotella clara,ERR1090508
41976,species,0.00976706,Porphyromonas catoniae,ERR1090508
40519,species,0.00976706,Ruminococcus callidus,ERR1090508
1859291,species,0.00976706,Corynebacterium sp. YIM 101587,ERR1090508
52787,species,0.00976706,Anaerofilum pentosovorans,ERR1090508
46506,species,0.00976706,Bacteroides stercoris,ERR1090508
1542,species,0.00976706,Clostridium novyi,ERR1090508
1527,species,0.00976706,Anaerocolumna aminovalerica,ERR1090508
216874,species,0.00976706,Mesoplasma corruscae,ERR1090508
52227,species,0.00976706,Prevotella dentalis,ERR1090508
42256,species,0.00976706,Rubrobacter radiotolerans,ERR1090508
376804,species,0.00976706,Bacteroides barnesiae,ERR1090508
29375,species,0.00976706,[Clostridium] xylanolyticum,ERR1090508
151276,species,0.00976706,Bacteroides coprosuis,ERR1090508
77095,species,0.00976706,Prevotella bryantii,ERR1090508
305,species,0.00976706,Ralstonia solanacearum,ERR1090508
272239,species,0.00976706,Pseudoclavibacter bifida,ERR1090508
28026,species,0.00976706,Bifidobacterium pseudocatenulatum,ERR1090508
178214,species,0.00976706,Facklamia hominis,ERR1090508
901,species,0.00976706,Desulfovibrio piger,ERR1090508
53443,species,0.00976706,Blautia hydrogenotrophica,ERR1090508
392838,species,0.00976706,Bacteroides propionicifaciens,ERR1090508
133453,species,0.00976706,Caldilinea aerophila,ERR1090508
762210,species,0.00976706,Bifidobacterium saguini,ERR1090508
871324,species,0.00976706,Bacteroides stercorirosoris,ERR1090508
859,species,0.00976706,Fusobacterium necrophorum,ERR1090508
1717,species,0.00976706,Corynebacterium diphtheriae,ERR1090508
1630,species,0.00976706,Kandleria vitulina,ERR1090508
1765967,species,0.00976706,Acidihalobacter ferrooxidans,ERR1090508
39491,species,0.00976706,[Eubacterium] rectale,ERR1090508
29347,species,0.00976706,[Clostridium] scindens,ERR1090508
658062,species,0.00976706,Candidatus Koribacter versatilis,ERR1090508
1513,species,0.00976706,Clostridium tetani,ERR1090508
52561,species,0.00976706,Desulfomicrobium norvegicum,ERR1090508
156978,species,0.00976706,Corynebacterium imitans,ERR1090508
338188,species,0.00976706,Bacteroides finegoldii,ERR1090508
375929,species,0.00976706,Natranaerobius thermophilus,ERR1090508
238834,species,0.00976706,Clostridium estertheticum,ERR1090508
84112,species,0.00976706,Eggerthella lenta,ERR1090508
487316,species,0.00976706,Acinetobacter soli,ERR1090508
1655,species,0.00976706,Actinomyces naeslundii,ERR1090508
847,species,0.00976706,Oxalobacter formigenes,ERR1090508
106588,species,0.00976706,Pseudoflavonifractor capillosus,ERR1090508
1077256,species,0.00976706,Methanosphaera cuniculi,ERR1090508
1705,species,0.00976706,Corynebacterium stationis,ERR1090508
882211,species,0.00976706,Pseudomonas deceptionensis,ERR1090508
85993,species,0.00488353,Hydrogenophilus hirschii,ERR1090508
161889,species,0.00488353,Corynebacterium lipophiloflavum,ERR1090508
89784,species,0.00488353,Alicyclobacillus hesperidum,ERR1090508
1689,species,0.00488353,Bifidobacterium dentium,ERR1090508
39498,species,0.00488353,[Eubacterium] yurii,ERR1090508
562,species,0.00488353,Escherichia coli,ERR1090508
339862,species,0.00488353,Desulfosporosinus youngiae,ERR1090508
166501,species,0.00488353,Thermobaculum terrenum,ERR1090508
1177728,species,0.00488353,Varibaculum sp. CCUG 31793,ERR1090508
61635,species,0.00488353,Acholeplasma brassicae,ERR1090508
1571,species,0.00488353,Sporosarcina ureae,ERR1090508
29389,species,0.00488353,Streptococcus alactolyticus,ERR1090508
82347,species,0.00488353,Facklamia languida,ERR1090508
396323,species,0.00488353,Acinetobacter brisouii,ERR1090508
1121298,species,0.00488353,Clostridium amylolyticum,ERR1090508
589436,species,0.00488353,Prevotella fusca,ERR1090508
77768,species,0.00488353,Prevotella albensis,ERR1090508
1755607,species,0.00488353,Bacteroides sp. MC_16,ERR1090508
39493,species,0.00488353,Clostridium tarantellae,ERR1090508
461876,species,0.00488353,Alkaliphilus oremlandii,ERR1090508
1404,species,0.00488353,Bacillus megaterium,ERR1090508
233055,species,0.00488353,Desulfitobacterium dichloroeliminans,ERR1090508
2699,species,0.00488353,Heliobacterium gestii,ERR1090508
290055,species,0.00488353,[Eubacterium] fissicatena,ERR1090508
907224,species,0.00488353,Peptoniphilus methioninivorax,ERR1090508
1520,species,0.00488353,Clostridium beijerinckii,ERR1090508
75688,species,0.00488353,Neptunomonas naphthovorans,ERR1090508
876,species,0.00488353,Desulfovibrio desulfuricans,ERR1090508
114702,species,0.00488353,Actinomyces lingnae,ERR1090508
1328,species,0.00488353,Streptococcus anginosus,ERR1090508
33039,species,0.00488353,[Ruminococcus] torques,ERR1090508
414,species,0.00488353,Methylococcus capsulatus,ERR1090508
119484,species,0.00488353,Syntrophobacter fumaroxidans,ERR1090508
294710,species,0.00488353,Proteiniphilum acetatigenes,ERR1090508
134605,species,0.00488353,Fusobacterium equinum,ERR1090508
839,species,0.00488353,Prevotella ruminicola,ERR1090508
301375,species,0.00488353,Methanosaeta harundinacea,ERR1090508
293371,species,0.00488353,Lactobacillus oligofermentans,ERR1090508
1428,species,0.00488353,Bacillus thuringiensis,ERR1090508
70996,species,0.00488353,Herpetosiphon geysericola,ERR1090508
80866,species,0.00488353,Delftia acidovorans,ERR1090508
871325,species,0.00488353,Bacteroides faecichinchillae,ERR1090508
445709,species,0.00488353,Pandoraea thiooxydans,ERR1090508
1034636,species,0.00488353,Providencia sp. BIHB 1402,ERR1090508
225196,species,0.00488353,Geopsychrobacter electrodiphilus,ERR1090508
28112,species,0.00488353,Tannerella forsythia,ERR1090508
148813,species,0.00488353,Sulfuricurvum kujiense,ERR1090508
1599,species,0.00488353,Lactobacillus sakei,ERR1090508
28038,species,0.00488353,Lactobacillus curvatus,ERR1090508
169292,species,0.00488353,Corynebacterium aurimucosum,ERR1090508
28126,species,0.00488353,Prevotella buccae,ERR1090508
267818,species,0.00488353,Lactobacillus kefiranofaciens,ERR1090508
28213,species,0.00488353,Sphingomonas parapaucimobilis,ERR1090508
982,species,0.00488353,Saccharicrinis fermentans,ERR1090508
590845,species,0.00488353,Rhodococcus sp. YIM 100121,ERR1090508
202952,species,0.00488353,Acinetobacter gerneri,ERR1090508
1071390,species,0.00488353,Acinetobacter sp. NBRC 100985,ERR1090508
70993,species,0.00488353,Flexithrix dorotheae,ERR1090508
28125,species,0.00488353,Prevotella bivia,ERR1090508
256702,species,0.00488353,Glutamicibacter bergerei,ERR1090508
573,species,0.00488353,Klebsiella pneumoniae,ERR1090508
1755610,species,0.00488353,Alistipes sp. MC_19,ERR1090508
35554,species,0.00488353,Geobacter sulfurreducens,ERR1090508
29356,species,0.00488353,Clostridium chartatabidum,ERR1090508
48256,species,0.00488353,[Clostridium] hungatei,ERR1090508
2153,species,0.00488353,Asteroleplasma anaerobium,ERR1090508
1465,species,0.00488353,Brevibacillus laterosporus,ERR1090508
1314,species,0.00488353,Streptococcus pyogenes,ERR1090508
349751,species,0.00488353,Corynebacterium marinum,ERR1090508
880,species,0.00488353,Desulfovibrio salexigens,ERR1090508
296591,species,0.00488353,Polaromonas sp. JS666,ERR1090508
1352,species,0.00488353,Enterococcus faecium,ERR1090508
28139,species,0.00488353,Rikenella microfusus,ERR1090508
2734,species,0.00488353,Symbiobacterium thermophilum,ERR1090508
252966,species,0.00488353,Mahella australiensis,ERR1090508
564835,species,0.00488353,Pedobacter koreensis,ERR1090508
310300,species,0.00488353,Bacteroides pyogenes,ERR1090508
1504,species,0.00488353,Clostridium septicum,ERR1090508
202611,species,0.00488353,Lysinibacillus odysseyi,ERR1090508
93063,species,0.00488353,Sphingomonas aquatilis,ERR1090508
39482,species,0.00488353,[Eubacterium] contortum,ERR1090508
1507,species,0.00488353,Clostridium sp. ATCC 29733,ERR1090508
59310,species,0.00488353,Streptococcus macedonicus,ERR1090508
161896,species,0.00488353,Corynebacterium camporealensis,ERR1090508
74311,species,0.00488353,Brevundimonas bacteroides,ERR1090508
218205,species,0.00488353,Garciella nitratireducens,ERR1090508
29466,species,0.00488353,Veillonella parvula,ERR1090508
146817,species,0.00488353,Dendrosporobacter quercicolus,ERR1090508
196024,species,0.00488353,Aeromonas dhakensis,ERR1090508
35760,species,0.00488353,Bifidobacterium choerinum,ERR1090508
180282,species,0.00488353,Delftia tsuruhatensis,ERR1090508
762211,species,0.00488353,Bifidobacterium stellenboschense,ERR1090508
1681,species,0.00488353,Bifidobacterium bifidum,ERR1090508
68569,species,0.00488353,Sphingomonas leidyi,ERR1090508
143393,species,0.00488353,[Eubacterium] sulci,ERR1090508
471189,species,0.00488353,Gordonibacter pamelaeae,ERR1090508
29360,species,0.00488353,Cellulosilyticum lentocellum,ERR1090508
1358,species,0.00488353,Lactococcus lactis,ERR1090508
58138,species,0.00488353,Desulfotomaculum acetoxidans,ERR1090508
173480,species,0.00488353,Gemmatimonas aurantiaca,ERR1090508
39778,species,0.00488353,Veillonella dispar,ERR1090508
118748,species,0.00488353,Bulleidia extructa,ERR1090508
729,species,0.00488353,Haemophilus parainfluenzae,ERR1090508
907,species,0.00488353,Megasphaera elsdenii,ERR1090508
863643,species,0.00488353,Thermincola potens,ERR1090508
39029,species,0.00488353,Megasphaera cerevisiae,ERR1090508
42565,species,0.00488353,Halomonas salina,ERR1090508
83661,species,0.00488353,Desulfonispora thiosulfatigenes,ERR1090508
356829,species,0.00488353,Bifidobacterium tsurumiense,ERR1090508
29367,species,0.00488353,Clostridium puniceum,ERR1090508
216778,species,0.00488353,Stenotrophomonas rhizophila,ERR1090508
78343,species,0.00488353,Bifidobacterium boum,ERR1090508
376806,species,0.00488353,Bacteroides gallinarum,ERR1090508
47770,species,0.00488353,Lactobacillus crispatus,ERR1090508
341694,species,0.00488353,Peptostreptococcus stomatis,ERR1090508
1559,species,0.00488353,Clostridium tertium,ERR1090508
1404244,species,0.00488353,Corynebacterium glyciniphilum,ERR1090508
508460,species,0.00488353,Cloacibacillus evryensis,ERR1090508
1427356,species,0.00488353,Hyphomicrobium nitrativorans,ERR1090508
28262,species,0.00488353,Thermodesulfovibrio yellowstonii,ERR1090508
33037,species,0.00488353,Anaerococcus vaginalis,ERR1090508
1450,species,0.00488353,Alicyclobacillus acidoterrestris,ERR1090508
138595,species,0.00488353,Olsenella profusa,ERR1090508
143361,species,0.00488353,Filifactor alocis,ERR1090508
487698,species,0.00488353,Stenotrophomonas pavanii,ERR1090508
-1,species,22.6986,Unknown,ERR1090508
821,species,11.53,Bacteroides vulgatus,ERR1090508
1755626,species,9.12243,Faecalibacterium sp. MC_41,ERR1090508
397865,species,5.14724,Barnesiella viscericola,ERR1090508
48296,species,3.56498,Acinetobacter pittii,ERR1090508
820,species,3.19871,Bacteroides uniformis,ERR1090508
28116,species,2.65176,Bacteroides ovatus,ERR1090508
351091,species,2.6371,Oscillibacter valericigenes,ERR1090508
239935,species,2.34409,Akkermansia muciniphila,ERR1090508
384638,species,2.08527,[Bacteroides] pectinophilus,ERR1090508
39485,species,2.0462,[Eubacterium] eligens,ERR1090508
40520,species,1.86062,Blautia obeum,ERR1090508
29348,species,1.59691,[Clostridium] spiroforme,ERR1090508
246787,species,1.54808,Bacteroides cellulosilyticus,ERR1090508
1161942,species,1.53343,Ruminococcus champanellensis,ERR1090508
1535,species,1.16228,[Clostridium] leptum,ERR1090508
823,species,1.1574,Parabacteroides distasonis,ERR1090508
47678,species,1.11344,Bacteroides caccae,ERR1090508
536633,species,0.976706,Blautia glucerasea,ERR1090508
33043,species,0.893686,Coprococcus eutactus,ERR1090508
28117,species,0.800899,Alistipes putredinis,ERR1090508
818,species,0.796015,Bacteroides thetaiotaomicron,ERR1090508
1725,species,0.717879,Corynebacterium xerosis,ERR1090508
84030,species,0.673927,[Clostridium] saccharolyticum,ERR1090508
44749,species,0.669043,Sporobacter termitidis,ERR1090508
39484,species,0.590907,Eubacterium desmolans,ERR1090508
487175,species,0.576256,Parasutterella excrementihominis,ERR1090508
69825,species,0.542072,[Clostridium] indolis,ERR1090508
28901,species,0.532305,Salmonella enterica,ERR1090508
1515,species,0.463935,Ruminiclostridium thermocellum,ERR1090508
40214,species,0.410216,Acinetobacter johnsonii,ERR1090508
35833,species,0.385799,Bilophila wadsworthia,ERR1090508
39492,species,0.376032,[Eubacterium] siraeum,ERR1090508
1827099,species,0.366265,Peptoniphilus sp. JCM 8141,ERR1090508
45851,species,0.361381,Butyrivibrio crossotus,ERR1090508
39490,species,0.356498,Eubacterium ramulus,ERR1090508
301301,species,0.356498,Roseburia hominis,ERR1090508
29370,species,0.351614,[Clostridium] sphenoides,ERR1090508
191493,species,0.336963,Corynebacterium sphenisci,ERR1090508
187327,species,0.327196,Acidaminococcus intestini,ERR1090508
169435,species,0.293012,Anaerotruncus colihominis,ERR1090508
2173,species,0.278361,Methanobrevibacter smithii,ERR1090508
626937,species,0.278361,Christensenella minuta,ERR1090508
36835,species,0.24906,[Clostridium] colinum,ERR1090508
39497,species,0.234409,Eubacterium xylanophilum,ERR1090508
40324,species,0.224642,Stenotrophomonas maltophilia,ERR1090508
33031,species,0.219759,Peptoniphilus lacrimalis,ERR1090508
166486,species,0.214875,Roseburia intestinalis,ERR1090508
33034,species,0.209992,Anaerococcus prevotii,ERR1090508
1223514,species,0.209992,Corynebacterium humireducens,ERR1090508
1265,species,0.205108,Ruminococcus flavefaciens,ERR1090508
341225,species,0.205108,[Clostridium] saccharogumia,ERR1090508
46228,species,0.205108,Ruminococcus lactaris,ERR1090508
39486,species,0.195341,Dorea formicigenerans,ERR1090508
328813,species,0.185574,Alistipes onderdonkii,ERR1090508
1260,species,0.180691,Finegoldia magna,ERR1090508
163202,species,0.180691,Corynebacterium appendicis,ERR1090508
29355,species,0.170923,[Clostridium] cellobioparum,ERR1090508
36874,species,0.16604,Porphyromonas cangingivalis,ERR1090508
1465754,species,0.151389,Alistipes timonensis,ERR1090508
328814,species,0.146506,Alistipes shahii,ERR1090508
28127,species,0.141622,Prevotella buccalis,ERR1090508
1264,species,0.136739,Ruminococcus albus,ERR1090508
84032,species,0.136739,[Clostridium] thermosuccinogenes,ERR1090508
29552,species,0.131855,Acholeplasma axanthum,ERR1090508
137732,species,0.126972,Granulicatella elegans,ERR1090508
106654,species,0.126972,Acinetobacter nosocomialis,ERR1090508
1487956,species,0.126972,Corynebacterium sp. ATCC 6931,ERR1090508
33032,species,0.122088,Anaerococcus lactolyticus,ERR1090508
43131,species,0.117205,Tissierella praeacuta,ERR1090508
471,species,0.112321,Acinetobacter calcoaceticus,ERR1090508
208479,species,0.107438,[Clostridium] bolteae,ERR1090508
33035,species,0.102554,Blautia producta,ERR1090508
28128,species,0.102554,Prevotella corporis,ERR1090508
33038,species,0.102554,[Ruminococcus] gnavus,ERR1090508
43770,species,0.102554,Corynebacterium striatum,ERR1090508
39496,species,0.0976706,Eubacterium ventriosum,ERR1090508
291644,species,0.092787,Bacteroides salyersiae,ERR1090508
54006,species,0.0879035,Peptoniphilus ivorii,ERR1090508
626932,species,0.0879035,Alistipes indistinctus,ERR1090508
1727,species,0.0879035,Corynebacterium variabile,ERR1090508
288965,species,0.08302,[Clostridium] clariflavum,ERR1090508
28446,species,0.08302,[Clostridium] propionicum,ERR1090508
1258,species,0.08302,Peptoniphilus asaccharolyticus,ERR1090508
410072,species,0.0781364,Coprococcus comes,ERR1090508
136857,species,0.0781364,Corynebacterium testudinoris,ERR1090508
29354,species,0.0781364,[Clostridium] celerecrescens,ERR1090508
214856,species,0.0732529,Alistipes finegoldii,ERR1090508
626930,species,0.0634859,Bacteroides fluxus,ERR1090508
516075,species,0.0634859,Providencia sneebia,ERR1090508
28118,species,0.0634859,Odoribacter splanchnicus,ERR1090508
53374,species,0.0586023,Corynebacterium coyleae,ERR1090508
645466,species,0.0537188,Anaerostipes butyraticus,ERR1090508
35519,species,0.0537188,Mogibacterium timidum,ERR1090508
218538,species,0.0537188,Dialister invisus,ERR1090508
242750,species,0.0537188,Prevotella bergensis,ERR1090508
38288,species,0.0537188,Corynebacterium genitalium,ERR1090508
817,species,0.0537188,Bacteroides fragilis,ERR1090508
291645,species,0.0488353,Bacteroides nordii,ERR1090508
1680,species,0.0488353,Bifidobacterium adolescentis,ERR1090508
33953,species,0.0488353,Clostridium aminobutyricum,ERR1090508
38286,species,0.0488353,Corynebacterium afermentans,ERR1090508
2317,species,0.0488353,Methanosphaera stadtmanae,ERR1090508
319644,species,0.0439517,Saccharofermentans acetigenes,ERR1090508
329854,species,0.0439517,Bacteroides intestinalis,ERR1090508
216816,species,0.0439517,Bifidobacterium longum,ERR1090508
105841,species,0.0439517,Anaerostipes caccae,ERR1090508
33029,species,0.0439517,Anaerococcus hydrogenalis,ERR1090508
28123,species,0.0439517,Porphyromonas asaccharolytica,ERR1090508
1267,species,0.0439517,Clostridium ventriculi,ERR1090508
270498,species,0.0439517,Catabacter hongkongensis,ERR1090508
588,species,0.0390682,Providencia stuartii,ERR1090508
1512,species,0.0390682,[Clostridium] symbiosum,ERR1090508
357276,species,0.0390682,Bacteroides dorei,ERR1090508
827,species,0.0390682,Campylobacter ureolyticus,ERR1090508
36847,species,0.0390682,[Clostridium] neopropionicum,ERR1090508
502558,species,0.0390682,Eggerthella sp. YY7918,ERR1090508
165179,species,0.0341847,Prevotella copri,ERR1090508
29524,species,0.0341847,Porphyromonas circumdentaria,ERR1090508
43143,species,0.0341847,Tissierella creatinini,ERR1090508
1308,species,0.0341847,Streptococcus thermophilus,ERR1090508
1685,species,0.0341847,Bifidobacterium breve,ERR1090508
184870,species,0.0341847,Varibaculum cambriense,ERR1090508
40518,species,0.0341847,Ruminococcus bromii,ERR1090508
2741,species,0.0341847,Peptococcus niger,ERR1090508
187491,species,0.0341847,Corynebacterium glaucum,ERR1090508
386414,species,0.0341847,Prevotella timonensis,ERR1090508
46503,species,0.0341847,Parabacteroides merdae,ERR1090508
203471,species,0.0341847,Tepidiphilus margaritifer,ERR1090508
84026,species,0.0341847,[Clostridium] methylpentosum,ERR1090508
1724,species,0.0293012,Corynebacterium renale,ERR1090508
1547,species,0.0293012,Erysipelatoclostridium ramosum,ERR1090508
701529,species,0.0293012,Peptoniphilus sp. JCM 8143,ERR1090508
446660,species,0.0293012,Adlercreutzia equolifaciens,ERR1090508
38289,species,0.0293012,Corynebacterium jeikeium,ERR1090508
220688,species,0.0244176,Bacillus soli,ERR1090508
100884,species,0.0244176,Coprobacillus cateniformis,ERR1090508
310297,species,0.0244176,Bacteroides plebeius,ERR1090508
76517,species,0.0244176,Campylobacter hominis,ERR1090508
204516,species,0.0244176,Bacteroides massiliensis,ERR1090508
1510,species,0.0244176,[Clostridium] stercorarium,ERR1090508
281920,species,0.0244176,Porphyromonas uenonis,ERR1090508
626931,species,0.0244176,Bacteroides oleiciplenus,ERR1090508
100176,species,0.0244176,Papillibacter cinnamivorans,ERR1090508
61171,species,0.0244176,Holdemania filiformis,ERR1090508
39488,species,0.0244176,[Eubacterium] hallii,ERR1090508
43675,species,0.0244176,Rothia mucilaginosa,ERR1090508
35785,species,0.0244176,Clostridium maximum,ERR1090508
467976,species,0.0244176,Iamia majanohamensis,ERR1090508
387090,species,0.0195341,Bacteroides coprophilus,ERR1090508
86332,species,0.0195341,Mogibacterium pumilum,ERR1090508
61435,species,0.0195341,Dehalococcoides mccartyi,ERR1090508
371601,species,0.0195341,Bacteroides xylanisolvens,ERR1090508
261299,species,0.0195341,Intestinibacter bartlettii,ERR1090508
28130,species,0.0195341,Prevotella disiens,ERR1090508
78342,species,0.0195341,Bifidobacterium gallicum,ERR1090508
33051,species,0.0195341,Sphingomonas sanguinis,ERR1090508
28037,species,0.0195341,Streptococcus mitis,ERR1090508
180164,species,0.0195341,Blautia schinkii,ERR1090508
415,species,0.0195341,Methylobacter luteus,ERR1090508
1148157,species,0.0195341,Acinetobacter oleivorans,ERR1090508
192421,species,0.0146506,Planococcus maritimus,ERR1090508
31971,species,0.0146506,[Eubacterium] dolichum,ERR1090508
122355,species,0.0146506,Pseudomonas psychrophila,ERR1090508
680283,species,0.0146506,Salinimicrobium marinum,ERR1090508
38304,species,0.0146506,Corynebacterium tuberculostearicum,ERR1090508
454154,species,0.0146506,Paraprevotella clara,ERR1090508
363832,species,0.0146506,Solirubrobacter soli,ERR1090508
294,species,0.0146506,Pseudomonas fluorescens,ERR1090508
1859290,species,0.0146506,Corynebacterium sp. YIM 101343,ERR1090508
36808,species,0.0146506,Corynebacterium bovis,ERR1090508
1026,species,0.0146506,Marinoscillum furvescens,ERR1090508
1476,species,0.0146506,Sporosarcina psychrophila,ERR1090508
49338,species,0.0146506,Desulfitobacterium hafniense,ERR1090508
1522,species,0.0146506,[Clostridium] innocuum,ERR1090508
1463840,species,0.0146506,Streptomyces sp. NRRL F-2305,ERR1090508
29374,species,0.0146506,Filifactor villosus,ERR1090508
38302,species,0.0146506,Corynebacterium mycetoides,ERR1090508
591197,species,0.0146506,Ignavibacterium album,ERR1090508
302449,species,0.0146506,Corynebacterium tuscaniense,ERR1090508
1544,species,0.0146506,[Clostridium] oroticum,ERR1090508
108980,species,0.0146506,Acinetobacter ursingii,ERR1090508
1655,species,0.00976706,Actinomyces naeslundii,ERR1090508
847,species,0.00976706,Oxalobacter formigenes,ERR1090508
106588,species,0.00976706,Pseudoflavonifractor capillosus,ERR1090508
1077256,species,0.00976706,Methanosphaera cuniculi,ERR1090508
487316,species,0.00976706,Acinetobacter soli,ERR1090508
882211,species,0.00976706,Pseudomonas deceptionensis,ERR1090508
1705,species,0.00976706,Corynebacterium stationis,ERR1090508
40519,species,0.00976706,Ruminococcus callidus,ERR1090508
1859291,species,0.00976706,Corynebacterium sp. YIM 101587,ERR1090508
41976,species,0.00976706,Porphyromonas catoniae,ERR1090508
52787,species,0.00976706,Anaerofilum pentosovorans,ERR1090508
1527,species,0.00976706,Anaerocolumna aminovalerica,ERR1090508
216874,species,0.00976706,Mesoplasma corruscae,ERR1090508
46506,species,0.00976706,Bacteroides stercoris,ERR1090508
1542,species,0.00976706,Clostridium novyi,ERR1090508
376804,species,0.00976706,Bacteroides barnesiae,ERR1090508
52227,species,0.00976706,Prevotella dentalis,ERR1090508
42256,species,0.00976706,Rubrobacter radiotolerans,ERR1090508
305,species,0.00976706,Ralstonia solanacearum,ERR1090508
29375,species,0.00976706,[Clostridium] xylanolyticum,ERR1090508
151276,species,0.00976706,Bacteroides coprosuis,ERR1090508
77095,species,0.00976706,Prevotella bryantii,ERR1090508
28026,species,0.00976706,Bifidobacterium pseudocatenulatum,ERR1090508
272239,species,0.00976706,Pseudoclavibacter bifida,ERR1090508
53443,species,0.00976706,Blautia hydrogenotrophica,ERR1090508
178214,species,0.00976706,Facklamia hominis,ERR1090508
901,species,0.00976706,Desulfovibrio piger,ERR1090508
871324,species,0.00976706,Bacteroides stercorirosoris,ERR1090508
859,species,0.00976706,Fusobacterium necrophorum,ERR1090508
392838,species,0.00976706,Bacteroides propionicifaciens,ERR1090508
133453,species,0.00976706,Caldilinea aerophila,ERR1090508
762210,species,0.00976706,Bifidobacterium saguini,ERR1090508
1717,species,0.00976706,Corynebacterium diphtheriae,ERR1090508
29347,species,0.00976706,[Clostridium] scindens,ERR1090508
658062,species,0.00976706,Candidatus Koribacter versatilis,ERR1090508
1630,species,0.00976706,Kandleria vitulina,ERR1090508
1765967,species,0.00976706,Acidihalobacter ferrooxidans,ERR1090508
39491,species,0.00976706,[Eubacterium] rectale,ERR1090508
1513,species,0.00976706,Clostridium tetani,ERR1090508
52561,species,0.00976706,Desulfomicrobium norvegicum,ERR1090508
156978,species,0.00976706,Corynebacterium imitans,ERR1090508
238834,species,0.00976706,Clostridium estertheticum,ERR1090508
84112,species,0.00976706,Eggerthella lenta,ERR1090508
338188,species,0.00976706,Bacteroides finegoldii,ERR1090508
375929,species,0.00976706,Natranaerobius thermophilus,ERR1090508
39029,species,0.00488353,Megasphaera cerevisiae,ERR1090508
42565,species,0.00488353,Halomonas salina,ERR1090508
83661,species,0.00488353,Desulfonispora thiosulfatigenes,ERR1090508
118748,species,0.00488353,Bulleidia extructa,ERR1090508
729,species,0.00488353,Haemophilus parainfluenzae,ERR1090508
907,species,0.00488353,Megasphaera elsdenii,ERR1090508
863643,species,0.00488353,Thermincola potens,ERR1090508
216778,species,0.00488353,Stenotrophomonas rhizophila,ERR1090508
78343,species,0.00488353,Bifidobacterium boum,ERR1090508
376806,species,0.00488353,Bacteroides gallinarum,ERR1090508
47770,species,0.00488353,Lactobacillus crispatus,ERR1090508
356829,species,0.00488353,Bifidobacterium tsurumiense,ERR1090508
29367,species,0.00488353,Clostridium puniceum,ERR1090508
1427356,species,0.00488353,Hyphomicrobium nitrativorans,ERR1090508
28262,species,0.00488353,Thermodesulfovibrio yellowstonii,ERR1090508
33037,species,0.00488353,Anaerococcus vaginalis,ERR1090508
1450,species,0.00488353,Alicyclobacillus acidoterrestris,ERR1090508
138595,species,0.00488353,Olsenella profusa,ERR1090508
143361,species,0.00488353,Filifactor alocis,ERR1090508
487698,species,0.00488353,Stenotrophomonas pavanii,ERR1090508
341694,species,0.00488353,Peptostreptococcus stomatis,ERR1090508
1559,species,0.00488353,Clostridium tertium,ERR1090508
1404244,species,0.00488353,Corynebacterium glyciniphilum,ERR1090508
508460,species,0.00488353,Cloacibacillus evryensis,ERR1090508
1177728,species,0.00488353,Varibaculum sp. CCUG 31793,ERR1090508
61635,species,0.00488353,Acholeplasma brassicae,ERR1090508
1571,species,0.00488353,Sporosarcina ureae,ERR1090508
29389,species,0.00488353,Streptococcus alactolyticus,ERR1090508
85993,species,0.00488353,Hydrogenophilus hirschii,ERR1090508
161889,species,0.00488353,Corynebacterium lipophiloflavum,ERR1090508
89784,species,0.00488353,Alicyclobacillus hesperidum,ERR1090508
1689,species,0.00488353,Bifidobacterium dentium,ERR1090508
39498,species,0.00488353,[Eubacterium] yurii,ERR1090508
562,species,0.00488353,Escherichia coli,ERR1090508
339862,species,0.00488353,Desulfosporosinus youngiae,ERR1090508
166501,species,0.00488353,Thermobaculum terrenum,ERR1090508
461876,species,0.00488353,Alkaliphilus oremlandii,ERR1090508
1404,species,0.00488353,Bacillus megaterium,ERR1090508
233055,species,0.00488353,Desulfitobacterium dichloroeliminans,ERR1090508
2699,species,0.00488353,Heliobacterium gestii,ERR1090508
82347,species,0.00488353,Facklamia languida,ERR1090508
396323,species,0.00488353,Acinetobacter brisouii,ERR1090508
1121298,species,0.00488353,Clostridium amylolyticum,ERR1090508
589436,species,0.00488353,Prevotella fusca,ERR1090508
77768,species,0.00488353,Prevotella albensis,ERR1090508
1755607,species,0.00488353,Bacteroides sp. MC_16,ERR1090508
39493,species,0.00488353,Clostridium tarantellae,ERR1090508
1328,species,0.00488353,Streptococcus anginosus,ERR1090508
33039,species,0.00488353,[Ruminococcus] torques,ERR1090508
290055,species,0.00488353,[Eubacterium] fissicatena,ERR1090508
907224,species,0.00488353,Peptoniphilus methioninivorax,ERR1090508
1520,species,0.00488353,Clostridium beijerinckii,ERR1090508
75688,species,0.00488353,Neptunomonas naphthovorans,ERR1090508
876,species,0.00488353,Desulfovibrio desulfuricans,ERR1090508
114702,species,0.00488353,Actinomyces lingnae,ERR1090508
134605,species,0.00488353,Fusobacterium equinum,ERR1090508
839,species,0.00488353,Prevotella ruminicola,ERR1090508
301375,species,0.00488353,Methanosaeta harundinacea,ERR1090508
293371,species,0.00488353,Lactobacillus oligofermentans,ERR1090508
414,species,0.00488353,Methylococcus capsulatus,ERR1090508
119484,species,0.00488353,Syntrophobacter fumaroxidans,ERR1090508
294710,species,0.00488353,Proteiniphilum acetatigenes,ERR1090508
871325,species,0.00488353,Bacteroides faecichinchillae,ERR1090508
445709,species,0.00488353,Pandoraea thiooxydans,ERR1090508
1034636,species,0.00488353,Providencia sp. BIHB 1402,ERR1090508
225196,species,0.00488353,Geopsychrobacter electrodiphilus,ERR1090508
28112,species,0.00488353,Tannerella forsythia,ERR1090508
148813,species,0.00488353,Sulfuricurvum kujiense,ERR1090508
1428,species,0.00488353,Bacillus thuringiensis,ERR1090508
70996,species,0.00488353,Herpetosiphon geysericola,ERR1090508
80866,species,0.00488353,Delftia acidovorans,ERR1090508
169292,species,0.00488353,Corynebacterium aurimucosum,ERR1090508
28126,species,0.00488353,Prevotella buccae,ERR1090508
267818,species,0.00488353,Lactobacillus kefiranofaciens,ERR1090508
28213,species,0.00488353,Sphingomonas parapaucimobilis,ERR1090508
982,species,0.00488353,Saccharicrinis fermentans,ERR1090508
1599,species,0.00488353,Lactobacillus sakei,ERR1090508
28038,species,0.00488353,Lactobacillus curvatus,ERR1090508
1071390,species,0.00488353,Acinetobacter sp. NBRC 100985,ERR1090508
70993,species,0.00488353,Flexithrix dorotheae,ERR1090508
28125,species,0.00488353,Prevotella bivia,ERR1090508
256702,species,0.00488353,Glutamicibacter bergerei,ERR1090508
573,species,0.00488353,Klebsiella pneumoniae,ERR1090508
1755610,species,0.00488353,Alistipes sp. MC_19,ERR1090508
590845,species,0.00488353,Rhodococcus sp. YIM 100121,ERR1090508
202952,species,0.00488353,Acinetobacter gerneri,ERR1090508
1465,species,0.00488353,Brevibacillus laterosporus,ERR1090508
1314,species,0.00488353,Streptococcus pyogenes,ERR1090508
35554,species,0.00488353,Geobacter sulfurreducens,ERR1090508
29356,species,0.00488353,Clostridium chartatabidum,ERR1090508
48256,species,0.00488353,[Clostridium] hungatei,ERR1090508
2153,species,0.00488353,Asteroleplasma anaerobium,ERR1090508
1352,species,0.00488353,Enterococcus faecium,ERR1090508
28139,species,0.00488353,Rikenella microfusus,ERR1090508
2734,species,0.00488353,Symbiobacterium thermophilum,ERR1090508
252966,species,0.00488353,Mahella australiensis,ERR1090508
564835,species,0.00488353,Pedobacter koreensis,ERR1090508
349751,species,0.00488353,Corynebacterium marinum,ERR1090508
880,species,0.00488353,Desulfovibrio salexigens,ERR1090508
296591,species,0.00488353,Polaromonas sp. JS666,ERR1090508
1504,species,0.00488353,Clostridium septicum,ERR1090508
202611,species,0.00488353,Lysinibacillus odysseyi,ERR1090508
93063,species,0.00488353,Sphingomonas aquatilis,ERR1090508
310300,species,0.00488353,Bacteroides pyogenes,ERR1090508
218205,species,0.00488353,Garciella nitratireducens,ERR1090508
29466,species,0.00488353,Veillonella parvula,ERR1090508
146817,species,0.00488353,Dendrosporobacter quercicolus,ERR1090508
39482,species,0.00488353,[Eubacterium] contortum,ERR1090508
1507,species,0.00488353,Clostridium sp. ATCC 29733,ERR1090508
59310,species,0.00488353,Streptococcus macedonicus,ERR1090508
161896,species,0.00488353,Corynebacterium camporealensis,ERR1090508
74311,species,0.00488353,Brevundimonas bacteroides,ERR1090508
68569,species,0.00488353,Sphingomonas leidyi,ERR1090508
143393,species,0.00488353,[Eubacterium] sulci,ERR1090508
196024,species,0.00488353,Aeromonas dhakensis,ERR1090508
35760,species,0.00488353,Bifidobacterium choerinum,ERR1090508
180282,species,0.00488353,Delftia tsuruhatensis,ERR1090508
762211,species,0.00488353,Bifidobacterium stellenboschense,ERR1090508
1681,species,0.00488353,Bifidobacterium bifidum,ERR1090508
58138,species,0.00488353,Desulfotomaculum acetoxidans,ERR1090508
173480,species,0.00488353,Gemmatimonas aurantiaca,ERR1090508
39778,species,0.00488353,Veillonella dispar,ERR1090508
471189,species,0.00488353,Gordonibacter pamelaeae,ERR1090508
29360,species,0.00488353,Cellulosilyticum lentocellum,ERR1090508
1358,species,0.00488353,Lactococcus lactis,ERR1090508
-1,species,22.6986,Unknown,ERR1090508
821,species,11.53,Bacteroides vulgatus,ERR1090508
1755626,species,9.12243,Faecalibacterium sp. MC_41,ERR1090508
397865,species,5.14724,Barnesiella viscericola,ERR1090508
48296,species,3.56498,Acinetobacter pittii,ERR1090508
820,species,3.19871,Bacteroides uniformis,ERR1090508
28116,species,2.65176,Bacteroides ovatus,ERR1090508
351091,species,2.6371,Oscillibacter valericigenes,ERR1090508
239935,species,2.34409,Akkermansia muciniphila,ERR1090508
384638,species,2.08527,[Bacteroides] pectinophilus,ERR1090508
39485,species,2.0462,[Eubacterium] eligens,ERR1090508
40520,species,1.86062,Blautia obeum,ERR1090508
29348,species,1.59691,[Clostridium] spiroforme,ERR1090508
246787,species,1.54808,Bacteroides cellulosilyticus,ERR1090508
1161942,species,1.53343,Ruminococcus champanellensis,ERR1090508
1535,species,1.16228,[Clostridium] leptum,ERR1090508
823,species,1.1574,Parabacteroides distasonis,ERR1090508
47678,species,1.11344,Bacteroides caccae,ERR1090508
536633,species,0.976706,Blautia glucerasea,ERR1090508
33043,species,0.893686,Coprococcus eutactus,ERR1090508
28117,species,0.800899,Alistipes putredinis,ERR1090508
818,species,0.796015,Bacteroides thetaiotaomicron,ERR1090508
1725,species,0.717879,Corynebacterium xerosis,ERR1090508
84030,species,0.673927,[Clostridium] saccharolyticum,ERR1090508
44749,species,0.669043,Sporobacter termitidis,ERR1090508
39484,species,0.590907,Eubacterium desmolans,ERR1090508
487175,species,0.576256,Parasutterella excrementihominis,ERR1090508
69825,species,0.542072,[Clostridium] indolis,ERR1090508
28901,species,0.532305,Salmonella enterica,ERR1090508
1515,species,0.463935,Ruminiclostridium thermocellum,ERR1090508
40214,species,0.410216,Acinetobacter johnsonii,ERR1090508
35833,species,0.385799,Bilophila wadsworthia,ERR1090508
39492,species,0.376032,[Eubacterium] siraeum,ERR1090508
1827099,species,0.366265,Peptoniphilus sp. JCM 8141,ERR1090508
45851,species,0.361381,Butyrivibrio crossotus,ERR1090508
39490,species,0.356498,Eubacterium ramulus,ERR1090508
301301,species,0.356498,Roseburia hominis,ERR1090508
29370,species,0.351614,[Clostridium] sphenoides,ERR1090508
191493,species,0.336963,Corynebacterium sphenisci,ERR1090508
187327,species,0.327196,Acidaminococcus intestini,ERR1090508
169435,species,0.293012,Anaerotruncus colihominis,ERR1090508
2173,species,0.278361,Methanobrevibacter smithii,ERR1090508
626937,species,0.278361,Christensenella minuta,ERR1090508
36835,species,0.24906,[Clostridium] colinum,ERR1090508
39497,species,0.234409,Eubacterium xylanophilum,ERR1090508
40324,species,0.224642,Stenotrophomonas maltophilia,ERR1090508
33031,species,0.219759,Peptoniphilus lacrimalis,ERR1090508
166486,species,0.214875,Roseburia intestinalis,ERR1090508
33034,species,0.209992,Anaerococcus prevotii,ERR1090508
1223514,species,0.209992,Corynebacterium humireducens,ERR1090508
1265,species,0.205108,Ruminococcus flavefaciens,ERR1090508
341225,species,0.205108,[Clostridium] saccharogumia,ERR1090508
46228,species,0.205108,Ruminococcus lactaris,ERR1090508
39486,species,0.195341,Dorea formicigenerans,ERR1090508
328813,species,0.185574,Alistipes onderdonkii,ERR1090508
163202,species,0.180691,Corynebacterium appendicis,ERR1090508
1260,species,0.180691,Finegoldia magna,ERR1090508
29355,species,0.170923,[Clostridium] cellobioparum,ERR1090508
36874,species,0.16604,Porphyromonas cangingivalis,ERR1090508
1465754,species,0.151389,Alistipes timonensis,ERR1090508
328814,species,0.146506,Alistipes shahii,ERR1090508
28127,species,0.141622,Prevotella buccalis,ERR1090508
1264,species,0.136739,Ruminococcus albus,ERR1090508
84032,species,0.136739,[Clostridium] thermosuccinogenes,ERR1090508
29552,species,0.131855,Acholeplasma axanthum,ERR1090508
137732,species,0.126972,Granulicatella elegans,ERR1090508
106654,species,0.126972,Acinetobacter nosocomialis,ERR1090508
1487956,species,0.126972,Corynebacterium sp. ATCC 6931,ERR1090508
33032,species,0.122088,Anaerococcus lactolyticus,ERR1090508
43131,species,0.117205,Tissierella praeacuta,ERR1090508
471,species,0.112321,Acinetobacter calcoaceticus,ERR1090508
208479,species,0.107438,[Clostridium] bolteae,ERR1090508
28128,species,0.102554,Prevotella corporis,ERR1090508
43770,species,0.102554,Corynebacterium striatum,ERR1090508
33038,species,0.102554,[Ruminococcus] gnavus,ERR1090508
33035,species,0.102554,Blautia producta,ERR1090508
39496,species,0.0976706,Eubacterium ventriosum,ERR1090508
291644,species,0.092787,Bacteroides salyersiae,ERR1090508
54006,species,0.0879035,Peptoniphilus ivorii,ERR1090508
626932,species,0.0879035,Alistipes indistinctus,ERR1090508
1727,species,0.0879035,Corynebacterium variabile,ERR1090508
288965,species,0.08302,[Clostridium] clariflavum,ERR1090508
28446,species,0.08302,[Clostridium] propionicum,ERR1090508
1258,species,0.08302,Peptoniphilus asaccharolyticus,ERR1090508
410072,species,0.0781364,Coprococcus comes,ERR1090508
136857,species,0.0781364,Corynebacterium testudinoris,ERR1090508
29354,species,0.0781364,[Clostridium] celerecrescens,ERR1090508
214856,species,0.0732529,Alistipes finegoldii,ERR1090508
626930,species,0.0634859,Bacteroides fluxus,ERR1090508
516075,species,0.0634859,Providencia sneebia,ERR1090508
28118,species,0.0634859,Odoribacter splanchnicus,ERR1090508
53374,species,0.0586023,Corynebacterium coyleae,ERR1090508
35519,species,0.0537188,Mogibacterium timidum,ERR1090508
218538,species,0.0537188,Dialister invisus,ERR1090508
242750,species,0.0537188,Prevotella bergensis,ERR1090508
38288,species,0.0537188,Corynebacterium genitalium,ERR1090508
817,species,0.0537188,Bacteroides fragilis,ERR1090508
645466,species,0.0537188,Anaerostipes butyraticus,ERR1090508
1680,species,0.0488353,Bifidobacterium adolescentis,ERR1090508
33953,species,0.0488353,Clostridium aminobutyricum,ERR1090508
38286,species,0.0488353,Corynebacterium afermentans,ERR1090508
2317,species,0.0488353,Methanosphaera stadtmanae,ERR1090508
291645,species,0.0488353,Bacteroides nordii,ERR1090508
319644,species,0.0439517,Saccharofermentans acetigenes,ERR1090508
329854,species,0.0439517,Bacteroides intestinalis,ERR1090508
216816,species,0.0439517,Bifidobacterium longum,ERR1090508
105841,species,0.0439517,Anaerostipes caccae,ERR1090508
33029,species,0.0439517,Anaerococcus hydrogenalis,ERR1090508
28123,species,0.0439517,Porphyromonas asaccharolytica,ERR1090508
1267,species,0.0439517,Clostridium ventriculi,ERR1090508
270498,species,0.0439517,Catabacter hongkongensis,ERR1090508
588,species,0.0390682,Providencia stuartii,ERR1090508
1512,species,0.0390682,[Clostridium] symbiosum,ERR1090508
357276,species,0.0390682,Bacteroides dorei,ERR1090508
827,species,0.0390682,Campylobacter ureolyticus,ERR1090508
36847,species,0.0390682,[Clostridium] neopropionicum,ERR1090508
502558,species,0.0390682,Eggerthella sp. YY7918,ERR1090508
165179,species,0.0341847,Prevotella copri,ERR1090508
29524,species,0.0341847,Porphyromonas circumdentaria,ERR1090508
43143,species,0.0341847,Tissierella creatinini,ERR1090508
1308,species,0.0341847,Streptococcus thermophilus,ERR1090508
1685,species,0.0341847,Bifidobacterium breve,ERR1090508
184870,species,0.0341847,Varibaculum cambriense,ERR1090508
40518,species,0.0341847,Ruminococcus bromii,ERR1090508
2741,species,0.0341847,Peptococcus niger,ERR1090508
187491,species,0.0341847,Corynebacterium glaucum,ERR1090508
386414,species,0.0341847,Prevotella timonensis,ERR1090508
46503,species,0.0341847,Parabacteroides merdae,ERR1090508
203471,species,0.0341847,Tepidiphilus margaritifer,ERR1090508
84026,species,0.0341847,[Clostridium] methylpentosum,ERR1090508
1724,species,0.0293012,Corynebacterium renale,ERR1090508
1547,species,0.0293012,Erysipelatoclostridium ramosum,ERR1090508
701529,species,0.0293012,Peptoniphilus sp. JCM 8143,ERR1090508
446660,species,0.0293012,Adlercreutzia equolifaciens,ERR1090508
38289,species,0.0293012,Corynebacterium jeikeium,ERR1090508
100884,species,0.0244176,Coprobacillus cateniformis,ERR1090508
310297,species,0.0244176,Bacteroides plebeius,ERR1090508
220688,species,0.0244176,Bacillus soli,ERR1090508
76517,species,0.0244176,Campylobacter hominis,ERR1090508
1510,species,0.0244176,[Clostridium] stercorarium,ERR1090508
204516,species,0.0244176,Bacteroides massiliensis,ERR1090508
281920,species,0.0244176,Porphyromonas uenonis,ERR1090508
626931,species,0.0244176,Bacteroides oleiciplenus,ERR1090508
100176,species,0.0244176,Papillibacter cinnamivorans,ERR1090508
61171,species,0.0244176,Holdemania filiformis,ERR1090508
39488,species,0.0244176,[Eubacterium] hallii,ERR1090508
43675,species,0.0244176,Rothia mucilaginosa,ERR1090508
467976,species,0.0244176,Iamia majanohamensis,ERR1090508
35785,species,0.0244176,Clostridium maximum,ERR1090508
371601,species,0.0195341,Bacteroides xylanisolvens,ERR1090508
261299,species,0.0195341,Intestinibacter bartlettii,ERR1090508
28130,species,0.0195341,Prevotella disiens,ERR1090508
78342,species,0.0195341,Bifidobacterium gallicum,ERR1090508
33051,species,0.0195341,Sphingomonas sanguinis,ERR1090508
28037,species,0.0195341,Streptococcus mitis,ERR1090508
415,species,0.0195341,Methylobacter luteus,ERR1090508
180164,species,0.0195341,Blautia schinkii,ERR1090508
1148157,species,0.0195341,Acinetobacter oleivorans,ERR1090508
86332,species,0.0195341,Mogibacterium pumilum,ERR1090508
61435,species,0.0195341,Dehalococcoides mccartyi,ERR1090508
387090,species,0.0195341,Bacteroides coprophilus,ERR1090508
122355,species,0.0146506,Pseudomonas psychrophila,ERR1090508
680283,species,0.0146506,Salinimicrobium marinum,ERR1090508
31971,species,0.0146506,[Eubacterium] dolichum,ERR1090508
454154,species,0.0146506,Paraprevotella clara,ERR1090508
363832,species,0.0146506,Solirubrobacter soli,ERR1090508
38304,species,0.0146506,Corynebacterium tuberculostearicum,ERR1090508
294,species,0.0146506,Pseudomonas fluorescens,ERR1090508
36808,species,0.0146506,Corynebacterium bovis,ERR1090508
1859290,species,0.0146506,Corynebacterium sp. YIM 101343,ERR1090508
1026,species,0.0146506,Marinoscillum furvescens,ERR1090508
49338,species,0.0146506,Desulfitobacterium hafniense,ERR1090508
1476,species,0.0146506,Sporosarcina psychrophila,ERR1090508
1522,species,0.0146506,[Clostridium] innocuum,ERR1090508
29374,species,0.0146506,Filifactor villosus,ERR1090508
1463840,species,0.0146506,Streptomyces sp. NRRL F-2305,ERR1090508
38302,species,0.0146506,Corynebacterium mycetoides,ERR1090508
591197,species,0.0146506,Ignavibacterium album,ERR1090508
1544,species,0.0146506,[Clostridium] oroticum,ERR1090508
302449,species,0.0146506,Corynebacterium tuscaniense,ERR1090508
108980,species,0.0146506,Acinetobacter ursingii,ERR1090508
192421,species,0.0146506,Planococcus maritimus,ERR1090508
1705,species,0.00976706,Corynebacterium stationis,ERR1090508
882211,species,0.00976706,Pseudomonas deceptionensis,ERR1090508
40519,species,0.00976706,Ruminococcus callidus,ERR1090508
1859291,species,0.00976706,Corynebacterium sp. YIM 101587,ERR1090508
41976,species,0.00976706,Porphyromonas catoniae,ERR1090508
52787,species,0.00976706,Anaerofilum pentosovorans,ERR1090508
216874,species,0.00976706,Mesoplasma corruscae,ERR1090508
46506,species,0.00976706,Bacteroides stercoris,ERR1090508
1542,species,0.00976706,Clostridium novyi,ERR1090508
1527,species,0.00976706,Anaerocolumna aminovalerica,ERR1090508
376804,species,0.00976706,Bacteroides barnesiae,ERR1090508
52227,species,0.00976706,Prevotella dentalis,ERR1090508
42256,species,0.00976706,Rubrobacter radiotolerans,ERR1090508
305,species,0.00976706,Ralstonia solanacearum,ERR1090508
29375,species,0.00976706,[Clostridium] xylanolyticum,ERR1090508
151276,species,0.00976706,Bacteroides coprosuis,ERR1090508
77095,species,0.00976706,Prevotella bryantii,ERR1090508
272239,species,0.00976706,Pseudoclavibacter bifida,ERR1090508
28026,species,0.00976706,Bifidobacterium pseudocatenulatum,ERR1090508
178214,species,0.00976706,Facklamia hominis,ERR1090508
901,species,0.00976706,Desulfovibrio piger,ERR1090508
53443,species,0.00976706,Blautia hydrogenotrophica,ERR1090508
859,species,0.00976706,Fusobacterium necrophorum,ERR1090508
392838,species,0.00976706,Bacteroides propionicifaciens,ERR1090508
133453,species,0.00976706,Caldilinea aerophila,ERR1090508
762210,species,0.00976706,Bifidobacterium saguini,ERR1090508
871324,species,0.00976706,Bacteroides stercorirosoris,ERR1090508
1717,species,0.00976706,Corynebacterium diphtheriae,ERR1090508
658062,species,0.00976706,Candidatus Koribacter versatilis,ERR1090508
1630,species,0.00976706,Kandleria vitulina,ERR1090508
1765967,species,0.00976706,Acidihalobacter ferrooxidans,ERR1090508
39491,species,0.00976706,[Eubacterium] rectale,ERR1090508
29347,species,0.00976706,[Clostridium] scindens,ERR1090508
52561,species,0.00976706,Desulfomicrobium norvegicum,ERR1090508
1513,species,0.00976706,Clostridium tetani,ERR1090508
156978,species,0.00976706,Corynebacterium imitans,ERR1090508
238834,species,0.00976706,Clostridium estertheticum,ERR1090508
84112,species,0.00976706,Eggerthella lenta,ERR1090508
338188,species,0.00976706,Bacteroides finegoldii,ERR1090508
375929,species,0.00976706,Natranaerobius thermophilus,ERR1090508
1655,species,0.00976706,Actinomyces naeslundii,ERR1090508
847,species,0.00976706,Oxalobacter formigenes,ERR1090508
106588,species,0.00976706,Pseudoflavonifractor capillosus,ERR1090508
1077256,species,0.00976706,Methanosphaera cuniculi,ERR1090508
487316,species,0.00976706,Acinetobacter soli,ERR1090508
78343,species,0.00488353,Bifidobacterium boum,ERR1090508
376806,species,0.00488353,Bacteroides gallinarum,ERR1090508
47770,species,0.00488353,Lactobacillus crispatus,ERR1090508
356829,species,0.00488353,Bifidobacterium tsurumiense,ERR1090508
29367,species,0.00488353,Clostridium puniceum,ERR1090508
216778,species,0.00488353,Stenotrophomonas rhizophila,ERR1090508
33037,species,0.00488353,Anaerococcus vaginalis,ERR1090508
1450,species,0.00488353,Alicyclobacillus acidoterrestris,ERR1090508
138595,species,0.00488353,Olsenella profusa,ERR1090508
143361,species,0.00488353,Filifactor alocis,ERR1090508
487698,species,0.00488353,Stenotrophomonas pavanii,ERR1090508
341694,species,0.00488353,Peptostreptococcus stomatis,ERR1090508
1559,species,0.00488353,Clostridium tertium,ERR1090508
1404244,species,0.00488353,Corynebacterium glyciniphilum,ERR1090508
508460,species,0.00488353,Cloacibacillus evryensis,ERR1090508
1427356,species,0.00488353,Hyphomicrobium nitrativorans,ERR1090508
28262,species,0.00488353,Thermodesulfovibrio yellowstonii,ERR1090508
29389,species,0.00488353,Streptococcus alactolyticus,ERR1090508
85993,species,0.00488353,Hydrogenophilus hirschii,ERR1090508
161889,species,0.00488353,Corynebacterium lipophiloflavum,ERR1090508
89784,species,0.00488353,Alicyclobacillus hesperidum,ERR1090508
1689,species,0.00488353,Bifidobacterium dentium,ERR1090508
39498,species,0.00488353,[Eubacterium] yurii,ERR1090508
562,species,0.00488353,Escherichia coli,ERR1090508
339862,species,0.00488353,Desulfosporosinus youngiae,ERR1090508
166501,species,0.00488353,Thermobaculum terrenum,ERR1090508
1177728,species,0.00488353,Varibaculum sp. CCUG 31793,ERR1090508
61635,species,0.00488353,Acholeplasma brassicae,ERR1090508
1571,species,0.00488353,Sporosarcina ureae,ERR1090508
1404,species,0.00488353,Bacillus megaterium,ERR1090508
233055,species,0.00488353,Desulfitobacterium dichloroeliminans,ERR1090508
2699,species,0.00488353,Heliobacterium gestii,ERR1090508
82347,species,0.00488353,Facklamia languida,ERR1090508
396323,species,0.00488353,Acinetobacter brisouii,ERR1090508
1121298,species,0.00488353,Clostridium amylolyticum,ERR1090508
589436,species,0.00488353,Prevotella fusca,ERR1090508
77768,species,0.00488353,Prevotella albensis,ERR1090508
1755607,species,0.00488353,Bacteroides sp. MC_16,ERR1090508
39493,species,0.00488353,Clostridium tarantellae,ERR1090508
461876,species,0.00488353,Alkaliphilus oremlandii,ERR1090508
1328,species,0.00488353,Streptococcus anginosus,ERR1090508
33039,species,0.00488353,[Ruminococcus] torques,ERR1090508
290055,species,0.00488353,[Eubacterium] fissicatena,ERR1090508
907224,species,0.00488353,Peptoniphilus methioninivorax,ERR1090508
1520,species,0.00488353,Clostridium beijerinckii,ERR1090508
75688,species,0.00488353,Neptunomonas naphthovorans,ERR1090508
876,species,0.00488353,Desulfovibrio desulfuricans,ERR1090508
114702,species,0.00488353,Actinomyces lingnae,ERR1090508
839,species,0.00488353,Prevotella ruminicola,ERR1090508
301375,species,0.00488353,Methanosaeta harundinacea,ERR1090508
293371,species,0.00488353,Lactobacillus oligofermentans,ERR1090508
414,species,0.00488353,Methylococcus capsulatus,ERR1090508
119484,species,0.00488353,Syntrophobacter fumaroxidans,ERR1090508
294710,species,0.00488353,Proteiniphilum acetatigenes,ERR1090508
134605,species,0.00488353,Fusobacterium equinum,ERR1090508
225196,species,0.00488353,Geopsychrobacter electrodiphilus,ERR1090508
28112,species,0.00488353,Tannerella forsythia,ERR1090508
148813,species,0.00488353,Sulfuricurvum kujiense,ERR1090508
1428,species,0.00488353,Bacillus thuringiensis,ERR1090508
70996,species,0.00488353,Herpetosiphon geysericola,ERR1090508
80866,species,0.00488353,Delftia acidovorans,ERR1090508
871325,species,0.00488353,Bacteroides faecichinchillae,ERR1090508
445709,species,0.00488353,Pandoraea thiooxydans,ERR1090508
1034636,species,0.00488353,Providencia sp. BIHB 1402,ERR1090508
28126,species,0.00488353,Prevotella buccae,ERR1090508
267818,species,0.00488353,Lactobacillus kefiranofaciens,ERR1090508
28213,species,0.00488353,Sphingomonas parapaucimobilis,ERR1090508
982,species,0.00488353,Saccharicrinis fermentans,ERR1090508
1599,species,0.00488353,Lactobacillus sakei,ERR1090508
28038,species,0.00488353,Lactobacillus curvatus,ERR1090508
169292,species,0.00488353,Corynebacterium aurimucosum,ERR1090508
70993,species,0.00488353,Flexithrix dorotheae,ERR1090508
28125,species,0.00488353,Prevotella bivia,ERR1090508
256702,species,0.00488353,Glutamicibacter bergerei,ERR1090508
573,species,0.00488353,Klebsiella pneumoniae,ERR1090508
1755610,species,0.00488353,Alistipes sp. MC_19,ERR1090508
590845,species,0.00488353,Rhodococcus sp. YIM 100121,ERR1090508
202952,species,0.00488353,Acinetobacter gerneri,ERR1090508
1071390,species,0.00488353,Acinetobacter sp. NBRC 100985,ERR1090508
35554,species,0.00488353,Geobacter sulfurreducens,ERR1090508
29356,species,0.00488353,Clostridium chartatabidum,ERR1090508
48256,species,0.00488353,[Clostridium] hungatei,ERR1090508
2153,species,0.00488353,Asteroleplasma anaerobium,ERR1090508
1465,species,0.00488353,Brevibacillus laterosporus,ERR1090508
1314,species,0.00488353,Streptococcus pyogenes,ERR1090508
28139,species,0.00488353,Rikenella microfusus,ERR1090508
2734,species,0.00488353,Symbiobacterium thermophilum,ERR1090508
252966,species,0.00488353,Mahella australiensis,ERR1090508
564835,species,0.00488353,Pedobacter koreensis,ERR1090508
349751,species,0.00488353,Corynebacterium marinum,ERR1090508
880,species,0.00488353,Desulfovibrio salexigens,ERR1090508
296591,species,0.00488353,Polaromonas sp. JS666,ERR1090508
1352,species,0.00488353,Enterococcus faecium,ERR1090508
202611,species,0.00488353,Lysinibacillus odysseyi,ERR1090508
93063,species,0.00488353,Sphingomonas aquatilis,ERR1090508
310300,species,0.00488353,Bacteroides pyogenes,ERR1090508
1504,species,0.00488353,Clostridium septicum,ERR1090508
29466,species,0.00488353,Veillonella parvula,ERR1090508
146817,species,0.00488353,Dendrosporobacter quercicolus,ERR1090508
39482,species,0.00488353,[Eubacterium] contortum,ERR1090508
1507,species,0.00488353,Clostridium sp. ATCC 29733,ERR1090508
59310,species,0.00488353,Streptococcus macedonicus,ERR1090508
161896,species,0.00488353,Corynebacterium camporealensis,ERR1090508
74311,species,0.00488353,Brevundimonas bacteroides,ERR1090508
218205,species,0.00488353,Garciella nitratireducens,ERR1090508
143393,species,0.00488353,[Eubacterium] sulci,ERR1090508
196024,species,0.00488353,Aeromonas dhakensis,ERR1090508
35760,species,0.00488353,Bifidobacterium choerinum,ERR1090508
180282,species,0.00488353,Delftia tsuruhatensis,ERR1090508
762211,species,0.00488353,Bifidobacterium stellenboschense,ERR1090508
1681,species,0.00488353,Bifidobacterium bifidum,ERR1090508
68569,species,0.00488353,Sphingomonas leidyi,ERR1090508
58138,species,0.00488353,Desulfotomaculum acetoxidans,ERR1090508
173480,species,0.00488353,Gemmatimonas aurantiaca,ERR1090508
39778,species,0.00488353,Veillonella dispar,ERR1090508
471189,species,0.00488353,Gordonibacter pamelaeae,ERR1090508
29360,species,0.00488353,Cellulosilyticum lentocellum,ERR1090508
1358,species,0.00488353,Lactococcus lactis,ERR1090508
118748,species,0.00488353,Bulleidia extructa,ERR1090508
729,species,0.00488353,Haemophilus parainfluenzae,ERR1090508
907,species,0.00488353,Megasphaera elsdenii,ERR1090508
863643,species,0.00488353,Thermincola potens,ERR1090508
39029,species,0.00488353,Megasphaera cerevisiae,ERR1090508
42565,species,0.00488353,Halomonas salina,ERR1090508
83661,species,0.00488353,Desulfonispora thiosulfatigenes,ERR1090508
-1,species,22.6986,Unknown,ERR1090508
821,species,11.53,Bacteroides vulgatus,ERR1090508
1755626,species,9.12243,Faecalibacterium sp. MC_41,ERR1090508
397865,species,5.14724,Barnesiella viscericola,ERR1090508
48296,species,3.56498,Acinetobacter pittii,ERR1090508
820,species,3.19871,Bacteroides uniformis,ERR1090508
28116,species,2.65176,Bacteroides ovatus,ERR1090508
351091,species,2.6371,Oscillibacter valericigenes,ERR1090508
239935,species,2.34409,Akkermansia muciniphila,ERR1090508
384638,species,2.08527,[Bacteroides] pectinophilus,ERR1090508
39485,species,2.0462,[Eubacterium] eligens,ERR1090508
40520,species,1.86062,Blautia obeum,ERR1090508
29348,species,1.59691,[Clostridium] spiroforme,ERR1090508
246787,species,1.54808,Bacteroides cellulosilyticus,ERR1090508
1161942,species,1.53343,Ruminococcus champanellensis,ERR1090508
1535,species,1.16228,[Clostridium] leptum,ERR1090508
823,species,1.1574,Parabacteroides distasonis,ERR1090508
47678,species,1.11344,Bacteroides caccae,ERR1090508
536633,species,0.976706,Blautia glucerasea,ERR1090508
33043,species,0.893686,Coprococcus eutactus,ERR1090508
28117,species,0.800899,Alistipes putredinis,ERR1090508
818,species,0.796015,Bacteroides thetaiotaomicron,ERR1090508
1725,species,0.717879,Corynebacterium xerosis,ERR1090508
84030,species,0.673927,[Clostridium] saccharolyticum,ERR1090508
44749,species,0.669043,Sporobacter termitidis,ERR1090508
39484,species,0.590907,Eubacterium desmolans,ERR1090508
487175,species,0.576256,Parasutterella excrementihominis,ERR1090508
69825,species,0.542072,[Clostridium] indolis,ERR1090508
28901,species,0.532305,Salmonella enterica,ERR1090508
1515,species,0.463935,Ruminiclostridium thermocellum,ERR1090508
40214,species,0.410216,Acinetobacter johnsonii,ERR1090508
35833,species,0.385799,Bilophila wadsworthia,ERR1090508
39492,species,0.376032,[Eubacterium] siraeum,ERR1090508
1827099,species,0.366265,Peptoniphilus sp. JCM 8141,ERR1090508
45851,species,0.361381,Butyrivibrio crossotus,ERR1090508
39490,species,0.356498,Eubacterium ramulus,ERR1090508
301301,species,0.356498,Roseburia hominis,ERR1090508
29370,species,0.351614,[Clostridium] sphenoides,ERR1090508
191493,species,0.336963,Corynebacterium sphenisci,ERR1090508
187327,species,0.327196,Acidaminococcus intestini,ERR1090508
169435,species,0.293012,Anaerotruncus colihominis,ERR1090508
626937,species,0.278361,Christensenella minuta,ERR1090508
2173,species,0.278361,Methanobrevibacter smithii,ERR1090508
36835,species,0.24906,[Clostridium] colinum,ERR1090508
39497,species,0.234409,Eubacterium xylanophilum,ERR1090508
40324,species,0.224642,Stenotrophomonas maltophilia,ERR1090508
33031,species,0.219759,Peptoniphilus lacrimalis,ERR1090508
166486,species,0.214875,Roseburia intestinalis,ERR1090508
33034,species,0.209992,Anaerococcus prevotii,ERR1090508
1223514,species,0.209992,Corynebacterium humireducens,ERR1090508
46228,species,0.205108,Ruminococcus lactaris,ERR1090508
1265,species,0.205108,Ruminococcus flavefaciens,ERR1090508
341225,species,0.205108,[Clostridium] saccharogumia,ERR1090508
39486,species,0.195341,Dorea formicigenerans,ERR1090508
328813,species,0.185574,Alistipes onderdonkii,ERR1090508
1260,species,0.180691,Finegoldia magna,ERR1090508
163202,species,0.180691,Corynebacterium appendicis,ERR1090508
29355,species,0.170923,[Clostridium] cellobioparum,ERR1090508
36874,species,0.16604,Porphyromonas cangingivalis,ERR1090508
1465754,species,0.151389,Alistipes timonensis,ERR1090508
328814,species,0.146506,Alistipes shahii,ERR1090508
28127,species,0.141622,Prevotella buccalis,ERR1090508
1264,species,0.136739,Ruminococcus albus,ERR1090508
84032,species,0.136739,[Clostridium] thermosuccinogenes,ERR1090508
29552,species,0.131855,Acholeplasma axanthum,ERR1090508
1487956,species,0.126972,Corynebacterium sp. ATCC 6931,ERR1090508
137732,species,0.126972,Granulicatella elegans,ERR1090508
106654,species,0.126972,Acinetobacter nosocomialis,ERR1090508
33032,species,0.122088,Anaerococcus lactolyticus,ERR1090508
43131,species,0.117205,Tissierella praeacuta,ERR1090508
471,species,0.112321,Acinetobacter calcoaceticus,ERR1090508
208479,species,0.107438,[Clostridium] bolteae,ERR1090508
33035,species,0.102554,Blautia producta,ERR1090508
28128,species,0.102554,Prevotella corporis,ERR1090508
43770,species,0.102554,Corynebacterium striatum,ERR1090508
33038,species,0.102554,[Ruminococcus] gnavus,ERR1090508
39496,species,0.0976706,Eubacterium ventriosum,ERR1090508
291644,species,0.092787,Bacteroides salyersiae,ERR1090508
54006,species,0.0879035,Peptoniphilus ivorii,ERR1090508
626932,species,0.0879035,Alistipes indistinctus,ERR1090508
1727,species,0.0879035,Corynebacterium variabile,ERR1090508
288965,species,0.08302,[Clostridium] clariflavum,ERR1090508
28446,species,0.08302,[Clostridium] propionicum,ERR1090508
1258,species,0.08302,Peptoniphilus asaccharolyticus,ERR1090508
29354,species,0.0781364,[Clostridium] celerecrescens,ERR1090508
410072,species,0.0781364,Coprococcus comes,ERR1090508
136857,species,0.0781364,Corynebacterium testudinoris,ERR1090508
214856,species,0.0732529,Alistipes finegoldii,ERR1090508
626930,species,0.0634859,Bacteroides fluxus,ERR1090508
516075,species,0.0634859,Providencia sneebia,ERR1090508
28118,species,0.0634859,Odoribacter splanchnicus,ERR1090508
53374,species,0.0586023,Corynebacterium coyleae,ERR1090508
38288,species,0.0537188,Corynebacterium genitalium,ERR1090508
817,species,0.0537188,Bacteroides fragilis,ERR1090508
645466,species,0.0537188,Anaerostipes butyraticus,ERR1090508
35519,species,0.0537188,Mogibacterium timidum,ERR1090508
218538,species,0.0537188,Dialister invisus,ERR1090508
242750,species,0.0537188,Prevotella bergensis,ERR1090508
291645,species,0.0488353,Bacteroides nordii,ERR1090508
1680,species,0.0488353,Bifidobacterium adolescentis,ERR1090508
33953,species,0.0488353,Clostridium aminobutyricum,ERR1090508
38286,species,0.0488353,Corynebacterium afermentans,ERR1090508
2317,species,0.0488353,Methanosphaera stadtmanae,ERR1090508
1267,species,0.0439517,Clostridium ventriculi,ERR1090508
270498,species,0.0439517,Catabacter hongkongensis,ERR1090508
319644,species,0.0439517,Saccharofermentans acetigenes,ERR1090508
329854,species,0.0439517,Bacteroides intestinalis,ERR1090508
216816,species,0.0439517,Bifidobacterium longum,ERR1090508
105841,species,0.0439517,Anaerostipes caccae,ERR1090508
33029,species,0.0439517,Anaerococcus hydrogenalis,ERR1090508
28123,species,0.0439517,Porphyromonas asaccharolytica,ERR1090508
502558,species,0.0390682,Eggerthella sp. YY7918,ERR1090508
588,species,0.0390682,Providencia stuartii,ERR1090508
1512,species,0.0390682,[Clostridium] symbiosum,ERR1090508
357276,species,0.0390682,Bacteroides dorei,ERR1090508
827,species,0.0390682,Campylobacter ureolyticus,ERR1090508
36847,species,0.0390682,[Clostridium] neopropionicum,ERR1090508
187491,species,0.0341847,Corynebacterium glaucum,ERR1090508
386414,species,0.0341847,Prevotella timonensis,ERR1090508
46503,species,0.0341847,Parabacteroides merdae,ERR1090508
203471,species,0.0341847,Tepidiphilus margaritifer,ERR1090508
84026,species,0.0341847,[Clostridium] methylpentosum,ERR1090508
165179,species,0.0341847,Prevotella copri,ERR1090508
29524,species,0.0341847,Porphyromonas circumdentaria,ERR1090508
43143,species,0.0341847,Tissierella creatinini,ERR1090508
1308,species,0.0341847,Streptococcus thermophilus,ERR1090508
1685,species,0.0341847,Bifidobacterium breve,ERR1090508
184870,species,0.0341847,Varibaculum cambriense,ERR1090508
40518,species,0.0341847,Ruminococcus bromii,ERR1090508
2741,species,0.0341847,Peptococcus niger,ERR1090508
1724,species,0.0293012,Corynebacterium renale,ERR1090508
1547,species,0.0293012,Erysipelatoclostridium ramosum,ERR1090508
701529,species,0.0293012,Peptoniphilus sp. JCM 8143,ERR1090508
446660,species,0.0293012,Adlercreutzia equolifaciens,ERR1090508
38289,species,0.0293012,Corynebacterium jeikeium,ERR1090508
43675,species,0.0244176,Rothia mucilaginosa,ERR1090508
35785,species,0.0244176,Clostridium maximum,ERR1090508
467976,species,0.0244176,Iamia majanohamensis,ERR1090508
220688,species,0.0244176,Bacillus soli,ERR1090508
100884,species,0.0244176,Coprobacillus cateniformis,ERR1090508
310297,species,0.0244176,Bacteroides plebeius,ERR1090508
76517,species,0.0244176,Campylobacter hominis,ERR1090508
204516,species,0.0244176,Bacteroides massiliensis,ERR1090508
1510,species,0.0244176,[Clostridium] stercorarium,ERR1090508
281920,species,0.0244176,Porphyromonas uenonis,ERR1090508
626931,species,0.0244176,Bacteroides oleiciplenus,ERR1090508
100176,species,0.0244176,Papillibacter cinnamivorans,ERR1090508
61171,species,0.0244176,Holdemania filiformis,ERR1090508
39488,species,0.0244176,[Eubacterium] hallii,ERR1090508
387090,species,0.0195341,Bacteroides coprophilus,ERR1090508
86332,species,0.0195341,Mogibacterium pumilum,ERR1090508
61435,species,0.0195341,Dehalococcoides mccartyi,ERR1090508
371601,species,0.0195341,Bacteroides xylanisolvens,ERR1090508
261299,species,0.0195341,Intestinibacter bartlettii,ERR1090508
28130,species,0.0195341,Prevotella disiens,ERR1090508
78342,species,0.0195341,Bifidobacterium gallicum,ERR1090508
33051,species,0.0195341,Sphingomonas sanguinis,ERR1090508
28037,species,0.0195341,Streptococcus mitis,ERR1090508
180164,species,0.0195341,Blautia schinkii,ERR1090508
415,species,0.0195341,Methylobacter luteus,ERR1090508
1148157,species,0.0195341,Acinetobacter oleivorans,ERR1090508
302449,species,0.0146506,Corynebacterium tuscaniense,ERR1090508
1544,species,0.0146506,[Clostridium] oroticum,ERR1090508
108980,species,0.0146506,Acinetobacter ursingii,ERR1090508
192421,species,0.0146506,Planococcus maritimus,ERR1090508
122355,species,0.0146506,Pseudomonas psychrophila,ERR1090508
680283,species,0.0146506,Salinimicrobium marinum,ERR1090508
31971,species,0.0146506,[Eubacterium] dolichum,ERR1090508
38304,species,0.0146506,Corynebacterium tuberculostearicum,ERR1090508
454154,species,0.0146506,Paraprevotella clara,ERR1090508
363832,species,0.0146506,Solirubrobacter soli,ERR1090508
294,species,0.0146506,Pseudomonas fluorescens,ERR1090508
1859290,species,0.0146506,Corynebacterium sp. YIM 101343,ERR1090508
36808,species,0.0146506,Corynebacterium bovis,ERR1090508
1026,species,0.0146506,Marinoscillum furvescens,ERR1090508
1476,species,0.0146506,Sporosarcina psychrophila,ERR1090508
49338,species,0.0146506,Desulfitobacterium hafniense,ERR1090508
1522,species,0.0146506,[Clostridium] innocuum,ERR1090508
1463840,species,0.0146506,Streptomyces sp. NRRL F-2305,ERR1090508
29374,species,0.0146506,Filifactor villosus,ERR1090508
38302,species,0.0146506,Corynebacterium mycetoides,ERR1090508
591197,species,0.0146506,Ignavibacterium album,ERR1090508
52561,species,0.00976706,Desulfomicrobium norvegicum,ERR1090508
1513,species,0.00976706,Clostridium tetani,ERR1090508
156978,species,0.00976706,Corynebacterium imitans,ERR1090508
238834,species,0.00976706,Clostridium estertheticum,ERR1090508
84112,species,0.00976706,Eggerthella lenta,ERR1090508
338188,species,0.00976706,Bacteroides finegoldii,ERR1090508
375929,species,0.00976706,Natranaerobius thermophilus,ERR1090508
1655,species,0.00976706,Actinomyces naeslundii,ERR1090508
847,species,0.00976706,Oxalobacter formigenes,ERR1090508
106588,species,0.00976706,Pseudoflavonifractor capillosus,ERR1090508
1077256,species,0.00976706,Methanosphaera cuniculi,ERR1090508
487316,species,0.00976706,Acinetobacter soli,ERR1090508
882211,species,0.00976706,Pseudomonas deceptionensis,ERR1090508
1705,species,0.00976706,Corynebacterium stationis,ERR1090508
40519,species,0.00976706,Ruminococcus callidus,ERR1090508
1859291,species,0.00976706,Corynebacterium sp. YIM 101587,ERR1090508
41976,species,0.00976706,Porphyromonas catoniae,ERR1090508
52787,species,0.00976706,Anaerofilum pentosovorans,ERR1090508
216874,species,0.00976706,Mesoplasma corruscae,ERR1090508
46506,species,0.00976706,Bacteroides stercoris,ERR1090508
1542,species,0.00976706,Clostridium novyi,ERR1090508
1527,species,0.00976706,Anaerocolumna aminovalerica,ERR1090508
376804,species,0.00976706,Bacteroides barnesiae,ERR1090508
52227,species,0.00976706,Prevotella dentalis,ERR1090508
42256,species,0.00976706,Rubrobacter radiotolerans,ERR1090508
305,species,0.00976706,Ralstonia solanacearum,ERR1090508
29375,species,0.00976706,[Clostridium] xylanolyticum,ERR1090508
151276,species,0.00976706,Bacteroides coprosuis,ERR1090508
77095,species,0.00976706,Prevotella bryantii,ERR1090508
272239,species,0.00976706,Pseudoclavibacter bifida,ERR1090508
28026,species,0.00976706,Bifidobacterium pseudocatenulatum,ERR1090508
178214,species,0.00976706,Facklamia hominis,ERR1090508
901,species,0.00976706,Desulfovibrio piger,ERR1090508
53443,species,0.00976706,Blautia hydrogenotrophica,ERR1090508
859,species,0.00976706,Fusobacterium necrophorum,ERR1090508
392838,species,0.00976706,Bacteroides propionicifaciens,ERR1090508
133453,species,0.00976706,Caldilinea aerophila,ERR1090508
762210,species,0.00976706,Bifidobacterium saguini,ERR1090508
871324,species,0.00976706,Bacteroides stercorirosoris,ERR1090508
1717,species,0.00976706,Corynebacterium diphtheriae,ERR1090508
29347,species,0.00976706,[Clostridium] scindens,ERR1090508
658062,species,0.00976706,Candidatus Koribacter versatilis,ERR1090508
1630,species,0.00976706,Kandleria vitulina,ERR1090508
1765967,species,0.00976706,Acidihalobacter ferrooxidans,ERR1090508
39491,species,0.00976706,[Eubacterium] rectale,ERR1090508
29466,species,0.00488353,Veillonella parvula,ERR1090508
146817,species,0.00488353,Dendrosporobacter quercicolus,ERR1090508
39482,species,0.00488353,[Eubacterium] contortum,ERR1090508
1507,species,0.00488353,Clostridium sp. ATCC 29733,ERR1090508
59310,species,0.00488353,Streptococcus macedonicus,ERR1090508
161896,species,0.00488353,Corynebacterium camporealensis,ERR1090508
74311,species,0.00488353,Brevundimonas bacteroides,ERR1090508
218205,species,0.00488353,Garciella nitratireducens,ERR1090508
68569,species,0.00488353,Sphingomonas leidyi,ERR1090508
143393,species,0.00488353,[Eubacterium] sulci,ERR1090508
196024,species,0.00488353,Aeromonas dhakensis,ERR1090508
35760,species,0.00488353,Bifidobacterium choerinum,ERR1090508
180282,species,0.00488353,Delftia tsuruhatensis,ERR1090508
762211,species,0.00488353,Bifidobacterium stellenboschense,ERR1090508
1681,species,0.00488353,Bifidobacterium bifidum,ERR1090508
58138,species,0.00488353,Desulfotomaculum acetoxidans,ERR1090508
173480,species,0.00488353,Gemmatimonas aurantiaca,ERR1090508
39778,species,0.00488353,Veillonella dispar,ERR1090508
471189,species,0.00488353,Gordonibacter pamelaeae,ERR1090508
29360,species,0.00488353,Cellulosilyticum lentocellum,ERR1090508
1358,species,0.00488353,Lactococcus lactis,ERR1090508
42565,species,0.00488353,Halomonas salina,ERR1090508
83661,species,0.00488353,Desulfonispora thiosulfatigenes,ERR1090508
118748,species,0.00488353,Bulleidia extructa,ERR1090508
729,species,0.00488353,Haemophilus parainfluenzae,ERR1090508
907,species,0.00488353,Megasphaera elsdenii,ERR1090508
863643,species,0.00488353,Thermincola potens,ERR1090508
39029,species,0.00488353,Megasphaera cerevisiae,ERR1090508
216778,species,0.00488353,Stenotrophomonas rhizophila,ERR1090508
78343,species,0.00488353,Bifidobacterium boum,ERR1090508
376806,species,0.00488353,Bacteroides gallinarum,ERR1090508
47770,species,0.00488353,Lactobacillus crispatus,ERR1090508
356829,species,0.00488353,Bifidobacterium tsurumiense,ERR1090508
29367,species,0.00488353,Clostridium puniceum,ERR1090508
28262,species,0.00488353,Thermodesulfovibrio yellowstonii,ERR1090508
33037,species,0.00488353,Anaerococcus vaginalis,ERR1090508
1450,species,0.00488353,Alicyclobacillus acidoterrestris,ERR1090508
138595,species,0.00488353,Olsenella profusa,ERR1090508
143361,species,0.00488353,Filifactor alocis,ERR1090508
487698,species,0.00488353,Stenotrophomonas pavanii,ERR1090508
341694,species,0.00488353,Peptostreptococcus stomatis,ERR1090508
1559,species,0.00488353,Clostridium tertium,ERR1090508
1404244,species,0.00488353,Corynebacterium glyciniphilum,ERR1090508
508460,species,0.00488353,Cloacibacillus evryensis,ERR1090508
1427356,species,0.00488353,Hyphomicrobium nitrativorans,ERR1090508
61635,species,0.00488353,Acholeplasma brassicae,ERR1090508
1571,species,0.00488353,Sporosarcina ureae,ERR1090508
29389,species,0.00488353,Streptococcus alactolyticus,ERR1090508
85993,species,0.00488353,Hydrogenophilus hirschii,ERR1090508
161889,species,0.00488353,Corynebacterium lipophiloflavum,ERR1090508
89784,species,0.00488353,Alicyclobacillus hesperidum,ERR1090508
1689,species,0.00488353,Bifidobacterium dentium,ERR1090508
39498,species,0.00488353,[Eubacterium] yurii,ERR1090508
562,species,0.00488353,Escherichia coli,ERR1090508
339862,species,0.00488353,Desulfosporosinus youngiae,ERR1090508
166501,species,0.00488353,Thermobaculum terrenum,ERR1090508
1177728,species,0.00488353,Varibaculum sp. CCUG 31793,ERR1090508
1404,species,0.00488353,Bacillus megaterium,ERR1090508
233055,species,0.00488353,Desulfitobacterium dichloroeliminans,ERR1090508
2699,species,0.00488353,Heliobacterium gestii,ERR1090508
82347,species,0.00488353,Facklamia languida,ERR1090508
396323,species,0.00488353,Acinetobacter brisouii,ERR1090508
1121298,species,0.00488353,Clostridium amylolyticum,ERR1090508
589436,species,0.00488353,Prevotella fusca,ERR1090508
77768,species,0.00488353,Prevotella albensis,ERR1090508
1755607,species,0.00488353,Bacteroides sp. MC_16,ERR1090508
39493,species,0.00488353,Clostridium tarantellae,ERR1090508
461876,species,0.00488353,Alkaliphilus oremlandii,ERR1090508
1328,species,0.00488353,Streptococcus anginosus,ERR1090508
33039,species,0.00488353,[Ruminococcus] torques,ERR1090508
290055,species,0.00488353,[Eubacterium] fissicatena,ERR1090508
907224,species,0.00488353,Peptoniphilus methioninivorax,ERR1090508
1520,species,0.00488353,Clostridium beijerinckii,ERR1090508
75688,species,0.00488353,Neptunomonas naphthovorans,ERR1090508
876,species,0.00488353,Desulfovibrio desulfuricans,ERR1090508
114702,species,0.00488353,Actinomyces lingnae,ERR1090508
134605,species,0.00488353,Fusobacterium equinum,ERR1090508
839,species,0.00488353,Prevotella ruminicola,ERR1090508
301375,species,0.00488353,Methanosaeta harundinacea,ERR1090508
293371,species,0.00488353,Lactobacillus oligofermentans,ERR1090508
414,species,0.00488353,Methylococcus capsulatus,ERR1090508
119484,species,0.00488353,Syntrophobacter fumaroxidans,ERR1090508
294710,species,0.00488353,Proteiniphilum acetatigenes,ERR1090508
445709,species,0.00488353,Pandoraea thiooxydans,ERR1090508
1034636,species,0.00488353,Providencia sp. BIHB 1402,ERR1090508
225196,species,0.00488353,Geopsychrobacter electrodiphilus,ERR1090508
28112,species,0.00488353,Tannerella forsythia,ERR1090508
148813,species,0.00488353,Sulfuricurvum kujiense,ERR1090508
1428,species,0.00488353,Bacillus thuringiensis,ERR1090508
70996,species,0.00488353,Herpetosiphon geysericola,ERR1090508
80866,species,0.00488353,Delftia acidovorans,ERR1090508
871325,species,0.00488353,Bacteroides faecichinchillae,ERR1090508
169292,species,0.00488353,Corynebacterium aurimucosum,ERR1090508
28126,species,0.00488353,Prevotella buccae,ERR1090508
267818,species,0.00488353,Lactobacillus kefiranofaciens,ERR1090508
28213,species,0.00488353,Sphingomonas parapaucimobilis,ERR1090508
982,species,0.00488353,Saccharicrinis fermentans,ERR1090508
1599,species,0.00488353,Lactobacillus sakei,ERR1090508
28038,species,0.00488353,Lactobacillus curvatus,ERR1090508
1071390,species,0.00488353,Acinetobacter sp. NBRC 100985,ERR1090508
70993,species,0.00488353,Flexithrix dorotheae,ERR1090508
28125,species,0.00488353,Prevotella bivia,ERR1090508
256702,species,0.00488353,Glutamicibacter bergerei,ERR1090508
573,species,0.00488353,Klebsiella pneumoniae,ERR1090508
1755610,species,0.00488353,Alistipes sp. MC_19,ERR1090508
590845,species,0.00488353,Rhodococcus sp. YIM 100121,ERR1090508
202952,species,0.00488353,Acinetobacter gerneri,ERR1090508
1314,species,0.00488353,Streptococcus pyogenes,ERR1090508
35554,species,0.00488353,Geobacter sulfurreducens,ERR1090508
29356,species,0.00488353,Clostridium chartatabidum,ERR1090508
48256,species,0.00488353,[Clostridium] hungatei,ERR1090508
2153,species,0.00488353,Asteroleplasma anaerobium,ERR1090508
1465,species,0.00488353,Brevibacillus laterosporus,ERR1090508
28139,species,0.00488353,Rikenella microfusus,ERR1090508
2734,species,0.00488353,Symbiobacterium thermophilum,ERR1090508
252966,species,0.00488353,Mahella australiensis,ERR1090508
564835,species,0.00488353,Pedobacter koreensis,ERR1090508
349751,species,0.00488353,Corynebacterium marinum,ERR1090508
880,species,0.00488353,Desulfovibrio salexigens,ERR1090508
296591,species,0.00488353,Polaromonas sp. JS666,ERR1090508
1352,species,0.00488353,Enterococcus faecium,ERR1090508
1504,species,0.00488353,Clostridium septicum,ERR1090508
202611,species,0.00488353,Lysinibacillus odysseyi,ERR1090508
93063,species,0.00488353,Sphingomonas aquatilis,ERR1090508
310300,species,0.00488353,Bacteroides pyogenes,ERR1090508
-1,species,22.6986,Unknown,ERR1090508
821,species,11.53,Bacteroides vulgatus,ERR1090508
1755626,species,9.12243,Faecalibacterium sp. MC_41,ERR1090508
397865,species,5.14724,Barnesiella viscericola,ERR1090508
48296,species,3.56498,Acinetobacter pittii,ERR1090508
820,species,3.19871,Bacteroides uniformis,ERR1090508
28116,species,2.65176,Bacteroides ovatus,ERR1090508
351091,species,2.6371,Oscillibacter valericigenes,ERR1090508
239935,species,2.34409,Akkermansia muciniphila,ERR1090508
384638,species,2.08527,[Bacteroides] pectinophilus,ERR1090508
39485,species,2.0462,[Eubacterium] eligens,ERR1090508
40520,species,1.86062,Blautia obeum,ERR1090508
29348,species,1.59691,[Clostridium] spiroforme,ERR1090508
246787,species,1.54808,Bacteroides cellulosilyticus,ERR1090508
1161942,species,1.53343,Ruminococcus champanellensis,ERR1090508
1535,species,1.16228,[Clostridium] leptum,ERR1090508
823,species,1.1574,Parabacteroides distasonis,ERR1090508
47678,species,1.11344,Bacteroides caccae,ERR1090508
536633,species,0.976706,Blautia glucerasea,ERR1090508
33043,species,0.893686,Coprococcus eutactus,ERR1090508
28117,species,0.800899,Alistipes putredinis,ERR1090508
818,species,0.796015,Bacteroides thetaiotaomicron,ERR1090508
1725,species,0.717879,Corynebacterium xerosis,ERR1090508
84030,species,0.673927,[Clostridium] saccharolyticum,ERR1090508
44749,species,0.669043,Sporobacter termitidis,ERR1090508
39484,species,0.590907,Eubacterium desmolans,ERR1090508
487175,species,0.576256,Parasutterella excrementihominis,ERR1090508
69825,species,0.542072,[Clostridium] indolis,ERR1090508
28901,species,0.532305,Salmonella enterica,ERR1090508
1515,species,0.463935,Ruminiclostridium thermocellum,ERR1090508
40214,species,0.410216,Acinetobacter johnsonii,ERR1090508
35833,species,0.385799,Bilophila wadsworthia,ERR1090508
39492,species,0.376032,[Eubacterium] siraeum,ERR1090508
1827099,species,0.366265,Peptoniphilus sp. JCM 8141,ERR1090508
45851,species,0.361381,Butyrivibrio crossotus,ERR1090508
39490,species,0.356498,Eubacterium ramulus,ERR1090508
301301,species,0.356498,Roseburia hominis,ERR1090508
29370,species,0.351614,[Clostridium] sphenoides,ERR1090508
191493,species,0.336963,Corynebacterium sphenisci,ERR1090508
187327,species,0.327196,Acidaminococcus intestini,ERR1090508
169435,species,0.293012,Anaerotruncus colihominis,ERR1090508
626937,species,0.278361,Christensenella minuta,ERR1090508
2173,species,0.278361,Methanobrevibacter smithii,ERR1090508
36835,species,0.24906,[Clostridium] colinum,ERR1090508
39497,species,0.234409,Eubacterium xylanophilum,ERR1090508
40324,species,0.224642,Stenotrophomonas maltophilia,ERR1090508
33031,species,0.219759,Peptoniphilus lacrimalis,ERR1090508
166486,species,0.214875,Roseburia intestinalis,ERR1090508
33034,species,0.209992,Anaerococcus prevotii,ERR1090508
1223514,species,0.209992,Corynebacterium humireducens,ERR1090508
46228,species,0.205108,Ruminococcus lactaris,ERR1090508
1265,species,0.205108,Ruminococcus flavefaciens,ERR1090508
341225,species,0.205108,[Clostridium] saccharogumia,ERR1090508
39486,species,0.195341,Dorea formicigenerans,ERR1090508
328813,species,0.185574,Alistipes onderdonkii,ERR1090508
1260,species,0.180691,Finegoldia magna,ERR1090508
163202,species,0.180691,Corynebacterium appendicis,ERR1090508
29355,species,0.170923,[Clostridium] cellobioparum,ERR1090508
36874,species,0.16604,Porphyromonas cangingivalis,ERR1090508
1465754,species,0.151389,Alistipes timonensis,ERR1090508
328814,species,0.146506,Alistipes shahii,ERR1090508
28127,species,0.141622,Prevotella buccalis,ERR1090508
1264,species,0.136739,Ruminococcus albus,ERR1090508
84032,species,0.136739,[Clostridium] thermosuccinogenes,ERR1090508
29552,species,0.131855,Acholeplasma axanthum,ERR1090508
137732,species,0.126972,Granulicatella elegans,ERR1090508
106654,species,0.126972,Acinetobacter nosocomialis,ERR1090508
1487956,species,0.126972,Corynebacterium sp. ATCC 6931,ERR1090508
33032,species,0.122088,Anaerococcus lactolyticus,ERR1090508
43131,species,0.117205,Tissierella praeacuta,ERR1090508
471,species,0.112321,Acinetobacter calcoaceticus,ERR1090508
208479,species,0.107438,[Clostridium] bolteae,ERR1090508
33035,species,0.102554,Blautia producta,ERR1090508
28128,species,0.102554,Prevotella corporis,ERR1090508
43770,species,0.102554,Corynebacterium striatum,ERR1090508
33038,species,0.102554,[Ruminococcus] gnavus,ERR1090508
39496,species,0.0976706,Eubacterium ventriosum,ERR1090508
291644,species,0.092787,Bacteroides salyersiae,ERR1090508
54006,species,0.0879035,Peptoniphilus ivorii,ERR1090508
626932,species,0.0879035,Alistipes indistinctus,ERR1090508
1727,species,0.0879035,Corynebacterium variabile,ERR1090508
288965,species,0.08302,[Clostridium] clariflavum,ERR1090508
28446,species,0.08302,[Clostridium] propionicum,ERR1090508
1258,species,0.08302,Peptoniphilus asaccharolyticus,ERR1090508
29354,species,0.0781364,[Clostridium] celerecrescens,ERR1090508
410072,species,0.0781364,Coprococcus comes,ERR1090508
136857,species,0.0781364,Corynebacterium testudinoris,ERR1090508
214856,species,0.0732529,Alistipes finegoldii,ERR1090508
626930,species,0.0634859,Bacteroides fluxus,ERR1090508
516075,species,0.0634859,Providencia sneebia,ERR1090508
28118,species,0.0634859,Odoribacter splanchnicus,ERR1090508
53374,species,0.0586023,Corynebacterium coyleae,ERR1090508
817,species,0.0537188,Bacteroides fragilis,ERR1090508
38288,species,0.0537188,Corynebacterium genitalium,ERR1090508
645466,species,0.0537188,Anaerostipes butyraticus,ERR1090508
35519,species,0.0537188,Mogibacterium timidum,ERR1090508
218538,species,0.0537188,Dialister invisus,ERR1090508
242750,species,0.0537188,Prevotella bergensis,ERR1090508
291645,species,0.0488353,Bacteroides nordii,ERR1090508
1680,species,0.0488353,Bifidobacterium adolescentis,ERR1090508
33953,species,0.0488353,Clostridium aminobutyricum,ERR1090508
38286,species,0.0488353,Corynebacterium afermentans,ERR1090508
2317,species,0.0488353,Methanosphaera stadtmanae,ERR1090508
270498,species,0.0439517,Catabacter hongkongensis,ERR1090508
319644,species,0.0439517,Saccharofermentans acetigenes,ERR1090508
329854,species,0.0439517,Bacteroides intestinalis,ERR1090508
216816,species,0.0439517,Bifidobacterium longum,ERR1090508
105841,species,0.0439517,Anaerostipes caccae,ERR1090508
33029,species,0.0439517,Anaerococcus hydrogenalis,ERR1090508
28123,species,0.0439517,Porphyromonas asaccharolytica,ERR1090508
1267,species,0.0439517,Clostridium ventriculi,ERR1090508
502558,species,0.0390682,Eggerthella sp. YY7918,ERR1090508
588,species,0.0390682,Providencia stuartii,ERR1090508
1512,species,0.0390682,[Clostridium] symbiosum,ERR1090508
357276,species,0.0390682,Bacteroides dorei,ERR1090508
827,species,0.0390682,Campylobacter ureolyticus,ERR1090508
36847,species,0.0390682,[Clostridium] neopropionicum,ERR1090508
46503,species,0.0341847,Parabacteroides merdae,ERR1090508
203471,species,0.0341847,Tepidiphilus margaritifer,ERR1090508
84026,species,0.0341847,[Clostridium] methylpentosum,ERR1090508
165179,species,0.0341847,Prevotella copri,ERR1090508
29524,species,0.0341847,Porphyromonas circumdentaria,ERR1090508
43143,species,0.0341847,Tissierella creatinini,ERR1090508
1308,species,0.0341847,Streptococcus thermophilus,ERR1090508
1685,species,0.0341847,Bifidobacterium breve,ERR1090508
184870,species,0.0341847,Varibaculum cambriense,ERR1090508
40518,species,0.0341847,Ruminococcus bromii,ERR1090508
2741,species,0.0341847,Peptococcus niger,ERR1090508
187491,species,0.0341847,Corynebacterium glaucum,ERR1090508
386414,species,0.0341847,Prevotella timonensis,ERR1090508
1724,species,0.0293012,Corynebacterium renale,ERR1090508
1547,species,0.0293012,Erysipelatoclostridium ramosum,ERR1090508
701529,species,0.0293012,Peptoniphilus sp. JCM 8143,ERR1090508
446660,species,0.0293012,Adlercreutzia equolifaciens,ERR1090508
38289,species,0.0293012,Corynebacterium jeikeium,ERR1090508
43675,species,0.0244176,Rothia mucilaginosa,ERR1090508
467976,species,0.0244176,Iamia majanohamensis,ERR1090508
35785,species,0.0244176,Clostridium maximum,ERR1090508
100884,species,0.0244176,Coprobacillus cateniformis,ERR1090508
310297,species,0.0244176,Bacteroides plebeius,ERR1090508
220688,species,0.0244176,Bacillus soli,ERR1090508
76517,species,0.0244176,Campylobacter hominis,ERR1090508
1510,species,0.0244176,[Clostridium] stercorarium,ERR1090508
204516,species,0.0244176,Bacteroides massiliensis,ERR1090508
281920,species,0.0244176,Porphyromonas uenonis,ERR1090508
626931,species,0.0244176,Bacteroides oleiciplenus,ERR1090508
100176,species,0.0244176,Papillibacter cinnamivorans,ERR1090508
61171,species,0.0244176,Holdemania filiformis,ERR1090508
39488,species,0.0244176,[Eubacterium] hallii,ERR1090508
86332,species,0.0195341,Mogibacterium pumilum,ERR1090508
61435,species,0.0195341,Dehalococcoides mccartyi,ERR1090508
387090,species,0.0195341,Bacteroides coprophilus,ERR1090508
371601,species,0.0195341,Bacteroides xylanisolvens,ERR1090508
261299,species,0.0195341,Intestinibacter bartlettii,ERR1090508
28130,species,0.0195341,Prevotella disiens,ERR1090508
78342,species,0.0195341,Bifidobacterium gallicum,ERR1090508
33051,species,0.0195341,Sphingomonas sanguinis,ERR1090508
28037,species,0.0195341,Streptococcus mitis,ERR1090508
415,species,0.0195341,Methylobacter luteus,ERR1090508
180164,species,0.0195341,Blautia schinkii,ERR1090508
1148157,species,0.0195341,Acinetobacter oleivorans,ERR1090508
108980,species,0.0146506,Acinetobacter ursingii,ERR1090508
192421,species,0.0146506,Planococcus maritimus,ERR1090508
122355,species,0.0146506,Pseudomonas psychrophila,ERR1090508
680283,species,0.0146506,Salinimicrobium marinum,ERR1090508
31971,species,0.0146506,[Eubacterium] dolichum,ERR1090508
454154,species,0.0146506,Paraprevotella clara,ERR1090508
363832,species,0.0146506,Solirubrobacter soli,ERR1090508
38304,species,0.0146506,Corynebacterium tuberculostearicum,ERR1090508
294,species,0.0146506,Pseudomonas fluorescens,ERR1090508
1859290,species,0.0146506,Corynebacterium sp. YIM 101343,ERR1090508
36808,species,0.0146506,Corynebacterium bovis,ERR1090508
1026,species,0.0146506,Marinoscillum furvescens,ERR1090508
49338,species,0.0146506,Desulfitobacterium hafniense,ERR1090508
1476,species,0.0146506,Sporosarcina psychrophila,ERR1090508
1522,species,0.0146506,[Clostridium] innocuum,ERR1090508
1463840,species,0.0146506,Streptomyces sp. NRRL F-2305,ERR1090508
29374,species,0.0146506,Filifactor villosus,ERR1090508
38302,species,0.0146506,Corynebacterium mycetoides,ERR1090508
591197,species,0.0146506,Ignavibacterium album,ERR1090508
1544,species,0.0146506,[Clostridium] oroticum,ERR1090508
302449,species,0.0146506,Corynebacterium tuscaniense,ERR1090508
156978,species,0.00976706,Corynebacterium imitans,ERR1090508
238834,species,0.00976706,Clostridium estertheticum,ERR1090508
84112,species,0.00976706,Eggerthella lenta,ERR1090508
338188,species,0.00976706,Bacteroides finegoldii,ERR1090508
375929,species,0.00976706,Natranaerobius thermophilus,ERR1090508
1655,species,0.00976706,Actinomyces naeslundii,ERR1090508
847,species,0.00976706,Oxalobacter formigenes,ERR1090508
106588,species,0.00976706,Pseudoflavonifractor capillosus,ERR1090508
1077256,species,0.00976706,Methanosphaera cuniculi,ERR1090508
487316,species,0.00976706,Acinetobacter soli,ERR1090508
1705,species,0.00976706,Corynebacterium stationis,ERR1090508
882211,species,0.00976706,Pseudomonas deceptionensis,ERR1090508
40519,species,0.00976706,Ruminococcus callidus,ERR1090508
1859291,species,0.00976706,Corynebacterium sp. YIM 101587,ERR1090508
41976,species,0.00976706,Porphyromonas catoniae,ERR1090508
52787,species,0.00976706,Anaerofilum pentosovorans,ERR1090508
216874,species,0.00976706,Mesoplasma corruscae,ERR1090508
46506,species,0.00976706,Bacteroides stercoris,ERR1090508
1542,species,0.00976706,Clostridium novyi,ERR1090508
1527,species,0.00976706,Anaerocolumna aminovalerica,ERR1090508
376804,species,0.00976706,Bacteroides barnesiae,ERR1090508
52227,species,0.00976706,Prevotella dentalis,ERR1090508
42256,species,0.00976706,Rubrobacter radiotolerans,ERR1090508
305,species,0.00976706,Ralstonia solanacearum,ERR1090508
29375,species,0.00976706,[Clostridium] xylanolyticum,ERR1090508
151276,species,0.00976706,Bacteroides coprosuis,ERR1090508
77095,species,0.00976706,Prevotella bryantii,ERR1090508
272239,species,0.00976706,Pseudoclavibacter bifida,ERR1090508
28026,species,0.00976706,Bifidobacterium pseudocatenulatum,ERR1090508
178214,species,0.00976706,Facklamia hominis,ERR1090508
901,species,0.00976706,Desulfovibrio piger,ERR1090508
53443,species,0.00976706,Blautia hydrogenotrophica,ERR1090508
859,species,0.00976706,Fusobacterium necrophorum,ERR1090508
392838,species,0.00976706,Bacteroides propionicifaciens,ERR1090508
133453,species,0.00976706,Caldilinea aerophila,ERR1090508
762210,species,0.00976706,Bifidobacterium saguini,ERR1090508
871324,species,0.00976706,Bacteroides stercorirosoris,ERR1090508
1717,species,0.00976706,Corynebacterium diphtheriae,ERR1090508
29347,species,0.00976706,[Clostridium] scindens,ERR1090508
658062,species,0.00976706,Candidatus Koribacter versatilis,ERR1090508
1630,species,0.00976706,Kandleria vitulina,ERR1090508
1765967,species,0.00976706,Acidihalobacter ferrooxidans,ERR1090508
39491,species,0.00976706,[Eubacterium] rectale,ERR1090508
52561,species,0.00976706,Desulfomicrobium norvegicum,ERR1090508
1513,species,0.00976706,Clostridium tetani,ERR1090508
68569,species,0.00488353,Sphingomonas leidyi,ERR1090508
143393,species,0.00488353,[Eubacterium] sulci,ERR1090508
196024,species,0.00488353,Aeromonas dhakensis,ERR1090508
35760,species,0.00488353,Bifidobacterium choerinum,ERR1090508
180282,species,0.00488353,Delftia tsuruhatensis,ERR1090508
762211,species,0.00488353,Bifidobacterium stellenboschense,ERR1090508
1681,species,0.00488353,Bifidobacterium bifidum,ERR1090508
58138,species,0.00488353,Desulfotomaculum acetoxidans,ERR1090508
173480,species,0.00488353,Gemmatimonas aurantiaca,ERR1090508
39778,species,0.00488353,Veillonella dispar,ERR1090508
471189,species,0.00488353,Gordonibacter pamelaeae,ERR1090508
29360,species,0.00488353,Cellulosilyticum lentocellum,ERR1090508
1358,species,0.00488353,Lactococcus lactis,ERR1090508
83661,species,0.00488353,Desulfonispora thiosulfatigenes,ERR1090508
118748,species,0.00488353,Bulleidia extructa,ERR1090508
729,species,0.00488353,Haemophilus parainfluenzae,ERR1090508
907,species,0.00488353,Megasphaera elsdenii,ERR1090508
863643,species,0.00488353,Thermincola potens,ERR1090508
39029,species,0.00488353,Megasphaera cerevisiae,ERR1090508
42565,species,0.00488353,Halomonas salina,ERR1090508
78343,species,0.00488353,Bifidobacterium boum,ERR1090508
376806,species,0.00488353,Bacteroides gallinarum,ERR1090508
47770,species,0.00488353,Lactobacillus crispatus,ERR1090508
356829,species,0.00488353,Bifidobacterium tsurumiense,ERR1090508
29367,species,0.00488353,Clostridium puniceum,ERR1090508
216778,species,0.00488353,Stenotrophomonas rhizophila,ERR1090508
28262,species,0.00488353,Thermodesulfovibrio yellowstonii,ERR1090508
33037,species,0.00488353,Anaerococcus vaginalis,ERR1090508
1450,species,0.00488353,Alicyclobacillus acidoterrestris,ERR1090508
138595,species,0.00488353,Olsenella profusa,ERR1090508
143361,species,0.00488353,Filifactor alocis,ERR1090508
487698,species,0.00488353,Stenotrophomonas pavanii,ERR1090508
341694,species,0.00488353,Peptostreptococcus stomatis,ERR1090508
1559,species,0.00488353,Clostridium tertium,ERR1090508
1404244,species,0.00488353,Corynebacterium glyciniphilum,ERR1090508
508460,species,0.00488353,Cloacibacillus evryensis,ERR1090508
1427356,species,0.00488353,Hyphomicrobium nitrativorans,ERR1090508
1571,species,0.00488353,Sporosarcina ureae,ERR1090508
29389,species,0.00488353,Streptococcus alactolyticus,ERR1090508
85993,species,0.00488353,Hydrogenophilus hirschii,ERR1090508
161889,species,0.00488353,Corynebacterium lipophiloflavum,ERR1090508
89784,species,0.00488353,Alicyclobacillus hesperidum,ERR1090508
1689,species,0.00488353,Bifidobacterium dentium,ERR1090508
39498,species,0.00488353,[Eubacterium] yurii,ERR1090508
562,species,0.00488353,Escherichia coli,ERR1090508
339862,species,0.00488353,Desulfosporosinus youngiae,ERR1090508
166501,species,0.00488353,Thermobaculum terrenum,ERR1090508
1177728,species,0.00488353,Varibaculum sp. CCUG 31793,ERR1090508
61635,species,0.00488353,Acholeplasma brassicae,ERR1090508
1404,species,0.00488353,Bacillus megaterium,ERR1090508
233055,species,0.00488353,Desulfitobacterium dichloroeliminans,ERR1090508
2699,species,0.00488353,Heliobacterium gestii,ERR1090508
82347,species,0.00488353,Facklamia languida,ERR1090508
396323,species,0.00488353,Acinetobacter brisouii,ERR1090508
1121298,species,0.00488353,Clostridium amylolyticum,ERR1090508
589436,species,0.00488353,Prevotella fusca,ERR1090508
77768,species,0.00488353,Prevotella albensis,ERR1090508
1755607,species,0.00488353,Bacteroides sp. MC_16,ERR1090508
39493,species,0.00488353,Clostridium tarantellae,ERR1090508
461876,species,0.00488353,Alkaliphilus oremlandii,ERR1090508
1328,species,0.00488353,Streptococcus anginosus,ERR1090508
33039,species,0.00488353,[Ruminococcus] torques,ERR1090508
290055,species,0.00488353,[Eubacterium] fissicatena,ERR1090508
907224,species,0.00488353,Peptoniphilus methioninivorax,ERR1090508
1520,species,0.00488353,Clostridium beijerinckii,ERR1090508
75688,species,0.00488353,Neptunomonas naphthovorans,ERR1090508
876,species,0.00488353,Desulfovibrio desulfuricans,ERR1090508
114702,species,0.00488353,Actinomyces lingnae,ERR1090508
134605,species,0.00488353,Fusobacterium equinum,ERR1090508
839,species,0.00488353,Prevotella ruminicola,ERR1090508
301375,species,0.00488353,Methanosaeta harundinacea,ERR1090508
293371,species,0.00488353,Lactobacillus oligofermentans,ERR1090508
414,species,0.00488353,Methylococcus capsulatus,ERR1090508
119484,species,0.00488353,Syntrophobacter fumaroxidans,ERR1090508
294710,species,0.00488353,Proteiniphilum acetatigenes,ERR1090508
225196,species,0.00488353,Geopsychrobacter electrodiphilus,ERR1090508
28112,species,0.00488353,Tannerella forsythia,ERR1090508
148813,species,0.00488353,Sulfuricurvum kujiense,ERR1090508
1428,species,0.00488353,Bacillus thuringiensis,ERR1090508
70996,species,0.00488353,Herpetosiphon geysericola,ERR1090508
80866,species,0.00488353,Delftia acidovorans,ERR1090508
871325,species,0.00488353,Bacteroides faecichinchillae,ERR1090508
445709,species,0.00488353,Pandoraea thiooxydans,ERR1090508
1034636,species,0.00488353,Providencia sp. BIHB 1402,ERR1090508
28126,species,0.00488353,Prevotella buccae,ERR1090508
267818,species,0.00488353,Lactobacillus kefiranofaciens,ERR1090508
28213,species,0.00488353,Sphingomonas parapaucimobilis,ERR1090508
982,species,0.00488353,Saccharicrinis fermentans,ERR1090508
1599,species,0.00488353,Lactobacillus sakei,ERR1090508
28038,species,0.00488353,Lactobacillus curvatus,ERR1090508
169292,species,0.00488353,Corynebacterium aurimucosum,ERR1090508
70993,species,0.00488353,Flexithrix dorotheae,ERR1090508
28125,species,0.00488353,Prevotella bivia,ERR1090508
256702,species,0.00488353,Glutamicibacter bergerei,ERR1090508
573,species,0.00488353,Klebsiella pneumoniae,ERR1090508
1755610,species,0.00488353,Alistipes sp. MC_19,ERR1090508
590845,species,0.00488353,Rhodococcus sp. YIM 100121,ERR1090508
202952,species,0.00488353,Acinetobacter gerneri,ERR1090508
1071390,species,0.00488353,Acinetobacter sp. NBRC 100985,ERR1090508
35554,species,0.00488353,Geobacter sulfurreducens,ERR1090508
29356,species,0.00488353,Clostridium chartatabidum,ERR1090508
48256,species,0.00488353,[Clostridium] hungatei,ERR1090508
2153,species,0.00488353,Asteroleplasma anaerobium,ERR1090508
1465,species,0.00488353,Brevibacillus laterosporus,ERR1090508
1314,species,0.00488353,Streptococcus pyogenes,ERR1090508
28139,species,0.00488353,Rikenella microfusus,ERR1090508
2734,species,0.00488353,Symbiobacterium thermophilum,ERR1090508
252966,species,0.00488353,Mahella australiensis,ERR1090508
564835,species,0.00488353,Pedobacter koreensis,ERR1090508
349751,species,0.00488353,Corynebacterium marinum,ERR1090508
880,species,0.00488353,Desulfovibrio salexigens,ERR1090508
296591,species,0.00488353,Polaromonas sp. JS666,ERR1090508
1352,species,0.00488353,Enterococcus faecium,ERR1090508
202611,species,0.00488353,Lysinibacillus odysseyi,ERR1090508
93063,species,0.00488353,Sphingomonas aquatilis,ERR1090508
310300,species,0.00488353,Bacteroides pyogenes,ERR1090508
1504,species,0.00488353,Clostridium septicum,ERR1090508
29466,species,0.00488353,Veillonella parvula,ERR1090508
146817,species,0.00488353,Dendrosporobacter quercicolus,ERR1090508
39482,species,0.00488353,[Eubacterium] contortum,ERR1090508
1507,species,0.00488353,Clostridium sp. ATCC 29733,ERR1090508
59310,species,0.00488353,Streptococcus macedonicus,ERR1090508
161896,species,0.00488353,Corynebacterium camporealensis,ERR1090508
74311,species,0.00488353,Brevundimonas bacteroides,ERR1090508
218205,species,0.00488353,Garciella nitratireducens,ERR1090508
-1,species,22.6986,Unknown,ERR1090508
165179,species,29.6932,Prevotella copri,ERR1090511
218538,species,19.8179,Dialister invisus,ERR1090511
821,species,2.53999,Bacteroides vulgatus,ERR1090511
239935,species,2.49129,Akkermansia muciniphila,ERR1090511
69825,species,1.94058,[Clostridium] indolis,ERR1090511
823,species,1.89937,Parabacteroides distasonis,ERR1090511
204516,species,1.37115,Bacteroides massiliensis,ERR1090511
39778,species,1.24752,Veillonella dispar,ERR1090511
1755626,species,1.06395,Faecalibacterium sp. MC_41,ERR1090511
536633,species,1.04147,Blautia glucerasea,ERR1090511
46503,species,0.925336,Parabacteroides merdae,ERR1090511
1735,species,0.842918,Holdemanella biformis,ERR1090511
28116,species,0.786723,Bacteroides ovatus,ERR1090511
47678,species,0.558199,Bacteroides caccae,ERR1090511
1308,species,0.531975,Streptococcus thermophilus,ERR1090511
454154,species,0.457049,Paraprevotella clara,ERR1090511
29466,species,0.385869,Veillonella parvula,ERR1090511
28446,species,0.382123,[Clostridium] propionicum,ERR1090511
46506,species,0.363391,Bacteroides stercoris,ERR1090511
291644,species,0.352152,Bacteroides salyersiae,ERR1090511
818,species,0.348406,Bacteroides thetaiotaomicron,ERR1090511
84030,species,0.337167,[Clostridium] saccharolyticum,ERR1090511
29370,species,0.325928,[Clostridium] sphenoides,ERR1090511
301301,species,0.254748,Roseburia hominis,ERR1090511
40520,species,0.254748,Blautia obeum,ERR1090511
208479,species,0.24351,[Clostridium] bolteae,ERR1090511
589436,species,0.209793,Prevotella fusca,ERR1090511
39486,species,0.2023,Dorea formicigenerans,ERR1090511
820,species,0.179822,Bacteroides uniformis,ERR1090511
40519,species,0.17233,Ruminococcus callidus,ERR1090511
328814,species,0.161091,Alistipes shahii,ERR1090511
729,species,0.157345,Haemophilus parainfluenzae,ERR1090511
358742,species,0.131121,[Clostridium] aldenense,ERR1090511
839,species,0.123628,Prevotella ruminicola,ERR1090511
39490,species,0.119882,Eubacterium ramulus,ERR1090511
39484,species,0.119882,Eubacterium desmolans,ERR1090511
310297,species,0.116135,Bacteroides plebeius,ERR1090511
1535,species,0.108643,[Clostridium] leptum,ERR1090511
351091,species,0.104896,Oscillibacter valericigenes,ERR1090511
228603,species,0.0861649,Prevotella shahii,ERR1090511
36847,species,0.0824186,[Clostridium] neopropionicum,ERR1090511
166486,species,0.0824186,Roseburia intestinalis,ERR1090511
1264,species,0.074926,Ruminococcus albus,ERR1090511
46206,species,0.074926,Pseudobutyrivibrio ruminis,ERR1090511
28037,species,0.0674334,Streptococcus mitis,ERR1090511
39485,species,0.0674334,[Eubacterium] eligens,ERR1090511
33038,species,0.0674334,[Ruminococcus] gnavus,ERR1090511
1303,species,0.0599408,Streptococcus oralis,ERR1090511
28135,species,0.0561945,Prevotella oris,ERR1090511
1512,species,0.0561945,[Clostridium] symbiosum,ERR1090511
817,species,0.0524482,Bacteroides fragilis,ERR1090511
626930,species,0.0487019,Bacteroides fluxus,ERR1090511
1685,species,0.0449556,Bifidobacterium breve,ERR1090511
28129,species,0.0449556,Prevotella denticola,ERR1090511
35833,species,0.0449556,Bilophila wadsworthia,ERR1090511
437898,species,0.0412093,Sutterella parvirubra,ERR1090511
291645,species,0.0412093,Bacteroides nordii,ERR1090511
43675,species,0.037463,Rothia mucilaginosa,ERR1090511
38304,species,0.037463,Corynebacterium tuberculostearicum,ERR1090511
39496,species,0.0337167,Eubacterium ventriosum,ERR1090511
169435,species,0.0337167,Anaerotruncus colihominis,ERR1090511
1307,species,0.0299704,Streptococcus suis,ERR1090511
216816,species,0.0262241,Bifidobacterium longum,ERR1090511
28127,species,0.0262241,Prevotella buccalis,ERR1090511
54911,species,0.0262241,Brevibacillus choshinensis,ERR1090511
44749,species,0.0262241,Sporobacter termitidis,ERR1090511
397865,species,0.0262241,Barnesiella viscericola,ERR1090511
338188,species,0.0262241,Bacteroides finegoldii,ERR1090511
261299,species,0.0262241,Intestinibacter bartlettii,ERR1090511
105841,species,0.0224778,Anaerostipes caccae,ERR1090511
28137,species,0.0224778,Prevotella veroralis,ERR1090511
282402,species,0.0224778,Prevotella multiformis,ERR1090511
39777,species,0.0224778,Veillonella atypica,ERR1090511
1532,species,0.0187315,Blautia coccoides,ERR1090511
47500,species,0.0187315,Aneurinibacillus migulanus,ERR1090511
28901,species,0.0187315,Salmonella enterica,ERR1090511
552810,species,0.0187315,Dehalogenimonas lykanthroporepellens,ERR1090511
328813,species,0.0187315,Alistipes onderdonkii,ERR1090511
562,species,0.0187315,Escherichia coli,ERR1090511
470565,species,0.0187315,Prevotella histicola,ERR1090511
39491,species,0.0149852,[Eubacterium] rectale,ERR1090511
1391,species,0.0149852,Aneurinibacillus aneurinilyticus,ERR1090511
1113741,species,0.0149852,Bacillus sp. NBRC 101250,ERR1090511
28125,species,0.0149852,Prevotella bivia,ERR1090511
357276,species,0.0149852,Bacteroides dorei,ERR1090511
115979,species,0.0149852,Bacillus nealsonii,ERR1090511
1680,species,0.0149852,Bifidobacterium adolescentis,ERR1090511
40518,species,0.0149852,Ruminococcus bromii,ERR1090511
410072,species,0.0112389,Coprococcus comes,ERR1090511
28117,species,0.0112389,Alistipes putredinis,ERR1090511
477666,species,0.0112389,Bacteroides graminisolvens,ERR1090511
214856,species,0.0112389,Alistipes finegoldii,ERR1090511
40324,species,0.0112389,Stenotrophomonas maltophilia,ERR1090511
876,species,0.0112389,Desulfovibrio desulfuricans,ERR1090511
52787,species,0.0112389,Anaerofilum pentosovorans,ERR1090511
1471,species,0.0112389,Bacillus methanolicus,ERR1090511
732242,species,0.0112389,Bacteroides paurosaccharolyticus,ERR1090511
1404,species,0.0112389,Bacillus megaterium,ERR1090511
84112,species,0.0112389,Eggerthella lenta,ERR1090511
1515,species,0.0112389,Ruminiclostridium thermocellum,ERR1090511
860,species,0.0112389,Fusobacterium periodonticum,ERR1090511
907,species,0.0112389,Megasphaera elsdenii,ERR1090511
246787,species,0.0074926,Bacteroides cellulosilyticus,ERR1090511
28118,species,0.0074926,Odoribacter splanchnicus,ERR1090511
287,species,0.0074926,Pseudomonas aeruginosa,ERR1090511
52561,species,0.0074926,Desulfomicrobium norvegicum,ERR1090511
33035,species,0.0074926,Blautia producta,ERR1090511
1379,species,0.0074926,Gemella haemolysans,ERR1090511
1304158,species,0.0074926,Salinisphaera halophila,ERR1090511
29354,species,0.0074926,[Clostridium] celerecrescens,ERR1090511
1559,species,0.0074926,Clostridium tertium,ERR1090511
53443,species,0.0074926,Blautia hydrogenotrophica,ERR1090511
103892,species,0.0074926,Veillonella ratti,ERR1090511
29389,species,0.0074926,Streptococcus alactolyticus,ERR1090511
100884,species,0.0074926,Coprobacillus cateniformis,ERR1090511
645466,species,0.0074926,Anaerostipes butyraticus,ERR1090511
28134,species,0.0074926,Prevotella oralis,ERR1090511
310300,species,0.0074926,Bacteroides pyogenes,ERR1090511
358743,species,0.0074926,[Clostridium] citroniae,ERR1090511
147207,species,0.0074926,Collinsella intestinalis,ERR1090511
273164,species,0.0074926,Pontibacillus marinus,ERR1090511
106648,species,0.0074926,Acinetobacter bereziniae,ERR1090511
33987,species,0.0074926,Exiguobacterium aurantiacum,ERR1090511
232270,species,0.0074926,Effusibacillus pohliae,ERR1090511
671267,species,0.0074926,Bacteroides sartorii,ERR1090511
174709,species,0.0074926,Allobaculum stercoricanis,ERR1090511
1464,species,0.0074926,Paenibacillus larvae,ERR1090511
61171,species,0.0074926,Holdemania filiformis,ERR1090511
376806,species,0.0074926,Bacteroides gallinarum,ERR1090511
840,species,0.0074926,Prevotella loescheii,ERR1090511
1455,species,0.0074926,Bacillus badius,ERR1090511
52773,species,0.0037463,Actinomyces meyeri,ERR1090511
1336,species,0.0037463,Streptococcus equi,ERR1090511
486,species,0.0037463,Neisseria lactamica,ERR1090511
589437,species,0.0037463,Prevotella scopos,ERR1090511
741091,species,0.0037463,Rahnella sp. Y9602,ERR1090511
97084,species,0.0037463,Halobacteriovorax marinus,ERR1090511
106588,species,0.0037463,Pseudoflavonifractor capillosus,ERR1090511
487698,species,0.0037463,Stenotrophomonas pavanii,ERR1090511
88431,species,0.0037463,Dorea longicatena,ERR1090511
387090,species,0.0037463,Bacteroides coprophilus,ERR1090511
400390,species,0.0037463,Alkalimonas collagenimarina,ERR1090511
288965,species,0.0037463,[Clostridium] clariflavum,ERR1090511
2374,species,0.0037463,Acetonema longum,ERR1090511
1646,species,0.0037463,Renibacterium salmoninarum,ERR1090511
1626,species,0.0037463,Lactobacillus sharpeae,ERR1090511
1267,species,0.0037463,Clostridium ventriculi,ERR1090511
454155,species,0.0037463,Paraprevotella xylaniphila,ERR1090511
634771,species,0.0037463,Chitinophaga eiseniae,ERR1090511
669462,species,0.0037463,Paenibacillus pinihumi,ERR1090511
197614,species,0.0037463,Streptococcus pasteurianus,ERR1090511
217031,species,0.0037463,Bacillus galactosidilyticus,ERR1090511
112002,species,0.0037463,Psychrobacter pacificensis,ERR1090511
28025,species,0.0037463,Bifidobacterium animalis,ERR1090511
626932,species,0.0037463,Alistipes indistinctus,ERR1090511
167964,species,0.0037463,Anaerolinea thermophila,ERR1090511
1038856,species,0.0037463,Planococcus plakortidis,ERR1090511
1465754,species,0.0037463,Alistipes timonensis,ERR1090511
1755610,species,0.0037463,Alistipes sp. MC_19,ERR1090511
155617,species,0.0037463,Enterococcus moraviensis,ERR1090511
1827099,species,0.0037463,Peptoniphilus sp. JCM 8141,ERR1090511
1265,species,0.0037463,Ruminococcus flavefaciens,ERR1090511
316,species,0.0037463,Pseudomonas stutzeri,ERR1090511
77095,species,0.0037463,Prevotella bryantii,ERR1090511
328812,species,0.0037463,Parabacteroides goldsteinii,ERR1090511
305719,species,0.0037463,Prevotella baroniae,ERR1090511
701529,species,0.0037463,Peptoniphilus sp. JCM 8143,ERR1090511
294,species,0.0037463,Pseudomonas fluorescens,ERR1090511
1114067,species,0.0037463,Weissella sp. NBRC 107245,ERR1090511
762210,species,0.0037463,Bifidobacterium saguini,ERR1090511
220684,species,0.0037463,Bacillus drentensis,ERR1090511
52229,species,0.0037463,Hallella seregens,ERR1090511
28131,species,0.0037463,Prevotella intermedia,ERR1090511
688867,species,0.0037463,Ohtaekwangia koreensis,ERR1090511
863643,species,0.0037463,Thermincola potens,ERR1090511
35517,species,0.0037463,[Eubacterium] brachy,ERR1090511
1304,species,0.0037463,Streptococcus salivarius,ERR1090511
1398,species,0.0037463,Bacillus coagulans,ERR1090511
31971,species,0.0037463,[Eubacterium] dolichum,ERR1090511
1553,species,0.0037463,Clostridium tetanomorphum,ERR1090511
78342,species,0.0037463,Bifidobacterium gallicum,ERR1090511
863,species,0.0037463,Syntrophomonas wolfei,ERR1090511
218284,species,0.0037463,Bacillus vietnamensis,ERR1090511
185293,species,0.0037463,Prevotella oryzae,ERR1090511
508460,species,0.0037463,Cloacibacillus evryensis,ERR1090511
28454,species,0.0037463,Sphingobacterium multivorum,ERR1090511
1584,species,0.0037463,Lactobacillus delbrueckii,ERR1090511
29347,species,0.0037463,[Clostridium] scindens,ERR1090511
392333,species,0.0037463,Geoalkalibacter ferrihydriticus,ERR1090511
309120,species,0.0037463,Dialister micraerophilus,ERR1090511
570161,species,0.0037463,Marinifilum fragile,ERR1090511
119484,species,0.0037463,Syntrophobacter fumaroxidans,ERR1090511
1428,species,0.0037463,Bacillus thuringiensis,ERR1090511
1522,species,0.0037463,[Clostridium] innocuum,ERR1090511
97478,species,0.0037463,Lactobacillus mucosae,ERR1090511
37734,species,0.0037463,Enterococcus casseliflavus,ERR1090511
1408,species,0.0037463,Bacillus pumilus,ERR1090511
58172,species,0.0037463,Paenibacillus sp.,ERR1090511
461876,species,0.0037463,Alkaliphilus oremlandii,ERR1090511
28136,species,0.0037463,Prevotella oulorum,ERR1090511
1349,species,0.0037463,Streptococcus uberis,ERR1090511
1311,species,0.0037463,Streptococcus agalactiae,ERR1090511
39482,species,0.0037463,[Eubacterium] contortum,ERR1090511
138595,species,0.0037463,Olsenella profusa,ERR1090511
1646377,species,0.0037463,Rouxiella sp. 323,ERR1090511
1479,species,0.0037463,Bacillus smithii,ERR1090511
371601,species,0.0037463,Bacteroides xylanisolvens,ERR1090511
376804,species,0.0037463,Bacteroides barnesiae,ERR1090511
2057,species,0.0037463,Sphaerobacter thermophilus,ERR1090511
882211,species,0.0037463,Pseudomonas deceptionensis,ERR1090511
123820,species,0.0037463,[Actinobacillus] rossii,ERR1090511
202269,species,0.0037463,bacterium YIM-kkny4,ERR1090511
37692,species,0.0037463,Candidatus Phytoplasma mali,ERR1090511
39492,species,0.0037463,[Eubacterium] siraeum,ERR1090511
882141,species,0.0037463,Bacillus sp. IHB B 2296,ERR1090511
1343,species,0.0037463,Streptococcus vestibularis,ERR1090511
61435,species,0.0037463,Dehalococcoides mccartyi,ERR1090511
290055,species,0.0037463,[Eubacterium] fissicatena,ERR1090511
1282,species,0.0037463,Staphylococcus epidermidis,ERR1090511
310298,species,0.0037463,Bacteroides coprocola,ERR1090511
39488,species,0.0037463,[Eubacterium] hallii,ERR1090511
1260,species,0.0037463,Finegoldia magna,ERR1090511
336261,species,0.0037463,Thermovirga lienii,ERR1090511
-1,species,25.1264,Unknown,ERR1090511
165179,species,29.6932,Prevotella copri,ERR1090511
218538,species,19.8179,Dialister invisus,ERR1090511
821,species,2.53999,Bacteroides vulgatus,ERR1090511
239935,species,2.49129,Akkermansia muciniphila,ERR1090511
69825,species,1.94058,[Clostridium] indolis,ERR1090511
823,species,1.89937,Parabacteroides distasonis,ERR1090511
204516,species,1.37115,Bacteroides massiliensis,ERR1090511
39778,species,1.24752,Veillonella dispar,ERR1090511
1755626,species,1.06395,Faecalibacterium sp. MC_41,ERR1090511
536633,species,1.04147,Blautia glucerasea,ERR1090511
46503,species,0.925336,Parabacteroides merdae,ERR1090511
1735,species,0.842918,Holdemanella biformis,ERR1090511
28116,species,0.786723,Bacteroides ovatus,ERR1090511
47678,species,0.558199,Bacteroides caccae,ERR1090511
1308,species,0.531975,Streptococcus thermophilus,ERR1090511
454154,species,0.457049,Paraprevotella clara,ERR1090511
29466,species,0.385869,Veillonella parvula,ERR1090511
28446,species,0.382123,[Clostridium] propionicum,ERR1090511
46506,species,0.363391,Bacteroides stercoris,ERR1090511
291644,species,0.352152,Bacteroides salyersiae,ERR1090511
818,species,0.348406,Bacteroides thetaiotaomicron,ERR1090511
84030,species,0.337167,[Clostridium] saccharolyticum,ERR1090511
29370,species,0.325928,[Clostridium] sphenoides,ERR1090511
40520,species,0.254748,Blautia obeum,ERR1090511
301301,species,0.254748,Roseburia hominis,ERR1090511
208479,species,0.24351,[Clostridium] bolteae,ERR1090511
589436,species,0.209793,Prevotella fusca,ERR1090511
39486,species,0.2023,Dorea formicigenerans,ERR1090511
820,species,0.179822,Bacteroides uniformis,ERR1090511
40519,species,0.17233,Ruminococcus callidus,ERR1090511
328814,species,0.161091,Alistipes shahii,ERR1090511
729,species,0.157345,Haemophilus parainfluenzae,ERR1090511
358742,species,0.131121,[Clostridium] aldenense,ERR1090511
839,species,0.123628,Prevotella ruminicola,ERR1090511
39490,species,0.119882,Eubacterium ramulus,ERR1090511
39484,species,0.119882,Eubacterium desmolans,ERR1090511
310297,species,0.116135,Bacteroides plebeius,ERR1090511
1535,species,0.108643,[Clostridium] leptum,ERR1090511
351091,species,0.104896,Oscillibacter valericigenes,ERR1090511
228603,species,0.0861649,Prevotella shahii,ERR1090511
36847,species,0.0824186,[Clostridium] neopropionicum,ERR1090511
166486,species,0.0824186,Roseburia intestinalis,ERR1090511
1264,species,0.074926,Ruminococcus albus,ERR1090511
46206,species,0.074926,Pseudobutyrivibrio ruminis,ERR1090511
33038,species,0.0674334,[Ruminococcus] gnavus,ERR1090511
28037,species,0.0674334,Streptococcus mitis,ERR1090511
39485,species,0.0674334,[Eubacterium] eligens,ERR1090511
1303,species,0.0599408,Streptococcus oralis,ERR1090511
1512,species,0.0561945,[Clostridium] symbiosum,ERR1090511
28135,species,0.0561945,Prevotella oris,ERR1090511
817,species,0.0524482,Bacteroides fragilis,ERR1090511
626930,species,0.0487019,Bacteroides fluxus,ERR1090511
1685,species,0.0449556,Bifidobacterium breve,ERR1090511
28129,species,0.0449556,Prevotella denticola,ERR1090511
35833,species,0.0449556,Bilophila wadsworthia,ERR1090511
291645,species,0.0412093,Bacteroides nordii,ERR1090511
437898,species,0.0412093,Sutterella parvirubra,ERR1090511
43675,species,0.037463,Rothia mucilaginosa,ERR1090511
38304,species,0.037463,Corynebacterium tuberculostearicum,ERR1090511
169435,species,0.0337167,Anaerotruncus colihominis,ERR1090511
39496,species,0.0337167,Eubacterium ventriosum,ERR1090511
1307,species,0.0299704,Streptococcus suis,ERR1090511
54911,species,0.0262241,Brevibacillus choshinensis,ERR1090511
44749,species,0.0262241,Sporobacter termitidis,ERR1090511
397865,species,0.0262241,Barnesiella viscericola,ERR1090511
338188,species,0.0262241,Bacteroides finegoldii,ERR1090511
261299,species,0.0262241,Intestinibacter bartlettii,ERR1090511
28127,species,0.0262241,Prevotella buccalis,ERR1090511
216816,species,0.0262241,Bifidobacterium longum,ERR1090511
105841,species,0.0224778,Anaerostipes caccae,ERR1090511
28137,species,0.0224778,Prevotella veroralis,ERR1090511
282402,species,0.0224778,Prevotella multiformis,ERR1090511
39777,species,0.0224778,Veillonella atypica,ERR1090511
562,species,0.0187315,Escherichia coli,ERR1090511
328813,species,0.0187315,Alistipes onderdonkii,ERR1090511
470565,species,0.0187315,Prevotella histicola,ERR1090511
1532,species,0.0187315,Blautia coccoides,ERR1090511
47500,species,0.0187315,Aneurinibacillus migulanus,ERR1090511
28901,species,0.0187315,Salmonella enterica,ERR1090511
552810,species,0.0187315,Dehalogenimonas lykanthroporepellens,ERR1090511
1680,species,0.0149852,Bifidobacterium adolescentis,ERR1090511
40518,species,0.0149852,Ruminococcus bromii,ERR1090511
39491,species,0.0149852,[Eubacterium] rectale,ERR1090511
1391,species,0.0149852,Aneurinibacillus aneurinilyticus,ERR1090511
1113741,species,0.0149852,Bacillus sp. NBRC 101250,ERR1090511
28125,species,0.0149852,Prevotella bivia,ERR1090511
357276,species,0.0149852,Bacteroides dorei,ERR1090511
115979,species,0.0149852,Bacillus nealsonii,ERR1090511
1471,species,0.0112389,Bacillus methanolicus,ERR1090511
732242,species,0.0112389,Bacteroides paurosaccharolyticus,ERR1090511
1404,species,0.0112389,Bacillus megaterium,ERR1090511
84112,species,0.0112389,Eggerthella lenta,ERR1090511
1515,species,0.0112389,Ruminiclostridium thermocellum,ERR1090511
860,species,0.0112389,Fusobacterium periodonticum,ERR1090511
907,species,0.0112389,Megasphaera elsdenii,ERR1090511
410072,species,0.0112389,Coprococcus comes,ERR1090511
28117,species,0.0112389,Alistipes putredinis,ERR1090511
477666,species,0.0112389,Bacteroides graminisolvens,ERR1090511
214856,species,0.0112389,Alistipes finegoldii,ERR1090511
40324,species,0.0112389,Stenotrophomonas maltophilia,ERR1090511
876,species,0.0112389,Desulfovibrio desulfuricans,ERR1090511
52787,species,0.0112389,Anaerofilum pentosovorans,ERR1090511
645466,species,0.0074926,Anaerostipes butyraticus,ERR1090511
28134,species,0.0074926,Prevotella oralis,ERR1090511
358743,species,0.0074926,[Clostridium] citroniae,ERR1090511
310300,species,0.0074926,Bacteroides pyogenes,ERR1090511
106648,species,0.0074926,Acinetobacter bereziniae,ERR1090511
147207,species,0.0074926,Collinsella intestinalis,ERR1090511
273164,species,0.0074926,Pontibacillus marinus,ERR1090511
33987,species,0.0074926,Exiguobacterium aurantiacum,ERR1090511
174709,species,0.0074926,Allobaculum stercoricanis,ERR1090511
232270,species,0.0074926,Effusibacillus pohliae,ERR1090511
671267,species,0.0074926,Bacteroides sartorii,ERR1090511
376806,species,0.0074926,Bacteroides gallinarum,ERR1090511
1464,species,0.0074926,Paenibacillus larvae,ERR1090511
61171,species,0.0074926,Holdemania filiformis,ERR1090511
1455,species,0.0074926,Bacillus badius,ERR1090511
840,species,0.0074926,Prevotella loescheii,ERR1090511
28118,species,0.0074926,Odoribacter splanchnicus,ERR1090511
246787,species,0.0074926,Bacteroides cellulosilyticus,ERR1090511
287,species,0.0074926,Pseudomonas aeruginosa,ERR1090511
52561,species,0.0074926,Desulfomicrobium norvegicum,ERR1090511
29354,species,0.0074926,[Clostridium] celerecrescens,ERR1090511
33035,species,0.0074926,Blautia producta,ERR1090511
1379,species,0.0074926,Gemella haemolysans,ERR1090511
1304158,species,0.0074926,Salinisphaera halophila,ERR1090511
53443,species,0.0074926,Blautia hydrogenotrophica,ERR1090511
103892,species,0.0074926,Veillonella ratti,ERR1090511
1559,species,0.0074926,Clostridium tertium,ERR1090511
29389,species,0.0074926,Streptococcus alactolyticus,ERR1090511
100884,species,0.0074926,Coprobacillus cateniformis,ERR1090511
31971,species,0.0037463,[Eubacterium] dolichum,ERR1090511
1553,species,0.0037463,Clostridium tetanomorphum,ERR1090511
78342,species,0.0037463,Bifidobacterium gallicum,ERR1090511
35517,species,0.0037463,[Eubacterium] brachy,ERR1090511
1304,species,0.0037463,Streptococcus salivarius,ERR1090511
1398,species,0.0037463,Bacillus coagulans,ERR1090511
218284,species,0.0037463,Bacillus vietnamensis,ERR1090511
185293,species,0.0037463,Prevotella oryzae,ERR1090511
508460,species,0.0037463,Cloacibacillus evryensis,ERR1090511
28454,species,0.0037463,Sphingobacterium multivorum,ERR1090511
1584,species,0.0037463,Lactobacillus delbrueckii,ERR1090511
863,species,0.0037463,Syntrophomonas wolfei,ERR1090511
119484,species,0.0037463,Syntrophobacter fumaroxidans,ERR1090511
1428,species,0.0037463,Bacillus thuringiensis,ERR1090511
1522,species,0.0037463,[Clostridium] innocuum,ERR1090511
97478,species,0.0037463,Lactobacillus mucosae,ERR1090511
29347,species,0.0037463,[Clostridium] scindens,ERR1090511
392333,species,0.0037463,Geoalkalibacter ferrihydriticus,ERR1090511
309120,species,0.0037463,Dialister micraerophilus,ERR1090511
570161,species,0.0037463,Marinifilum fragile,ERR1090511
461876,species,0.0037463,Alkaliphilus oremlandii,ERR1090511
28136,species,0.0037463,Prevotella oulorum,ERR1090511
1349,species,0.0037463,Streptococcus uberis,ERR1090511
1311,species,0.0037463,Streptococcus agalactiae,ERR1090511
37734,species,0.0037463,Enterococcus casseliflavus,ERR1090511
1408,species,0.0037463,Bacillus pumilus,ERR1090511
58172,species,0.0037463,Paenibacillus sp.,ERR1090511
1646377,species,0.0037463,Rouxiella sp. 323,ERR1090511
1479,species,0.0037463,Bacillus smithii,ERR1090511
371601,species,0.0037463,Bacteroides xylanisolvens,ERR1090511
39482,species,0.0037463,[Eubacterium] contortum,ERR1090511
138595,species,0.0037463,Olsenella profusa,ERR1090511
123820,species,0.0037463,[Actinobacillus] rossii,ERR1090511
202269,species,0.0037463,bacterium YIM-kkny4,ERR1090511
37692,species,0.0037463,Candidatus Phytoplasma mali,ERR1090511
39492,species,0.0037463,[Eubacterium] siraeum,ERR1090511
376804,species,0.0037463,Bacteroides barnesiae,ERR1090511
2057,species,0.0037463,Sphaerobacter thermophilus,ERR1090511
882211,species,0.0037463,Pseudomonas deceptionensis,ERR1090511
61435,species,0.0037463,Dehalococcoides mccartyi,ERR1090511
290055,species,0.0037463,[Eubacterium] fissicatena,ERR1090511
1282,species,0.0037463,Staphylococcus epidermidis,ERR1090511
310298,species,0.0037463,Bacteroides coprocola,ERR1090511
882141,species,0.0037463,Bacillus sp. IHB B 2296,ERR1090511
1343,species,0.0037463,Streptococcus vestibularis,ERR1090511
1260,species,0.0037463,Finegoldia magna,ERR1090511
336261,species,0.0037463,Thermovirga lienii,ERR1090511
39488,species,0.0037463,[Eubacterium] hallii,ERR1090511
486,species,0.0037463,Neisseria lactamica,ERR1090511
589437,species,0.0037463,Prevotella scopos,ERR1090511
741091,species,0.0037463,Rahnella sp. Y9602,ERR1090511
97084,species,0.0037463,Halobacteriovorax marinus,ERR1090511
106588,species,0.0037463,Pseudoflavonifractor capillosus,ERR1090511
52773,species,0.0037463,Actinomyces meyeri,ERR1090511
1336,species,0.0037463,Streptococcus equi,ERR1090511
288965,species,0.0037463,[Clostridium] clariflavum,ERR1090511
2374,species,0.0037463,Acetonema longum,ERR1090511
1646,species,0.0037463,Renibacterium salmoninarum,ERR1090511
487698,species,0.0037463,Stenotrophomonas pavanii,ERR1090511
88431,species,0.0037463,Dorea longicatena,ERR1090511
387090,species,0.0037463,Bacteroides coprophilus,ERR1090511
400390,species,0.0037463,Alkalimonas collagenimarina,ERR1090511
1267,species,0.0037463,Clostridium ventriculi,ERR1090511
454155,species,0.0037463,Paraprevotella xylaniphila,ERR1090511
1626,species,0.0037463,Lactobacillus sharpeae,ERR1090511
217031,species,0.0037463,Bacillus galactosidilyticus,ERR1090511
112002,species,0.0037463,Psychrobacter pacificensis,ERR1090511
634771,species,0.0037463,Chitinophaga eiseniae,ERR1090511
669462,species,0.0037463,Paenibacillus pinihumi,ERR1090511
197614,species,0.0037463,Streptococcus pasteurianus,ERR1090511
1038856,species,0.0037463,Planococcus plakortidis,ERR1090511
1465754,species,0.0037463,Alistipes timonensis,ERR1090511
1755610,species,0.0037463,Alistipes sp. MC_19,ERR1090511
28025,species,0.0037463,Bifidobacterium animalis,ERR1090511
626932,species,0.0037463,Alistipes indistinctus,ERR1090511
167964,species,0.0037463,Anaerolinea thermophila,ERR1090511
316,species,0.0037463,Pseudomonas stutzeri,ERR1090511
77095,species,0.0037463,Prevotella bryantii,ERR1090511
328812,species,0.0037463,Parabacteroides goldsteinii,ERR1090511
305719,species,0.0037463,Prevotella baroniae,ERR1090511
155617,species,0.0037463,Enterococcus moraviensis,ERR1090511
1827099,species,0.0037463,Peptoniphilus sp. JCM 8141,ERR1090511
1265,species,0.0037463,Ruminococcus flavefaciens,ERR1090511
762210,species,0.0037463,Bifidobacterium saguini,ERR1090511
220684,species,0.0037463,Bacillus drentensis,ERR1090511
701529,species,0.0037463,Peptoniphilus sp. JCM 8143,ERR1090511
294,species,0.0037463,Pseudomonas fluorescens,ERR1090511
1114067,species,0.0037463,Weissella sp. NBRC 107245,ERR1090511
688867,species,0.0037463,Ohtaekwangia koreensis,ERR1090511
863643,species,0.0037463,Thermincola potens,ERR1090511
52229,species,0.0037463,Hallella seregens,ERR1090511
28131,species,0.0037463,Prevotella intermedia,ERR1090511
-1,species,25.1264,Unknown,ERR1090511
165179,species,29.6932,Prevotella copri,ERR1090511
218538,species,19.8179,Dialister invisus,ERR1090511
821,species,2.53999,Bacteroides vulgatus,ERR1090511
239935,species,2.49129,Akkermansia muciniphila,ERR1090511
69825,species,1.94058,[Clostridium] indolis,ERR1090511
823,species,1.89937,Parabacteroides distasonis,ERR1090511
204516,species,1.37115,Bacteroides massiliensis,ERR1090511
39778,species,1.24752,Veillonella dispar,ERR1090511
1755626,species,1.06395,Faecalibacterium sp. MC_41,ERR1090511
536633,species,1.04147,Blautia glucerasea,ERR1090511
46503,species,0.925336,Parabacteroides merdae,ERR1090511
1735,species,0.842918,Holdemanella biformis,ERR1090511
28116,species,0.786723,Bacteroides ovatus,ERR1090511
47678,species,0.558199,Bacteroides caccae,ERR1090511
1308,species,0.531975,Streptococcus thermophilus,ERR1090511
454154,species,0.457049,Paraprevotella clara,ERR1090511
29466,species,0.385869,Veillonella parvula,ERR1090511
28446,species,0.382123,[Clostridium] propionicum,ERR1090511
46506,species,0.363391,Bacteroides stercoris,ERR1090511
291644,species,0.352152,Bacteroides salyersiae,ERR1090511
818,species,0.348406,Bacteroides thetaiotaomicron,ERR1090511
84030,species,0.337167,[Clostridium] saccharolyticum,ERR1090511
29370,species,0.325928,[Clostridium] sphenoides,ERR1090511
301301,species,0.254748,Roseburia hominis,ERR1090511
40520,species,0.254748,Blautia obeum,ERR1090511
208479,species,0.24351,[Clostridium] bolteae,ERR1090511
589436,species,0.209793,Prevotella fusca,ERR1090511
39486,species,0.2023,Dorea formicigenerans,ERR1090511
820,species,0.179822,Bacteroides uniformis,ERR1090511
40519,species,0.17233,Ruminococcus callidus,ERR1090511
328814,species,0.161091,Alistipes shahii,ERR1090511
729,species,0.157345,Haemophilus parainfluenzae,ERR1090511
358742,species,0.131121,[Clostridium] aldenense,ERR1090511
839,species,0.123628,Prevotella ruminicola,ERR1090511
39490,species,0.119882,Eubacterium ramulus,ERR1090511
39484,species,0.119882,Eubacterium desmolans,ERR1090511
310297,species,0.116135,Bacteroides plebeius,ERR1090511
1535,species,0.108643,[Clostridium] leptum,ERR1090511
351091,species,0.104896,Oscillibacter valericigenes,ERR1090511
228603,species,0.0861649,Prevotella shahii,ERR1090511
166486,species,0.0824186,Roseburia intestinalis,ERR1090511
36847,species,0.0824186,[Clostridium] neopropionicum,ERR1090511
1264,species,0.074926,Ruminococcus albus,ERR1090511
46206,species,0.074926,Pseudobutyrivibrio ruminis,ERR1090511
39485,species,0.0674334,[Eubacterium] eligens,ERR1090511
33038,species,0.0674334,[Ruminococcus] gnavus,ERR1090511
28037,species,0.0674334,Streptococcus mitis,ERR1090511
1303,species,0.0599408,Streptococcus oralis,ERR1090511
1512,species,0.0561945,[Clostridium] symbiosum,ERR1090511
28135,species,0.0561945,Prevotella oris,ERR1090511
817,species,0.0524482,Bacteroides fragilis,ERR1090511
626930,species,0.0487019,Bacteroides fluxus,ERR1090511
1685,species,0.0449556,Bifidobacterium breve,ERR1090511
28129,species,0.0449556,Prevotella denticola,ERR1090511
35833,species,0.0449556,Bilophila wadsworthia,ERR1090511
437898,species,0.0412093,Sutterella parvirubra,ERR1090511
291645,species,0.0412093,Bacteroides nordii,ERR1090511
43675,species,0.037463,Rothia mucilaginosa,ERR1090511
38304,species,0.037463,Corynebacterium tuberculostearicum,ERR1090511
169435,species,0.0337167,Anaerotruncus colihominis,ERR1090511
39496,species,0.0337167,Eubacterium ventriosum,ERR1090511
1307,species,0.0299704,Streptococcus suis,ERR1090511
54911,species,0.0262241,Brevibacillus choshinensis,ERR1090511
44749,species,0.0262241,Sporobacter termitidis,ERR1090511
397865,species,0.0262241,Barnesiella viscericola,ERR1090511
338188,species,0.0262241,Bacteroides finegoldii,ERR1090511
261299,species,0.0262241,Intestinibacter bartlettii,ERR1090511
216816,species,0.0262241,Bifidobacterium longum,ERR1090511
28127,species,0.0262241,Prevotella buccalis,ERR1090511
39777,species,0.0224778,Veillonella atypica,ERR1090511
105841,species,0.0224778,Anaerostipes caccae,ERR1090511
28137,species,0.0224778,Prevotella veroralis,ERR1090511
282402,species,0.0224778,Prevotella multiformis,ERR1090511
552810,species,0.0187315,Dehalogenimonas lykanthroporepellens,ERR1090511
328813,species,0.0187315,Alistipes onderdonkii,ERR1090511
562,species,0.0187315,Escherichia coli,ERR1090511
470565,species,0.0187315,Prevotella histicola,ERR1090511
1532,species,0.0187315,Blautia coccoides,ERR1090511
47500,species,0.0187315,Aneurinibacillus migulanus,ERR1090511
28901,species,0.0187315,Salmonella enterica,ERR1090511
28125,species,0.0149852,Prevotella bivia,ERR1090511
357276,species,0.0149852,Bacteroides dorei,ERR1090511
115979,species,0.0149852,Bacillus nealsonii,ERR1090511
1680,species,0.0149852,Bifidobacterium adolescentis,ERR1090511
40518,species,0.0149852,Ruminococcus bromii,ERR1090511
39491,species,0.0149852,[Eubacterium] rectale,ERR1090511
1391,species,0.0149852,Aneurinibacillus aneurinilyticus,ERR1090511
1113741,species,0.0149852,Bacillus sp. NBRC 101250,ERR1090511
40324,species,0.0112389,Stenotrophomonas maltophilia,ERR1090511
876,species,0.0112389,Desulfovibrio desulfuricans,ERR1090511
52787,species,0.0112389,Anaerofilum pentosovorans,ERR1090511
1471,species,0.0112389,Bacillus methanolicus,ERR1090511
732242,species,0.0112389,Bacteroides paurosaccharolyticus,ERR1090511
1404,species,0.0112389,Bacillus megaterium,ERR1090511
84112,species,0.0112389,Eggerthella lenta,ERR1090511
1515,species,0.0112389,Ruminiclostridium thermocellum,ERR1090511
860,species,0.0112389,Fusobacterium periodonticum,ERR1090511
907,species,0.0112389,Megasphaera elsdenii,ERR1090511
410072,species,0.0112389,Coprococcus comes,ERR1090511
28117,species,0.0112389,Alistipes putredinis,ERR1090511
477666,species,0.0112389,Bacteroides graminisolvens,ERR1090511
214856,species,0.0112389,Alistipes finegoldii,ERR1090511
33035,species,0.0074926,Blautia producta,ERR1090511
1379,species,0.0074926,Gemella haemolysans,ERR1090511
1304158,species,0.0074926,Salinisphaera halophila,ERR1090511
29354,species,0.0074926,[Clostridium] celerecrescens,ERR1090511
1559,species,0.0074926,Clostridium tertium,ERR1090511
53443,species,0.0074926,Blautia hydrogenotrophica,ERR1090511
103892,species,0.0074926,Veillonella ratti,ERR1090511
29389,species,0.0074926,Streptococcus alactolyticus,ERR1090511
100884,species,0.0074926,Coprobacillus cateniformis,ERR1090511
645466,species,0.0074926,Anaerostipes butyraticus,ERR1090511
28134,species,0.0074926,Prevotella oralis,ERR1090511
310300,species,0.0074926,Bacteroides pyogenes,ERR1090511
358743,species,0.0074926,[Clostridium] citroniae,ERR1090511
147207,species,0.0074926,Collinsella intestinalis,ERR1090511
273164,species,0.0074926,Pontibacillus marinus,ERR1090511
106648,species,0.0074926,Acinetobacter bereziniae,ERR1090511
33987,species,0.0074926,Exiguobacterium aurantiacum,ERR1090511
232270,species,0.0074926,Effusibacillus pohliae,ERR1090511
671267,species,0.0074926,Bacteroides sartorii,ERR1090511
174709,species,0.0074926,Allobaculum stercoricanis,ERR1090511
1464,species,0.0074926,Paenibacillus larvae,ERR1090511
61171,species,0.0074926,Holdemania filiformis,ERR1090511
376806,species,0.0074926,Bacteroides gallinarum,ERR1090511
840,species,0.0074926,Prevotella loescheii,ERR1090511
1455,species,0.0074926,Bacillus badius,ERR1090511
246787,species,0.0074926,Bacteroides cellulosilyticus,ERR1090511
28118,species,0.0074926,Odoribacter splanchnicus,ERR1090511
287,species,0.0074926,Pseudomonas aeruginosa,ERR1090511
52561,species,0.0074926,Desulfomicrobium norvegicum,ERR1090511
155617,species,0.0037463,Enterococcus moraviensis,ERR1090511
1827099,species,0.0037463,Peptoniphilus sp. JCM 8141,ERR1090511
1265,species,0.0037463,Ruminococcus flavefaciens,ERR1090511
316,species,0.0037463,Pseudomonas stutzeri,ERR1090511
77095,species,0.0037463,Prevotella bryantii,ERR1090511
328812,species,0.0037463,Parabacteroides goldsteinii,ERR1090511
305719,species,0.0037463,Prevotella baroniae,ERR1090511
701529,species,0.0037463,Peptoniphilus sp. JCM 8143,ERR1090511
294,species,0.0037463,Pseudomonas fluorescens,ERR1090511
1114067,species,0.0037463,Weissella sp. NBRC 107245,ERR1090511
762210,species,0.0037463,Bifidobacterium saguini,ERR1090511
220684,species,0.0037463,Bacillus drentensis,ERR1090511
52229,species,0.0037463,Hallella seregens,ERR1090511
28131,species,0.0037463,Prevotella intermedia,ERR1090511
688867,species,0.0037463,Ohtaekwangia koreensis,ERR1090511
863643,species,0.0037463,Thermincola potens,ERR1090511
35517,species,0.0037463,[Eubacterium] brachy,ERR1090511
1304,species,0.0037463,Streptococcus salivarius,ERR1090511
1398,species,0.0037463,Bacillus coagulans,ERR1090511
31971,species,0.0037463,[Eubacterium] dolichum,ERR1090511
1553,species,0.0037463,Clostridium tetanomorphum,ERR1090511
78342,species,0.0037463,Bifidobacterium gallicum,ERR1090511
863,species,0.0037463,Syntrophomonas wolfei,ERR1090511
218284,species,0.0037463,Bacillus vietnamensis,ERR1090511
185293,species,0.0037463,Prevotella oryzae,ERR1090511
508460,species,0.0037463,Cloacibacillus evryensis,ERR1090511
28454,species,0.0037463,Sphingobacterium multivorum,ERR1090511
1584,species,0.0037463,Lactobacillus delbrueckii,ERR1090511
29347,species,0.0037463,[Clostridium] scindens,ERR1090511
392333,species,0.0037463,Geoalkalibacter ferrihydriticus,ERR1090511
309120,species,0.0037463,Dialister micraerophilus,ERR1090511
570161,species,0.0037463,Marinifilum fragile,ERR1090511
119484,species,0.0037463,Syntrophobacter fumaroxidans,ERR1090511
1428,species,0.0037463,Bacillus thuringiensis,ERR1090511
1522,species,0.0037463,[Clostridium] innocuum,ERR1090511
97478,species,0.0037463,Lactobacillus mucosae,ERR1090511
37734,species,0.0037463,Enterococcus casseliflavus,ERR1090511
1408,species,0.0037463,Bacillus pumilus,ERR1090511
58172,species,0.0037463,Paenibacillus sp.,ERR1090511
461876,species,0.0037463,Alkaliphilus oremlandii,ERR1090511
28136,species,0.0037463,Prevotella oulorum,ERR1090511
1349,species,0.0037463,Streptococcus uberis,ERR1090511
1311,species,0.0037463,Streptococcus agalactiae,ERR1090511
371601,species,0.0037463,Bacteroides xylanisolvens,ERR1090511
39482,species,0.0037463,[Eubacterium] contortum,ERR1090511
138595,species,0.0037463,Olsenella profusa,ERR1090511
1646377,species,0.0037463,Rouxiella sp. 323,ERR1090511
1479,species,0.0037463,Bacillus smithii,ERR1090511
376804,species,0.0037463,Bacteroides barnesiae,ERR1090511
2057,species,0.0037463,Sphaerobacter thermophilus,ERR1090511
882211,species,0.0037463,Pseudomonas deceptionensis,ERR1090511
123820,species,0.0037463,[Actinobacillus] rossii,ERR1090511
202269,species,0.0037463,bacterium YIM-kkny4,ERR1090511
37692,species,0.0037463,Candidatus Phytoplasma mali,ERR1090511
39492,species,0.0037463,[Eubacterium] siraeum,ERR1090511
310298,species,0.0037463,Bacteroides coprocola,ERR1090511
882141,species,0.0037463,Bacillus sp. IHB B 2296,ERR1090511
1343,species,0.0037463,Streptococcus vestibularis,ERR1090511
61435,species,0.0037463,Dehalococcoides mccartyi,ERR1090511
290055,species,0.0037463,[Eubacterium] fissicatena,ERR1090511
1282,species,0.0037463,Staphylococcus epidermidis,ERR1090511
39488,species,0.0037463,[Eubacterium] hallii,ERR1090511
1260,species,0.0037463,Finegoldia magna,ERR1090511
336261,species,0.0037463,Thermovirga lienii,ERR1090511
52773,species,0.0037463,Actinomyces meyeri,ERR1090511
1336,species,0.0037463,Streptococcus equi,ERR1090511
486,species,0.0037463,Neisseria lactamica,ERR1090511
589437,species,0.0037463,Prevotella scopos,ERR1090511
741091,species,0.0037463,Rahnella sp. Y9602,ERR1090511
97084,species,0.0037463,Halobacteriovorax marinus,ERR1090511
106588,species,0.0037463,Pseudoflavonifractor capillosus,ERR1090511
487698,species,0.0037463,Stenotrophomonas pavanii,ERR1090511
88431,species,0.0037463,Dorea longicatena,ERR1090511
387090,species,0.0037463,Bacteroides coprophilus,ERR1090511
400390,species,0.0037463,Alkalimonas collagenimarina,ERR1090511
288965,species,0.0037463,[Clostridium] clariflavum,ERR1090511
2374,species,0.0037463,Acetonema longum,ERR1090511
1646,species,0.0037463,Renibacterium salmoninarum,ERR1090511
1626,species,0.0037463,Lactobacillus sharpeae,ERR1090511
1267,species,0.0037463,Clostridium ventriculi,ERR1090511
454155,species,0.0037463,Paraprevotella xylaniphila,ERR1090511
634771,species,0.0037463,Chitinophaga eiseniae,ERR1090511
669462,species,0.0037463,Paenibacillus pinihumi,ERR1090511
197614,species,0.0037463,Streptococcus pasteurianus,ERR1090511
217031,species,0.0037463,Bacillus galactosidilyticus,ERR1090511
112002,species,0.0037463,Psychrobacter pacificensis,ERR1090511
28025,species,0.0037463,Bifidobacterium animalis,ERR1090511
626932,species,0.0037463,Alistipes indistinctus,ERR1090511
167964,species,0.0037463,Anaerolinea thermophila,ERR1090511
1038856,species,0.0037463,Planococcus plakortidis,ERR1090511
1465754,species,0.0037463,Alistipes timonensis,ERR1090511
1755610,species,0.0037463,Alistipes sp. MC_19,ERR1090511
-1,species,25.1264,Unknown,ERR1090511
165179,species,29.6932,Prevotella copri,ERR1090511
218538,species,19.8179,Dialister invisus,ERR1090511
821,species,2.53999,Bacteroides vulgatus,ERR1090511
239935,species,2.49129,Akkermansia muciniphila,ERR1090511
69825,species,1.94058,[Clostridium] indolis,ERR1090511
823,species,1.89937,Parabacteroides distasonis,ERR1090511
204516,species,1.37115,Bacteroides massiliensis,ERR1090511
39778,species,1.24752,Veillonella dispar,ERR1090511
1755626,species,1.06395,Faecalibacterium sp. MC_41,ERR1090511
536633,species,1.04147,Blautia glucerasea,ERR1090511
46503,species,0.925336,Parabacteroides merdae,ERR1090511
1735,species,0.842918,Holdemanella biformis,ERR1090511
28116,species,0.786723,Bacteroides ovatus,ERR1090511
47678,species,0.558199,Bacteroides caccae,ERR1090511
1308,species,0.531975,Streptococcus thermophilus,ERR1090511
454154,species,0.457049,Paraprevotella clara,ERR1090511
29466,species,0.385869,Veillonella parvula,ERR1090511
28446,species,0.382123,[Clostridium] propionicum,ERR1090511
46506,species,0.363391,Bacteroides stercoris,ERR1090511
291644,species,0.352152,Bacteroides salyersiae,ERR1090511
818,species,0.348406,Bacteroides thetaiotaomicron,ERR1090511
84030,species,0.337167,[Clostridium] saccharolyticum,ERR1090511
29370,species,0.325928,[Clostridium] sphenoides,ERR1090511
301301,species,0.254748,Roseburia hominis,ERR1090511
40520,species,0.254748,Blautia obeum,ERR1090511
208479,species,0.24351,[Clostridium] bolteae,ERR1090511
589436,species,0.209793,Prevotella fusca,ERR1090511
39486,species,0.2023,Dorea formicigenerans,ERR1090511
820,species,0.179822,Bacteroides uniformis,ERR1090511
40519,species,0.17233,Ruminococcus callidus,ERR1090511
328814,species,0.161091,Alistipes shahii,ERR1090511
729,species,0.157345,Haemophilus parainfluenzae,ERR1090511
358742,species,0.131121,[Clostridium] aldenense,ERR1090511
839,species,0.123628,Prevotella ruminicola,ERR1090511
39490,species,0.119882,Eubacterium ramulus,ERR1090511
39484,species,0.119882,Eubacterium desmolans,ERR1090511
310297,species,0.116135,Bacteroides plebeius,ERR1090511
1535,species,0.108643,[Clostridium] leptum,ERR1090511
351091,species,0.104896,Oscillibacter valericigenes,ERR1090511
228603,species,0.0861649,Prevotella shahii,ERR1090511
166486,species,0.0824186,Roseburia intestinalis,ERR1090511
36847,species,0.0824186,[Clostridium] neopropionicum,ERR1090511
46206,species,0.074926,Pseudobutyrivibrio ruminis,ERR1090511
1264,species,0.074926,Ruminococcus albus,ERR1090511
39485,species,0.0674334,[Eubacterium] eligens,ERR1090511
33038,species,0.0674334,[Ruminococcus] gnavus,ERR1090511
28037,species,0.0674334,Streptococcus mitis,ERR1090511
1303,species,0.0599408,Streptococcus oralis,ERR1090511
1512,species,0.0561945,[Clostridium] symbiosum,ERR1090511
28135,species,0.0561945,Prevotella oris,ERR1090511
817,species,0.0524482,Bacteroides fragilis,ERR1090511
626930,species,0.0487019,Bacteroides fluxus,ERR1090511
1685,species,0.0449556,Bifidobacterium breve,ERR1090511
28129,species,0.0449556,Prevotella denticola,ERR1090511
35833,species,0.0449556,Bilophila wadsworthia,ERR1090511
437898,species,0.0412093,Sutterella parvirubra,ERR1090511
291645,species,0.0412093,Bacteroides nordii,ERR1090511
43675,species,0.037463,Rothia mucilaginosa,ERR1090511
38304,species,0.037463,Corynebacterium tuberculostearicum,ERR1090511
169435,species,0.0337167,Anaerotruncus colihominis,ERR1090511
39496,species,0.0337167,Eubacterium ventriosum,ERR1090511
1307,species,0.0299704,Streptococcus suis,ERR1090511
54911,species,0.0262241,Brevibacillus choshinensis,ERR1090511
44749,species,0.0262241,Sporobacter termitidis,ERR1090511
397865,species,0.0262241,Barnesiella viscericola,ERR1090511
261299,species,0.0262241,Intestinibacter bartlettii,ERR1090511
338188,species,0.0262241,Bacteroides finegoldii,ERR1090511
28127,species,0.0262241,Prevotella buccalis,ERR1090511
216816,species,0.0262241,Bifidobacterium longum,ERR1090511
39777,species,0.0224778,Veillonella atypica,ERR1090511
105841,species,0.0224778,Anaerostipes caccae,ERR1090511
282402,species,0.0224778,Prevotella multiformis,ERR1090511
28137,species,0.0224778,Prevotella veroralis,ERR1090511
552810,species,0.0187315,Dehalogenimonas lykanthroporepellens,ERR1090511
562,species,0.0187315,Escherichia coli,ERR1090511
328813,species,0.0187315,Alistipes onderdonkii,ERR1090511
470565,species,0.0187315,Prevotella histicola,ERR1090511
1532,species,0.0187315,Blautia coccoides,ERR1090511
47500,species,0.0187315,Aneurinibacillus migulanus,ERR1090511
28901,species,0.0187315,Salmonella enterica,ERR1090511
28125,species,0.0149852,Prevotella bivia,ERR1090511
357276,species,0.0149852,Bacteroides dorei,ERR1090511
115979,species,0.0149852,Bacillus nealsonii,ERR1090511
1680,species,0.0149852,Bifidobacterium adolescentis,ERR1090511
40518,species,0.0149852,Ruminococcus bromii,ERR1090511
39491,species,0.0149852,[Eubacterium] rectale,ERR1090511
1391,species,0.0149852,Aneurinibacillus aneurinilyticus,ERR1090511
1113741,species,0.0149852,Bacillus sp. NBRC 101250,ERR1090511
876,species,0.0112389,Desulfovibrio desulfuricans,ERR1090511
52787,species,0.0112389,Anaerofilum pentosovorans,ERR1090511
1471,species,0.0112389,Bacillus methanolicus,ERR1090511
732242,species,0.0112389,Bacteroides paurosaccharolyticus,ERR1090511
1515,species,0.0112389,Ruminiclostridium thermocellum,ERR1090511
1404,species,0.0112389,Bacillus megaterium,ERR1090511
84112,species,0.0112389,Eggerthella lenta,ERR1090511
860,species,0.0112389,Fusobacterium periodonticum,ERR1090511
907,species,0.0112389,Megasphaera elsdenii,ERR1090511
410072,species,0.0112389,Coprococcus comes,ERR1090511
28117,species,0.0112389,Alistipes putredinis,ERR1090511
477666,species,0.0112389,Bacteroides graminisolvens,ERR1090511
214856,species,0.0112389,Alistipes finegoldii,ERR1090511
40324,species,0.0112389,Stenotrophomonas maltophilia,ERR1090511
53443,species,0.0074926,Blautia hydrogenotrophica,ERR1090511
103892,species,0.0074926,Veillonella ratti,ERR1090511
1559,species,0.0074926,Clostridium tertium,ERR1090511
29389,species,0.0074926,Streptococcus alactolyticus,ERR1090511
100884,species,0.0074926,Coprobacillus cateniformis,ERR1090511
645466,species,0.0074926,Anaerostipes butyraticus,ERR1090511
28134,species,0.0074926,Prevotella oralis,ERR1090511
358743,species,0.0074926,[Clostridium] citroniae,ERR1090511
310300,species,0.0074926,Bacteroides pyogenes,ERR1090511
106648,species,0.0074926,Acinetobacter bereziniae,ERR1090511
147207,species,0.0074926,Collinsella intestinalis,ERR1090511
273164,species,0.0074926,Pontibacillus marinus,ERR1090511
33987,species,0.0074926,Exiguobacterium aurantiacum,ERR1090511
174709,species,0.0074926,Allobaculum stercoricanis,ERR1090511
232270,species,0.0074926,Effusibacillus pohliae,ERR1090511
671267,species,0.0074926,Bacteroides sartorii,ERR1090511
61171,species,0.0074926,Holdemania filiformis,ERR1090511
376806,species,0.0074926,Bacteroides gallinarum,ERR1090511
1464,species,0.0074926,Paenibacillus larvae,ERR1090511
1455,species,0.0074926,Bacillus badius,ERR1090511
840,species,0.0074926,Prevotella loescheii,ERR1090511
28118,species,0.0074926,Odoribacter splanchnicus,ERR1090511
246787,species,0.0074926,Bacteroides cellulosilyticus,ERR1090511
287,species,0.0074926,Pseudomonas aeruginosa,ERR1090511
52561,species,0.0074926,Desulfomicrobium norvegicum,ERR1090511
1379,species,0.0074926,Gemella haemolysans,ERR1090511
1304158,species,0.0074926,Salinisphaera halophila,ERR1090511
29354,species,0.0074926,[Clostridium] celerecrescens,ERR1090511
33035,species,0.0074926,Blautia producta,ERR1090511
294,species,0.0037463,Pseudomonas fluorescens,ERR1090511
1114067,species,0.0037463,Weissella sp. NBRC 107245,ERR1090511
762210,species,0.0037463,Bifidobacterium saguini,ERR1090511
220684,species,0.0037463,Bacillus drentensis,ERR1090511
701529,species,0.0037463,Peptoniphilus sp. JCM 8143,ERR1090511
28131,species,0.0037463,Prevotella intermedia,ERR1090511
688867,species,0.0037463,Ohtaekwangia koreensis,ERR1090511
863643,species,0.0037463,Thermincola potens,ERR1090511
52229,species,0.0037463,Hallella seregens,ERR1090511
1398,species,0.0037463,Bacillus coagulans,ERR1090511
31971,species,0.0037463,[Eubacterium] dolichum,ERR1090511
1553,species,0.0037463,Clostridium tetanomorphum,ERR1090511
78342,species,0.0037463,Bifidobacterium gallicum,ERR1090511
35517,species,0.0037463,[Eubacterium] brachy,ERR1090511
1304,species,0.0037463,Streptococcus salivarius,ERR1090511
218284,species,0.0037463,Bacillus vietnamensis,ERR1090511
185293,species,0.0037463,Prevotella oryzae,ERR1090511
508460,species,0.0037463,Cloacibacillus evryensis,ERR1090511
28454,species,0.0037463,Sphingobacterium multivorum,ERR1090511
1584,species,0.0037463,Lactobacillus delbrueckii,ERR1090511
863,species,0.0037463,Syntrophomonas wolfei,ERR1090511
309120,species,0.0037463,Dialister micraerophilus,ERR1090511
570161,species,0.0037463,Marinifilum fragile,ERR1090511
119484,species,0.0037463,Syntrophobacter fumaroxidans,ERR1090511
1428,species,0.0037463,Bacillus thuringiensis,ERR1090511
1522,species,0.0037463,[Clostridium] innocuum,ERR1090511
97478,species,0.0037463,Lactobacillus mucosae,ERR1090511
29347,species,0.0037463,[Clostridium] scindens,ERR1090511
392333,species,0.0037463,Geoalkalibacter ferrihydriticus,ERR1090511
1408,species,0.0037463,Bacillus pumilus,ERR1090511
58172,species,0.0037463,Paenibacillus sp.,ERR1090511
461876,species,0.0037463,Alkaliphilus oremlandii,ERR1090511
28136,species,0.0037463,Prevotella oulorum,ERR1090511
1349,species,0.0037463,Streptococcus uberis,ERR1090511
1311,species,0.0037463,Streptococcus agalactiae,ERR1090511
37734,species,0.0037463,Enterococcus casseliflavus,ERR1090511
1646377,species,0.0037463,Rouxiella sp. 323,ERR1090511
1479,species,0.0037463,Bacillus smithii,ERR1090511
371601,species,0.0037463,Bacteroides xylanisolvens,ERR1090511
39482,species,0.0037463,[Eubacterium] contortum,ERR1090511
138595,species,0.0037463,Olsenella profusa,ERR1090511
2057,species,0.0037463,Sphaerobacter thermophilus,ERR1090511
882211,species,0.0037463,Pseudomonas deceptionensis,ERR1090511
123820,species,0.0037463,[Actinobacillus] rossii,ERR1090511
202269,species,0.0037463,bacterium YIM-kkny4,ERR1090511
37692,species,0.0037463,Candidatus Phytoplasma mali,ERR1090511
39492,species,0.0037463,[Eubacterium] siraeum,ERR1090511
376804,species,0.0037463,Bacteroides barnesiae,ERR1090511
1343,species,0.0037463,Streptococcus vestibularis,ERR1090511
61435,species,0.0037463,Dehalococcoides mccartyi,ERR1090511
290055,species,0.0037463,[Eubacterium] fissicatena,ERR1090511
1282,species,0.0037463,Staphylococcus epidermidis,ERR1090511
310298,species,0.0037463,Bacteroides coprocola,ERR1090511
882141,species,0.0037463,Bacillus sp. IHB B 2296,ERR1090511
39488,species,0.0037463,[Eubacterium] hallii,ERR1090511
1260,species,0.0037463,Finegoldia magna,ERR1090511
336261,species,0.0037463,Thermovirga lienii,ERR1090511
486,species,0.0037463,Neisseria lactamica,ERR1090511
589437,species,0.0037463,Prevotella scopos,ERR1090511
741091,species,0.0037463,Rahnella sp. Y9602,ERR1090511
97084,species,0.0037463,Halobacteriovorax marinus,ERR1090511
106588,species,0.0037463,Pseudoflavonifractor capillosus,ERR1090511
52773,species,0.0037463,Actinomyces meyeri,ERR1090511
1336,species,0.0037463,Streptococcus equi,ERR1090511
387090,species,0.0037463,Bacteroides coprophilus,ERR1090511
400390,species,0.0037463,Alkalimonas collagenimarina,ERR1090511
288965,species,0.0037463,[Clostridium] clariflavum,ERR1090511
2374,species,0.0037463,Acetonema longum,ERR1090511
1646,species,0.0037463,Renibacterium salmoninarum,ERR1090511
487698,species,0.0037463,Stenotrophomonas pavanii,ERR1090511
88431,species,0.0037463,Dorea longicatena,ERR1090511
1626,species,0.0037463,Lactobacillus sharpeae,ERR1090511
1267,species,0.0037463,Clostridium ventriculi,ERR1090511
454155,species,0.0037463,Paraprevotella xylaniphila,ERR1090511
217031,species,0.0037463,Bacillus galactosidilyticus,ERR1090511
112002,species,0.0037463,Psychrobacter pacificensis,ERR1090511
634771,species,0.0037463,Chitinophaga eiseniae,ERR1090511
669462,species,0.0037463,Paenibacillus pinihumi,ERR1090511
197614,species,0.0037463,Streptococcus pasteurianus,ERR1090511
167964,species,0.0037463,Anaerolinea thermophila,ERR1090511
1038856,species,0.0037463,Planococcus plakortidis,ERR1090511
1465754,species,0.0037463,Alistipes timonensis,ERR1090511
1755610,species,0.0037463,Alistipes sp. MC_19,ERR1090511
28025,species,0.0037463,Bifidobacterium animalis,ERR1090511
626932,species,0.0037463,Alistipes indistinctus,ERR1090511
1265,species,0.0037463,Ruminococcus flavefaciens,ERR1090511
316,species,0.0037463,Pseudomonas stutzeri,ERR1090511
77095,species,0.0037463,Prevotella bryantii,ERR1090511
328812,species,0.0037463,Parabacteroides goldsteinii,ERR1090511
305719,species,0.0037463,Prevotella baroniae,ERR1090511
155617,species,0.0037463,Enterococcus moraviensis,ERR1090511
1827099,species,0.0037463,Peptoniphilus sp. JCM 8141,ERR1090511
-1,species,25.1264,Unknown,ERR1090511
165179,species,29.6932,Prevotella copri,ERR1090511
218538,species,19.8179,Dialister invisus,ERR1090511
821,species,2.53999,Bacteroides vulgatus,ERR1090511
239935,species,2.49129,Akkermansia muciniphila,ERR1090511
69825,species,1.94058,[Clostridium] indolis,ERR1090511
823,species,1.89937,Parabacteroides distasonis,ERR1090511
204516,species,1.37115,Bacteroides massiliensis,ERR1090511
39778,species,1.24752,Veillonella dispar,ERR1090511
1755626,species,1.06395,Faecalibacterium sp. MC_41,ERR1090511
536633,species,1.04147,Blautia glucerasea,ERR1090511
46503,species,0.925336,Parabacteroides merdae,ERR1090511
1735,species,0.842918,Holdemanella biformis,ERR1090511
28116,species,0.786723,Bacteroides ovatus,ERR1090511
47678,species,0.558199,Bacteroides caccae,ERR1090511
1308,species,0.531975,Streptococcus thermophilus,ERR1090511
454154,species,0.457049,Paraprevotella clara,ERR1090511
29466,species,0.385869,Veillonella parvula,ERR1090511
28446,species,0.382123,[Clostridium] propionicum,ERR1090511
46506,species,0.363391,Bacteroides stercoris,ERR1090511
291644,species,0.352152,Bacteroides salyersiae,ERR1090511
818,species,0.348406,Bacteroides thetaiotaomicron,ERR1090511
84030,species,0.337167,[Clostridium] saccharolyticum,ERR1090511
29370,species,0.325928,[Clostridium] sphenoides,ERR1090511
301301,species,0.254748,Roseburia hominis,ERR1090511
40520,species,0.254748,Blautia obeum,ERR1090511
208479,species,0.24351,[Clostridium] bolteae,ERR1090511
589436,species,0.209793,Prevotella fusca,ERR1090511
39486,species,0.2023,Dorea formicigenerans,ERR1090511
820,species,0.179822,Bacteroides uniformis,ERR1090511
40519,species,0.17233,Ruminococcus callidus,ERR1090511
328814,species,0.161091,Alistipes shahii,ERR1090511
729,species,0.157345,Haemophilus parainfluenzae,ERR1090511
358742,species,0.131121,[Clostridium] aldenense,ERR1090511
839,species,0.123628,Prevotella ruminicola,ERR1090511
39490,species,0.119882,Eubacterium ramulus,ERR1090511
39484,species,0.119882,Eubacterium desmolans,ERR1090511
310297,species,0.116135,Bacteroides plebeius,ERR1090511
1535,species,0.108643,[Clostridium] leptum,ERR1090511
351091,species,0.104896,Oscillibacter valericigenes,ERR1090511
228603,species,0.0861649,Prevotella shahii,ERR1090511
166486,species,0.0824186,Roseburia intestinalis,ERR1090511
36847,species,0.0824186,[Clostridium] neopropionicum,ERR1090511
1264,species,0.074926,Ruminococcus albus,ERR1090511
46206,species,0.074926,Pseudobutyrivibrio ruminis,ERR1090511
28037,species,0.0674334,Streptococcus mitis,ERR1090511
39485,species,0.0674334,[Eubacterium] eligens,ERR1090511
33038,species,0.0674334,[Ruminococcus] gnavus,ERR1090511
1303,species,0.0599408,Streptococcus oralis,ERR1090511
28135,species,0.0561945,Prevotella oris,ERR1090511
1512,species,0.0561945,[Clostridium] symbiosum,ERR1090511
817,species,0.0524482,Bacteroides fragilis,ERR1090511
626930,species,0.0487019,Bacteroides fluxus,ERR1090511
1685,species,0.0449556,Bifidobacterium breve,ERR1090511
28129,species,0.0449556,Prevotella denticola,ERR1090511
35833,species,0.0449556,Bilophila wadsworthia,ERR1090511
437898,species,0.0412093,Sutterella parvirubra,ERR1090511
291645,species,0.0412093,Bacteroides nordii,ERR1090511
43675,species,0.037463,Rothia mucilaginosa,ERR1090511
38304,species,0.037463,Corynebacterium tuberculostearicum,ERR1090511
39496,species,0.0337167,Eubacterium ventriosum,ERR1090511
169435,species,0.0337167,Anaerotruncus colihominis,ERR1090511
1307,species,0.0299704,Streptococcus suis,ERR1090511
54911,species,0.0262241,Brevibacillus choshinensis,ERR1090511
44749,species,0.0262241,Sporobacter termitidis,ERR1090511
397865,species,0.0262241,Barnesiella viscericola,ERR1090511
261299,species,0.0262241,Intestinibacter bartlettii,ERR1090511
338188,species,0.0262241,Bacteroides finegoldii,ERR1090511
28127,species,0.0262241,Prevotella buccalis,ERR1090511
216816,species,0.0262241,Bifidobacterium longum,ERR1090511
105841,species,0.0224778,Anaerostipes caccae,ERR1090511
28137,species,0.0224778,Prevotella veroralis,ERR1090511
282402,species,0.0224778,Prevotella multiformis,ERR1090511
39777,species,0.0224778,Veillonella atypica,ERR1090511
1532,species,0.0187315,Blautia coccoides,ERR1090511
47500,species,0.0187315,Aneurinibacillus migulanus,ERR1090511
28901,species,0.0187315,Salmonella enterica,ERR1090511
552810,species,0.0187315,Dehalogenimonas lykanthroporepellens,ERR1090511
328813,species,0.0187315,Alistipes onderdonkii,ERR1090511
562,species,0.0187315,Escherichia coli,ERR1090511
470565,species,0.0187315,Prevotella histicola,ERR1090511
1391,species,0.0149852,Aneurinibacillus aneurinilyticus,ERR1090511
1113741,species,0.0149852,Bacillus sp. NBRC 101250,ERR1090511
28125,species,0.0149852,Prevotella bivia,ERR1090511
357276,species,0.0149852,Bacteroides dorei,ERR1090511
115979,species,0.0149852,Bacillus nealsonii,ERR1090511
1680,species,0.0149852,Bifidobacterium adolescentis,ERR1090511
40518,species,0.0149852,Ruminococcus bromii,ERR1090511
39491,species,0.0149852,[Eubacterium] rectale,ERR1090511
28117,species,0.0112389,Alistipes putredinis,ERR1090511
477666,species,0.0112389,Bacteroides graminisolvens,ERR1090511
214856,species,0.0112389,Alistipes finegoldii,ERR1090511
40324,species,0.0112389,Stenotrophomonas maltophilia,ERR1090511
876,species,0.0112389,Desulfovibrio desulfuricans,ERR1090511
52787,species,0.0112389,Anaerofilum pentosovorans,ERR1090511
1471,species,0.0112389,Bacillus methanolicus,ERR1090511
732242,species,0.0112389,Bacteroides paurosaccharolyticus,ERR1090511
1404,species,0.0112389,Bacillus megaterium,ERR1090511
84112,species,0.0112389,Eggerthella lenta,ERR1090511
1515,species,0.0112389,Ruminiclostridium thermocellum,ERR1090511
860,species,0.0112389,Fusobacterium periodonticum,ERR1090511
907,species,0.0112389,Megasphaera elsdenii,ERR1090511
410072,species,0.0112389,Coprococcus comes,ERR1090511
287,species,0.0074926,Pseudomonas aeruginosa,ERR1090511
52561,species,0.0074926,Desulfomicrobium norvegicum,ERR1090511
33035,species,0.0074926,Blautia producta,ERR1090511
1379,species,0.0074926,Gemella haemolysans,ERR1090511
1304158,species,0.0074926,Salinisphaera halophila,ERR1090511
29354,species,0.0074926,[Clostridium] celerecrescens,ERR1090511
53443,species,0.0074926,Blautia hydrogenotrophica,ERR1090511
103892,species,0.0074926,Veillonella ratti,ERR1090511
1559,species,0.0074926,Clostridium tertium,ERR1090511
29389,species,0.0074926,Streptococcus alactolyticus,ERR1090511
100884,species,0.0074926,Coprobacillus cateniformis,ERR1090511
645466,species,0.0074926,Anaerostipes butyraticus,ERR1090511
28134,species,0.0074926,Prevotella oralis,ERR1090511
358743,species,0.0074926,[Clostridium] citroniae,ERR1090511
310300,species,0.0074926,Bacteroides pyogenes,ERR1090511
273164,species,0.0074926,Pontibacillus marinus,ERR1090511
106648,species,0.0074926,Acinetobacter bereziniae,ERR1090511
147207,species,0.0074926,Collinsella intestinalis,ERR1090511
33987,species,0.0074926,Exiguobacterium aurantiacum,ERR1090511
671267,species,0.0074926,Bacteroides sartorii,ERR1090511
174709,species,0.0074926,Allobaculum stercoricanis,ERR1090511
232270,species,0.0074926,Effusibacillus pohliae,ERR1090511
1464,species,0.0074926,Paenibacillus larvae,ERR1090511
61171,species,0.0074926,Holdemania filiformis,ERR1090511
376806,species,0.0074926,Bacteroides gallinarum,ERR1090511
840,species,0.0074926,Prevotella loescheii,ERR1090511
1455,species,0.0074926,Bacillus badius,ERR1090511
28118,species,0.0074926,Odoribacter splanchnicus,ERR1090511
246787,species,0.0074926,Bacteroides cellulosilyticus,ERR1090511
1626,species,0.0037463,Lactobacillus sharpeae,ERR1090511
1267,species,0.0037463,Clostridium ventriculi,ERR1090511
454155,species,0.0037463,Paraprevotella xylaniphila,ERR1090511
669462,species,0.0037463,Paenibacillus pinihumi,ERR1090511
197614,species,0.0037463,Streptococcus pasteurianus,ERR1090511
217031,species,0.0037463,Bacillus galactosidilyticus,ERR1090511
112002,species,0.0037463,Psychrobacter pacificensis,ERR1090511
634771,species,0.0037463,Chitinophaga eiseniae,ERR1090511
626932,species,0.0037463,Alistipes indistinctus,ERR1090511
167964,species,0.0037463,Anaerolinea thermophila,ERR1090511
1038856,species,0.0037463,Planococcus plakortidis,ERR1090511
1465754,species,0.0037463,Alistipes timonensis,ERR1090511
1755610,species,0.0037463,Alistipes sp. MC_19,ERR1090511
28025,species,0.0037463,Bifidobacterium animalis,ERR1090511
155617,species,0.0037463,Enterococcus moraviensis,ERR1090511
1827099,species,0.0037463,Peptoniphilus sp. JCM 8141,ERR1090511
1265,species,0.0037463,Ruminococcus flavefaciens,ERR1090511
316,species,0.0037463,Pseudomonas stutzeri,ERR1090511
77095,species,0.0037463,Prevotella bryantii,ERR1090511
328812,species,0.0037463,Parabacteroides goldsteinii,ERR1090511
305719,species,0.0037463,Prevotella baroniae,ERR1090511
701529,species,0.0037463,Peptoniphilus sp. JCM 8143,ERR1090511
294,species,0.0037463,Pseudomonas fluorescens,ERR1090511
1114067,species,0.0037463,Weissella sp. NBRC 107245,ERR1090511
762210,species,0.0037463,Bifidobacterium saguini,ERR1090511
220684,species,0.0037463,Bacillus drentensis,ERR1090511
28131,species,0.0037463,Prevotella intermedia,ERR1090511
688867,species,0.0037463,Ohtaekwangia koreensis,ERR1090511
863643,species,0.0037463,Thermincola potens,ERR1090511
52229,species,0.0037463,Hallella seregens,ERR1090511
1304,species,0.0037463,Streptococcus salivarius,ERR1090511
1398,species,0.0037463,Bacillus coagulans,ERR1090511
31971,species,0.0037463,[Eubacterium] dolichum,ERR1090511
1553,species,0.0037463,Clostridium tetanomorphum,ERR1090511
78342,species,0.0037463,Bifidobacterium gallicum,ERR1090511
35517,species,0.0037463,[Eubacterium] brachy,ERR1090511
863,species,0.0037463,Syntrophomonas wolfei,ERR1090511
218284,species,0.0037463,Bacillus vietnamensis,ERR1090511
185293,species,0.0037463,Prevotella oryzae,ERR1090511
508460,species,0.0037463,Cloacibacillus evryensis,ERR1090511
28454,species,0.0037463,Sphingobacterium multivorum,ERR1090511
1584,species,0.0037463,Lactobacillus delbrueckii,ERR1090511
29347,species,0.0037463,[Clostridium] scindens,ERR1090511
392333,species,0.0037463,Geoalkalibacter ferrihydriticus,ERR1090511
309120,species,0.0037463,Dialister micraerophilus,ERR1090511
570161,species,0.0037463,Marinifilum fragile,ERR1090511
119484,species,0.0037463,Syntrophobacter fumaroxidans,ERR1090511
1428,species,0.0037463,Bacillus thuringiensis,ERR1090511
1522,species,0.0037463,[Clostridium] innocuum,ERR1090511
97478,species,0.0037463,Lactobacillus mucosae,ERR1090511
37734,species,0.0037463,Enterococcus casseliflavus,ERR1090511
1408,species,0.0037463,Bacillus pumilus,ERR1090511
58172,species,0.0037463,Paenibacillus sp.,ERR1090511
461876,species,0.0037463,Alkaliphilus oremlandii,ERR1090511
28136,species,0.0037463,Prevotella oulorum,ERR1090511
1349,species,0.0037463,Streptococcus uberis,ERR1090511
1311,species,0.0037463,Streptococcus agalactiae,ERR1090511
138595,species,0.0037463,Olsenella profusa,ERR1090511
1646377,species,0.0037463,Rouxiella sp. 323,ERR1090511
1479,species,0.0037463,Bacillus smithii,ERR1090511
371601,species,0.0037463,Bacteroides xylanisolvens,ERR1090511
39482,species,0.0037463,[Eubacterium] contortum,ERR1090511
376804,species,0.0037463,Bacteroides barnesiae,ERR1090511
2057,species,0.0037463,Sphaerobacter thermophilus,ERR1090511
882211,species,0.0037463,Pseudomonas deceptionensis,ERR1090511
123820,species,0.0037463,[Actinobacillus] rossii,ERR1090511
202269,species,0.0037463,bacterium YIM-kkny4,ERR1090511
37692,species,0.0037463,Candidatus Phytoplasma mali,ERR1090511
39492,species,0.0037463,[Eubacterium] siraeum,ERR1090511
1343,species,0.0037463,Streptococcus vestibularis,ERR1090511
61435,species,0.0037463,Dehalococcoides mccartyi,ERR1090511
290055,species,0.0037463,[Eubacterium] fissicatena,ERR1090511
1282,species,0.0037463,Staphylococcus epidermidis,ERR1090511
310298,species,0.0037463,Bacteroides coprocola,ERR1090511
882141,species,0.0037463,Bacillus sp. IHB B 2296,ERR1090511
39488,species,0.0037463,[Eubacterium] hallii,ERR1090511
1260,species,0.0037463,Finegoldia magna,ERR1090511
336261,species,0.0037463,Thermovirga lienii,ERR1090511
52773,species,0.0037463,Actinomyces meyeri,ERR1090511
1336,species,0.0037463,Streptococcus equi,ERR1090511
486,species,0.0037463,Neisseria lactamica,ERR1090511
589437,species,0.0037463,Prevotella scopos,ERR1090511
741091,species,0.0037463,Rahnella sp. Y9602,ERR1090511
97084,species,0.0037463,Halobacteriovorax marinus,ERR1090511
106588,species,0.0037463,Pseudoflavonifractor capillosus,ERR1090511
487698,species,0.0037463,Stenotrophomonas pavanii,ERR1090511
88431,species,0.0037463,Dorea longicatena,ERR1090511
387090,species,0.0037463,Bacteroides coprophilus,ERR1090511
400390,species,0.0037463,Alkalimonas collagenimarina,ERR1090511
288965,species,0.0037463,[Clostridium] clariflavum,ERR1090511
2374,species,0.0037463,Acetonema longum,ERR1090511
1646,species,0.0037463,Renibacterium salmoninarum,ERR1090511
-1,species,25.1264,Unknown,ERR1090511
165179,species,29.6932,Prevotella copri,ERR1090511
218538,species,19.8179,Dialister invisus,ERR1090511
821,species,2.53999,Bacteroides vulgatus,ERR1090511
239935,species,2.49129,Akkermansia muciniphila,ERR1090511
69825,species,1.94058,[Clostridium] indolis,ERR1090511
823,species,1.89937,Parabacteroides distasonis,ERR1090511
204516,species,1.37115,Bacteroides massiliensis,ERR1090511
39778,species,1.24752,Veillonella dispar,ERR1090511
1755626,species,1.06395,Faecalibacterium sp. MC_41,ERR1090511
536633,species,1.04147,Blautia glucerasea,ERR1090511
46503,species,0.925336,Parabacteroides merdae,ERR1090511
1735,species,0.842918,Holdemanella biformis,ERR1090511
28116,species,0.786723,Bacteroides ovatus,ERR1090511
47678,species,0.558199,Bacteroides caccae,ERR1090511
1308,species,0.531975,Streptococcus thermophilus,ERR1090511
454154,species,0.457049,Paraprevotella clara,ERR1090511
29466,species,0.385869,Veillonella parvula,ERR1090511
28446,species,0.382123,[Clostridium] propionicum,ERR1090511
46506,species,0.363391,Bacteroides stercoris,ERR1090511
291644,species,0.352152,Bacteroides salyersiae,ERR1090511
818,species,0.348406,Bacteroides thetaiotaomicron,ERR1090511
84030,species,0.337167,[Clostridium] saccharolyticum,ERR1090511
29370,species,0.325928,[Clostridium] sphenoides,ERR1090511
301301,species,0.254748,Roseburia hominis,ERR1090511
40520,species,0.254748,Blautia obeum,ERR1090511
208479,species,0.24351,[Clostridium] bolteae,ERR1090511
589436,species,0.209793,Prevotella fusca,ERR1090511
39486,species,0.2023,Dorea formicigenerans,ERR1090511
820,species,0.179822,Bacteroides uniformis,ERR1090511
40519,species,0.17233,Ruminococcus callidus,ERR1090511
328814,species,0.161091,Alistipes shahii,ERR1090511
729,species,0.157345,Haemophilus parainfluenzae,ERR1090511
358742,species,0.131121,[Clostridium] aldenense,ERR1090511
839,species,0.123628,Prevotella ruminicola,ERR1090511
39490,species,0.119882,Eubacterium ramulus,ERR1090511
39484,species,0.119882,Eubacterium desmolans,ERR1090511
310297,species,0.116135,Bacteroides plebeius,ERR1090511
1535,species,0.108643,[Clostridium] leptum,ERR1090511
351091,species,0.104896,Oscillibacter valericigenes,ERR1090511
228603,species,0.0861649,Prevotella shahii,ERR1090511
166486,species,0.0824186,Roseburia intestinalis,ERR1090511
36847,species,0.0824186,[Clostridium] neopropionicum,ERR1090511
46206,species,0.074926,Pseudobutyrivibrio ruminis,ERR1090511
1264,species,0.074926,Ruminococcus albus,ERR1090511
39485,species,0.0674334,[Eubacterium] eligens,ERR1090511
33038,species,0.0674334,[Ruminococcus] gnavus,ERR1090511
28037,species,0.0674334,Streptococcus mitis,ERR1090511
1303,species,0.0599408,Streptococcus oralis,ERR1090511
1512,species,0.0561945,[Clostridium] symbiosum,ERR1090511
28135,species,0.0561945,Prevotella oris,ERR1090511
817,species,0.0524482,Bacteroides fragilis,ERR1090511
626930,species,0.0487019,Bacteroides fluxus,ERR1090511
1685,species,0.0449556,Bifidobacterium breve,ERR1090511
28129,species,0.0449556,Prevotella denticola,ERR1090511
35833,species,0.0449556,Bilophila wadsworthia,ERR1090511
437898,species,0.0412093,Sutterella parvirubra,ERR1090511
291645,species,0.0412093,Bacteroides nordii,ERR1090511
43675,species,0.037463,Rothia mucilaginosa,ERR1090511
38304,species,0.037463,Corynebacterium tuberculostearicum,ERR1090511
169435,species,0.0337167,Anaerotruncus colihominis,ERR1090511
39496,species,0.0337167,Eubacterium ventriosum,ERR1090511
1307,species,0.0299704,Streptococcus suis,ERR1090511
54911,species,0.0262241,Brevibacillus choshinensis,ERR1090511
44749,species,0.0262241,Sporobacter termitidis,ERR1090511
397865,species,0.0262241,Barnesiella viscericola,ERR1090511
261299,species,0.0262241,Intestinibacter bartlettii,ERR1090511
338188,species,0.0262241,Bacteroides finegoldii,ERR1090511
28127,species,0.0262241,Prevotella buccalis,ERR1090511
216816,species,0.0262241,Bifidobacterium longum,ERR1090511
105841,species,0.0224778,Anaerostipes caccae,ERR1090511
28137,species,0.0224778,Prevotella veroralis,ERR1090511
282402,species,0.0224778,Prevotella multiformis,ERR1090511
39777,species,0.0224778,Veillonella atypica,ERR1090511
47500,species,0.0187315,Aneurinibacillus migulanus,ERR1090511
28901,species,0.0187315,Salmonella enterica,ERR1090511
552810,species,0.0187315,Dehalogenimonas lykanthroporepellens,ERR1090511
562,species,0.0187315,Escherichia coli,ERR1090511
328813,species,0.0187315,Alistipes onderdonkii,ERR1090511
470565,species,0.0187315,Prevotella histicola,ERR1090511
1532,species,0.0187315,Blautia coccoides,ERR1090511
1113741,species,0.0149852,Bacillus sp. NBRC 101250,ERR1090511
28125,species,0.0149852,Prevotella bivia,ERR1090511
357276,species,0.0149852,Bacteroides dorei,ERR1090511
115979,species,0.0149852,Bacillus nealsonii,ERR1090511
1680,species,0.0149852,Bifidobacterium adolescentis,ERR1090511
40518,species,0.0149852,Ruminococcus bromii,ERR1090511
39491,species,0.0149852,[Eubacterium] rectale,ERR1090511
1391,species,0.0149852,Aneurinibacillus aneurinilyticus,ERR1090511
214856,species,0.0112389,Alistipes finegoldii,ERR1090511
40324,species,0.0112389,Stenotrophomonas maltophilia,ERR1090511
876,species,0.0112389,Desulfovibrio desulfuricans,ERR1090511
52787,species,0.0112389,Anaerofilum pentosovorans,ERR1090511
1471,species,0.0112389,Bacillus methanolicus,ERR1090511
732242,species,0.0112389,Bacteroides paurosaccharolyticus,ERR1090511
84112,species,0.0112389,Eggerthella lenta,ERR1090511
1515,species,0.0112389,Ruminiclostridium thermocellum,ERR1090511
1404,species,0.0112389,Bacillus megaterium,ERR1090511
860,species,0.0112389,Fusobacterium periodonticum,ERR1090511
907,species,0.0112389,Megasphaera elsdenii,ERR1090511
410072,species,0.0112389,Coprococcus comes,ERR1090511
28117,species,0.0112389,Alistipes putredinis,ERR1090511
477666,species,0.0112389,Bacteroides graminisolvens,ERR1090511
52561,species,0.0074926,Desulfomicrobium norvegicum,ERR1090511
1379,species,0.0074926,Gemella haemolysans,ERR1090511
1304158,species,0.0074926,Salinisphaera halophila,ERR1090511
29354,species,0.0074926,[Clostridium] celerecrescens,ERR1090511
33035,species,0.0074926,Blautia producta,ERR1090511
53443,species,0.0074926,Blautia hydrogenotrophica,ERR1090511
103892,species,0.0074926,Veillonella ratti,ERR1090511
1559,species,0.0074926,Clostridium tertium,ERR1090511
29389,species,0.0074926,Streptococcus alactolyticus,ERR1090511
100884,species,0.0074926,Coprobacillus cateniformis,ERR1090511
645466,species,0.0074926,Anaerostipes butyraticus,ERR1090511
28134,species,0.0074926,Prevotella oralis,ERR1090511
358743,species,0.0074926,[Clostridium] citroniae,ERR1090511
310300,species,0.0074926,Bacteroides pyogenes,ERR1090511
106648,species,0.0074926,Acinetobacter bereziniae,ERR1090511
147207,species,0.0074926,Collinsella intestinalis,ERR1090511
273164,species,0.0074926,Pontibacillus marinus,ERR1090511
33987,species,0.0074926,Exiguobacterium aurantiacum,ERR1090511
174709,species,0.0074926,Allobaculum stercoricanis,ERR1090511
232270,species,0.0074926,Effusibacillus pohliae,ERR1090511
671267,species,0.0074926,Bacteroides sartorii,ERR1090511
61171,species,0.0074926,Holdemania filiformis,ERR1090511
376806,species,0.0074926,Bacteroides gallinarum,ERR1090511
1464,species,0.0074926,Paenibacillus larvae,ERR1090511
1455,species,0.0074926,Bacillus badius,ERR1090511
840,species,0.0074926,Prevotella loescheii,ERR1090511
28118,species,0.0074926,Odoribacter splanchnicus,ERR1090511
246787,species,0.0074926,Bacteroides cellulosilyticus,ERR1090511
287,species,0.0074926,Pseudomonas aeruginosa,ERR1090511
197614,species,0.0037463,Streptococcus pasteurianus,ERR1090511
217031,species,0.0037463,Bacillus galactosidilyticus,ERR1090511
112002,species,0.0037463,Psychrobacter pacificensis,ERR1090511
634771,species,0.0037463,Chitinophaga eiseniae,ERR1090511
669462,species,0.0037463,Paenibacillus pinihumi,ERR1090511
626932,species,0.0037463,Alistipes indistinctus,ERR1090511
167964,species,0.0037463,Anaerolinea thermophila,ERR1090511
1038856,species,0.0037463,Planococcus plakortidis,ERR1090511
1465754,species,0.0037463,Alistipes timonensis,ERR1090511
1755610,species,0.0037463,Alistipes sp. MC_19,ERR1090511
28025,species,0.0037463,Bifidobacterium animalis,ERR1090511
155617,species,0.0037463,Enterococcus moraviensis,ERR1090511
1827099,species,0.0037463,Peptoniphilus sp. JCM 8141,ERR1090511
1265,species,0.0037463,Ruminococcus flavefaciens,ERR1090511
316,species,0.0037463,Pseudomonas stutzeri,ERR1090511
77095,species,0.0037463,Prevotella bryantii,ERR1090511
328812,species,0.0037463,Parabacteroides goldsteinii,ERR1090511
305719,species,0.0037463,Prevotella baroniae,ERR1090511
701529,species,0.0037463,Peptoniphilus sp. JCM 8143,ERR1090511
294,species,0.0037463,Pseudomonas fluorescens,ERR1090511
1114067,species,0.0037463,Weissella sp. NBRC 107245,ERR1090511
762210,species,0.0037463,Bifidobacterium saguini,ERR1090511
220684,species,0.0037463,Bacillus drentensis,ERR1090511
28131,species,0.0037463,Prevotella intermedia,ERR1090511
688867,species,0.0037463,Ohtaekwangia koreensis,ERR1090511
863643,species,0.0037463,Thermincola potens,ERR1090511
52229,species,0.0037463,Hallella seregens,ERR1090511
1304,species,0.0037463,Streptococcus salivarius,ERR1090511
1398,species,0.0037463,Bacillus coagulans,ERR1090511
31971,species,0.0037463,[Eubacterium] dolichum,ERR1090511
1553,species,0.0037463,Clostridium tetanomorphum,ERR1090511
78342,species,0.0037463,Bifidobacterium gallicum,ERR1090511
35517,species,0.0037463,[Eubacterium] brachy,ERR1090511
218284,species,0.0037463,Bacillus vietnamensis,ERR1090511
185293,species,0.0037463,Prevotella oryzae,ERR1090511
508460,species,0.0037463,Cloacibacillus evryensis,ERR1090511
28454,species,0.0037463,Sphingobacterium multivorum,ERR1090511
1584,species,0.0037463,Lactobacillus delbrueckii,ERR1090511
863,species,0.0037463,Syntrophomonas wolfei,ERR1090511
392333,species,0.0037463,Geoalkalibacter ferrihydriticus,ERR1090511
309120,species,0.0037463,Dialister micraerophilus,ERR1090511
570161,species,0.0037463,Marinifilum fragile,ERR1090511
119484,species,0.0037463,Syntrophobacter fumaroxidans,ERR1090511
1428,species,0.0037463,Bacillus thuringiensis,ERR1090511
1522,species,0.0037463,[Clostridium] innocuum,ERR1090511
97478,species,0.0037463,Lactobacillus mucosae,ERR1090511
29347,species,0.0037463,[Clostridium] scindens,ERR1090511
37734,species,0.0037463,Enterococcus casseliflavus,ERR1090511
1408,species,0.0037463,Bacillus pumilus,ERR1090511
58172,species,0.0037463,Paenibacillus sp.,ERR1090511
461876,species,0.0037463,Alkaliphilus oremlandii,ERR1090511
28136,species,0.0037463,Prevotella oulorum,ERR1090511
1349,species,0.0037463,Streptococcus uberis,ERR1090511
1311,species,0.0037463,Streptococcus agalactiae,ERR1090511
1646377,species,0.0037463,Rouxiella sp. 323,ERR1090511
1479,species,0.0037463,Bacillus smithii,ERR1090511
371601,species,0.0037463,Bacteroides xylanisolvens,ERR1090511
39482,species,0.0037463,[Eubacterium] contortum,ERR1090511
138595,species,0.0037463,Olsenella profusa,ERR1090511
2057,species,0.0037463,Sphaerobacter thermophilus,ERR1090511
882211,species,0.0037463,Pseudomonas deceptionensis,ERR1090511
123820,species,0.0037463,[Actinobacillus] rossii,ERR1090511
202269,species,0.0037463,bacterium YIM-kkny4,ERR1090511
37692,species,0.0037463,Candidatus Phytoplasma mali,ERR1090511
39492,species,0.0037463,[Eubacterium] siraeum,ERR1090511
376804,species,0.0037463,Bacteroides barnesiae,ERR1090511
1343,species,0.0037463,Streptococcus vestibularis,ERR1090511
61435,species,0.0037463,Dehalococcoides mccartyi,ERR1090511
290055,species,0.0037463,[Eubacterium] fissicatena,ERR1090511
1282,species,0.0037463,Staphylococcus epidermidis,ERR1090511
310298,species,0.0037463,Bacteroides coprocola,ERR1090511
882141,species,0.0037463,Bacillus sp. IHB B 2296,ERR1090511
39488,species,0.0037463,[Eubacterium] hallii,ERR1090511
1260,species,0.0037463,Finegoldia magna,ERR1090511
336261,species,0.0037463,Thermovirga lienii,ERR1090511
486,species,0.0037463,Neisseria lactamica,ERR1090511
589437,species,0.0037463,Prevotella scopos,ERR1090511
741091,species,0.0037463,Rahnella sp. Y9602,ERR1090511
97084,species,0.0037463,Halobacteriovorax marinus,ERR1090511
106588,species,0.0037463,Pseudoflavonifractor capillosus,ERR1090511
52773,species,0.0037463,Actinomyces meyeri,ERR1090511
1336,species,0.0037463,Streptococcus equi,ERR1090511
88431,species,0.0037463,Dorea longicatena,ERR1090511
387090,species,0.0037463,Bacteroides coprophilus,ERR1090511
400390,species,0.0037463,Alkalimonas collagenimarina,ERR1090511
288965,species,0.0037463,[Clostridium] clariflavum,ERR1090511
2374,species,0.0037463,Acetonema longum,ERR1090511
1646,species,0.0037463,Renibacterium salmoninarum,ERR1090511
487698,species,0.0037463,Stenotrophomonas pavanii,ERR1090511
1626,species,0.0037463,Lactobacillus sharpeae,ERR1090511
1267,species,0.0037463,Clostridium ventriculi,ERR1090511
454155,species,0.0037463,Paraprevotella xylaniphila,ERR1090511
-1,species,25.1264,Unknown,ERR1090511
1755626,species,17.8958,Faecalibacterium sp. MC_41,ERR1090654
818,species,3.76683,Bacteroides thetaiotaomicron,ERR1090654
820,species,3.25461,Bacteroides uniformis,ERR1090654
46506,species,2.46589,Bacteroides stercoris,ERR1090654
28111,species,2.45229,Bacteroides eggerthii,ERR1090654
351091,species,1.9854,Oscillibacter valericigenes,ERR1090654
246787,species,1.92194,Bacteroides cellulosilyticus,ERR1090654
28116,species,1.62277,Bacteroides ovatus,ERR1090654
821,species,1.53212,Bacteroides vulgatus,ERR1090654
29370,species,1.40066,[Clostridium] sphenoides,ERR1090654
36847,species,1.378,[Clostridium] neopropionicum,ERR1090654
28117,species,1.27827,Alistipes putredinis,ERR1090654
28446,species,1.21935,[Clostridium] propionicum,ERR1090654
29348,species,1.19668,[Clostridium] spiroforme,ERR1090654
626933,species,1.19215,Odoribacter laneus,ERR1090654
817,species,1.09243,Bacteroides fragilis,ERR1090654
143393,species,0.87938,[Eubacterium] sulci,ERR1090654
40520,species,0.87938,Blautia obeum,ERR1090654
328813,species,0.811387,Alistipes onderdonkii,ERR1090654
187327,species,0.775124,Acidaminococcus intestini,ERR1090654
1264,species,0.580209,Ruminococcus albus,ERR1090654
39485,species,0.562078,[Eubacterium] eligens,ERR1090654
69825,species,0.539413,[Clostridium] indolis,ERR1090654
46503,species,0.489552,Parabacteroides merdae,ERR1090654
169435,species,0.466887,Anaerotruncus colihominis,ERR1090654
301301,species,0.421558,Roseburia hominis,ERR1090654
397865,species,0.380762,Barnesiella viscericola,ERR1090654
44749,species,0.37623,Sporobacter termitidis,ERR1090654
410072,species,0.358098,Coprococcus comes,ERR1090654
1535,species,0.349032,[Clostridium] leptum,ERR1090654
1515,species,0.349032,Ruminiclostridium thermocellum,ERR1090654
823,species,0.349032,Parabacteroides distasonis,ERR1090654
84030,species,0.330901,[Clostridium] saccharolyticum,ERR1090654
437898,species,0.312769,Sutterella parvirubra,ERR1090654
39490,species,0.258375,Eubacterium ramulus,ERR1090654
28118,species,0.249309,Odoribacter splanchnicus,ERR1090654
1465754,species,0.217579,Alistipes timonensis,ERR1090654
208479,species,0.20398,[Clostridium] bolteae,ERR1090654
1532,species,0.20398,Blautia coccoides,ERR1090654
536633,species,0.190381,Blautia glucerasea,ERR1090654
239935,species,0.17225,Akkermansia muciniphila,ERR1090654
52787,species,0.167717,Anaerofilum pentosovorans,ERR1090654
881,species,0.167717,Desulfovibrio vulgaris,ERR1090654
33039,species,0.158651,[Ruminococcus] torques,ERR1090654
1161942,species,0.154118,Ruminococcus champanellensis,ERR1090654
626932,species,0.122388,Alistipes indistinctus,ERR1090654
905,species,0.117855,Acidaminococcus fermentans,ERR1090654
305719,species,0.108789,Prevotella baroniae,ERR1090654
39486,species,0.104256,Dorea formicigenerans,ERR1090654
39484,species,0.0997235,Eubacterium desmolans,ERR1090654
626931,species,0.0997235,Bacteroides oleiciplenus,ERR1090654
341225,species,0.0997235,[Clostridium] saccharogumia,ERR1090654
876,species,0.0951906,Desulfovibrio desulfuricans,ERR1090654
39488,species,0.0906577,[Eubacterium] hallii,ERR1090654
182710,species,0.0725262,Oceanobacillus iheyensis,ERR1090654
29354,species,0.0725262,[Clostridium] celerecrescens,ERR1090654
626937,species,0.0725262,Christensenella minuta,ERR1090654
329854,species,0.0679933,Bacteroides intestinalis,ERR1090654
1755607,species,0.0634604,Bacteroides sp. MC_16,ERR1090654
57706,species,0.0634604,Citrobacter braakii,ERR1090654
33035,species,0.0634604,Blautia producta,ERR1090654
1006,species,0.0634604,Marivirga tractuosa,ERR1090654
328814,species,0.0634604,Alistipes shahii,ERR1090654
29375,species,0.0589275,[Clostridium] xylanolyticum,ERR1090654
28901,species,0.0543946,Salmonella enterica,ERR1090654
1512,species,0.0543946,[Clostridium] symbiosum,ERR1090654
2741,species,0.0543946,Peptococcus niger,ERR1090654
36854,species,0.0453289,Desulfitobacterium dehalogenans,ERR1090654
61171,species,0.0453289,Holdemania filiformis,ERR1090654
36835,species,0.0362631,[Clostridium] colinum,ERR1090654
847,species,0.0362631,Oxalobacter formigenes,ERR1090654
84032,species,0.0362631,[Clostridium] thermosuccinogenes,ERR1090654
882211,species,0.0317302,Pseudomonas deceptionensis,ERR1090654
270498,species,0.0317302,Catabacter hongkongensis,ERR1090654
626930,species,0.0271973,Bacteroides fluxus,ERR1090654
28026,species,0.0271973,Bifidobacterium pseudocatenulatum,ERR1090654
84026,species,0.0271973,[Clostridium] methylpentosum,ERR1090654
2173,species,0.0271973,Methanobrevibacter smithii,ERR1090654
659243,species,0.0271973,Bacillus siamensis,ERR1090654
118967,species,0.0271973,Anaerorhabdus furcosa,ERR1090654
1755629,species,0.0271973,Victivallis sp. MC_44,ERR1090654
61435,species,0.0271973,Dehalococcoides mccartyi,ERR1090654
39492,species,0.0226644,[Eubacterium] siraeum,ERR1090654
106588,species,0.0226644,Pseudoflavonifractor capillosus,ERR1090654
122355,species,0.0181315,Pseudomonas psychrophila,ERR1090654
47678,species,0.0181315,Bacteroides caccae,ERR1090654
33038,species,0.0181315,[Ruminococcus] gnavus,ERR1090654
204516,species,0.0181315,Bacteroides massiliensis,ERR1090654
39493,species,0.0181315,Clostridium tarantellae,ERR1090654
371601,species,0.0181315,Bacteroides xylanisolvens,ERR1090654
1304158,species,0.0181315,Salinisphaera halophila,ERR1090654
33953,species,0.0181315,Clostridium aminobutyricum,ERR1090654
36874,species,0.0181315,Porphyromonas cangingivalis,ERR1090654
166486,species,0.0181315,Roseburia intestinalis,ERR1090654
1544,species,0.0135987,[Clostridium] oroticum,ERR1090654
1311,species,0.0135987,Streptococcus agalactiae,ERR1090654
106648,species,0.0135987,Acinetobacter bereziniae,ERR1090654
550,species,0.0135987,Enterobacter cloacae,ERR1090654
1291540,species,0.0135987,Candidatus Methanomethylophilus alvus,ERR1090654
239974,species,0.0135987,Nocardiopsis valliformis,ERR1090654
167964,species,0.0135987,Anaerolinea thermophila,ERR1090654
358742,species,0.0135987,[Clostridium] aldenense,ERR1090654
1260,species,0.0135987,Finegoldia magna,ERR1090654
137732,species,0.0135987,Granulicatella elegans,ERR1090654
1827099,species,0.0135987,Peptoniphilus sp. JCM 8141,ERR1090654
214856,species,0.0135987,Alistipes finegoldii,ERR1090654
178214,species,0.0135987,Facklamia hominis,ERR1090654
40214,species,0.0135987,Acinetobacter johnsonii,ERR1090654
1223514,species,0.0135987,Corynebacterium humireducens,ERR1090654
358743,species,0.0135987,[Clostridium] citroniae,ERR1090654
502558,species,0.00906577,Eggerthella sp. YY7918,ERR1090654
1267,species,0.00906577,Clostridium ventriculi,ERR1090654
885581,species,0.00906577,Desulfosporosinus acidiphilus,ERR1090654
180164,species,0.00906577,Blautia schinkii,ERR1090654
168384,species,0.00906577,Marvinbryantia formatexigens,ERR1090654
163202,species,0.00906577,Corynebacterium appendicis,ERR1090654
102134,species,0.00906577,Desulfotomaculum gibsoniae,ERR1090654
650643,species,0.00906577,Alistipes sp. RMA 9912,ERR1090654
1510,species,0.00906577,[Clostridium] stercorarium,ERR1090654
118748,species,0.00906577,Bulleidia extructa,ERR1090654
29347,species,0.00906577,[Clostridium] scindens,ERR1090654
28125,species,0.00906577,Prevotella bivia,ERR1090654
165179,species,0.00906577,Prevotella copri,ERR1090654
1502,species,0.00906577,Clostridium perfringens,ERR1090654
33032,species,0.00906577,Anaerococcus lactolyticus,ERR1090654
871325,species,0.00906577,Bacteroides faecichinchillae,ERR1090654
907,species,0.00906577,Megasphaera elsdenii,ERR1090654
1859291,species,0.00906577,Corynebacterium sp. YIM 101587,ERR1090654
83661,species,0.00906577,Desulfonispora thiosulfatigenes,ERR1090654
1482,species,0.00906577,Virgibacillus halodenitrificans,ERR1090654
34103,species,0.00906577,Sphaerotilus natans,ERR1090654
546,species,0.00906577,Citrobacter freundii,ERR1090654
43675,species,0.00906577,Rothia mucilaginosa,ERR1090654
29389,species,0.00906577,Streptococcus alactolyticus,ERR1090654
1308,species,0.00906577,Streptococcus thermophilus,ERR1090654
133453,species,0.00906577,Caldilinea aerophila,ERR1090654
86332,species,0.00906577,Mogibacterium pumilum,ERR1090654
1382,species,0.00906577,Atopobium parvulum,ERR1090654
839,species,0.00453289,Prevotella ruminicola,ERR1090654
234828,species,0.00453289,Corynebacterium caspium,ERR1090654
36849,species,0.00453289,Oxobacter pfennigii,ERR1090654
423605,species,0.00453289,Elusimicrobium minutum,ERR1090654
1349,species,0.00453289,Streptococcus uberis,ERR1090654
33051,species,0.00453289,Sphingomonas sanguinis,ERR1090654
35517,species,0.00453289,[Eubacterium] brachy,ERR1090654
564835,species,0.00453289,Pedobacter koreensis,ERR1090654
316,species,0.00453289,Pseudomonas stutzeri,ERR1090654
197345,species,0.00453289,Psychroflexus tropicus,ERR1090654
585,species,0.00453289,Proteus vulgaris,ERR1090654
290053,species,0.00453289,Bacteroides helcogenes,ERR1090654
310297,species,0.00453289,Bacteroides plebeius,ERR1090654
364039,species,0.00453289,Azohydromonas australica,ERR1090654
1724,species,0.00453289,Corynebacterium renale,ERR1090654
202952,species,0.00453289,Acinetobacter gerneri,ERR1090654
291645,species,0.00453289,Bacteroides nordii,ERR1090654
562,species,0.00453289,Escherichia coli,ERR1090654
290055,species,0.00453289,[Eubacterium] fissicatena,ERR1090654
253,species,0.00453289,Chryseobacterium indologenes,ERR1090654
1736,species,0.00453289,Eubacterium limosum,ERR1090654
35785,species,0.00453289,Clostridium maximum,ERR1090654
33034,species,0.00453289,Anaerococcus prevotii,ERR1090654
1685,species,0.00453289,Bifidobacterium breve,ERR1090654
46206,species,0.00453289,Pseudobutyrivibrio ruminis,ERR1090654
626935,species,0.00453289,Collinsella tanakaei,ERR1090654
1379,species,0.00453289,Gemella haemolysans,ERR1090654
29552,species,0.00453289,Acholeplasma axanthum,ERR1090654
312279,species,0.00453289,Emticicia oligotrophica,ERR1090654
314275,species,0.00453289,Alteromonas mediterranea,ERR1090654
225991,species,0.00453289,Comamonas aquatica,ERR1090654
214853,species,0.00453289,Anaerofustis stercorihominis,ERR1090654
387661,species,0.00453289,Parabacteroides johnsonii,ERR1090654
552810,species,0.00453289,Dehalogenimonas lykanthroporepellens,ERR1090654
871324,species,0.00453289,Bacteroides stercorirosoris,ERR1090654
1071880,species,0.00453289,Sphingobacterium sp. CCBAU 10953,ERR1090654
1303,species,0.00453289,Streptococcus oralis,ERR1090654
1671366,species,0.00453289,Ruminococcus sp. DSM 100440,ERR1090654
28091,species,0.00453289,Neisseria weaveri,ERR1090654
252,species,0.00453289,Halomonas halmophila,ERR1090654
1307,species,0.00453289,Streptococcus suis,ERR1090654
13689,species,0.00453289,Sphingomonas paucimobilis,ERR1090654
330920,species,0.00453289,Sphingomonas azotifigens,ERR1090654
191493,species,0.00453289,Corynebacterium sphenisci,ERR1090654
529,species,0.00453289,Ochrobactrum anthropi,ERR1090654
216816,species,0.00453289,Bifidobacterium longum,ERR1090654
90736,species,0.00453289,Moritella marina,ERR1090654
216946,species,0.00453289,Spiroplasma turonicum,ERR1090654
584,species,0.00453289,Proteus mirabilis,ERR1090654
649724,species,0.00453289,Clostridium sp. ATCC BAA-442,ERR1090654
40324,species,0.00453289,Stenotrophomonas maltophilia,ERR1090654
28135,species,0.00453289,Prevotella oris,ERR1090654
45851,species,0.00453289,Butyrivibrio crossotus,ERR1090654
47246,species,0.00453289,[Clostridium] viride,ERR1090654
1393,species,0.00453289,Brevibacillus brevis,ERR1090654
376804,species,0.00453289,Bacteroides barnesiae,ERR1090654
487698,species,0.00453289,Stenotrophomonas pavanii,ERR1090654
427918,species,0.00453289,Nitriliruptor alkaliphilus,ERR1090654
33043,species,0.00453289,Coprococcus eutactus,ERR1090654
136857,species,0.00453289,Corynebacterium testudinoris,ERR1090654
137730,species,0.00453289,Facklamia ignava,ERR1090654
645466,species,0.00453289,Anaerostipes butyraticus,ERR1090654
28119,species,0.00453289,Bacteroides zoogleoformans,ERR1090654
100176,species,0.00453289,Papillibacter cinnamivorans,ERR1090654
158849,species,0.00453289,Moellerella wisconsensis,ERR1090654
69824,species,0.00453289,[Clostridium] cocleatum,ERR1090654
291644,species,0.00453289,Bacteroides salyersiae,ERR1090654
152480,species,0.00453289,Burkholderia ambifaria,ERR1090654
68274,species,0.00453289,Streptomyces tauricus,ERR1090654
1428,species,0.00453289,Bacillus thuringiensis,ERR1090654
1328,species,0.00453289,Streptococcus anginosus,ERR1090654
1404,species,0.00453289,Bacillus megaterium,ERR1090654
701529,species,0.00453289,Peptoniphilus sp. JCM 8143,ERR1090654
28127,species,0.00453289,Prevotella buccalis,ERR1090654
1522,species,0.00453289,[Clostridium] innocuum,ERR1090654
61016,species,0.00453289,Virgibacillus salexigens,ERR1090654
66219,species,0.00453289,Lachnoclostridium phytofermentans,ERR1090654
-1,species,39.699,Unknown,ERR1090654
1755626,species,17.8958,Faecalibacterium sp. MC_41,ERR1090654
818,species,3.76683,Bacteroides thetaiotaomicron,ERR1090654
820,species,3.25461,Bacteroides uniformis,ERR1090654
46506,species,2.46589,Bacteroides stercoris,ERR1090654
28111,species,2.45229,Bacteroides eggerthii,ERR1090654
351091,species,1.9854,Oscillibacter valericigenes,ERR1090654
246787,species,1.92194,Bacteroides cellulosilyticus,ERR1090654
28116,species,1.62277,Bacteroides ovatus,ERR1090654
821,species,1.53212,Bacteroides vulgatus,ERR1090654
29370,species,1.40066,[Clostridium] sphenoides,ERR1090654
36847,species,1.378,[Clostridium] neopropionicum,ERR1090654
28117,species,1.27827,Alistipes putredinis,ERR1090654
28446,species,1.21935,[Clostridium] propionicum,ERR1090654
29348,species,1.19668,[Clostridium] spiroforme,ERR1090654
626933,species,1.19215,Odoribacter laneus,ERR1090654
817,species,1.09243,Bacteroides fragilis,ERR1090654
143393,species,0.87938,[Eubacterium] sulci,ERR1090654
40520,species,0.87938,Blautia obeum,ERR1090654
328813,species,0.811387,Alistipes onderdonkii,ERR1090654
187327,species,0.775124,Acidaminococcus intestini,ERR1090654
1264,species,0.580209,Ruminococcus albus,ERR1090654
39485,species,0.562078,[Eubacterium] eligens,ERR1090654
69825,species,0.539413,[Clostridium] indolis,ERR1090654
46503,species,0.489552,Parabacteroides merdae,ERR1090654
169435,species,0.466887,Anaerotruncus colihominis,ERR1090654
301301,species,0.421558,Roseburia hominis,ERR1090654
397865,species,0.380762,Barnesiella viscericola,ERR1090654
44749,species,0.37623,Sporobacter termitidis,ERR1090654
410072,species,0.358098,Coprococcus comes,ERR1090654
1535,species,0.349032,[Clostridium] leptum,ERR1090654
1515,species,0.349032,Ruminiclostridium thermocellum,ERR1090654
823,species,0.349032,Parabacteroides distasonis,ERR1090654
84030,species,0.330901,[Clostridium] saccharolyticum,ERR1090654
437898,species,0.312769,Sutterella parvirubra,ERR1090654
39490,species,0.258375,Eubacterium ramulus,ERR1090654
28118,species,0.249309,Odoribacter splanchnicus,ERR1090654
1465754,species,0.217579,Alistipes timonensis,ERR1090654
208479,species,0.20398,[Clostridium] bolteae,ERR1090654
1532,species,0.20398,Blautia coccoides,ERR1090654
536633,species,0.190381,Blautia glucerasea,ERR1090654
239935,species,0.17225,Akkermansia muciniphila,ERR1090654
881,species,0.167717,Desulfovibrio vulgaris,ERR1090654
52787,species,0.167717,Anaerofilum pentosovorans,ERR1090654
33039,species,0.158651,[Ruminococcus] torques,ERR1090654
1161942,species,0.154118,Ruminococcus champanellensis,ERR1090654
626932,species,0.122388,Alistipes indistinctus,ERR1090654
905,species,0.117855,Acidaminococcus fermentans,ERR1090654
305719,species,0.108789,Prevotella baroniae,ERR1090654
39486,species,0.104256,Dorea formicigenerans,ERR1090654
39484,species,0.0997235,Eubacterium desmolans,ERR1090654
626931,species,0.0997235,Bacteroides oleiciplenus,ERR1090654
341225,species,0.0997235,[Clostridium] saccharogumia,ERR1090654
876,species,0.0951906,Desulfovibrio desulfuricans,ERR1090654
39488,species,0.0906577,[Eubacterium] hallii,ERR1090654
182710,species,0.0725262,Oceanobacillus iheyensis,ERR1090654
29354,species,0.0725262,[Clostridium] celerecrescens,ERR1090654
626937,species,0.0725262,Christensenella minuta,ERR1090654
329854,species,0.0679933,Bacteroides intestinalis,ERR1090654
57706,species,0.0634604,Citrobacter braakii,ERR1090654
33035,species,0.0634604,Blautia producta,ERR1090654
1006,species,0.0634604,Marivirga tractuosa,ERR1090654
328814,species,0.0634604,Alistipes shahii,ERR1090654
1755607,species,0.0634604,Bacteroides sp. MC_16,ERR1090654
29375,species,0.0589275,[Clostridium] xylanolyticum,ERR1090654
28901,species,0.0543946,Salmonella enterica,ERR1090654
1512,species,0.0543946,[Clostridium] symbiosum,ERR1090654
2741,species,0.0543946,Peptococcus niger,ERR1090654
36854,species,0.0453289,Desulfitobacterium dehalogenans,ERR1090654
61171,species,0.0453289,Holdemania filiformis,ERR1090654
36835,species,0.0362631,[Clostridium] colinum,ERR1090654
84032,species,0.0362631,[Clostridium] thermosuccinogenes,ERR1090654
847,species,0.0362631,Oxalobacter formigenes,ERR1090654
882211,species,0.0317302,Pseudomonas deceptionensis,ERR1090654
270498,species,0.0317302,Catabacter hongkongensis,ERR1090654
626930,species,0.0271973,Bacteroides fluxus,ERR1090654
28026,species,0.0271973,Bifidobacterium pseudocatenulatum,ERR1090654
84026,species,0.0271973,[Clostridium] methylpentosum,ERR1090654
659243,species,0.0271973,Bacillus siamensis,ERR1090654
2173,species,0.0271973,Methanobrevibacter smithii,ERR1090654
1755629,species,0.0271973,Victivallis sp. MC_44,ERR1090654
118967,species,0.0271973,Anaerorhabdus furcosa,ERR1090654
61435,species,0.0271973,Dehalococcoides mccartyi,ERR1090654
39492,species,0.0226644,[Eubacterium] siraeum,ERR1090654
106588,species,0.0226644,Pseudoflavonifractor capillosus,ERR1090654
122355,species,0.0181315,Pseudomonas psychrophila,ERR1090654
47678,species,0.0181315,Bacteroides caccae,ERR1090654
33038,species,0.0181315,[Ruminococcus] gnavus,ERR1090654
204516,species,0.0181315,Bacteroides massiliensis,ERR1090654
39493,species,0.0181315,Clostridium tarantellae,ERR1090654
371601,species,0.0181315,Bacteroides xylanisolvens,ERR1090654
1304158,species,0.0181315,Salinisphaera halophila,ERR1090654
33953,species,0.0181315,Clostridium aminobutyricum,ERR1090654
166486,species,0.0181315,Roseburia intestinalis,ERR1090654
36874,species,0.0181315,Porphyromonas cangingivalis,ERR1090654
1311,species,0.0135987,Streptococcus agalactiae,ERR1090654
1544,species,0.0135987,[Clostridium] oroticum,ERR1090654
106648,species,0.0135987,Acinetobacter bereziniae,ERR1090654
550,species,0.0135987,Enterobacter cloacae,ERR1090654
1291540,species,0.0135987,Candidatus Methanomethylophilus alvus,ERR1090654
239974,species,0.0135987,Nocardiopsis valliformis,ERR1090654
167964,species,0.0135987,Anaerolinea thermophila,ERR1090654
358742,species,0.0135987,[Clostridium] aldenense,ERR1090654
1260,species,0.0135987,Finegoldia magna,ERR1090654
137732,species,0.0135987,Granulicatella elegans,ERR1090654
1827099,species,0.0135987,Peptoniphilus sp. JCM 8141,ERR1090654
214856,species,0.0135987,Alistipes finegoldii,ERR1090654
178214,species,0.0135987,Facklamia hominis,ERR1090654
40214,species,0.0135987,Acinetobacter johnsonii,ERR1090654
1223514,species,0.0135987,Corynebacterium humireducens,ERR1090654
358743,species,0.0135987,[Clostridium] citroniae,ERR1090654
180164,species,0.00906577,Blautia schinkii,ERR1090654
168384,species,0.00906577,Marvinbryantia formatexigens,ERR1090654
163202,species,0.00906577,Corynebacterium appendicis,ERR1090654
102134,species,0.00906577,Desulfotomaculum gibsoniae,ERR1090654
650643,species,0.00906577,Alistipes sp. RMA 9912,ERR1090654
1510,species,0.00906577,[Clostridium] stercorarium,ERR1090654
118748,species,0.00906577,Bulleidia extructa,ERR1090654
29347,species,0.00906577,[Clostridium] scindens,ERR1090654
165179,species,0.00906577,Prevotella copri,ERR1090654
1502,species,0.00906577,Clostridium perfringens,ERR1090654
33032,species,0.00906577,Anaerococcus lactolyticus,ERR1090654
28125,species,0.00906577,Prevotella bivia,ERR1090654
871325,species,0.00906577,Bacteroides faecichinchillae,ERR1090654
907,species,0.00906577,Megasphaera elsdenii,ERR1090654
1859291,species,0.00906577,Corynebacterium sp. YIM 101587,ERR1090654
83661,species,0.00906577,Desulfonispora thiosulfatigenes,ERR1090654
1482,species,0.00906577,Virgibacillus halodenitrificans,ERR1090654
34103,species,0.00906577,Sphaerotilus natans,ERR1090654
546,species,0.00906577,Citrobacter freundii,ERR1090654
43675,species,0.00906577,Rothia mucilaginosa,ERR1090654
29389,species,0.00906577,Streptococcus alactolyticus,ERR1090654
1308,species,0.00906577,Streptococcus thermophilus,ERR1090654
133453,species,0.00906577,Caldilinea aerophila,ERR1090654
86332,species,0.00906577,Mogibacterium pumilum,ERR1090654
1382,species,0.00906577,Atopobium parvulum,ERR1090654
1267,species,0.00906577,Clostridium ventriculi,ERR1090654
885581,species,0.00906577,Desulfosporosinus acidiphilus,ERR1090654
502558,species,0.00906577,Eggerthella sp. YY7918,ERR1090654
316,species,0.00453289,Pseudomonas stutzeri,ERR1090654
197345,species,0.00453289,Psychroflexus tropicus,ERR1090654
585,species,0.00453289,Proteus vulgaris,ERR1090654
564835,species,0.00453289,Pedobacter koreensis,ERR1090654
310297,species,0.00453289,Bacteroides plebeius,ERR1090654
364039,species,0.00453289,Azohydromonas australica,ERR1090654
290053,species,0.00453289,Bacteroides helcogenes,ERR1090654
202952,species,0.00453289,Acinetobacter gerneri,ERR1090654
291645,species,0.00453289,Bacteroides nordii,ERR1090654
562,species,0.00453289,Escherichia coli,ERR1090654
290055,species,0.00453289,[Eubacterium] fissicatena,ERR1090654
253,species,0.00453289,Chryseobacterium indologenes,ERR1090654
1724,species,0.00453289,Corynebacterium renale,ERR1090654
35785,species,0.00453289,Clostridium maximum,ERR1090654
33034,species,0.00453289,Anaerococcus prevotii,ERR1090654
1685,species,0.00453289,Bifidobacterium breve,ERR1090654
1736,species,0.00453289,Eubacterium limosum,ERR1090654
626935,species,0.00453289,Collinsella tanakaei,ERR1090654
1379,species,0.00453289,Gemella haemolysans,ERR1090654
29552,species,0.00453289,Acholeplasma axanthum,ERR1090654
312279,species,0.00453289,Emticicia oligotrophica,ERR1090654
314275,species,0.00453289,Alteromonas mediterranea,ERR1090654
225991,species,0.00453289,Comamonas aquatica,ERR1090654
214853,species,0.00453289,Anaerofustis stercorihominis,ERR1090654
46206,species,0.00453289,Pseudobutyrivibrio ruminis,ERR1090654
387661,species,0.00453289,Parabacteroides johnsonii,ERR1090654
552810,species,0.00453289,Dehalogenimonas lykanthroporepellens,ERR1090654
871324,species,0.00453289,Bacteroides stercorirosoris,ERR1090654
1071880,species,0.00453289,Sphingobacterium sp. CCBAU 10953,ERR1090654
1303,species,0.00453289,Streptococcus oralis,ERR1090654
1671366,species,0.00453289,Ruminococcus sp. DSM 100440,ERR1090654
252,species,0.00453289,Halomonas halmophila,ERR1090654
1307,species,0.00453289,Streptococcus suis,ERR1090654
28091,species,0.00453289,Neisseria weaveri,ERR1090654
13689,species,0.00453289,Sphingomonas paucimobilis,ERR1090654
330920,species,0.00453289,Sphingomonas azotifigens,ERR1090654
191493,species,0.00453289,Corynebacterium sphenisci,ERR1090654
529,species,0.00453289,Ochrobactrum anthropi,ERR1090654
216816,species,0.00453289,Bifidobacterium longum,ERR1090654
584,species,0.00453289,Proteus mirabilis,ERR1090654
649724,species,0.00453289,Clostridium sp. ATCC BAA-442,ERR1090654
40324,species,0.00453289,Stenotrophomonas maltophilia,ERR1090654
28135,species,0.00453289,Prevotella oris,ERR1090654
90736,species,0.00453289,Moritella marina,ERR1090654
216946,species,0.00453289,Spiroplasma turonicum,ERR1090654
45851,species,0.00453289,Butyrivibrio crossotus,ERR1090654
47246,species,0.00453289,[Clostridium] viride,ERR1090654
1393,species,0.00453289,Brevibacillus brevis,ERR1090654
376804,species,0.00453289,Bacteroides barnesiae,ERR1090654
427918,species,0.00453289,Nitriliruptor alkaliphilus,ERR1090654
33043,species,0.00453289,Coprococcus eutactus,ERR1090654
136857,species,0.00453289,Corynebacterium testudinoris,ERR1090654
137730,species,0.00453289,Facklamia ignava,ERR1090654
645466,species,0.00453289,Anaerostipes butyraticus,ERR1090654
487698,species,0.00453289,Stenotrophomonas pavanii,ERR1090654
100176,species,0.00453289,Papillibacter cinnamivorans,ERR1090654
158849,species,0.00453289,Moellerella wisconsensis,ERR1090654
69824,species,0.00453289,[Clostridium] cocleatum,ERR1090654
28119,species,0.00453289,Bacteroides zoogleoformans,ERR1090654
152480,species,0.00453289,Burkholderia ambifaria,ERR1090654
68274,species,0.00453289,Streptomyces tauricus,ERR1090654
1428,species,0.00453289,Bacillus thuringiensis,ERR1090654
1328,species,0.00453289,Streptococcus anginosus,ERR1090654
291644,species,0.00453289,Bacteroides salyersiae,ERR1090654
701529,species,0.00453289,Peptoniphilus sp. JCM 8143,ERR1090654
28127,species,0.00453289,Prevotella buccalis,ERR1090654
1522,species,0.00453289,[Clostridium] innocuum,ERR1090654
61016,species,0.00453289,Virgibacillus salexigens,ERR1090654
66219,species,0.00453289,Lachnoclostridium phytofermentans,ERR1090654
1404,species,0.00453289,Bacillus megaterium,ERR1090654
234828,species,0.00453289,Corynebacterium caspium,ERR1090654
36849,species,0.00453289,Oxobacter pfennigii,ERR1090654
423605,species,0.00453289,Elusimicrobium minutum,ERR1090654
1349,species,0.00453289,Streptococcus uberis,ERR1090654
33051,species,0.00453289,Sphingomonas sanguinis,ERR1090654
35517,species,0.00453289,[Eubacterium] brachy,ERR1090654
839,species,0.00453289,Prevotella ruminicola,ERR1090654
-1,species,39.699,Unknown,ERR1090654
1755626,species,17.8958,Faecalibacterium sp. MC_41,ERR1090654
818,species,3.76683,Bacteroides thetaiotaomicron,ERR1090654
820,species,3.25461,Bacteroides uniformis,ERR1090654
46506,species,2.46589,Bacteroides stercoris,ERR1090654
28111,species,2.45229,Bacteroides eggerthii,ERR1090654
351091,species,1.9854,Oscillibacter valericigenes,ERR1090654
246787,species,1.92194,Bacteroides cellulosilyticus,ERR1090654
28116,species,1.62277,Bacteroides ovatus,ERR1090654
821,species,1.53212,Bacteroides vulgatus,ERR1090654
29370,species,1.40066,[Clostridium] sphenoides,ERR1090654
36847,species,1.378,[Clostridium] neopropionicum,ERR1090654
28117,species,1.27827,Alistipes putredinis,ERR1090654
28446,species,1.21935,[Clostridium] propionicum,ERR1090654
29348,species,1.19668,[Clostridium] spiroforme,ERR1090654
626933,species,1.19215,Odoribacter laneus,ERR1090654
817,species,1.09243,Bacteroides fragilis,ERR1090654
143393,species,0.87938,[Eubacterium] sulci,ERR1090654
40520,species,0.87938,Blautia obeum,ERR1090654
328813,species,0.811387,Alistipes onderdonkii,ERR1090654
187327,species,0.775124,Acidaminococcus intestini,ERR1090654
1264,species,0.580209,Ruminococcus albus,ERR1090654
39485,species,0.562078,[Eubacterium] eligens,ERR1090654
69825,species,0.539413,[Clostridium] indolis,ERR1090654
46503,species,0.489552,Parabacteroides merdae,ERR1090654
169435,species,0.466887,Anaerotruncus colihominis,ERR1090654
301301,species,0.421558,Roseburia hominis,ERR1090654
397865,species,0.380762,Barnesiella viscericola,ERR1090654
44749,species,0.37623,Sporobacter termitidis,ERR1090654
410072,species,0.358098,Coprococcus comes,ERR1090654
1535,species,0.349032,[Clostridium] leptum,ERR1090654
1515,species,0.349032,Ruminiclostridium thermocellum,ERR1090654
823,species,0.349032,Parabacteroides distasonis,ERR1090654
84030,species,0.330901,[Clostridium] saccharolyticum,ERR1090654
437898,species,0.312769,Sutterella parvirubra,ERR1090654
39490,species,0.258375,Eubacterium ramulus,ERR1090654
28118,species,0.249309,Odoribacter splanchnicus,ERR1090654
1465754,species,0.217579,Alistipes timonensis,ERR1090654
208479,species,0.20398,[Clostridium] bolteae,ERR1090654
1532,species,0.20398,Blautia coccoides,ERR1090654
536633,species,0.190381,Blautia glucerasea,ERR1090654
239935,species,0.17225,Akkermansia muciniphila,ERR1090654
881,species,0.167717,Desulfovibrio vulgaris,ERR1090654
52787,species,0.167717,Anaerofilum pentosovorans,ERR1090654
33039,species,0.158651,[Ruminococcus] torques,ERR1090654
1161942,species,0.154118,Ruminococcus champanellensis,ERR1090654
626932,species,0.122388,Alistipes indistinctus,ERR1090654
905,species,0.117855,Acidaminococcus fermentans,ERR1090654
305719,species,0.108789,Prevotella baroniae,ERR1090654
39486,species,0.104256,Dorea formicigenerans,ERR1090654
39484,species,0.0997235,Eubacterium desmolans,ERR1090654
626931,species,0.0997235,Bacteroides oleiciplenus,ERR1090654
341225,species,0.0997235,[Clostridium] saccharogumia,ERR1090654
876,species,0.0951906,Desulfovibrio desulfuricans,ERR1090654
39488,species,0.0906577,[Eubacterium] hallii,ERR1090654
29354,species,0.0725262,[Clostridium] celerecrescens,ERR1090654
626937,species,0.0725262,Christensenella minuta,ERR1090654
182710,species,0.0725262,Oceanobacillus iheyensis,ERR1090654
329854,species,0.0679933,Bacteroides intestinalis,ERR1090654
57706,species,0.0634604,Citrobacter braakii,ERR1090654
33035,species,0.0634604,Blautia producta,ERR1090654
1006,species,0.0634604,Marivirga tractuosa,ERR1090654
328814,species,0.0634604,Alistipes shahii,ERR1090654
1755607,species,0.0634604,Bacteroides sp. MC_16,ERR1090654
29375,species,0.0589275,[Clostridium] xylanolyticum,ERR1090654
28901,species,0.0543946,Salmonella enterica,ERR1090654
1512,species,0.0543946,[Clostridium] symbiosum,ERR1090654
2741,species,0.0543946,Peptococcus niger,ERR1090654
36854,species,0.0453289,Desulfitobacterium dehalogenans,ERR1090654
61171,species,0.0453289,Holdemania filiformis,ERR1090654
36835,species,0.0362631,[Clostridium] colinum,ERR1090654
847,species,0.0362631,Oxalobacter formigenes,ERR1090654
84032,species,0.0362631,[Clostridium] thermosuccinogenes,ERR1090654
270498,species,0.0317302,Catabacter hongkongensis,ERR1090654
882211,species,0.0317302,Pseudomonas deceptionensis,ERR1090654
626930,species,0.0271973,Bacteroides fluxus,ERR1090654
28026,species,0.0271973,Bifidobacterium pseudocatenulatum,ERR1090654
84026,species,0.0271973,[Clostridium] methylpentosum,ERR1090654
2173,species,0.0271973,Methanobrevibacter smithii,ERR1090654
659243,species,0.0271973,Bacillus siamensis,ERR1090654
118967,species,0.0271973,Anaerorhabdus furcosa,ERR1090654
1755629,species,0.0271973,Victivallis sp. MC_44,ERR1090654
61435,species,0.0271973,Dehalococcoides mccartyi,ERR1090654
39492,species,0.0226644,[Eubacterium] siraeum,ERR1090654
106588,species,0.0226644,Pseudoflavonifractor capillosus,ERR1090654
122355,species,0.0181315,Pseudomonas psychrophila,ERR1090654
47678,species,0.0181315,Bacteroides caccae,ERR1090654
33038,species,0.0181315,[Ruminococcus] gnavus,ERR1090654
204516,species,0.0181315,Bacteroides massiliensis,ERR1090654
39493,species,0.0181315,Clostridium tarantellae,ERR1090654
371601,species,0.0181315,Bacteroides xylanisolvens,ERR1090654
1304158,species,0.0181315,Salinisphaera halophila,ERR1090654
33953,species,0.0181315,Clostridium aminobutyricum,ERR1090654
36874,species,0.0181315,Porphyromonas cangingivalis,ERR1090654
166486,species,0.0181315,Roseburia intestinalis,ERR1090654
106648,species,0.0135987,Acinetobacter bereziniae,ERR1090654
550,species,0.0135987,Enterobacter cloacae,ERR1090654
1291540,species,0.0135987,Candidatus Methanomethylophilus alvus,ERR1090654
239974,species,0.0135987,Nocardiopsis valliformis,ERR1090654
358742,species,0.0135987,[Clostridium] aldenense,ERR1090654
167964,species,0.0135987,Anaerolinea thermophila,ERR1090654
1260,species,0.0135987,Finegoldia magna,ERR1090654
137732,species,0.0135987,Granulicatella elegans,ERR1090654
1827099,species,0.0135987,Peptoniphilus sp. JCM 8141,ERR1090654
214856,species,0.0135987,Alistipes finegoldii,ERR1090654
178214,species,0.0135987,Facklamia hominis,ERR1090654
40214,species,0.0135987,Acinetobacter johnsonii,ERR1090654
1223514,species,0.0135987,Corynebacterium humireducens,ERR1090654
358743,species,0.0135987,[Clostridium] citroniae,ERR1090654
1544,species,0.0135987,[Clostridium] oroticum,ERR1090654
1311,species,0.0135987,Streptococcus agalactiae,ERR1090654
180164,species,0.00906577,Blautia schinkii,ERR1090654
650643,species,0.00906577,Alistipes sp. RMA 9912,ERR1090654
168384,species,0.00906577,Marvinbryantia formatexigens,ERR1090654
163202,species,0.00906577,Corynebacterium appendicis,ERR1090654
102134,species,0.00906577,Desulfotomaculum gibsoniae,ERR1090654
118748,species,0.00906577,Bulleidia extructa,ERR1090654
1510,species,0.00906577,[Clostridium] stercorarium,ERR1090654
29347,species,0.00906577,[Clostridium] scindens,ERR1090654
33032,species,0.00906577,Anaerococcus lactolyticus,ERR1090654
28125,species,0.00906577,Prevotella bivia,ERR1090654
165179,species,0.00906577,Prevotella copri,ERR1090654
1502,species,0.00906577,Clostridium perfringens,ERR1090654
1859291,species,0.00906577,Corynebacterium sp. YIM 101587,ERR1090654
871325,species,0.00906577,Bacteroides faecichinchillae,ERR1090654
907,species,0.00906577,Megasphaera elsdenii,ERR1090654
34103,species,0.00906577,Sphaerotilus natans,ERR1090654
83661,species,0.00906577,Desulfonispora thiosulfatigenes,ERR1090654
1482,species,0.00906577,Virgibacillus halodenitrificans,ERR1090654
546,species,0.00906577,Citrobacter freundii,ERR1090654
43675,species,0.00906577,Rothia mucilaginosa,ERR1090654
29389,species,0.00906577,Streptococcus alactolyticus,ERR1090654
1308,species,0.00906577,Streptococcus thermophilus,ERR1090654
86332,species,0.00906577,Mogibacterium pumilum,ERR1090654
133453,species,0.00906577,Caldilinea aerophila,ERR1090654
1382,species,0.00906577,Atopobium parvulum,ERR1090654
885581,species,0.00906577,Desulfosporosinus acidiphilus,ERR1090654
502558,species,0.00906577,Eggerthella sp. YY7918,ERR1090654
1267,species,0.00906577,Clostridium ventriculi,ERR1090654
290053,species,0.00453289,Bacteroides helcogenes,ERR1090654
310297,species,0.00453289,Bacteroides plebeius,ERR1090654
364039,species,0.00453289,Azohydromonas australica,ERR1090654
1724,species,0.00453289,Corynebacterium renale,ERR1090654
202952,species,0.00453289,Acinetobacter gerneri,ERR1090654
291645,species,0.00453289,Bacteroides nordii,ERR1090654
562,species,0.00453289,Escherichia coli,ERR1090654
290055,species,0.00453289,[Eubacterium] fissicatena,ERR1090654
253,species,0.00453289,Chryseobacterium indologenes,ERR1090654
1736,species,0.00453289,Eubacterium limosum,ERR1090654
35785,species,0.00453289,Clostridium maximum,ERR1090654
33034,species,0.00453289,Anaerococcus prevotii,ERR1090654
1685,species,0.00453289,Bifidobacterium breve,ERR1090654
46206,species,0.00453289,Pseudobutyrivibrio ruminis,ERR1090654
626935,species,0.00453289,Collinsella tanakaei,ERR1090654
1379,species,0.00453289,Gemella haemolysans,ERR1090654
29552,species,0.00453289,Acholeplasma axanthum,ERR1090654
312279,species,0.00453289,Emticicia oligotrophica,ERR1090654
314275,species,0.00453289,Alteromonas mediterranea,ERR1090654
225991,species,0.00453289,Comamonas aquatica,ERR1090654
214853,species,0.00453289,Anaerofustis stercorihominis,ERR1090654
387661,species,0.00453289,Parabacteroides johnsonii,ERR1090654
552810,species,0.00453289,Dehalogenimonas lykanthroporepellens,ERR1090654
871324,species,0.00453289,Bacteroides stercorirosoris,ERR1090654
1071880,species,0.00453289,Sphingobacterium sp. CCBAU 10953,ERR1090654
1303,species,0.00453289,Streptococcus oralis,ERR1090654
1671366,species,0.00453289,Ruminococcus sp. DSM 100440,ERR1090654
28091,species,0.00453289,Neisseria weaveri,ERR1090654
252,species,0.00453289,Halomonas halmophila,ERR1090654
1307,species,0.00453289,Streptococcus suis,ERR1090654
13689,species,0.00453289,Sphingomonas paucimobilis,ERR1090654
330920,species,0.00453289,Sphingomonas azotifigens,ERR1090654
191493,species,0.00453289,Corynebacterium sphenisci,ERR1090654
529,species,0.00453289,Ochrobactrum anthropi,ERR1090654
216816,species,0.00453289,Bifidobacterium longum,ERR1090654
90736,species,0.00453289,Moritella marina,ERR1090654
216946,species,0.00453289,Spiroplasma turonicum,ERR1090654
584,species,0.00453289,Proteus mirabilis,ERR1090654
649724,species,0.00453289,Clostridium sp. ATCC BAA-442,ERR1090654
40324,species,0.00453289,Stenotrophomonas maltophilia,ERR1090654
28135,species,0.00453289,Prevotella oris,ERR1090654
45851,species,0.00453289,Butyrivibrio crossotus,ERR1090654
47246,species,0.00453289,[Clostridium] viride,ERR1090654
376804,species,0.00453289,Bacteroides barnesiae,ERR1090654
1393,species,0.00453289,Brevibacillus brevis,ERR1090654
487698,species,0.00453289,Stenotrophomonas pavanii,ERR1090654
427918,species,0.00453289,Nitriliruptor alkaliphilus,ERR1090654
33043,species,0.00453289,Coprococcus eutactus,ERR1090654
136857,species,0.00453289,Corynebacterium testudinoris,ERR1090654
137730,species,0.00453289,Facklamia ignava,ERR1090654
645466,species,0.00453289,Anaerostipes butyraticus,ERR1090654
28119,species,0.00453289,Bacteroides zoogleoformans,ERR1090654
100176,species,0.00453289,Papillibacter cinnamivorans,ERR1090654
158849,species,0.00453289,Moellerella wisconsensis,ERR1090654
69824,species,0.00453289,[Clostridium] cocleatum,ERR1090654
291644,species,0.00453289,Bacteroides salyersiae,ERR1090654
152480,species,0.00453289,Burkholderia ambifaria,ERR1090654
68274,species,0.00453289,Streptomyces tauricus,ERR1090654
1428,species,0.00453289,Bacillus thuringiensis,ERR1090654
1328,species,0.00453289,Streptococcus anginosus,ERR1090654
1404,species,0.00453289,Bacillus megaterium,ERR1090654
701529,species,0.00453289,Peptoniphilus sp. JCM 8143,ERR1090654
28127,species,0.00453289,Prevotella buccalis,ERR1090654
1522,species,0.00453289,[Clostridium] innocuum,ERR1090654
61016,species,0.00453289,Virgibacillus salexigens,ERR1090654
66219,species,0.00453289,Lachnoclostridium phytofermentans,ERR1090654
839,species,0.00453289,Prevotella ruminicola,ERR1090654
234828,species,0.00453289,Corynebacterium caspium,ERR1090654
36849,species,0.00453289,Oxobacter pfennigii,ERR1090654
423605,species,0.00453289,Elusimicrobium minutum,ERR1090654
1349,species,0.00453289,Streptococcus uberis,ERR1090654
33051,species,0.00453289,Sphingomonas sanguinis,ERR1090654
35517,species,0.00453289,[Eubacterium] brachy,ERR1090654
564835,species,0.00453289,Pedobacter koreensis,ERR1090654
316,species,0.00453289,Pseudomonas stutzeri,ERR1090654
197345,species,0.00453289,Psychroflexus tropicus,ERR1090654
585,species,0.00453289,Proteus vulgaris,ERR1090654
-1,species,39.699,Unknown,ERR1090654
1755626,species,17.8958,Faecalibacterium sp. MC_41,ERR1090654
818,species,3.76683,Bacteroides thetaiotaomicron,ERR1090654
820,species,3.25461,Bacteroides uniformis,ERR1090654
46506,species,2.46589,Bacteroides stercoris,ERR1090654
28111,species,2.45229,Bacteroides eggerthii,ERR1090654
351091,species,1.9854,Oscillibacter valericigenes,ERR1090654
246787,species,1.92194,Bacteroides cellulosilyticus,ERR1090654
28116,species,1.62277,Bacteroides ovatus,ERR1090654
821,species,1.53212,Bacteroides vulgatus,ERR1090654
29370,species,1.40066,[Clostridium] sphenoides,ERR1090654
36847,species,1.378,[Clostridium] neopropionicum,ERR1090654
28117,species,1.27827,Alistipes putredinis,ERR1090654
28446,species,1.21935,[Clostridium] propionicum,ERR1090654
29348,species,1.19668,[Clostridium] spiroforme,ERR1090654
626933,species,1.19215,Odoribacter laneus,ERR1090654
817,species,1.09243,Bacteroides fragilis,ERR1090654
143393,species,0.87938,[Eubacterium] sulci,ERR1090654
40520,species,0.87938,Blautia obeum,ERR1090654
328813,species,0.811387,Alistipes onderdonkii,ERR1090654
187327,species,0.775124,Acidaminococcus intestini,ERR1090654
1264,species,0.580209,Ruminococcus albus,ERR1090654
39485,species,0.562078,[Eubacterium] eligens,ERR1090654
69825,species,0.539413,[Clostridium] indolis,ERR1090654
46503,species,0.489552,Parabacteroides merdae,ERR1090654
169435,species,0.466887,Anaerotruncus colihominis,ERR1090654
301301,species,0.421558,Roseburia hominis,ERR1090654
397865,species,0.380762,Barnesiella viscericola,ERR1090654
44749,species,0.37623,Sporobacter termitidis,ERR1090654
410072,species,0.358098,Coprococcus comes,ERR1090654
823,species,0.349032,Parabacteroides distasonis,ERR1090654
1515,species,0.349032,Ruminiclostridium thermocellum,ERR1090654
1535,species,0.349032,[Clostridium] leptum,ERR1090654
84030,species,0.330901,[Clostridium] saccharolyticum,ERR1090654
437898,species,0.312769,Sutterella parvirubra,ERR1090654
39490,species,0.258375,Eubacterium ramulus,ERR1090654
28118,species,0.249309,Odoribacter splanchnicus,ERR1090654
1465754,species,0.217579,Alistipes timonensis,ERR1090654
1532,species,0.20398,Blautia coccoides,ERR1090654
208479,species,0.20398,[Clostridium] bolteae,ERR1090654
536633,species,0.190381,Blautia glucerasea,ERR1090654
239935,species,0.17225,Akkermansia muciniphila,ERR1090654
881,species,0.167717,Desulfovibrio vulgaris,ERR1090654
52787,species,0.167717,Anaerofilum pentosovorans,ERR1090654
33039,species,0.158651,[Ruminococcus] torques,ERR1090654
1161942,species,0.154118,Ruminococcus champanellensis,ERR1090654
626932,species,0.122388,Alistipes indistinctus,ERR1090654
905,species,0.117855,Acidaminococcus fermentans,ERR1090654
305719,species,0.108789,Prevotella baroniae,ERR1090654
39486,species,0.104256,Dorea formicigenerans,ERR1090654
626931,species,0.0997235,Bacteroides oleiciplenus,ERR1090654
341225,species,0.0997235,[Clostridium] saccharogumia,ERR1090654
39484,species,0.0997235,Eubacterium desmolans,ERR1090654
876,species,0.0951906,Desulfovibrio desulfuricans,ERR1090654
39488,species,0.0906577,[Eubacterium] hallii,ERR1090654
29354,species,0.0725262,[Clostridium] celerecrescens,ERR1090654
626937,species,0.0725262,Christensenella minuta,ERR1090654
182710,species,0.0725262,Oceanobacillus iheyensis,ERR1090654
329854,species,0.0679933,Bacteroides intestinalis,ERR1090654
1006,species,0.0634604,Marivirga tractuosa,ERR1090654
328814,species,0.0634604,Alistipes shahii,ERR1090654
1755607,species,0.0634604,Bacteroides sp. MC_16,ERR1090654
57706,species,0.0634604,Citrobacter braakii,ERR1090654
33035,species,0.0634604,Blautia producta,ERR1090654
29375,species,0.0589275,[Clostridium] xylanolyticum,ERR1090654
28901,species,0.0543946,Salmonella enterica,ERR1090654
1512,species,0.0543946,[Clostridium] symbiosum,ERR1090654
2741,species,0.0543946,Peptococcus niger,ERR1090654
61171,species,0.0453289,Holdemania filiformis,ERR1090654
36854,species,0.0453289,Desulfitobacterium dehalogenans,ERR1090654
36835,species,0.0362631,[Clostridium] colinum,ERR1090654
847,species,0.0362631,Oxalobacter formigenes,ERR1090654
84032,species,0.0362631,[Clostridium] thermosuccinogenes,ERR1090654
270498,species,0.0317302,Catabacter hongkongensis,ERR1090654
882211,species,0.0317302,Pseudomonas deceptionensis,ERR1090654
626930,species,0.0271973,Bacteroides fluxus,ERR1090654
84026,species,0.0271973,[Clostridium] methylpentosum,ERR1090654
28026,species,0.0271973,Bifidobacterium pseudocatenulatum,ERR1090654
2173,species,0.0271973,Methanobrevibacter smithii,ERR1090654
659243,species,0.0271973,Bacillus siamensis,ERR1090654
118967,species,0.0271973,Anaerorhabdus furcosa,ERR1090654
1755629,species,0.0271973,Victivallis sp. MC_44,ERR1090654
61435,species,0.0271973,Dehalococcoides mccartyi,ERR1090654
39492,species,0.0226644,[Eubacterium] siraeum,ERR1090654
106588,species,0.0226644,Pseudoflavonifractor capillosus,ERR1090654
33038,species,0.0181315,[Ruminococcus] gnavus,ERR1090654
371601,species,0.0181315,Bacteroides xylanisolvens,ERR1090654
204516,species,0.0181315,Bacteroides massiliensis,ERR1090654
39493,species,0.0181315,Clostridium tarantellae,ERR1090654
1304158,species,0.0181315,Salinisphaera halophila,ERR1090654
33953,species,0.0181315,Clostridium aminobutyricum,ERR1090654
166486,species,0.0181315,Roseburia intestinalis,ERR1090654
36874,species,0.0181315,Porphyromonas cangingivalis,ERR1090654
122355,species,0.0181315,Pseudomonas psychrophila,ERR1090654
47678,species,0.0181315,Bacteroides caccae,ERR1090654
137732,species,0.0135987,Granulicatella elegans,ERR1090654
1260,species,0.0135987,Finegoldia magna,ERR1090654
1827099,species,0.0135987,Peptoniphilus sp. JCM 8141,ERR1090654
214856,species,0.0135987,Alistipes finegoldii,ERR1090654
178214,species,0.0135987,Facklamia hominis,ERR1090654
40214,species,0.0135987,Acinetobacter johnsonii,ERR1090654
1223514,species,0.0135987,Corynebacterium humireducens,ERR1090654
358743,species,0.0135987,[Clostridium] citroniae,ERR1090654
1311,species,0.0135987,Streptococcus agalactiae,ERR1090654
1544,species,0.0135987,[Clostridium] oroticum,ERR1090654
550,species,0.0135987,Enterobacter cloacae,ERR1090654
106648,species,0.0135987,Acinetobacter bereziniae,ERR1090654
1291540,species,0.0135987,Candidatus Methanomethylophilus alvus,ERR1090654
239974,species,0.0135987,Nocardiopsis valliformis,ERR1090654
358742,species,0.0135987,[Clostridium] aldenense,ERR1090654
167964,species,0.0135987,Anaerolinea thermophila,ERR1090654
1502,species,0.00906577,Clostridium perfringens,ERR1090654
33032,species,0.00906577,Anaerococcus lactolyticus,ERR1090654
28125,species,0.00906577,Prevotella bivia,ERR1090654
165179,species,0.00906577,Prevotella copri,ERR1090654
907,species,0.00906577,Megasphaera elsdenii,ERR1090654
1859291,species,0.00906577,Corynebacterium sp. YIM 101587,ERR1090654
871325,species,0.00906577,Bacteroides faecichinchillae,ERR1090654
1482,species,0.00906577,Virgibacillus halodenitrificans,ERR1090654
34103,species,0.00906577,Sphaerotilus natans,ERR1090654
83661,species,0.00906577,Desulfonispora thiosulfatigenes,ERR1090654
43675,species,0.00906577,Rothia mucilaginosa,ERR1090654
29389,species,0.00906577,Streptococcus alactolyticus,ERR1090654
546,species,0.00906577,Citrobacter freundii,ERR1090654
1308,species,0.00906577,Streptococcus thermophilus,ERR1090654
133453,species,0.00906577,Caldilinea aerophila,ERR1090654
86332,species,0.00906577,Mogibacterium pumilum,ERR1090654
1382,species,0.00906577,Atopobium parvulum,ERR1090654
885581,species,0.00906577,Desulfosporosinus acidiphilus,ERR1090654
502558,species,0.00906577,Eggerthella sp. YY7918,ERR1090654
1267,species,0.00906577,Clostridium ventriculi,ERR1090654
180164,species,0.00906577,Blautia schinkii,ERR1090654
163202,species,0.00906577,Corynebacterium appendicis,ERR1090654
102134,species,0.00906577,Desulfotomaculum gibsoniae,ERR1090654
650643,species,0.00906577,Alistipes sp. RMA 9912,ERR1090654
168384,species,0.00906577,Marvinbryantia formatexigens,ERR1090654
118748,species,0.00906577,Bulleidia extructa,ERR1090654
1510,species,0.00906577,[Clostridium] stercorarium,ERR1090654
29347,species,0.00906577,[Clostridium] scindens,ERR1090654
1307,species,0.00453289,Streptococcus suis,ERR1090654
28091,species,0.00453289,Neisseria weaveri,ERR1090654
252,species,0.00453289,Halomonas halmophila,ERR1090654
330920,species,0.00453289,Sphingomonas azotifigens,ERR1090654
191493,species,0.00453289,Corynebacterium sphenisci,ERR1090654
529,species,0.00453289,Ochrobactrum anthropi,ERR1090654
216816,species,0.00453289,Bifidobacterium longum,ERR1090654
13689,species,0.00453289,Sphingomonas paucimobilis,ERR1090654
40324,species,0.00453289,Stenotrophomonas maltophilia,ERR1090654
28135,species,0.00453289,Prevotella oris,ERR1090654
90736,species,0.00453289,Moritella marina,ERR1090654
216946,species,0.00453289,Spiroplasma turonicum,ERR1090654
584,species,0.00453289,Proteus mirabilis,ERR1090654
649724,species,0.00453289,Clostridium sp. ATCC BAA-442,ERR1090654
45851,species,0.00453289,Butyrivibrio crossotus,ERR1090654
47246,species,0.00453289,[Clostridium] viride,ERR1090654
376804,species,0.00453289,Bacteroides barnesiae,ERR1090654
1393,species,0.00453289,Brevibacillus brevis,ERR1090654
136857,species,0.00453289,Corynebacterium testudinoris,ERR1090654
137730,species,0.00453289,Facklamia ignava,ERR1090654
645466,species,0.00453289,Anaerostipes butyraticus,ERR1090654
487698,species,0.00453289,Stenotrophomonas pavanii,ERR1090654
427918,species,0.00453289,Nitriliruptor alkaliphilus,ERR1090654
33043,species,0.00453289,Coprococcus eutactus,ERR1090654
158849,species,0.00453289,Moellerella wisconsensis,ERR1090654
69824,species,0.00453289,[Clostridium] cocleatum,ERR1090654
28119,species,0.00453289,Bacteroides zoogleoformans,ERR1090654
100176,species,0.00453289,Papillibacter cinnamivorans,ERR1090654
1328,species,0.00453289,Streptococcus anginosus,ERR1090654
291644,species,0.00453289,Bacteroides salyersiae,ERR1090654
152480,species,0.00453289,Burkholderia ambifaria,ERR1090654
68274,species,0.00453289,Streptomyces tauricus,ERR1090654
1428,species,0.00453289,Bacillus thuringiensis,ERR1090654
1522,species,0.00453289,[Clostridium] innocuum,ERR1090654
61016,species,0.00453289,Virgibacillus salexigens,ERR1090654
66219,species,0.00453289,Lachnoclostridium phytofermentans,ERR1090654
1404,species,0.00453289,Bacillus megaterium,ERR1090654
701529,species,0.00453289,Peptoniphilus sp. JCM 8143,ERR1090654
28127,species,0.00453289,Prevotella buccalis,ERR1090654
1349,species,0.00453289,Streptococcus uberis,ERR1090654
33051,species,0.00453289,Sphingomonas sanguinis,ERR1090654
35517,species,0.00453289,[Eubacterium] brachy,ERR1090654
839,species,0.00453289,Prevotella ruminicola,ERR1090654
234828,species,0.00453289,Corynebacterium caspium,ERR1090654
36849,species,0.00453289,Oxobacter pfennigii,ERR1090654
423605,species,0.00453289,Elusimicrobium minutum,ERR1090654
197345,species,0.00453289,Psychroflexus tropicus,ERR1090654
585,species,0.00453289,Proteus vulgaris,ERR1090654
564835,species,0.00453289,Pedobacter koreensis,ERR1090654
316,species,0.00453289,Pseudomonas stutzeri,ERR1090654
290053,species,0.00453289,Bacteroides helcogenes,ERR1090654
310297,species,0.00453289,Bacteroides plebeius,ERR1090654
364039,species,0.00453289,Azohydromonas australica,ERR1090654
562,species,0.00453289,Escherichia coli,ERR1090654
290055,species,0.00453289,[Eubacterium] fissicatena,ERR1090654
253,species,0.00453289,Chryseobacterium indologenes,ERR1090654
1724,species,0.00453289,Corynebacterium renale,ERR1090654
202952,species,0.00453289,Acinetobacter gerneri,ERR1090654
291645,species,0.00453289,Bacteroides nordii,ERR1090654
1685,species,0.00453289,Bifidobacterium breve,ERR1090654
1736,species,0.00453289,Eubacterium limosum,ERR1090654
35785,species,0.00453289,Clostridium maximum,ERR1090654
33034,species,0.00453289,Anaerococcus prevotii,ERR1090654
29552,species,0.00453289,Acholeplasma axanthum,ERR1090654
312279,species,0.00453289,Emticicia oligotrophica,ERR1090654
314275,species,0.00453289,Alteromonas mediterranea,ERR1090654
225991,species,0.00453289,Comamonas aquatica,ERR1090654
214853,species,0.00453289,Anaerofustis stercorihominis,ERR1090654
46206,species,0.00453289,Pseudobutyrivibrio ruminis,ERR1090654
626935,species,0.00453289,Collinsella tanakaei,ERR1090654
1379,species,0.00453289,Gemella haemolysans,ERR1090654
871324,species,0.00453289,Bacteroides stercorirosoris,ERR1090654
1071880,species,0.00453289,Sphingobacterium sp. CCBAU 10953,ERR1090654
1303,species,0.00453289,Streptococcus oralis,ERR1090654
1671366,species,0.00453289,Ruminococcus sp. DSM 100440,ERR1090654
387661,species,0.00453289,Parabacteroides johnsonii,ERR1090654
552810,species,0.00453289,Dehalogenimonas lykanthroporepellens,ERR1090654
-1,species,39.699,Unknown,ERR1090654
1755626,species,17.8958,Faecalibacterium sp. MC_41,ERR1090654
818,species,3.76683,Bacteroides thetaiotaomicron,ERR1090654
820,species,3.25461,Bacteroides uniformis,ERR1090654
46506,species,2.46589,Bacteroides stercoris,ERR1090654
28111,species,2.45229,Bacteroides eggerthii,ERR1090654
351091,species,1.9854,Oscillibacter valericigenes,ERR1090654
246787,species,1.92194,Bacteroides cellulosilyticus,ERR1090654
28116,species,1.62277,Bacteroides ovatus,ERR1090654
821,species,1.53212,Bacteroides vulgatus,ERR1090654
29370,species,1.40066,[Clostridium] sphenoides,ERR1090654
36847,species,1.378,[Clostridium] neopropionicum,ERR1090654
28117,species,1.27827,Alistipes putredinis,ERR1090654
28446,species,1.21935,[Clostridium] propionicum,ERR1090654
29348,species,1.19668,[Clostridium] spiroforme,ERR1090654
626933,species,1.19215,Odoribacter laneus,ERR1090654
817,species,1.09243,Bacteroides fragilis,ERR1090654
143393,species,0.87938,[Eubacterium] sulci,ERR1090654
40520,species,0.87938,Blautia obeum,ERR1090654
328813,species,0.811387,Alistipes onderdonkii,ERR1090654
187327,species,0.775124,Acidaminococcus intestini,ERR1090654
1264,species,0.580209,Ruminococcus albus,ERR1090654
39485,species,0.562078,[Eubacterium] eligens,ERR1090654
69825,species,0.539413,[Clostridium] indolis,ERR1090654
46503,species,0.489552,Parabacteroides merdae,ERR1090654
169435,species,0.466887,Anaerotruncus colihominis,ERR1090654
301301,species,0.421558,Roseburia hominis,ERR1090654
397865,species,0.380762,Barnesiella viscericola,ERR1090654
44749,species,0.37623,Sporobacter termitidis,ERR1090654
410072,species,0.358098,Coprococcus comes,ERR1090654
823,species,0.349032,Parabacteroides distasonis,ERR1090654
1515,species,0.349032,Ruminiclostridium thermocellum,ERR1090654
1535,species,0.349032,[Clostridium] leptum,ERR1090654
84030,species,0.330901,[Clostridium] saccharolyticum,ERR1090654
437898,species,0.312769,Sutterella parvirubra,ERR1090654
39490,species,0.258375,Eubacterium ramulus,ERR1090654
28118,species,0.249309,Odoribacter splanchnicus,ERR1090654
1465754,species,0.217579,Alistipes timonensis,ERR1090654
1532,species,0.20398,Blautia coccoides,ERR1090654
208479,species,0.20398,[Clostridium] bolteae,ERR1090654
536633,species,0.190381,Blautia glucerasea,ERR1090654
239935,species,0.17225,Akkermansia muciniphila,ERR1090654
881,species,0.167717,Desulfovibrio vulgaris,ERR1090654
52787,species,0.167717,Anaerofilum pentosovorans,ERR1090654
33039,species,0.158651,[Ruminococcus] torques,ERR1090654
1161942,species,0.154118,Ruminococcus champanellensis,ERR1090654
626932,species,0.122388,Alistipes indistinctus,ERR1090654
905,species,0.117855,Acidaminococcus fermentans,ERR1090654
305719,species,0.108789,Prevotella baroniae,ERR1090654
39486,species,0.104256,Dorea formicigenerans,ERR1090654
626931,species,0.0997235,Bacteroides oleiciplenus,ERR1090654
341225,species,0.0997235,[Clostridium] saccharogumia,ERR1090654
39484,species,0.0997235,Eubacterium desmolans,ERR1090654
876,species,0.0951906,Desulfovibrio desulfuricans,ERR1090654
39488,species,0.0906577,[Eubacterium] hallii,ERR1090654
29354,species,0.0725262,[Clostridium] celerecrescens,ERR1090654
626937,species,0.0725262,Christensenella minuta,ERR1090654
182710,species,0.0725262,Oceanobacillus iheyensis,ERR1090654
329854,species,0.0679933,Bacteroides intestinalis,ERR1090654
33035,species,0.0634604,Blautia producta,ERR1090654
1006,species,0.0634604,Marivirga tractuosa,ERR1090654
328814,species,0.0634604,Alistipes shahii,ERR1090654
1755607,species,0.0634604,Bacteroides sp. MC_16,ERR1090654
57706,species,0.0634604,Citrobacter braakii,ERR1090654
29375,species,0.0589275,[Clostridium] xylanolyticum,ERR1090654
28901,species,0.0543946,Salmonella enterica,ERR1090654
1512,species,0.0543946,[Clostridium] symbiosum,ERR1090654
2741,species,0.0543946,Peptococcus niger,ERR1090654
36854,species,0.0453289,Desulfitobacterium dehalogenans,ERR1090654
61171,species,0.0453289,Holdemania filiformis,ERR1090654
36835,species,0.0362631,[Clostridium] colinum,ERR1090654
847,species,0.0362631,Oxalobacter formigenes,ERR1090654
84032,species,0.0362631,[Clostridium] thermosuccinogenes,ERR1090654
270498,species,0.0317302,Catabacter hongkongensis,ERR1090654
882211,species,0.0317302,Pseudomonas deceptionensis,ERR1090654
626930,species,0.0271973,Bacteroides fluxus,ERR1090654
84026,species,0.0271973,[Clostridium] methylpentosum,ERR1090654
28026,species,0.0271973,Bifidobacterium pseudocatenulatum,ERR1090654
2173,species,0.0271973,Methanobrevibacter smithii,ERR1090654
659243,species,0.0271973,Bacillus siamensis,ERR1090654
118967,species,0.0271973,Anaerorhabdus furcosa,ERR1090654
1755629,species,0.0271973,Victivallis sp. MC_44,ERR1090654
61435,species,0.0271973,Dehalococcoides mccartyi,ERR1090654
39492,species,0.0226644,[Eubacterium] siraeum,ERR1090654
106588,species,0.0226644,Pseudoflavonifractor capillosus,ERR1090654
33038,species,0.0181315,[Ruminococcus] gnavus,ERR1090654
39493,species,0.0181315,Clostridium tarantellae,ERR1090654
371601,species,0.0181315,Bacteroides xylanisolvens,ERR1090654
204516,species,0.0181315,Bacteroides massiliensis,ERR1090654
33953,species,0.0181315,Clostridium aminobutyricum,ERR1090654
1304158,species,0.0181315,Salinisphaera halophila,ERR1090654
166486,species,0.0181315,Roseburia intestinalis,ERR1090654
36874,species,0.0181315,Porphyromonas cangingivalis,ERR1090654
122355,species,0.0181315,Pseudomonas psychrophila,ERR1090654
47678,species,0.0181315,Bacteroides caccae,ERR1090654
167964,species,0.0135987,Anaerolinea thermophila,ERR1090654
358742,species,0.0135987,[Clostridium] aldenense,ERR1090654
137732,species,0.0135987,Granulicatella elegans,ERR1090654
1260,species,0.0135987,Finegoldia magna,ERR1090654
1827099,species,0.0135987,Peptoniphilus sp. JCM 8141,ERR1090654
214856,species,0.0135987,Alistipes finegoldii,ERR1090654
178214,species,0.0135987,Facklamia hominis,ERR1090654
1223514,species,0.0135987,Corynebacterium humireducens,ERR1090654
40214,species,0.0135987,Acinetobacter johnsonii,ERR1090654
358743,species,0.0135987,[Clostridium] citroniae,ERR1090654
1311,species,0.0135987,Streptococcus agalactiae,ERR1090654
1544,species,0.0135987,[Clostridium] oroticum,ERR1090654
106648,species,0.0135987,Acinetobacter bereziniae,ERR1090654
550,species,0.0135987,Enterobacter cloacae,ERR1090654
1291540,species,0.0135987,Candidatus Methanomethylophilus alvus,ERR1090654
239974,species,0.0135987,Nocardiopsis valliformis,ERR1090654
29347,species,0.00906577,[Clostridium] scindens,ERR1090654
1502,species,0.00906577,Clostridium perfringens,ERR1090654
33032,species,0.00906577,Anaerococcus lactolyticus,ERR1090654
28125,species,0.00906577,Prevotella bivia,ERR1090654
165179,species,0.00906577,Prevotella copri,ERR1090654
907,species,0.00906577,Megasphaera elsdenii,ERR1090654
1859291,species,0.00906577,Corynebacterium sp. YIM 101587,ERR1090654
871325,species,0.00906577,Bacteroides faecichinchillae,ERR1090654
1482,species,0.00906577,Virgibacillus halodenitrificans,ERR1090654
34103,species,0.00906577,Sphaerotilus natans,ERR1090654
83661,species,0.00906577,Desulfonispora thiosulfatigenes,ERR1090654
43675,species,0.00906577,Rothia mucilaginosa,ERR1090654
29389,species,0.00906577,Streptococcus alactolyticus,ERR1090654
546,species,0.00906577,Citrobacter freundii,ERR1090654
1308,species,0.00906577,Streptococcus thermophilus,ERR1090654
133453,species,0.00906577,Caldilinea aerophila,ERR1090654
86332,species,0.00906577,Mogibacterium pumilum,ERR1090654
1382,species,0.00906577,Atopobium parvulum,ERR1090654
885581,species,0.00906577,Desulfosporosinus acidiphilus,ERR1090654
502558,species,0.00906577,Eggerthella sp. YY7918,ERR1090654
1267,species,0.00906577,Clostridium ventriculi,ERR1090654
180164,species,0.00906577,Blautia schinkii,ERR1090654
168384,species,0.00906577,Marvinbryantia formatexigens,ERR1090654
163202,species,0.00906577,Corynebacterium appendicis,ERR1090654
102134,species,0.00906577,Desulfotomaculum gibsoniae,ERR1090654
650643,species,0.00906577,Alistipes sp. RMA 9912,ERR1090654
1510,species,0.00906577,[Clostridium] stercorarium,ERR1090654
118748,species,0.00906577,Bulleidia extructa,ERR1090654
871324,species,0.00453289,Bacteroides stercorirosoris,ERR1090654
1071880,species,0.00453289,Sphingobacterium sp. CCBAU 10953,ERR1090654
1303,species,0.00453289,Streptococcus oralis,ERR1090654
1671366,species,0.00453289,Ruminococcus sp. DSM 100440,ERR1090654
387661,species,0.00453289,Parabacteroides johnsonii,ERR1090654
552810,species,0.00453289,Dehalogenimonas lykanthroporepellens,ERR1090654
1307,species,0.00453289,Streptococcus suis,ERR1090654
28091,species,0.00453289,Neisseria weaveri,ERR1090654
252,species,0.00453289,Halomonas halmophila,ERR1090654
330920,species,0.00453289,Sphingomonas azotifigens,ERR1090654
191493,species,0.00453289,Corynebacterium sphenisci,ERR1090654
529,species,0.00453289,Ochrobactrum anthropi,ERR1090654
216816,species,0.00453289,Bifidobacterium longum,ERR1090654
13689,species,0.00453289,Sphingomonas paucimobilis,ERR1090654
649724,species,0.00453289,Clostridium sp. ATCC BAA-442,ERR1090654
40324,species,0.00453289,Stenotrophomonas maltophilia,ERR1090654
28135,species,0.00453289,Prevotella oris,ERR1090654
90736,species,0.00453289,Moritella marina,ERR1090654
216946,species,0.00453289,Spiroplasma turonicum,ERR1090654
584,species,0.00453289,Proteus mirabilis,ERR1090654
47246,species,0.00453289,[Clostridium] viride,ERR1090654
45851,species,0.00453289,Butyrivibrio crossotus,ERR1090654
1393,species,0.00453289,Brevibacillus brevis,ERR1090654
376804,species,0.00453289,Bacteroides barnesiae,ERR1090654
136857,species,0.00453289,Corynebacterium testudinoris,ERR1090654
137730,species,0.00453289,Facklamia ignava,ERR1090654
645466,species,0.00453289,Anaerostipes butyraticus,ERR1090654
487698,species,0.00453289,Stenotrophomonas pavanii,ERR1090654
427918,species,0.00453289,Nitriliruptor alkaliphilus,ERR1090654
33043,species,0.00453289,Coprococcus eutactus,ERR1090654
100176,species,0.00453289,Papillibacter cinnamivorans,ERR1090654
158849,species,0.00453289,Moellerella wisconsensis,ERR1090654
69824,species,0.00453289,[Clostridium] cocleatum,ERR1090654
28119,species,0.00453289,Bacteroides zoogleoformans,ERR1090654
1428,species,0.00453289,Bacillus thuringiensis,ERR1090654
1328,species,0.00453289,Streptococcus anginosus,ERR1090654
291644,species,0.00453289,Bacteroides salyersiae,ERR1090654
152480,species,0.00453289,Burkholderia ambifaria,ERR1090654
68274,species,0.00453289,Streptomyces tauricus,ERR1090654
28127,species,0.00453289,Prevotella buccalis,ERR1090654
1522,species,0.00453289,[Clostridium] innocuum,ERR1090654
61016,species,0.00453289,Virgibacillus salexigens,ERR1090654
66219,species,0.00453289,Lachnoclostridium phytofermentans,ERR1090654
1404,species,0.00453289,Bacillus megaterium,ERR1090654
701529,species,0.00453289,Peptoniphilus sp. JCM 8143,ERR1090654
36849,species,0.00453289,Oxobacter pfennigii,ERR1090654
423605,species,0.00453289,Elusimicrobium minutum,ERR1090654
1349,species,0.00453289,Streptococcus uberis,ERR1090654
33051,species,0.00453289,Sphingomonas sanguinis,ERR1090654
35517,species,0.00453289,[Eubacterium] brachy,ERR1090654
839,species,0.00453289,Prevotella ruminicola,ERR1090654
234828,species,0.00453289,Corynebacterium caspium,ERR1090654
316,species,0.00453289,Pseudomonas stutzeri,ERR1090654
197345,species,0.00453289,Psychroflexus tropicus,ERR1090654
585,species,0.00453289,Proteus vulgaris,ERR1090654
564835,species,0.00453289,Pedobacter koreensis,ERR1090654
364039,species,0.00453289,Azohydromonas australica,ERR1090654
290053,species,0.00453289,Bacteroides helcogenes,ERR1090654
310297,species,0.00453289,Bacteroides plebeius,ERR1090654
562,species,0.00453289,Escherichia coli,ERR1090654
290055,species,0.00453289,[Eubacterium] fissicatena,ERR1090654
253,species,0.00453289,Chryseobacterium indologenes,ERR1090654
1724,species,0.00453289,Corynebacterium renale,ERR1090654
202952,species,0.00453289,Acinetobacter gerneri,ERR1090654
291645,species,0.00453289,Bacteroides nordii,ERR1090654
1685,species,0.00453289,Bifidobacterium breve,ERR1090654
1736,species,0.00453289,Eubacterium limosum,ERR1090654
35785,species,0.00453289,Clostridium maximum,ERR1090654
33034,species,0.00453289,Anaerococcus prevotii,ERR1090654
29552,species,0.00453289,Acholeplasma axanthum,ERR1090654
312279,species,0.00453289,Emticicia oligotrophica,ERR1090654
314275,species,0.00453289,Alteromonas mediterranea,ERR1090654
225991,species,0.00453289,Comamonas aquatica,ERR1090654
214853,species,0.00453289,Anaerofustis stercorihominis,ERR1090654
46206,species,0.00453289,Pseudobutyrivibrio ruminis,ERR1090654
626935,species,0.00453289,Collinsella tanakaei,ERR1090654
1379,species,0.00453289,Gemella haemolysans,ERR1090654
-1,species,39.699,Unknown,ERR1090654
1755626,species,17.8958,Faecalibacterium sp. MC_41,ERR1090654
818,species,3.76683,Bacteroides thetaiotaomicron,ERR1090654
820,species,3.25461,Bacteroides uniformis,ERR1090654
46506,species,2.46589,Bacteroides stercoris,ERR1090654
28111,species,2.45229,Bacteroides eggerthii,ERR1090654
351091,species,1.9854,Oscillibacter valericigenes,ERR1090654
246787,species,1.92194,Bacteroides cellulosilyticus,ERR1090654
28116,species,1.62277,Bacteroides ovatus,ERR1090654
821,species,1.53212,Bacteroides vulgatus,ERR1090654
29370,species,1.40066,[Clostridium] sphenoides,ERR1090654
36847,species,1.378,[Clostridium] neopropionicum,ERR1090654
28117,species,1.27827,Alistipes putredinis,ERR1090654
28446,species,1.21935,[Clostridium] propionicum,ERR1090654
29348,species,1.19668,[Clostridium] spiroforme,ERR1090654
626933,species,1.19215,Odoribacter laneus,ERR1090654
817,species,1.09243,Bacteroides fragilis,ERR1090654
40520,species,0.87938,Blautia obeum,ERR1090654
143393,species,0.87938,[Eubacterium] sulci,ERR1090654
328813,species,0.811387,Alistipes onderdonkii,ERR1090654
187327,species,0.775124,Acidaminococcus intestini,ERR1090654
1264,species,0.580209,Ruminococcus albus,ERR1090654
39485,species,0.562078,[Eubacterium] eligens,ERR1090654
69825,species,0.539413,[Clostridium] indolis,ERR1090654
46503,species,0.489552,Parabacteroides merdae,ERR1090654
169435,species,0.466887,Anaerotruncus colihominis,ERR1090654
301301,species,0.421558,Roseburia hominis,ERR1090654
397865,species,0.380762,Barnesiella viscericola,ERR1090654
44749,species,0.37623,Sporobacter termitidis,ERR1090654
410072,species,0.358098,Coprococcus comes,ERR1090654
1515,species,0.349032,Ruminiclostridium thermocellum,ERR1090654
823,species,0.349032,Parabacteroides distasonis,ERR1090654
1535,species,0.349032,[Clostridium] leptum,ERR1090654
84030,species,0.330901,[Clostridium] saccharolyticum,ERR1090654
437898,species,0.312769,Sutterella parvirubra,ERR1090654
39490,species,0.258375,Eubacterium ramulus,ERR1090654
28118,species,0.249309,Odoribacter splanchnicus,ERR1090654
1465754,species,0.217579,Alistipes timonensis,ERR1090654
208479,species,0.20398,[Clostridium] bolteae,ERR1090654
1532,species,0.20398,Blautia coccoides,ERR1090654
536633,species,0.190381,Blautia glucerasea,ERR1090654
239935,species,0.17225,Akkermansia muciniphila,ERR1090654
881,species,0.167717,Desulfovibrio vulgaris,ERR1090654
52787,species,0.167717,Anaerofilum pentosovorans,ERR1090654
33039,species,0.158651,[Ruminococcus] torques,ERR1090654
1161942,species,0.154118,Ruminococcus champanellensis,ERR1090654
626932,species,0.122388,Alistipes indistinctus,ERR1090654
905,species,0.117855,Acidaminococcus fermentans,ERR1090654
305719,species,0.108789,Prevotella baroniae,ERR1090654
39486,species,0.104256,Dorea formicigenerans,ERR1090654
626931,species,0.0997235,Bacteroides oleiciplenus,ERR1090654
341225,species,0.0997235,[Clostridium] saccharogumia,ERR1090654
39484,species,0.0997235,Eubacterium desmolans,ERR1090654
876,species,0.0951906,Desulfovibrio desulfuricans,ERR1090654
39488,species,0.0906577,[Eubacterium] hallii,ERR1090654
29354,species,0.0725262,[Clostridium] celerecrescens,ERR1090654
626937,species,0.0725262,Christensenella minuta,ERR1090654
182710,species,0.0725262,Oceanobacillus iheyensis,ERR1090654
329854,species,0.0679933,Bacteroides intestinalis,ERR1090654
57706,species,0.0634604,Citrobacter braakii,ERR1090654
33035,species,0.0634604,Blautia producta,ERR1090654
1006,species,0.0634604,Marivirga tractuosa,ERR1090654
328814,species,0.0634604,Alistipes shahii,ERR1090654
1755607,species,0.0634604,Bacteroides sp. MC_16,ERR1090654
29375,species,0.0589275,[Clostridium] xylanolyticum,ERR1090654
28901,species,0.0543946,Salmonella enterica,ERR1090654
1512,species,0.0543946,[Clostridium] symbiosum,ERR1090654
2741,species,0.0543946,Peptococcus niger,ERR1090654
36854,species,0.0453289,Desulfitobacterium dehalogenans,ERR1090654
61171,species,0.0453289,Holdemania filiformis,ERR1090654
36835,species,0.0362631,[Clostridium] colinum,ERR1090654
847,species,0.0362631,Oxalobacter formigenes,ERR1090654
84032,species,0.0362631,[Clostridium] thermosuccinogenes,ERR1090654
270498,species,0.0317302,Catabacter hongkongensis,ERR1090654
882211,species,0.0317302,Pseudomonas deceptionensis,ERR1090654
626930,species,0.0271973,Bacteroides fluxus,ERR1090654
28026,species,0.0271973,Bifidobacterium pseudocatenulatum,ERR1090654
84026,species,0.0271973,[Clostridium] methylpentosum,ERR1090654
2173,species,0.0271973,Methanobrevibacter smithii,ERR1090654
659243,species,0.0271973,Bacillus siamensis,ERR1090654
118967,species,0.0271973,Anaerorhabdus furcosa,ERR1090654
1755629,species,0.0271973,Victivallis sp. MC_44,ERR1090654
61435,species,0.0271973,Dehalococcoides mccartyi,ERR1090654
106588,species,0.0226644,Pseudoflavonifractor capillosus,ERR1090654
39492,species,0.0226644,[Eubacterium] siraeum,ERR1090654
122355,species,0.0181315,Pseudomonas psychrophila,ERR1090654
47678,species,0.0181315,Bacteroides caccae,ERR1090654
33038,species,0.0181315,[Ruminococcus] gnavus,ERR1090654
204516,species,0.0181315,Bacteroides massiliensis,ERR1090654
39493,species,0.0181315,Clostridium tarantellae,ERR1090654
371601,species,0.0181315,Bacteroides xylanisolvens,ERR1090654
1304158,species,0.0181315,Salinisphaera halophila,ERR1090654
33953,species,0.0181315,Clostridium aminobutyricum,ERR1090654
36874,species,0.0181315,Porphyromonas cangingivalis,ERR1090654
166486,species,0.0181315,Roseburia intestinalis,ERR1090654
1291540,species,0.0135987,Candidatus Methanomethylophilus alvus,ERR1090654
239974,species,0.0135987,Nocardiopsis valliformis,ERR1090654
358742,species,0.0135987,[Clostridium] aldenense,ERR1090654
167964,species,0.0135987,Anaerolinea thermophila,ERR1090654
1260,species,0.0135987,Finegoldia magna,ERR1090654
137732,species,0.0135987,Granulicatella elegans,ERR1090654
1827099,species,0.0135987,Peptoniphilus sp. JCM 8141,ERR1090654
214856,species,0.0135987,Alistipes finegoldii,ERR1090654
178214,species,0.0135987,Facklamia hominis,ERR1090654
40214,species,0.0135987,Acinetobacter johnsonii,ERR1090654
1223514,species,0.0135987,Corynebacterium humireducens,ERR1090654
358743,species,0.0135987,[Clostridium] citroniae,ERR1090654
1544,species,0.0135987,[Clostridium] oroticum,ERR1090654
1311,species,0.0135987,Streptococcus agalactiae,ERR1090654
106648,species,0.0135987,Acinetobacter bereziniae,ERR1090654
550,species,0.0135987,Enterobacter cloacae,ERR1090654
650643,species,0.00906577,Alistipes sp. RMA 9912,ERR1090654
168384,species,0.00906577,Marvinbryantia formatexigens,ERR1090654
163202,species,0.00906577,Corynebacterium appendicis,ERR1090654
102134,species,0.00906577,Desulfotomaculum gibsoniae,ERR1090654
118748,species,0.00906577,Bulleidia extructa,ERR1090654
1510,species,0.00906577,[Clostridium] stercorarium,ERR1090654
29347,species,0.00906577,[Clostridium] scindens,ERR1090654
33032,species,0.00906577,Anaerococcus lactolyticus,ERR1090654
28125,species,0.00906577,Prevotella bivia,ERR1090654
165179,species,0.00906577,Prevotella copri,ERR1090654
1502,species,0.00906577,Clostridium perfringens,ERR1090654
1859291,species,0.00906577,Corynebacterium sp. YIM 101587,ERR1090654
871325,species,0.00906577,Bacteroides faecichinchillae,ERR1090654
907,species,0.00906577,Megasphaera elsdenii,ERR1090654
1482,species,0.00906577,Virgibacillus halodenitrificans,ERR1090654
34103,species,0.00906577,Sphaerotilus natans,ERR1090654
83661,species,0.00906577,Desulfonispora thiosulfatigenes,ERR1090654
546,species,0.00906577,Citrobacter freundii,ERR1090654
43675,species,0.00906577,Rothia mucilaginosa,ERR1090654
29389,species,0.00906577,Streptococcus alactolyticus,ERR1090654
1308,species,0.00906577,Streptococcus thermophilus,ERR1090654
86332,species,0.00906577,Mogibacterium pumilum,ERR1090654
133453,species,0.00906577,Caldilinea aerophila,ERR1090654
1382,species,0.00906577,Atopobium parvulum,ERR1090654
885581,species,0.00906577,Desulfosporosinus acidiphilus,ERR1090654
502558,species,0.00906577,Eggerthella sp. YY7918,ERR1090654
1267,species,0.00906577,Clostridium ventriculi,ERR1090654
180164,species,0.00906577,Blautia schinkii,ERR1090654
1724,species,0.00453289,Corynebacterium renale,ERR1090654
202952,species,0.00453289,Acinetobacter gerneri,ERR1090654
291645,species,0.00453289,Bacteroides nordii,ERR1090654
562,species,0.00453289,Escherichia coli,ERR1090654
290055,species,0.00453289,[Eubacterium] fissicatena,ERR1090654
253,species,0.00453289,Chryseobacterium indologenes,ERR1090654
1736,species,0.00453289,Eubacterium limosum,ERR1090654
35785,species,0.00453289,Clostridium maximum,ERR1090654
33034,species,0.00453289,Anaerococcus prevotii,ERR1090654
1685,species,0.00453289,Bifidobacterium breve,ERR1090654
46206,species,0.00453289,Pseudobutyrivibrio ruminis,ERR1090654
626935,species,0.00453289,Collinsella tanakaei,ERR1090654
1379,species,0.00453289,Gemella haemolysans,ERR1090654
29552,species,0.00453289,Acholeplasma axanthum,ERR1090654
312279,species,0.00453289,Emticicia oligotrophica,ERR1090654
314275,species,0.00453289,Alteromonas mediterranea,ERR1090654
225991,species,0.00453289,Comamonas aquatica,ERR1090654
214853,species,0.00453289,Anaerofustis stercorihominis,ERR1090654
387661,species,0.00453289,Parabacteroides johnsonii,ERR1090654
552810,species,0.00453289,Dehalogenimonas lykanthroporepellens,ERR1090654
871324,species,0.00453289,Bacteroides stercorirosoris,ERR1090654
1071880,species,0.00453289,Sphingobacterium sp. CCBAU 10953,ERR1090654
1303,species,0.00453289,Streptococcus oralis,ERR1090654
1671366,species,0.00453289,Ruminococcus sp. DSM 100440,ERR1090654
28091,species,0.00453289,Neisseria weaveri,ERR1090654
252,species,0.00453289,Halomonas halmophila,ERR1090654
1307,species,0.00453289,Streptococcus suis,ERR1090654
13689,species,0.00453289,Sphingomonas paucimobilis,ERR1090654
330920,species,0.00453289,Sphingomonas azotifigens,ERR1090654
191493,species,0.00453289,Corynebacterium sphenisci,ERR1090654
529,species,0.00453289,Ochrobactrum anthropi,ERR1090654
216816,species,0.00453289,Bifidobacterium longum,ERR1090654
90736,species,0.00453289,Moritella marina,ERR1090654
216946,species,0.00453289,Spiroplasma turonicum,ERR1090654
584,species,0.00453289,Proteus mirabilis,ERR1090654
649724,species,0.00453289,Clostridium sp. ATCC BAA-442,ERR1090654
40324,species,0.00453289,Stenotrophomonas maltophilia,ERR1090654
28135,species,0.00453289,Prevotella oris,ERR1090654
45851,species,0.00453289,Butyrivibrio crossotus,ERR1090654
47246,species,0.00453289,[Clostridium] viride,ERR1090654
376804,species,0.00453289,Bacteroides barnesiae,ERR1090654
1393,species,0.00453289,Brevibacillus brevis,ERR1090654
487698,species,0.00453289,Stenotrophomonas pavanii,ERR1090654
427918,species,0.00453289,Nitriliruptor alkaliphilus,ERR1090654
33043,species,0.00453289,Coprococcus eutactus,ERR1090654
136857,species,0.00453289,Corynebacterium testudinoris,ERR1090654
137730,species,0.00453289,Facklamia ignava,ERR1090654
645466,species,0.00453289,Anaerostipes butyraticus,ERR1090654
28119,species,0.00453289,Bacteroides zoogleoformans,ERR1090654
100176,species,0.00453289,Papillibacter cinnamivorans,ERR1090654
158849,species,0.00453289,Moellerella wisconsensis,ERR1090654
69824,species,0.00453289,[Clostridium] cocleatum,ERR1090654
1328,species,0.00453289,Streptococcus anginosus,ERR1090654
291644,species,0.00453289,Bacteroides salyersiae,ERR1090654
152480,species,0.00453289,Burkholderia ambifaria,ERR1090654
68274,species,0.00453289,Streptomyces tauricus,ERR1090654
1428,species,0.00453289,Bacillus thuringiensis,ERR1090654
1404,species,0.00453289,Bacillus megaterium,ERR1090654
701529,species,0.00453289,Peptoniphilus sp. JCM 8143,ERR1090654
28127,species,0.00453289,Prevotella buccalis,ERR1090654
1522,species,0.00453289,[Clostridium] innocuum,ERR1090654
61016,species,0.00453289,Virgibacillus salexigens,ERR1090654
66219,species,0.00453289,Lachnoclostridium phytofermentans,ERR1090654
35517,species,0.00453289,[Eubacterium] brachy,ERR1090654
839,species,0.00453289,Prevotella ruminicola,ERR1090654
234828,species,0.00453289,Corynebacterium caspium,ERR1090654
36849,species,0.00453289,Oxobacter pfennigii,ERR1090654
423605,species,0.00453289,Elusimicrobium minutum,ERR1090654
1349,species,0.00453289,Streptococcus uberis,ERR1090654
33051,species,0.00453289,Sphingomonas sanguinis,ERR1090654
585,species,0.00453289,Proteus vulgaris,ERR1090654
564835,species,0.00453289,Pedobacter koreensis,ERR1090654
316,species,0.00453289,Pseudomonas stutzeri,ERR1090654
197345,species,0.00453289,Psychroflexus tropicus,ERR1090654
290053,species,0.00453289,Bacteroides helcogenes,ERR1090654
310297,species,0.00453289,Bacteroides plebeius,ERR1090654
364039,species,0.00453289,Azohydromonas australica,ERR1090654
-1,species,39.699,Unknown,ERR1090654
246787,species,2.83048,Bacteroides cellulosilyticus,ERR1090832
328813,species,2.81011,Alistipes onderdonkii,ERR1090832
820,species,2.74902,Bacteroides uniformis,ERR1090832
1297750,species,2.22976,Bacteroides luti,ERR1090832
28116,species,2.08043,Bacteroides ovatus,ERR1090832
85831,species,2.02783,Bacteroides acidifaciens,ERR1090832
28117,species,1.22009,Alistipes putredinis,ERR1090832
817,species,0.918038,Bacteroides fragilis,ERR1090832
287,species,0.785678,Pseudomonas aeruginosa,ERR1090832
397865,species,0.753436,Barnesiella viscericola,ERR1090832
487175,species,0.736467,Parasutterella excrementihominis,ERR1090832
853,species,0.685559,Faecalibacterium prausnitzii,ERR1090832
328814,species,0.341083,Alistipes shahii,ERR1090832
626937,species,0.335992,Christensenella minuta,ERR1090832
239935,species,0.302053,Akkermansia muciniphila,ERR1090832
39492,species,0.298659,[Eubacterium] siraeum,ERR1090832
562,species,0.293569,Escherichia coli,ERR1090832
1515,species,0.173087,Ruminiclostridium thermocellum,ERR1090832
2317,species,0.157814,Methanosphaera stadtmanae,ERR1090832
308994,species,0.152724,Dialister propionicifaciens,ERR1090832
351091,species,0.139148,Oscillibacter valericigenes,ERR1090832
218538,species,0.135754,Dialister invisus,ERR1090832
1535,species,0.12727,[Clostridium] leptum,ERR1090832
1465754,species,0.101816,Alistipes timonensis,ERR1090832
371601,species,0.0967249,Bacteroides xylanisolvens,ERR1090832
818,species,0.0967249,Bacteroides thetaiotaomicron,ERR1090832
28126,species,0.0865434,Prevotella buccae,ERR1090832
876,species,0.0644833,Desulfovibrio desulfuricans,ERR1090832
44749,species,0.0576956,Sporobacter termitidis,ERR1090832
488,species,0.0559986,Neisseria mucosa,ERR1090832
1492,species,0.0543017,Clostridium butyricum,ERR1090832
66851,species,0.047514,Methanobrevibacter oralis,ERR1090832
39485,species,0.047514,[Eubacterium] eligens,ERR1090832
47246,species,0.0441201,[Clostridium] viride,ERR1090832
204038,species,0.0424232,Dickeya dadantii,ERR1090832
360807,species,0.0424232,Roseburia inulinivorans,ERR1090832
39493,species,0.0424232,Clostridium tarantellae,ERR1090832
48256,species,0.0407263,[Clostridium] hungatei,ERR1090832
169435,species,0.0407263,Anaerotruncus colihominis,ERR1090832
729,species,0.0373324,Haemophilus parainfluenzae,ERR1090832
329854,species,0.0356355,Bacteroides intestinalis,ERR1090832
341225,species,0.0356355,[Clostridium] saccharogumia,ERR1090832
555059,species,0.0339386,Streptomyces sedi,ERR1090832
84026,species,0.0322416,[Clostridium] methylpentosum,ERR1090832
288965,species,0.0288478,[Clostridium] clariflavum,ERR1090832
36835,species,0.0254539,[Clostridium] colinum,ERR1090832
143393,species,0.0203631,[Eubacterium] sulci,ERR1090832
40520,species,0.0203631,Blautia obeum,ERR1090832
1352,species,0.0203631,Enterococcus faecium,ERR1090832
40519,species,0.0203631,Ruminococcus callidus,ERR1090832
1265,species,0.0186662,Ruminococcus flavefaciens,ERR1090832
83661,species,0.0169693,Desulfonispora thiosulfatigenes,ERR1090832
1236974,species,0.0169693,Paenibacillus sp. JCM 10914,ERR1090832
1686,species,0.0152724,Bifidobacterium catenulatum,ERR1090832
1161942,species,0.0152724,Ruminococcus champanellensis,ERR1090832
61171,species,0.0152724,Holdemania filiformis,ERR1090832
2173,species,0.0152724,Methanobrevibacter smithii,ERR1090832
28037,species,0.0135754,Streptococcus mitis,ERR1090832
1264,species,0.0135754,Ruminococcus albus,ERR1090832
100176,species,0.0118785,Papillibacter cinnamivorans,ERR1090832
35517,species,0.0118785,[Eubacterium] brachy,ERR1090832
301301,species,0.0118785,Roseburia hominis,ERR1090832
47678,species,0.0101816,Bacteroides caccae,ERR1090832
84030,species,0.0101816,[Clostridium] saccharolyticum,ERR1090832
40518,species,0.0101816,Ruminococcus bromii,ERR1090832
28901,species,0.0101816,Salmonella enterica,ERR1090832
1408,species,0.0101816,Bacillus pumilus,ERR1090832
37734,species,0.0101816,Enterococcus casseliflavus,ERR1090832
41976,species,0.0101816,Porphyromonas catoniae,ERR1090832
1563,species,0.00848464,Desulfosporosinus orientis,ERR1090832
39497,species,0.00848464,Eubacterium xylanophilum,ERR1090832
69825,species,0.00848464,[Clostridium] indolis,ERR1090832
84112,species,0.00848464,Eggerthella lenta,ERR1090832
31971,species,0.00848464,[Eubacterium] dolichum,ERR1090832
496,species,0.00848464,Neisseria macacae,ERR1090832
483,species,0.00848464,Neisseria cinerea,ERR1090832
220688,species,0.00848464,Bacillus soli,ERR1090832
341220,species,0.00848464,Lactonifactor longoviformis,ERR1090832
28026,species,0.00848464,Bifidobacterium pseudocatenulatum,ERR1090832
1121298,species,0.00848464,Clostridium amylolyticum,ERR1090832
196024,species,0.00678771,Aeromonas dhakensis,ERR1090832
46228,species,0.00678771,Ruminococcus lactaris,ERR1090832
78345,species,0.00678771,Bifidobacterium merycicum,ERR1090832
1510,species,0.00678771,[Clostridium] stercorarium,ERR1090832
1504,species,0.00678771,Clostridium septicum,ERR1090832
650643,species,0.00678771,Alistipes sp. RMA 9912,ERR1090832
216816,species,0.00678771,Bifidobacterium longum,ERR1090832
1520,species,0.00678771,Clostridium beijerinckii,ERR1090832
1195760,species,0.00678771,Wenyingzhuangia marina,ERR1090832
33039,species,0.00678771,[Ruminococcus] torques,ERR1090832
1559,species,0.00678771,Clostridium tertium,ERR1090832
185300,species,0.00678771,Paludibacter propionicigenes,ERR1090832
691816,species,0.00509079,Bacteroides rodentium,ERR1090832
703,species,0.00509079,Plesiomonas shigelloides,ERR1090832
1671366,species,0.00509079,Ruminococcus sp. DSM 100440,ERR1090832
57706,species,0.00509079,Citrobacter braakii,ERR1090832
885581,species,0.00509079,Desulfosporosinus acidiphilus,ERR1090832
1303,species,0.00509079,Streptococcus oralis,ERR1090832
52787,species,0.00509079,Anaerofilum pentosovorans,ERR1090832
1503,species,0.00509079,[Clostridium] purinilyticum,ERR1090832
39484,species,0.00509079,Eubacterium desmolans,ERR1090832
106648,species,0.00509079,Acinetobacter bereziniae,ERR1090832
39486,species,0.00509079,Dorea formicigenerans,ERR1090832
89014,species,0.00509079,Blautia luti,ERR1090832
46506,species,0.00509079,Bacteroides stercoris,ERR1090832
29360,species,0.00509079,Cellulosilyticum lentocellum,ERR1090832
645,species,0.00509079,Aeromonas salmonicida,ERR1090832
1078480,species,0.00509079,Haemophilus sputorum,ERR1090832
165179,species,0.00509079,Prevotella copri,ERR1090832
122355,species,0.00339386,Pseudomonas psychrophila,ERR1090832
251535,species,0.00339386,Candidatus Blochmannia vafer,ERR1090832
28139,species,0.00339386,Rikenella microfusus,ERR1090832
28111,species,0.00339386,Bacteroides eggerthii,ERR1090832
1407,species,0.00339386,Bacillus psychrosaccharolyticus,ERR1090832
1015,species,0.00339386,Bergeyella zoohelcum,ERR1090832
166486,species,0.00339386,Roseburia intestinalis,ERR1090832
316,species,0.00339386,Pseudomonas stutzeri,ERR1090832
43263,species,0.00339386,Pseudomonas alcaligenes,ERR1090832
125614,species,0.00339386,Thiothrix disciformis,ERR1090832
851,species,0.00339386,Fusobacterium nucleatum,ERR1090832
573,species,0.00339386,Klebsiella pneumoniae,ERR1090832
654,species,0.00339386,Aeromonas veronii,ERR1090832
261299,species,0.00339386,Intestinibacter bartlettii,ERR1090832
137658,species,0.00339386,Pseudomonas indica,ERR1090832
39491,species,0.00339386,[Eubacterium] rectale,ERR1090832
461876,species,0.00339386,Alkaliphilus oremlandii,ERR1090832
316068,species,0.00339386,Leadbetterella byssophila,ERR1090832
652716,species,0.00339386,Prevotella sp. oral taxon 299,ERR1090832
745368,species,0.00339386,Gemmiger formicilis,ERR1090832
29375,species,0.00339386,[Clostridium] xylanolyticum,ERR1090832
907,species,0.00339386,Megasphaera elsdenii,ERR1090832
454154,species,0.00169693,Paraprevotella clara,ERR1090832
214851,species,0.00169693,Subdoligranulum variabile,ERR1090832
44674,species,0.00169693,Sulfurospirillum barnesii,ERR1090832
157688,species,0.00169693,Leptotrichia hofstadii,ERR1090832
884684,species,0.00169693,Mageeibacillus indolicus,ERR1090832
284581,species,0.00169693,Bacillus koreensis,ERR1090832
28118,species,0.00169693,Odoribacter splanchnicus,ERR1090832
1539,species,0.00169693,Clostridium malenominatum,ERR1090832
714,species,0.00169693,Aggregatibacter actinomycetemcomitans,ERR1090832
202611,species,0.00169693,Lysinibacillus odysseyi,ERR1090832
1401,species,0.00169693,Paenibacillus lautus,ERR1090832
937334,species,0.00169693,Caldicoprobacter faecalis,ERR1090832
762212,species,0.00169693,Bifidobacterium biavatii,ERR1090832
739,species,0.00169693,Aggregatibacter segnis,ERR1090832
304268,species,0.00169693,Bacillus alkalitelluris,ERR1090832
33031,species,0.00169693,Peptoniphilus lacrimalis,ERR1090832
137662,species,0.00169693,Nonomuraea terrinata,ERR1090832
290055,species,0.00169693,[Eubacterium] fissicatena,ERR1090832
206043,species,0.00169693,Actinomyces oricola,ERR1090832
823,species,0.00169693,Parabacteroides distasonis,ERR1090832
985664,species,0.00169693,Bacillus sp. CCUG 60788,ERR1090832
28454,species,0.00169693,Sphingobacterium multivorum,ERR1090832
28446,species,0.00169693,[Clostridium] propionicum,ERR1090832
28025,species,0.00169693,Bifidobacterium animalis,ERR1090832
1126833,species,0.00169693,Paenibacillus beijingensis,ERR1090832
376806,species,0.00169693,Bacteroides gallinarum,ERR1090832
105612,species,0.00169693,Lactobacillus algidus,ERR1090832
46206,species,0.00169693,Pseudobutyrivibrio ruminis,ERR1090832
467210,species,0.00169693,Lachnoanaerobaculum saburreum,ERR1090832
999468,species,0.00169693,Sphingobacterium sp. LMG 8345,ERR1090832
572023,species,0.00169693,Pasteurellaceae bacterium NCTC 11878,ERR1090832
106588,species,0.00169693,Pseudoflavonifractor capillosus,ERR1090832
400390,species,0.00169693,Alkalimonas collagenimarina,ERR1090832
477666,species,0.00169693,Bacteroides graminisolvens,ERR1090832
376804,species,0.00169693,Bacteroides barnesiae,ERR1090832
1547,species,0.00169693,Erysipelatoclostridium ramosum,ERR1090832
1768011,species,0.00169693,Sphingobacterium sp. LMG 28764,ERR1090832
927083,species,0.00169693,Sandaracinus amylolyticus,ERR1090832
33034,species,0.00169693,Anaerococcus prevotii,ERR1090832
1532,species,0.00169693,Blautia coccoides,ERR1090832
632,species,0.00169693,Yersinia pestis,ERR1090832
1629,species,0.00169693,Weissella viridescens,ERR1090832
1685,species,0.00169693,Bifidobacterium breve,ERR1090832
536633,species,0.00169693,Blautia glucerasea,ERR1090832
89768,species,0.00169693,Methylobacterium sp. MBIC4305,ERR1090832
749,species,0.00169693,[Pasteurella] aerogenes,ERR1090832
29391,species,0.00169693,Gemella morbillorum,ERR1090832
29348,species,0.00169693,[Clostridium] spiroforme,ERR1090832
587,species,0.00169693,Providencia rettgeri,ERR1090832
584,species,0.00169693,Proteus mirabilis,ERR1090832
155617,species,0.00169693,Enterococcus moraviensis,ERR1090832
634765,species,0.00169693,Cocleimonas flava,ERR1090832
88431,species,0.00169693,Dorea longicatena,ERR1090832
180311,species,0.00169693,Hespellia stercorisuis,ERR1090832
33043,species,0.00169693,Coprococcus eutactus,ERR1090832
187327,species,0.00169693,Acidaminococcus intestini,ERR1090832
36745,species,0.00169693,Clostridium saccharoperbutylacetonicum,ERR1090832
36834,species,0.00169693,Clostridium celatum,ERR1090832
1530,species,0.00169693,Clostridium carnis,ERR1090832
107580,species,0.00169693,Bacteroides sp. CIP103040,ERR1090832
454155,species,0.00169693,Paraprevotella xylaniphila,ERR1090832
39488,species,0.00169693,[Eubacterium] hallii,ERR1090832
453230,species,0.00169693,Desulfarculus baarsii,ERR1090832
314275,species,0.00169693,Alteromonas mediterranea,ERR1090832
52786,species,0.00169693,Anaerofilum agile,ERR1090832
1304,species,0.00169693,Streptococcus salivarius,ERR1090832
735,species,0.00169693,Haemophilus parahaemolyticus,ERR1090832
35833,species,0.00169693,Bilophila wadsworthia,ERR1090832
644220,species,0.00169693,Marinicella litoralis,ERR1090832
363872,species,0.00169693,Bacillus panaciterrae,ERR1090832
81037,species,0.00169693,Pseudoalteromonas elyakovii,ERR1090832
570161,species,0.00169693,Marinifilum fragile,ERR1090832
35825,species,0.00169693,Pseudobacteroides cellulosolvens,ERR1090832
495,species,0.00169693,Neisseria elongata,ERR1090832
1113725,species,0.00169693,Alcanivorax sp. NBRC 101095,ERR1090832
755731,species,0.00169693,Clostridium sp. BNL1100,ERR1090832
146919,species,0.00169693,Salinibacter ruber,ERR1090832
387661,species,0.00169693,Parabacteroides johnsonii,ERR1090832
405446,species,0.00169693,Stenotrophomonas terrae,ERR1090832
216947,species,0.00169693,Spiroplasma velocicrescens,ERR1090832
214853,species,0.00169693,Anaerofustis stercorihominis,ERR1090832
39496,species,0.00169693,Eubacterium ventriosum,ERR1090832
45254,species,0.00169693,Dysgonomonas capnocytophagoides,ERR1090832
301302,species,0.00169693,Roseburia faecis,ERR1090832
410072,species,0.00169693,Coprococcus comes,ERR1090832
29466,species,0.00169693,Veillonella parvula,ERR1090832
1308,species,0.00169693,Streptococcus thermophilus,ERR1090832
996,species,0.00169693,Flavobacterium columnare,ERR1090832
219742,species,0.00169693,Psychrobacter adeliensis,ERR1090832
214856,species,0.00169693,Alistipes finegoldii,ERR1090832
290588,species,0.00169693,Bacillus oshimensis,ERR1090832
-1,species,75.7051,Unknown,ERR1090832
246787,species,2.83048,Bacteroides cellulosilyticus,ERR1090832
328813,species,2.81011,Alistipes onderdonkii,ERR1090832
820,species,2.74902,Bacteroides uniformis,ERR1090832
1297750,species,2.22976,Bacteroides luti,ERR1090832
28116,species,2.08043,Bacteroides ovatus,ERR1090832
85831,species,2.02783,Bacteroides acidifaciens,ERR1090832
28117,species,1.22009,Alistipes putredinis,ERR1090832
817,species,0.918038,Bacteroides fragilis,ERR1090832
287,species,0.785678,Pseudomonas aeruginosa,ERR1090832
397865,species,0.753436,Barnesiella viscericola,ERR1090832
487175,species,0.736467,Parasutterella excrementihominis,ERR1090832
853,species,0.685559,Faecalibacterium prausnitzii,ERR1090832
328814,species,0.341083,Alistipes shahii,ERR1090832
626937,species,0.335992,Christensenella minuta,ERR1090832
239935,species,0.302053,Akkermansia muciniphila,ERR1090832
39492,species,0.298659,[Eubacterium] siraeum,ERR1090832
562,species,0.293569,Escherichia coli,ERR1090832
1515,species,0.173087,Ruminiclostridium thermocellum,ERR1090832
2317,species,0.157814,Methanosphaera stadtmanae,ERR1090832
308994,species,0.152724,Dialister propionicifaciens,ERR1090832
351091,species,0.139148,Oscillibacter valericigenes,ERR1090832
218538,species,0.135754,Dialister invisus,ERR1090832
1535,species,0.12727,[Clostridium] leptum,ERR1090832
1465754,species,0.101816,Alistipes timonensis,ERR1090832
818,species,0.0967249,Bacteroides thetaiotaomicron,ERR1090832
371601,species,0.0967249,Bacteroides xylanisolvens,ERR1090832
28126,species,0.0865434,Prevotella buccae,ERR1090832
876,species,0.0644833,Desulfovibrio desulfuricans,ERR1090832
44749,species,0.0576956,Sporobacter termitidis,ERR1090832
488,species,0.0559986,Neisseria mucosa,ERR1090832
1492,species,0.0543017,Clostridium butyricum,ERR1090832
39485,species,0.047514,[Eubacterium] eligens,ERR1090832
66851,species,0.047514,Methanobrevibacter oralis,ERR1090832
47246,species,0.0441201,[Clostridium] viride,ERR1090832
204038,species,0.0424232,Dickeya dadantii,ERR1090832
360807,species,0.0424232,Roseburia inulinivorans,ERR1090832
39493,species,0.0424232,Clostridium tarantellae,ERR1090832
169435,species,0.0407263,Anaerotruncus colihominis,ERR1090832
48256,species,0.0407263,[Clostridium] hungatei,ERR1090832
729,species,0.0373324,Haemophilus parainfluenzae,ERR1090832
329854,species,0.0356355,Bacteroides intestinalis,ERR1090832
341225,species,0.0356355,[Clostridium] saccharogumia,ERR1090832
555059,species,0.0339386,Streptomyces sedi,ERR1090832
84026,species,0.0322416,[Clostridium] methylpentosum,ERR1090832
288965,species,0.0288478,[Clostridium] clariflavum,ERR1090832
36835,species,0.0254539,[Clostridium] colinum,ERR1090832
1352,species,0.0203631,Enterococcus faecium,ERR1090832
40519,species,0.0203631,Ruminococcus callidus,ERR1090832
143393,species,0.0203631,[Eubacterium] sulci,ERR1090832
40520,species,0.0203631,Blautia obeum,ERR1090832
1265,species,0.0186662,Ruminococcus flavefaciens,ERR1090832
83661,species,0.0169693,Desulfonispora thiosulfatigenes,ERR1090832
1236974,species,0.0169693,Paenibacillus sp. JCM 10914,ERR1090832
2173,species,0.0152724,Methanobrevibacter smithii,ERR1090832
61171,species,0.0152724,Holdemania filiformis,ERR1090832
1686,species,0.0152724,Bifidobacterium catenulatum,ERR1090832
1161942,species,0.0152724,Ruminococcus champanellensis,ERR1090832
1264,species,0.0135754,Ruminococcus albus,ERR1090832
28037,species,0.0135754,Streptococcus mitis,ERR1090832
301301,species,0.0118785,Roseburia hominis,ERR1090832
100176,species,0.0118785,Papillibacter cinnamivorans,ERR1090832
35517,species,0.0118785,[Eubacterium] brachy,ERR1090832
37734,species,0.0101816,Enterococcus casseliflavus,ERR1090832
41976,species,0.0101816,Porphyromonas catoniae,ERR1090832
47678,species,0.0101816,Bacteroides caccae,ERR1090832
84030,species,0.0101816,[Clostridium] saccharolyticum,ERR1090832
40518,species,0.0101816,Ruminococcus bromii,ERR1090832
28901,species,0.0101816,Salmonella enterica,ERR1090832
1408,species,0.0101816,Bacillus pumilus,ERR1090832
483,species,0.00848464,Neisseria cinerea,ERR1090832
496,species,0.00848464,Neisseria macacae,ERR1090832
220688,species,0.00848464,Bacillus soli,ERR1090832
28026,species,0.00848464,Bifidobacterium pseudocatenulatum,ERR1090832
341220,species,0.00848464,Lactonifactor longoviformis,ERR1090832
1121298,species,0.00848464,Clostridium amylolyticum,ERR1090832
1563,species,0.00848464,Desulfosporosinus orientis,ERR1090832
39497,species,0.00848464,Eubacterium xylanophilum,ERR1090832
69825,species,0.00848464,[Clostridium] indolis,ERR1090832
84112,species,0.00848464,Eggerthella lenta,ERR1090832
31971,species,0.00848464,[Eubacterium] dolichum,ERR1090832
1510,species,0.00678771,[Clostridium] stercorarium,ERR1090832
1504,species,0.00678771,Clostridium septicum,ERR1090832
650643,species,0.00678771,Alistipes sp. RMA 9912,ERR1090832
216816,species,0.00678771,Bifidobacterium longum,ERR1090832
1520,species,0.00678771,Clostridium beijerinckii,ERR1090832
1195760,species,0.00678771,Wenyingzhuangia marina,ERR1090832
33039,species,0.00678771,[Ruminococcus] torques,ERR1090832
1559,species,0.00678771,Clostridium tertium,ERR1090832
185300,species,0.00678771,Paludibacter propionicigenes,ERR1090832
196024,species,0.00678771,Aeromonas dhakensis,ERR1090832
46228,species,0.00678771,Ruminococcus lactaris,ERR1090832
78345,species,0.00678771,Bifidobacterium merycicum,ERR1090832
52787,species,0.00509079,Anaerofilum pentosovorans,ERR1090832
1503,species,0.00509079,[Clostridium] purinilyticum,ERR1090832
39484,species,0.00509079,Eubacterium desmolans,ERR1090832
106648,species,0.00509079,Acinetobacter bereziniae,ERR1090832
39486,species,0.00509079,Dorea formicigenerans,ERR1090832
89014,species,0.00509079,Blautia luti,ERR1090832
46506,species,0.00509079,Bacteroides stercoris,ERR1090832
29360,species,0.00509079,Cellulosilyticum lentocellum,ERR1090832
1078480,species,0.00509079,Haemophilus sputorum,ERR1090832
165179,species,0.00509079,Prevotella copri,ERR1090832
645,species,0.00509079,Aeromonas salmonicida,ERR1090832
691816,species,0.00509079,Bacteroides rodentium,ERR1090832
703,species,0.00509079,Plesiomonas shigelloides,ERR1090832
1671366,species,0.00509079,Ruminococcus sp. DSM 100440,ERR1090832
57706,species,0.00509079,Citrobacter braakii,ERR1090832
1303,species,0.00509079,Streptococcus oralis,ERR1090832
885581,species,0.00509079,Desulfosporosinus acidiphilus,ERR1090832
125614,species,0.00339386,Thiothrix disciformis,ERR1090832
851,species,0.00339386,Fusobacterium nucleatum,ERR1090832
261299,species,0.00339386,Intestinibacter bartlettii,ERR1090832
137658,species,0.00339386,Pseudomonas indica,ERR1090832
573,species,0.00339386,Klebsiella pneumoniae,ERR1090832
654,species,0.00339386,Aeromonas veronii,ERR1090832
39491,species,0.00339386,[Eubacterium] rectale,ERR1090832
316068,species,0.00339386,Leadbetterella byssophila,ERR1090832
461876,species,0.00339386,Alkaliphilus oremlandii,ERR1090832
652716,species,0.00339386,Prevotella sp. oral taxon 299,ERR1090832
29375,species,0.00339386,[Clostridium] xylanolyticum,ERR1090832
745368,species,0.00339386,Gemmiger formicilis,ERR1090832
907,species,0.00339386,Megasphaera elsdenii,ERR1090832
122355,species,0.00339386,Pseudomonas psychrophila,ERR1090832
251535,species,0.00339386,Candidatus Blochmannia vafer,ERR1090832
28111,species,0.00339386,Bacteroides eggerthii,ERR1090832
28139,species,0.00339386,Rikenella microfusus,ERR1090832
1015,species,0.00339386,Bergeyella zoohelcum,ERR1090832
166486,species,0.00339386,Roseburia intestinalis,ERR1090832
1407,species,0.00339386,Bacillus psychrosaccharolyticus,ERR1090832
316,species,0.00339386,Pseudomonas stutzeri,ERR1090832
43263,species,0.00339386,Pseudomonas alcaligenes,ERR1090832
376804,species,0.00169693,Bacteroides barnesiae,ERR1090832
1547,species,0.00169693,Erysipelatoclostridium ramosum,ERR1090832
1768011,species,0.00169693,Sphingobacterium sp. LMG 28764,ERR1090832
927083,species,0.00169693,Sandaracinus amylolyticus,ERR1090832
33034,species,0.00169693,Anaerococcus prevotii,ERR1090832
1532,species,0.00169693,Blautia coccoides,ERR1090832
632,species,0.00169693,Yersinia pestis,ERR1090832
477666,species,0.00169693,Bacteroides graminisolvens,ERR1090832
536633,species,0.00169693,Blautia glucerasea,ERR1090832
89768,species,0.00169693,Methylobacterium sp. MBIC4305,ERR1090832
749,species,0.00169693,[Pasteurella] aerogenes,ERR1090832
29391,species,0.00169693,Gemella morbillorum,ERR1090832
1629,species,0.00169693,Weissella viridescens,ERR1090832
1685,species,0.00169693,Bifidobacterium breve,ERR1090832
29348,species,0.00169693,[Clostridium] spiroforme,ERR1090832
587,species,0.00169693,Providencia rettgeri,ERR1090832
584,species,0.00169693,Proteus mirabilis,ERR1090832
155617,species,0.00169693,Enterococcus moraviensis,ERR1090832
634765,species,0.00169693,Cocleimonas flava,ERR1090832
88431,species,0.00169693,Dorea longicatena,ERR1090832
33043,species,0.00169693,Coprococcus eutactus,ERR1090832
187327,species,0.00169693,Acidaminococcus intestini,ERR1090832
36745,species,0.00169693,Clostridium saccharoperbutylacetonicum,ERR1090832
36834,species,0.00169693,Clostridium celatum,ERR1090832
180311,species,0.00169693,Hespellia stercorisuis,ERR1090832
107580,species,0.00169693,Bacteroides sp. CIP103040,ERR1090832
454155,species,0.00169693,Paraprevotella xylaniphila,ERR1090832
39488,species,0.00169693,[Eubacterium] hallii,ERR1090832
453230,species,0.00169693,Desulfarculus baarsii,ERR1090832
314275,species,0.00169693,Alteromonas mediterranea,ERR1090832
52786,species,0.00169693,Anaerofilum agile,ERR1090832
1530,species,0.00169693,Clostridium carnis,ERR1090832
735,species,0.00169693,Haemophilus parahaemolyticus,ERR1090832
35833,species,0.00169693,Bilophila wadsworthia,ERR1090832
644220,species,0.00169693,Marinicella litoralis,ERR1090832
363872,species,0.00169693,Bacillus panaciterrae,ERR1090832
1304,species,0.00169693,Streptococcus salivarius,ERR1090832
570161,species,0.00169693,Marinifilum fragile,ERR1090832
35825,species,0.00169693,Pseudobacteroides cellulosolvens,ERR1090832
495,species,0.00169693,Neisseria elongata,ERR1090832
1113725,species,0.00169693,Alcanivorax sp. NBRC 101095,ERR1090832
755731,species,0.00169693,Clostridium sp. BNL1100,ERR1090832
81037,species,0.00169693,Pseudoalteromonas elyakovii,ERR1090832
387661,species,0.00169693,Parabacteroides johnsonii,ERR1090832
405446,species,0.00169693,Stenotrophomonas terrae,ERR1090832
216947,species,0.00169693,Spiroplasma velocicrescens,ERR1090832
146919,species,0.00169693,Salinibacter ruber,ERR1090832
45254,species,0.00169693,Dysgonomonas capnocytophagoides,ERR1090832
301302,species,0.00169693,Roseburia faecis,ERR1090832
410072,species,0.00169693,Coprococcus comes,ERR1090832
29466,species,0.00169693,Veillonella parvula,ERR1090832
1308,species,0.00169693,Streptococcus thermophilus,ERR1090832
996,species,0.00169693,Flavobacterium columnare,ERR1090832
219742,species,0.00169693,Psychrobacter adeliensis,ERR1090832
214853,species,0.00169693,Anaerofustis stercorihominis,ERR1090832
39496,species,0.00169693,Eubacterium ventriosum,ERR1090832
290588,species,0.00169693,Bacillus oshimensis,ERR1090832
214856,species,0.00169693,Alistipes finegoldii,ERR1090832
214851,species,0.00169693,Subdoligranulum variabile,ERR1090832
44674,species,0.00169693,Sulfurospirillum barnesii,ERR1090832
157688,species,0.00169693,Leptotrichia hofstadii,ERR1090832
884684,species,0.00169693,Mageeibacillus indolicus,ERR1090832
284581,species,0.00169693,Bacillus koreensis,ERR1090832
454154,species,0.00169693,Paraprevotella clara,ERR1090832
1539,species,0.00169693,Clostridium malenominatum,ERR1090832
714,species,0.00169693,Aggregatibacter actinomycetemcomitans,ERR1090832
202611,species,0.00169693,Lysinibacillus odysseyi,ERR1090832
1401,species,0.00169693,Paenibacillus lautus,ERR1090832
28118,species,0.00169693,Odoribacter splanchnicus,ERR1090832
762212,species,0.00169693,Bifidobacterium biavatii,ERR1090832
739,species,0.00169693,Aggregatibacter segnis,ERR1090832
304268,species,0.00169693,Bacillus alkalitelluris,ERR1090832
937334,species,0.00169693,Caldicoprobacter faecalis,ERR1090832
823,species,0.00169693,Parabacteroides distasonis,ERR1090832
985664,species,0.00169693,Bacillus sp. CCUG 60788,ERR1090832
28454,species,0.00169693,Sphingobacterium multivorum,ERR1090832
33031,species,0.00169693,Peptoniphilus lacrimalis,ERR1090832
137662,species,0.00169693,Nonomuraea terrinata,ERR1090832
290055,species,0.00169693,[Eubacterium] fissicatena,ERR1090832
206043,species,0.00169693,Actinomyces oricola,ERR1090832
1126833,species,0.00169693,Paenibacillus beijingensis,ERR1090832
376806,species,0.00169693,Bacteroides gallinarum,ERR1090832
105612,species,0.00169693,Lactobacillus algidus,ERR1090832
46206,species,0.00169693,Pseudobutyrivibrio ruminis,ERR1090832
28446,species,0.00169693,[Clostridium] propionicum,ERR1090832
28025,species,0.00169693,Bifidobacterium animalis,ERR1090832
999468,species,0.00169693,Sphingobacterium sp. LMG 8345,ERR1090832
572023,species,0.00169693,Pasteurellaceae bacterium NCTC 11878,ERR1090832
106588,species,0.00169693,Pseudoflavonifractor capillosus,ERR1090832
400390,species,0.00169693,Alkalimonas collagenimarina,ERR1090832
467210,species,0.00169693,Lachnoanaerobaculum saburreum,ERR1090832
-1,species,75.7051,Unknown,ERR1090832
246787,species,2.83048,Bacteroides cellulosilyticus,ERR1090832
328813,species,2.81011,Alistipes onderdonkii,ERR1090832
820,species,2.74902,Bacteroides uniformis,ERR1090832
1297750,species,2.22976,Bacteroides luti,ERR1090832
28116,species,2.08043,Bacteroides ovatus,ERR1090832
85831,species,2.02783,Bacteroides acidifaciens,ERR1090832
28117,species,1.22009,Alistipes putredinis,ERR1090832
817,species,0.918038,Bacteroides fragilis,ERR1090832
287,species,0.785678,Pseudomonas aeruginosa,ERR1090832
397865,species,0.753436,Barnesiella viscericola,ERR1090832
487175,species,0.736467,Parasutterella excrementihominis,ERR1090832
853,species,0.685559,Faecalibacterium prausnitzii,ERR1090832
328814,species,0.341083,Alistipes shahii,ERR1090832
626937,species,0.335992,Christensenella minuta,ERR1090832
239935,species,0.302053,Akkermansia muciniphila,ERR1090832
39492,species,0.298659,[Eubacterium] siraeum,ERR1090832
562,species,0.293569,Escherichia coli,ERR1090832
1515,species,0.173087,Ruminiclostridium thermocellum,ERR1090832
2317,species,0.157814,Methanosphaera stadtmanae,ERR1090832
308994,species,0.152724,Dialister propionicifaciens,ERR1090832
351091,species,0.139148,Oscillibacter valericigenes,ERR1090832
218538,species,0.135754,Dialister invisus,ERR1090832
1535,species,0.12727,[Clostridium] leptum,ERR1090832
1465754,species,0.101816,Alistipes timonensis,ERR1090832
371601,species,0.0967249,Bacteroides xylanisolvens,ERR1090832
818,species,0.0967249,Bacteroides thetaiotaomicron,ERR1090832
28126,species,0.0865434,Prevotella buccae,ERR1090832
876,species,0.0644833,Desulfovibrio desulfuricans,ERR1090832
44749,species,0.0576956,Sporobacter termitidis,ERR1090832
488,species,0.0559986,Neisseria mucosa,ERR1090832
1492,species,0.0543017,Clostridium butyricum,ERR1090832
66851,species,0.047514,Methanobrevibacter oralis,ERR1090832
39485,species,0.047514,[Eubacterium] eligens,ERR1090832
47246,species,0.0441201,[Clostridium] viride,ERR1090832
204038,species,0.0424232,Dickeya dadantii,ERR1090832
360807,species,0.0424232,Roseburia inulinivorans,ERR1090832
39493,species,0.0424232,Clostridium tarantellae,ERR1090832
48256,species,0.0407263,[Clostridium] hungatei,ERR1090832
169435,species,0.0407263,Anaerotruncus colihominis,ERR1090832
729,species,0.0373324,Haemophilus parainfluenzae,ERR1090832
329854,species,0.0356355,Bacteroides intestinalis,ERR1090832
341225,species,0.0356355,[Clostridium] saccharogumia,ERR1090832
555059,species,0.0339386,Streptomyces sedi,ERR1090832
84026,species,0.0322416,[Clostridium] methylpentosum,ERR1090832
288965,species,0.0288478,[Clostridium] clariflavum,ERR1090832
36835,species,0.0254539,[Clostridium] colinum,ERR1090832
143393,species,0.0203631,[Eubacterium] sulci,ERR1090832
40520,species,0.0203631,Blautia obeum,ERR1090832
1352,species,0.0203631,Enterococcus faecium,ERR1090832
40519,species,0.0203631,Ruminococcus callidus,ERR1090832
1265,species,0.0186662,Ruminococcus flavefaciens,ERR1090832
83661,species,0.0169693,Desulfonispora thiosulfatigenes,ERR1090832
1236974,species,0.0169693,Paenibacillus sp. JCM 10914,ERR1090832
1161942,species,0.0152724,Ruminococcus champanellensis,ERR1090832
2173,species,0.0152724,Methanobrevibacter smithii,ERR1090832
61171,species,0.0152724,Holdemania filiformis,ERR1090832
1686,species,0.0152724,Bifidobacterium catenulatum,ERR1090832
28037,species,0.0135754,Streptococcus mitis,ERR1090832
1264,species,0.0135754,Ruminococcus albus,ERR1090832
100176,species,0.0118785,Papillibacter cinnamivorans,ERR1090832
35517,species,0.0118785,[Eubacterium] brachy,ERR1090832
301301,species,0.0118785,Roseburia hominis,ERR1090832
84030,species,0.0101816,[Clostridium] saccharolyticum,ERR1090832
40518,species,0.0101816,Ruminococcus bromii,ERR1090832
28901,species,0.0101816,Salmonella enterica,ERR1090832
1408,species,0.0101816,Bacillus pumilus,ERR1090832
37734,species,0.0101816,Enterococcus casseliflavus,ERR1090832
41976,species,0.0101816,Porphyromonas catoniae,ERR1090832
47678,species,0.0101816,Bacteroides caccae,ERR1090832
69825,species,0.00848464,[Clostridium] indolis,ERR1090832
84112,species,0.00848464,Eggerthella lenta,ERR1090832
31971,species,0.00848464,[Eubacterium] dolichum,ERR1090832
496,species,0.00848464,Neisseria macacae,ERR1090832
483,species,0.00848464,Neisseria cinerea,ERR1090832
220688,species,0.00848464,Bacillus soli,ERR1090832
341220,species,0.00848464,Lactonifactor longoviformis,ERR1090832
28026,species,0.00848464,Bifidobacterium pseudocatenulatum,ERR1090832
1121298,species,0.00848464,Clostridium amylolyticum,ERR1090832
1563,species,0.00848464,Desulfosporosinus orientis,ERR1090832
39497,species,0.00848464,Eubacterium xylanophilum,ERR1090832
78345,species,0.00678771,Bifidobacterium merycicum,ERR1090832
1510,species,0.00678771,[Clostridium] stercorarium,ERR1090832
1504,species,0.00678771,Clostridium septicum,ERR1090832
650643,species,0.00678771,Alistipes sp. RMA 9912,ERR1090832
216816,species,0.00678771,Bifidobacterium longum,ERR1090832
1520,species,0.00678771,Clostridium beijerinckii,ERR1090832
1195760,species,0.00678771,Wenyingzhuangia marina,ERR1090832
33039,species,0.00678771,[Ruminococcus] torques,ERR1090832
1559,species,0.00678771,Clostridium tertium,ERR1090832
185300,species,0.00678771,Paludibacter propionicigenes,ERR1090832
196024,species,0.00678771,Aeromonas dhakensis,ERR1090832
46228,species,0.00678771,Ruminococcus lactaris,ERR1090832
1671366,species,0.00509079,Ruminococcus sp. DSM 100440,ERR1090832
57706,species,0.00509079,Citrobacter braakii,ERR1090832
885581,species,0.00509079,Desulfosporosinus acidiphilus,ERR1090832
1303,species,0.00509079,Streptococcus oralis,ERR1090832
52787,species,0.00509079,Anaerofilum pentosovorans,ERR1090832
1503,species,0.00509079,[Clostridium] purinilyticum,ERR1090832
39484,species,0.00509079,Eubacterium desmolans,ERR1090832
106648,species,0.00509079,Acinetobacter bereziniae,ERR1090832
39486,species,0.00509079,Dorea formicigenerans,ERR1090832
89014,species,0.00509079,Blautia luti,ERR1090832
46506,species,0.00509079,Bacteroides stercoris,ERR1090832
29360,species,0.00509079,Cellulosilyticum lentocellum,ERR1090832
1078480,species,0.00509079,Haemophilus sputorum,ERR1090832
165179,species,0.00509079,Prevotella copri,ERR1090832
645,species,0.00509079,Aeromonas salmonicida,ERR1090832
691816,species,0.00509079,Bacteroides rodentium,ERR1090832
703,species,0.00509079,Plesiomonas shigelloides,ERR1090832
1407,species,0.00339386,Bacillus psychrosaccharolyticus,ERR1090832
1015,species,0.00339386,Bergeyella zoohelcum,ERR1090832
166486,species,0.00339386,Roseburia intestinalis,ERR1090832
316,species,0.00339386,Pseudomonas stutzeri,ERR1090832
43263,species,0.00339386,Pseudomonas alcaligenes,ERR1090832
125614,species,0.00339386,Thiothrix disciformis,ERR1090832
851,species,0.00339386,Fusobacterium nucleatum,ERR1090832
654,species,0.00339386,Aeromonas veronii,ERR1090832
261299,species,0.00339386,Intestinibacter bartlettii,ERR1090832
137658,species,0.00339386,Pseudomonas indica,ERR1090832
573,species,0.00339386,Klebsiella pneumoniae,ERR1090832
39491,species,0.00339386,[Eubacterium] rectale,ERR1090832
461876,species,0.00339386,Alkaliphilus oremlandii,ERR1090832
316068,species,0.00339386,Leadbetterella byssophila,ERR1090832
652716,species,0.00339386,Prevotella sp. oral taxon 299,ERR1090832
745368,species,0.00339386,Gemmiger formicilis,ERR1090832
29375,species,0.00339386,[Clostridium] xylanolyticum,ERR1090832
907,species,0.00339386,Megasphaera elsdenii,ERR1090832
122355,species,0.00339386,Pseudomonas psychrophila,ERR1090832
251535,species,0.00339386,Candidatus Blochmannia vafer,ERR1090832
28111,species,0.00339386,Bacteroides eggerthii,ERR1090832
28139,species,0.00339386,Rikenella microfusus,ERR1090832
937334,species,0.00169693,Caldicoprobacter faecalis,ERR1090832
762212,species,0.00169693,Bifidobacterium biavatii,ERR1090832
739,species,0.00169693,Aggregatibacter segnis,ERR1090832
304268,species,0.00169693,Bacillus alkalitelluris,ERR1090832
137662,species,0.00169693,Nonomuraea terrinata,ERR1090832
290055,species,0.00169693,[Eubacterium] fissicatena,ERR1090832
206043,species,0.00169693,Actinomyces oricola,ERR1090832
823,species,0.00169693,Parabacteroides distasonis,ERR1090832
985664,species,0.00169693,Bacillus sp. CCUG 60788,ERR1090832
28454,species,0.00169693,Sphingobacterium multivorum,ERR1090832
33031,species,0.00169693,Peptoniphilus lacrimalis,ERR1090832
28446,species,0.00169693,[Clostridium] propionicum,ERR1090832
28025,species,0.00169693,Bifidobacterium animalis,ERR1090832
1126833,species,0.00169693,Paenibacillus beijingensis,ERR1090832
376806,species,0.00169693,Bacteroides gallinarum,ERR1090832
105612,species,0.00169693,Lactobacillus algidus,ERR1090832
46206,species,0.00169693,Pseudobutyrivibrio ruminis,ERR1090832
467210,species,0.00169693,Lachnoanaerobaculum saburreum,ERR1090832
999468,species,0.00169693,Sphingobacterium sp. LMG 8345,ERR1090832
572023,species,0.00169693,Pasteurellaceae bacterium NCTC 11878,ERR1090832
106588,species,0.00169693,Pseudoflavonifractor capillosus,ERR1090832
400390,species,0.00169693,Alkalimonas collagenimarina,ERR1090832
376804,species,0.00169693,Bacteroides barnesiae,ERR1090832
1547,species,0.00169693,Erysipelatoclostridium ramosum,ERR1090832
1768011,species,0.00169693,Sphingobacterium sp. LMG 28764,ERR1090832
927083,species,0.00169693,Sandaracinus amylolyticus,ERR1090832
33034,species,0.00169693,Anaerococcus prevotii,ERR1090832
1532,species,0.00169693,Blautia coccoides,ERR1090832
632,species,0.00169693,Yersinia pestis,ERR1090832
477666,species,0.00169693,Bacteroides graminisolvens,ERR1090832
1629,species,0.00169693,Weissella viridescens,ERR1090832
1685,species,0.00169693,Bifidobacterium breve,ERR1090832
536633,species,0.00169693,Blautia glucerasea,ERR1090832
89768,species,0.00169693,Methylobacterium sp. MBIC4305,ERR1090832
749,species,0.00169693,[Pasteurella] aerogenes,ERR1090832
29391,species,0.00169693,Gemella morbillorum,ERR1090832
29348,species,0.00169693,[Clostridium] spiroforme,ERR1090832
587,species,0.00169693,Providencia rettgeri,ERR1090832
584,species,0.00169693,Proteus mirabilis,ERR1090832
155617,species,0.00169693,Enterococcus moraviensis,ERR1090832
634765,species,0.00169693,Cocleimonas flava,ERR1090832
88431,species,0.00169693,Dorea longicatena,ERR1090832
180311,species,0.00169693,Hespellia stercorisuis,ERR1090832
33043,species,0.00169693,Coprococcus eutactus,ERR1090832
187327,species,0.00169693,Acidaminococcus intestini,ERR1090832
36745,species,0.00169693,Clostridium saccharoperbutylacetonicum,ERR1090832
36834,species,0.00169693,Clostridium celatum,ERR1090832
107580,species,0.00169693,Bacteroides sp. CIP103040,ERR1090832
454155,species,0.00169693,Paraprevotella xylaniphila,ERR1090832
39488,species,0.00169693,[Eubacterium] hallii,ERR1090832
453230,species,0.00169693,Desulfarculus baarsii,ERR1090832
314275,species,0.00169693,Alteromonas mediterranea,ERR1090832
52786,species,0.00169693,Anaerofilum agile,ERR1090832
1530,species,0.00169693,Clostridium carnis,ERR1090832
1304,species,0.00169693,Streptococcus salivarius,ERR1090832
735,species,0.00169693,Haemophilus parahaemolyticus,ERR1090832
35833,species,0.00169693,Bilophila wadsworthia,ERR1090832
644220,species,0.00169693,Marinicella litoralis,ERR1090832
363872,species,0.00169693,Bacillus panaciterrae,ERR1090832
570161,species,0.00169693,Marinifilum fragile,ERR1090832
35825,species,0.00169693,Pseudobacteroides cellulosolvens,ERR1090832
495,species,0.00169693,Neisseria elongata,ERR1090832
1113725,species,0.00169693,Alcanivorax sp. NBRC 101095,ERR1090832
755731,species,0.00169693,Clostridium sp. BNL1100,ERR1090832
81037,species,0.00169693,Pseudoalteromonas elyakovii,ERR1090832
146919,species,0.00169693,Salinibacter ruber,ERR1090832
387661,species,0.00169693,Parabacteroides johnsonii,ERR1090832
405446,species,0.00169693,Stenotrophomonas terrae,ERR1090832
216947,species,0.00169693,Spiroplasma velocicrescens,ERR1090832
39496,species,0.00169693,Eubacterium ventriosum,ERR1090832
45254,species,0.00169693,Dysgonomonas capnocytophagoides,ERR1090832
301302,species,0.00169693,Roseburia faecis,ERR1090832
410072,species,0.00169693,Coprococcus comes,ERR1090832
29466,species,0.00169693,Veillonella parvula,ERR1090832
1308,species,0.00169693,Streptococcus thermophilus,ERR1090832
996,species,0.00169693,Flavobacterium columnare,ERR1090832
219742,species,0.00169693,Psychrobacter adeliensis,ERR1090832
214853,species,0.00169693,Anaerofustis stercorihominis,ERR1090832
290588,species,0.00169693,Bacillus oshimensis,ERR1090832
214856,species,0.00169693,Alistipes finegoldii,ERR1090832
214851,species,0.00169693,Subdoligranulum variabile,ERR1090832
44674,species,0.00169693,Sulfurospirillum barnesii,ERR1090832
157688,species,0.00169693,Leptotrichia hofstadii,ERR1090832
884684,species,0.00169693,Mageeibacillus indolicus,ERR1090832
284581,species,0.00169693,Bacillus koreensis,ERR1090832
454154,species,0.00169693,Paraprevotella clara,ERR1090832
1539,species,0.00169693,Clostridium malenominatum,ERR1090832
714,species,0.00169693,Aggregatibacter actinomycetemcomitans,ERR1090832
202611,species,0.00169693,Lysinibacillus odysseyi,ERR1090832
1401,species,0.00169693,Paenibacillus lautus,ERR1090832
28118,species,0.00169693,Odoribacter splanchnicus,ERR1090832
-1,species,75.7051,Unknown,ERR1090832
246787,species,2.83048,Bacteroides cellulosilyticus,ERR1090832
328813,species,2.81011,Alistipes onderdonkii,ERR1090832
820,species,2.74902,Bacteroides uniformis,ERR1090832
1297750,species,2.22976,Bacteroides luti,ERR1090832
28116,species,2.08043,Bacteroides ovatus,ERR1090832
85831,species,2.02783,Bacteroides acidifaciens,ERR1090832
28117,species,1.22009,Alistipes putredinis,ERR1090832
817,species,0.918038,Bacteroides fragilis,ERR1090832
287,species,0.785678,Pseudomonas aeruginosa,ERR1090832
397865,species,0.753436,Barnesiella viscericola,ERR1090832
487175,species,0.736467,Parasutterella excrementihominis,ERR1090832
853,species,0.685559,Faecalibacterium prausnitzii,ERR1090832
328814,species,0.341083,Alistipes shahii,ERR1090832
626937,species,0.335992,Christensenella minuta,ERR1090832
239935,species,0.302053,Akkermansia muciniphila,ERR1090832
39492,species,0.298659,[Eubacterium] siraeum,ERR1090832
562,species,0.293569,Escherichia coli,ERR1090832
1515,species,0.173087,Ruminiclostridium thermocellum,ERR1090832
2317,species,0.157814,Methanosphaera stadtmanae,ERR1090832
308994,species,0.152724,Dialister propionicifaciens,ERR1090832
351091,species,0.139148,Oscillibacter valericigenes,ERR1090832
218538,species,0.135754,Dialister invisus,ERR1090832
1535,species,0.12727,[Clostridium] leptum,ERR1090832
1465754,species,0.101816,Alistipes timonensis,ERR1090832
371601,species,0.0967249,Bacteroides xylanisolvens,ERR1090832
818,species,0.0967249,Bacteroides thetaiotaomicron,ERR1090832
28126,species,0.0865434,Prevotella buccae,ERR1090832
876,species,0.0644833,Desulfovibrio desulfuricans,ERR1090832
44749,species,0.0576956,Sporobacter termitidis,ERR1090832
488,species,0.0559986,Neisseria mucosa,ERR1090832
1492,species,0.0543017,Clostridium butyricum,ERR1090832
66851,species,0.047514,Methanobrevibacter oralis,ERR1090832
39485,species,0.047514,[Eubacterium] eligens,ERR1090832
47246,species,0.0441201,[Clostridium] viride,ERR1090832
204038,species,0.0424232,Dickeya dadantii,ERR1090832
360807,species,0.0424232,Roseburia inulinivorans,ERR1090832
39493,species,0.0424232,Clostridium tarantellae,ERR1090832
169435,species,0.0407263,Anaerotruncus colihominis,ERR1090832
48256,species,0.0407263,[Clostridium] hungatei,ERR1090832
729,species,0.0373324,Haemophilus parainfluenzae,ERR1090832
329854,species,0.0356355,Bacteroides intestinalis,ERR1090832
341225,species,0.0356355,[Clostridium] saccharogumia,ERR1090832
555059,species,0.0339386,Streptomyces sedi,ERR1090832
84026,species,0.0322416,[Clostridium] methylpentosum,ERR1090832
288965,species,0.0288478,[Clostridium] clariflavum,ERR1090832
36835,species,0.0254539,[Clostridium] colinum,ERR1090832
143393,species,0.0203631,[Eubacterium] sulci,ERR1090832
40520,species,0.0203631,Blautia obeum,ERR1090832
1352,species,0.0203631,Enterococcus faecium,ERR1090832
40519,species,0.0203631,Ruminococcus callidus,ERR1090832
1265,species,0.0186662,Ruminococcus flavefaciens,ERR1090832
83661,species,0.0169693,Desulfonispora thiosulfatigenes,ERR1090832
1236974,species,0.0169693,Paenibacillus sp. JCM 10914,ERR1090832
1161942,species,0.0152724,Ruminococcus champanellensis,ERR1090832
2173,species,0.0152724,Methanobrevibacter smithii,ERR1090832
61171,species,0.0152724,Holdemania filiformis,ERR1090832
1686,species,0.0152724,Bifidobacterium catenulatum,ERR1090832
28037,species,0.0135754,Streptococcus mitis,ERR1090832
1264,species,0.0135754,Ruminococcus albus,ERR1090832
100176,species,0.0118785,Papillibacter cinnamivorans,ERR1090832
35517,species,0.0118785,[Eubacterium] brachy,ERR1090832
301301,species,0.0118785,Roseburia hominis,ERR1090832
40518,species,0.0101816,Ruminococcus bromii,ERR1090832
28901,species,0.0101816,Salmonella enterica,ERR1090832
1408,species,0.0101816,Bacillus pumilus,ERR1090832
37734,species,0.0101816,Enterococcus casseliflavus,ERR1090832
41976,species,0.0101816,Porphyromonas catoniae,ERR1090832
47678,species,0.0101816,Bacteroides caccae,ERR1090832
84030,species,0.0101816,[Clostridium] saccharolyticum,ERR1090832
31971,species,0.00848464,[Eubacterium] dolichum,ERR1090832
483,species,0.00848464,Neisseria cinerea,ERR1090832
496,species,0.00848464,Neisseria macacae,ERR1090832
220688,species,0.00848464,Bacillus soli,ERR1090832
28026,species,0.00848464,Bifidobacterium pseudocatenulatum,ERR1090832
341220,species,0.00848464,Lactonifactor longoviformis,ERR1090832
1121298,species,0.00848464,Clostridium amylolyticum,ERR1090832
1563,species,0.00848464,Desulfosporosinus orientis,ERR1090832
39497,species,0.00848464,Eubacterium xylanophilum,ERR1090832
69825,species,0.00848464,[Clostridium] indolis,ERR1090832
84112,species,0.00848464,Eggerthella lenta,ERR1090832
1510,species,0.00678771,[Clostridium] stercorarium,ERR1090832
1504,species,0.00678771,Clostridium septicum,ERR1090832
650643,species,0.00678771,Alistipes sp. RMA 9912,ERR1090832
216816,species,0.00678771,Bifidobacterium longum,ERR1090832
1520,species,0.00678771,Clostridium beijerinckii,ERR1090832
1195760,species,0.00678771,Wenyingzhuangia marina,ERR1090832
33039,species,0.00678771,[Ruminococcus] torques,ERR1090832
1559,species,0.00678771,Clostridium tertium,ERR1090832
185300,species,0.00678771,Paludibacter propionicigenes,ERR1090832
196024,species,0.00678771,Aeromonas dhakensis,ERR1090832
46228,species,0.00678771,Ruminococcus lactaris,ERR1090832
78345,species,0.00678771,Bifidobacterium merycicum,ERR1090832
1671366,species,0.00509079,Ruminococcus sp. DSM 100440,ERR1090832
57706,species,0.00509079,Citrobacter braakii,ERR1090832
885581,species,0.00509079,Desulfosporosinus acidiphilus,ERR1090832
1303,species,0.00509079,Streptococcus oralis,ERR1090832
52787,species,0.00509079,Anaerofilum pentosovorans,ERR1090832
1503,species,0.00509079,[Clostridium] purinilyticum,ERR1090832
39484,species,0.00509079,Eubacterium desmolans,ERR1090832
106648,species,0.00509079,Acinetobacter bereziniae,ERR1090832
39486,species,0.00509079,Dorea formicigenerans,ERR1090832
89014,species,0.00509079,Blautia luti,ERR1090832
46506,species,0.00509079,Bacteroides stercoris,ERR1090832
29360,species,0.00509079,Cellulosilyticum lentocellum,ERR1090832
1078480,species,0.00509079,Haemophilus sputorum,ERR1090832
165179,species,0.00509079,Prevotella copri,ERR1090832
645,species,0.00509079,Aeromonas salmonicida,ERR1090832
691816,species,0.00509079,Bacteroides rodentium,ERR1090832
703,species,0.00509079,Plesiomonas shigelloides,ERR1090832
316,species,0.00339386,Pseudomonas stutzeri,ERR1090832
43263,species,0.00339386,Pseudomonas alcaligenes,ERR1090832
851,species,0.00339386,Fusobacterium nucleatum,ERR1090832
125614,species,0.00339386,Thiothrix disciformis,ERR1090832
261299,species,0.00339386,Intestinibacter bartlettii,ERR1090832
137658,species,0.00339386,Pseudomonas indica,ERR1090832
573,species,0.00339386,Klebsiella pneumoniae,ERR1090832
654,species,0.00339386,Aeromonas veronii,ERR1090832
39491,species,0.00339386,[Eubacterium] rectale,ERR1090832
316068,species,0.00339386,Leadbetterella byssophila,ERR1090832
461876,species,0.00339386,Alkaliphilus oremlandii,ERR1090832
652716,species,0.00339386,Prevotella sp. oral taxon 299,ERR1090832
29375,species,0.00339386,[Clostridium] xylanolyticum,ERR1090832
745368,species,0.00339386,Gemmiger formicilis,ERR1090832
907,species,0.00339386,Megasphaera elsdenii,ERR1090832
122355,species,0.00339386,Pseudomonas psychrophila,ERR1090832
251535,species,0.00339386,Candidatus Blochmannia vafer,ERR1090832
28111,species,0.00339386,Bacteroides eggerthii,ERR1090832
28139,species,0.00339386,Rikenella microfusus,ERR1090832
1015,species,0.00339386,Bergeyella zoohelcum,ERR1090832
166486,species,0.00339386,Roseburia intestinalis,ERR1090832
1407,species,0.00339386,Bacillus psychrosaccharolyticus,ERR1090832
206043,species,0.00169693,Actinomyces oricola,ERR1090832
823,species,0.00169693,Parabacteroides distasonis,ERR1090832
985664,species,0.00169693,Bacillus sp. CCUG 60788,ERR1090832
28454,species,0.00169693,Sphingobacterium multivorum,ERR1090832
33031,species,0.00169693,Peptoniphilus lacrimalis,ERR1090832
137662,species,0.00169693,Nonomuraea terrinata,ERR1090832
290055,species,0.00169693,[Eubacterium] fissicatena,ERR1090832
28446,species,0.00169693,[Clostridium] propionicum,ERR1090832
28025,species,0.00169693,Bifidobacterium animalis,ERR1090832
1126833,species,0.00169693,Paenibacillus beijingensis,ERR1090832
376806,species,0.00169693,Bacteroides gallinarum,ERR1090832
105612,species,0.00169693,Lactobacillus algidus,ERR1090832
46206,species,0.00169693,Pseudobutyrivibrio ruminis,ERR1090832
999468,species,0.00169693,Sphingobacterium sp. LMG 8345,ERR1090832
572023,species,0.00169693,Pasteurellaceae bacterium NCTC 11878,ERR1090832
106588,species,0.00169693,Pseudoflavonifractor capillosus,ERR1090832
400390,species,0.00169693,Alkalimonas collagenimarina,ERR1090832
467210,species,0.00169693,Lachnoanaerobaculum saburreum,ERR1090832
376804,species,0.00169693,Bacteroides barnesiae,ERR1090832
1547,species,0.00169693,Erysipelatoclostridium ramosum,ERR1090832
1768011,species,0.00169693,Sphingobacterium sp. LMG 28764,ERR1090832
927083,species,0.00169693,Sandaracinus amylolyticus,ERR1090832
33034,species,0.00169693,Anaerococcus prevotii,ERR1090832
1532,species,0.00169693,Blautia coccoides,ERR1090832
632,species,0.00169693,Yersinia pestis,ERR1090832
477666,species,0.00169693,Bacteroides graminisolvens,ERR1090832
1685,species,0.00169693,Bifidobacterium breve,ERR1090832
536633,species,0.00169693,Blautia glucerasea,ERR1090832
89768,species,0.00169693,Methylobacterium sp. MBIC4305,ERR1090832
749,species,0.00169693,[Pasteurella] aerogenes,ERR1090832
29391,species,0.00169693,Gemella morbillorum,ERR1090832
1629,species,0.00169693,Weissella viridescens,ERR1090832
29348,species,0.00169693,[Clostridium] spiroforme,ERR1090832
587,species,0.00169693,Providencia rettgeri,ERR1090832
584,species,0.00169693,Proteus mirabilis,ERR1090832
155617,species,0.00169693,Enterococcus moraviensis,ERR1090832
634765,species,0.00169693,Cocleimonas flava,ERR1090832
88431,species,0.00169693,Dorea longicatena,ERR1090832
180311,species,0.00169693,Hespellia stercorisuis,ERR1090832
33043,species,0.00169693,Coprococcus eutactus,ERR1090832
187327,species,0.00169693,Acidaminococcus intestini,ERR1090832
36745,species,0.00169693,Clostridium saccharoperbutylacetonicum,ERR1090832
36834,species,0.00169693,Clostridium celatum,ERR1090832
107580,species,0.00169693,Bacteroides sp. CIP103040,ERR1090832
454155,species,0.00169693,Paraprevotella xylaniphila,ERR1090832
39488,species,0.00169693,[Eubacterium] hallii,ERR1090832
453230,species,0.00169693,Desulfarculus baarsii,ERR1090832
314275,species,0.00169693,Alteromonas mediterranea,ERR1090832
52786,species,0.00169693,Anaerofilum agile,ERR1090832
1530,species,0.00169693,Clostridium carnis,ERR1090832
1304,species,0.00169693,Streptococcus salivarius,ERR1090832
735,species,0.00169693,Haemophilus parahaemolyticus,ERR1090832
35833,species,0.00169693,Bilophila wadsworthia,ERR1090832
644220,species,0.00169693,Marinicella litoralis,ERR1090832
363872,species,0.00169693,Bacillus panaciterrae,ERR1090832
570161,species,0.00169693,Marinifilum fragile,ERR1090832
35825,species,0.00169693,Pseudobacteroides cellulosolvens,ERR1090832
495,species,0.00169693,Neisseria elongata,ERR1090832
1113725,species,0.00169693,Alcanivorax sp. NBRC 101095,ERR1090832
755731,species,0.00169693,Clostridium sp. BNL1100,ERR1090832
81037,species,0.00169693,Pseudoalteromonas elyakovii,ERR1090832
146919,species,0.00169693,Salinibacter ruber,ERR1090832
387661,species,0.00169693,Parabacteroides johnsonii,ERR1090832
405446,species,0.00169693,Stenotrophomonas terrae,ERR1090832
216947,species,0.00169693,Spiroplasma velocicrescens,ERR1090832
45254,species,0.00169693,Dysgonomonas capnocytophagoides,ERR1090832
301302,species,0.00169693,Roseburia faecis,ERR1090832
410072,species,0.00169693,Coprococcus comes,ERR1090832
29466,species,0.00169693,Veillonella parvula,ERR1090832
1308,species,0.00169693,Streptococcus thermophilus,ERR1090832
996,species,0.00169693,Flavobacterium columnare,ERR1090832
219742,species,0.00169693,Psychrobacter adeliensis,ERR1090832
214853,species,0.00169693,Anaerofustis stercorihominis,ERR1090832
39496,species,0.00169693,Eubacterium ventriosum,ERR1090832
290588,species,0.00169693,Bacillus oshimensis,ERR1090832
214856,species,0.00169693,Alistipes finegoldii,ERR1090832
214851,species,0.00169693,Subdoligranulum variabile,ERR1090832
44674,species,0.00169693,Sulfurospirillum barnesii,ERR1090832
157688,species,0.00169693,Leptotrichia hofstadii,ERR1090832
884684,species,0.00169693,Mageeibacillus indolicus,ERR1090832
284581,species,0.00169693,Bacillus koreensis,ERR1090832
454154,species,0.00169693,Paraprevotella clara,ERR1090832
1539,species,0.00169693,Clostridium malenominatum,ERR1090832
714,species,0.00169693,Aggregatibacter actinomycetemcomitans,ERR1090832
202611,species,0.00169693,Lysinibacillus odysseyi,ERR1090832
1401,species,0.00169693,Paenibacillus lautus,ERR1090832
28118,species,0.00169693,Odoribacter splanchnicus,ERR1090832
762212,species,0.00169693,Bifidobacterium biavatii,ERR1090832
739,species,0.00169693,Aggregatibacter segnis,ERR1090832
304268,species,0.00169693,Bacillus alkalitelluris,ERR1090832
937334,species,0.00169693,Caldicoprobacter faecalis,ERR1090832
-1,species,75.7051,Unknown,ERR1090832
246787,species,2.83048,Bacteroides cellulosilyticus,ERR1090832
328813,species,2.81011,Alistipes onderdonkii,ERR1090832
820,species,2.74902,Bacteroides uniformis,ERR1090832
1297750,species,2.22976,Bacteroides luti,ERR1090832
28116,species,2.08043,Bacteroides ovatus,ERR1090832
85831,species,2.02783,Bacteroides acidifaciens,ERR1090832
28117,species,1.22009,Alistipes putredinis,ERR1090832
817,species,0.918038,Bacteroides fragilis,ERR1090832
287,species,0.785678,Pseudomonas aeruginosa,ERR1090832
397865,species,0.753436,Barnesiella viscericola,ERR1090832
487175,species,0.736467,Parasutterella excrementihominis,ERR1090832
853,species,0.685559,Faecalibacterium prausnitzii,ERR1090832
328814,species,0.341083,Alistipes shahii,ERR1090832
626937,species,0.335992,Christensenella minuta,ERR1090832
239935,species,0.302053,Akkermansia muciniphila,ERR1090832
39492,species,0.298659,[Eubacterium] siraeum,ERR1090832
562,species,0.293569,Escherichia coli,ERR1090832
1515,species,0.173087,Ruminiclostridium thermocellum,ERR1090832
2317,species,0.157814,Methanosphaera stadtmanae,ERR1090832
308994,species,0.152724,Dialister propionicifaciens,ERR1090832
351091,species,0.139148,Oscillibacter valericigenes,ERR1090832
218538,species,0.135754,Dialister invisus,ERR1090832
1535,species,0.12727,[Clostridium] leptum,ERR1090832
1465754,species,0.101816,Alistipes timonensis,ERR1090832
371601,species,0.0967249,Bacteroides xylanisolvens,ERR1090832
818,species,0.0967249,Bacteroides thetaiotaomicron,ERR1090832
28126,species,0.0865434,Prevotella buccae,ERR1090832
876,species,0.0644833,Desulfovibrio desulfuricans,ERR1090832
44749,species,0.0576956,Sporobacter termitidis,ERR1090832
488,species,0.0559986,Neisseria mucosa,ERR1090832
1492,species,0.0543017,Clostridium butyricum,ERR1090832
66851,species,0.047514,Methanobrevibacter oralis,ERR1090832
39485,species,0.047514,[Eubacterium] eligens,ERR1090832
47246,species,0.0441201,[Clostridium] viride,ERR1090832
204038,species,0.0424232,Dickeya dadantii,ERR1090832
360807,species,0.0424232,Roseburia inulinivorans,ERR1090832
39493,species,0.0424232,Clostridium tarantellae,ERR1090832
169435,species,0.0407263,Anaerotruncus colihominis,ERR1090832
48256,species,0.0407263,[Clostridium] hungatei,ERR1090832
729,species,0.0373324,Haemophilus parainfluenzae,ERR1090832
329854,species,0.0356355,Bacteroides intestinalis,ERR1090832
341225,species,0.0356355,[Clostridium] saccharogumia,ERR1090832
555059,species,0.0339386,Streptomyces sedi,ERR1090832
84026,species,0.0322416,[Clostridium] methylpentosum,ERR1090832
288965,species,0.0288478,[Clostridium] clariflavum,ERR1090832
36835,species,0.0254539,[Clostridium] colinum,ERR1090832
40520,species,0.0203631,Blautia obeum,ERR1090832
1352,species,0.0203631,Enterococcus faecium,ERR1090832
40519,species,0.0203631,Ruminococcus callidus,ERR1090832
143393,species,0.0203631,[Eubacterium] sulci,ERR1090832
1265,species,0.0186662,Ruminococcus flavefaciens,ERR1090832
83661,species,0.0169693,Desulfonispora thiosulfatigenes,ERR1090832
1236974,species,0.0169693,Paenibacillus sp. JCM 10914,ERR1090832
1161942,species,0.0152724,Ruminococcus champanellensis,ERR1090832
61171,species,0.0152724,Holdemania filiformis,ERR1090832
2173,species,0.0152724,Methanobrevibacter smithii,ERR1090832
1686,species,0.0152724,Bifidobacterium catenulatum,ERR1090832
1264,species,0.0135754,Ruminococcus albus,ERR1090832
28037,species,0.0135754,Streptococcus mitis,ERR1090832
100176,species,0.0118785,Papillibacter cinnamivorans,ERR1090832
35517,species,0.0118785,[Eubacterium] brachy,ERR1090832
301301,species,0.0118785,Roseburia hominis,ERR1090832
40518,species,0.0101816,Ruminococcus bromii,ERR1090832
28901,species,0.0101816,Salmonella enterica,ERR1090832
1408,species,0.0101816,Bacillus pumilus,ERR1090832
37734,species,0.0101816,Enterococcus casseliflavus,ERR1090832
41976,species,0.0101816,Porphyromonas catoniae,ERR1090832
47678,species,0.0101816,Bacteroides caccae,ERR1090832
84030,species,0.0101816,[Clostridium] saccharolyticum,ERR1090832
31971,species,0.00848464,[Eubacterium] dolichum,ERR1090832
496,species,0.00848464,Neisseria macacae,ERR1090832
483,species,0.00848464,Neisseria cinerea,ERR1090832
220688,species,0.00848464,Bacillus soli,ERR1090832
341220,species,0.00848464,Lactonifactor longoviformis,ERR1090832
28026,species,0.00848464,Bifidobacterium pseudocatenulatum,ERR1090832
1121298,species,0.00848464,Clostridium amylolyticum,ERR1090832
1563,species,0.00848464,Desulfosporosinus orientis,ERR1090832
39497,species,0.00848464,Eubacterium xylanophilum,ERR1090832
69825,species,0.00848464,[Clostridium] indolis,ERR1090832
84112,species,0.00848464,Eggerthella lenta,ERR1090832
1510,species,0.00678771,[Clostridium] stercorarium,ERR1090832
1504,species,0.00678771,Clostridium septicum,ERR1090832
650643,species,0.00678771,Alistipes sp. RMA 9912,ERR1090832
216816,species,0.00678771,Bifidobacterium longum,ERR1090832
1520,species,0.00678771,Clostridium beijerinckii,ERR1090832
1195760,species,0.00678771,Wenyingzhuangia marina,ERR1090832
33039,species,0.00678771,[Ruminococcus] torques,ERR1090832
1559,species,0.00678771,Clostridium tertium,ERR1090832
185300,species,0.00678771,Paludibacter propionicigenes,ERR1090832
196024,species,0.00678771,Aeromonas dhakensis,ERR1090832
46228,species,0.00678771,Ruminococcus lactaris,ERR1090832
78345,species,0.00678771,Bifidobacterium merycicum,ERR1090832
885581,species,0.00509079,Desulfosporosinus acidiphilus,ERR1090832
1303,species,0.00509079,Streptococcus oralis,ERR1090832
52787,species,0.00509079,Anaerofilum pentosovorans,ERR1090832
1503,species,0.00509079,[Clostridium] purinilyticum,ERR1090832
39484,species,0.00509079,Eubacterium desmolans,ERR1090832
106648,species,0.00509079,Acinetobacter bereziniae,ERR1090832
39486,species,0.00509079,Dorea formicigenerans,ERR1090832
89014,species,0.00509079,Blautia luti,ERR1090832
46506,species,0.00509079,Bacteroides stercoris,ERR1090832
29360,species,0.00509079,Cellulosilyticum lentocellum,ERR1090832
645,species,0.00509079,Aeromonas salmonicida,ERR1090832
1078480,species,0.00509079,Haemophilus sputorum,ERR1090832
165179,species,0.00509079,Prevotella copri,ERR1090832
691816,species,0.00509079,Bacteroides rodentium,ERR1090832
703,species,0.00509079,Plesiomonas shigelloides,ERR1090832
1671366,species,0.00509079,Ruminococcus sp. DSM 100440,ERR1090832
57706,species,0.00509079,Citrobacter braakii,ERR1090832
43263,species,0.00339386,Pseudomonas alcaligenes,ERR1090832
125614,species,0.00339386,Thiothrix disciformis,ERR1090832
851,species,0.00339386,Fusobacterium nucleatum,ERR1090832
573,species,0.00339386,Klebsiella pneumoniae,ERR1090832
654,species,0.00339386,Aeromonas veronii,ERR1090832
261299,species,0.00339386,Intestinibacter bartlettii,ERR1090832
137658,species,0.00339386,Pseudomonas indica,ERR1090832
39491,species,0.00339386,[Eubacterium] rectale,ERR1090832
461876,species,0.00339386,Alkaliphilus oremlandii,ERR1090832
316068,species,0.00339386,Leadbetterella byssophila,ERR1090832
652716,species,0.00339386,Prevotella sp. oral taxon 299,ERR1090832
745368,species,0.00339386,Gemmiger formicilis,ERR1090832
29375,species,0.00339386,[Clostridium] xylanolyticum,ERR1090832
907,species,0.00339386,Megasphaera elsdenii,ERR1090832
122355,species,0.00339386,Pseudomonas psychrophila,ERR1090832
251535,species,0.00339386,Candidatus Blochmannia vafer,ERR1090832
28111,species,0.00339386,Bacteroides eggerthii,ERR1090832
28139,species,0.00339386,Rikenella microfusus,ERR1090832
1407,species,0.00339386,Bacillus psychrosaccharolyticus,ERR1090832
1015,species,0.00339386,Bergeyella zoohelcum,ERR1090832
166486,species,0.00339386,Roseburia intestinalis,ERR1090832
316,species,0.00339386,Pseudomonas stutzeri,ERR1090832
28446,species,0.00169693,[Clostridium] propionicum,ERR1090832
28025,species,0.00169693,Bifidobacterium animalis,ERR1090832
1126833,species,0.00169693,Paenibacillus beijingensis,ERR1090832
376806,species,0.00169693,Bacteroides gallinarum,ERR1090832
105612,species,0.00169693,Lactobacillus algidus,ERR1090832
46206,species,0.00169693,Pseudobutyrivibrio ruminis,ERR1090832
467210,species,0.00169693,Lachnoanaerobaculum saburreum,ERR1090832
999468,species,0.00169693,Sphingobacterium sp. LMG 8345,ERR1090832
572023,species,0.00169693,Pasteurellaceae bacterium NCTC 11878,ERR1090832
106588,species,0.00169693,Pseudoflavonifractor capillosus,ERR1090832
400390,species,0.00169693,Alkalimonas collagenimarina,ERR1090832
477666,species,0.00169693,Bacteroides graminisolvens,ERR1090832
376804,species,0.00169693,Bacteroides barnesiae,ERR1090832
1547,species,0.00169693,Erysipelatoclostridium ramosum,ERR1090832
1768011,species,0.00169693,Sphingobacterium sp. LMG 28764,ERR1090832
927083,species,0.00169693,Sandaracinus amylolyticus,ERR1090832
33034,species,0.00169693,Anaerococcus prevotii,ERR1090832
1532,species,0.00169693,Blautia coccoides,ERR1090832
632,species,0.00169693,Yersinia pestis,ERR1090832
1629,species,0.00169693,Weissella viridescens,ERR1090832
1685,species,0.00169693,Bifidobacterium breve,ERR1090832
536633,species,0.00169693,Blautia glucerasea,ERR1090832
89768,species,0.00169693,Methylobacterium sp. MBIC4305,ERR1090832
749,species,0.00169693,[Pasteurella] aerogenes,ERR1090832
29391,species,0.00169693,Gemella morbillorum,ERR1090832
29348,species,0.00169693,[Clostridium] spiroforme,ERR1090832
587,species,0.00169693,Providencia rettgeri,ERR1090832
584,species,0.00169693,Proteus mirabilis,ERR1090832
155617,species,0.00169693,Enterococcus moraviensis,ERR1090832
634765,species,0.00169693,Cocleimonas flava,ERR1090832
88431,species,0.00169693,Dorea longicatena,ERR1090832
180311,species,0.00169693,Hespellia stercorisuis,ERR1090832
33043,species,0.00169693,Coprococcus eutactus,ERR1090832
187327,species,0.00169693,Acidaminococcus intestini,ERR1090832
36745,species,0.00169693,Clostridium saccharoperbutylacetonicum,ERR1090832
36834,species,0.00169693,Clostridium celatum,ERR1090832
1530,species,0.00169693,Clostridium carnis,ERR1090832
107580,species,0.00169693,Bacteroides sp. CIP103040,ERR1090832
454155,species,0.00169693,Paraprevotella xylaniphila,ERR1090832
39488,species,0.00169693,[Eubacterium] hallii,ERR1090832
453230,species,0.00169693,Desulfarculus baarsii,ERR1090832
314275,species,0.00169693,Alteromonas mediterranea,ERR1090832
52786,species,0.00169693,Anaerofilum agile,ERR1090832
1304,species,0.00169693,Streptococcus salivarius,ERR1090832
735,species,0.00169693,Haemophilus parahaemolyticus,ERR1090832
35833,species,0.00169693,Bilophila wadsworthia,ERR1090832
644220,species,0.00169693,Marinicella litoralis,ERR1090832
363872,species,0.00169693,Bacillus panaciterrae,ERR1090832
81037,species,0.00169693,Pseudoalteromonas elyakovii,ERR1090832
570161,species,0.00169693,Marinifilum fragile,ERR1090832
35825,species,0.00169693,Pseudobacteroides cellulosolvens,ERR1090832
495,species,0.00169693,Neisseria elongata,ERR1090832
1113725,species,0.00169693,Alcanivorax sp. NBRC 101095,ERR1090832
755731,species,0.00169693,Clostridium sp. BNL1100,ERR1090832
146919,species,0.00169693,Salinibacter ruber,ERR1090832
387661,species,0.00169693,Parabacteroides johnsonii,ERR1090832
405446,species,0.00169693,Stenotrophomonas terrae,ERR1090832
216947,species,0.00169693,Spiroplasma velocicrescens,ERR1090832
214853,species,0.00169693,Anaerofustis stercorihominis,ERR1090832
39496,species,0.00169693,Eubacterium ventriosum,ERR1090832
45254,species,0.00169693,Dysgonomonas capnocytophagoides,ERR1090832
301302,species,0.00169693,Roseburia faecis,ERR1090832
410072,species,0.00169693,Coprococcus comes,ERR1090832
29466,species,0.00169693,Veillonella parvula,ERR1090832
1308,species,0.00169693,Streptococcus thermophilus,ERR1090832
996,species,0.00169693,Flavobacterium columnare,ERR1090832
219742,species,0.00169693,Psychrobacter adeliensis,ERR1090832
290588,species,0.00169693,Bacillus oshimensis,ERR1090832
214856,species,0.00169693,Alistipes finegoldii,ERR1090832
214851,species,0.00169693,Subdoligranulum variabile,ERR1090832
44674,species,0.00169693,Sulfurospirillum barnesii,ERR1090832
157688,species,0.00169693,Leptotrichia hofstadii,ERR1090832
884684,species,0.00169693,Mageeibacillus indolicus,ERR1090832
284581,species,0.00169693,Bacillus koreensis,ERR1090832
454154,species,0.00169693,Paraprevotella clara,ERR1090832
28118,species,0.00169693,Odoribacter splanchnicus,ERR1090832
1539,species,0.00169693,Clostridium malenominatum,ERR1090832
714,species,0.00169693,Aggregatibacter actinomycetemcomitans,ERR1090832
202611,species,0.00169693,Lysinibacillus odysseyi,ERR1090832
1401,species,0.00169693,Paenibacillus lautus,ERR1090832
937334,species,0.00169693,Caldicoprobacter faecalis,ERR1090832
762212,species,0.00169693,Bifidobacterium biavatii,ERR1090832
739,species,0.00169693,Aggregatibacter segnis,ERR1090832
304268,species,0.00169693,Bacillus alkalitelluris,ERR1090832
137662,species,0.00169693,Nonomuraea terrinata,ERR1090832
290055,species,0.00169693,[Eubacterium] fissicatena,ERR1090832
206043,species,0.00169693,Actinomyces oricola,ERR1090832
823,species,0.00169693,Parabacteroides distasonis,ERR1090832
985664,species,0.00169693,Bacillus sp. CCUG 60788,ERR1090832
28454,species,0.00169693,Sphingobacterium multivorum,ERR1090832
33031,species,0.00169693,Peptoniphilus lacrimalis,ERR1090832
-1,species,75.7051,Unknown,ERR1090832
287,species,10.9972,Pseudomonas aeruginosa,ERR1090863
853,species,5.70191,Faecalibacterium prausnitzii,ERR1090863
214856,species,1.67079,Alistipes finegoldii,ERR1090863
823,species,1.34371,Parabacteroides distasonis,ERR1090863
1297750,species,1.17132,Bacteroides luti,ERR1090863
818,species,0.731524,Bacteroides thetaiotaomicron,ERR1090863
28117,species,0.689533,Alistipes putredinis,ERR1090863
1487956,species,0.682903,Corynebacterium sp. ATCC 6931,ERR1090863
39491,species,0.660803,[Eubacterium] rectale,ERR1090863
820,species,0.52378,Bacteroides uniformis,ERR1090863
290588,species,0.464109,Bacillus oshimensis,ERR1090863
351091,species,0.455269,Oscillibacter valericigenes,ERR1090863
544645,species,0.371287,Butyricimonas virosa,ERR1090863
33031,species,0.338136,Peptoniphilus lacrimalis,ERR1090863
328814,species,0.304986,Alistipes shahii,ERR1090863
53374,species,0.269625,Corynebacterium coyleae,ERR1090863
85831,species,0.265205,Bacteroides acidifaciens,ERR1090863
28116,species,0.254155,Bacteroides ovatus,ERR1090863
40520,species,0.240895,Blautia obeum,ERR1090863
204516,species,0.227634,Bacteroides massiliensis,ERR1090863
38301,species,0.216584,Corynebacterium minutissimum,ERR1090863
328813,species,0.209954,Alistipes onderdonkii,ERR1090863
165179,species,0.201114,Prevotella copri,ERR1090863
387661,species,0.198904,Parabacteroides johnsonii,ERR1090863
37734,species,0.194484,Enterococcus casseliflavus,ERR1090863
328812,species,0.190064,Parabacteroides goldsteinii,ERR1090863
1352,species,0.190064,Enterococcus faecium,ERR1090863
479117,species,0.187854,Brevibacterium ravenspurgense,ERR1090863
291645,species,0.170173,Bacteroides nordii,ERR1090863
89014,species,0.165753,Blautia luti,ERR1090863
357276,species,0.154703,Bacteroides dorei,ERR1090863
28118,species,0.145863,Odoribacter splanchnicus,ERR1090863
28111,species,0.143653,Bacteroides eggerthii,ERR1090863
43770,species,0.137023,Corynebacterium striatum,ERR1090863
156980,species,0.137023,Arthrobacter woluwensis,ERR1090863
46228,species,0.128182,Ruminococcus lactaris,ERR1090863
1223514,species,0.125972,Corynebacterium humireducens,ERR1090863
1465754,species,0.114922,Alistipes timonensis,ERR1090863
562,species,0.108292,Escherichia coli,ERR1090863
329854,species,0.101662,Bacteroides intestinalis,ERR1090863
1727,species,0.101662,Corynebacterium variabile,ERR1090863
36847,species,0.0950318,[Clostridium] neopropionicum,ERR1090863
39492,species,0.0928218,[Eubacterium] siraeum,ERR1090863
38288,species,0.0906117,Corynebacterium genitalium,ERR1090863
1476,species,0.0906117,Sporosarcina psychrophila,ERR1090863
169292,species,0.0906117,Corynebacterium aurimucosum,ERR1090863
410072,species,0.0906117,Coprococcus comes,ERR1090863
360807,species,0.0884017,Roseburia inulinivorans,ERR1090863
1265,species,0.0884017,Ruminococcus flavefaciens,ERR1090863
69825,species,0.0861917,[Clostridium] indolis,ERR1090863
39485,species,0.0817716,[Eubacterium] eligens,ERR1090863
1535,species,0.0773515,[Clostridium] leptum,ERR1090863
169435,species,0.0751414,Anaerotruncus colihominis,ERR1090863
301301,species,0.0729314,Roseburia hominis,ERR1090863
1735,species,0.0663013,Holdemanella biformis,ERR1090863
44256,species,0.0618812,Caldanaerobius polysaccharolyticus,ERR1090863
1512,species,0.0596711,[Clostridium] symbiosum,ERR1090863
246787,species,0.0574611,Bacteroides cellulosilyticus,ERR1090863
47678,species,0.0552511,Bacteroides caccae,ERR1090863
84026,species,0.050831,[Clostridium] methylpentosum,ERR1090863
52787,species,0.0442008,Anaerofilum pentosovorans,ERR1090863
1859291,species,0.0442008,Corynebacterium sp. YIM 101587,ERR1090863
61171,species,0.0419908,Holdemania filiformis,ERR1090863
171398,species,0.0419908,Paenibacillus sp. DSM 1352,ERR1090863
39490,species,0.0419908,Eubacterium ramulus,ERR1090863
136857,species,0.0419908,Corynebacterium testudinoris,ERR1090863
821,species,0.0419908,Bacteroides vulgatus,ERR1090863
38284,species,0.0397808,Corynebacterium accolens,ERR1090863
28446,species,0.0375707,[Clostridium] propionicum,ERR1090863
1492,species,0.0353607,Clostridium butyricum,ERR1090863
1113741,species,0.0353607,Bacillus sp. NBRC 101250,ERR1090863
304268,species,0.0353607,Bacillus alkalitelluris,ERR1090863
876,species,0.0331506,Desulfovibrio desulfuricans,ERR1090863
40518,species,0.0331506,Ruminococcus bromii,ERR1090863
122355,species,0.0309406,Pseudomonas psychrophila,ERR1090863
137658,species,0.0287306,Pseudomonas indica,ERR1090863
46506,species,0.0265205,Bacteroides stercoris,ERR1090863
28901,species,0.0265205,Salmonella enterica,ERR1090863
84030,species,0.0243105,[Clostridium] saccharolyticum,ERR1090863
155617,species,0.0243105,Enterococcus moraviensis,ERR1090863
44749,species,0.0243105,Sporobacter termitidis,ERR1090863
39486,species,0.0243105,Dorea formicigenerans,ERR1090863
626937,species,0.0243105,Christensenella minuta,ERR1090863
1724,species,0.0243105,Corynebacterium renale,ERR1090863
397865,species,0.0221004,Barnesiella viscericola,ERR1090863
301302,species,0.0221004,Roseburia faecis,ERR1090863
156978,species,0.0221004,Corynebacterium imitans,ERR1090863
1530,species,0.0198904,Clostridium carnis,ERR1090863
882141,species,0.0198904,Bacillus sp. IHB B 2296,ERR1090863
251535,species,0.0198904,Candidatus Blochmannia vafer,ERR1090863
28037,species,0.0198904,Streptococcus mitis,ERR1090863
83661,species,0.0176803,Desulfonispora thiosulfatigenes,ERR1090863
1280,species,0.0176803,Staphylococcus aureus,ERR1090863
204038,species,0.0176803,Dickeya dadantii,ERR1090863
166486,species,0.0176803,Roseburia intestinalis,ERR1090863
234828,species,0.0176803,Corynebacterium caspium,ERR1090863
1408,species,0.0176803,Bacillus pumilus,ERR1090863
43263,species,0.0176803,Pseudomonas alcaligenes,ERR1090863
1264,species,0.0154703,Ruminococcus albus,ERR1090863
1559,species,0.0154703,Clostridium tertium,ERR1090863
1308,species,0.0154703,Streptococcus thermophilus,ERR1090863
356851,species,0.0154703,Micromonospora chokoriensis,ERR1090863
1532,species,0.0154703,Blautia coccoides,ERR1090863
1515,species,0.0132603,Ruminiclostridium thermocellum,ERR1090863
191579,species,0.0132603,Fluviicola taffensis,ERR1090863
239935,species,0.0132603,Akkermansia muciniphila,ERR1090863
39488,species,0.0132603,[Eubacterium] hallii,ERR1090863
1124188,species,0.0110502,Flavobacterium fontis,ERR1090863
160386,species,0.0110502,Corynebacterium casei,ERR1090863
115979,species,0.0110502,Bacillus nealsonii,ERR1090863
43765,species,0.0110502,Corynebacterium amycolatum,ERR1090863
1504,species,0.0110502,Clostridium septicum,ERR1090863
28114,species,0.00884017,Porphyromonas levii,ERR1090863
39496,species,0.00884017,Eubacterium ventriosum,ERR1090863
310298,species,0.00884017,Bacteroides coprocola,ERR1090863
1764,species,0.00884017,Mycobacterium avium,ERR1090863
78331,species,0.00884017,Mycobacterium canettii,ERR1090863
1725,species,0.00884017,Corynebacterium xerosis,ERR1090863
384638,species,0.00884017,[Bacteroides] pectinophilus,ERR1090863
316,species,0.00884017,Pseudomonas stutzeri,ERR1090863
43771,species,0.00884017,Corynebacterium urealyticum,ERR1090863
161902,species,0.00884017,Corynebacterium sundsvallense,ERR1090863
1303,species,0.00884017,Streptococcus oralis,ERR1090863
47246,species,0.00663013,[Clostridium] viride,ERR1090863
79880,species,0.00663013,Bacillus clausii,ERR1090863
881,species,0.00663013,Desulfovibrio vulgaris,ERR1090863
33029,species,0.00663013,Anaerococcus hydrogenalis,ERR1090863
39497,species,0.00663013,Eubacterium xylanophilum,ERR1090863
52226,species,0.00663013,Mitsuokella multacida,ERR1090863
755171,species,0.00663013,Peptoniphilus tyrrelliae,ERR1090863
288965,species,0.00663013,[Clostridium] clariflavum,ERR1090863
851,species,0.00663013,Fusobacterium nucleatum,ERR1090863
32016,species,0.00663013,Desulfovibrio oxamicus,ERR1090863
33034,species,0.00663013,Anaerococcus prevotii,ERR1090863
582851,species,0.00663013,Oceanobacillus sojae,ERR1090863
37637,species,0.00663013,Corynebacterium pseudodiphtheriticum,ERR1090863
729,species,0.00663013,Haemophilus parainfluenzae,ERR1090863
43768,species,0.00663013,Corynebacterium matruchotii,ERR1090863
161896,species,0.00663013,Corynebacterium camporealensis,ERR1090863
106588,species,0.00663013,Pseudoflavonifractor capillosus,ERR1090863
236753,species,0.00442008,Fastidiosipila sanguinis,ERR1090863
264697,species,0.00442008,Bacillus muralis,ERR1090863
39029,species,0.00442008,Megasphaera cerevisiae,ERR1090863
29385,species,0.00442008,Staphylococcus saprophyticus,ERR1090863
58134,species,0.00442008,[Desulfotomaculum] guttoideum,ERR1090863
36834,species,0.00442008,Clostridium celatum,ERR1090863
1379,species,0.00442008,Gemella haemolysans,ERR1090863
671267,species,0.00442008,Bacteroides sartorii,ERR1090863
52786,species,0.00442008,Anaerofilum agile,ERR1090863
41976,species,0.00442008,Porphyromonas catoniae,ERR1090863
103892,species,0.00442008,Veillonella ratti,ERR1090863
220684,species,0.00442008,Bacillus drentensis,ERR1090863
1322,species,0.00442008,Blautia hansenii,ERR1090863
402877,species,0.00442008,Syntrophomonas palmitatica,ERR1090863
38289,species,0.00442008,Corynebacterium jeikeium,ERR1090863
29348,species,0.00442008,[Clostridium] spiroforme,ERR1090863
573,species,0.00442008,Klebsiella pneumoniae,ERR1090863
1800,species,0.00442008,Mycobacterium chubuense,ERR1090863
82803,species,0.00442008,Trichococcus flocculiformis,ERR1090863
341225,species,0.00442008,[Clostridium] saccharogumia,ERR1090863
28127,species,0.00442008,Prevotella buccalis,ERR1090863
1660,species,0.00442008,Actinomyces odontolyticus,ERR1090863
550,species,0.00442008,Enterobacter cloacae,ERR1090863
43990,species,0.00442008,Corynebacterium segmentosum,ERR1090863
89154,species,0.00442008,Corynebacterium terpenotabidum,ERR1090863
184870,species,0.00442008,Varibaculum cambriense,ERR1090863
1307,species,0.00442008,Streptococcus suis,ERR1090863
1539,species,0.00221004,Clostridium malenominatum,ERR1090863
536633,species,0.00221004,Blautia glucerasea,ERR1090863
1766,species,0.00221004,Mycobacterium fortuitum,ERR1090863
859,species,0.00221004,Fusobacterium necrophorum,ERR1090863
53412,species,0.00221004,Pseudomonas resinovorans,ERR1090863
303,species,0.00221004,Pseudomonas putida,ERR1090863
241555,species,0.00221004,Helcococcus sueciensis,ERR1090863
39778,species,0.00221004,Veillonella dispar,ERR1090863
208479,species,0.00221004,[Clostridium] bolteae,ERR1090863
1113655,species,0.00221004,Psychrobacter sp. NBRC 15736,ERR1090863
185300,species,0.00221004,Paludibacter propionicigenes,ERR1090863
29435,species,0.00221004,Pseudomonas flavescens,ERR1090863
907,species,0.00221004,Megasphaera elsdenii,ERR1090863
40519,species,0.00221004,Ruminococcus callidus,ERR1090863
1356,species,0.00221004,Enterococcus sulfureus,ERR1090863
173362,species,0.00221004,Brachybacterium paraconglomeratum,ERR1090863
161879,species,0.00221004,Corynebacterium kroppenstedtii,ERR1090863
61435,species,0.00221004,Dehalococcoides mccartyi,ERR1090863
182640,species,0.00221004,Kribbella flavida,ERR1090863
1747,species,0.00221004,Propionibacterium acnes,ERR1090863
185293,species,0.00221004,Prevotella oryzae,ERR1090863
180164,species,0.00221004,Blautia schinkii,ERR1090863
29375,species,0.00221004,[Clostridium] xylanolyticum,ERR1090863
36808,species,0.00221004,Corynebacterium bovis,ERR1090863
35833,species,0.00221004,Bilophila wadsworthia,ERR1090863
488,species,0.00221004,Neisseria mucosa,ERR1090863
281473,species,0.00221004,Jiangella gansuensis,ERR1090863
691816,species,0.00221004,Bacteroides rodentium,ERR1090863
290055,species,0.00221004,[Eubacterium] fissicatena,ERR1090863
180311,species,0.00221004,Hespellia stercorisuis,ERR1090863
105229,species,0.00221004,Bacillus fumarioli,ERR1090863
202789,species,0.00221004,Actinobaculum massiliense,ERR1090863
571800,species,0.00221004,Psychrobacter sp. G,ERR1090863
35756,species,0.00221004,Corynebacterium pilosum,ERR1090863
33032,species,0.00221004,Anaerococcus lactolyticus,ERR1090863
1161942,species,0.00221004,Ruminococcus champanellensis,ERR1090863
2047,species,0.00221004,Rothia dentocariosa,ERR1090863
1358,species,0.00221004,Lactococcus lactis,ERR1090863
53443,species,0.00221004,Blautia hydrogenotrophica,ERR1090863
1354,species,0.00221004,Enterococcus hirae,ERR1090863
47671,species,0.00221004,Lautropia mirabilis,ERR1090863
172042,species,0.00221004,Rothia aeria,ERR1090863
100884,species,0.00221004,Coprobacillus cateniformis,ERR1090863
358742,species,0.00221004,[Clostridium] aldenense,ERR1090863
371601,species,0.00221004,Bacteroides xylanisolvens,ERR1090863
301585,species,0.00221004,Spiroplasma platyhelix,ERR1090863
291644,species,0.00221004,Bacteroides salyersiae,ERR1090863
46124,species,0.00221004,Granulicatella adiacens,ERR1090863
1598,species,0.00221004,Lactobacillus reuteri,ERR1090863
817,species,0.00221004,Bacteroides fragilis,ERR1090863
46503,species,0.00221004,Parabacteroides merdae,ERR1090863
253245,species,0.00221004,Owenweeksia hongkongensis,ERR1090863
194326,species,0.00221004,Lactobacillus versmoldensis,ERR1090863
37915,species,0.00221004,Dietzia maris,ERR1090863
1462,species,0.00221004,Geobacillus kaustophilus,ERR1090863
1311,species,0.00221004,Streptococcus agalactiae,ERR1090863
1304,species,0.00221004,Streptococcus salivarius,ERR1090863
38286,species,0.00221004,Corynebacterium afermentans,ERR1090863
574375,species,0.00221004,Bacillus gaemokensis,ERR1090863
1579,species,0.00221004,Lactobacillus acidophilus,ERR1090863
341220,species,0.00221004,Lactonifactor longoviformis,ERR1090863
362413,species,0.00221004,Flavobacterium aquidurense,ERR1090863
471189,species,0.00221004,Gordonibacter pamelaeae,ERR1090863
658457,species,0.00221004,Pseudomonas composti,ERR1090863
33038,species,0.00221004,[Ruminococcus] gnavus,ERR1090863
1078480,species,0.00221004,Haemophilus sputorum,ERR1090863
54005,species,0.00221004,Peptoniphilus harei,ERR1090863
290112,species,0.00221004,Xenorhabdus szentirmaii,ERR1090863
483,species,0.00221004,Neisseria cinerea,ERR1090863
137732,species,0.00221004,Granulicatella elegans,ERR1090863
421767,species,0.00221004,Bacillus butanolivorans,ERR1090863
373,species,0.00221004,Agrobacterium vitis,ERR1090863
214851,species,0.00221004,Subdoligranulum variabile,ERR1090863
535744,species,0.00221004,Cronobacter universalis,ERR1090863
387090,species,0.00221004,Bacteroides coprophilus,ERR1090863
31971,species,0.00221004,[Eubacterium] dolichum,ERR1090863
-1,species,66.0803,Unknown,ERR1090863
