loaded_uid,ncbi_taxon_id,taxon_rank_level,relative_abundance,scientific_name,run_id
38424.0,816,genus,36.7081,Bacteroides,ERR1072629
38424.0,239759,genus,17.5047,Alistipes,ERR1072629
38424.0,375288,genus,11.494,Parabacteroides,ERR1072629
38424.0,239934,genus,2.15845,Akkermansia,ERR1072629
38424.0,459786,genus,1.97454,Oscillibacter,ERR1072629
38424.0,1263,genus,1.45671,Ruminococcus,ERR1072629
38424.0,283168,genus,1.40831,Odoribacter,ERR1072629
38424.0,1506553,genus,1.23409,Lachnoclostridium,ERR1072629
38424.0,216851,genus,0.827566,Faecalibacterium,ERR1072629
38424.0,1730,genus,0.735614,Eubacterium,ERR1072629
38424.0,841,genus,0.503315,Roseburia,ERR1072629
38424.0,40544,genus,0.44524,Sutterella,ERR1072629
38424.0,44748,genus,0.198422,Sporobacter,ERR1072629
38424.0,244127,genus,0.159706,Anaerotruncus,ERR1072629
38424.0,100883,genus,0.11131,Coprobacillus,ERR1072629
38424.0,572511,genus,0.106471,Blautia,ERR1072629
38424.0,1506577,genus,0.101631,Tyzzerella,ERR1072629
38424.0,1508657,genus,0.0967914,Ruminiclostridium,ERR1072629
38424.0,990721,genus,0.0919518,Christensenella,ERR1072629
38424.0,1505663,genus,0.0822727,Erysipelatoclostridium,ERR1072629
38424.0,1386,genus,0.0532353,Bacillus,ERR1072629
38424.0,1678,genus,0.0483957,Bifidobacterium,ERR1072629
38424.0,52784,genus,0.033877,Anaerofilum,ERR1072629
38424.0,1505657,genus,0.033877,Intestinibacter,ERR1072629
38424.0,838,genus,0.0290374,Prevotella,ERR1072629
38424.0,286,genus,0.0241978,Pseudomonas,ERR1072629
38424.0,1485,genus,0.0241978,Clostridium,ERR1072629
38424.0,84034,genus,0.0193583,Propionispira,ERR1072629
38424.0,61170,genus,0.0145187,Holdemania,ERR1072629
38424.0,156973,genus,0.0145187,Dysgonomonas,ERR1072629
38424.0,33042,genus,0.00967914,Coprococcus,ERR1072629
38424.0,100175,genus,0.00967914,Papillibacter,ERR1072629
38424.0,963,genus,0.00967914,Herbaspirillum,ERR1072629
38424.0,577310,genus,0.00967914,Parasutterella,ERR1072629
38424.0,160795,genus,0.00967914,Ureibacillus,ERR1072629
38424.0,872,genus,0.00967914,Desulfovibrio,ERR1072629
38424.0,970,genus,0.00483957,Selenomonas,ERR1072629
38424.0,349,genus,0.00483957,Zoogloea,ERR1072629
38424.0,776,genus,0.00483957,Coxiella,ERR1072629
38424.0,795750,genus,0.00483957,Ignavibacterium,ERR1072629
38424.0,561,genus,0.00483957,Escherichia,ERR1072629
38424.0,397864,genus,0.00483957,Barnesiella,ERR1072629
38424.0,1301,genus,0.00483957,Streptococcus,ERR1072629
38424.0,1017280,genus,0.00483957,Pseudoflavonifractor,ERR1072629
38424.0,346096,genus,0.00483957,Paludibacter,ERR1072629
38424.0,84567,genus,0.00483957,Pedobacter,ERR1072629
38424.0,195950,genus,0.00483957,Tannerella,ERR1072629
38424.0,638847,genus,0.00483957,Pyramidobacter,ERR1072629
38424.0,83660,genus,0.00483957,Desulfonispora,ERR1072629
38424.0,413496,genus,0.00483957,Cronobacter,ERR1072629
38424.0,2172,genus,0.00483957,Methanobrevibacter,ERR1072629
38424.0,28453,genus,0.00483957,Sphingobacterium,ERR1072629
38424.0,157920,genus,0.00483957,Cellulosimicrobium,ERR1072629
38424.0,1548510,genus,0.00483957,Microbacter,ERR1072629
38424.0,846,genus,0.00483957,Oxalobacter,ERR1072629
,-1,genus,21.9813,Unknown,ERR1072629
38424.0,816,genus,36.7081,Bacteroides,ERR1072629
38424.0,239759,genus,17.5047,Alistipes,ERR1072629
38424.0,375288,genus,11.494,Parabacteroides,ERR1072629
38424.0,239934,genus,2.15845,Akkermansia,ERR1072629
38424.0,459786,genus,1.97454,Oscillibacter,ERR1072629
38424.0,1263,genus,1.45671,Ruminococcus,ERR1072629
38424.0,283168,genus,1.40831,Odoribacter,ERR1072629
38424.0,1506553,genus,1.23409,Lachnoclostridium,ERR1072629
38424.0,216851,genus,0.827566,Faecalibacterium,ERR1072629
38424.0,1730,genus,0.735614,Eubacterium,ERR1072629
38424.0,841,genus,0.503315,Roseburia,ERR1072629
38424.0,40544,genus,0.44524,Sutterella,ERR1072629
38424.0,44748,genus,0.198422,Sporobacter,ERR1072629
38424.0,244127,genus,0.159706,Anaerotruncus,ERR1072629
38424.0,100883,genus,0.11131,Coprobacillus,ERR1072629
38424.0,572511,genus,0.106471,Blautia,ERR1072629
38424.0,1506577,genus,0.101631,Tyzzerella,ERR1072629
38424.0,1508657,genus,0.0967914,Ruminiclostridium,ERR1072629
38424.0,990721,genus,0.0919518,Christensenella,ERR1072629
38424.0,1505663,genus,0.0822727,Erysipelatoclostridium,ERR1072629
38424.0,1386,genus,0.0532353,Bacillus,ERR1072629
38424.0,1678,genus,0.0483957,Bifidobacterium,ERR1072629
38424.0,1505657,genus,0.033877,Intestinibacter,ERR1072629
38424.0,52784,genus,0.033877,Anaerofilum,ERR1072629
38424.0,838,genus,0.0290374,Prevotella,ERR1072629
38424.0,286,genus,0.0241978,Pseudomonas,ERR1072629
38424.0,1485,genus,0.0241978,Clostridium,ERR1072629
38424.0,84034,genus,0.0193583,Propionispira,ERR1072629
38424.0,156973,genus,0.0145187,Dysgonomonas,ERR1072629
38424.0,61170,genus,0.0145187,Holdemania,ERR1072629
38424.0,33042,genus,0.00967914,Coprococcus,ERR1072629
38424.0,100175,genus,0.00967914,Papillibacter,ERR1072629
38424.0,963,genus,0.00967914,Herbaspirillum,ERR1072629
38424.0,577310,genus,0.00967914,Parasutterella,ERR1072629
38424.0,160795,genus,0.00967914,Ureibacillus,ERR1072629
38424.0,872,genus,0.00967914,Desulfovibrio,ERR1072629
38424.0,349,genus,0.00483957,Zoogloea,ERR1072629
38424.0,776,genus,0.00483957,Coxiella,ERR1072629
38424.0,795750,genus,0.00483957,Ignavibacterium,ERR1072629
38424.0,561,genus,0.00483957,Escherichia,ERR1072629
38424.0,397864,genus,0.00483957,Barnesiella,ERR1072629
38424.0,1301,genus,0.00483957,Streptococcus,ERR1072629
38424.0,1017280,genus,0.00483957,Pseudoflavonifractor,ERR1072629
38424.0,346096,genus,0.00483957,Paludibacter,ERR1072629
38424.0,84567,genus,0.00483957,Pedobacter,ERR1072629
38424.0,195950,genus,0.00483957,Tannerella,ERR1072629
38424.0,638847,genus,0.00483957,Pyramidobacter,ERR1072629
38424.0,83660,genus,0.00483957,Desulfonispora,ERR1072629
38424.0,413496,genus,0.00483957,Cronobacter,ERR1072629
38424.0,2172,genus,0.00483957,Methanobrevibacter,ERR1072629
38424.0,28453,genus,0.00483957,Sphingobacterium,ERR1072629
38424.0,157920,genus,0.00483957,Cellulosimicrobium,ERR1072629
38424.0,1548510,genus,0.00483957,Microbacter,ERR1072629
38424.0,846,genus,0.00483957,Oxalobacter,ERR1072629
38424.0,970,genus,0.00483957,Selenomonas,ERR1072629
,-1,genus,21.9813,Unknown,ERR1072629
38424.0,816,genus,36.7081,Bacteroides,ERR1072629
38424.0,239759,genus,17.5047,Alistipes,ERR1072629
38424.0,375288,genus,11.494,Parabacteroides,ERR1072629
38424.0,239934,genus,2.15845,Akkermansia,ERR1072629
38424.0,459786,genus,1.97454,Oscillibacter,ERR1072629
38424.0,1263,genus,1.45671,Ruminococcus,ERR1072629
38424.0,283168,genus,1.40831,Odoribacter,ERR1072629
38424.0,1506553,genus,1.23409,Lachnoclostridium,ERR1072629
38424.0,216851,genus,0.827566,Faecalibacterium,ERR1072629
38424.0,1730,genus,0.735614,Eubacterium,ERR1072629
38424.0,841,genus,0.503315,Roseburia,ERR1072629
38424.0,40544,genus,0.44524,Sutterella,ERR1072629
38424.0,44748,genus,0.198422,Sporobacter,ERR1072629
38424.0,244127,genus,0.159706,Anaerotruncus,ERR1072629
38424.0,100883,genus,0.11131,Coprobacillus,ERR1072629
38424.0,572511,genus,0.106471,Blautia,ERR1072629
38424.0,1506577,genus,0.101631,Tyzzerella,ERR1072629
38424.0,1508657,genus,0.0967914,Ruminiclostridium,ERR1072629
38424.0,990721,genus,0.0919518,Christensenella,ERR1072629
38424.0,1505663,genus,0.0822727,Erysipelatoclostridium,ERR1072629
38424.0,1386,genus,0.0532353,Bacillus,ERR1072629
38424.0,1678,genus,0.0483957,Bifidobacterium,ERR1072629
38424.0,52784,genus,0.033877,Anaerofilum,ERR1072629
38424.0,1505657,genus,0.033877,Intestinibacter,ERR1072629
38424.0,838,genus,0.0290374,Prevotella,ERR1072629
38424.0,286,genus,0.0241978,Pseudomonas,ERR1072629
38424.0,1485,genus,0.0241978,Clostridium,ERR1072629
38424.0,84034,genus,0.0193583,Propionispira,ERR1072629
38424.0,61170,genus,0.0145187,Holdemania,ERR1072629
38424.0,156973,genus,0.0145187,Dysgonomonas,ERR1072629
38424.0,33042,genus,0.00967914,Coprococcus,ERR1072629
38424.0,100175,genus,0.00967914,Papillibacter,ERR1072629
38424.0,963,genus,0.00967914,Herbaspirillum,ERR1072629
38424.0,577310,genus,0.00967914,Parasutterella,ERR1072629
38424.0,160795,genus,0.00967914,Ureibacillus,ERR1072629
38424.0,872,genus,0.00967914,Desulfovibrio,ERR1072629
38424.0,1548510,genus,0.00483957,Microbacter,ERR1072629
38424.0,846,genus,0.00483957,Oxalobacter,ERR1072629
38424.0,970,genus,0.00483957,Selenomonas,ERR1072629
38424.0,349,genus,0.00483957,Zoogloea,ERR1072629
38424.0,776,genus,0.00483957,Coxiella,ERR1072629
38424.0,795750,genus,0.00483957,Ignavibacterium,ERR1072629
38424.0,561,genus,0.00483957,Escherichia,ERR1072629
38424.0,397864,genus,0.00483957,Barnesiella,ERR1072629
38424.0,1301,genus,0.00483957,Streptococcus,ERR1072629
38424.0,1017280,genus,0.00483957,Pseudoflavonifractor,ERR1072629
38424.0,346096,genus,0.00483957,Paludibacter,ERR1072629
38424.0,84567,genus,0.00483957,Pedobacter,ERR1072629
38424.0,195950,genus,0.00483957,Tannerella,ERR1072629
38424.0,638847,genus,0.00483957,Pyramidobacter,ERR1072629
38424.0,83660,genus,0.00483957,Desulfonispora,ERR1072629
38424.0,413496,genus,0.00483957,Cronobacter,ERR1072629
38424.0,2172,genus,0.00483957,Methanobrevibacter,ERR1072629
38424.0,28453,genus,0.00483957,Sphingobacterium,ERR1072629
38424.0,157920,genus,0.00483957,Cellulosimicrobium,ERR1072629
,-1,genus,21.9813,Unknown,ERR1072629
38424.0,816,genus,36.7081,Bacteroides,ERR1072629
38424.0,239759,genus,17.5047,Alistipes,ERR1072629
38424.0,375288,genus,11.494,Parabacteroides,ERR1072629
38424.0,239934,genus,2.15845,Akkermansia,ERR1072629
38424.0,459786,genus,1.97454,Oscillibacter,ERR1072629
38424.0,1263,genus,1.45671,Ruminococcus,ERR1072629
38424.0,283168,genus,1.40831,Odoribacter,ERR1072629
38424.0,1506553,genus,1.23409,Lachnoclostridium,ERR1072629
38424.0,216851,genus,0.827566,Faecalibacterium,ERR1072629
38424.0,1730,genus,0.735614,Eubacterium,ERR1072629
38424.0,841,genus,0.503315,Roseburia,ERR1072629
38424.0,40544,genus,0.44524,Sutterella,ERR1072629
38424.0,44748,genus,0.198422,Sporobacter,ERR1072629
38424.0,244127,genus,0.159706,Anaerotruncus,ERR1072629
38424.0,100883,genus,0.11131,Coprobacillus,ERR1072629
38424.0,572511,genus,0.106471,Blautia,ERR1072629
38424.0,1506577,genus,0.101631,Tyzzerella,ERR1072629
38424.0,1508657,genus,0.0967914,Ruminiclostridium,ERR1072629
38424.0,990721,genus,0.0919518,Christensenella,ERR1072629
38424.0,1505663,genus,0.0822727,Erysipelatoclostridium,ERR1072629
38424.0,1386,genus,0.0532353,Bacillus,ERR1072629
38424.0,1678,genus,0.0483957,Bifidobacterium,ERR1072629
38424.0,52784,genus,0.033877,Anaerofilum,ERR1072629
38424.0,1505657,genus,0.033877,Intestinibacter,ERR1072629
38424.0,838,genus,0.0290374,Prevotella,ERR1072629
38424.0,1485,genus,0.0241978,Clostridium,ERR1072629
38424.0,286,genus,0.0241978,Pseudomonas,ERR1072629
38424.0,84034,genus,0.0193583,Propionispira,ERR1072629
38424.0,61170,genus,0.0145187,Holdemania,ERR1072629
38424.0,156973,genus,0.0145187,Dysgonomonas,ERR1072629
38424.0,872,genus,0.00967914,Desulfovibrio,ERR1072629
38424.0,33042,genus,0.00967914,Coprococcus,ERR1072629
38424.0,100175,genus,0.00967914,Papillibacter,ERR1072629
38424.0,963,genus,0.00967914,Herbaspirillum,ERR1072629
38424.0,577310,genus,0.00967914,Parasutterella,ERR1072629
38424.0,160795,genus,0.00967914,Ureibacillus,ERR1072629
38424.0,195950,genus,0.00483957,Tannerella,ERR1072629
38424.0,638847,genus,0.00483957,Pyramidobacter,ERR1072629
38424.0,83660,genus,0.00483957,Desulfonispora,ERR1072629
38424.0,413496,genus,0.00483957,Cronobacter,ERR1072629
38424.0,2172,genus,0.00483957,Methanobrevibacter,ERR1072629
38424.0,28453,genus,0.00483957,Sphingobacterium,ERR1072629
38424.0,157920,genus,0.00483957,Cellulosimicrobium,ERR1072629
38424.0,1548510,genus,0.00483957,Microbacter,ERR1072629
38424.0,846,genus,0.00483957,Oxalobacter,ERR1072629
38424.0,970,genus,0.00483957,Selenomonas,ERR1072629
38424.0,349,genus,0.00483957,Zoogloea,ERR1072629
38424.0,776,genus,0.00483957,Coxiella,ERR1072629
38424.0,795750,genus,0.00483957,Ignavibacterium,ERR1072629
38424.0,561,genus,0.00483957,Escherichia,ERR1072629
38424.0,397864,genus,0.00483957,Barnesiella,ERR1072629
38424.0,1301,genus,0.00483957,Streptococcus,ERR1072629
38424.0,1017280,genus,0.00483957,Pseudoflavonifractor,ERR1072629
38424.0,346096,genus,0.00483957,Paludibacter,ERR1072629
38424.0,84567,genus,0.00483957,Pedobacter,ERR1072629
,-1,genus,21.9813,Unknown,ERR1072629
38424.0,816,genus,36.7081,Bacteroides,ERR1072629
38424.0,239759,genus,17.5047,Alistipes,ERR1072629
38424.0,375288,genus,11.494,Parabacteroides,ERR1072629
38424.0,239934,genus,2.15845,Akkermansia,ERR1072629
38424.0,459786,genus,1.97454,Oscillibacter,ERR1072629
38424.0,1263,genus,1.45671,Ruminococcus,ERR1072629
38424.0,283168,genus,1.40831,Odoribacter,ERR1072629
38424.0,1506553,genus,1.23409,Lachnoclostridium,ERR1072629
38424.0,216851,genus,0.827566,Faecalibacterium,ERR1072629
38424.0,1730,genus,0.735614,Eubacterium,ERR1072629
38424.0,841,genus,0.503315,Roseburia,ERR1072629
38424.0,40544,genus,0.44524,Sutterella,ERR1072629
38424.0,44748,genus,0.198422,Sporobacter,ERR1072629
38424.0,244127,genus,0.159706,Anaerotruncus,ERR1072629
38424.0,100883,genus,0.11131,Coprobacillus,ERR1072629
38424.0,572511,genus,0.106471,Blautia,ERR1072629
38424.0,1506577,genus,0.101631,Tyzzerella,ERR1072629
38424.0,1508657,genus,0.0967914,Ruminiclostridium,ERR1072629
38424.0,990721,genus,0.0919518,Christensenella,ERR1072629
38424.0,1505663,genus,0.0822727,Erysipelatoclostridium,ERR1072629
38424.0,1386,genus,0.0532353,Bacillus,ERR1072629
38424.0,1678,genus,0.0483957,Bifidobacterium,ERR1072629
38424.0,1505657,genus,0.033877,Intestinibacter,ERR1072629
38424.0,52784,genus,0.033877,Anaerofilum,ERR1072629
38424.0,838,genus,0.0290374,Prevotella,ERR1072629
38424.0,286,genus,0.0241978,Pseudomonas,ERR1072629
38424.0,1485,genus,0.0241978,Clostridium,ERR1072629
38424.0,84034,genus,0.0193583,Propionispira,ERR1072629
38424.0,156973,genus,0.0145187,Dysgonomonas,ERR1072629
38424.0,61170,genus,0.0145187,Holdemania,ERR1072629
38424.0,33042,genus,0.00967914,Coprococcus,ERR1072629
38424.0,100175,genus,0.00967914,Papillibacter,ERR1072629
38424.0,963,genus,0.00967914,Herbaspirillum,ERR1072629
38424.0,577310,genus,0.00967914,Parasutterella,ERR1072629
38424.0,160795,genus,0.00967914,Ureibacillus,ERR1072629
38424.0,872,genus,0.00967914,Desulfovibrio,ERR1072629
38424.0,795750,genus,0.00483957,Ignavibacterium,ERR1072629
38424.0,561,genus,0.00483957,Escherichia,ERR1072629
38424.0,397864,genus,0.00483957,Barnesiella,ERR1072629
38424.0,1301,genus,0.00483957,Streptococcus,ERR1072629
38424.0,1017280,genus,0.00483957,Pseudoflavonifractor,ERR1072629
38424.0,346096,genus,0.00483957,Paludibacter,ERR1072629
38424.0,84567,genus,0.00483957,Pedobacter,ERR1072629
38424.0,195950,genus,0.00483957,Tannerella,ERR1072629
38424.0,638847,genus,0.00483957,Pyramidobacter,ERR1072629
38424.0,83660,genus,0.00483957,Desulfonispora,ERR1072629
38424.0,413496,genus,0.00483957,Cronobacter,ERR1072629
38424.0,2172,genus,0.00483957,Methanobrevibacter,ERR1072629
38424.0,28453,genus,0.00483957,Sphingobacterium,ERR1072629
38424.0,157920,genus,0.00483957,Cellulosimicrobium,ERR1072629
38424.0,1548510,genus,0.00483957,Microbacter,ERR1072629
38424.0,846,genus,0.00483957,Oxalobacter,ERR1072629
38424.0,970,genus,0.00483957,Selenomonas,ERR1072629
38424.0,349,genus,0.00483957,Zoogloea,ERR1072629
38424.0,776,genus,0.00483957,Coxiella,ERR1072629
,-1,genus,21.9813,Unknown,ERR1072629
38424.0,816,genus,36.7081,Bacteroides,ERR1072629
38424.0,239759,genus,17.5047,Alistipes,ERR1072629
38424.0,375288,genus,11.494,Parabacteroides,ERR1072629
38424.0,239934,genus,2.15845,Akkermansia,ERR1072629
38424.0,459786,genus,1.97454,Oscillibacter,ERR1072629
38424.0,1263,genus,1.45671,Ruminococcus,ERR1072629
38424.0,283168,genus,1.40831,Odoribacter,ERR1072629
38424.0,1506553,genus,1.23409,Lachnoclostridium,ERR1072629
38424.0,216851,genus,0.827566,Faecalibacterium,ERR1072629
38424.0,1730,genus,0.735614,Eubacterium,ERR1072629
38424.0,841,genus,0.503315,Roseburia,ERR1072629
38424.0,40544,genus,0.44524,Sutterella,ERR1072629
38424.0,44748,genus,0.198422,Sporobacter,ERR1072629
38424.0,244127,genus,0.159706,Anaerotruncus,ERR1072629
38424.0,100883,genus,0.11131,Coprobacillus,ERR1072629
38424.0,572511,genus,0.106471,Blautia,ERR1072629
38424.0,1506577,genus,0.101631,Tyzzerella,ERR1072629
38424.0,1508657,genus,0.0967914,Ruminiclostridium,ERR1072629
38424.0,990721,genus,0.0919518,Christensenella,ERR1072629
38424.0,1505663,genus,0.0822727,Erysipelatoclostridium,ERR1072629
38424.0,1386,genus,0.0532353,Bacillus,ERR1072629
38424.0,1678,genus,0.0483957,Bifidobacterium,ERR1072629
38424.0,52784,genus,0.033877,Anaerofilum,ERR1072629
38424.0,1505657,genus,0.033877,Intestinibacter,ERR1072629
38424.0,838,genus,0.0290374,Prevotella,ERR1072629
38424.0,1485,genus,0.0241978,Clostridium,ERR1072629
38424.0,286,genus,0.0241978,Pseudomonas,ERR1072629
38424.0,84034,genus,0.0193583,Propionispira,ERR1072629
38424.0,61170,genus,0.0145187,Holdemania,ERR1072629
38424.0,156973,genus,0.0145187,Dysgonomonas,ERR1072629
38424.0,33042,genus,0.00967914,Coprococcus,ERR1072629
38424.0,100175,genus,0.00967914,Papillibacter,ERR1072629
38424.0,963,genus,0.00967914,Herbaspirillum,ERR1072629
38424.0,577310,genus,0.00967914,Parasutterella,ERR1072629
38424.0,160795,genus,0.00967914,Ureibacillus,ERR1072629
38424.0,872,genus,0.00967914,Desulfovibrio,ERR1072629
38424.0,2172,genus,0.00483957,Methanobrevibacter,ERR1072629
38424.0,28453,genus,0.00483957,Sphingobacterium,ERR1072629
38424.0,157920,genus,0.00483957,Cellulosimicrobium,ERR1072629
38424.0,1548510,genus,0.00483957,Microbacter,ERR1072629
38424.0,846,genus,0.00483957,Oxalobacter,ERR1072629
38424.0,970,genus,0.00483957,Selenomonas,ERR1072629
38424.0,349,genus,0.00483957,Zoogloea,ERR1072629
38424.0,776,genus,0.00483957,Coxiella,ERR1072629
38424.0,795750,genus,0.00483957,Ignavibacterium,ERR1072629
38424.0,561,genus,0.00483957,Escherichia,ERR1072629
38424.0,397864,genus,0.00483957,Barnesiella,ERR1072629
38424.0,1301,genus,0.00483957,Streptococcus,ERR1072629
38424.0,1017280,genus,0.00483957,Pseudoflavonifractor,ERR1072629
38424.0,346096,genus,0.00483957,Paludibacter,ERR1072629
38424.0,84567,genus,0.00483957,Pedobacter,ERR1072629
38424.0,195950,genus,0.00483957,Tannerella,ERR1072629
38424.0,638847,genus,0.00483957,Pyramidobacter,ERR1072629
38424.0,83660,genus,0.00483957,Desulfonispora,ERR1072629
38424.0,413496,genus,0.00483957,Cronobacter,ERR1072629
,-1,genus,21.9813,Unknown,ERR1072629
38424.0,816,genus,36.7081,Bacteroides,ERR1072629
38424.0,239759,genus,17.5047,Alistipes,ERR1072629
38424.0,375288,genus,11.494,Parabacteroides,ERR1072629
38424.0,239934,genus,2.15845,Akkermansia,ERR1072629
38424.0,459786,genus,1.97454,Oscillibacter,ERR1072629
38424.0,1263,genus,1.45671,Ruminococcus,ERR1072629
38424.0,283168,genus,1.40831,Odoribacter,ERR1072629
38424.0,1506553,genus,1.23409,Lachnoclostridium,ERR1072629
38424.0,216851,genus,0.827566,Faecalibacterium,ERR1072629
38424.0,1730,genus,0.735614,Eubacterium,ERR1072629
38424.0,841,genus,0.503315,Roseburia,ERR1072629
38424.0,40544,genus,0.44524,Sutterella,ERR1072629
38424.0,44748,genus,0.198422,Sporobacter,ERR1072629
38424.0,244127,genus,0.159706,Anaerotruncus,ERR1072629
38424.0,100883,genus,0.11131,Coprobacillus,ERR1072629
38424.0,572511,genus,0.106471,Blautia,ERR1072629
38424.0,1506577,genus,0.101631,Tyzzerella,ERR1072629
38424.0,1508657,genus,0.0967914,Ruminiclostridium,ERR1072629
38424.0,990721,genus,0.0919518,Christensenella,ERR1072629
38424.0,1505663,genus,0.0822727,Erysipelatoclostridium,ERR1072629
38424.0,1386,genus,0.0532353,Bacillus,ERR1072629
38424.0,1678,genus,0.0483957,Bifidobacterium,ERR1072629
38424.0,52784,genus,0.033877,Anaerofilum,ERR1072629
38424.0,1505657,genus,0.033877,Intestinibacter,ERR1072629
38424.0,838,genus,0.0290374,Prevotella,ERR1072629
38424.0,286,genus,0.0241978,Pseudomonas,ERR1072629
38424.0,1485,genus,0.0241978,Clostridium,ERR1072629
38424.0,84034,genus,0.0193583,Propionispira,ERR1072629
38424.0,156973,genus,0.0145187,Dysgonomonas,ERR1072629
38424.0,61170,genus,0.0145187,Holdemania,ERR1072629
38424.0,33042,genus,0.00967914,Coprococcus,ERR1072629
38424.0,100175,genus,0.00967914,Papillibacter,ERR1072629
38424.0,963,genus,0.00967914,Herbaspirillum,ERR1072629
38424.0,577310,genus,0.00967914,Parasutterella,ERR1072629
38424.0,160795,genus,0.00967914,Ureibacillus,ERR1072629
38424.0,872,genus,0.00967914,Desulfovibrio,ERR1072629
38424.0,970,genus,0.00483957,Selenomonas,ERR1072629
38424.0,349,genus,0.00483957,Zoogloea,ERR1072629
38424.0,776,genus,0.00483957,Coxiella,ERR1072629
38424.0,795750,genus,0.00483957,Ignavibacterium,ERR1072629
38424.0,561,genus,0.00483957,Escherichia,ERR1072629
38424.0,397864,genus,0.00483957,Barnesiella,ERR1072629
38424.0,1301,genus,0.00483957,Streptococcus,ERR1072629
38424.0,1017280,genus,0.00483957,Pseudoflavonifractor,ERR1072629
38424.0,346096,genus,0.00483957,Paludibacter,ERR1072629
38424.0,84567,genus,0.00483957,Pedobacter,ERR1072629
38424.0,195950,genus,0.00483957,Tannerella,ERR1072629
38424.0,638847,genus,0.00483957,Pyramidobacter,ERR1072629
38424.0,83660,genus,0.00483957,Desulfonispora,ERR1072629
38424.0,413496,genus,0.00483957,Cronobacter,ERR1072629
38424.0,2172,genus,0.00483957,Methanobrevibacter,ERR1072629
38424.0,28453,genus,0.00483957,Sphingobacterium,ERR1072629
38424.0,157920,genus,0.00483957,Cellulosimicrobium,ERR1072629
38424.0,1548510,genus,0.00483957,Microbacter,ERR1072629
38424.0,846,genus,0.00483957,Oxalobacter,ERR1072629
,-1,genus,21.9813,Unknown,ERR1072629
34036.0,816,genus,6.83805,Bacteroides,ERR1072672
34036.0,216851,genus,1.73905,Faecalibacterium,ERR1072672
34036.0,1508657,genus,1.32791,Ruminiclostridium,ERR1072672
34036.0,2132,genus,0.912055,Spiroplasma,ERR1072672
34036.0,239759,genus,0.439488,Alistipes,ERR1072672
34036.0,904,genus,0.415859,Acidaminococcus,ERR1072672
34036.0,1386,genus,0.401682,Bacillus,ERR1072672
34036.0,397864,genus,0.330797,Barnesiella,ERR1072672
34036.0,44748,genus,0.241009,Sporobacter,ERR1072672
34036.0,1730,genus,0.226832,Eubacterium,ERR1072672
34036.0,459786,genus,0.203204,Oscillibacter,ERR1072672
34036.0,1263,genus,0.203204,Ruminococcus,ERR1072672
34036.0,375288,genus,0.193753,Parabacteroides,ERR1072672
34036.0,572511,genus,0.17485,Blautia,ERR1072672
34036.0,286,genus,0.146496,Pseudomonas,ERR1072672
34036.0,239934,genus,0.108691,Akkermansia,ERR1072672
34036.0,1505657,genus,0.0992392,Intestinibacter,ERR1072672
34036.0,1505663,genus,0.0850621,Erysipelatoclostridium,ERR1072672
34036.0,1485,genus,0.0850621,Clostridium,ERR1072672
34036.0,1350,genus,0.0756108,Enterococcus,ERR1072672
34036.0,1678,genus,0.0614338,Bifidobacterium,ERR1072672
34036.0,1637257,genus,0.0472567,Mageeibacillus,ERR1072672
34036.0,189330,genus,0.0425311,Dorea,ERR1072672
34036.0,561,genus,0.0378054,Escherichia,ERR1072672
34036.0,590,genus,0.0378054,Salmonella,ERR1072672
34036.0,41275,genus,0.0330797,Brevundimonas,ERR1072672
34036.0,82802,genus,0.0330797,Trichococcus,ERR1072672
34036.0,1506553,genus,0.0330797,Lachnoclostridium,ERR1072672
34036.0,841,genus,0.0330797,Roseburia,ERR1072672
34036.0,872,genus,0.028354,Desulfovibrio,ERR1072672
34036.0,84111,genus,0.028354,Eggerthella,ERR1072672
34036.0,475,genus,0.028354,Moraxella,ERR1072672
34036.0,283168,genus,0.028354,Odoribacter,ERR1072672
34036.0,44249,genus,0.028354,Paenibacillus,ERR1072672
34036.0,117563,genus,0.0236284,Granulicatella,ERR1072672
34036.0,2147,genus,0.0236284,Acholeplasma,ERR1072672
34036.0,838,genus,0.0189027,Prevotella,ERR1072672
34036.0,469,genus,0.0189027,Acinetobacter,ERR1072672
34036.0,265,genus,0.0189027,Paracoccus,ERR1072672
34036.0,35832,genus,0.0189027,Bilophila,ERR1072672
34036.0,79206,genus,0.014177,Desulfosporosinus,ERR1072672
34036.0,1301,genus,0.014177,Streptococcus,ERR1072672
34036.0,28231,genus,0.014177,Geobacter,ERR1072672
34036.0,1578,genus,0.014177,Lactobacillus,ERR1072672
34036.0,33042,genus,0.014177,Coprococcus,ERR1072672
34036.0,244127,genus,0.00945135,Anaerotruncus,ERR1072672
34036.0,182709,genus,0.00945135,Oceanobacillus,ERR1072672
34036.0,648800,genus,0.00945135,Solibacillus,ERR1072672
34036.0,61170,genus,0.00945135,Holdemania,ERR1072672
34036.0,150247,genus,0.00945135,Anoxybacillus,ERR1072672
34036.0,2747,genus,0.00945135,Carnobacterium,ERR1072672
34036.0,1253,genus,0.00472567,Pediococcus,ERR1072672
34036.0,233189,genus,0.00472567,Anaerolinea,ERR1072672
34036.0,581,genus,0.00472567,Morganella,ERR1072672
34036.0,413496,genus,0.00472567,Cronobacter,ERR1072672
34036.0,620,genus,0.00472567,Shigella,ERR1072672
34036.0,52784,genus,0.00472567,Anaerofilum,ERR1072672
34036.0,84406,genus,0.00472567,Virgibacillus,ERR1072672
34036.0,392735,genus,0.00472567,Uliginosibacterium,ERR1072672
34036.0,1505652,genus,0.00472567,Terrisporobacter,ERR1072672
34036.0,1357,genus,0.00472567,Lactococcus,ERR1072672
34036.0,271087,genus,0.00472567,Geopsychrobacter,ERR1072672
34036.0,1769729,genus,0.00472567,Hathewaya,ERR1072672
34036.0,265980,genus,0.00472567,Alkalimonas,ERR1072672
34036.0,1279388,genus,0.00472567,Kandleria,ERR1072672
34036.0,59753,genus,0.00472567,Alcanivorax,ERR1072672
34036.0,67575,genus,0.00472567,Rheinheimera,ERR1072672
34036.0,180541,genus,0.00472567,Salinisphaera,ERR1072672
34036.0,253238,genus,0.00472567,Ethanoligenens,ERR1072672
34036.0,137583,genus,0.00472567,Thalassomonas,ERR1072672
34036.0,1716,genus,0.00472567,Corynebacterium,ERR1072672
34036.0,289201,genus,0.00472567,Pontibacillus,ERR1072672
34036.0,83660,genus,0.00472567,Desulfonispora,ERR1072672
34036.0,577310,genus,0.00472567,Parasutterella,ERR1072672
34036.0,583,genus,0.00472567,Proteus,ERR1072672
34036.0,34037,genus,0.00472567,Rahnella,ERR1072672
34036.0,53335,genus,0.00472567,Pantoea,ERR1072672
34036.0,1164863,genus,0.00472567,Enteractinococcus,ERR1072672
34036.0,270497,genus,0.00472567,Catabacter,ERR1072672
34036.0,400634,genus,0.00472567,Lysinibacillus,ERR1072672
34036.0,990721,genus,0.00472567,Christensenella,ERR1072672
34036.0,283,genus,0.00472567,Comamonas,ERR1072672
34036.0,86331,genus,0.00472567,Mogibacterium,ERR1072672
34036.0,496496,genus,0.00472567,Viridibacillus,ERR1072672
34036.0,445,genus,0.00472567,Legionella,ERR1072672
34036.0,2299,genus,0.00472567,Desulfosarcina,ERR1072672
,-1,genus,84.807,Unknown,ERR1072672
34036.0,816,genus,6.83805,Bacteroides,ERR1072672
34036.0,216851,genus,1.73905,Faecalibacterium,ERR1072672
34036.0,1508657,genus,1.32791,Ruminiclostridium,ERR1072672
34036.0,2132,genus,0.912055,Spiroplasma,ERR1072672
34036.0,239759,genus,0.439488,Alistipes,ERR1072672
34036.0,904,genus,0.415859,Acidaminococcus,ERR1072672
34036.0,1386,genus,0.401682,Bacillus,ERR1072672
34036.0,397864,genus,0.330797,Barnesiella,ERR1072672
34036.0,44748,genus,0.241009,Sporobacter,ERR1072672
34036.0,1730,genus,0.226832,Eubacterium,ERR1072672
34036.0,459786,genus,0.203204,Oscillibacter,ERR1072672
34036.0,1263,genus,0.203204,Ruminococcus,ERR1072672
34036.0,375288,genus,0.193753,Parabacteroides,ERR1072672
34036.0,572511,genus,0.17485,Blautia,ERR1072672
34036.0,286,genus,0.146496,Pseudomonas,ERR1072672
34036.0,239934,genus,0.108691,Akkermansia,ERR1072672
34036.0,1505657,genus,0.0992392,Intestinibacter,ERR1072672
34036.0,1505663,genus,0.0850621,Erysipelatoclostridium,ERR1072672
34036.0,1485,genus,0.0850621,Clostridium,ERR1072672
34036.0,1350,genus,0.0756108,Enterococcus,ERR1072672
34036.0,1678,genus,0.0614338,Bifidobacterium,ERR1072672
34036.0,1637257,genus,0.0472567,Mageeibacillus,ERR1072672
34036.0,189330,genus,0.0425311,Dorea,ERR1072672
34036.0,561,genus,0.0378054,Escherichia,ERR1072672
34036.0,590,genus,0.0378054,Salmonella,ERR1072672
34036.0,841,genus,0.0330797,Roseburia,ERR1072672
34036.0,41275,genus,0.0330797,Brevundimonas,ERR1072672
34036.0,82802,genus,0.0330797,Trichococcus,ERR1072672
34036.0,1506553,genus,0.0330797,Lachnoclostridium,ERR1072672
34036.0,283168,genus,0.028354,Odoribacter,ERR1072672
34036.0,44249,genus,0.028354,Paenibacillus,ERR1072672
34036.0,872,genus,0.028354,Desulfovibrio,ERR1072672
34036.0,84111,genus,0.028354,Eggerthella,ERR1072672
34036.0,475,genus,0.028354,Moraxella,ERR1072672
34036.0,117563,genus,0.0236284,Granulicatella,ERR1072672
34036.0,2147,genus,0.0236284,Acholeplasma,ERR1072672
34036.0,469,genus,0.0189027,Acinetobacter,ERR1072672
34036.0,265,genus,0.0189027,Paracoccus,ERR1072672
34036.0,35832,genus,0.0189027,Bilophila,ERR1072672
34036.0,838,genus,0.0189027,Prevotella,ERR1072672
34036.0,79206,genus,0.014177,Desulfosporosinus,ERR1072672
34036.0,1301,genus,0.014177,Streptococcus,ERR1072672
34036.0,28231,genus,0.014177,Geobacter,ERR1072672
34036.0,1578,genus,0.014177,Lactobacillus,ERR1072672
34036.0,33042,genus,0.014177,Coprococcus,ERR1072672
34036.0,150247,genus,0.00945135,Anoxybacillus,ERR1072672
34036.0,2747,genus,0.00945135,Carnobacterium,ERR1072672
34036.0,244127,genus,0.00945135,Anaerotruncus,ERR1072672
34036.0,182709,genus,0.00945135,Oceanobacillus,ERR1072672
34036.0,61170,genus,0.00945135,Holdemania,ERR1072672
34036.0,648800,genus,0.00945135,Solibacillus,ERR1072672
34036.0,990721,genus,0.00472567,Christensenella,ERR1072672
34036.0,283,genus,0.00472567,Comamonas,ERR1072672
34036.0,270497,genus,0.00472567,Catabacter,ERR1072672
34036.0,400634,genus,0.00472567,Lysinibacillus,ERR1072672
34036.0,496496,genus,0.00472567,Viridibacillus,ERR1072672
34036.0,86331,genus,0.00472567,Mogibacterium,ERR1072672
34036.0,445,genus,0.00472567,Legionella,ERR1072672
34036.0,2299,genus,0.00472567,Desulfosarcina,ERR1072672
34036.0,1253,genus,0.00472567,Pediococcus,ERR1072672
34036.0,413496,genus,0.00472567,Cronobacter,ERR1072672
34036.0,233189,genus,0.00472567,Anaerolinea,ERR1072672
34036.0,581,genus,0.00472567,Morganella,ERR1072672
34036.0,620,genus,0.00472567,Shigella,ERR1072672
34036.0,52784,genus,0.00472567,Anaerofilum,ERR1072672
34036.0,392735,genus,0.00472567,Uliginosibacterium,ERR1072672
34036.0,84406,genus,0.00472567,Virgibacillus,ERR1072672
34036.0,1357,genus,0.00472567,Lactococcus,ERR1072672
34036.0,1505652,genus,0.00472567,Terrisporobacter,ERR1072672
34036.0,265980,genus,0.00472567,Alkalimonas,ERR1072672
34036.0,271087,genus,0.00472567,Geopsychrobacter,ERR1072672
34036.0,1769729,genus,0.00472567,Hathewaya,ERR1072672
34036.0,59753,genus,0.00472567,Alcanivorax,ERR1072672
34036.0,67575,genus,0.00472567,Rheinheimera,ERR1072672
34036.0,1279388,genus,0.00472567,Kandleria,ERR1072672
34036.0,180541,genus,0.00472567,Salinisphaera,ERR1072672
34036.0,253238,genus,0.00472567,Ethanoligenens,ERR1072672
34036.0,137583,genus,0.00472567,Thalassomonas,ERR1072672
34036.0,83660,genus,0.00472567,Desulfonispora,ERR1072672
34036.0,1716,genus,0.00472567,Corynebacterium,ERR1072672
34036.0,289201,genus,0.00472567,Pontibacillus,ERR1072672
34036.0,577310,genus,0.00472567,Parasutterella,ERR1072672
34036.0,583,genus,0.00472567,Proteus,ERR1072672
34036.0,53335,genus,0.00472567,Pantoea,ERR1072672
34036.0,1164863,genus,0.00472567,Enteractinococcus,ERR1072672
34036.0,34037,genus,0.00472567,Rahnella,ERR1072672
,-1,genus,84.807,Unknown,ERR1072672
34036.0,816,genus,6.83805,Bacteroides,ERR1072672
34036.0,216851,genus,1.73905,Faecalibacterium,ERR1072672
34036.0,1508657,genus,1.32791,Ruminiclostridium,ERR1072672
34036.0,2132,genus,0.912055,Spiroplasma,ERR1072672
34036.0,239759,genus,0.439488,Alistipes,ERR1072672
34036.0,904,genus,0.415859,Acidaminococcus,ERR1072672
34036.0,1386,genus,0.401682,Bacillus,ERR1072672
34036.0,397864,genus,0.330797,Barnesiella,ERR1072672
34036.0,44748,genus,0.241009,Sporobacter,ERR1072672
34036.0,1730,genus,0.226832,Eubacterium,ERR1072672
34036.0,459786,genus,0.203204,Oscillibacter,ERR1072672
34036.0,1263,genus,0.203204,Ruminococcus,ERR1072672
34036.0,375288,genus,0.193753,Parabacteroides,ERR1072672
34036.0,572511,genus,0.17485,Blautia,ERR1072672
34036.0,286,genus,0.146496,Pseudomonas,ERR1072672
34036.0,239934,genus,0.108691,Akkermansia,ERR1072672
34036.0,1505657,genus,0.0992392,Intestinibacter,ERR1072672
34036.0,1505663,genus,0.0850621,Erysipelatoclostridium,ERR1072672
34036.0,1485,genus,0.0850621,Clostridium,ERR1072672
34036.0,1350,genus,0.0756108,Enterococcus,ERR1072672
34036.0,1678,genus,0.0614338,Bifidobacterium,ERR1072672
34036.0,1637257,genus,0.0472567,Mageeibacillus,ERR1072672
34036.0,189330,genus,0.0425311,Dorea,ERR1072672
34036.0,561,genus,0.0378054,Escherichia,ERR1072672
34036.0,590,genus,0.0378054,Salmonella,ERR1072672
34036.0,41275,genus,0.0330797,Brevundimonas,ERR1072672
34036.0,82802,genus,0.0330797,Trichococcus,ERR1072672
34036.0,1506553,genus,0.0330797,Lachnoclostridium,ERR1072672
34036.0,841,genus,0.0330797,Roseburia,ERR1072672
34036.0,283168,genus,0.028354,Odoribacter,ERR1072672
34036.0,44249,genus,0.028354,Paenibacillus,ERR1072672
34036.0,872,genus,0.028354,Desulfovibrio,ERR1072672
34036.0,84111,genus,0.028354,Eggerthella,ERR1072672
34036.0,475,genus,0.028354,Moraxella,ERR1072672
34036.0,117563,genus,0.0236284,Granulicatella,ERR1072672
34036.0,2147,genus,0.0236284,Acholeplasma,ERR1072672
34036.0,265,genus,0.0189027,Paracoccus,ERR1072672
34036.0,35832,genus,0.0189027,Bilophila,ERR1072672
34036.0,838,genus,0.0189027,Prevotella,ERR1072672
34036.0,469,genus,0.0189027,Acinetobacter,ERR1072672
34036.0,79206,genus,0.014177,Desulfosporosinus,ERR1072672
34036.0,1301,genus,0.014177,Streptococcus,ERR1072672
34036.0,28231,genus,0.014177,Geobacter,ERR1072672
34036.0,1578,genus,0.014177,Lactobacillus,ERR1072672
34036.0,33042,genus,0.014177,Coprococcus,ERR1072672
34036.0,2747,genus,0.00945135,Carnobacterium,ERR1072672
34036.0,244127,genus,0.00945135,Anaerotruncus,ERR1072672
34036.0,182709,genus,0.00945135,Oceanobacillus,ERR1072672
34036.0,61170,genus,0.00945135,Holdemania,ERR1072672
34036.0,648800,genus,0.00945135,Solibacillus,ERR1072672
34036.0,150247,genus,0.00945135,Anoxybacillus,ERR1072672
34036.0,445,genus,0.00472567,Legionella,ERR1072672
34036.0,2299,genus,0.00472567,Desulfosarcina,ERR1072672
34036.0,1253,genus,0.00472567,Pediococcus,ERR1072672
34036.0,413496,genus,0.00472567,Cronobacter,ERR1072672
34036.0,233189,genus,0.00472567,Anaerolinea,ERR1072672
34036.0,581,genus,0.00472567,Morganella,ERR1072672
34036.0,620,genus,0.00472567,Shigella,ERR1072672
34036.0,52784,genus,0.00472567,Anaerofilum,ERR1072672
34036.0,392735,genus,0.00472567,Uliginosibacterium,ERR1072672
34036.0,84406,genus,0.00472567,Virgibacillus,ERR1072672
34036.0,1357,genus,0.00472567,Lactococcus,ERR1072672
34036.0,1505652,genus,0.00472567,Terrisporobacter,ERR1072672
34036.0,265980,genus,0.00472567,Alkalimonas,ERR1072672
34036.0,271087,genus,0.00472567,Geopsychrobacter,ERR1072672
34036.0,1769729,genus,0.00472567,Hathewaya,ERR1072672
34036.0,59753,genus,0.00472567,Alcanivorax,ERR1072672
34036.0,67575,genus,0.00472567,Rheinheimera,ERR1072672
34036.0,1279388,genus,0.00472567,Kandleria,ERR1072672
34036.0,180541,genus,0.00472567,Salinisphaera,ERR1072672
34036.0,253238,genus,0.00472567,Ethanoligenens,ERR1072672
34036.0,137583,genus,0.00472567,Thalassomonas,ERR1072672
34036.0,83660,genus,0.00472567,Desulfonispora,ERR1072672
34036.0,1716,genus,0.00472567,Corynebacterium,ERR1072672
34036.0,289201,genus,0.00472567,Pontibacillus,ERR1072672
34036.0,577310,genus,0.00472567,Parasutterella,ERR1072672
34036.0,583,genus,0.00472567,Proteus,ERR1072672
34036.0,53335,genus,0.00472567,Pantoea,ERR1072672
34036.0,1164863,genus,0.00472567,Enteractinococcus,ERR1072672
34036.0,34037,genus,0.00472567,Rahnella,ERR1072672
34036.0,990721,genus,0.00472567,Christensenella,ERR1072672
34036.0,283,genus,0.00472567,Comamonas,ERR1072672
34036.0,270497,genus,0.00472567,Catabacter,ERR1072672
34036.0,400634,genus,0.00472567,Lysinibacillus,ERR1072672
34036.0,496496,genus,0.00472567,Viridibacillus,ERR1072672
34036.0,86331,genus,0.00472567,Mogibacterium,ERR1072672
,-1,genus,84.807,Unknown,ERR1072672
35732.0,816,genus,20.9651,Bacteroides,ERR1072724
35732.0,239759,genus,1.97313,Alistipes,ERR1072724
35732.0,577309,genus,1.1589,Paraprevotella,ERR1072724
35732.0,216851,genus,0.549478,Faecalibacterium,ERR1072724
35732.0,1508657,genus,0.504521,Ruminiclostridium,ERR1072724
35732.0,375288,genus,0.374644,Parabacteroides,ERR1072724
35732.0,397864,genus,0.219791,Barnesiella,ERR1072724
35732.0,572511,genus,0.164843,Blautia,ERR1072724
35732.0,459786,genus,0.134872,Oscillibacter,ERR1072724
35732.0,590,genus,0.129877,Salmonella,ERR1072724
35732.0,286,genus,0.119886,Pseudomonas,ERR1072724
35732.0,1730,genus,0.114891,Eubacterium,ERR1072724
35732.0,1485,genus,0.114891,Clostridium,ERR1072724
35732.0,283168,genus,0.109896,Odoribacter,ERR1072724
35732.0,724,genus,0.1049,Haemophilus,ERR1072724
35732.0,1506553,genus,0.1049,Lachnoclostridium,ERR1072724
35732.0,44748,genus,0.0999051,Sporobacter,ERR1072724
35732.0,1678,genus,0.0949098,Bifidobacterium,ERR1072724
35732.0,1386,genus,0.0799241,Bacillus,ERR1072724
35732.0,1505657,genus,0.0749288,Intestinibacter,ERR1072724
35732.0,244127,genus,0.0749288,Anaerotruncus,ERR1072724
35732.0,1263,genus,0.0749288,Ruminococcus,ERR1072724
35732.0,872,genus,0.0699336,Desulfovibrio,ERR1072724
35732.0,239934,genus,0.0449573,Akkermansia,ERR1072724
35732.0,1505663,genus,0.0249763,Erysipelatoclostridium,ERR1072724
35732.0,583,genus,0.019981,Proteus,ERR1072724
35732.0,838,genus,0.019981,Prevotella,ERR1072724
35732.0,841,genus,0.019981,Roseburia,ERR1072724
35732.0,189330,genus,0.019981,Dorea,ERR1072724
35732.0,52784,genus,0.0149858,Anaerofilum,ERR1072724
35732.0,990721,genus,0.0149858,Christensenella,ERR1072724
35732.0,207244,genus,0.0149858,Anaerostipes,ERR1072724
35732.0,35832,genus,0.00999051,Bilophila,ERR1072724
35732.0,642,genus,0.00999051,Aeromonas,ERR1072724
35732.0,119977,genus,0.00999051,Acidithiobacillus,ERR1072724
35732.0,561,genus,0.00999051,Escherichia,ERR1072724
35732.0,469,genus,0.00999051,Acinetobacter,ERR1072724
35732.0,33042,genus,0.00999051,Coprococcus,ERR1072724
35732.0,61170,genus,0.00999051,Holdemania,ERR1072724
35732.0,1301,genus,0.00999051,Streptococcus,ERR1072724
35732.0,270497,genus,0.00999051,Catabacter,ERR1072724
35732.0,1578,genus,0.00499525,Lactobacillus,ERR1072724
35732.0,2745,genus,0.00499525,Halomonas,ERR1072724
35732.0,156973,genus,0.00499525,Dysgonomonas,ERR1072724
35732.0,267986,genus,0.00499525,Owenweeksia,ERR1072724
35732.0,570,genus,0.00499525,Klebsiella,ERR1072724
35732.0,445,genus,0.00499525,Legionella,ERR1072724
35732.0,698776,genus,0.00499525,Cellulosilyticum,ERR1072724
35732.0,180541,genus,0.00499525,Salinisphaera,ERR1072724
35732.0,209,genus,0.00499525,Helicobacter,ERR1072724
35732.0,83660,genus,0.00499525,Desulfonispora,ERR1072724
35732.0,776,genus,0.00499525,Coxiella,ERR1072724
35732.0,2299,genus,0.00499525,Desulfosarcina,ERR1072724
35732.0,34037,genus,0.00499525,Rahnella,ERR1072724
35732.0,1017280,genus,0.00499525,Pseudoflavonifractor,ERR1072724
35732.0,1565532,genus,0.00499525,Rouxiella,ERR1072724
,-1,genus,72.1515,Unknown,ERR1072724
34037.0,816,genus,15.9051,Bacteroides,ERR1072787
34037.0,239934,genus,6.80662,Akkermansia,ERR1072787
34037.0,216851,genus,3.9336,Faecalibacterium,ERR1072787
34037.0,1637257,genus,2.79311,Mageeibacillus,ERR1072787
34037.0,1263,genus,2.27372,Ruminococcus,ERR1072787
34037.0,375288,genus,2.2156,Parabacteroides,ERR1072787
34037.0,239759,genus,1.48191,Alistipes,ERR1072787
34037.0,1506553,genus,1.03879,Lachnoclostridium,ERR1072787
34037.0,1508657,genus,0.744588,Ruminiclostridium,ERR1072787
34037.0,459786,genus,0.73006,Oscillibacter,ERR1072787
34037.0,990721,genus,0.715531,Christensenella,ERR1072787
34037.0,397864,genus,0.486706,Barnesiella,ERR1072787
34037.0,44748,genus,0.435856,Sporobacter,ERR1072787
34037.0,244127,genus,0.352317,Anaerotruncus,ERR1072787
34037.0,904,genus,0.330524,Acidaminococcus,ERR1072787
34037.0,1505663,genus,0.27241,Erysipelatoclostridium,ERR1072787
34037.0,1386,genus,0.246985,Bacillus,ERR1072787
34037.0,283168,genus,0.232457,Odoribacter,ERR1072787
34037.0,1301,genus,0.210664,Streptococcus,ERR1072787
34037.0,572511,genus,0.196135,Blautia,ERR1072787
34037.0,286,genus,0.17071,Pseudomonas,ERR1072787
34037.0,872,genus,0.145285,Desulfovibrio,ERR1072787
34037.0,590,genus,0.0726427,Salmonella,ERR1072787
34037.0,841,genus,0.0690106,Roseburia,ERR1072787
34037.0,1663,genus,0.0653785,Arthrobacter,ERR1072787
34037.0,1730,genus,0.0653785,Eubacterium,ERR1072787
34037.0,1485,genus,0.0653785,Clostridium,ERR1072787
34037.0,1506577,genus,0.0544821,Tyzzerella,ERR1072787
34037.0,561,genus,0.0508499,Escherichia,ERR1072787
34037.0,52784,genus,0.0472178,Anaerofilum,ERR1072787
34037.0,838,genus,0.0435856,Prevotella,ERR1072787
34037.0,1769729,genus,0.0399535,Hathewaya,ERR1072787
34037.0,1578,genus,0.0399535,Lactobacillus,ERR1072787
34037.0,100883,genus,0.0399535,Coprobacillus,ERR1072787
34037.0,36853,genus,0.0326892,Desulfitobacterium,ERR1072787
34037.0,44261,genus,0.0326892,Oxobacter,ERR1072787
34037.0,83660,genus,0.025425,Desulfonispora,ERR1072787
34037.0,420345,genus,0.0217928,Lactonifactor,ERR1072787
34037.0,207244,genus,0.0217928,Anaerostipes,ERR1072787
34037.0,1350,genus,0.0217928,Enterococcus,ERR1072787
34037.0,1080709,genus,0.0181607,Methanomassiliicoccus,ERR1072787
34037.0,644652,genus,0.0145285,Gordonibacter,ERR1072787
34037.0,84111,genus,0.0145285,Eggerthella,ERR1072787
34037.0,270497,genus,0.0145285,Catabacter,ERR1072787
34037.0,264995,genus,0.0145285,Anaerofustis,ERR1072787
34037.0,61170,genus,0.0145285,Holdemania,ERR1072787
34037.0,117563,genus,0.0145285,Granulicatella,ERR1072787
34037.0,442430,genus,0.0145285,Coraliomargarita,ERR1072787
34037.0,1017280,genus,0.0145285,Pseudoflavonifractor,ERR1072787
34037.0,34037,genus,0.0108964,Rahnella,ERR1072787
34037.0,469,genus,0.0108964,Acinetobacter,ERR1072787
34037.0,2735,genus,0.0108964,Verrucomicrobium,ERR1072787
34037.0,1562,genus,0.0108964,Desulfotomaculum,ERR1072787
34037.0,1678,genus,0.00726427,Bifidobacterium,ERR1072787
34037.0,332248,genus,0.00726427,Truepera,ERR1072787
34037.0,44249,genus,0.00726427,Paenibacillus,ERR1072787
34037.0,51228,genus,0.00726427,Wigglesworthia,ERR1072787
34037.0,724,genus,0.00726427,Haemophilus,ERR1072787
34037.0,469322,genus,0.00726427,Steroidobacter,ERR1072787
34037.0,400634,genus,0.00726427,Lysinibacillus,ERR1072787
34037.0,653683,genus,0.00726427,Anaerosporobacter,ERR1072787
34037.0,100175,genus,0.00726427,Papillibacter,ERR1072787
34037.0,160795,genus,0.00726427,Ureibacillus,ERR1072787
34037.0,42447,genus,0.00363214,Anaerobranca,ERR1072787
34037.0,189330,genus,0.00363214,Dorea,ERR1072787
34037.0,40323,genus,0.00363214,Stenotrophomonas,ERR1072787
34037.0,39948,genus,0.00363214,Dialister,ERR1072787
34037.0,1357,genus,0.00363214,Lactococcus,ERR1072787
34037.0,278993,genus,0.00363214,Thermincola,ERR1072787
34037.0,2147,genus,0.00363214,Acholeplasma,ERR1072787
34037.0,898,genus,0.00363214,Desulfomicrobium,ERR1072787
34037.0,312278,genus,0.00363214,Emticicia,ERR1072787
34037.0,407,genus,0.00363214,Methylobacterium,ERR1072787
34037.0,577309,genus,0.00363214,Paraprevotella,ERR1072787
34037.0,471826,genus,0.00363214,Candidatus Desulforudis,ERR1072787
34037.0,626,genus,0.00363214,Xenorhabdus,ERR1072787
34037.0,795750,genus,0.00363214,Ignavibacterium,ERR1072787
34037.0,642,genus,0.00363214,Aeromonas,ERR1072787
34037.0,79206,genus,0.00363214,Desulfosporosinus,ERR1072787
34037.0,583,genus,0.00363214,Proteus,ERR1072787
34037.0,33042,genus,0.00363214,Coprococcus,ERR1072787
34037.0,2742,genus,0.00363214,Marinobacter,ERR1072787
34037.0,57494,genus,0.00363214,Nesterenkonia,ERR1072787
34037.0,294702,genus,0.00363214,Proteiniphilum,ERR1072787
34037.0,156973,genus,0.00363214,Dysgonomonas,ERR1072787
34037.0,162289,genus,0.00363214,Peptoniphilus,ERR1072787
34037.0,262406,genus,0.00363214,Thermobaculum,ERR1072787
34037.0,702,genus,0.00363214,Plesiomonas,ERR1072787
34037.0,1565532,genus,0.00363214,Rouxiella,ERR1072787
34037.0,84406,genus,0.00363214,Virgibacillus,ERR1072787
34037.0,629,genus,0.00363214,Yersinia,ERR1072787
,-1,genus,56.2763,Unknown,ERR1072787
34037.0,816,genus,15.9051,Bacteroides,ERR1072787
34037.0,239934,genus,6.80662,Akkermansia,ERR1072787
34037.0,216851,genus,3.9336,Faecalibacterium,ERR1072787
34037.0,1637257,genus,2.79311,Mageeibacillus,ERR1072787
34037.0,1263,genus,2.27372,Ruminococcus,ERR1072787
34037.0,375288,genus,2.2156,Parabacteroides,ERR1072787
34037.0,239759,genus,1.48191,Alistipes,ERR1072787
34037.0,1506553,genus,1.03879,Lachnoclostridium,ERR1072787
34037.0,1508657,genus,0.744588,Ruminiclostridium,ERR1072787
34037.0,459786,genus,0.73006,Oscillibacter,ERR1072787
34037.0,990721,genus,0.715531,Christensenella,ERR1072787
34037.0,397864,genus,0.486706,Barnesiella,ERR1072787
34037.0,44748,genus,0.435856,Sporobacter,ERR1072787
34037.0,244127,genus,0.352317,Anaerotruncus,ERR1072787
34037.0,904,genus,0.330524,Acidaminococcus,ERR1072787
34037.0,1505663,genus,0.27241,Erysipelatoclostridium,ERR1072787
34037.0,1386,genus,0.246985,Bacillus,ERR1072787
34037.0,283168,genus,0.232457,Odoribacter,ERR1072787
34037.0,1301,genus,0.210664,Streptococcus,ERR1072787
34037.0,572511,genus,0.196135,Blautia,ERR1072787
34037.0,286,genus,0.17071,Pseudomonas,ERR1072787
34037.0,872,genus,0.145285,Desulfovibrio,ERR1072787
34037.0,590,genus,0.0726427,Salmonella,ERR1072787
34037.0,841,genus,0.0690106,Roseburia,ERR1072787
34037.0,1663,genus,0.0653785,Arthrobacter,ERR1072787
34037.0,1730,genus,0.0653785,Eubacterium,ERR1072787
34037.0,1485,genus,0.0653785,Clostridium,ERR1072787
34037.0,1506577,genus,0.0544821,Tyzzerella,ERR1072787
34037.0,561,genus,0.0508499,Escherichia,ERR1072787
34037.0,52784,genus,0.0472178,Anaerofilum,ERR1072787
34037.0,838,genus,0.0435856,Prevotella,ERR1072787
34037.0,100883,genus,0.0399535,Coprobacillus,ERR1072787
34037.0,1769729,genus,0.0399535,Hathewaya,ERR1072787
34037.0,1578,genus,0.0399535,Lactobacillus,ERR1072787
34037.0,44261,genus,0.0326892,Oxobacter,ERR1072787
34037.0,36853,genus,0.0326892,Desulfitobacterium,ERR1072787
34037.0,83660,genus,0.025425,Desulfonispora,ERR1072787
34037.0,420345,genus,0.0217928,Lactonifactor,ERR1072787
34037.0,207244,genus,0.0217928,Anaerostipes,ERR1072787
34037.0,1350,genus,0.0217928,Enterococcus,ERR1072787
34037.0,1080709,genus,0.0181607,Methanomassiliicoccus,ERR1072787
34037.0,644652,genus,0.0145285,Gordonibacter,ERR1072787
34037.0,84111,genus,0.0145285,Eggerthella,ERR1072787
34037.0,270497,genus,0.0145285,Catabacter,ERR1072787
34037.0,264995,genus,0.0145285,Anaerofustis,ERR1072787
34037.0,61170,genus,0.0145285,Holdemania,ERR1072787
34037.0,117563,genus,0.0145285,Granulicatella,ERR1072787
34037.0,442430,genus,0.0145285,Coraliomargarita,ERR1072787
34037.0,1017280,genus,0.0145285,Pseudoflavonifractor,ERR1072787
34037.0,34037,genus,0.0108964,Rahnella,ERR1072787
34037.0,469,genus,0.0108964,Acinetobacter,ERR1072787
34037.0,2735,genus,0.0108964,Verrucomicrobium,ERR1072787
34037.0,1562,genus,0.0108964,Desulfotomaculum,ERR1072787
34037.0,100175,genus,0.00726427,Papillibacter,ERR1072787
34037.0,160795,genus,0.00726427,Ureibacillus,ERR1072787
34037.0,1678,genus,0.00726427,Bifidobacterium,ERR1072787
34037.0,332248,genus,0.00726427,Truepera,ERR1072787
34037.0,44249,genus,0.00726427,Paenibacillus,ERR1072787
34037.0,51228,genus,0.00726427,Wigglesworthia,ERR1072787
34037.0,724,genus,0.00726427,Haemophilus,ERR1072787
34037.0,469322,genus,0.00726427,Steroidobacter,ERR1072787
34037.0,400634,genus,0.00726427,Lysinibacillus,ERR1072787
34037.0,653683,genus,0.00726427,Anaerosporobacter,ERR1072787
34037.0,162289,genus,0.00363214,Peptoniphilus,ERR1072787
34037.0,262406,genus,0.00363214,Thermobaculum,ERR1072787
34037.0,702,genus,0.00363214,Plesiomonas,ERR1072787
34037.0,1565532,genus,0.00363214,Rouxiella,ERR1072787
34037.0,84406,genus,0.00363214,Virgibacillus,ERR1072787
34037.0,629,genus,0.00363214,Yersinia,ERR1072787
34037.0,42447,genus,0.00363214,Anaerobranca,ERR1072787
34037.0,189330,genus,0.00363214,Dorea,ERR1072787
34037.0,40323,genus,0.00363214,Stenotrophomonas,ERR1072787
34037.0,39948,genus,0.00363214,Dialister,ERR1072787
34037.0,1357,genus,0.00363214,Lactococcus,ERR1072787
34037.0,278993,genus,0.00363214,Thermincola,ERR1072787
34037.0,2147,genus,0.00363214,Acholeplasma,ERR1072787
34037.0,898,genus,0.00363214,Desulfomicrobium,ERR1072787
34037.0,312278,genus,0.00363214,Emticicia,ERR1072787
34037.0,407,genus,0.00363214,Methylobacterium,ERR1072787
34037.0,577309,genus,0.00363214,Paraprevotella,ERR1072787
34037.0,471826,genus,0.00363214,Candidatus Desulforudis,ERR1072787
34037.0,626,genus,0.00363214,Xenorhabdus,ERR1072787
34037.0,795750,genus,0.00363214,Ignavibacterium,ERR1072787
34037.0,642,genus,0.00363214,Aeromonas,ERR1072787
34037.0,79206,genus,0.00363214,Desulfosporosinus,ERR1072787
34037.0,583,genus,0.00363214,Proteus,ERR1072787
34037.0,33042,genus,0.00363214,Coprococcus,ERR1072787
34037.0,2742,genus,0.00363214,Marinobacter,ERR1072787
34037.0,57494,genus,0.00363214,Nesterenkonia,ERR1072787
34037.0,294702,genus,0.00363214,Proteiniphilum,ERR1072787
34037.0,156973,genus,0.00363214,Dysgonomonas,ERR1072787
,-1,genus,56.2763,Unknown,ERR1072787
34037.0,816,genus,15.9051,Bacteroides,ERR1072787
34037.0,239934,genus,6.80662,Akkermansia,ERR1072787
34037.0,216851,genus,3.9336,Faecalibacterium,ERR1072787
34037.0,1637257,genus,2.79311,Mageeibacillus,ERR1072787
34037.0,1263,genus,2.27372,Ruminococcus,ERR1072787
34037.0,375288,genus,2.2156,Parabacteroides,ERR1072787
34037.0,239759,genus,1.48191,Alistipes,ERR1072787
34037.0,1506553,genus,1.03879,Lachnoclostridium,ERR1072787
34037.0,1508657,genus,0.744588,Ruminiclostridium,ERR1072787
34037.0,459786,genus,0.73006,Oscillibacter,ERR1072787
34037.0,990721,genus,0.715531,Christensenella,ERR1072787
34037.0,397864,genus,0.486706,Barnesiella,ERR1072787
34037.0,44748,genus,0.435856,Sporobacter,ERR1072787
34037.0,244127,genus,0.352317,Anaerotruncus,ERR1072787
34037.0,904,genus,0.330524,Acidaminococcus,ERR1072787
34037.0,1505663,genus,0.27241,Erysipelatoclostridium,ERR1072787
34037.0,1386,genus,0.246985,Bacillus,ERR1072787
34037.0,283168,genus,0.232457,Odoribacter,ERR1072787
34037.0,1301,genus,0.210664,Streptococcus,ERR1072787
34037.0,572511,genus,0.196135,Blautia,ERR1072787
34037.0,286,genus,0.17071,Pseudomonas,ERR1072787
34037.0,872,genus,0.145285,Desulfovibrio,ERR1072787
34037.0,590,genus,0.0726427,Salmonella,ERR1072787
34037.0,841,genus,0.0690106,Roseburia,ERR1072787
34037.0,1485,genus,0.0653785,Clostridium,ERR1072787
34037.0,1663,genus,0.0653785,Arthrobacter,ERR1072787
34037.0,1730,genus,0.0653785,Eubacterium,ERR1072787
34037.0,1506577,genus,0.0544821,Tyzzerella,ERR1072787
34037.0,561,genus,0.0508499,Escherichia,ERR1072787
34037.0,52784,genus,0.0472178,Anaerofilum,ERR1072787
34037.0,838,genus,0.0435856,Prevotella,ERR1072787
34037.0,1578,genus,0.0399535,Lactobacillus,ERR1072787
34037.0,100883,genus,0.0399535,Coprobacillus,ERR1072787
34037.0,1769729,genus,0.0399535,Hathewaya,ERR1072787
34037.0,44261,genus,0.0326892,Oxobacter,ERR1072787
34037.0,36853,genus,0.0326892,Desulfitobacterium,ERR1072787
34037.0,83660,genus,0.025425,Desulfonispora,ERR1072787
34037.0,1350,genus,0.0217928,Enterococcus,ERR1072787
34037.0,420345,genus,0.0217928,Lactonifactor,ERR1072787
34037.0,207244,genus,0.0217928,Anaerostipes,ERR1072787
34037.0,1080709,genus,0.0181607,Methanomassiliicoccus,ERR1072787
34037.0,264995,genus,0.0145285,Anaerofustis,ERR1072787
34037.0,61170,genus,0.0145285,Holdemania,ERR1072787
34037.0,442430,genus,0.0145285,Coraliomargarita,ERR1072787
34037.0,117563,genus,0.0145285,Granulicatella,ERR1072787
34037.0,1017280,genus,0.0145285,Pseudoflavonifractor,ERR1072787
34037.0,644652,genus,0.0145285,Gordonibacter,ERR1072787
34037.0,84111,genus,0.0145285,Eggerthella,ERR1072787
34037.0,270497,genus,0.0145285,Catabacter,ERR1072787
34037.0,1562,genus,0.0108964,Desulfotomaculum,ERR1072787
34037.0,34037,genus,0.0108964,Rahnella,ERR1072787
34037.0,469,genus,0.0108964,Acinetobacter,ERR1072787
34037.0,2735,genus,0.0108964,Verrucomicrobium,ERR1072787
34037.0,724,genus,0.00726427,Haemophilus,ERR1072787
34037.0,469322,genus,0.00726427,Steroidobacter,ERR1072787
34037.0,400634,genus,0.00726427,Lysinibacillus,ERR1072787
34037.0,653683,genus,0.00726427,Anaerosporobacter,ERR1072787
34037.0,160795,genus,0.00726427,Ureibacillus,ERR1072787
34037.0,100175,genus,0.00726427,Papillibacter,ERR1072787
34037.0,1678,genus,0.00726427,Bifidobacterium,ERR1072787
34037.0,44249,genus,0.00726427,Paenibacillus,ERR1072787
34037.0,332248,genus,0.00726427,Truepera,ERR1072787
34037.0,51228,genus,0.00726427,Wigglesworthia,ERR1072787
34037.0,577309,genus,0.00363214,Paraprevotella,ERR1072787
34037.0,312278,genus,0.00363214,Emticicia,ERR1072787
34037.0,407,genus,0.00363214,Methylobacterium,ERR1072787
34037.0,471826,genus,0.00363214,Candidatus Desulforudis,ERR1072787
34037.0,626,genus,0.00363214,Xenorhabdus,ERR1072787
34037.0,795750,genus,0.00363214,Ignavibacterium,ERR1072787
34037.0,79206,genus,0.00363214,Desulfosporosinus,ERR1072787
34037.0,642,genus,0.00363214,Aeromonas,ERR1072787
34037.0,583,genus,0.00363214,Proteus,ERR1072787
34037.0,33042,genus,0.00363214,Coprococcus,ERR1072787
34037.0,2742,genus,0.00363214,Marinobacter,ERR1072787
34037.0,57494,genus,0.00363214,Nesterenkonia,ERR1072787
34037.0,294702,genus,0.00363214,Proteiniphilum,ERR1072787
34037.0,156973,genus,0.00363214,Dysgonomonas,ERR1072787
34037.0,162289,genus,0.00363214,Peptoniphilus,ERR1072787
34037.0,262406,genus,0.00363214,Thermobaculum,ERR1072787
34037.0,1565532,genus,0.00363214,Rouxiella,ERR1072787
34037.0,702,genus,0.00363214,Plesiomonas,ERR1072787
34037.0,84406,genus,0.00363214,Virgibacillus,ERR1072787
34037.0,629,genus,0.00363214,Yersinia,ERR1072787
34037.0,42447,genus,0.00363214,Anaerobranca,ERR1072787
34037.0,189330,genus,0.00363214,Dorea,ERR1072787
34037.0,40323,genus,0.00363214,Stenotrophomonas,ERR1072787
34037.0,1357,genus,0.00363214,Lactococcus,ERR1072787
34037.0,39948,genus,0.00363214,Dialister,ERR1072787
34037.0,278993,genus,0.00363214,Thermincola,ERR1072787
34037.0,2147,genus,0.00363214,Acholeplasma,ERR1072787
34037.0,898,genus,0.00363214,Desulfomicrobium,ERR1072787
,-1,genus,56.2763,Unknown,ERR1072787
47080.0,816,genus,24.3108,Bacteroides,ERR1072811
47080.0,216851,genus,21.1579,Faecalibacterium,ERR1072811
47080.0,1678,genus,8.53634,Bifidobacterium,ERR1072811
47080.0,1263,genus,6.7619,Ruminococcus,ERR1072811
47080.0,239759,genus,6.17544,Alistipes,ERR1072811
47080.0,572511,genus,2.5213,Blautia,ERR1072811
47080.0,397864,genus,2.42607,Barnesiella,ERR1072811
47080.0,1508657,genus,2.27569,Ruminiclostridium,ERR1072811
47080.0,904,genus,1.90977,Acidaminococcus,ERR1072811
47080.0,1730,genus,1.5589,Eubacterium,ERR1072811
47080.0,459786,genus,1.33333,Oscillibacter,ERR1072811
47080.0,375288,genus,1.32331,Parabacteroides,ERR1072811
47080.0,1506553,genus,1.28822,Lachnoclostridium,ERR1072811
47080.0,1505663,genus,0.496241,Erysipelatoclostridium,ERR1072811
47080.0,841,genus,0.481203,Roseburia,ERR1072811
47080.0,44748,genus,0.35589,Sporobacter,ERR1072811
47080.0,283168,genus,0.320802,Odoribacter,ERR1072811
47080.0,189330,genus,0.285714,Dorea,ERR1072811
47080.0,40544,genus,0.225564,Sutterella,ERR1072811
47080.0,33042,genus,0.195489,Coprococcus,ERR1072811
47080.0,244127,genus,0.145363,Anaerotruncus,ERR1072811
47080.0,1505657,genus,0.130326,Intestinibacter,ERR1072811
47080.0,577310,genus,0.085213,Parasutterella,ERR1072811
47080.0,52784,genus,0.075188,Anaerofilum,ERR1072811
47080.0,1485,genus,0.0601504,Clostridium,ERR1072811
47080.0,838,genus,0.0451128,Prevotella,ERR1072811
47080.0,28453,genus,0.0451128,Sphingobacterium,ERR1072811
47080.0,1017280,genus,0.0401003,Pseudoflavonifractor,ERR1072811
47080.0,84108,genus,0.0401003,Slackia,ERR1072811
47080.0,1578,genus,0.0401003,Lactobacillus,ERR1072811
47080.0,35832,genus,0.0300752,Bilophila,ERR1072811
47080.0,469,genus,0.0300752,Acinetobacter,ERR1072811
47080.0,39948,genus,0.0300752,Dialister,ERR1072811
47080.0,61170,genus,0.0250627,Holdemania,ERR1072811
47080.0,1386,genus,0.0250627,Bacillus,ERR1072811
47080.0,146813,genus,0.0250627,Dendrosporobacter,ERR1072811
47080.0,270497,genus,0.0250627,Catabacter,ERR1072811
47080.0,172900,genus,0.0200501,Victivallis,ERR1072811
47080.0,1654,genus,0.0200501,Actinomyces,ERR1072811
47080.0,29465,genus,0.0150376,Veillonella,ERR1072811
47080.0,100883,genus,0.0150376,Coprobacillus,ERR1072811
47080.0,102106,genus,0.0150376,Collinsella,ERR1072811
47080.0,990721,genus,0.0100251,Christensenella,ERR1072811
47080.0,84111,genus,0.0100251,Eggerthella,ERR1072811
47080.0,207244,genus,0.0100251,Anaerostipes,ERR1072811
47080.0,133925,genus,0.0100251,Olsenella,ERR1072811
47080.0,420345,genus,0.00501253,Lactonifactor,ERR1072811
47080.0,1506577,genus,0.00501253,Tyzzerella,ERR1072811
47080.0,427753,genus,0.00501253,Humibacter,ERR1072811
47080.0,42255,genus,0.00501253,Rubrobacter,ERR1072811
47080.0,1618113,genus,0.00501253,Saccharicrinis,ERR1072811
47080.0,978,genus,0.00501253,Cytophaga,ERR1072811
47080.0,1279,genus,0.00501253,Staphylococcus,ERR1072811
47080.0,1742989,genus,0.00501253,Glutamicibacter,ERR1072811
47080.0,629,genus,0.00501253,Yersinia,ERR1072811
47080.0,638847,genus,0.00501253,Pyramidobacter,ERR1072811
47080.0,233189,genus,0.00501253,Anaerolinea,ERR1072811
47080.0,55080,genus,0.00501253,Brevibacillus,ERR1072811
47080.0,187144,genus,0.00501253,Caldithrix,ERR1072811
47080.0,32207,genus,0.00501253,Rothia,ERR1072811
47080.0,565005,genus,0.00501253,Nubsella,ERR1072811
47080.0,168808,genus,0.00501253,Sneathia,ERR1072811
47080.0,1486726,genus,0.00501253,Pseudobacteroides,ERR1072811
47080.0,1134403,genus,0.00501253,Melioribacter,ERR1072811
47080.0,79328,genus,0.00501253,Chitinophaga,ERR1072811
47080.0,79206,genus,0.00501253,Desulfosporosinus,ERR1072811
47080.0,590,genus,0.00501253,Salmonella,ERR1072811
47080.0,1301,genus,0.00501253,Streptococcus,ERR1072811
47080.0,1471399,genus,0.00501253,Draconibacterium,ERR1072811
47080.0,84567,genus,0.00501253,Pedobacter,ERR1072811
47080.0,795750,genus,0.00501253,Ignavibacterium,ERR1072811
47080.0,239934,genus,0.00501253,Akkermansia,ERR1072811
47080.0,1236988,genus,0.00501253,Geofilum,ERR1072811
47080.0,114627,genus,0.00501253,Alkaliphilus,ERR1072811
47080.0,332248,genus,0.00501253,Truepera,ERR1072811
47080.0,346096,genus,0.00501253,Paludibacter,ERR1072811
47080.0,42837,genus,0.00501253,Ammonifex,ERR1072811
47080.0,2299,genus,0.00501253,Desulfosarcina,ERR1072811
,-1,genus,13.8797,Unknown,ERR1072811
47519.0,838,genus,34.9352,Prevotella,ERR1072832
47519.0,816,genus,26.4344,Bacteroides,ERR1072832
47519.0,239759,genus,7.35121,Alistipes,ERR1072832
47519.0,216851,genus,6.46935,Faecalibacterium,ERR1072832
47519.0,375288,genus,3.53815,Parabacteroides,ERR1072832
47519.0,1506553,genus,2.70627,Lachnoclostridium,ERR1072832
47519.0,397864,genus,2.44921,Barnesiella,ERR1072832
47519.0,577309,genus,2.14574,Paraprevotella,ERR1072832
47519.0,239934,genus,2.01364,Akkermansia,ERR1072832
47519.0,572511,genus,1.36028,Blautia,ERR1072832
47519.0,459786,genus,1.1532,Oscillibacter,ERR1072832
47519.0,35832,genus,0.667643,Bilophila,ERR1072832
47519.0,1730,genus,0.339177,Eubacterium,ERR1072832
47519.0,1263,genus,0.25349,Ruminococcus,ERR1072832
47519.0,872,genus,0.189225,Desulfovibrio,ERR1072832
47519.0,244127,genus,0.167803,Anaerotruncus,ERR1072832
47519.0,283168,genus,0.157092,Odoribacter,ERR1072832
47519.0,904,genus,0.139241,Acidaminococcus,ERR1072832
47519.0,1508657,genus,0.117819,Ruminiclostridium,ERR1072832
47519.0,1678,genus,0.0856867,Bifidobacterium,ERR1072832
47519.0,33042,genus,0.0785462,Coprococcus,ERR1072832
47519.0,841,genus,0.0678353,Roseburia,ERR1072832
47519.0,1485,genus,0.0535542,Clostridium,ERR1072832
47519.0,577310,genus,0.0392731,Parasutterella,ERR1072832
47519.0,40544,genus,0.0357028,Sutterella,ERR1072832
47519.0,207244,genus,0.0321325,Anaerostipes,ERR1072832
47519.0,146813,genus,0.0321325,Dendrosporobacter,ERR1072832
47519.0,44748,genus,0.024992,Sporobacter,ERR1072832
47519.0,1386,genus,0.024992,Bacillus,ERR1072832
47519.0,1301,genus,0.0142811,Streptococcus,ERR1072832
47519.0,84111,genus,0.0142811,Eggerthella,ERR1072832
47519.0,1716,genus,0.0142811,Corynebacterium,ERR1072832
47519.0,1505663,genus,0.0107108,Erysipelatoclostridium,ERR1072832
47519.0,286,genus,0.0107108,Pseudomonas,ERR1072832
47519.0,100883,genus,0.0107108,Coprobacillus,ERR1072832
47519.0,836,genus,0.00714056,Porphyromonas,ERR1072832
47519.0,400634,genus,0.00714056,Lysinibacillus,ERR1072832
47519.0,1081,genus,0.00714056,Rhodospirillum,ERR1072832
47519.0,990721,genus,0.00714056,Christensenella,ERR1072832
47519.0,1843210,genus,0.00714056,Anaerocolumna,ERR1072832
47519.0,346096,genus,0.00714056,Paludibacter,ERR1072832
47519.0,642,genus,0.00357028,Aeromonas,ERR1072832
47519.0,846,genus,0.00357028,Oxalobacter,ERR1072832
47519.0,795750,genus,0.00357028,Ignavibacterium,ERR1072832
47519.0,581,genus,0.00357028,Morganella,ERR1072832
47519.0,1578,genus,0.00357028,Lactobacillus,ERR1072832
47519.0,186831,genus,0.00357028,Acetoanaerobium,ERR1072832
47519.0,1200657,genus,0.00357028,Saccharofermentans,ERR1072832
47519.0,511434,genus,0.00357028,Candidatus Azobacteroides,ERR1072832
47519.0,590,genus,0.00357028,Salmonella,ERR1072832
47519.0,261933,genus,0.00357028,Pleomorphomonas,ERR1072832
47519.0,2740,genus,0.00357028,Peptococcus,ERR1072832
47519.0,670486,genus,0.00357028,Dehalogenimonas,ERR1072832
47519.0,172900,genus,0.00357028,Victivallis,ERR1072832
47519.0,28231,genus,0.00357028,Geobacter,ERR1072832
47519.0,84567,genus,0.00357028,Pedobacter,ERR1072832
47519.0,29526,genus,0.00357028,Syntrophobacter,ERR1072832
47519.0,294702,genus,0.00357028,Proteiniphilum,ERR1072832
47519.0,189330,genus,0.00357028,Dorea,ERR1072832
47519.0,156973,genus,0.00357028,Dysgonomonas,ERR1072832
47519.0,312278,genus,0.00357028,Emticicia,ERR1072832
,-1,genus,5.95166,Unknown,ERR1072832
47263.0,816,genus,8.25054,Bacteroides,ERR1072843
47263.0,216851,genus,4.65226,Faecalibacterium,ERR1072843
47263.0,838,genus,3.65199,Prevotella,ERR1072843
47263.0,239759,genus,2.95381,Alistipes,ERR1072843
47263.0,375288,genus,2.91353,Parabacteroides,ERR1072843
47263.0,459786,genus,1.97368,Oscillibacter,ERR1072843
47263.0,572511,genus,1.10768,Blautia,ERR1072843
47263.0,397864,genus,1.10768,Barnesiella,ERR1072843
47263.0,239934,genus,0.89957,Akkermansia,ERR1072843
47263.0,1730,genus,0.704887,Eubacterium,ERR1072843
47263.0,1485,genus,0.610902,Clostridium,ERR1072843
47263.0,1508657,genus,0.422932,Ruminiclostridium,ERR1072843
47263.0,44748,genus,0.322234,Sporobacter,ERR1072843
47263.0,1506553,genus,0.308808,Lachnoclostridium,ERR1072843
47263.0,1301,genus,0.275242,Streptococcus,ERR1072843
47263.0,1505663,genus,0.275242,Erysipelatoclostridium,ERR1072843
47263.0,35832,genus,0.248389,Bilophila,ERR1072843
47263.0,33042,genus,0.194683,Coprococcus,ERR1072843
47263.0,841,genus,0.161117,Roseburia,ERR1072843
47263.0,244127,genus,0.154404,Anaerotruncus,ERR1072843
47263.0,990721,genus,0.154404,Christensenella,ERR1072843
47263.0,577310,genus,0.147691,Parasutterella,ERR1072843
47263.0,1263,genus,0.0872717,Ruminococcus,ERR1072843
47263.0,561,genus,0.0738453,Escherichia,ERR1072843
47263.0,283168,genus,0.0738453,Odoribacter,ERR1072843
47263.0,1386,genus,0.0537057,Bacillus,ERR1072843
47263.0,84108,genus,0.0335661,Slackia,ERR1072843
47263.0,1716,genus,0.0268528,Corynebacterium,ERR1072843
47263.0,189330,genus,0.0268528,Dorea,ERR1072843
47263.0,1279,genus,0.0268528,Staphylococcus,ERR1072843
47263.0,904,genus,0.0268528,Acidaminococcus,ERR1072843
47263.0,872,genus,0.0268528,Desulfovibrio,ERR1072843
47263.0,286,genus,0.0268528,Pseudomonas,ERR1072843
47263.0,620,genus,0.0201396,Shigella,ERR1072843
47263.0,1505657,genus,0.0201396,Intestinibacter,ERR1072843
47263.0,1017280,genus,0.0201396,Pseudoflavonifractor,ERR1072843
47263.0,400634,genus,0.0201396,Lysinibacillus,ERR1072843
47263.0,626,genus,0.0134264,Xenorhabdus,ERR1072843
47263.0,724,genus,0.0134264,Haemophilus,ERR1072843
47263.0,52784,genus,0.0134264,Anaerofilum,ERR1072843
47263.0,180541,genus,0.0134264,Salinisphaera,ERR1072843
47263.0,172900,genus,0.0134264,Victivallis,ERR1072843
47263.0,44249,genus,0.0134264,Paenibacillus,ERR1072843
47263.0,34037,genus,0.00671321,Rahnella,ERR1072843
47263.0,590,genus,0.00671321,Salmonella,ERR1072843
47263.0,332102,genus,0.00671321,Fluviicola,ERR1072843
47263.0,346096,genus,0.00671321,Paludibacter,ERR1072843
47263.0,830,genus,0.00671321,Butyrivibrio,ERR1072843
47263.0,1030,genus,0.00671321,Thiothrix,ERR1072843
47263.0,100883,genus,0.00671321,Coprobacillus,ERR1072843
47263.0,156973,genus,0.00671321,Dysgonomonas,ERR1072843
47263.0,53335,genus,0.00671321,Pantoea,ERR1072843
47263.0,1578,genus,0.00671321,Lactobacillus,ERR1072843
47263.0,278993,genus,0.00671321,Thermincola,ERR1072843
47263.0,40323,genus,0.00671321,Stenotrophomonas,ERR1072843
47263.0,1524249,genus,0.00671321,Pseudohongiella,ERR1072843
47263.0,2745,genus,0.00671321,Halomonas,ERR1072843
47263.0,36853,genus,0.00671321,Desulfitobacterium,ERR1072843
47263.0,59732,genus,0.00671321,Chryseobacterium,ERR1072843
47263.0,1134403,genus,0.00671321,Melioribacter,ERR1072843
47263.0,2299,genus,0.00671321,Desulfosarcina,ERR1072843
47263.0,1870884,genus,0.00671321,Clostridioides,ERR1072843
47263.0,267986,genus,0.00671321,Owenweeksia,ERR1072843
,-1,genus,67.7027,Unknown,ERR1072843
35733.0,816,genus,39.176,Bacteroides,ERR1072851
35733.0,239759,genus,25.3399,Alistipes,ERR1072851
35733.0,216851,genus,7.19644,Faecalibacterium,ERR1072851
35733.0,397864,genus,2.43788,Barnesiella,ERR1072851
35733.0,1508657,genus,1.51782,Ruminiclostridium,ERR1072851
35733.0,459786,genus,1.47093,Oscillibacter,ERR1072851
35733.0,1263,genus,1.45335,Ruminococcus,ERR1072851
35733.0,572511,genus,1.45335,Blautia,ERR1072851
35733.0,39948,genus,1.17792,Dialister,ERR1072851
35733.0,375288,genus,0.920066,Parabacteroides,ERR1072851
35733.0,283168,genus,0.826301,Odoribacter,ERR1072851
35733.0,1730,genus,0.697375,Eubacterium,ERR1072851
35733.0,239934,genus,0.621191,Akkermansia,ERR1072851
35733.0,1506553,genus,0.60361,Lachnoclostridium,ERR1072851
35733.0,1357,genus,0.41022,Lactococcus,ERR1072851
35733.0,33042,genus,0.263713,Coprococcus,ERR1072851
35733.0,1505663,genus,0.257853,Erysipelatoclostridium,ERR1072851
35733.0,35832,genus,0.234412,Bilophila,ERR1072851
35733.0,841,genus,0.222691,Roseburia,ERR1072851
35733.0,244127,genus,0.181669,Anaerotruncus,ERR1072851
35733.0,1573535,genus,0.175809,Holdemanella,ERR1072851
35733.0,1678,genus,0.164088,Bifidobacterium,ERR1072851
35733.0,990721,genus,0.128926,Christensenella,ERR1072851
35733.0,40544,genus,0.123066,Sutterella,ERR1072851
35733.0,1485,genus,0.123066,Clostridium,ERR1072851
35733.0,724,genus,0.0820441,Haemophilus,ERR1072851
35733.0,44748,genus,0.0703235,Sporobacter,ERR1072851
35733.0,838,genus,0.0468823,Prevotella,ERR1072851
35733.0,2172,genus,0.0468823,Methanobrevibacter,ERR1072851
35733.0,52784,genus,0.0351617,Anaerofilum,ERR1072851
35733.0,1506577,genus,0.0351617,Tyzzerella,ERR1072851
35733.0,1301,genus,0.0293015,Streptococcus,ERR1072851
35733.0,84567,genus,0.0293015,Pedobacter,ERR1072851
35733.0,117563,genus,0.0234412,Granulicatella,ERR1072851
35733.0,207244,genus,0.0234412,Anaerostipes,ERR1072851
35733.0,442430,genus,0.0175809,Coraliomargarita,ERR1072851
35733.0,286,genus,0.0117206,Pseudomonas,ERR1072851
35733.0,1562,genus,0.0117206,Desulfotomaculum,ERR1072851
35733.0,1505657,genus,0.0117206,Intestinibacter,ERR1072851
35733.0,28453,genus,0.0117206,Sphingobacterium,ERR1072851
35733.0,61170,genus,0.0117206,Holdemania,ERR1072851
35733.0,44249,genus,0.0117206,Paenibacillus,ERR1072851
35733.0,189330,genus,0.0117206,Dorea,ERR1072851
35733.0,872,genus,0.0117206,Desulfovibrio,ERR1072851
35733.0,233191,genus,0.0117206,Caldilinea,ERR1072851
35733.0,84108,genus,0.00586029,Slackia,ERR1072851
35733.0,1769729,genus,0.00586029,Hathewaya,ERR1072851
35733.0,1017280,genus,0.00586029,Pseudoflavonifractor,ERR1072851
35733.0,114627,genus,0.00586029,Alkaliphilus,ERR1072851
35733.0,28138,genus,0.00586029,Rikenella,ERR1072851
35733.0,1618113,genus,0.00586029,Saccharicrinis,ERR1072851
35733.0,1647,genus,0.00586029,Erysipelothrix,ERR1072851
35733.0,2316,genus,0.00586029,Methanosphaera,ERR1072851
35733.0,1716,genus,0.00586029,Corynebacterium,ERR1072851
35733.0,1386,genus,0.00586029,Bacillus,ERR1072851
35733.0,1548510,genus,0.00586029,Microbacter,ERR1072851
35733.0,846,genus,0.00586029,Oxalobacter,ERR1072851
35733.0,1350,genus,0.00586029,Enterococcus,ERR1072851
35733.0,209,genus,0.00586029,Helicobacter,ERR1072851
35733.0,795750,genus,0.00586029,Ignavibacterium,ERR1072851
35733.0,1243,genus,0.00586029,Leuconostoc,ERR1072851
,-1,genus,11.9081,Unknown,ERR1072851
47385.0,816,genus,30.4049,Bacteroides,ERR1072895
47385.0,375288,genus,2.93202,Parabacteroides,ERR1072895
47385.0,239759,genus,2.55075,Alistipes,ERR1072895
47385.0,216851,genus,2.45409,Faecalibacterium,ERR1072895
47385.0,572511,genus,1.89024,Blautia,ERR1072895
47385.0,397864,genus,1.35861,Barnesiella,ERR1072895
47385.0,577310,genus,1.08474,Parasutterella,ERR1072895
47385.0,577309,genus,0.896789,Paraprevotella,ERR1072895
47385.0,1508657,genus,0.644399,Ruminiclostridium,ERR1072895
47385.0,286,genus,0.633659,Pseudomonas,ERR1072895
47385.0,1301,genus,0.574589,Streptococcus,ERR1072895
47385.0,904,genus,0.510149,Acidaminococcus,ERR1072895
47385.0,1730,genus,0.418859,Eubacterium,ERR1072895
47385.0,459786,genus,0.413489,Oscillibacter,ERR1072895
47385.0,35832,genus,0.365159,Bilophila,ERR1072895
47385.0,1506553,genus,0.33831,Lachnoclostridium,ERR1072895
47385.0,841,genus,0.33831,Roseburia,ERR1072895
47385.0,283168,genus,0.29535,Odoribacter,ERR1072895
47385.0,1505663,genus,0.24702,Erysipelatoclostridium,ERR1072895
47385.0,1386,genus,0.24165,Bacillus,ERR1072895
47385.0,1569,genus,0.16647,Sporosarcina,ERR1072895
47385.0,1263,genus,0.14499,Ruminococcus,ERR1072895
47385.0,1485,genus,0.0966599,Clostridium,ERR1072895
47385.0,207244,genus,0.0590699,Anaerostipes,ERR1072895
47385.0,561,genus,0.0483299,Escherichia,ERR1072895
47385.0,61170,genus,0.0483299,Holdemania,ERR1072895
47385.0,33042,genus,0.0375899,Coprococcus,ERR1072895
47385.0,872,genus,0.0375899,Desulfovibrio,ERR1072895
47385.0,189330,genus,0.03222,Dorea,ERR1072895
47385.0,838,genus,0.03222,Prevotella,ERR1072895
47385.0,44748,genus,0.03222,Sporobacter,ERR1072895
47385.0,244127,genus,0.02685,Anaerotruncus,ERR1072895
47385.0,270497,genus,0.02685,Catabacter,ERR1072895
47385.0,1678,genus,0.02685,Bifidobacterium,ERR1072895
47385.0,52784,genus,0.02685,Anaerofilum,ERR1072895
47385.0,1654,genus,0.02148,Actinomyces,ERR1072895
47385.0,255204,genus,0.02148,Pseudoclavibacter,ERR1072895
47385.0,590,genus,0.01611,Salmonella,ERR1072895
47385.0,1505657,genus,0.01611,Intestinibacter,ERR1072895
47385.0,1696,genus,0.01611,Brevibacterium,ERR1072895
47385.0,40544,genus,0.01611,Sutterella,ERR1072895
47385.0,84567,genus,0.01074,Pedobacter,ERR1072895
47385.0,2299,genus,0.01074,Desulfosarcina,ERR1072895
47385.0,239934,genus,0.01074,Akkermansia,ERR1072895
47385.0,39948,genus,0.01074,Dialister,ERR1072895
47385.0,990721,genus,0.01074,Christensenella,ERR1072895
47385.0,165779,genus,0.01074,Anaerococcus,ERR1072895
47385.0,392735,genus,0.01074,Uliginosibacterium,ERR1072895
47385.0,66831,genus,0.01074,Facklamia,ERR1072895
47385.0,1051,genus,0.01074,Ectothiorhodospira,ERR1072895
47385.0,1618113,genus,0.01074,Saccharicrinis,ERR1072895
47385.0,836,genus,0.01074,Porphyromonas,ERR1072895
47385.0,1716,genus,0.01074,Corynebacterium,ERR1072895
47385.0,469,genus,0.01074,Acinetobacter,ERR1072895
47385.0,84406,genus,0.00536999,Virgibacillus,ERR1072895
47385.0,28231,genus,0.00536999,Geobacter,ERR1072895
47385.0,642,genus,0.00536999,Aeromonas,ERR1072895
47385.0,55080,genus,0.00536999,Brevibacillus,ERR1072895
47385.0,29331,genus,0.00536999,Amphibacillus,ERR1072895
47385.0,413496,genus,0.00536999,Cronobacter,ERR1072895
47385.0,795750,genus,0.00536999,Ignavibacterium,ERR1072895
47385.0,2742,genus,0.00536999,Marinobacter,ERR1072895
47385.0,830,genus,0.00536999,Butyrivibrio,ERR1072895
47385.0,978,genus,0.00536999,Cytophaga,ERR1072895
47385.0,1843210,genus,0.00536999,Anaerocolumna,ERR1072895
47385.0,83660,genus,0.00536999,Desulfonispora,ERR1072895
47385.0,314318,genus,0.00536999,Prolixibacter,ERR1072895
47385.0,28453,genus,0.00536999,Sphingobacterium,ERR1072895
47385.0,445,genus,0.00536999,Legionella,ERR1072895
47385.0,53335,genus,0.00536999,Pantoea,ERR1072895
47385.0,332248,genus,0.00536999,Truepera,ERR1072895
47385.0,497,genus,0.00536999,Psychrobacter,ERR1072895
,-1,genus,49.898,Unknown,ERR1072895
47264.0,286,genus,27.0814,Pseudomonas,ERR1072936
47264.0,816,genus,12.0155,Bacteroides,ERR1072936
47264.0,239759,genus,2.18116,Alistipes,ERR1072936
47264.0,216851,genus,1.38851,Faecalibacterium,ERR1072936
47264.0,40323,genus,1.28464,Stenotrophomonas,ERR1072936
47264.0,397864,genus,0.896518,Barnesiella,ERR1072936
47264.0,375288,genus,0.792653,Parabacteroides,ERR1072936
47264.0,1678,genus,0.76532,Bifidobacterium,ERR1072936
47264.0,1730,genus,0.497458,Eubacterium,ERR1072936
47264.0,469,genus,0.38266,Acinetobacter,ERR1072936
47264.0,507,genus,0.36626,Alcaligenes,ERR1072936
47264.0,1263,genus,0.355327,Ruminococcus,ERR1072936
47264.0,572511,genus,0.300661,Blautia,ERR1072936
47264.0,80865,genus,0.300661,Delftia,ERR1072936
47264.0,1508657,genus,0.256929,Ruminiclostridium,ERR1072936
47264.0,724,genus,0.251462,Haemophilus,ERR1072936
47264.0,1386,genus,0.245996,Bacillus,ERR1072936
47264.0,1505663,genus,0.245996,Erysipelatoclostridium,ERR1072936
47264.0,459786,genus,0.185863,Oscillibacter,ERR1072936
47264.0,1663,genus,0.131198,Arthrobacter,ERR1072936
47264.0,836,genus,0.131198,Porphyromonas,ERR1072936
47264.0,39948,genus,0.125731,Dialister,ERR1072936
47264.0,838,genus,0.120265,Prevotella,ERR1072936
47264.0,648800,genus,0.103865,Solibacillus,ERR1072936
47264.0,1573535,genus,0.0983983,Holdemanella,ERR1072936
47264.0,1301,genus,0.0874652,Streptococcus,ERR1072936
47264.0,189330,genus,0.0710654,Dorea,ERR1072936
47264.0,561,genus,0.0655989,Escherichia,ERR1072936
47264.0,1506577,genus,0.0601323,Tyzzerella,ERR1072936
47264.0,872,genus,0.0546657,Desulfovibrio,ERR1072936
47264.0,12916,genus,0.0491991,Acidovorax,ERR1072936
47264.0,162289,genus,0.0437326,Peptoniphilus,ERR1072936
47264.0,150022,genus,0.0437326,Finegoldia,ERR1072936
47264.0,44748,genus,0.038266,Sporobacter,ERR1072936
47264.0,265980,genus,0.0327994,Alkalimonas,ERR1072936
47264.0,283168,genus,0.0327994,Odoribacter,ERR1072936
47264.0,1506553,genus,0.0327994,Lachnoclostridium,ERR1072936
47264.0,841,genus,0.0327994,Roseburia,ERR1072936
47264.0,1827,genus,0.0327994,Rhodococcus,ERR1072936
47264.0,35832,genus,0.0273329,Bilophila,ERR1072936
47264.0,207244,genus,0.0218663,Anaerostipes,ERR1072936
47264.0,1485,genus,0.0218663,Clostridium,ERR1072936
47264.0,1505657,genus,0.0218663,Intestinibacter,ERR1072936
47264.0,165779,genus,0.0218663,Anaerococcus,ERR1072936
47264.0,1578,genus,0.0163997,Lactobacillus,ERR1072936
47264.0,84406,genus,0.0163997,Virgibacillus,ERR1072936
47264.0,400634,genus,0.0163997,Lysinibacillus,ERR1072936
47264.0,1569,genus,0.0163997,Sporosarcina,ERR1072936
47264.0,528,genus,0.0163997,Ochrobactrum,ERR1072936
47264.0,1350,genus,0.0109331,Enterococcus,ERR1072936
47264.0,998014,genus,0.0109331,Cocleimonas,ERR1072936
47264.0,29465,genus,0.0109331,Veillonella,ERR1072936
47264.0,2147,genus,0.0109331,Acholeplasma,ERR1072936
47264.0,28253,genus,0.0109331,Marinomonas,ERR1072936
47264.0,475,genus,0.0109331,Moraxella,ERR1072936
47264.0,497,genus,0.0109331,Psychrobacter,ERR1072936
47264.0,52784,genus,0.0109331,Anaerofilum,ERR1072936
47264.0,776,genus,0.0109331,Coxiella,ERR1072936
47264.0,590,genus,0.00546657,Salmonella,ERR1072936
47264.0,84111,genus,0.00546657,Eggerthella,ERR1072936
47264.0,346096,genus,0.00546657,Paludibacter,ERR1072936
47264.0,180541,genus,0.00546657,Salinisphaera,ERR1072936
47264.0,1030,genus,0.00546657,Thiothrix,ERR1072936
47264.0,119977,genus,0.00546657,Acidithiobacillus,ERR1072936
47264.0,620,genus,0.00546657,Shigella,ERR1072936
47264.0,174951,genus,0.00546657,Ramlibacter,ERR1072936
47264.0,64001,genus,0.00546657,Nevskia,ERR1072936
47264.0,44249,genus,0.00546657,Paenibacillus,ERR1072936
47264.0,359407,genus,0.00546657,Methylotenera,ERR1072936
47264.0,2299,genus,0.00546657,Desulfosarcina,ERR1072936
47264.0,28453,genus,0.00546657,Sphingobacterium,ERR1072936
47264.0,244127,genus,0.00546657,Anaerotruncus,ERR1072936
47264.0,33057,genus,0.00546657,Thauera,ERR1072936
47264.0,51228,genus,0.00546657,Wigglesworthia,ERR1072936
47264.0,577310,genus,0.00546657,Parasutterella,ERR1072936
,-1,genus,48.3682,Unknown,ERR1072936
38425.0,286,genus,41.1699,Pseudomonas,ERR1072937
38425.0,816,genus,35.0395,Bacteroides,ERR1072937
38425.0,216851,genus,3.38049,Faecalibacterium,ERR1072937
38425.0,572511,genus,1.55248,Blautia,ERR1072937
38425.0,724,genus,1.25576,Haemophilus,ERR1072937
38425.0,1730,genus,1.19218,Eubacterium,ERR1072937
38425.0,239759,genus,1.01733,Alistipes,ERR1072937
38425.0,459786,genus,0.927251,Oscillibacter,ERR1072937
38425.0,1301,genus,0.598739,Streptococcus,ERR1072937
38425.0,1279388,genus,0.535156,Kandleria,ERR1072937
38425.0,1508657,genus,0.48217,Ruminiclostridium,ERR1072937
38425.0,1506553,genus,0.328512,Lachnoclostridium,ERR1072937
38425.0,283168,genus,0.243734,Odoribacter,ERR1072937
38425.0,375288,genus,0.22254,Parabacteroides,ERR1072937
38425.0,44748,genus,0.11127,Sporobacter,ERR1072937
38425.0,244127,genus,0.105971,Anaerotruncus,ERR1072937
38425.0,1485,genus,0.0900758,Clostridium,ERR1072937
38425.0,841,genus,0.0900758,Roseburia,ERR1072937
38425.0,84111,genus,0.0794786,Eggerthella,ERR1072937
38425.0,1505663,genus,0.07418,Erysipelatoclostridium,ERR1072937
38425.0,836,genus,0.07418,Porphyromonas,ERR1072937
38425.0,1506577,genus,0.0635829,Tyzzerella,ERR1072937
38425.0,150022,genus,0.0635829,Finegoldia,ERR1072937
38425.0,29465,genus,0.0582843,Veillonella,ERR1072937
38425.0,1578,genus,0.0582843,Lactobacillus,ERR1072937
38425.0,1350,genus,0.0582843,Enterococcus,ERR1072937
38425.0,838,genus,0.0529857,Prevotella,ERR1072937
38425.0,1017280,genus,0.0529857,Pseudoflavonifractor,ERR1072937
38425.0,189330,genus,0.0529857,Dorea,ERR1072937
38425.0,33042,genus,0.0529857,Coprococcus,ERR1072937
38425.0,61170,genus,0.03709,Holdemania,ERR1072937
38425.0,239934,genus,0.0317914,Akkermansia,ERR1072937
38425.0,1263,genus,0.0211943,Ruminococcus,ERR1072937
38425.0,32207,genus,0.0211943,Rothia,ERR1072937
38425.0,2747,genus,0.0158957,Carnobacterium,ERR1072937
38425.0,497,genus,0.0158957,Psychrobacter,ERR1072937
38425.0,904,genus,0.0158957,Acidaminococcus,ERR1072937
38425.0,165779,genus,0.0158957,Anaerococcus,ERR1072937
38425.0,1678,genus,0.0105971,Bifidobacterium,ERR1072937
38425.0,265980,genus,0.0105971,Alkalimonas,ERR1072937
38425.0,44249,genus,0.0105971,Paenibacillus,ERR1072937
38425.0,795750,genus,0.0105971,Ignavibacterium,ERR1072937
38425.0,28453,genus,0.00529857,Sphingobacterium,ERR1072937
38425.0,776,genus,0.00529857,Coxiella,ERR1072937
38425.0,590,genus,0.00529857,Salmonella,ERR1072937
38425.0,475,genus,0.00529857,Moraxella,ERR1072937
38425.0,86331,genus,0.00529857,Mogibacterium,ERR1072937
38425.0,1471399,genus,0.00529857,Draconibacterium,ERR1072937
38425.0,34037,genus,0.00529857,Rahnella,ERR1072937
38425.0,194,genus,0.00529857,Campylobacter,ERR1072937
38425.0,146813,genus,0.00529857,Dendrosporobacter,ERR1072937
38425.0,40323,genus,0.00529857,Stenotrophomonas,ERR1072937
38425.0,184869,genus,0.00529857,Varibaculum,ERR1072937
38425.0,84567,genus,0.00529857,Pedobacter,ERR1072937
38425.0,2745,genus,0.00529857,Halomonas,ERR1072937
38425.0,13334,genus,0.00529857,Anaerobiospirillum,ERR1072937
38425.0,978,genus,0.00529857,Cytophaga,ERR1072937
38425.0,2742,genus,0.00529857,Marinobacter,ERR1072937
38425.0,890,genus,0.00529857,Desulfuromonas,ERR1072937
38425.0,1386,genus,0.00529857,Bacillus,ERR1072937
38425.0,52784,genus,0.00529857,Anaerofilum,ERR1072937
38425.0,59732,genus,0.00529857,Chryseobacterium,ERR1072937
38425.0,561,genus,0.00529857,Escherichia,ERR1072937
38425.0,28253,genus,0.00529857,Marinomonas,ERR1072937
,-1,genus,10.1733,Unknown,ERR1072937
38425.0,286,genus,41.1699,Pseudomonas,ERR1072937
38425.0,816,genus,35.0395,Bacteroides,ERR1072937
38425.0,216851,genus,3.38049,Faecalibacterium,ERR1072937
38425.0,572511,genus,1.55248,Blautia,ERR1072937
38425.0,724,genus,1.25576,Haemophilus,ERR1072937
38425.0,1730,genus,1.19218,Eubacterium,ERR1072937
38425.0,239759,genus,1.01733,Alistipes,ERR1072937
38425.0,459786,genus,0.927251,Oscillibacter,ERR1072937
38425.0,1301,genus,0.598739,Streptococcus,ERR1072937
38425.0,1279388,genus,0.535156,Kandleria,ERR1072937
38425.0,1508657,genus,0.48217,Ruminiclostridium,ERR1072937
38425.0,1506553,genus,0.328512,Lachnoclostridium,ERR1072937
38425.0,283168,genus,0.243734,Odoribacter,ERR1072937
38425.0,375288,genus,0.22254,Parabacteroides,ERR1072937
38425.0,44748,genus,0.11127,Sporobacter,ERR1072937
38425.0,244127,genus,0.105971,Anaerotruncus,ERR1072937
38425.0,1485,genus,0.0900758,Clostridium,ERR1072937
38425.0,841,genus,0.0900758,Roseburia,ERR1072937
38425.0,84111,genus,0.0794786,Eggerthella,ERR1072937
38425.0,1505663,genus,0.07418,Erysipelatoclostridium,ERR1072937
38425.0,836,genus,0.07418,Porphyromonas,ERR1072937
38425.0,1506577,genus,0.0635829,Tyzzerella,ERR1072937
38425.0,150022,genus,0.0635829,Finegoldia,ERR1072937
38425.0,29465,genus,0.0582843,Veillonella,ERR1072937
38425.0,1578,genus,0.0582843,Lactobacillus,ERR1072937
38425.0,1350,genus,0.0582843,Enterococcus,ERR1072937
38425.0,1017280,genus,0.0529857,Pseudoflavonifractor,ERR1072937
38425.0,189330,genus,0.0529857,Dorea,ERR1072937
38425.0,33042,genus,0.0529857,Coprococcus,ERR1072937
38425.0,838,genus,0.0529857,Prevotella,ERR1072937
38425.0,61170,genus,0.03709,Holdemania,ERR1072937
38425.0,239934,genus,0.0317914,Akkermansia,ERR1072937
38425.0,1263,genus,0.0211943,Ruminococcus,ERR1072937
38425.0,32207,genus,0.0211943,Rothia,ERR1072937
38425.0,497,genus,0.0158957,Psychrobacter,ERR1072937
38425.0,904,genus,0.0158957,Acidaminococcus,ERR1072937
38425.0,165779,genus,0.0158957,Anaerococcus,ERR1072937
38425.0,2747,genus,0.0158957,Carnobacterium,ERR1072937
38425.0,1678,genus,0.0105971,Bifidobacterium,ERR1072937
38425.0,265980,genus,0.0105971,Alkalimonas,ERR1072937
38425.0,44249,genus,0.0105971,Paenibacillus,ERR1072937
38425.0,795750,genus,0.0105971,Ignavibacterium,ERR1072937
38425.0,475,genus,0.00529857,Moraxella,ERR1072937
38425.0,86331,genus,0.00529857,Mogibacterium,ERR1072937
38425.0,1471399,genus,0.00529857,Draconibacterium,ERR1072937
38425.0,34037,genus,0.00529857,Rahnella,ERR1072937
38425.0,194,genus,0.00529857,Campylobacter,ERR1072937
38425.0,146813,genus,0.00529857,Dendrosporobacter,ERR1072937
38425.0,40323,genus,0.00529857,Stenotrophomonas,ERR1072937
38425.0,184869,genus,0.00529857,Varibaculum,ERR1072937
38425.0,84567,genus,0.00529857,Pedobacter,ERR1072937
38425.0,2745,genus,0.00529857,Halomonas,ERR1072937
38425.0,13334,genus,0.00529857,Anaerobiospirillum,ERR1072937
38425.0,978,genus,0.00529857,Cytophaga,ERR1072937
38425.0,2742,genus,0.00529857,Marinobacter,ERR1072937
38425.0,890,genus,0.00529857,Desulfuromonas,ERR1072937
38425.0,1386,genus,0.00529857,Bacillus,ERR1072937
38425.0,52784,genus,0.00529857,Anaerofilum,ERR1072937
38425.0,59732,genus,0.00529857,Chryseobacterium,ERR1072937
38425.0,561,genus,0.00529857,Escherichia,ERR1072937
38425.0,28253,genus,0.00529857,Marinomonas,ERR1072937
38425.0,28453,genus,0.00529857,Sphingobacterium,ERR1072937
38425.0,776,genus,0.00529857,Coxiella,ERR1072937
38425.0,590,genus,0.00529857,Salmonella,ERR1072937
,-1,genus,10.1733,Unknown,ERR1072937
38425.0,286,genus,41.1699,Pseudomonas,ERR1072937
38425.0,816,genus,35.0395,Bacteroides,ERR1072937
38425.0,216851,genus,3.38049,Faecalibacterium,ERR1072937
38425.0,572511,genus,1.55248,Blautia,ERR1072937
38425.0,724,genus,1.25576,Haemophilus,ERR1072937
38425.0,1730,genus,1.19218,Eubacterium,ERR1072937
38425.0,239759,genus,1.01733,Alistipes,ERR1072937
38425.0,459786,genus,0.927251,Oscillibacter,ERR1072937
38425.0,1301,genus,0.598739,Streptococcus,ERR1072937
38425.0,1279388,genus,0.535156,Kandleria,ERR1072937
38425.0,1508657,genus,0.48217,Ruminiclostridium,ERR1072937
38425.0,1506553,genus,0.328512,Lachnoclostridium,ERR1072937
38425.0,283168,genus,0.243734,Odoribacter,ERR1072937
38425.0,375288,genus,0.22254,Parabacteroides,ERR1072937
38425.0,44748,genus,0.11127,Sporobacter,ERR1072937
38425.0,244127,genus,0.105971,Anaerotruncus,ERR1072937
38425.0,1485,genus,0.0900758,Clostridium,ERR1072937
38425.0,841,genus,0.0900758,Roseburia,ERR1072937
38425.0,84111,genus,0.0794786,Eggerthella,ERR1072937
38425.0,1505663,genus,0.07418,Erysipelatoclostridium,ERR1072937
38425.0,836,genus,0.07418,Porphyromonas,ERR1072937
38425.0,1506577,genus,0.0635829,Tyzzerella,ERR1072937
38425.0,150022,genus,0.0635829,Finegoldia,ERR1072937
38425.0,1350,genus,0.0582843,Enterococcus,ERR1072937
38425.0,29465,genus,0.0582843,Veillonella,ERR1072937
38425.0,1578,genus,0.0582843,Lactobacillus,ERR1072937
38425.0,838,genus,0.0529857,Prevotella,ERR1072937
38425.0,1017280,genus,0.0529857,Pseudoflavonifractor,ERR1072937
38425.0,189330,genus,0.0529857,Dorea,ERR1072937
38425.0,33042,genus,0.0529857,Coprococcus,ERR1072937
38425.0,61170,genus,0.03709,Holdemania,ERR1072937
38425.0,239934,genus,0.0317914,Akkermansia,ERR1072937
38425.0,1263,genus,0.0211943,Ruminococcus,ERR1072937
38425.0,32207,genus,0.0211943,Rothia,ERR1072937
38425.0,2747,genus,0.0158957,Carnobacterium,ERR1072937
38425.0,497,genus,0.0158957,Psychrobacter,ERR1072937
38425.0,904,genus,0.0158957,Acidaminococcus,ERR1072937
38425.0,165779,genus,0.0158957,Anaerococcus,ERR1072937
38425.0,1678,genus,0.0105971,Bifidobacterium,ERR1072937
38425.0,265980,genus,0.0105971,Alkalimonas,ERR1072937
38425.0,44249,genus,0.0105971,Paenibacillus,ERR1072937
38425.0,795750,genus,0.0105971,Ignavibacterium,ERR1072937
38425.0,28253,genus,0.00529857,Marinomonas,ERR1072937
38425.0,28453,genus,0.00529857,Sphingobacterium,ERR1072937
38425.0,776,genus,0.00529857,Coxiella,ERR1072937
38425.0,590,genus,0.00529857,Salmonella,ERR1072937
38425.0,475,genus,0.00529857,Moraxella,ERR1072937
38425.0,86331,genus,0.00529857,Mogibacterium,ERR1072937
38425.0,1471399,genus,0.00529857,Draconibacterium,ERR1072937
38425.0,34037,genus,0.00529857,Rahnella,ERR1072937
38425.0,194,genus,0.00529857,Campylobacter,ERR1072937
38425.0,146813,genus,0.00529857,Dendrosporobacter,ERR1072937
38425.0,40323,genus,0.00529857,Stenotrophomonas,ERR1072937
38425.0,184869,genus,0.00529857,Varibaculum,ERR1072937
38425.0,84567,genus,0.00529857,Pedobacter,ERR1072937
38425.0,2745,genus,0.00529857,Halomonas,ERR1072937
38425.0,13334,genus,0.00529857,Anaerobiospirillum,ERR1072937
38425.0,978,genus,0.00529857,Cytophaga,ERR1072937
38425.0,2742,genus,0.00529857,Marinobacter,ERR1072937
38425.0,890,genus,0.00529857,Desulfuromonas,ERR1072937
38425.0,1386,genus,0.00529857,Bacillus,ERR1072937
38425.0,52784,genus,0.00529857,Anaerofilum,ERR1072937
38425.0,59732,genus,0.00529857,Chryseobacterium,ERR1072937
38425.0,561,genus,0.00529857,Escherichia,ERR1072937
,-1,genus,10.1733,Unknown,ERR1072937
38425.0,286,genus,41.1699,Pseudomonas,ERR1072937
38425.0,816,genus,35.0395,Bacteroides,ERR1072937
38425.0,216851,genus,3.38049,Faecalibacterium,ERR1072937
38425.0,572511,genus,1.55248,Blautia,ERR1072937
38425.0,724,genus,1.25576,Haemophilus,ERR1072937
38425.0,1730,genus,1.19218,Eubacterium,ERR1072937
38425.0,239759,genus,1.01733,Alistipes,ERR1072937
38425.0,459786,genus,0.927251,Oscillibacter,ERR1072937
38425.0,1301,genus,0.598739,Streptococcus,ERR1072937
38425.0,1279388,genus,0.535156,Kandleria,ERR1072937
38425.0,1508657,genus,0.48217,Ruminiclostridium,ERR1072937
38425.0,1506553,genus,0.328512,Lachnoclostridium,ERR1072937
38425.0,283168,genus,0.243734,Odoribacter,ERR1072937
38425.0,375288,genus,0.22254,Parabacteroides,ERR1072937
38425.0,44748,genus,0.11127,Sporobacter,ERR1072937
38425.0,244127,genus,0.105971,Anaerotruncus,ERR1072937
38425.0,1485,genus,0.0900758,Clostridium,ERR1072937
38425.0,841,genus,0.0900758,Roseburia,ERR1072937
38425.0,84111,genus,0.0794786,Eggerthella,ERR1072937
38425.0,836,genus,0.07418,Porphyromonas,ERR1072937
38425.0,1505663,genus,0.07418,Erysipelatoclostridium,ERR1072937
38425.0,150022,genus,0.0635829,Finegoldia,ERR1072937
38425.0,1506577,genus,0.0635829,Tyzzerella,ERR1072937
38425.0,1578,genus,0.0582843,Lactobacillus,ERR1072937
38425.0,1350,genus,0.0582843,Enterococcus,ERR1072937
38425.0,29465,genus,0.0582843,Veillonella,ERR1072937
38425.0,838,genus,0.0529857,Prevotella,ERR1072937
38425.0,1017280,genus,0.0529857,Pseudoflavonifractor,ERR1072937
38425.0,189330,genus,0.0529857,Dorea,ERR1072937
38425.0,33042,genus,0.0529857,Coprococcus,ERR1072937
38425.0,61170,genus,0.03709,Holdemania,ERR1072937
38425.0,239934,genus,0.0317914,Akkermansia,ERR1072937
38425.0,1263,genus,0.0211943,Ruminococcus,ERR1072937
38425.0,32207,genus,0.0211943,Rothia,ERR1072937
38425.0,2747,genus,0.0158957,Carnobacterium,ERR1072937
38425.0,497,genus,0.0158957,Psychrobacter,ERR1072937
38425.0,904,genus,0.0158957,Acidaminococcus,ERR1072937
38425.0,165779,genus,0.0158957,Anaerococcus,ERR1072937
38425.0,1678,genus,0.0105971,Bifidobacterium,ERR1072937
38425.0,265980,genus,0.0105971,Alkalimonas,ERR1072937
38425.0,44249,genus,0.0105971,Paenibacillus,ERR1072937
38425.0,795750,genus,0.0105971,Ignavibacterium,ERR1072937
38425.0,890,genus,0.00529857,Desulfuromonas,ERR1072937
38425.0,1386,genus,0.00529857,Bacillus,ERR1072937
38425.0,52784,genus,0.00529857,Anaerofilum,ERR1072937
38425.0,59732,genus,0.00529857,Chryseobacterium,ERR1072937
38425.0,561,genus,0.00529857,Escherichia,ERR1072937
38425.0,28253,genus,0.00529857,Marinomonas,ERR1072937
38425.0,28453,genus,0.00529857,Sphingobacterium,ERR1072937
38425.0,776,genus,0.00529857,Coxiella,ERR1072937
38425.0,590,genus,0.00529857,Salmonella,ERR1072937
38425.0,475,genus,0.00529857,Moraxella,ERR1072937
38425.0,86331,genus,0.00529857,Mogibacterium,ERR1072937
38425.0,1471399,genus,0.00529857,Draconibacterium,ERR1072937
38425.0,34037,genus,0.00529857,Rahnella,ERR1072937
38425.0,194,genus,0.00529857,Campylobacter,ERR1072937
38425.0,146813,genus,0.00529857,Dendrosporobacter,ERR1072937
38425.0,40323,genus,0.00529857,Stenotrophomonas,ERR1072937
38425.0,184869,genus,0.00529857,Varibaculum,ERR1072937
38425.0,84567,genus,0.00529857,Pedobacter,ERR1072937
38425.0,2745,genus,0.00529857,Halomonas,ERR1072937
38425.0,13334,genus,0.00529857,Anaerobiospirillum,ERR1072937
38425.0,978,genus,0.00529857,Cytophaga,ERR1072937
38425.0,2742,genus,0.00529857,Marinobacter,ERR1072937
,-1,genus,10.1733,Unknown,ERR1072937
46575.0,816,genus,11.5244,Bacteroides,ERR1072966
46575.0,286,genus,2.17935,Pseudomonas,ERR1072966
46575.0,239934,genus,1.8074,Akkermansia,ERR1072966
46575.0,375288,genus,1.27274,Parabacteroides,ERR1072966
46575.0,216851,genus,0.836869,Faecalibacterium,ERR1072966
46575.0,572511,genus,0.453304,Blautia,ERR1072966
46575.0,1357,genus,0.424246,Lactococcus,ERR1072966
46575.0,46255,genus,0.395188,Weissella,ERR1072966
46575.0,904,genus,0.325449,Acidaminococcus,ERR1072966
46575.0,397864,genus,0.249898,Barnesiella,ERR1072966
46575.0,1506553,genus,0.156913,Lachnoclostridium,ERR1072966
46575.0,459786,genus,0.156913,Oscillibacter,ERR1072966
46575.0,1485,genus,0.139478,Clostridium,ERR1072966
46575.0,1678,genus,0.127855,Bifidobacterium,ERR1072966
46575.0,1301,genus,0.127855,Streptococcus,ERR1072966
46575.0,1730,genus,0.122043,Eubacterium,ERR1072966
46575.0,1505663,genus,0.11042,Erysipelatoclostridium,ERR1072966
46575.0,239759,genus,0.104609,Alistipes,ERR1072966
46575.0,413496,genus,0.104609,Cronobacter,ERR1072966
46575.0,1505657,genus,0.098797,Intestinibacter,ERR1072966
46575.0,35832,genus,0.098797,Bilophila,ERR1072966
46575.0,561,genus,0.0871738,Escherichia,ERR1072966
46575.0,1386,genus,0.0523043,Bacillus,ERR1072966
46575.0,1508657,genus,0.0464927,Ruminiclostridium,ERR1072966
46575.0,872,genus,0.0406811,Desulfovibrio,ERR1072966
46575.0,44748,genus,0.0406811,Sporobacter,ERR1072966
46575.0,841,genus,0.0348695,Roseburia,ERR1072966
46575.0,33042,genus,0.0290579,Coprococcus,ERR1072966
46575.0,620,genus,0.0174348,Shigella,ERR1072966
46575.0,34037,genus,0.0174348,Rahnella,ERR1072966
46575.0,590,genus,0.0174348,Salmonella,ERR1072966
46575.0,1578,genus,0.0174348,Lactobacillus,ERR1072966
46575.0,1827,genus,0.0116232,Rhodococcus,ERR1072966
46575.0,283168,genus,0.0116232,Odoribacter,ERR1072966
46575.0,84111,genus,0.0116232,Eggerthella,ERR1072966
46575.0,1506577,genus,0.0116232,Tyzzerella,ERR1072966
46575.0,29465,genus,0.0116232,Veillonella,ERR1072966
46575.0,265980,genus,0.0116232,Alkalimonas,ERR1072966
46575.0,180541,genus,0.0116232,Salinisphaera,ERR1072966
46575.0,1505652,genus,0.0116232,Terrisporobacter,ERR1072966
46575.0,1200657,genus,0.00581159,Saccharofermentans,ERR1072966
46575.0,724,genus,0.00581159,Haemophilus,ERR1072966
46575.0,838,genus,0.00581159,Prevotella,ERR1072966
46575.0,666508,genus,0.00581159,Phycisphaera,ERR1072966
46575.0,379899,genus,0.00581159,Niabella,ERR1072966
46575.0,626,genus,0.00581159,Xenorhabdus,ERR1072966
46575.0,497,genus,0.00581159,Psychrobacter,ERR1072966
46575.0,649462,genus,0.00581159,Gracilimonas,ERR1072966
46575.0,79206,genus,0.00581159,Desulfosporosinus,ERR1072966
46575.0,583,genus,0.00581159,Proteus,ERR1072966
46575.0,173479,genus,0.00581159,Gemmatimonas,ERR1072966
,-1,genus,78.5669,Unknown,ERR1072966
47081.0,239934,genus,18.4869,Akkermansia,ERR1072981
47081.0,816,genus,16.1454,Bacteroides,ERR1072981
47081.0,239759,genus,4.76456,Alistipes,ERR1072981
47081.0,1263,genus,2.1868,Ruminococcus,ERR1072981
47081.0,397864,genus,1.43066,Barnesiella,ERR1072981
47081.0,216851,genus,1.31466,Faecalibacterium,ERR1072981
47081.0,39948,genus,1.1557,Dialister,ERR1072981
47081.0,459786,genus,0.605774,Oscillibacter,ERR1072981
47081.0,572511,genus,0.395257,Blautia,ERR1072981
47081.0,283168,genus,0.317924,Odoribacter,ERR1072981
47081.0,1508657,genus,0.257776,Ruminiclostridium,ERR1072981
47081.0,1730,genus,0.236295,Eubacterium,ERR1072981
47081.0,1506553,genus,0.223406,Lachnoclostridium,ERR1072981
47081.0,35832,genus,0.189036,Bilophila,ERR1072981
47081.0,577310,genus,0.094518,Parasutterella,ERR1072981
47081.0,838,genus,0.0816291,Prevotella,ERR1072981
47081.0,990721,genus,0.0773329,Christensenella,ERR1072981
47081.0,244127,genus,0.0730366,Anaerotruncus,ERR1072981
47081.0,561,genus,0.0644441,Escherichia,ERR1072981
47081.0,1678,genus,0.0644441,Bifidobacterium,ERR1072981
47081.0,189330,genus,0.0558515,Dorea,ERR1072981
47081.0,52784,genus,0.0515552,Anaerofilum,ERR1072981
47081.0,1485,genus,0.0386664,Clostridium,ERR1072981
47081.0,1386,genus,0.0386664,Bacillus,ERR1072981
47081.0,1505663,genus,0.0343702,Erysipelatoclostridium,ERR1072981
47081.0,44748,genus,0.0300739,Sporobacter,ERR1072981
47081.0,100883,genus,0.0300739,Coprobacillus,ERR1072981
47081.0,28453,genus,0.0257776,Sphingobacterium,ERR1072981
47081.0,286,genus,0.0214814,Pseudomonas,ERR1072981
47081.0,872,genus,0.0214814,Desulfovibrio,ERR1072981
47081.0,118966,genus,0.0214814,Anaerorhabdus,ERR1072981
47081.0,1573535,genus,0.0171851,Holdemanella,ERR1072981
47081.0,620,genus,0.0128888,Shigella,ERR1072981
47081.0,644652,genus,0.0128888,Gordonibacter,ERR1072981
47081.0,836,genus,0.00859254,Porphyromonas,ERR1072981
47081.0,44249,genus,0.00859254,Paenibacillus,ERR1072981
47081.0,590,genus,0.00859254,Salmonella,ERR1072981
47081.0,233191,genus,0.00859254,Caldilinea,ERR1072981
47081.0,187144,genus,0.00859254,Caldithrix,ERR1072981
47081.0,841,genus,0.00859254,Roseburia,ERR1072981
47081.0,1505657,genus,0.00859254,Intestinibacter,ERR1072981
47081.0,61170,genus,0.00859254,Holdemania,ERR1072981
47081.0,33042,genus,0.00859254,Coprococcus,ERR1072981
47081.0,1578,genus,0.00429627,Lactobacillus,ERR1072981
47081.0,864,genus,0.00429627,Pectinatus,ERR1072981
47081.0,662,genus,0.00429627,Vibrio,ERR1072981
47081.0,314318,genus,0.00429627,Prolixibacter,ERR1072981
47081.0,1569,genus,0.00429627,Sporosarcina,ERR1072981
47081.0,207244,genus,0.00429627,Anaerostipes,ERR1072981
47081.0,565005,genus,0.00429627,Nubsella,ERR1072981
47081.0,48463,genus,0.00429627,Prosthecobacter,ERR1072981
47081.0,106633,genus,0.00429627,Thioalkalivibrio,ERR1072981
47081.0,55080,genus,0.00429627,Brevibacillus,ERR1072981
47081.0,1716,genus,0.00429627,Corynebacterium,ERR1072981
47081.0,67575,genus,0.00429627,Rheinheimera,ERR1072981
47081.0,420345,genus,0.00429627,Lactonifactor,ERR1072981
47081.0,2735,genus,0.00429627,Verrucomicrobium,ERR1072981
47081.0,1279,genus,0.00429627,Staphylococcus,ERR1072981
47081.0,40323,genus,0.00429627,Stenotrophomonas,ERR1072981
47081.0,43947,genus,0.00429627,Tolumonas,ERR1072981
47081.0,203804,genus,0.00429627,Candidatus Blochmannia,ERR1072981
47081.0,642,genus,0.00429627,Aeromonas,ERR1072981
47081.0,79206,genus,0.00429627,Desulfosporosinus,ERR1072981
,-1,genus,51.1987,Unknown,ERR1072981
38426.0,816,genus,28.9415,Bacteroides,ERR1073023
38426.0,216851,genus,6.3812,Faecalibacterium,ERR1073023
38426.0,2172,genus,5.98481,Methanobrevibacter,ERR1073023
38426.0,577309,genus,4.38812,Paraprevotella,ERR1073023
38426.0,375288,genus,3.81867,Parabacteroides,ERR1073023
38426.0,1386,genus,3.6121,Bacillus,ERR1073023
38426.0,239759,genus,3.4167,Alistipes,ERR1073023
38426.0,572511,genus,3.26038,Blautia,ERR1073023
38426.0,841,genus,1.74743,Roseburia,ERR1073023
38426.0,1263,genus,1.57436,Ruminococcus,ERR1073023
38426.0,1505657,genus,1.33988,Intestinibacter,ERR1073023
38426.0,1508657,genus,1.11099,Ruminiclostridium,ERR1073023
38426.0,244127,genus,0.904422,Anaerotruncus,ERR1073023
38426.0,1730,genus,0.736936,Eubacterium,ERR1073023
38426.0,1485,genus,0.675525,Clostridium,ERR1073023
38426.0,397864,genus,0.642028,Barnesiella,ERR1073023
38426.0,459786,genus,0.614113,Oscillibacter,ERR1073023
38426.0,33042,genus,0.245645,Coprococcus,ERR1073023
38426.0,44748,genus,0.217731,Sporobacter,ERR1073023
38426.0,1243,genus,0.206565,Leuconostoc,ERR1073023
38426.0,1301,genus,0.206565,Streptococcus,ERR1073023
38426.0,35832,genus,0.200983,Bilophila,ERR1073023
38426.0,990721,genus,0.128406,Christensenella,ERR1073023
38426.0,846,genus,0.106074,Oxalobacter,ERR1073023
38426.0,189330,genus,0.0949084,Dorea,ERR1073023
38426.0,2316,genus,0.0949084,Methanosphaera,ERR1073023
38426.0,1506553,genus,0.0949084,Lachnoclostridium,ERR1073023
38426.0,1678,genus,0.0781599,Bifidobacterium,ERR1073023
38426.0,84108,genus,0.0669942,Slackia,ERR1073023
38426.0,836,genus,0.0614113,Porphyromonas,ERR1073023
38426.0,79206,genus,0.0558285,Desulfosporosinus,ERR1073023
38426.0,84111,genus,0.0558285,Eggerthella,ERR1073023
38426.0,1505663,genus,0.0502456,Erysipelatoclostridium,ERR1073023
38426.0,102106,genus,0.0502456,Collinsella,ERR1073023
38426.0,724,genus,0.0446628,Haemophilus,ERR1073023
38426.0,52784,genus,0.0334971,Anaerofilum,ERR1073023
38426.0,29465,genus,0.0279142,Veillonella,ERR1073023
38426.0,838,genus,0.0279142,Prevotella,ERR1073023
38426.0,283168,genus,0.0223314,Odoribacter,ERR1073023
38426.0,39948,genus,0.0223314,Dialister,ERR1073023
38426.0,698776,genus,0.0223314,Cellulosilyticum,ERR1073023
38426.0,872,genus,0.0167485,Desulfovibrio,ERR1073023
38426.0,963,genus,0.0167485,Herbaspirillum,ERR1073023
38426.0,150022,genus,0.0167485,Finegoldia,ERR1073023
38426.0,61170,genus,0.0167485,Holdemania,ERR1073023
38426.0,118747,genus,0.0167485,Bulleidia,ERR1073023
38426.0,561,genus,0.0167485,Escherichia,ERR1073023
38426.0,1578,genus,0.0167485,Lactobacillus,ERR1073023
38426.0,1506577,genus,0.0111657,Tyzzerella,ERR1073023
38426.0,1870884,genus,0.0111657,Clostridioides,ERR1073023
38426.0,1573534,genus,0.0111657,Faecalitalea,ERR1073023
38426.0,904,genus,0.0111657,Acidaminococcus,ERR1073023
38426.0,66831,genus,0.0111657,Facklamia,ERR1073023
38426.0,59732,genus,0.00558285,Chryseobacterium,ERR1073023
38426.0,1843210,genus,0.00558285,Anaerocolumna,ERR1073023
38426.0,332248,genus,0.00558285,Truepera,ERR1073023
38426.0,46254,genus,0.00558285,Oenococcus,ERR1073023
38426.0,286,genus,0.00558285,Pseudomonas,ERR1073023
38426.0,32636,genus,0.00558285,Halothermothrix,ERR1073023
38426.0,1649482,genus,0.00558285,Pseudopedobacter,ERR1073023
38426.0,2747,genus,0.00558285,Carnobacterium,ERR1073023
38426.0,638847,genus,0.00558285,Pyramidobacter,ERR1073023
38426.0,644652,genus,0.00558285,Gordonibacter,ERR1073023
38426.0,36853,genus,0.00558285,Desulfitobacterium,ERR1073023
38426.0,1654,genus,0.00558285,Actinomyces,ERR1073023
38426.0,1210119,genus,0.00558285,Ohtaekwangia,ERR1073023
38426.0,239934,genus,0.00558285,Akkermansia,ERR1073023
38426.0,224465,genus,0.00558285,Kofleria,ERR1073023
38426.0,346096,genus,0.00558285,Paludibacter,ERR1073023
38426.0,1279,genus,0.00558285,Staphylococcus,ERR1073023
38426.0,2050,genus,0.00558285,Mobiluncus,ERR1073023
38426.0,1645,genus,0.00558285,Renibacterium,ERR1073023
38426.0,84567,genus,0.00558285,Pedobacter,ERR1073023
38426.0,442869,genus,0.00558285,Acanthopleuribacter,ERR1073023
38426.0,1357,genus,0.00558285,Lactococcus,ERR1073023
38426.0,28453,genus,0.00558285,Sphingobacterium,ERR1073023
38426.0,100175,genus,0.00558285,Papillibacter,ERR1073023
,-1,genus,28.2101,Unknown,ERR1073023
38426.0,816,genus,28.9415,Bacteroides,ERR1073023
38426.0,216851,genus,6.3812,Faecalibacterium,ERR1073023
38426.0,2172,genus,5.98481,Methanobrevibacter,ERR1073023
38426.0,577309,genus,4.38812,Paraprevotella,ERR1073023
38426.0,375288,genus,3.81867,Parabacteroides,ERR1073023
38426.0,1386,genus,3.6121,Bacillus,ERR1073023
38426.0,239759,genus,3.4167,Alistipes,ERR1073023
38426.0,572511,genus,3.26038,Blautia,ERR1073023
38426.0,841,genus,1.74743,Roseburia,ERR1073023
38426.0,1263,genus,1.57436,Ruminococcus,ERR1073023
38426.0,1505657,genus,1.33988,Intestinibacter,ERR1073023
38426.0,1508657,genus,1.11099,Ruminiclostridium,ERR1073023
38426.0,244127,genus,0.904422,Anaerotruncus,ERR1073023
38426.0,1730,genus,0.736936,Eubacterium,ERR1073023
38426.0,1485,genus,0.675525,Clostridium,ERR1073023
38426.0,397864,genus,0.642028,Barnesiella,ERR1073023
38426.0,459786,genus,0.614113,Oscillibacter,ERR1073023
38426.0,33042,genus,0.245645,Coprococcus,ERR1073023
38426.0,44748,genus,0.217731,Sporobacter,ERR1073023
38426.0,1301,genus,0.206565,Streptococcus,ERR1073023
38426.0,1243,genus,0.206565,Leuconostoc,ERR1073023
38426.0,35832,genus,0.200983,Bilophila,ERR1073023
38426.0,990721,genus,0.128406,Christensenella,ERR1073023
38426.0,846,genus,0.106074,Oxalobacter,ERR1073023
38426.0,189330,genus,0.0949084,Dorea,ERR1073023
38426.0,2316,genus,0.0949084,Methanosphaera,ERR1073023
38426.0,1506553,genus,0.0949084,Lachnoclostridium,ERR1073023
38426.0,1678,genus,0.0781599,Bifidobacterium,ERR1073023
38426.0,84108,genus,0.0669942,Slackia,ERR1073023
38426.0,836,genus,0.0614113,Porphyromonas,ERR1073023
38426.0,84111,genus,0.0558285,Eggerthella,ERR1073023
38426.0,79206,genus,0.0558285,Desulfosporosinus,ERR1073023
38426.0,102106,genus,0.0502456,Collinsella,ERR1073023
38426.0,1505663,genus,0.0502456,Erysipelatoclostridium,ERR1073023
38426.0,724,genus,0.0446628,Haemophilus,ERR1073023
38426.0,52784,genus,0.0334971,Anaerofilum,ERR1073023
38426.0,838,genus,0.0279142,Prevotella,ERR1073023
38426.0,29465,genus,0.0279142,Veillonella,ERR1073023
38426.0,698776,genus,0.0223314,Cellulosilyticum,ERR1073023
38426.0,283168,genus,0.0223314,Odoribacter,ERR1073023
38426.0,39948,genus,0.0223314,Dialister,ERR1073023
38426.0,1578,genus,0.0167485,Lactobacillus,ERR1073023
38426.0,872,genus,0.0167485,Desulfovibrio,ERR1073023
38426.0,963,genus,0.0167485,Herbaspirillum,ERR1073023
38426.0,150022,genus,0.0167485,Finegoldia,ERR1073023
38426.0,61170,genus,0.0167485,Holdemania,ERR1073023
38426.0,118747,genus,0.0167485,Bulleidia,ERR1073023
38426.0,561,genus,0.0167485,Escherichia,ERR1073023
38426.0,1506577,genus,0.0111657,Tyzzerella,ERR1073023
38426.0,1870884,genus,0.0111657,Clostridioides,ERR1073023
38426.0,1573534,genus,0.0111657,Faecalitalea,ERR1073023
38426.0,904,genus,0.0111657,Acidaminococcus,ERR1073023
38426.0,66831,genus,0.0111657,Facklamia,ERR1073023
38426.0,84567,genus,0.00558285,Pedobacter,ERR1073023
38426.0,442869,genus,0.00558285,Acanthopleuribacter,ERR1073023
38426.0,1357,genus,0.00558285,Lactococcus,ERR1073023
38426.0,28453,genus,0.00558285,Sphingobacterium,ERR1073023
38426.0,100175,genus,0.00558285,Papillibacter,ERR1073023
38426.0,59732,genus,0.00558285,Chryseobacterium,ERR1073023
38426.0,1843210,genus,0.00558285,Anaerocolumna,ERR1073023
38426.0,332248,genus,0.00558285,Truepera,ERR1073023
38426.0,46254,genus,0.00558285,Oenococcus,ERR1073023
38426.0,286,genus,0.00558285,Pseudomonas,ERR1073023
38426.0,32636,genus,0.00558285,Halothermothrix,ERR1073023
38426.0,1649482,genus,0.00558285,Pseudopedobacter,ERR1073023
38426.0,2747,genus,0.00558285,Carnobacterium,ERR1073023
38426.0,638847,genus,0.00558285,Pyramidobacter,ERR1073023
38426.0,644652,genus,0.00558285,Gordonibacter,ERR1073023
38426.0,36853,genus,0.00558285,Desulfitobacterium,ERR1073023
38426.0,1654,genus,0.00558285,Actinomyces,ERR1073023
38426.0,1210119,genus,0.00558285,Ohtaekwangia,ERR1073023
38426.0,239934,genus,0.00558285,Akkermansia,ERR1073023
38426.0,224465,genus,0.00558285,Kofleria,ERR1073023
38426.0,346096,genus,0.00558285,Paludibacter,ERR1073023
38426.0,1279,genus,0.00558285,Staphylococcus,ERR1073023
38426.0,2050,genus,0.00558285,Mobiluncus,ERR1073023
38426.0,1645,genus,0.00558285,Renibacterium,ERR1073023
,-1,genus,28.2101,Unknown,ERR1073023
38426.0,816,genus,28.9415,Bacteroides,ERR1073023
38426.0,216851,genus,6.3812,Faecalibacterium,ERR1073023
38426.0,2172,genus,5.98481,Methanobrevibacter,ERR1073023
38426.0,577309,genus,4.38812,Paraprevotella,ERR1073023
38426.0,375288,genus,3.81867,Parabacteroides,ERR1073023
38426.0,1386,genus,3.6121,Bacillus,ERR1073023
38426.0,239759,genus,3.4167,Alistipes,ERR1073023
38426.0,572511,genus,3.26038,Blautia,ERR1073023
38426.0,841,genus,1.74743,Roseburia,ERR1073023
38426.0,1263,genus,1.57436,Ruminococcus,ERR1073023
38426.0,1505657,genus,1.33988,Intestinibacter,ERR1073023
38426.0,1508657,genus,1.11099,Ruminiclostridium,ERR1073023
38426.0,244127,genus,0.904422,Anaerotruncus,ERR1073023
38426.0,1730,genus,0.736936,Eubacterium,ERR1073023
38426.0,1485,genus,0.675525,Clostridium,ERR1073023
38426.0,397864,genus,0.642028,Barnesiella,ERR1073023
38426.0,459786,genus,0.614113,Oscillibacter,ERR1073023
38426.0,33042,genus,0.245645,Coprococcus,ERR1073023
38426.0,44748,genus,0.217731,Sporobacter,ERR1073023
38426.0,1301,genus,0.206565,Streptococcus,ERR1073023
38426.0,1243,genus,0.206565,Leuconostoc,ERR1073023
38426.0,35832,genus,0.200983,Bilophila,ERR1073023
38426.0,990721,genus,0.128406,Christensenella,ERR1073023
38426.0,846,genus,0.106074,Oxalobacter,ERR1073023
38426.0,1506553,genus,0.0949084,Lachnoclostridium,ERR1073023
38426.0,189330,genus,0.0949084,Dorea,ERR1073023
38426.0,2316,genus,0.0949084,Methanosphaera,ERR1073023
38426.0,1678,genus,0.0781599,Bifidobacterium,ERR1073023
38426.0,84108,genus,0.0669942,Slackia,ERR1073023
38426.0,836,genus,0.0614113,Porphyromonas,ERR1073023
38426.0,84111,genus,0.0558285,Eggerthella,ERR1073023
38426.0,79206,genus,0.0558285,Desulfosporosinus,ERR1073023
38426.0,102106,genus,0.0502456,Collinsella,ERR1073023
38426.0,1505663,genus,0.0502456,Erysipelatoclostridium,ERR1073023
38426.0,724,genus,0.0446628,Haemophilus,ERR1073023
38426.0,52784,genus,0.0334971,Anaerofilum,ERR1073023
38426.0,838,genus,0.0279142,Prevotella,ERR1073023
38426.0,29465,genus,0.0279142,Veillonella,ERR1073023
38426.0,39948,genus,0.0223314,Dialister,ERR1073023
38426.0,698776,genus,0.0223314,Cellulosilyticum,ERR1073023
38426.0,283168,genus,0.0223314,Odoribacter,ERR1073023
38426.0,118747,genus,0.0167485,Bulleidia,ERR1073023
38426.0,561,genus,0.0167485,Escherichia,ERR1073023
38426.0,1578,genus,0.0167485,Lactobacillus,ERR1073023
38426.0,872,genus,0.0167485,Desulfovibrio,ERR1073023
38426.0,963,genus,0.0167485,Herbaspirillum,ERR1073023
38426.0,150022,genus,0.0167485,Finegoldia,ERR1073023
38426.0,61170,genus,0.0167485,Holdemania,ERR1073023
38426.0,66831,genus,0.0111657,Facklamia,ERR1073023
38426.0,1506577,genus,0.0111657,Tyzzerella,ERR1073023
38426.0,1870884,genus,0.0111657,Clostridioides,ERR1073023
38426.0,1573534,genus,0.0111657,Faecalitalea,ERR1073023
38426.0,904,genus,0.0111657,Acidaminococcus,ERR1073023
38426.0,346096,genus,0.00558285,Paludibacter,ERR1073023
38426.0,1279,genus,0.00558285,Staphylococcus,ERR1073023
38426.0,2050,genus,0.00558285,Mobiluncus,ERR1073023
38426.0,1645,genus,0.00558285,Renibacterium,ERR1073023
38426.0,84567,genus,0.00558285,Pedobacter,ERR1073023
38426.0,442869,genus,0.00558285,Acanthopleuribacter,ERR1073023
38426.0,1357,genus,0.00558285,Lactococcus,ERR1073023
38426.0,28453,genus,0.00558285,Sphingobacterium,ERR1073023
38426.0,100175,genus,0.00558285,Papillibacter,ERR1073023
38426.0,59732,genus,0.00558285,Chryseobacterium,ERR1073023
38426.0,1843210,genus,0.00558285,Anaerocolumna,ERR1073023
38426.0,332248,genus,0.00558285,Truepera,ERR1073023
38426.0,46254,genus,0.00558285,Oenococcus,ERR1073023
38426.0,286,genus,0.00558285,Pseudomonas,ERR1073023
38426.0,32636,genus,0.00558285,Halothermothrix,ERR1073023
38426.0,1649482,genus,0.00558285,Pseudopedobacter,ERR1073023
38426.0,2747,genus,0.00558285,Carnobacterium,ERR1073023
38426.0,638847,genus,0.00558285,Pyramidobacter,ERR1073023
38426.0,644652,genus,0.00558285,Gordonibacter,ERR1073023
38426.0,36853,genus,0.00558285,Desulfitobacterium,ERR1073023
38426.0,1654,genus,0.00558285,Actinomyces,ERR1073023
38426.0,1210119,genus,0.00558285,Ohtaekwangia,ERR1073023
38426.0,239934,genus,0.00558285,Akkermansia,ERR1073023
38426.0,224465,genus,0.00558285,Kofleria,ERR1073023
,-1,genus,28.2101,Unknown,ERR1073023
35734.0,816,genus,21.8589,Bacteroides,ERR1073081
35734.0,581,genus,6.54642,Morganella,ERR1073081
35734.0,286,genus,4.26471,Pseudomonas,ERR1073081
35734.0,572511,genus,2.47932,Blautia,ERR1073081
35734.0,586,genus,2.41498,Providencia,ERR1073081
35734.0,216851,genus,1.83134,Faecalibacterium,ERR1073081
35734.0,39948,genus,1.36489,Dialister,ERR1073081
35734.0,841,genus,1.30744,Roseburia,ERR1073081
35734.0,1506553,genus,0.680147,Lachnoclostridium,ERR1073081
35734.0,583,genus,0.592831,Proteus,ERR1073081
35734.0,1386,genus,0.409007,Bacillus,ERR1073081
35734.0,1505663,genus,0.314798,Erysipelatoclostridium,ERR1073081
35734.0,838,genus,0.307904,Prevotella,ERR1073081
35734.0,1678,genus,0.278033,Bifidobacterium,ERR1073081
35734.0,157920,genus,0.238971,Cellulosimicrobium,ERR1073081
35734.0,1730,genus,0.190717,Eubacterium,ERR1073081
35734.0,724,genus,0.174632,Haemophilus,ERR1073081
35734.0,642,genus,0.170037,Aeromonas,ERR1073081
35734.0,100883,genus,0.137868,Coprobacillus,ERR1073081
35734.0,1485,genus,0.126379,Clostridium,ERR1073081
35734.0,1301,genus,0.119485,Streptococcus,ERR1073081
35734.0,590,genus,0.089614,Salmonella,ERR1073081
35734.0,1350,genus,0.0804228,Enterococcus,ERR1073081
35734.0,338,genus,0.0758272,Xanthomonas,ERR1073081
35734.0,653683,genus,0.0712316,Anaerosporobacter,ERR1073081
35734.0,1263,genus,0.0712316,Ruminococcus,ERR1073081
35734.0,1827,genus,0.0551471,Rhodococcus,ERR1073081
35734.0,44249,genus,0.0505515,Paenibacillus,ERR1073081
35734.0,207244,genus,0.0505515,Anaerostipes,ERR1073081
35734.0,1716,genus,0.0436581,Corynebacterium,ERR1073081
35734.0,413496,genus,0.0390625,Cronobacter,ERR1073081
35734.0,29465,genus,0.0390625,Veillonella,ERR1073081
35734.0,1508657,genus,0.0390625,Ruminiclostridium,ERR1073081
35734.0,561,genus,0.0367647,Escherichia,ERR1073081
35734.0,1696,genus,0.0298713,Brevibacterium,ERR1073081
35734.0,1742989,genus,0.0252757,Glutamicibacter,ERR1073081
35734.0,1505657,genus,0.0252757,Intestinibacter,ERR1073081
35734.0,620,genus,0.0252757,Shigella,ERR1073081
35734.0,469,genus,0.0229779,Acinetobacter,ERR1073081
35734.0,1578,genus,0.0183824,Lactobacillus,ERR1073081
35734.0,1357,genus,0.0183824,Lactococcus,ERR1073081
35734.0,872,genus,0.0160846,Desulfovibrio,ERR1073081
35734.0,2737,genus,0.0137868,Vagococcus,ERR1073081
35734.0,84034,genus,0.0137868,Propionispira,ERR1073081
35734.0,82802,genus,0.011489,Trichococcus,ERR1073081
35734.0,1573536,genus,0.011489,Faecalicoccus,ERR1073081
35734.0,182709,genus,0.00919118,Oceanobacillus,ERR1073081
35734.0,224465,genus,0.00919118,Kofleria,ERR1073081
35734.0,117563,genus,0.00689338,Granulicatella,ERR1073081
35734.0,375288,genus,0.00689338,Parabacteroides,ERR1073081
35734.0,239934,genus,0.00689338,Akkermansia,ERR1073081
35734.0,704093,genus,0.00689338,Anaerobacillus,ERR1073081
35734.0,244127,genus,0.00689338,Anaerotruncus,ERR1073081
35734.0,637,genus,0.00689338,Arsenophonus,ERR1073081
35734.0,544,genus,0.00459559,Citrobacter,ERR1073081
35734.0,239759,genus,0.00459559,Alistipes,ERR1073081
35734.0,459786,genus,0.00459559,Oscillibacter,ERR1073081
35734.0,32207,genus,0.00459559,Rothia,ERR1073081
35734.0,332248,genus,0.00459559,Truepera,ERR1073081
35734.0,61170,genus,0.00459559,Holdemania,ERR1073081
35734.0,60919,genus,0.00459559,Sanguibacter,ERR1073081
35734.0,670486,genus,0.00459559,Dehalogenimonas,ERR1073081
35734.0,2299,genus,0.00459559,Desulfosarcina,ERR1073081
35734.0,626,genus,0.00229779,Xenorhabdus,ERR1073081
35734.0,135575,genus,0.00229779,Idiomarina,ERR1073081
35734.0,233191,genus,0.00229779,Caldilinea,ERR1073081
35734.0,2152,genus,0.00229779,Asteroleplasma,ERR1073081
35734.0,283,genus,0.00229779,Comamonas,ERR1073081
35734.0,1279388,genus,0.00229779,Kandleria,ERR1073081
35734.0,1817,genus,0.00229779,Nocardia,ERR1073081
35734.0,1843210,genus,0.00229779,Anaerocolumna,ERR1073081
35734.0,44262,genus,0.00229779,Oxalophagus,ERR1073081
35734.0,497,genus,0.00229779,Psychrobacter,ERR1073081
35734.0,106633,genus,0.00229779,Thioalkalivibrio,ERR1073081
35734.0,2745,genus,0.00229779,Halomonas,ERR1073081
35734.0,47670,genus,0.00229779,Lautropia,ERR1073081
35734.0,1565532,genus,0.00229779,Rouxiella,ERR1073081
35734.0,40323,genus,0.00229779,Stenotrophomonas,ERR1073081
35734.0,1279,genus,0.00229779,Staphylococcus,ERR1073081
35734.0,32199,genus,0.00229779,Buchnera,ERR1073081
35734.0,450803,genus,0.00229779,Oceaniserpentilla,ERR1073081
35734.0,48075,genus,0.00229779,Marinobacterium,ERR1073081
35734.0,2747,genus,0.00229779,Carnobacterium,ERR1073081
35734.0,776,genus,0.00229779,Coxiella,ERR1073081
35734.0,37914,genus,0.00229779,Dietzia,ERR1073081
35734.0,429,genus,0.00229779,Methylobacter,ERR1073081
35734.0,61434,genus,0.00229779,Dehalococcoides,ERR1073081
35734.0,2742,genus,0.00229779,Marinobacter,ERR1073081
35734.0,666508,genus,0.00229779,Phycisphaera,ERR1073081
35734.0,180541,genus,0.00229779,Salinisphaera,ERR1073081
35734.0,55968,genus,0.00229779,Leucobacter,ERR1073081
35734.0,46255,genus,0.00229779,Weissella,ERR1073081
35734.0,40222,genus,0.00229779,Methylophaga,ERR1073081
35734.0,1134403,genus,0.00229779,Melioribacter,ERR1073081
35734.0,379899,genus,0.00229779,Niabella,ERR1073081
35734.0,314318,genus,0.00229779,Prolixibacter,ERR1073081
35734.0,998014,genus,0.00229779,Cocleimonas,ERR1073081
,-1,genus,52.971,Unknown,ERR1073081
34038.0,816,genus,17.0077,Bacteroides,ERR1073113
34038.0,216851,genus,1.12201,Faecalibacterium,ERR1073113
34038.0,1730,genus,0.57273,Eubacterium,ERR1073113
34038.0,459786,genus,0.47895,Oscillibacter,ERR1073113
34038.0,239759,genus,0.391868,Alistipes,ERR1073113
34038.0,572511,genus,0.358375,Blautia,ERR1073113
34038.0,1508657,genus,0.328231,Ruminiclostridium,ERR1073113
34038.0,1386,genus,0.301437,Bacillus,ERR1073113
34038.0,1506553,genus,0.271293,Lachnoclostridium,ERR1073113
34038.0,1263,genus,0.247848,Ruminococcus,ERR1073113
34038.0,39948,genus,0.217704,Dialister,ERR1073113
34038.0,35832,genus,0.117225,Bilophila,ERR1073113
34038.0,841,genus,0.100479,Roseburia,ERR1073113
34038.0,244127,genus,0.0904311,Anaerotruncus,ERR1073113
34038.0,156973,genus,0.0904311,Dysgonomonas,ERR1073113
34038.0,1716,genus,0.0870818,Corynebacterium,ERR1073113
34038.0,29465,genus,0.0770339,Veillonella,ERR1073113
34038.0,561,genus,0.0736846,Escherichia,ERR1073113
34038.0,872,genus,0.0401916,Desulfovibrio,ERR1073113
34038.0,1301,genus,0.0368423,Streptococcus,ERR1073113
34038.0,61170,genus,0.0234451,Holdemania,ERR1073113
34038.0,286,genus,0.0167465,Pseudomonas,ERR1073113
34038.0,1505663,genus,0.0167465,Erysipelatoclostridium,ERR1073113
34038.0,52784,genus,0.0133972,Anaerofilum,ERR1073113
34038.0,1051,genus,0.0100479,Ectothiorhodospira,ERR1073113
34038.0,59732,genus,0.0100479,Chryseobacterium,ERR1073113
34038.0,1678,genus,0.0100479,Bifidobacterium,ERR1073113
34038.0,836,genus,0.0100479,Porphyromonas,ERR1073113
34038.0,84111,genus,0.0100479,Eggerthella,ERR1073113
34038.0,1485,genus,0.0100479,Clostridium,ERR1073113
34038.0,157920,genus,0.0066986,Cellulosimicrobium,ERR1073113
34038.0,577310,genus,0.0066986,Parasutterella,ERR1073113
34038.0,838,genus,0.0066986,Prevotella,ERR1073113
34038.0,620,genus,0.0066986,Shigella,ERR1073113
34038.0,1578,genus,0.0066986,Lactobacillus,ERR1073113
34038.0,1350,genus,0.0066986,Enterococcus,ERR1073113
34038.0,84565,genus,0.0066986,Sodalis,ERR1073113
34038.0,207244,genus,0.0066986,Anaerostipes,ERR1073113
34038.0,375288,genus,0.0066986,Parabacteroides,ERR1073113
34038.0,44260,genus,0.0033493,Moorella,ERR1073113
34038.0,265980,genus,0.0033493,Alkalimonas,ERR1073113
34038.0,61434,genus,0.0033493,Dehalococcoides,ERR1073113
34038.0,626,genus,0.0033493,Xenorhabdus,ERR1073113
34038.0,44249,genus,0.0033493,Paenibacillus,ERR1073113
34038.0,34098,genus,0.0033493,Blattabacterium,ERR1073113
34038.0,1565532,genus,0.0033493,Rouxiella,ERR1073113
34038.0,397864,genus,0.0033493,Barnesiella,ERR1073113
34038.0,1017280,genus,0.0033493,Pseudoflavonifractor,ERR1073113
34038.0,41273,genus,0.0033493,Tissierella,ERR1073113
34038.0,528,genus,0.0033493,Ochrobactrum,ERR1073113
34038.0,233189,genus,0.0033493,Anaerolinea,ERR1073113
34038.0,698776,genus,0.0033493,Cellulosilyticum,ERR1073113
34038.0,253238,genus,0.0033493,Ethanoligenens,ERR1073113
34038.0,586,genus,0.0033493,Providencia,ERR1073113
34038.0,135575,genus,0.0033493,Idiomarina,ERR1073113
34038.0,28231,genus,0.0033493,Geobacter,ERR1073113
34038.0,2742,genus,0.0033493,Marinobacter,ERR1073113
34038.0,44748,genus,0.0033493,Sporobacter,ERR1073113
34038.0,482,genus,0.0033493,Neisseria,ERR1073113
,-1,genus,77.5865,Unknown,ERR1073113
34038.0,816,genus,17.0077,Bacteroides,ERR1073113
34038.0,216851,genus,1.12201,Faecalibacterium,ERR1073113
34038.0,1730,genus,0.57273,Eubacterium,ERR1073113
34038.0,459786,genus,0.47895,Oscillibacter,ERR1073113
34038.0,239759,genus,0.391868,Alistipes,ERR1073113
34038.0,572511,genus,0.358375,Blautia,ERR1073113
34038.0,1508657,genus,0.328231,Ruminiclostridium,ERR1073113
34038.0,1386,genus,0.301437,Bacillus,ERR1073113
34038.0,1506553,genus,0.271293,Lachnoclostridium,ERR1073113
34038.0,1263,genus,0.247848,Ruminococcus,ERR1073113
34038.0,39948,genus,0.217704,Dialister,ERR1073113
34038.0,35832,genus,0.117225,Bilophila,ERR1073113
34038.0,841,genus,0.100479,Roseburia,ERR1073113
34038.0,156973,genus,0.0904311,Dysgonomonas,ERR1073113
34038.0,244127,genus,0.0904311,Anaerotruncus,ERR1073113
34038.0,1716,genus,0.0870818,Corynebacterium,ERR1073113
34038.0,29465,genus,0.0770339,Veillonella,ERR1073113
34038.0,561,genus,0.0736846,Escherichia,ERR1073113
34038.0,872,genus,0.0401916,Desulfovibrio,ERR1073113
34038.0,1301,genus,0.0368423,Streptococcus,ERR1073113
34038.0,61170,genus,0.0234451,Holdemania,ERR1073113
34038.0,286,genus,0.0167465,Pseudomonas,ERR1073113
34038.0,1505663,genus,0.0167465,Erysipelatoclostridium,ERR1073113
34038.0,52784,genus,0.0133972,Anaerofilum,ERR1073113
34038.0,84111,genus,0.0100479,Eggerthella,ERR1073113
34038.0,1485,genus,0.0100479,Clostridium,ERR1073113
34038.0,1051,genus,0.0100479,Ectothiorhodospira,ERR1073113
34038.0,59732,genus,0.0100479,Chryseobacterium,ERR1073113
34038.0,1678,genus,0.0100479,Bifidobacterium,ERR1073113
34038.0,836,genus,0.0100479,Porphyromonas,ERR1073113
34038.0,1350,genus,0.0066986,Enterococcus,ERR1073113
34038.0,84565,genus,0.0066986,Sodalis,ERR1073113
34038.0,207244,genus,0.0066986,Anaerostipes,ERR1073113
34038.0,375288,genus,0.0066986,Parabacteroides,ERR1073113
34038.0,157920,genus,0.0066986,Cellulosimicrobium,ERR1073113
34038.0,577310,genus,0.0066986,Parasutterella,ERR1073113
34038.0,838,genus,0.0066986,Prevotella,ERR1073113
34038.0,620,genus,0.0066986,Shigella,ERR1073113
34038.0,1578,genus,0.0066986,Lactobacillus,ERR1073113
34038.0,233189,genus,0.0033493,Anaerolinea,ERR1073113
34038.0,698776,genus,0.0033493,Cellulosilyticum,ERR1073113
34038.0,253238,genus,0.0033493,Ethanoligenens,ERR1073113
34038.0,586,genus,0.0033493,Providencia,ERR1073113
34038.0,135575,genus,0.0033493,Idiomarina,ERR1073113
34038.0,28231,genus,0.0033493,Geobacter,ERR1073113
34038.0,2742,genus,0.0033493,Marinobacter,ERR1073113
34038.0,44748,genus,0.0033493,Sporobacter,ERR1073113
34038.0,482,genus,0.0033493,Neisseria,ERR1073113
34038.0,44260,genus,0.0033493,Moorella,ERR1073113
34038.0,265980,genus,0.0033493,Alkalimonas,ERR1073113
34038.0,61434,genus,0.0033493,Dehalococcoides,ERR1073113
34038.0,626,genus,0.0033493,Xenorhabdus,ERR1073113
34038.0,44249,genus,0.0033493,Paenibacillus,ERR1073113
34038.0,34098,genus,0.0033493,Blattabacterium,ERR1073113
34038.0,1565532,genus,0.0033493,Rouxiella,ERR1073113
34038.0,397864,genus,0.0033493,Barnesiella,ERR1073113
34038.0,1017280,genus,0.0033493,Pseudoflavonifractor,ERR1073113
34038.0,41273,genus,0.0033493,Tissierella,ERR1073113
34038.0,528,genus,0.0033493,Ochrobactrum,ERR1073113
,-1,genus,77.5865,Unknown,ERR1073113
34038.0,816,genus,17.0077,Bacteroides,ERR1073113
34038.0,216851,genus,1.12201,Faecalibacterium,ERR1073113
34038.0,1730,genus,0.57273,Eubacterium,ERR1073113
34038.0,459786,genus,0.47895,Oscillibacter,ERR1073113
34038.0,239759,genus,0.391868,Alistipes,ERR1073113
34038.0,572511,genus,0.358375,Blautia,ERR1073113
34038.0,1508657,genus,0.328231,Ruminiclostridium,ERR1073113
34038.0,1386,genus,0.301437,Bacillus,ERR1073113
34038.0,1506553,genus,0.271293,Lachnoclostridium,ERR1073113
34038.0,1263,genus,0.247848,Ruminococcus,ERR1073113
34038.0,39948,genus,0.217704,Dialister,ERR1073113
34038.0,35832,genus,0.117225,Bilophila,ERR1073113
34038.0,841,genus,0.100479,Roseburia,ERR1073113
34038.0,156973,genus,0.0904311,Dysgonomonas,ERR1073113
34038.0,244127,genus,0.0904311,Anaerotruncus,ERR1073113
34038.0,1716,genus,0.0870818,Corynebacterium,ERR1073113
34038.0,29465,genus,0.0770339,Veillonella,ERR1073113
34038.0,561,genus,0.0736846,Escherichia,ERR1073113
34038.0,872,genus,0.0401916,Desulfovibrio,ERR1073113
34038.0,1301,genus,0.0368423,Streptococcus,ERR1073113
34038.0,61170,genus,0.0234451,Holdemania,ERR1073113
34038.0,286,genus,0.0167465,Pseudomonas,ERR1073113
34038.0,1505663,genus,0.0167465,Erysipelatoclostridium,ERR1073113
34038.0,52784,genus,0.0133972,Anaerofilum,ERR1073113
34038.0,84111,genus,0.0100479,Eggerthella,ERR1073113
34038.0,1485,genus,0.0100479,Clostridium,ERR1073113
34038.0,1051,genus,0.0100479,Ectothiorhodospira,ERR1073113
34038.0,59732,genus,0.0100479,Chryseobacterium,ERR1073113
34038.0,1678,genus,0.0100479,Bifidobacterium,ERR1073113
34038.0,836,genus,0.0100479,Porphyromonas,ERR1073113
34038.0,207244,genus,0.0066986,Anaerostipes,ERR1073113
34038.0,375288,genus,0.0066986,Parabacteroides,ERR1073113
34038.0,157920,genus,0.0066986,Cellulosimicrobium,ERR1073113
34038.0,577310,genus,0.0066986,Parasutterella,ERR1073113
34038.0,838,genus,0.0066986,Prevotella,ERR1073113
34038.0,620,genus,0.0066986,Shigella,ERR1073113
34038.0,1578,genus,0.0066986,Lactobacillus,ERR1073113
34038.0,1350,genus,0.0066986,Enterococcus,ERR1073113
34038.0,84565,genus,0.0066986,Sodalis,ERR1073113
34038.0,28231,genus,0.0033493,Geobacter,ERR1073113
34038.0,2742,genus,0.0033493,Marinobacter,ERR1073113
34038.0,44748,genus,0.0033493,Sporobacter,ERR1073113
34038.0,482,genus,0.0033493,Neisseria,ERR1073113
34038.0,44260,genus,0.0033493,Moorella,ERR1073113
34038.0,265980,genus,0.0033493,Alkalimonas,ERR1073113
34038.0,61434,genus,0.0033493,Dehalococcoides,ERR1073113
34038.0,626,genus,0.0033493,Xenorhabdus,ERR1073113
34038.0,44249,genus,0.0033493,Paenibacillus,ERR1073113
34038.0,34098,genus,0.0033493,Blattabacterium,ERR1073113
34038.0,1565532,genus,0.0033493,Rouxiella,ERR1073113
34038.0,397864,genus,0.0033493,Barnesiella,ERR1073113
34038.0,1017280,genus,0.0033493,Pseudoflavonifractor,ERR1073113
34038.0,41273,genus,0.0033493,Tissierella,ERR1073113
34038.0,528,genus,0.0033493,Ochrobactrum,ERR1073113
34038.0,233189,genus,0.0033493,Anaerolinea,ERR1073113
34038.0,698776,genus,0.0033493,Cellulosilyticum,ERR1073113
34038.0,253238,genus,0.0033493,Ethanoligenens,ERR1073113
34038.0,586,genus,0.0033493,Providencia,ERR1073113
34038.0,135575,genus,0.0033493,Idiomarina,ERR1073113
,-1,genus,77.5865,Unknown,ERR1073113
34038.0,816,genus,17.0077,Bacteroides,ERR1073113
34038.0,216851,genus,1.12201,Faecalibacterium,ERR1073113
34038.0,1730,genus,0.57273,Eubacterium,ERR1073113
34038.0,459786,genus,0.47895,Oscillibacter,ERR1073113
34038.0,239759,genus,0.391868,Alistipes,ERR1073113
34038.0,572511,genus,0.358375,Blautia,ERR1073113
34038.0,1508657,genus,0.328231,Ruminiclostridium,ERR1073113
34038.0,1386,genus,0.301437,Bacillus,ERR1073113
34038.0,1506553,genus,0.271293,Lachnoclostridium,ERR1073113
34038.0,1263,genus,0.247848,Ruminococcus,ERR1073113
34038.0,39948,genus,0.217704,Dialister,ERR1073113
34038.0,35832,genus,0.117225,Bilophila,ERR1073113
34038.0,841,genus,0.100479,Roseburia,ERR1073113
34038.0,156973,genus,0.0904311,Dysgonomonas,ERR1073113
34038.0,244127,genus,0.0904311,Anaerotruncus,ERR1073113
34038.0,1716,genus,0.0870818,Corynebacterium,ERR1073113
34038.0,29465,genus,0.0770339,Veillonella,ERR1073113
34038.0,561,genus,0.0736846,Escherichia,ERR1073113
34038.0,872,genus,0.0401916,Desulfovibrio,ERR1073113
34038.0,1301,genus,0.0368423,Streptococcus,ERR1073113
34038.0,61170,genus,0.0234451,Holdemania,ERR1073113
34038.0,286,genus,0.0167465,Pseudomonas,ERR1073113
34038.0,1505663,genus,0.0167465,Erysipelatoclostridium,ERR1073113
34038.0,52784,genus,0.0133972,Anaerofilum,ERR1073113
34038.0,1051,genus,0.0100479,Ectothiorhodospira,ERR1073113
34038.0,59732,genus,0.0100479,Chryseobacterium,ERR1073113
34038.0,1678,genus,0.0100479,Bifidobacterium,ERR1073113
34038.0,836,genus,0.0100479,Porphyromonas,ERR1073113
34038.0,1485,genus,0.0100479,Clostridium,ERR1073113
34038.0,84111,genus,0.0100479,Eggerthella,ERR1073113
34038.0,157920,genus,0.0066986,Cellulosimicrobium,ERR1073113
34038.0,577310,genus,0.0066986,Parasutterella,ERR1073113
34038.0,838,genus,0.0066986,Prevotella,ERR1073113
34038.0,1578,genus,0.0066986,Lactobacillus,ERR1073113
34038.0,620,genus,0.0066986,Shigella,ERR1073113
34038.0,1350,genus,0.0066986,Enterococcus,ERR1073113
34038.0,84565,genus,0.0066986,Sodalis,ERR1073113
34038.0,207244,genus,0.0066986,Anaerostipes,ERR1073113
34038.0,375288,genus,0.0066986,Parabacteroides,ERR1073113
34038.0,265980,genus,0.0033493,Alkalimonas,ERR1073113
34038.0,44260,genus,0.0033493,Moorella,ERR1073113
34038.0,61434,genus,0.0033493,Dehalococcoides,ERR1073113
34038.0,626,genus,0.0033493,Xenorhabdus,ERR1073113
34038.0,44249,genus,0.0033493,Paenibacillus,ERR1073113
34038.0,1565532,genus,0.0033493,Rouxiella,ERR1073113
34038.0,34098,genus,0.0033493,Blattabacterium,ERR1073113
34038.0,397864,genus,0.0033493,Barnesiella,ERR1073113
34038.0,1017280,genus,0.0033493,Pseudoflavonifractor,ERR1073113
34038.0,41273,genus,0.0033493,Tissierella,ERR1073113
34038.0,528,genus,0.0033493,Ochrobactrum,ERR1073113
34038.0,698776,genus,0.0033493,Cellulosilyticum,ERR1073113
34038.0,233189,genus,0.0033493,Anaerolinea,ERR1073113
34038.0,253238,genus,0.0033493,Ethanoligenens,ERR1073113
34038.0,135575,genus,0.0033493,Idiomarina,ERR1073113
34038.0,586,genus,0.0033493,Providencia,ERR1073113
34038.0,28231,genus,0.0033493,Geobacter,ERR1073113
34038.0,2742,genus,0.0033493,Marinobacter,ERR1073113
34038.0,44748,genus,0.0033493,Sporobacter,ERR1073113
34038.0,482,genus,0.0033493,Neisseria,ERR1073113
,-1,genus,77.5865,Unknown,ERR1073113
34038.0,816,genus,17.0077,Bacteroides,ERR1073113
34038.0,216851,genus,1.12201,Faecalibacterium,ERR1073113
34038.0,1730,genus,0.57273,Eubacterium,ERR1073113
34038.0,459786,genus,0.47895,Oscillibacter,ERR1073113
34038.0,239759,genus,0.391868,Alistipes,ERR1073113
34038.0,572511,genus,0.358375,Blautia,ERR1073113
34038.0,1508657,genus,0.328231,Ruminiclostridium,ERR1073113
34038.0,1386,genus,0.301437,Bacillus,ERR1073113
34038.0,1506553,genus,0.271293,Lachnoclostridium,ERR1073113
34038.0,1263,genus,0.247848,Ruminococcus,ERR1073113
34038.0,39948,genus,0.217704,Dialister,ERR1073113
34038.0,35832,genus,0.117225,Bilophila,ERR1073113
34038.0,841,genus,0.100479,Roseburia,ERR1073113
34038.0,156973,genus,0.0904311,Dysgonomonas,ERR1073113
34038.0,244127,genus,0.0904311,Anaerotruncus,ERR1073113
34038.0,1716,genus,0.0870818,Corynebacterium,ERR1073113
34038.0,29465,genus,0.0770339,Veillonella,ERR1073113
34038.0,561,genus,0.0736846,Escherichia,ERR1073113
34038.0,872,genus,0.0401916,Desulfovibrio,ERR1073113
34038.0,1301,genus,0.0368423,Streptococcus,ERR1073113
34038.0,61170,genus,0.0234451,Holdemania,ERR1073113
34038.0,286,genus,0.0167465,Pseudomonas,ERR1073113
34038.0,1505663,genus,0.0167465,Erysipelatoclostridium,ERR1073113
34038.0,52784,genus,0.0133972,Anaerofilum,ERR1073113
34038.0,84111,genus,0.0100479,Eggerthella,ERR1073113
34038.0,1485,genus,0.0100479,Clostridium,ERR1073113
34038.0,1051,genus,0.0100479,Ectothiorhodospira,ERR1073113
34038.0,59732,genus,0.0100479,Chryseobacterium,ERR1073113
34038.0,1678,genus,0.0100479,Bifidobacterium,ERR1073113
34038.0,836,genus,0.0100479,Porphyromonas,ERR1073113
34038.0,84565,genus,0.0066986,Sodalis,ERR1073113
34038.0,207244,genus,0.0066986,Anaerostipes,ERR1073113
34038.0,375288,genus,0.0066986,Parabacteroides,ERR1073113
34038.0,157920,genus,0.0066986,Cellulosimicrobium,ERR1073113
34038.0,577310,genus,0.0066986,Parasutterella,ERR1073113
34038.0,838,genus,0.0066986,Prevotella,ERR1073113
34038.0,620,genus,0.0066986,Shigella,ERR1073113
34038.0,1578,genus,0.0066986,Lactobacillus,ERR1073113
34038.0,1350,genus,0.0066986,Enterococcus,ERR1073113
34038.0,586,genus,0.0033493,Providencia,ERR1073113
34038.0,135575,genus,0.0033493,Idiomarina,ERR1073113
34038.0,28231,genus,0.0033493,Geobacter,ERR1073113
34038.0,2742,genus,0.0033493,Marinobacter,ERR1073113
34038.0,44748,genus,0.0033493,Sporobacter,ERR1073113
34038.0,482,genus,0.0033493,Neisseria,ERR1073113
34038.0,44260,genus,0.0033493,Moorella,ERR1073113
34038.0,265980,genus,0.0033493,Alkalimonas,ERR1073113
34038.0,61434,genus,0.0033493,Dehalococcoides,ERR1073113
34038.0,626,genus,0.0033493,Xenorhabdus,ERR1073113
34038.0,44249,genus,0.0033493,Paenibacillus,ERR1073113
34038.0,34098,genus,0.0033493,Blattabacterium,ERR1073113
34038.0,1565532,genus,0.0033493,Rouxiella,ERR1073113
34038.0,397864,genus,0.0033493,Barnesiella,ERR1073113
34038.0,1017280,genus,0.0033493,Pseudoflavonifractor,ERR1073113
34038.0,41273,genus,0.0033493,Tissierella,ERR1073113
34038.0,528,genus,0.0033493,Ochrobactrum,ERR1073113
34038.0,233189,genus,0.0033493,Anaerolinea,ERR1073113
34038.0,698776,genus,0.0033493,Cellulosilyticum,ERR1073113
34038.0,253238,genus,0.0033493,Ethanoligenens,ERR1073113
,-1,genus,77.5865,Unknown,ERR1073113
46549.0,816,genus,14.7801,Bacteroides,ERR1073128
46549.0,1508657,genus,4.12204,Ruminiclostridium,ERR1073128
46549.0,239759,genus,1.57822,Alistipes,ERR1073128
46549.0,216851,genus,1.57416,Faecalibacterium,ERR1073128
46549.0,397864,genus,1.54576,Barnesiella,ERR1073128
46549.0,1263,genus,1.48085,Ruminococcus,ERR1073128
46549.0,244127,genus,1.19279,Anaerotruncus,ERR1073128
46549.0,572511,genus,1.11977,Blautia,ERR1073128
46549.0,375288,genus,0.742454,Parabacteroides,ERR1073128
46549.0,990721,genus,0.734339,Christensenella,ERR1073128
46549.0,283168,genus,0.726225,Odoribacter,ERR1073128
46549.0,239934,genus,0.701882,Akkermansia,ERR1073128
46549.0,1505663,genus,0.693768,Erysipelatoclostridium,ERR1073128
46549.0,459786,genus,0.616683,Oscillibacter,ERR1073128
46549.0,872,genus,0.53554,Desulfovibrio,ERR1073128
46549.0,33042,genus,0.462512,Coprococcus,ERR1073128
46549.0,44748,genus,0.417884,Sporobacter,ERR1073128
46549.0,1506553,genus,0.393541,Lachnoclostridium,ERR1073128
46549.0,577310,genus,0.377313,Parasutterella,ERR1073128
46549.0,904,genus,0.373255,Acidaminococcus,ERR1073128
46549.0,577309,genus,0.328627,Paraprevotella,ERR1073128
46549.0,1485,genus,0.308341,Clostridium,ERR1073128
46549.0,469,genus,0.275884,Acinetobacter,ERR1073128
46549.0,286,genus,0.263713,Pseudomonas,ERR1073128
46549.0,1730,genus,0.206913,Eubacterium,ERR1073128
46549.0,1386,genus,0.150114,Bacillus,ERR1073128
46549.0,189330,genus,0.113599,Dorea,ERR1073128
46549.0,841,genus,0.105485,Roseburia,ERR1073128
46549.0,40323,genus,0.0892567,Stenotrophomonas,ERR1073128
46549.0,80865,genus,0.0770854,Delftia,ERR1073128
46549.0,2172,genus,0.0689711,Methanobrevibacter,ERR1073128
46549.0,1506577,genus,0.0608569,Tyzzerella,ERR1073128
46549.0,561,genus,0.0486855,Escherichia,ERR1073128
46549.0,35832,genus,0.0446284,Bilophila,ERR1073128
46549.0,1573534,genus,0.0446284,Faecalitalea,ERR1073128
46549.0,528,genus,0.0405712,Ochrobactrum,ERR1073128
46549.0,400634,genus,0.0405712,Lysinibacillus,ERR1073128
46549.0,2132,genus,0.0365141,Spiroplasma,ERR1073128
46549.0,61170,genus,0.0283999,Holdemania,ERR1073128
46549.0,620,genus,0.0243427,Shigella,ERR1073128
46549.0,33057,genus,0.0202856,Thauera,ERR1073128
46549.0,660628,genus,0.0202856,Insolitispirillum,ERR1073128
46549.0,838,genus,0.0202856,Prevotella,ERR1073128
46549.0,1663,genus,0.0162285,Arthrobacter,ERR1073128
46549.0,35829,genus,0.0162285,Acetivibrio,ERR1073128
46549.0,100175,genus,0.0162285,Papillibacter,ERR1073128
46549.0,1573536,genus,0.0162285,Faecalicoccus,ERR1073128
46549.0,34037,genus,0.0162285,Rahnella,ERR1073128
46549.0,207244,genus,0.0121714,Anaerostipes,ERR1073128
46549.0,2152,genus,0.0121714,Asteroleplasma,ERR1073128
46549.0,346096,genus,0.0121714,Paludibacter,ERR1073128
46549.0,52784,genus,0.0121714,Anaerofilum,ERR1073128
46549.0,1827,genus,0.0121714,Rhodococcus,ERR1073128
46549.0,150022,genus,0.00811425,Finegoldia,ERR1073128
46549.0,28453,genus,0.00811425,Sphingobacterium,ERR1073128
46549.0,278993,genus,0.00811425,Thermincola,ERR1073128
46549.0,233191,genus,0.00811425,Caldilinea,ERR1073128
46549.0,100883,genus,0.00405712,Coprobacillus,ERR1073128
46549.0,590,genus,0.00405712,Salmonella,ERR1073128
46549.0,40222,genus,0.00405712,Methylophaga,ERR1073128
46549.0,150333,genus,0.00405712,Thermobrachium,ERR1073128
46549.0,39948,genus,0.00405712,Dialister,ERR1073128
46549.0,66848,genus,0.00405712,Desulfonatronum,ERR1073128
46549.0,1030,genus,0.00405712,Thiothrix,ERR1073128
46549.0,79328,genus,0.00405712,Chitinophaga,ERR1073128
46549.0,1253,genus,0.00405712,Pediococcus,ERR1073128
46549.0,644652,genus,0.00405712,Gordonibacter,ERR1073128
46549.0,953,genus,0.00405712,Wolbachia,ERR1073128
46549.0,218204,genus,0.00405712,Garciella,ERR1073128
46549.0,581,genus,0.00405712,Morganella,ERR1073128
46549.0,1883,genus,0.00405712,Streptomyces,ERR1073128
46549.0,1678,genus,0.00405712,Bifidobacterium,ERR1073128
46549.0,93217,genus,0.00405712,Pandoraea,ERR1073128
46549.0,61434,genus,0.00405712,Dehalococcoides,ERR1073128
46549.0,59753,genus,0.00405712,Alcanivorax,ERR1073128
46549.0,283,genus,0.00405712,Comamonas,ERR1073128
46549.0,106633,genus,0.00405712,Thioalkalivibrio,ERR1073128
46549.0,32012,genus,0.00405712,Thiomonas,ERR1073128
46549.0,226,genus,0.00405712,Alteromonas,ERR1073128
46549.0,642,genus,0.00405712,Aeromonas,ERR1073128
46549.0,1243,genus,0.00405712,Leuconostoc,ERR1073128
46549.0,294702,genus,0.00405712,Proteiniphilum,ERR1073128
46549.0,53335,genus,0.00405712,Pantoea,ERR1073128
46549.0,445,genus,0.00405712,Legionella,ERR1073128
46549.0,131079,genus,0.00405712,Limnobacter,ERR1073128
46549.0,84111,genus,0.00405712,Eggerthella,ERR1073128
46549.0,46205,genus,0.00405712,Pseudobutyrivibrio,ERR1073128
46549.0,68287,genus,0.00405712,Mesorhizobium,ERR1073128
,-1,genus,62.9828,Unknown,ERR1073128
35735.0,816,genus,22.4475,Bacteroides,ERR1073129
35735.0,216851,genus,10.5023,Faecalibacterium,ERR1073129
35735.0,286,genus,10.0581,Pseudomonas,ERR1073129
35735.0,239759,genus,4.3475,Alistipes,ERR1073129
35735.0,1508657,genus,3.88807,Ruminiclostridium,ERR1073129
35735.0,1730,genus,2.09971,Eubacterium,ERR1073129
35735.0,572511,genus,1.86809,Blautia,ERR1073129
35735.0,1263,genus,1.04416,Ruminococcus,ERR1073129
35735.0,459786,genus,0.994798,Oscillibacter,ERR1073129
35735.0,375288,genus,0.922656,Parabacteroides,ERR1073129
35735.0,244127,genus,0.823936,Anaerotruncus,ERR1073129
35735.0,1279388,genus,0.721419,Kandleria,ERR1073129
35735.0,904,genus,0.675855,Acidaminococcus,ERR1073129
35735.0,1505663,genus,0.55815,Erysipelatoclostridium,ERR1073129
35735.0,1485,genus,0.368303,Clostridium,ERR1073129
35735.0,239934,genus,0.360709,Akkermansia,ERR1073129
35735.0,33042,genus,0.296161,Coprococcus,ERR1073129
35735.0,253238,genus,0.28477,Ethanoligenens,ERR1073129
35735.0,1506553,genus,0.250598,Lachnoclostridium,ERR1073129
35735.0,283168,genus,0.220223,Odoribacter,ERR1073129
35735.0,207244,genus,0.167065,Anaerostipes,ERR1073129
35735.0,189330,genus,0.148081,Dorea,ERR1073129
35735.0,44748,genus,0.144284,Sporobacter,ERR1073129
35735.0,990721,genus,0.132893,Christensenella,ERR1073129
35735.0,1386,genus,0.117705,Bacillus,ERR1073129
35735.0,1301,genus,0.0911266,Streptococcus,ERR1073129
35735.0,830,genus,0.0911266,Butyrivibrio,ERR1073129
35735.0,84111,genus,0.0873296,Eggerthella,ERR1073129
35735.0,40544,genus,0.0797357,Sutterella,ERR1073129
35735.0,84108,genus,0.0569541,Slackia,ERR1073129
35735.0,52784,genus,0.0341725,Anaerofilum,ERR1073129
35735.0,841,genus,0.0303755,Roseburia,ERR1073129
35735.0,528,genus,0.0265786,Ochrobactrum,ERR1073129
35735.0,507,genus,0.0227816,Alcaligenes,ERR1073129
35735.0,1357,genus,0.0151878,Lactococcus,ERR1073129
35735.0,838,genus,0.0151878,Prevotella,ERR1073129
35735.0,61434,genus,0.0151878,Dehalococcoides,ERR1073129
35735.0,1663,genus,0.0151878,Arthrobacter,ERR1073129
35735.0,1030,genus,0.0151878,Thiothrix,ERR1073129
35735.0,117563,genus,0.0113908,Granulicatella,ERR1073129
35735.0,2147,genus,0.0113908,Acholeplasma,ERR1073129
35735.0,1269,genus,0.0113908,Micrococcus,ERR1073129
35735.0,872,genus,0.0113908,Desulfovibrio,ERR1073129
35735.0,44249,genus,0.0113908,Paenibacillus,ERR1073129
35735.0,469,genus,0.0113908,Acinetobacter,ERR1073129
35735.0,35832,genus,0.00759388,Bilophila,ERR1073129
35735.0,61170,genus,0.00759388,Holdemania,ERR1073129
35735.0,1486726,genus,0.00759388,Pseudobacteroides,ERR1073129
35735.0,1678,genus,0.00759388,Bifidobacterium,ERR1073129
35735.0,561,genus,0.00759388,Escherichia,ERR1073129
35735.0,39948,genus,0.00759388,Dialister,ERR1073129
35735.0,79206,genus,0.00759388,Desulfosporosinus,ERR1073129
35735.0,1827,genus,0.00759388,Rhodococcus,ERR1073129
35735.0,1506577,genus,0.00379694,Tyzzerella,ERR1073129
35735.0,2299,genus,0.00379694,Desulfosarcina,ERR1073129
35735.0,1569,genus,0.00379694,Sporosarcina,ERR1073129
35735.0,1243,genus,0.00379694,Leuconostoc,ERR1073129
35735.0,265980,genus,0.00379694,Alkalimonas,ERR1073129
35735.0,233189,genus,0.00379694,Anaerolinea,ERR1073129
35735.0,1051,genus,0.00379694,Ectothiorhodospira,ERR1073129
35735.0,413496,genus,0.00379694,Cronobacter,ERR1073129
35735.0,252965,genus,0.00379694,Mahella,ERR1073129
35735.0,445,genus,0.00379694,Legionella,ERR1073129
35735.0,40222,genus,0.00379694,Methylophaga,ERR1073129
35735.0,41275,genus,0.00379694,Brevundimonas,ERR1073129
35735.0,84406,genus,0.00379694,Virgibacillus,ERR1073129
35735.0,2132,genus,0.00379694,Spiroplasma,ERR1073129
35735.0,28453,genus,0.00379694,Sphingobacterium,ERR1073129
35735.0,642,genus,0.00379694,Aeromonas,ERR1073129
35735.0,135575,genus,0.00379694,Idiomarina,ERR1073129
35735.0,1578,genus,0.00379694,Lactobacillus,ERR1073129
,-1,genus,35.4065,Unknown,ERR1073129
47265.0,816,genus,42.8419,Bacteroides,ERR1073204
47265.0,216851,genus,8.653,Faecalibacterium,ERR1073204
47265.0,397864,genus,4.6352,Barnesiella,ERR1073204
47265.0,239759,genus,3.60725,Alistipes,ERR1073204
47265.0,375288,genus,3.17162,Parabacteroides,ERR1073204
47265.0,1263,genus,2.99611,Ruminococcus,ERR1073204
47265.0,1508657,genus,2.28783,Ruminiclostridium,ERR1073204
47265.0,1730,genus,2.11546,Eubacterium,ERR1073204
47265.0,990721,genus,1.88981,Christensenella,ERR1073204
47265.0,572511,genus,1.86787,Blautia,ERR1073204
47265.0,239934,genus,1.68923,Akkermansia,ERR1073204
47265.0,459786,genus,1.40717,Oscillibacter,ERR1073204
47265.0,33042,genus,0.796039,Coprococcus,ERR1073204
47265.0,577310,genus,0.755296,Parasutterella,ERR1073204
47265.0,283168,genus,0.64874,Odoribacter,ERR1073204
47265.0,841,genus,0.623668,Roseburia,ERR1073204
47265.0,1506553,genus,0.592328,Lachnoclostridium,ERR1073204
47265.0,1678,genus,0.470102,Bifidobacterium,ERR1073204
47265.0,44748,genus,0.325937,Sporobacter,ERR1073204
47265.0,1505663,genus,0.291463,Erysipelatoclostridium,ERR1073204
47265.0,244127,genus,0.275793,Anaerotruncus,ERR1073204
47265.0,39948,genus,0.225649,Dialister,ERR1073204
47265.0,904,genus,0.216247,Acidaminococcus,ERR1073204
47265.0,838,genus,0.191175,Prevotella,ERR1073204
47265.0,35832,genus,0.159835,Bilophila,ERR1073204
47265.0,1485,genus,0.128494,Clostridium,ERR1073204
47265.0,2132,genus,0.128494,Spiroplasma,ERR1073204
47265.0,172900,genus,0.12536,Victivallis,ERR1073204
47265.0,1386,genus,0.0971543,Bacillus,ERR1073204
47265.0,872,genus,0.0877523,Desulfovibrio,ERR1073204
47265.0,194,genus,0.0814843,Campylobacter,ERR1073204
47265.0,1716,genus,0.0689482,Corynebacterium,ERR1073204
47265.0,1578,genus,0.0658142,Lactobacillus,ERR1073204
47265.0,189330,genus,0.0564122,Dorea,ERR1073204
47265.0,1505657,genus,0.0564122,Intestinibacter,ERR1073204
47265.0,1200657,genus,0.0532782,Saccharofermentans,ERR1073204
47265.0,150022,genus,0.0532782,Finegoldia,ERR1073204
47265.0,165779,genus,0.0532782,Anaerococcus,ERR1073204
47265.0,41273,genus,0.0438761,Tissierella,ERR1073204
47265.0,2172,genus,0.0376081,Methanobrevibacter,ERR1073204
47265.0,724,genus,0.0250721,Haemophilus,ERR1073204
47265.0,2740,genus,0.0219381,Peptococcus,ERR1073204
47265.0,286,genus,0.0219381,Pseudomonas,ERR1073204
47265.0,162289,genus,0.0188041,Peptoniphilus,ERR1073204
47265.0,1573534,genus,0.0188041,Faecalitalea,ERR1073204
47265.0,207244,genus,0.0156701,Anaerostipes,ERR1073204
47265.0,1080709,genus,0.0156701,Methanomassiliicoccus,ERR1073204
47265.0,79206,genus,0.012536,Desulfosporosinus,ERR1073204
47265.0,508459,genus,0.012536,Cloacibacillus,ERR1073204
47265.0,61170,genus,0.012536,Holdemania,ERR1073204
47265.0,836,genus,0.012536,Porphyromonas,ERR1073204
47265.0,100175,genus,0.012536,Papillibacter,ERR1073204
47265.0,84111,genus,0.00940203,Eggerthella,ERR1073204
47265.0,442430,genus,0.00940203,Coraliomargarita,ERR1073204
47265.0,187144,genus,0.00940203,Caldithrix,ERR1073204
47265.0,1883,genus,0.00940203,Streptomyces,ERR1073204
47265.0,118747,genus,0.00626802,Bulleidia,ERR1073204
47265.0,1663,genus,0.00626802,Arthrobacter,ERR1073204
47265.0,2299,genus,0.00626802,Desulfosarcina,ERR1073204
47265.0,1301,genus,0.00626802,Streptococcus,ERR1073204
47265.0,233191,genus,0.00626802,Caldilinea,ERR1073204
47265.0,1279,genus,0.00626802,Staphylococcus,ERR1073204
47265.0,270497,genus,0.00626802,Catabacter,ERR1073204
47265.0,1813,genus,0.00313401,Amycolatopsis,ERR1073204
47265.0,13687,genus,0.00313401,Sphingomonas,ERR1073204
47265.0,146813,genus,0.00313401,Dendrosporobacter,ERR1073204
47265.0,44249,genus,0.00313401,Paenibacillus,ERR1073204
47265.0,830,genus,0.00313401,Butyrivibrio,ERR1073204
47265.0,2735,genus,0.00313401,Verrucomicrobium,ERR1073204
47265.0,929509,genus,0.00313401,Solitalea,ERR1073204
47265.0,59732,genus,0.00313401,Chryseobacterium,ERR1073204
47265.0,83660,genus,0.00313401,Desulfonispora,ERR1073204
47265.0,1827,genus,0.00313401,Rhodococcus,ERR1073204
47265.0,44261,genus,0.00313401,Oxobacter,ERR1073204
47265.0,586,genus,0.00313401,Providencia,ERR1073204
47265.0,577309,genus,0.00313401,Paraprevotella,ERR1073204
47265.0,846,genus,0.00313401,Oxalobacter,ERR1073204
47265.0,1471399,genus,0.00313401,Draconibacterium,ERR1073204
47265.0,233189,genus,0.00313401,Anaerolinea,ERR1073204
47265.0,375928,genus,0.00313401,Natranaerobius,ERR1073204
47265.0,862,genus,0.00313401,Syntrophomonas,ERR1073204
47265.0,1647,genus,0.00313401,Erysipelothrix,ERR1073204
47265.0,195950,genus,0.00313401,Tannerella,ERR1073204
47265.0,469,genus,0.00313401,Acinetobacter,ERR1073204
47265.0,795750,genus,0.00313401,Ignavibacterium,ERR1073204
47265.0,48463,genus,0.00313401,Prosthecobacter,ERR1073204
47265.0,364316,genus,0.00313401,Verminephrobacter,ERR1073204
,-1,genus,15.576,Unknown,ERR1073204
35736.0,1716,genus,29.0513,Corynebacterium,ERR1073205
35736.0,816,genus,14.6653,Bacteroides,ERR1073205
35736.0,216851,genus,14.098,Faecalibacterium,ERR1073205
35736.0,375288,genus,8.51996,Parabacteroides,ERR1073205
35736.0,1578,genus,4.85217,Lactobacillus,ERR1073205
35736.0,1279,genus,4.76988,Staphylococcus,ERR1073205
35736.0,239934,genus,2.81256,Akkermansia,ERR1073205
35736.0,904,genus,2.75378,Acidaminococcus,ERR1073205
35736.0,572511,genus,1.58114,Blautia,ERR1073205
35736.0,239759,genus,1.00217,Alistipes,ERR1073205
35736.0,459786,genus,0.611297,Oscillibacter,ERR1073205
35736.0,44748,genus,0.534885,Sporobacter,ERR1073205
35736.0,397864,genus,0.481984,Barnesiella,ERR1073205
35736.0,577309,genus,0.288015,Paraprevotella,ERR1073205
35736.0,1253,genus,0.249809,Pediococcus,ERR1073205
35736.0,1263,genus,0.24687,Ruminococcus,ERR1073205
35736.0,836,genus,0.211603,Porphyromonas,ERR1073205
35736.0,41273,genus,0.199847,Tissierella,ERR1073205
35736.0,872,genus,0.182214,Desulfovibrio,ERR1073205
35736.0,1485,genus,0.170458,Clostridium,ERR1073205
35736.0,1506553,genus,0.170458,Lachnoclostridium,ERR1073205
35736.0,1730,genus,0.161641,Eubacterium,ERR1073205
35736.0,1508657,genus,0.144008,Ruminiclostridium,ERR1073205
35736.0,1301,genus,0.129313,Streptococcus,ERR1073205
35736.0,189330,genus,0.111679,Dorea,ERR1073205
35736.0,1386,genus,0.102863,Bacillus,ERR1073205
35736.0,838,genus,0.08229,Prevotella,ERR1073205
35736.0,39948,genus,0.0734732,Dialister,ERR1073205
35736.0,2147,genus,0.0675954,Acholeplasma,ERR1073205
35736.0,1505663,genus,0.0617175,Erysipelatoclostridium,ERR1073205
35736.0,184869,genus,0.0470229,Varibaculum,ERR1073205
35736.0,1866885,genus,0.0470229,Mycobacterium fortuitum complex,ERR1073205
35736.0,841,genus,0.0440839,Roseburia,ERR1073205
35736.0,2172,genus,0.0264504,Methanobrevibacter,ERR1073205
35736.0,146813,genus,0.0235114,Dendrosporobacter,ERR1073205
35736.0,244127,genus,0.0205725,Anaerotruncus,ERR1073205
35736.0,165779,genus,0.0205725,Anaerococcus,ERR1073205
35736.0,1654,genus,0.0205725,Actinomyces,ERR1073205
35736.0,207244,genus,0.0205725,Anaerostipes,ERR1073205
35736.0,33042,genus,0.0205725,Coprococcus,ERR1073205
35736.0,194,genus,0.0176336,Campylobacter,ERR1073205
35736.0,82802,genus,0.0176336,Trichococcus,ERR1073205
35736.0,84111,genus,0.0176336,Eggerthella,ERR1073205
35736.0,1357,genus,0.0146946,Lactococcus,ERR1073205
35736.0,1827,genus,0.0146946,Rhodococcus,ERR1073205
35736.0,86331,genus,0.0146946,Mogibacterium,ERR1073205
35736.0,1350,genus,0.0146946,Enterococcus,ERR1073205
35736.0,644652,genus,0.0146946,Gordonibacter,ERR1073205
35736.0,1678,genus,0.0117557,Bifidobacterium,ERR1073205
35736.0,2701,genus,0.0117557,Gardnerella,ERR1073205
35736.0,270497,genus,0.00881679,Catabacter,ERR1073205
35736.0,2053,genus,0.00881679,Gordonia,ERR1073205
35736.0,162289,genus,0.00881679,Peptoniphilus,ERR1073205
35736.0,314318,genus,0.00881679,Prolixibacter,ERR1073205
35736.0,2050,genus,0.00587786,Mobiluncus,ERR1073205
35736.0,428711,genus,0.00587786,Jonquetella,ERR1073205
35736.0,28453,genus,0.00587786,Sphingobacterium,ERR1073205
35736.0,906,genus,0.00587786,Megasphaera,ERR1073205
35736.0,590,genus,0.00587786,Salmonella,ERR1073205
35736.0,1883,genus,0.00587786,Streptomyces,ERR1073205
35736.0,118747,genus,0.00587786,Bulleidia,ERR1073205
35736.0,150022,genus,0.00587786,Finegoldia,ERR1073205
35736.0,1243,genus,0.00587786,Leuconostoc,ERR1073205
35736.0,2152,genus,0.00293893,Asteroleplasma,ERR1073205
35736.0,2129,genus,0.00293893,Ureaplasma,ERR1073205
35736.0,689697,genus,0.00293893,Salisaeta,ERR1073205
35736.0,48463,genus,0.00293893,Prosthecobacter,ERR1073205
35736.0,2093,genus,0.00293893,Mycoplasma,ERR1073205
35736.0,140458,genus,0.00293893,Thermacetogenium,ERR1073205
35736.0,596499,genus,0.00293893,Nitriliruptor,ERR1073205
35736.0,79206,genus,0.00293893,Desulfosporosinus,ERR1073205
35736.0,1843210,genus,0.00293893,Anaerocolumna,ERR1073205
35736.0,2060,genus,0.00293893,Tsukamurella,ERR1073205
35736.0,990721,genus,0.00293893,Christensenella,ERR1073205
35736.0,638847,genus,0.00293893,Pyramidobacter,ERR1073205
35736.0,1279388,genus,0.00293893,Kandleria,ERR1073205
35736.0,55080,genus,0.00293893,Brevibacillus,ERR1073205
35736.0,1696,genus,0.00293893,Brevibacterium,ERR1073205
35736.0,233191,genus,0.00293893,Caldilinea,ERR1073205
35736.0,561,genus,0.00293893,Escherichia,ERR1073205
35736.0,45654,genus,0.00293893,Desulfonema,ERR1073205
35736.0,848,genus,0.00293893,Fusobacterium,ERR1073205
35736.0,795750,genus,0.00293893,Ignavibacterium,ERR1073205
35736.0,42255,genus,0.00293893,Rubrobacter,ERR1073205
35736.0,670486,genus,0.00293893,Dehalogenimonas,ERR1073205
35736.0,1763,genus,0.00293893,Mycobacterium,ERR1073205
35736.0,84567,genus,0.00293893,Pedobacter,ERR1073205
35736.0,286,genus,0.00293893,Pseudomonas,ERR1073205
35736.0,2735,genus,0.00293893,Verrucomicrobium,ERR1073205
35736.0,37914,genus,0.00293893,Dietzia,ERR1073205
35736.0,66831,genus,0.00293893,Facklamia,ERR1073205
,-1,genus,10.8623,Unknown,ERR1073205
35737.0,239934,genus,15.0811,Akkermansia,ERR1073206
35737.0,816,genus,5.93196,Bacteroides,ERR1073206
35737.0,1508657,genus,1.9912,Ruminiclostridium,ERR1073206
35737.0,216851,genus,0.85895,Faecalibacterium,ERR1073206
35737.0,1578,genus,0.720997,Lactobacillus,ERR1073206
35737.0,1357,genus,0.588251,Lactococcus,ERR1073206
35737.0,1485,genus,0.536193,Clostridium,ERR1073206
35737.0,375288,genus,0.484135,Parabacteroides,ERR1073206
35737.0,1263,genus,0.481533,Ruminococcus,ERR1073206
35737.0,239759,genus,0.471121,Alistipes,ERR1073206
35737.0,572511,genus,0.426872,Blautia,ERR1073206
35737.0,1573535,genus,0.309743,Holdemanella,ERR1073206
35737.0,838,genus,0.294125,Prevotella,ERR1073206
35737.0,459786,genus,0.283714,Oscillibacter,ERR1073206
35737.0,397864,genus,0.221245,Barnesiella,ERR1073206
35737.0,44748,genus,0.187407,Sporobacter,ERR1073206
35737.0,46255,genus,0.169187,Weissella,ERR1073206
35737.0,2172,genus,0.140555,Methanobrevibacter,ERR1073206
35737.0,1301,genus,0.0911008,Streptococcus,ERR1073206
35737.0,1505663,genus,0.0884979,Erysipelatoclostridium,ERR1073206
35737.0,118747,genus,0.0884979,Bulleidia,ERR1073206
35737.0,872,genus,0.0806892,Desulfovibrio,ERR1073206
35737.0,338,genus,0.0702777,Xanthomonas,ERR1073206
35737.0,561,genus,0.065072,Escherichia,ERR1073206
35737.0,990721,genus,0.0546605,Christensenella,ERR1073206
35737.0,86331,genus,0.0494547,Mogibacterium,ERR1073206
35737.0,1716,genus,0.0468518,Corynebacterium,ERR1073206
35737.0,1350,genus,0.0442489,Enterococcus,ERR1073206
35737.0,1506577,genus,0.0442489,Tyzzerella,ERR1073206
35737.0,1730,genus,0.0364403,Eubacterium,ERR1073206
35737.0,189330,genus,0.0364403,Dorea,ERR1073206
35737.0,1506553,genus,0.0338374,Lachnoclostridium,ERR1073206
35737.0,84111,genus,0.0286317,Eggerthella,ERR1073206
35737.0,577309,genus,0.0286317,Paraprevotella,ERR1073206
35737.0,1279,genus,0.0260288,Staphylococcus,ERR1073206
35737.0,648802,genus,0.0234259,Rummeliibacillus,ERR1073206
35737.0,2147,genus,0.020823,Acholeplasma,ERR1073206
35737.0,1678,genus,0.0182202,Bifidobacterium,ERR1073206
35737.0,283168,genus,0.0156173,Odoribacter,ERR1073206
35737.0,165779,genus,0.0156173,Anaerococcus,ERR1073206
35737.0,724,genus,0.0130144,Haemophilus,ERR1073206
35737.0,836,genus,0.0130144,Porphyromonas,ERR1073206
35737.0,2132,genus,0.0104115,Spiroplasma,ERR1073206
35737.0,590,genus,0.0104115,Salmonella,ERR1073206
35737.0,100175,genus,0.0104115,Papillibacter,ERR1073206
35737.0,41273,genus,0.0104115,Tissierella,ERR1073206
35737.0,1505657,genus,0.00780864,Intestinibacter,ERR1073206
35737.0,620,genus,0.00780864,Shigella,ERR1073206
35737.0,2735,genus,0.00780864,Verrucomicrobium,ERR1073206
35737.0,34037,genus,0.00780864,Rahnella,ERR1073206
35737.0,48463,genus,0.00780864,Prosthecobacter,ERR1073206
35737.0,80865,genus,0.00780864,Delftia,ERR1073206
35737.0,32207,genus,0.00780864,Rothia,ERR1073206
35737.0,33042,genus,0.00780864,Coprococcus,ERR1073206
35737.0,44249,genus,0.00520576,Paenibacillus,ERR1073206
35737.0,84108,genus,0.00520576,Slackia,ERR1073206
35737.0,1471399,genus,0.00520576,Draconibacterium,ERR1073206
35737.0,445,genus,0.00520576,Legionella,ERR1073206
35737.0,40323,genus,0.00520576,Stenotrophomonas,ERR1073206
35737.0,35832,genus,0.00520576,Bilophila,ERR1073206
35737.0,39948,genus,0.00520576,Dialister,ERR1073206
35737.0,195950,genus,0.00520576,Tannerella,ERR1073206
35737.0,286,genus,0.00520576,Pseudomonas,ERR1073206
35737.0,270497,genus,0.00520576,Catabacter,ERR1073206
35737.0,1654,genus,0.00520576,Actinomyces,ERR1073206
35737.0,244127,genus,0.00520576,Anaerotruncus,ERR1073206
35737.0,150022,genus,0.00260288,Finegoldia,ERR1073206
35737.0,642,genus,0.00260288,Aeromonas,ERR1073206
35737.0,579,genus,0.00260288,Kluyvera,ERR1073206
35737.0,586,genus,0.00260288,Providencia,ERR1073206
35737.0,82802,genus,0.00260288,Trichococcus,ERR1073206
35737.0,1253,genus,0.00260288,Pediococcus,ERR1073206
35737.0,84567,genus,0.00260288,Pedobacter,ERR1073206
35737.0,59753,genus,0.00260288,Alcanivorax,ERR1073206
35737.0,129577,genus,0.00260288,Oceanimonas,ERR1073206
35737.0,90243,genus,0.00260288,Oligella,ERR1073206
35737.0,33057,genus,0.00260288,Thauera,ERR1073206
35737.0,1243,genus,0.00260288,Leuconostoc,ERR1073206
35737.0,1827,genus,0.00260288,Rhodococcus,ERR1073206
35737.0,866673,genus,0.00260288,Marinifilum,ERR1073206
35737.0,830,genus,0.00260288,Butyrivibrio,ERR1073206
35737.0,79328,genus,0.00260288,Chitinophaga,ERR1073206
35737.0,1386,genus,0.00260288,Bacillus,ERR1073206
35737.0,416916,genus,0.00260288,Aggregatibacter,ERR1073206
35737.0,233189,genus,0.00260288,Anaerolinea,ERR1073206
35737.0,226,genus,0.00260288,Alteromonas,ERR1073206
35737.0,2742,genus,0.00260288,Marinobacter,ERR1073206
35737.0,2747,genus,0.00260288,Carnobacterium,ERR1073206
35737.0,508459,genus,0.00260288,Cloacibacillus,ERR1073206
35737.0,413496,genus,0.00260288,Cronobacter,ERR1073206
35737.0,670486,genus,0.00260288,Dehalogenimonas,ERR1073206
35737.0,518753,genus,0.00260288,Luteolibacter,ERR1073206
35737.0,898,genus,0.00260288,Desulfomicrobium,ERR1073206
35737.0,1030,genus,0.00260288,Thiothrix,ERR1073206
35737.0,61434,genus,0.00260288,Dehalococcoides,ERR1073206
35737.0,469,genus,0.00260288,Acinetobacter,ERR1073206
,-1,genus,69.4656,Unknown,ERR1073206
46548.0,239759,genus,2.04226,Alistipes,ERR1073268
46548.0,286,genus,1.48314,Pseudomonas,ERR1073268
46548.0,816,genus,1.44488,Bacteroides,ERR1073268
46548.0,1730,genus,1.12118,Eubacterium,ERR1073268
46548.0,239934,genus,0.797481,Akkermansia,ERR1073268
46548.0,1386,genus,0.50615,Bacillus,ERR1073268
46548.0,459786,genus,0.447296,Oscillibacter,ERR1073268
46548.0,1508657,genus,0.411983,Ruminiclostridium,ERR1073268
46548.0,216851,genus,0.332529,Faecalibacterium,ERR1073268
46548.0,1506553,genus,0.332529,Lachnoclostridium,ERR1073268
46548.0,572511,genus,0.303102,Blautia,ERR1073268
46548.0,375288,genus,0.294273,Parabacteroides,ERR1073268
46548.0,544,genus,0.191278,Citrobacter,ERR1073268
46548.0,35832,genus,0.158908,Bilophila,ERR1073268
46548.0,1301,genus,0.150079,Streptococcus,ERR1073268
46548.0,1505663,genus,0.120652,Erysipelatoclostridium,ERR1073268
46548.0,52784,genus,0.102996,Anaerofilum,ERR1073268
46548.0,400634,genus,0.0971102,Lysinibacillus,ERR1073268
46548.0,1663,genus,0.0912248,Arthrobacter,ERR1073268
46548.0,1263,genus,0.0794538,Ruminococcus,ERR1073268
46548.0,33042,genus,0.0735684,Coprococcus,ERR1073268
46548.0,244127,genus,0.0706256,Anaerotruncus,ERR1073268
46548.0,590,genus,0.0676829,Salmonella,ERR1073268
46548.0,841,genus,0.0500265,Roseburia,ERR1073268
46548.0,1485,genus,0.0353128,Clostridium,ERR1073268
46548.0,1678,genus,0.0294273,Bifidobacterium,ERR1073268
46548.0,469,genus,0.0235419,Acinetobacter,ERR1073268
46548.0,283168,genus,0.0205991,Odoribacter,ERR1073268
46548.0,84111,genus,0.0176564,Eggerthella,ERR1073268
46548.0,1350,genus,0.0147137,Enterococcus,ERR1073268
46548.0,44249,genus,0.0117709,Paenibacillus,ERR1073268
46548.0,838,genus,0.0117709,Prevotella,ERR1073268
46548.0,84406,genus,0.0088282,Virgibacillus,ERR1073268
46548.0,1378,genus,0.0088282,Gemella,ERR1073268
46548.0,570,genus,0.0088282,Klebsiella,ERR1073268
46548.0,189330,genus,0.0088282,Dorea,ERR1073268
46548.0,100883,genus,0.00588547,Coprobacillus,ERR1073268
46548.0,2747,genus,0.00588547,Carnobacterium,ERR1073268
46548.0,28231,genus,0.00588547,Geobacter,ERR1073268
46548.0,44748,genus,0.00588547,Sporobacter,ERR1073268
46548.0,1569,genus,0.00588547,Sporosarcina,ERR1073268
46548.0,561,genus,0.00588547,Escherichia,ERR1073268
46548.0,39948,genus,0.00588547,Dialister,ERR1073268
46548.0,61170,genus,0.00588547,Holdemania,ERR1073268
46548.0,644652,genus,0.00588547,Gordonibacter,ERR1073268
46548.0,1573534,genus,0.00294273,Faecalitalea,ERR1073268
46548.0,830,genus,0.00294273,Butyrivibrio,ERR1073268
46548.0,642,genus,0.00294273,Aeromonas,ERR1073268
46548.0,53335,genus,0.00294273,Pantoea,ERR1073268
46548.0,893,genus,0.00294273,Desulfobulbus,ERR1073268
46548.0,626,genus,0.00294273,Xenorhabdus,ERR1073268
46548.0,33986,genus,0.00294273,Exiguobacterium,ERR1073268
46548.0,583,genus,0.00294273,Proteus,ERR1073268
46548.0,2299,genus,0.00294273,Desulfosarcina,ERR1073268
46548.0,119977,genus,0.00294273,Acidithiobacillus,ERR1073268
46548.0,84565,genus,0.00294273,Sodalis,ERR1073268
46548.0,283,genus,0.00294273,Comamonas,ERR1073268
46548.0,28453,genus,0.00294273,Sphingobacterium,ERR1073268
46548.0,84567,genus,0.00294273,Pedobacter,ERR1073268
46548.0,29465,genus,0.00294273,Veillonella,ERR1073268
46548.0,1578,genus,0.00294273,Lactobacillus,ERR1073268
46548.0,133193,genus,0.00294273,Alkalilimnicola,ERR1073268
46548.0,1257,genus,0.00294273,Peptostreptococcus,ERR1073268
46548.0,508459,genus,0.00294273,Cloacibacillus,ERR1073268
46548.0,898,genus,0.00294273,Desulfomicrobium,ERR1073268
46548.0,82802,genus,0.00294273,Trichococcus,ERR1073268
46548.0,135575,genus,0.00294273,Idiomarina,ERR1073268
46548.0,872,genus,0.00294273,Desulfovibrio,ERR1073268
46548.0,117563,genus,0.00294273,Granulicatella,ERR1073268
46548.0,332248,genus,0.00294273,Truepera,ERR1073268
46548.0,1221880,genus,0.00294273,Psychrobacillus,ERR1073268
46548.0,581,genus,0.00294273,Morganella,ERR1073268
46548.0,233191,genus,0.00294273,Caldilinea,ERR1073268
46548.0,629,genus,0.00294273,Yersinia,ERR1073268
,-1,genus,88.8765,Unknown,ERR1073268
46548.0,239759,genus,2.04226,Alistipes,ERR1073268
46548.0,286,genus,1.48314,Pseudomonas,ERR1073268
46548.0,816,genus,1.44488,Bacteroides,ERR1073268
46548.0,1730,genus,1.12118,Eubacterium,ERR1073268
46548.0,239934,genus,0.797481,Akkermansia,ERR1073268
46548.0,1386,genus,0.50615,Bacillus,ERR1073268
46548.0,459786,genus,0.447296,Oscillibacter,ERR1073268
46548.0,1508657,genus,0.411983,Ruminiclostridium,ERR1073268
46548.0,216851,genus,0.332529,Faecalibacterium,ERR1073268
46548.0,1506553,genus,0.332529,Lachnoclostridium,ERR1073268
46548.0,572511,genus,0.303102,Blautia,ERR1073268
46548.0,375288,genus,0.294273,Parabacteroides,ERR1073268
46548.0,544,genus,0.191278,Citrobacter,ERR1073268
46548.0,35832,genus,0.158908,Bilophila,ERR1073268
46548.0,1301,genus,0.150079,Streptococcus,ERR1073268
46548.0,1505663,genus,0.120652,Erysipelatoclostridium,ERR1073268
46548.0,52784,genus,0.102996,Anaerofilum,ERR1073268
46548.0,400634,genus,0.0971102,Lysinibacillus,ERR1073268
46548.0,1663,genus,0.0912248,Arthrobacter,ERR1073268
46548.0,1263,genus,0.0794538,Ruminococcus,ERR1073268
46548.0,33042,genus,0.0735684,Coprococcus,ERR1073268
46548.0,244127,genus,0.0706256,Anaerotruncus,ERR1073268
46548.0,590,genus,0.0676829,Salmonella,ERR1073268
46548.0,841,genus,0.0500265,Roseburia,ERR1073268
46548.0,1485,genus,0.0353128,Clostridium,ERR1073268
46548.0,1678,genus,0.0294273,Bifidobacterium,ERR1073268
46548.0,469,genus,0.0235419,Acinetobacter,ERR1073268
46548.0,283168,genus,0.0205991,Odoribacter,ERR1073268
46548.0,84111,genus,0.0176564,Eggerthella,ERR1073268
46548.0,1350,genus,0.0147137,Enterococcus,ERR1073268
46548.0,44249,genus,0.0117709,Paenibacillus,ERR1073268
46548.0,838,genus,0.0117709,Prevotella,ERR1073268
46548.0,570,genus,0.0088282,Klebsiella,ERR1073268
46548.0,189330,genus,0.0088282,Dorea,ERR1073268
46548.0,84406,genus,0.0088282,Virgibacillus,ERR1073268
46548.0,1378,genus,0.0088282,Gemella,ERR1073268
46548.0,44748,genus,0.00588547,Sporobacter,ERR1073268
46548.0,1569,genus,0.00588547,Sporosarcina,ERR1073268
46548.0,39948,genus,0.00588547,Dialister,ERR1073268
46548.0,561,genus,0.00588547,Escherichia,ERR1073268
46548.0,61170,genus,0.00588547,Holdemania,ERR1073268
46548.0,644652,genus,0.00588547,Gordonibacter,ERR1073268
46548.0,2747,genus,0.00588547,Carnobacterium,ERR1073268
46548.0,100883,genus,0.00588547,Coprobacillus,ERR1073268
46548.0,28231,genus,0.00588547,Geobacter,ERR1073268
46548.0,893,genus,0.00294273,Desulfobulbus,ERR1073268
46548.0,53335,genus,0.00294273,Pantoea,ERR1073268
46548.0,626,genus,0.00294273,Xenorhabdus,ERR1073268
46548.0,583,genus,0.00294273,Proteus,ERR1073268
46548.0,33986,genus,0.00294273,Exiguobacterium,ERR1073268
46548.0,119977,genus,0.00294273,Acidithiobacillus,ERR1073268
46548.0,84565,genus,0.00294273,Sodalis,ERR1073268
46548.0,2299,genus,0.00294273,Desulfosarcina,ERR1073268
46548.0,28453,genus,0.00294273,Sphingobacterium,ERR1073268
46548.0,84567,genus,0.00294273,Pedobacter,ERR1073268
46548.0,283,genus,0.00294273,Comamonas,ERR1073268
46548.0,29465,genus,0.00294273,Veillonella,ERR1073268
46548.0,133193,genus,0.00294273,Alkalilimnicola,ERR1073268
46548.0,1578,genus,0.00294273,Lactobacillus,ERR1073268
46548.0,508459,genus,0.00294273,Cloacibacillus,ERR1073268
46548.0,898,genus,0.00294273,Desulfomicrobium,ERR1073268
46548.0,1257,genus,0.00294273,Peptostreptococcus,ERR1073268
46548.0,872,genus,0.00294273,Desulfovibrio,ERR1073268
46548.0,82802,genus,0.00294273,Trichococcus,ERR1073268
46548.0,135575,genus,0.00294273,Idiomarina,ERR1073268
46548.0,332248,genus,0.00294273,Truepera,ERR1073268
46548.0,117563,genus,0.00294273,Granulicatella,ERR1073268
46548.0,581,genus,0.00294273,Morganella,ERR1073268
46548.0,1221880,genus,0.00294273,Psychrobacillus,ERR1073268
46548.0,629,genus,0.00294273,Yersinia,ERR1073268
46548.0,233191,genus,0.00294273,Caldilinea,ERR1073268
46548.0,1573534,genus,0.00294273,Faecalitalea,ERR1073268
46548.0,642,genus,0.00294273,Aeromonas,ERR1073268
46548.0,830,genus,0.00294273,Butyrivibrio,ERR1073268
,-1,genus,88.8765,Unknown,ERR1073268
46576.0,239934,genus,18.2631,Akkermansia,ERR1073318
46576.0,816,genus,4.01044,Bacteroides,ERR1073318
46576.0,1506553,genus,3.66505,Lachnoclostridium,ERR1073318
46576.0,375288,genus,2.29345,Parabacteroides,ERR1073318
46576.0,35832,genus,0.213691,Bilophila,ERR1073318
46576.0,848,genus,0.196298,Fusobacterium,ERR1073318
46576.0,904,genus,0.159026,Acidaminococcus,ERR1073318
46576.0,1505663,genus,0.139148,Erysipelatoclostridium,ERR1073318
46576.0,29465,genus,0.126724,Veillonella,ERR1073318
46576.0,561,genus,0.0993912,Escherichia,ERR1073318
46576.0,872,genus,0.0894521,Desulfovibrio,ERR1073318
46576.0,1301,genus,0.0819978,Streptococcus,ERR1073318
46576.0,1678,genus,0.0447261,Bifidobacterium,ERR1073318
46576.0,216851,genus,0.0372717,Faecalibacterium,ERR1073318
46576.0,286,genus,0.0248478,Pseudomonas,ERR1073318
46576.0,838,genus,0.0248478,Prevotella,ERR1073318
46576.0,1350,genus,0.0173935,Enterococcus,ERR1073318
46576.0,102106,genus,0.0149087,Collinsella,ERR1073318
46576.0,590,genus,0.0149087,Salmonella,ERR1073318
46576.0,620,genus,0.0124239,Shigella,ERR1073318
46576.0,572511,genus,0.0124239,Blautia,ERR1073318
46576.0,239759,genus,0.00993912,Alistipes,ERR1073318
46576.0,1505657,genus,0.00993912,Intestinibacter,ERR1073318
46576.0,1578,genus,0.00993912,Lactobacillus,ERR1073318
46576.0,642,genus,0.00993912,Aeromonas,ERR1073318
46576.0,2299,genus,0.00745434,Desulfosarcina,ERR1073318
46576.0,165779,genus,0.00745434,Anaerococcus,ERR1073318
46576.0,1485,genus,0.00745434,Clostridium,ERR1073318
46576.0,2735,genus,0.00745434,Verrucomicrobium,ERR1073318
46576.0,1730,genus,0.00496956,Eubacterium,ERR1073318
46576.0,135575,genus,0.00496956,Idiomarina,ERR1073318
46576.0,39948,genus,0.00496956,Dialister,ERR1073318
46576.0,84567,genus,0.00496956,Pedobacter,ERR1073318
46576.0,207244,genus,0.00496956,Anaerostipes,ERR1073318
46576.0,34037,genus,0.00496956,Rahnella,ERR1073318
46576.0,469,genus,0.00496956,Acinetobacter,ERR1073318
46576.0,1508657,genus,0.00496956,Ruminiclostridium,ERR1073318
46576.0,898,genus,0.00248478,Desulfomicrobium,ERR1073318
46576.0,570,genus,0.00248478,Klebsiella,ERR1073318
46576.0,167639,genus,0.00248478,Ilyobacter,ERR1073318
46576.0,397864,genus,0.00248478,Barnesiella,ERR1073318
46576.0,48463,genus,0.00248478,Prosthecobacter,ERR1073318
46576.0,626,genus,0.00248478,Xenorhabdus,ERR1073318
46576.0,51228,genus,0.00248478,Wigglesworthia,ERR1073318
46576.0,180541,genus,0.00248478,Salinisphaera,ERR1073318
46576.0,37817,genus,0.00248478,Desulfuromusa,ERR1073318
46576.0,32207,genus,0.00248478,Rothia,ERR1073318
46576.0,2742,genus,0.00248478,Marinobacter,ERR1073318
46576.0,226,genus,0.00248478,Alteromonas,ERR1073318
46576.0,53335,genus,0.00248478,Pantoea,ERR1073318
46576.0,40323,genus,0.00248478,Stenotrophomonas,ERR1073318
46576.0,40222,genus,0.00248478,Methylophaga,ERR1073318
46576.0,172900,genus,0.00248478,Victivallis,ERR1073318
46576.0,1386,genus,0.00248478,Bacillus,ERR1073318
46576.0,13275,genus,0.00248478,Suttonella,ERR1073318
46576.0,18,genus,0.00248478,Pelobacter,ERR1073318
46576.0,28453,genus,0.00248478,Sphingobacterium,ERR1073318
46576.0,233189,genus,0.00248478,Anaerolinea,ERR1073318
46576.0,724,genus,0.00248478,Haemophilus,ERR1073318
46576.0,40544,genus,0.00248478,Sutterella,ERR1073318
,-1,genus,70.2199,Unknown,ERR1073318
46576.0,239934,genus,18.2631,Akkermansia,ERR1073318
46576.0,816,genus,4.01044,Bacteroides,ERR1073318
46576.0,1506553,genus,3.66505,Lachnoclostridium,ERR1073318
46576.0,375288,genus,2.29345,Parabacteroides,ERR1073318
46576.0,35832,genus,0.213691,Bilophila,ERR1073318
46576.0,848,genus,0.196298,Fusobacterium,ERR1073318
46576.0,904,genus,0.159026,Acidaminococcus,ERR1073318
46576.0,1505663,genus,0.139148,Erysipelatoclostridium,ERR1073318
46576.0,29465,genus,0.126724,Veillonella,ERR1073318
46576.0,561,genus,0.0993912,Escherichia,ERR1073318
46576.0,872,genus,0.0894521,Desulfovibrio,ERR1073318
46576.0,1301,genus,0.0819978,Streptococcus,ERR1073318
46576.0,1678,genus,0.0447261,Bifidobacterium,ERR1073318
46576.0,216851,genus,0.0372717,Faecalibacterium,ERR1073318
46576.0,286,genus,0.0248478,Pseudomonas,ERR1073318
46576.0,838,genus,0.0248478,Prevotella,ERR1073318
46576.0,1350,genus,0.0173935,Enterococcus,ERR1073318
46576.0,102106,genus,0.0149087,Collinsella,ERR1073318
46576.0,590,genus,0.0149087,Salmonella,ERR1073318
46576.0,572511,genus,0.0124239,Blautia,ERR1073318
46576.0,620,genus,0.0124239,Shigella,ERR1073318
46576.0,239759,genus,0.00993912,Alistipes,ERR1073318
46576.0,1505657,genus,0.00993912,Intestinibacter,ERR1073318
46576.0,1578,genus,0.00993912,Lactobacillus,ERR1073318
46576.0,642,genus,0.00993912,Aeromonas,ERR1073318
46576.0,165779,genus,0.00745434,Anaerococcus,ERR1073318
46576.0,1485,genus,0.00745434,Clostridium,ERR1073318
46576.0,2735,genus,0.00745434,Verrucomicrobium,ERR1073318
46576.0,2299,genus,0.00745434,Desulfosarcina,ERR1073318
46576.0,135575,genus,0.00496956,Idiomarina,ERR1073318
46576.0,39948,genus,0.00496956,Dialister,ERR1073318
46576.0,84567,genus,0.00496956,Pedobacter,ERR1073318
46576.0,207244,genus,0.00496956,Anaerostipes,ERR1073318
46576.0,34037,genus,0.00496956,Rahnella,ERR1073318
46576.0,469,genus,0.00496956,Acinetobacter,ERR1073318
46576.0,1508657,genus,0.00496956,Ruminiclostridium,ERR1073318
46576.0,1730,genus,0.00496956,Eubacterium,ERR1073318
46576.0,397864,genus,0.00248478,Barnesiella,ERR1073318
46576.0,48463,genus,0.00248478,Prosthecobacter,ERR1073318
46576.0,626,genus,0.00248478,Xenorhabdus,ERR1073318
46576.0,51228,genus,0.00248478,Wigglesworthia,ERR1073318
46576.0,180541,genus,0.00248478,Salinisphaera,ERR1073318
46576.0,37817,genus,0.00248478,Desulfuromusa,ERR1073318
46576.0,32207,genus,0.00248478,Rothia,ERR1073318
46576.0,2742,genus,0.00248478,Marinobacter,ERR1073318
46576.0,226,genus,0.00248478,Alteromonas,ERR1073318
46576.0,53335,genus,0.00248478,Pantoea,ERR1073318
46576.0,40323,genus,0.00248478,Stenotrophomonas,ERR1073318
46576.0,40222,genus,0.00248478,Methylophaga,ERR1073318
46576.0,172900,genus,0.00248478,Victivallis,ERR1073318
46576.0,1386,genus,0.00248478,Bacillus,ERR1073318
46576.0,13275,genus,0.00248478,Suttonella,ERR1073318
46576.0,18,genus,0.00248478,Pelobacter,ERR1073318
46576.0,28453,genus,0.00248478,Sphingobacterium,ERR1073318
46576.0,233189,genus,0.00248478,Anaerolinea,ERR1073318
46576.0,724,genus,0.00248478,Haemophilus,ERR1073318
46576.0,40544,genus,0.00248478,Sutterella,ERR1073318
46576.0,898,genus,0.00248478,Desulfomicrobium,ERR1073318
46576.0,570,genus,0.00248478,Klebsiella,ERR1073318
46576.0,167639,genus,0.00248478,Ilyobacter,ERR1073318
,-1,genus,70.2199,Unknown,ERR1073318
46576.0,239934,genus,18.2631,Akkermansia,ERR1073318
46576.0,816,genus,4.01044,Bacteroides,ERR1073318
46576.0,1506553,genus,3.66505,Lachnoclostridium,ERR1073318
46576.0,375288,genus,2.29345,Parabacteroides,ERR1073318
46576.0,35832,genus,0.213691,Bilophila,ERR1073318
46576.0,848,genus,0.196298,Fusobacterium,ERR1073318
46576.0,904,genus,0.159026,Acidaminococcus,ERR1073318
46576.0,1505663,genus,0.139148,Erysipelatoclostridium,ERR1073318
46576.0,29465,genus,0.126724,Veillonella,ERR1073318
46576.0,561,genus,0.0993912,Escherichia,ERR1073318
46576.0,872,genus,0.0894521,Desulfovibrio,ERR1073318
46576.0,1301,genus,0.0819978,Streptococcus,ERR1073318
46576.0,1678,genus,0.0447261,Bifidobacterium,ERR1073318
46576.0,216851,genus,0.0372717,Faecalibacterium,ERR1073318
46576.0,286,genus,0.0248478,Pseudomonas,ERR1073318
46576.0,838,genus,0.0248478,Prevotella,ERR1073318
46576.0,1350,genus,0.0173935,Enterococcus,ERR1073318
46576.0,102106,genus,0.0149087,Collinsella,ERR1073318
46576.0,590,genus,0.0149087,Salmonella,ERR1073318
46576.0,620,genus,0.0124239,Shigella,ERR1073318
46576.0,572511,genus,0.0124239,Blautia,ERR1073318
46576.0,642,genus,0.00993912,Aeromonas,ERR1073318
46576.0,239759,genus,0.00993912,Alistipes,ERR1073318
46576.0,1505657,genus,0.00993912,Intestinibacter,ERR1073318
46576.0,1578,genus,0.00993912,Lactobacillus,ERR1073318
46576.0,2299,genus,0.00745434,Desulfosarcina,ERR1073318
46576.0,165779,genus,0.00745434,Anaerococcus,ERR1073318
46576.0,1485,genus,0.00745434,Clostridium,ERR1073318
46576.0,2735,genus,0.00745434,Verrucomicrobium,ERR1073318
46576.0,1508657,genus,0.00496956,Ruminiclostridium,ERR1073318
46576.0,1730,genus,0.00496956,Eubacterium,ERR1073318
46576.0,135575,genus,0.00496956,Idiomarina,ERR1073318
46576.0,39948,genus,0.00496956,Dialister,ERR1073318
46576.0,84567,genus,0.00496956,Pedobacter,ERR1073318
46576.0,207244,genus,0.00496956,Anaerostipes,ERR1073318
46576.0,34037,genus,0.00496956,Rahnella,ERR1073318
46576.0,469,genus,0.00496956,Acinetobacter,ERR1073318
46576.0,40544,genus,0.00248478,Sutterella,ERR1073318
46576.0,898,genus,0.00248478,Desulfomicrobium,ERR1073318
46576.0,570,genus,0.00248478,Klebsiella,ERR1073318
46576.0,167639,genus,0.00248478,Ilyobacter,ERR1073318
46576.0,397864,genus,0.00248478,Barnesiella,ERR1073318
46576.0,48463,genus,0.00248478,Prosthecobacter,ERR1073318
46576.0,626,genus,0.00248478,Xenorhabdus,ERR1073318
46576.0,51228,genus,0.00248478,Wigglesworthia,ERR1073318
46576.0,180541,genus,0.00248478,Salinisphaera,ERR1073318
46576.0,37817,genus,0.00248478,Desulfuromusa,ERR1073318
46576.0,32207,genus,0.00248478,Rothia,ERR1073318
46576.0,2742,genus,0.00248478,Marinobacter,ERR1073318
46576.0,226,genus,0.00248478,Alteromonas,ERR1073318
46576.0,53335,genus,0.00248478,Pantoea,ERR1073318
46576.0,40323,genus,0.00248478,Stenotrophomonas,ERR1073318
46576.0,40222,genus,0.00248478,Methylophaga,ERR1073318
46576.0,172900,genus,0.00248478,Victivallis,ERR1073318
46576.0,1386,genus,0.00248478,Bacillus,ERR1073318
46576.0,13275,genus,0.00248478,Suttonella,ERR1073318
46576.0,18,genus,0.00248478,Pelobacter,ERR1073318
46576.0,28453,genus,0.00248478,Sphingobacterium,ERR1073318
46576.0,233189,genus,0.00248478,Anaerolinea,ERR1073318
46576.0,724,genus,0.00248478,Haemophilus,ERR1073318
,-1,genus,70.2199,Unknown,ERR1073318
46576.0,239934,genus,18.2631,Akkermansia,ERR1073318
46576.0,816,genus,4.01044,Bacteroides,ERR1073318
46576.0,1506553,genus,3.66505,Lachnoclostridium,ERR1073318
46576.0,375288,genus,2.29345,Parabacteroides,ERR1073318
46576.0,35832,genus,0.213691,Bilophila,ERR1073318
46576.0,848,genus,0.196298,Fusobacterium,ERR1073318
46576.0,904,genus,0.159026,Acidaminococcus,ERR1073318
46576.0,1505663,genus,0.139148,Erysipelatoclostridium,ERR1073318
46576.0,29465,genus,0.126724,Veillonella,ERR1073318
46576.0,561,genus,0.0993912,Escherichia,ERR1073318
46576.0,872,genus,0.0894521,Desulfovibrio,ERR1073318
46576.0,1301,genus,0.0819978,Streptococcus,ERR1073318
46576.0,1678,genus,0.0447261,Bifidobacterium,ERR1073318
46576.0,216851,genus,0.0372717,Faecalibacterium,ERR1073318
46576.0,838,genus,0.0248478,Prevotella,ERR1073318
46576.0,286,genus,0.0248478,Pseudomonas,ERR1073318
46576.0,1350,genus,0.0173935,Enterococcus,ERR1073318
46576.0,102106,genus,0.0149087,Collinsella,ERR1073318
46576.0,590,genus,0.0149087,Salmonella,ERR1073318
46576.0,572511,genus,0.0124239,Blautia,ERR1073318
46576.0,620,genus,0.0124239,Shigella,ERR1073318
46576.0,1578,genus,0.00993912,Lactobacillus,ERR1073318
46576.0,642,genus,0.00993912,Aeromonas,ERR1073318
46576.0,239759,genus,0.00993912,Alistipes,ERR1073318
46576.0,1505657,genus,0.00993912,Intestinibacter,ERR1073318
46576.0,2299,genus,0.00745434,Desulfosarcina,ERR1073318
46576.0,165779,genus,0.00745434,Anaerococcus,ERR1073318
46576.0,1485,genus,0.00745434,Clostridium,ERR1073318
46576.0,2735,genus,0.00745434,Verrucomicrobium,ERR1073318
46576.0,34037,genus,0.00496956,Rahnella,ERR1073318
46576.0,469,genus,0.00496956,Acinetobacter,ERR1073318
46576.0,1508657,genus,0.00496956,Ruminiclostridium,ERR1073318
46576.0,1730,genus,0.00496956,Eubacterium,ERR1073318
46576.0,135575,genus,0.00496956,Idiomarina,ERR1073318
46576.0,39948,genus,0.00496956,Dialister,ERR1073318
46576.0,84567,genus,0.00496956,Pedobacter,ERR1073318
46576.0,207244,genus,0.00496956,Anaerostipes,ERR1073318
46576.0,28453,genus,0.00248478,Sphingobacterium,ERR1073318
46576.0,233189,genus,0.00248478,Anaerolinea,ERR1073318
46576.0,724,genus,0.00248478,Haemophilus,ERR1073318
46576.0,40544,genus,0.00248478,Sutterella,ERR1073318
46576.0,898,genus,0.00248478,Desulfomicrobium,ERR1073318
46576.0,570,genus,0.00248478,Klebsiella,ERR1073318
46576.0,167639,genus,0.00248478,Ilyobacter,ERR1073318
46576.0,397864,genus,0.00248478,Barnesiella,ERR1073318
46576.0,48463,genus,0.00248478,Prosthecobacter,ERR1073318
46576.0,626,genus,0.00248478,Xenorhabdus,ERR1073318
46576.0,51228,genus,0.00248478,Wigglesworthia,ERR1073318
46576.0,180541,genus,0.00248478,Salinisphaera,ERR1073318
46576.0,37817,genus,0.00248478,Desulfuromusa,ERR1073318
46576.0,32207,genus,0.00248478,Rothia,ERR1073318
46576.0,2742,genus,0.00248478,Marinobacter,ERR1073318
46576.0,226,genus,0.00248478,Alteromonas,ERR1073318
46576.0,53335,genus,0.00248478,Pantoea,ERR1073318
46576.0,40323,genus,0.00248478,Stenotrophomonas,ERR1073318
46576.0,40222,genus,0.00248478,Methylophaga,ERR1073318
46576.0,172900,genus,0.00248478,Victivallis,ERR1073318
46576.0,1386,genus,0.00248478,Bacillus,ERR1073318
46576.0,13275,genus,0.00248478,Suttonella,ERR1073318
46576.0,18,genus,0.00248478,Pelobacter,ERR1073318
,-1,genus,70.2199,Unknown,ERR1073318
46576.0,239934,genus,18.2631,Akkermansia,ERR1073318
46576.0,816,genus,4.01044,Bacteroides,ERR1073318
46576.0,1506553,genus,3.66505,Lachnoclostridium,ERR1073318
46576.0,375288,genus,2.29345,Parabacteroides,ERR1073318
46576.0,35832,genus,0.213691,Bilophila,ERR1073318
46576.0,848,genus,0.196298,Fusobacterium,ERR1073318
46576.0,904,genus,0.159026,Acidaminococcus,ERR1073318
46576.0,1505663,genus,0.139148,Erysipelatoclostridium,ERR1073318
46576.0,29465,genus,0.126724,Veillonella,ERR1073318
46576.0,561,genus,0.0993912,Escherichia,ERR1073318
46576.0,872,genus,0.0894521,Desulfovibrio,ERR1073318
46576.0,1301,genus,0.0819978,Streptococcus,ERR1073318
46576.0,1678,genus,0.0447261,Bifidobacterium,ERR1073318
46576.0,216851,genus,0.0372717,Faecalibacterium,ERR1073318
46576.0,286,genus,0.0248478,Pseudomonas,ERR1073318
46576.0,838,genus,0.0248478,Prevotella,ERR1073318
46576.0,1350,genus,0.0173935,Enterococcus,ERR1073318
46576.0,590,genus,0.0149087,Salmonella,ERR1073318
46576.0,102106,genus,0.0149087,Collinsella,ERR1073318
46576.0,572511,genus,0.0124239,Blautia,ERR1073318
46576.0,620,genus,0.0124239,Shigella,ERR1073318
46576.0,239759,genus,0.00993912,Alistipes,ERR1073318
46576.0,1505657,genus,0.00993912,Intestinibacter,ERR1073318
46576.0,1578,genus,0.00993912,Lactobacillus,ERR1073318
46576.0,642,genus,0.00993912,Aeromonas,ERR1073318
46576.0,1485,genus,0.00745434,Clostridium,ERR1073318
46576.0,2735,genus,0.00745434,Verrucomicrobium,ERR1073318
46576.0,2299,genus,0.00745434,Desulfosarcina,ERR1073318
46576.0,165779,genus,0.00745434,Anaerococcus,ERR1073318
46576.0,39948,genus,0.00496956,Dialister,ERR1073318
46576.0,84567,genus,0.00496956,Pedobacter,ERR1073318
46576.0,207244,genus,0.00496956,Anaerostipes,ERR1073318
46576.0,34037,genus,0.00496956,Rahnella,ERR1073318
46576.0,469,genus,0.00496956,Acinetobacter,ERR1073318
46576.0,1508657,genus,0.00496956,Ruminiclostridium,ERR1073318
46576.0,1730,genus,0.00496956,Eubacterium,ERR1073318
46576.0,135575,genus,0.00496956,Idiomarina,ERR1073318
46576.0,226,genus,0.00248478,Alteromonas,ERR1073318
46576.0,53335,genus,0.00248478,Pantoea,ERR1073318
46576.0,40323,genus,0.00248478,Stenotrophomonas,ERR1073318
46576.0,40222,genus,0.00248478,Methylophaga,ERR1073318
46576.0,172900,genus,0.00248478,Victivallis,ERR1073318
46576.0,1386,genus,0.00248478,Bacillus,ERR1073318
46576.0,13275,genus,0.00248478,Suttonella,ERR1073318
46576.0,18,genus,0.00248478,Pelobacter,ERR1073318
46576.0,28453,genus,0.00248478,Sphingobacterium,ERR1073318
46576.0,233189,genus,0.00248478,Anaerolinea,ERR1073318
46576.0,724,genus,0.00248478,Haemophilus,ERR1073318
46576.0,40544,genus,0.00248478,Sutterella,ERR1073318
46576.0,898,genus,0.00248478,Desulfomicrobium,ERR1073318
46576.0,570,genus,0.00248478,Klebsiella,ERR1073318
46576.0,167639,genus,0.00248478,Ilyobacter,ERR1073318
46576.0,397864,genus,0.00248478,Barnesiella,ERR1073318
46576.0,48463,genus,0.00248478,Prosthecobacter,ERR1073318
46576.0,626,genus,0.00248478,Xenorhabdus,ERR1073318
46576.0,51228,genus,0.00248478,Wigglesworthia,ERR1073318
46576.0,180541,genus,0.00248478,Salinisphaera,ERR1073318
46576.0,37817,genus,0.00248478,Desulfuromusa,ERR1073318
46576.0,32207,genus,0.00248478,Rothia,ERR1073318
46576.0,2742,genus,0.00248478,Marinobacter,ERR1073318
,-1,genus,70.2199,Unknown,ERR1073318
46576.0,239934,genus,18.2631,Akkermansia,ERR1073318
46576.0,816,genus,4.01044,Bacteroides,ERR1073318
46576.0,1506553,genus,3.66505,Lachnoclostridium,ERR1073318
46576.0,375288,genus,2.29345,Parabacteroides,ERR1073318
46576.0,35832,genus,0.213691,Bilophila,ERR1073318
46576.0,848,genus,0.196298,Fusobacterium,ERR1073318
46576.0,904,genus,0.159026,Acidaminococcus,ERR1073318
46576.0,1505663,genus,0.139148,Erysipelatoclostridium,ERR1073318
46576.0,29465,genus,0.126724,Veillonella,ERR1073318
46576.0,561,genus,0.0993912,Escherichia,ERR1073318
46576.0,872,genus,0.0894521,Desulfovibrio,ERR1073318
46576.0,1301,genus,0.0819978,Streptococcus,ERR1073318
46576.0,1678,genus,0.0447261,Bifidobacterium,ERR1073318
46576.0,216851,genus,0.0372717,Faecalibacterium,ERR1073318
46576.0,286,genus,0.0248478,Pseudomonas,ERR1073318
46576.0,838,genus,0.0248478,Prevotella,ERR1073318
46576.0,1350,genus,0.0173935,Enterococcus,ERR1073318
46576.0,102106,genus,0.0149087,Collinsella,ERR1073318
46576.0,590,genus,0.0149087,Salmonella,ERR1073318
46576.0,620,genus,0.0124239,Shigella,ERR1073318
46576.0,572511,genus,0.0124239,Blautia,ERR1073318
46576.0,642,genus,0.00993912,Aeromonas,ERR1073318
46576.0,239759,genus,0.00993912,Alistipes,ERR1073318
46576.0,1505657,genus,0.00993912,Intestinibacter,ERR1073318
46576.0,1578,genus,0.00993912,Lactobacillus,ERR1073318
46576.0,2299,genus,0.00745434,Desulfosarcina,ERR1073318
46576.0,165779,genus,0.00745434,Anaerococcus,ERR1073318
46576.0,1485,genus,0.00745434,Clostridium,ERR1073318
46576.0,2735,genus,0.00745434,Verrucomicrobium,ERR1073318
46576.0,469,genus,0.00496956,Acinetobacter,ERR1073318
46576.0,1508657,genus,0.00496956,Ruminiclostridium,ERR1073318
46576.0,1730,genus,0.00496956,Eubacterium,ERR1073318
46576.0,135575,genus,0.00496956,Idiomarina,ERR1073318
46576.0,39948,genus,0.00496956,Dialister,ERR1073318
46576.0,84567,genus,0.00496956,Pedobacter,ERR1073318
46576.0,207244,genus,0.00496956,Anaerostipes,ERR1073318
46576.0,34037,genus,0.00496956,Rahnella,ERR1073318
46576.0,724,genus,0.00248478,Haemophilus,ERR1073318
46576.0,40544,genus,0.00248478,Sutterella,ERR1073318
46576.0,898,genus,0.00248478,Desulfomicrobium,ERR1073318
46576.0,570,genus,0.00248478,Klebsiella,ERR1073318
46576.0,167639,genus,0.00248478,Ilyobacter,ERR1073318
46576.0,397864,genus,0.00248478,Barnesiella,ERR1073318
46576.0,48463,genus,0.00248478,Prosthecobacter,ERR1073318
46576.0,626,genus,0.00248478,Xenorhabdus,ERR1073318
46576.0,51228,genus,0.00248478,Wigglesworthia,ERR1073318
46576.0,180541,genus,0.00248478,Salinisphaera,ERR1073318
46576.0,37817,genus,0.00248478,Desulfuromusa,ERR1073318
46576.0,32207,genus,0.00248478,Rothia,ERR1073318
46576.0,2742,genus,0.00248478,Marinobacter,ERR1073318
46576.0,226,genus,0.00248478,Alteromonas,ERR1073318
46576.0,53335,genus,0.00248478,Pantoea,ERR1073318
46576.0,40323,genus,0.00248478,Stenotrophomonas,ERR1073318
46576.0,40222,genus,0.00248478,Methylophaga,ERR1073318
46576.0,172900,genus,0.00248478,Victivallis,ERR1073318
46576.0,1386,genus,0.00248478,Bacillus,ERR1073318
46576.0,13275,genus,0.00248478,Suttonella,ERR1073318
46576.0,18,genus,0.00248478,Pelobacter,ERR1073318
46576.0,28453,genus,0.00248478,Sphingobacterium,ERR1073318
46576.0,233189,genus,0.00248478,Anaerolinea,ERR1073318
,-1,genus,70.2199,Unknown,ERR1073318
34039.0,816,genus,69.7341,Bacteroides,ERR1073394
34039.0,216851,genus,9.07212,Faecalibacterium,ERR1073394
34039.0,239759,genus,6.11698,Alistipes,ERR1073394
34039.0,375288,genus,1.81953,Parabacteroides,ERR1073394
34039.0,841,genus,1.43674,Roseburia,ERR1073394
34039.0,577310,genus,1.37294,Parasutterella,ERR1073394
34039.0,459786,genus,1.253,Oscillibacter,ERR1073394
34039.0,904,genus,1.1203,Acidaminococcus,ERR1073394
34039.0,283168,genus,0.604808,Odoribacter,ERR1073394
34039.0,1506553,genus,0.597152,Lachnoclostridium,ERR1073394
34039.0,1730,genus,0.44914,Eubacterium,ERR1073394
34039.0,1678,genus,0.375134,Bifidobacterium,ERR1073394
34039.0,572511,genus,0.349615,Blautia,ERR1073394
34039.0,1263,genus,0.247537,Ruminococcus,ERR1073394
34039.0,35832,genus,0.234778,Bilophila,ERR1073394
34039.0,1508657,genus,0.165876,Ruminiclostridium,ERR1073394
34039.0,1505663,genus,0.150564,Erysipelatoclostridium,ERR1073394
34039.0,61170,genus,0.119941,Holdemania,ERR1073394
34039.0,838,genus,0.117389,Prevotella,ERR1073394
34039.0,39948,genus,0.107181,Dialister,ERR1073394
34039.0,33042,genus,0.0918695,Coprococcus,ERR1073394
34039.0,244127,genus,0.0535906,Anaerotruncus,ERR1073394
34039.0,1505657,genus,0.0510386,Intestinibacter,ERR1073394
34039.0,846,genus,0.0510386,Oxalobacter,ERR1073394
34039.0,207244,genus,0.0433828,Anaerostipes,ERR1073394
34039.0,1386,genus,0.0306232,Bacillus,ERR1073394
34039.0,836,genus,0.0178635,Porphyromonas,ERR1073394
34039.0,194,genus,0.0178635,Campylobacter,ERR1073394
34039.0,1485,genus,0.0178635,Clostridium,ERR1073394
34039.0,1301,genus,0.0102077,Streptococcus,ERR1073394
34039.0,44748,genus,0.0102077,Sporobacter,ERR1073394
34039.0,1578,genus,0.0076558,Lactobacillus,ERR1073394
34039.0,52784,genus,0.0076558,Anaerofilum,ERR1073394
34039.0,346096,genus,0.00510386,Paludibacter,ERR1073394
34039.0,239934,genus,0.00510386,Akkermansia,ERR1073394
34039.0,990721,genus,0.00510386,Christensenella,ERR1073394
34039.0,262406,genus,0.00510386,Thermobaculum,ERR1073394
34039.0,29465,genus,0.00510386,Veillonella,ERR1073394
34039.0,286,genus,0.00510386,Pseudomonas,ERR1073394
34039.0,146813,genus,0.00510386,Dendrosporobacter,ERR1073394
34039.0,165779,genus,0.00510386,Anaerococcus,ERR1073394
34039.0,795750,genus,0.00255193,Ignavibacterium,ERR1073394
34039.0,233189,genus,0.00255193,Anaerolinea,ERR1073394
34039.0,445,genus,0.00255193,Legionella,ERR1073394
34039.0,935200,genus,0.00255193,Sulfuricella,ERR1073394
34039.0,34096,genus,0.00255193,Brevinema,ERR1073394
34039.0,1827,genus,0.00255193,Rhodococcus,ERR1073394
34039.0,312278,genus,0.00255193,Emticicia,ERR1073394
34039.0,162289,genus,0.00255193,Peptoniphilus,ERR1073394
34039.0,28231,genus,0.00255193,Geobacter,ERR1073394
34039.0,28453,genus,0.00255193,Sphingobacterium,ERR1073394
34039.0,1548510,genus,0.00255193,Microbacter,ERR1073394
34039.0,1506577,genus,0.00255193,Tyzzerella,ERR1073394
34039.0,84567,genus,0.00255193,Pedobacter,ERR1073394
34039.0,1471399,genus,0.00255193,Draconibacterium,ERR1073394
34039.0,1654,genus,0.00255193,Actinomyces,ERR1073394
34039.0,226,genus,0.00255193,Alteromonas,ERR1073394
34039.0,2299,genus,0.00255193,Desulfosarcina,ERR1073394
,-1,genus,3.81514,Unknown,ERR1073394
34039.0,816,genus,69.7341,Bacteroides,ERR1073394
34039.0,216851,genus,9.07212,Faecalibacterium,ERR1073394
34039.0,239759,genus,6.11698,Alistipes,ERR1073394
34039.0,375288,genus,1.81953,Parabacteroides,ERR1073394
34039.0,841,genus,1.43674,Roseburia,ERR1073394
34039.0,577310,genus,1.37294,Parasutterella,ERR1073394
34039.0,459786,genus,1.253,Oscillibacter,ERR1073394
34039.0,904,genus,1.1203,Acidaminococcus,ERR1073394
34039.0,283168,genus,0.604808,Odoribacter,ERR1073394
34039.0,1506553,genus,0.597152,Lachnoclostridium,ERR1073394
34039.0,1730,genus,0.44914,Eubacterium,ERR1073394
34039.0,1678,genus,0.375134,Bifidobacterium,ERR1073394
34039.0,572511,genus,0.349615,Blautia,ERR1073394
34039.0,1263,genus,0.247537,Ruminococcus,ERR1073394
34039.0,35832,genus,0.234778,Bilophila,ERR1073394
34039.0,1508657,genus,0.165876,Ruminiclostridium,ERR1073394
34039.0,1505663,genus,0.150564,Erysipelatoclostridium,ERR1073394
34039.0,61170,genus,0.119941,Holdemania,ERR1073394
34039.0,838,genus,0.117389,Prevotella,ERR1073394
34039.0,39948,genus,0.107181,Dialister,ERR1073394
34039.0,33042,genus,0.0918695,Coprococcus,ERR1073394
34039.0,244127,genus,0.0535906,Anaerotruncus,ERR1073394
34039.0,846,genus,0.0510386,Oxalobacter,ERR1073394
34039.0,1505657,genus,0.0510386,Intestinibacter,ERR1073394
34039.0,207244,genus,0.0433828,Anaerostipes,ERR1073394
34039.0,1386,genus,0.0306232,Bacillus,ERR1073394
34039.0,836,genus,0.0178635,Porphyromonas,ERR1073394
34039.0,194,genus,0.0178635,Campylobacter,ERR1073394
34039.0,1485,genus,0.0178635,Clostridium,ERR1073394
34039.0,44748,genus,0.0102077,Sporobacter,ERR1073394
34039.0,1301,genus,0.0102077,Streptococcus,ERR1073394
34039.0,1578,genus,0.0076558,Lactobacillus,ERR1073394
34039.0,52784,genus,0.0076558,Anaerofilum,ERR1073394
34039.0,146813,genus,0.00510386,Dendrosporobacter,ERR1073394
34039.0,286,genus,0.00510386,Pseudomonas,ERR1073394
34039.0,165779,genus,0.00510386,Anaerococcus,ERR1073394
34039.0,346096,genus,0.00510386,Paludibacter,ERR1073394
34039.0,239934,genus,0.00510386,Akkermansia,ERR1073394
34039.0,990721,genus,0.00510386,Christensenella,ERR1073394
34039.0,262406,genus,0.00510386,Thermobaculum,ERR1073394
34039.0,29465,genus,0.00510386,Veillonella,ERR1073394
34039.0,84567,genus,0.00255193,Pedobacter,ERR1073394
34039.0,1471399,genus,0.00255193,Draconibacterium,ERR1073394
34039.0,1654,genus,0.00255193,Actinomyces,ERR1073394
34039.0,226,genus,0.00255193,Alteromonas,ERR1073394
34039.0,2299,genus,0.00255193,Desulfosarcina,ERR1073394
34039.0,233189,genus,0.00255193,Anaerolinea,ERR1073394
34039.0,445,genus,0.00255193,Legionella,ERR1073394
34039.0,795750,genus,0.00255193,Ignavibacterium,ERR1073394
34039.0,935200,genus,0.00255193,Sulfuricella,ERR1073394
34039.0,34096,genus,0.00255193,Brevinema,ERR1073394
34039.0,1827,genus,0.00255193,Rhodococcus,ERR1073394
34039.0,312278,genus,0.00255193,Emticicia,ERR1073394
34039.0,162289,genus,0.00255193,Peptoniphilus,ERR1073394
34039.0,28231,genus,0.00255193,Geobacter,ERR1073394
34039.0,28453,genus,0.00255193,Sphingobacterium,ERR1073394
34039.0,1548510,genus,0.00255193,Microbacter,ERR1073394
34039.0,1506577,genus,0.00255193,Tyzzerella,ERR1073394
,-1,genus,3.81514,Unknown,ERR1073394
34039.0,816,genus,69.7341,Bacteroides,ERR1073394
34039.0,216851,genus,9.07212,Faecalibacterium,ERR1073394
34039.0,239759,genus,6.11698,Alistipes,ERR1073394
34039.0,375288,genus,1.81953,Parabacteroides,ERR1073394
34039.0,841,genus,1.43674,Roseburia,ERR1073394
34039.0,577310,genus,1.37294,Parasutterella,ERR1073394
34039.0,459786,genus,1.253,Oscillibacter,ERR1073394
34039.0,904,genus,1.1203,Acidaminococcus,ERR1073394
34039.0,283168,genus,0.604808,Odoribacter,ERR1073394
34039.0,1506553,genus,0.597152,Lachnoclostridium,ERR1073394
34039.0,1730,genus,0.44914,Eubacterium,ERR1073394
34039.0,1678,genus,0.375134,Bifidobacterium,ERR1073394
34039.0,572511,genus,0.349615,Blautia,ERR1073394
34039.0,1263,genus,0.247537,Ruminococcus,ERR1073394
34039.0,35832,genus,0.234778,Bilophila,ERR1073394
34039.0,1508657,genus,0.165876,Ruminiclostridium,ERR1073394
34039.0,1505663,genus,0.150564,Erysipelatoclostridium,ERR1073394
34039.0,61170,genus,0.119941,Holdemania,ERR1073394
34039.0,838,genus,0.117389,Prevotella,ERR1073394
34039.0,39948,genus,0.107181,Dialister,ERR1073394
34039.0,33042,genus,0.0918695,Coprococcus,ERR1073394
34039.0,244127,genus,0.0535906,Anaerotruncus,ERR1073394
34039.0,846,genus,0.0510386,Oxalobacter,ERR1073394
34039.0,1505657,genus,0.0510386,Intestinibacter,ERR1073394
34039.0,207244,genus,0.0433828,Anaerostipes,ERR1073394
34039.0,1386,genus,0.0306232,Bacillus,ERR1073394
34039.0,836,genus,0.0178635,Porphyromonas,ERR1073394
34039.0,194,genus,0.0178635,Campylobacter,ERR1073394
34039.0,1485,genus,0.0178635,Clostridium,ERR1073394
34039.0,1301,genus,0.0102077,Streptococcus,ERR1073394
34039.0,44748,genus,0.0102077,Sporobacter,ERR1073394
34039.0,1578,genus,0.0076558,Lactobacillus,ERR1073394
34039.0,52784,genus,0.0076558,Anaerofilum,ERR1073394
34039.0,165779,genus,0.00510386,Anaerococcus,ERR1073394
34039.0,346096,genus,0.00510386,Paludibacter,ERR1073394
34039.0,239934,genus,0.00510386,Akkermansia,ERR1073394
34039.0,990721,genus,0.00510386,Christensenella,ERR1073394
34039.0,262406,genus,0.00510386,Thermobaculum,ERR1073394
34039.0,29465,genus,0.00510386,Veillonella,ERR1073394
34039.0,146813,genus,0.00510386,Dendrosporobacter,ERR1073394
34039.0,286,genus,0.00510386,Pseudomonas,ERR1073394
34039.0,226,genus,0.00255193,Alteromonas,ERR1073394
34039.0,2299,genus,0.00255193,Desulfosarcina,ERR1073394
34039.0,233189,genus,0.00255193,Anaerolinea,ERR1073394
34039.0,445,genus,0.00255193,Legionella,ERR1073394
34039.0,795750,genus,0.00255193,Ignavibacterium,ERR1073394
34039.0,935200,genus,0.00255193,Sulfuricella,ERR1073394
34039.0,34096,genus,0.00255193,Brevinema,ERR1073394
34039.0,1827,genus,0.00255193,Rhodococcus,ERR1073394
34039.0,312278,genus,0.00255193,Emticicia,ERR1073394
34039.0,162289,genus,0.00255193,Peptoniphilus,ERR1073394
34039.0,28231,genus,0.00255193,Geobacter,ERR1073394
34039.0,28453,genus,0.00255193,Sphingobacterium,ERR1073394
34039.0,1548510,genus,0.00255193,Microbacter,ERR1073394
34039.0,1506577,genus,0.00255193,Tyzzerella,ERR1073394
34039.0,84567,genus,0.00255193,Pedobacter,ERR1073394
34039.0,1471399,genus,0.00255193,Draconibacterium,ERR1073394
34039.0,1654,genus,0.00255193,Actinomyces,ERR1073394
,-1,genus,3.81514,Unknown,ERR1073394
34039.0,816,genus,69.7341,Bacteroides,ERR1073394
34039.0,216851,genus,9.07212,Faecalibacterium,ERR1073394
34039.0,239759,genus,6.11698,Alistipes,ERR1073394
34039.0,375288,genus,1.81953,Parabacteroides,ERR1073394
34039.0,841,genus,1.43674,Roseburia,ERR1073394
34039.0,577310,genus,1.37294,Parasutterella,ERR1073394
34039.0,459786,genus,1.253,Oscillibacter,ERR1073394
34039.0,904,genus,1.1203,Acidaminococcus,ERR1073394
34039.0,283168,genus,0.604808,Odoribacter,ERR1073394
34039.0,1506553,genus,0.597152,Lachnoclostridium,ERR1073394
34039.0,1730,genus,0.44914,Eubacterium,ERR1073394
34039.0,1678,genus,0.375134,Bifidobacterium,ERR1073394
34039.0,572511,genus,0.349615,Blautia,ERR1073394
34039.0,1263,genus,0.247537,Ruminococcus,ERR1073394
34039.0,35832,genus,0.234778,Bilophila,ERR1073394
34039.0,1508657,genus,0.165876,Ruminiclostridium,ERR1073394
34039.0,1505663,genus,0.150564,Erysipelatoclostridium,ERR1073394
34039.0,61170,genus,0.119941,Holdemania,ERR1073394
34039.0,838,genus,0.117389,Prevotella,ERR1073394
34039.0,39948,genus,0.107181,Dialister,ERR1073394
34039.0,33042,genus,0.0918695,Coprococcus,ERR1073394
34039.0,244127,genus,0.0535906,Anaerotruncus,ERR1073394
34039.0,846,genus,0.0510386,Oxalobacter,ERR1073394
34039.0,1505657,genus,0.0510386,Intestinibacter,ERR1073394
34039.0,207244,genus,0.0433828,Anaerostipes,ERR1073394
34039.0,1386,genus,0.0306232,Bacillus,ERR1073394
34039.0,836,genus,0.0178635,Porphyromonas,ERR1073394
34039.0,194,genus,0.0178635,Campylobacter,ERR1073394
34039.0,1485,genus,0.0178635,Clostridium,ERR1073394
34039.0,44748,genus,0.0102077,Sporobacter,ERR1073394
34039.0,1301,genus,0.0102077,Streptococcus,ERR1073394
34039.0,52784,genus,0.0076558,Anaerofilum,ERR1073394
34039.0,1578,genus,0.0076558,Lactobacillus,ERR1073394
34039.0,146813,genus,0.00510386,Dendrosporobacter,ERR1073394
34039.0,286,genus,0.00510386,Pseudomonas,ERR1073394
34039.0,165779,genus,0.00510386,Anaerococcus,ERR1073394
34039.0,346096,genus,0.00510386,Paludibacter,ERR1073394
34039.0,239934,genus,0.00510386,Akkermansia,ERR1073394
34039.0,990721,genus,0.00510386,Christensenella,ERR1073394
34039.0,262406,genus,0.00510386,Thermobaculum,ERR1073394
34039.0,29465,genus,0.00510386,Veillonella,ERR1073394
34039.0,1506577,genus,0.00255193,Tyzzerella,ERR1073394
34039.0,84567,genus,0.00255193,Pedobacter,ERR1073394
34039.0,1471399,genus,0.00255193,Draconibacterium,ERR1073394
34039.0,1654,genus,0.00255193,Actinomyces,ERR1073394
34039.0,226,genus,0.00255193,Alteromonas,ERR1073394
34039.0,2299,genus,0.00255193,Desulfosarcina,ERR1073394
34039.0,233189,genus,0.00255193,Anaerolinea,ERR1073394
34039.0,445,genus,0.00255193,Legionella,ERR1073394
34039.0,795750,genus,0.00255193,Ignavibacterium,ERR1073394
34039.0,935200,genus,0.00255193,Sulfuricella,ERR1073394
34039.0,34096,genus,0.00255193,Brevinema,ERR1073394
34039.0,1827,genus,0.00255193,Rhodococcus,ERR1073394
34039.0,312278,genus,0.00255193,Emticicia,ERR1073394
34039.0,162289,genus,0.00255193,Peptoniphilus,ERR1073394
34039.0,28231,genus,0.00255193,Geobacter,ERR1073394
34039.0,28453,genus,0.00255193,Sphingobacterium,ERR1073394
34039.0,1548510,genus,0.00255193,Microbacter,ERR1073394
,-1,genus,3.81514,Unknown,ERR1073394
34039.0,816,genus,69.7341,Bacteroides,ERR1073394
34039.0,216851,genus,9.07212,Faecalibacterium,ERR1073394
34039.0,239759,genus,6.11698,Alistipes,ERR1073394
34039.0,375288,genus,1.81953,Parabacteroides,ERR1073394
34039.0,841,genus,1.43674,Roseburia,ERR1073394
34039.0,577310,genus,1.37294,Parasutterella,ERR1073394
34039.0,459786,genus,1.253,Oscillibacter,ERR1073394
34039.0,904,genus,1.1203,Acidaminococcus,ERR1073394
34039.0,283168,genus,0.604808,Odoribacter,ERR1073394
34039.0,1506553,genus,0.597152,Lachnoclostridium,ERR1073394
34039.0,1730,genus,0.44914,Eubacterium,ERR1073394
34039.0,1678,genus,0.375134,Bifidobacterium,ERR1073394
34039.0,572511,genus,0.349615,Blautia,ERR1073394
34039.0,1263,genus,0.247537,Ruminococcus,ERR1073394
34039.0,35832,genus,0.234778,Bilophila,ERR1073394
34039.0,1508657,genus,0.165876,Ruminiclostridium,ERR1073394
34039.0,1505663,genus,0.150564,Erysipelatoclostridium,ERR1073394
34039.0,61170,genus,0.119941,Holdemania,ERR1073394
34039.0,838,genus,0.117389,Prevotella,ERR1073394
34039.0,39948,genus,0.107181,Dialister,ERR1073394
34039.0,33042,genus,0.0918695,Coprococcus,ERR1073394
34039.0,244127,genus,0.0535906,Anaerotruncus,ERR1073394
34039.0,846,genus,0.0510386,Oxalobacter,ERR1073394
34039.0,1505657,genus,0.0510386,Intestinibacter,ERR1073394
34039.0,207244,genus,0.0433828,Anaerostipes,ERR1073394
34039.0,1386,genus,0.0306232,Bacillus,ERR1073394
34039.0,1485,genus,0.0178635,Clostridium,ERR1073394
34039.0,836,genus,0.0178635,Porphyromonas,ERR1073394
34039.0,194,genus,0.0178635,Campylobacter,ERR1073394
34039.0,44748,genus,0.0102077,Sporobacter,ERR1073394
34039.0,1301,genus,0.0102077,Streptococcus,ERR1073394
34039.0,52784,genus,0.0076558,Anaerofilum,ERR1073394
34039.0,1578,genus,0.0076558,Lactobacillus,ERR1073394
34039.0,990721,genus,0.00510386,Christensenella,ERR1073394
34039.0,262406,genus,0.00510386,Thermobaculum,ERR1073394
34039.0,29465,genus,0.00510386,Veillonella,ERR1073394
34039.0,146813,genus,0.00510386,Dendrosporobacter,ERR1073394
34039.0,286,genus,0.00510386,Pseudomonas,ERR1073394
34039.0,165779,genus,0.00510386,Anaerococcus,ERR1073394
34039.0,346096,genus,0.00510386,Paludibacter,ERR1073394
34039.0,239934,genus,0.00510386,Akkermansia,ERR1073394
34039.0,28453,genus,0.00255193,Sphingobacterium,ERR1073394
34039.0,1548510,genus,0.00255193,Microbacter,ERR1073394
34039.0,1506577,genus,0.00255193,Tyzzerella,ERR1073394
34039.0,84567,genus,0.00255193,Pedobacter,ERR1073394
34039.0,1471399,genus,0.00255193,Draconibacterium,ERR1073394
34039.0,1654,genus,0.00255193,Actinomyces,ERR1073394
34039.0,226,genus,0.00255193,Alteromonas,ERR1073394
34039.0,2299,genus,0.00255193,Desulfosarcina,ERR1073394
34039.0,233189,genus,0.00255193,Anaerolinea,ERR1073394
34039.0,445,genus,0.00255193,Legionella,ERR1073394
34039.0,795750,genus,0.00255193,Ignavibacterium,ERR1073394
34039.0,935200,genus,0.00255193,Sulfuricella,ERR1073394
34039.0,34096,genus,0.00255193,Brevinema,ERR1073394
34039.0,1827,genus,0.00255193,Rhodococcus,ERR1073394
34039.0,312278,genus,0.00255193,Emticicia,ERR1073394
34039.0,162289,genus,0.00255193,Peptoniphilus,ERR1073394
34039.0,28231,genus,0.00255193,Geobacter,ERR1073394
,-1,genus,3.81514,Unknown,ERR1073394
34039.0,816,genus,69.7341,Bacteroides,ERR1073394
34039.0,216851,genus,9.07212,Faecalibacterium,ERR1073394
34039.0,239759,genus,6.11698,Alistipes,ERR1073394
34039.0,375288,genus,1.81953,Parabacteroides,ERR1073394
34039.0,841,genus,1.43674,Roseburia,ERR1073394
34039.0,577310,genus,1.37294,Parasutterella,ERR1073394
34039.0,459786,genus,1.253,Oscillibacter,ERR1073394
34039.0,904,genus,1.1203,Acidaminococcus,ERR1073394
34039.0,283168,genus,0.604808,Odoribacter,ERR1073394
34039.0,1506553,genus,0.597152,Lachnoclostridium,ERR1073394
34039.0,1730,genus,0.44914,Eubacterium,ERR1073394
34039.0,1678,genus,0.375134,Bifidobacterium,ERR1073394
34039.0,572511,genus,0.349615,Blautia,ERR1073394
34039.0,1263,genus,0.247537,Ruminococcus,ERR1073394
34039.0,35832,genus,0.234778,Bilophila,ERR1073394
34039.0,1508657,genus,0.165876,Ruminiclostridium,ERR1073394
34039.0,1505663,genus,0.150564,Erysipelatoclostridium,ERR1073394
34039.0,61170,genus,0.119941,Holdemania,ERR1073394
34039.0,838,genus,0.117389,Prevotella,ERR1073394
34039.0,39948,genus,0.107181,Dialister,ERR1073394
34039.0,33042,genus,0.0918695,Coprococcus,ERR1073394
34039.0,244127,genus,0.0535906,Anaerotruncus,ERR1073394
34039.0,1505657,genus,0.0510386,Intestinibacter,ERR1073394
34039.0,846,genus,0.0510386,Oxalobacter,ERR1073394
34039.0,207244,genus,0.0433828,Anaerostipes,ERR1073394
34039.0,1386,genus,0.0306232,Bacillus,ERR1073394
34039.0,836,genus,0.0178635,Porphyromonas,ERR1073394
34039.0,194,genus,0.0178635,Campylobacter,ERR1073394
34039.0,1485,genus,0.0178635,Clostridium,ERR1073394
34039.0,1301,genus,0.0102077,Streptococcus,ERR1073394
34039.0,44748,genus,0.0102077,Sporobacter,ERR1073394
34039.0,1578,genus,0.0076558,Lactobacillus,ERR1073394
34039.0,52784,genus,0.0076558,Anaerofilum,ERR1073394
34039.0,346096,genus,0.00510386,Paludibacter,ERR1073394
34039.0,239934,genus,0.00510386,Akkermansia,ERR1073394
34039.0,990721,genus,0.00510386,Christensenella,ERR1073394
34039.0,262406,genus,0.00510386,Thermobaculum,ERR1073394
34039.0,29465,genus,0.00510386,Veillonella,ERR1073394
34039.0,146813,genus,0.00510386,Dendrosporobacter,ERR1073394
34039.0,286,genus,0.00510386,Pseudomonas,ERR1073394
34039.0,165779,genus,0.00510386,Anaerococcus,ERR1073394
34039.0,233189,genus,0.00255193,Anaerolinea,ERR1073394
34039.0,445,genus,0.00255193,Legionella,ERR1073394
34039.0,795750,genus,0.00255193,Ignavibacterium,ERR1073394
34039.0,935200,genus,0.00255193,Sulfuricella,ERR1073394
34039.0,34096,genus,0.00255193,Brevinema,ERR1073394
34039.0,1827,genus,0.00255193,Rhodococcus,ERR1073394
34039.0,312278,genus,0.00255193,Emticicia,ERR1073394
34039.0,162289,genus,0.00255193,Peptoniphilus,ERR1073394
34039.0,28231,genus,0.00255193,Geobacter,ERR1073394
34039.0,28453,genus,0.00255193,Sphingobacterium,ERR1073394
34039.0,1548510,genus,0.00255193,Microbacter,ERR1073394
34039.0,1506577,genus,0.00255193,Tyzzerella,ERR1073394
34039.0,84567,genus,0.00255193,Pedobacter,ERR1073394
34039.0,1471399,genus,0.00255193,Draconibacterium,ERR1073394
34039.0,1654,genus,0.00255193,Actinomyces,ERR1073394
34039.0,226,genus,0.00255193,Alteromonas,ERR1073394
34039.0,2299,genus,0.00255193,Desulfosarcina,ERR1073394
,-1,genus,3.81514,Unknown,ERR1073394
34039.0,816,genus,69.7341,Bacteroides,ERR1073394
34039.0,216851,genus,9.07212,Faecalibacterium,ERR1073394
34039.0,239759,genus,6.11698,Alistipes,ERR1073394
34039.0,375288,genus,1.81953,Parabacteroides,ERR1073394
34039.0,841,genus,1.43674,Roseburia,ERR1073394
34039.0,577310,genus,1.37294,Parasutterella,ERR1073394
34039.0,459786,genus,1.253,Oscillibacter,ERR1073394
34039.0,904,genus,1.1203,Acidaminococcus,ERR1073394
34039.0,283168,genus,0.604808,Odoribacter,ERR1073394
34039.0,1506553,genus,0.597152,Lachnoclostridium,ERR1073394
34039.0,1730,genus,0.44914,Eubacterium,ERR1073394
34039.0,1678,genus,0.375134,Bifidobacterium,ERR1073394
34039.0,572511,genus,0.349615,Blautia,ERR1073394
34039.0,1263,genus,0.247537,Ruminococcus,ERR1073394
34039.0,35832,genus,0.234778,Bilophila,ERR1073394
34039.0,1508657,genus,0.165876,Ruminiclostridium,ERR1073394
34039.0,1505663,genus,0.150564,Erysipelatoclostridium,ERR1073394
34039.0,61170,genus,0.119941,Holdemania,ERR1073394
34039.0,838,genus,0.117389,Prevotella,ERR1073394
34039.0,39948,genus,0.107181,Dialister,ERR1073394
34039.0,33042,genus,0.0918695,Coprococcus,ERR1073394
34039.0,244127,genus,0.0535906,Anaerotruncus,ERR1073394
34039.0,846,genus,0.0510386,Oxalobacter,ERR1073394
34039.0,1505657,genus,0.0510386,Intestinibacter,ERR1073394
34039.0,207244,genus,0.0433828,Anaerostipes,ERR1073394
34039.0,1386,genus,0.0306232,Bacillus,ERR1073394
34039.0,836,genus,0.0178635,Porphyromonas,ERR1073394
34039.0,194,genus,0.0178635,Campylobacter,ERR1073394
34039.0,1485,genus,0.0178635,Clostridium,ERR1073394
34039.0,44748,genus,0.0102077,Sporobacter,ERR1073394
34039.0,1301,genus,0.0102077,Streptococcus,ERR1073394
34039.0,52784,genus,0.0076558,Anaerofilum,ERR1073394
34039.0,1578,genus,0.0076558,Lactobacillus,ERR1073394
34039.0,29465,genus,0.00510386,Veillonella,ERR1073394
34039.0,146813,genus,0.00510386,Dendrosporobacter,ERR1073394
34039.0,286,genus,0.00510386,Pseudomonas,ERR1073394
34039.0,165779,genus,0.00510386,Anaerococcus,ERR1073394
34039.0,346096,genus,0.00510386,Paludibacter,ERR1073394
34039.0,239934,genus,0.00510386,Akkermansia,ERR1073394
34039.0,990721,genus,0.00510386,Christensenella,ERR1073394
34039.0,262406,genus,0.00510386,Thermobaculum,ERR1073394
34039.0,1548510,genus,0.00255193,Microbacter,ERR1073394
34039.0,1506577,genus,0.00255193,Tyzzerella,ERR1073394
34039.0,84567,genus,0.00255193,Pedobacter,ERR1073394
34039.0,1471399,genus,0.00255193,Draconibacterium,ERR1073394
34039.0,1654,genus,0.00255193,Actinomyces,ERR1073394
34039.0,226,genus,0.00255193,Alteromonas,ERR1073394
34039.0,2299,genus,0.00255193,Desulfosarcina,ERR1073394
34039.0,233189,genus,0.00255193,Anaerolinea,ERR1073394
34039.0,445,genus,0.00255193,Legionella,ERR1073394
34039.0,795750,genus,0.00255193,Ignavibacterium,ERR1073394
34039.0,935200,genus,0.00255193,Sulfuricella,ERR1073394
34039.0,34096,genus,0.00255193,Brevinema,ERR1073394
34039.0,1827,genus,0.00255193,Rhodococcus,ERR1073394
34039.0,312278,genus,0.00255193,Emticicia,ERR1073394
34039.0,162289,genus,0.00255193,Peptoniphilus,ERR1073394
34039.0,28231,genus,0.00255193,Geobacter,ERR1073394
34039.0,28453,genus,0.00255193,Sphingobacterium,ERR1073394
,-1,genus,3.81514,Unknown,ERR1073394
34040.0,816,genus,67.995,Bacteroides,ERR1073395
34040.0,216851,genus,9.25441,Faecalibacterium,ERR1073395
34040.0,239759,genus,6.74687,Alistipes,ERR1073395
34040.0,841,genus,2.03073,Roseburia,ERR1073395
34040.0,375288,genus,1.64781,Parabacteroides,ERR1073395
34040.0,577310,genus,1.47488,Parasutterella,ERR1073395
34040.0,459786,genus,1.339,Oscillibacter,ERR1073395
34040.0,904,genus,1.11666,Acidaminococcus,ERR1073395
34040.0,1506553,genus,0.686793,Lachnoclostridium,ERR1073395
34040.0,1678,genus,0.385395,Bifidobacterium,ERR1073395
34040.0,1730,genus,0.318692,Eubacterium,ERR1073395
34040.0,1263,genus,0.303869,Ruminococcus,ERR1073395
34040.0,572511,genus,0.286575,Blautia,ERR1073395
34040.0,1508657,genus,0.185286,Ruminiclostridium,ERR1073395
34040.0,35832,genus,0.172933,Bilophila,ERR1073395
34040.0,283168,genus,0.140817,Odoribacter,ERR1073395
34040.0,39948,genus,0.140817,Dialister,ERR1073395
34040.0,61170,genus,0.0914077,Holdemania,ERR1073395
34040.0,1505663,genus,0.0889372,Erysipelatoclostridium,ERR1073395
34040.0,244127,genus,0.0691734,Anaerotruncus,ERR1073395
34040.0,1505657,genus,0.0642324,Intestinibacter,ERR1073395
34040.0,33042,genus,0.0321162,Coprococcus,ERR1073395
34040.0,846,genus,0.0296457,Oxalobacter,ERR1073395
34040.0,838,genus,0.0271753,Prevotella,ERR1073395
34040.0,1386,genus,0.0271753,Bacillus,ERR1073395
34040.0,1301,genus,0.0197638,Streptococcus,ERR1073395
34040.0,1485,genus,0.0123524,Clostridium,ERR1073395
34040.0,146813,genus,0.0123524,Dendrosporobacter,ERR1073395
34040.0,207244,genus,0.0123524,Anaerostipes,ERR1073395
34040.0,286,genus,0.0123524,Pseudomonas,ERR1073395
34040.0,990721,genus,0.00741143,Christensenella,ERR1073395
34040.0,84567,genus,0.00741143,Pedobacter,ERR1073395
34040.0,590,genus,0.00494096,Salmonella,ERR1073395
34040.0,469,genus,0.00494096,Acinetobacter,ERR1073395
34040.0,41273,genus,0.00494096,Tissierella,ERR1073395
34040.0,83660,genus,0.00494096,Desulfonispora,ERR1073395
34040.0,61434,genus,0.00494096,Dehalococcoides,ERR1073395
34040.0,224465,genus,0.00247048,Kofleria,ERR1073395
34040.0,1573535,genus,0.00247048,Holdemanella,ERR1073395
34040.0,36853,genus,0.00247048,Desulfitobacterium,ERR1073395
34040.0,104264,genus,0.00247048,Cellulophaga,ERR1073395
34040.0,319458,genus,0.00247048,Leadbetterella,ERR1073395
34040.0,581,genus,0.00247048,Morganella,ERR1073395
34040.0,32207,genus,0.00247048,Rothia,ERR1073395
34040.0,28453,genus,0.00247048,Sphingobacterium,ERR1073395
34040.0,397864,genus,0.00247048,Barnesiella,ERR1073395
34040.0,1578,genus,0.00247048,Lactobacillus,ERR1073395
34040.0,2740,genus,0.00247048,Peptococcus,ERR1073395
34040.0,44748,genus,0.00247048,Sporobacter,ERR1073395
34040.0,1647,genus,0.00247048,Erysipelothrix,ERR1073395
34040.0,200677,genus,0.00247048,Meniscus,ERR1073395
34040.0,239934,genus,0.00247048,Akkermansia,ERR1073395
34040.0,83612,genus,0.00247048,Psychroflexus,ERR1073395
34040.0,188143,genus,0.00247048,Enterovibrio,ERR1073395
34040.0,638847,genus,0.00247048,Pyramidobacter,ERR1073395
34040.0,693074,genus,0.00247048,Caldisericum,ERR1073395
34040.0,1654,genus,0.00247048,Actinomyces,ERR1073395
34040.0,1506577,genus,0.00247048,Tyzzerella,ERR1073395
34040.0,349,genus,0.00247048,Zoogloea,ERR1073395
,-1,genus,4.92366,Unknown,ERR1073395
34040.0,816,genus,67.995,Bacteroides,ERR1073395
34040.0,216851,genus,9.25441,Faecalibacterium,ERR1073395
34040.0,239759,genus,6.74687,Alistipes,ERR1073395
34040.0,841,genus,2.03073,Roseburia,ERR1073395
34040.0,375288,genus,1.64781,Parabacteroides,ERR1073395
34040.0,577310,genus,1.47488,Parasutterella,ERR1073395
34040.0,459786,genus,1.339,Oscillibacter,ERR1073395
34040.0,904,genus,1.11666,Acidaminococcus,ERR1073395
34040.0,1506553,genus,0.686793,Lachnoclostridium,ERR1073395
34040.0,1678,genus,0.385395,Bifidobacterium,ERR1073395
34040.0,1730,genus,0.318692,Eubacterium,ERR1073395
34040.0,1263,genus,0.303869,Ruminococcus,ERR1073395
34040.0,572511,genus,0.286575,Blautia,ERR1073395
34040.0,1508657,genus,0.185286,Ruminiclostridium,ERR1073395
34040.0,35832,genus,0.172933,Bilophila,ERR1073395
34040.0,283168,genus,0.140817,Odoribacter,ERR1073395
34040.0,39948,genus,0.140817,Dialister,ERR1073395
34040.0,61170,genus,0.0914077,Holdemania,ERR1073395
34040.0,1505663,genus,0.0889372,Erysipelatoclostridium,ERR1073395
34040.0,244127,genus,0.0691734,Anaerotruncus,ERR1073395
34040.0,1505657,genus,0.0642324,Intestinibacter,ERR1073395
34040.0,33042,genus,0.0321162,Coprococcus,ERR1073395
34040.0,846,genus,0.0296457,Oxalobacter,ERR1073395
34040.0,838,genus,0.0271753,Prevotella,ERR1073395
34040.0,1386,genus,0.0271753,Bacillus,ERR1073395
34040.0,1301,genus,0.0197638,Streptococcus,ERR1073395
34040.0,1485,genus,0.0123524,Clostridium,ERR1073395
34040.0,146813,genus,0.0123524,Dendrosporobacter,ERR1073395
34040.0,207244,genus,0.0123524,Anaerostipes,ERR1073395
34040.0,286,genus,0.0123524,Pseudomonas,ERR1073395
34040.0,84567,genus,0.00741143,Pedobacter,ERR1073395
34040.0,990721,genus,0.00741143,Christensenella,ERR1073395
34040.0,41273,genus,0.00494096,Tissierella,ERR1073395
34040.0,83660,genus,0.00494096,Desulfonispora,ERR1073395
34040.0,61434,genus,0.00494096,Dehalococcoides,ERR1073395
34040.0,590,genus,0.00494096,Salmonella,ERR1073395
34040.0,469,genus,0.00494096,Acinetobacter,ERR1073395
34040.0,28453,genus,0.00247048,Sphingobacterium,ERR1073395
34040.0,32207,genus,0.00247048,Rothia,ERR1073395
34040.0,2740,genus,0.00247048,Peptococcus,ERR1073395
34040.0,397864,genus,0.00247048,Barnesiella,ERR1073395
34040.0,1578,genus,0.00247048,Lactobacillus,ERR1073395
34040.0,44748,genus,0.00247048,Sporobacter,ERR1073395
34040.0,1647,genus,0.00247048,Erysipelothrix,ERR1073395
34040.0,200677,genus,0.00247048,Meniscus,ERR1073395
34040.0,239934,genus,0.00247048,Akkermansia,ERR1073395
34040.0,188143,genus,0.00247048,Enterovibrio,ERR1073395
34040.0,83612,genus,0.00247048,Psychroflexus,ERR1073395
34040.0,638847,genus,0.00247048,Pyramidobacter,ERR1073395
34040.0,693074,genus,0.00247048,Caldisericum,ERR1073395
34040.0,1654,genus,0.00247048,Actinomyces,ERR1073395
34040.0,1506577,genus,0.00247048,Tyzzerella,ERR1073395
34040.0,349,genus,0.00247048,Zoogloea,ERR1073395
34040.0,224465,genus,0.00247048,Kofleria,ERR1073395
34040.0,1573535,genus,0.00247048,Holdemanella,ERR1073395
34040.0,36853,genus,0.00247048,Desulfitobacterium,ERR1073395
34040.0,104264,genus,0.00247048,Cellulophaga,ERR1073395
34040.0,581,genus,0.00247048,Morganella,ERR1073395
34040.0,319458,genus,0.00247048,Leadbetterella,ERR1073395
,-1,genus,4.92366,Unknown,ERR1073395
34040.0,816,genus,67.995,Bacteroides,ERR1073395
34040.0,216851,genus,9.25441,Faecalibacterium,ERR1073395
34040.0,239759,genus,6.74687,Alistipes,ERR1073395
34040.0,841,genus,2.03073,Roseburia,ERR1073395
34040.0,375288,genus,1.64781,Parabacteroides,ERR1073395
34040.0,577310,genus,1.47488,Parasutterella,ERR1073395
34040.0,459786,genus,1.339,Oscillibacter,ERR1073395
34040.0,904,genus,1.11666,Acidaminococcus,ERR1073395
34040.0,1506553,genus,0.686793,Lachnoclostridium,ERR1073395
34040.0,1678,genus,0.385395,Bifidobacterium,ERR1073395
34040.0,1730,genus,0.318692,Eubacterium,ERR1073395
34040.0,1263,genus,0.303869,Ruminococcus,ERR1073395
34040.0,572511,genus,0.286575,Blautia,ERR1073395
34040.0,1508657,genus,0.185286,Ruminiclostridium,ERR1073395
34040.0,35832,genus,0.172933,Bilophila,ERR1073395
34040.0,283168,genus,0.140817,Odoribacter,ERR1073395
34040.0,39948,genus,0.140817,Dialister,ERR1073395
34040.0,61170,genus,0.0914077,Holdemania,ERR1073395
34040.0,1505663,genus,0.0889372,Erysipelatoclostridium,ERR1073395
34040.0,244127,genus,0.0691734,Anaerotruncus,ERR1073395
34040.0,1505657,genus,0.0642324,Intestinibacter,ERR1073395
34040.0,33042,genus,0.0321162,Coprococcus,ERR1073395
34040.0,846,genus,0.0296457,Oxalobacter,ERR1073395
34040.0,838,genus,0.0271753,Prevotella,ERR1073395
34040.0,1386,genus,0.0271753,Bacillus,ERR1073395
34040.0,1301,genus,0.0197638,Streptococcus,ERR1073395
34040.0,286,genus,0.0123524,Pseudomonas,ERR1073395
34040.0,1485,genus,0.0123524,Clostridium,ERR1073395
34040.0,146813,genus,0.0123524,Dendrosporobacter,ERR1073395
34040.0,207244,genus,0.0123524,Anaerostipes,ERR1073395
34040.0,990721,genus,0.00741143,Christensenella,ERR1073395
34040.0,84567,genus,0.00741143,Pedobacter,ERR1073395
34040.0,590,genus,0.00494096,Salmonella,ERR1073395
34040.0,469,genus,0.00494096,Acinetobacter,ERR1073395
34040.0,41273,genus,0.00494096,Tissierella,ERR1073395
34040.0,83660,genus,0.00494096,Desulfonispora,ERR1073395
34040.0,61434,genus,0.00494096,Dehalococcoides,ERR1073395
34040.0,224465,genus,0.00247048,Kofleria,ERR1073395
34040.0,1573535,genus,0.00247048,Holdemanella,ERR1073395
34040.0,36853,genus,0.00247048,Desulfitobacterium,ERR1073395
34040.0,104264,genus,0.00247048,Cellulophaga,ERR1073395
34040.0,319458,genus,0.00247048,Leadbetterella,ERR1073395
34040.0,581,genus,0.00247048,Morganella,ERR1073395
34040.0,32207,genus,0.00247048,Rothia,ERR1073395
34040.0,28453,genus,0.00247048,Sphingobacterium,ERR1073395
34040.0,397864,genus,0.00247048,Barnesiella,ERR1073395
34040.0,1578,genus,0.00247048,Lactobacillus,ERR1073395
34040.0,2740,genus,0.00247048,Peptococcus,ERR1073395
34040.0,44748,genus,0.00247048,Sporobacter,ERR1073395
34040.0,1647,genus,0.00247048,Erysipelothrix,ERR1073395
34040.0,200677,genus,0.00247048,Meniscus,ERR1073395
34040.0,239934,genus,0.00247048,Akkermansia,ERR1073395
34040.0,83612,genus,0.00247048,Psychroflexus,ERR1073395
34040.0,188143,genus,0.00247048,Enterovibrio,ERR1073395
34040.0,638847,genus,0.00247048,Pyramidobacter,ERR1073395
34040.0,693074,genus,0.00247048,Caldisericum,ERR1073395
34040.0,1654,genus,0.00247048,Actinomyces,ERR1073395
34040.0,1506577,genus,0.00247048,Tyzzerella,ERR1073395
34040.0,349,genus,0.00247048,Zoogloea,ERR1073395
,-1,genus,4.92366,Unknown,ERR1073395
34040.0,816,genus,67.995,Bacteroides,ERR1073395
34040.0,216851,genus,9.25441,Faecalibacterium,ERR1073395
34040.0,239759,genus,6.74687,Alistipes,ERR1073395
34040.0,841,genus,2.03073,Roseburia,ERR1073395
34040.0,375288,genus,1.64781,Parabacteroides,ERR1073395
34040.0,577310,genus,1.47488,Parasutterella,ERR1073395
34040.0,459786,genus,1.339,Oscillibacter,ERR1073395
34040.0,904,genus,1.11666,Acidaminococcus,ERR1073395
34040.0,1506553,genus,0.686793,Lachnoclostridium,ERR1073395
34040.0,1678,genus,0.385395,Bifidobacterium,ERR1073395
34040.0,1730,genus,0.318692,Eubacterium,ERR1073395
34040.0,1263,genus,0.303869,Ruminococcus,ERR1073395
34040.0,572511,genus,0.286575,Blautia,ERR1073395
34040.0,1508657,genus,0.185286,Ruminiclostridium,ERR1073395
34040.0,35832,genus,0.172933,Bilophila,ERR1073395
34040.0,283168,genus,0.140817,Odoribacter,ERR1073395
34040.0,39948,genus,0.140817,Dialister,ERR1073395
34040.0,61170,genus,0.0914077,Holdemania,ERR1073395
34040.0,1505663,genus,0.0889372,Erysipelatoclostridium,ERR1073395
34040.0,244127,genus,0.0691734,Anaerotruncus,ERR1073395
34040.0,1505657,genus,0.0642324,Intestinibacter,ERR1073395
34040.0,33042,genus,0.0321162,Coprococcus,ERR1073395
34040.0,846,genus,0.0296457,Oxalobacter,ERR1073395
34040.0,838,genus,0.0271753,Prevotella,ERR1073395
34040.0,1386,genus,0.0271753,Bacillus,ERR1073395
34040.0,1301,genus,0.0197638,Streptococcus,ERR1073395
34040.0,1485,genus,0.0123524,Clostridium,ERR1073395
34040.0,146813,genus,0.0123524,Dendrosporobacter,ERR1073395
34040.0,207244,genus,0.0123524,Anaerostipes,ERR1073395
34040.0,286,genus,0.0123524,Pseudomonas,ERR1073395
34040.0,990721,genus,0.00741143,Christensenella,ERR1073395
34040.0,84567,genus,0.00741143,Pedobacter,ERR1073395
34040.0,469,genus,0.00494096,Acinetobacter,ERR1073395
34040.0,41273,genus,0.00494096,Tissierella,ERR1073395
34040.0,83660,genus,0.00494096,Desulfonispora,ERR1073395
34040.0,61434,genus,0.00494096,Dehalococcoides,ERR1073395
34040.0,590,genus,0.00494096,Salmonella,ERR1073395
34040.0,36853,genus,0.00247048,Desulfitobacterium,ERR1073395
34040.0,104264,genus,0.00247048,Cellulophaga,ERR1073395
34040.0,319458,genus,0.00247048,Leadbetterella,ERR1073395
34040.0,581,genus,0.00247048,Morganella,ERR1073395
34040.0,32207,genus,0.00247048,Rothia,ERR1073395
34040.0,28453,genus,0.00247048,Sphingobacterium,ERR1073395
34040.0,397864,genus,0.00247048,Barnesiella,ERR1073395
34040.0,1578,genus,0.00247048,Lactobacillus,ERR1073395
34040.0,2740,genus,0.00247048,Peptococcus,ERR1073395
34040.0,44748,genus,0.00247048,Sporobacter,ERR1073395
34040.0,1647,genus,0.00247048,Erysipelothrix,ERR1073395
34040.0,200677,genus,0.00247048,Meniscus,ERR1073395
34040.0,239934,genus,0.00247048,Akkermansia,ERR1073395
34040.0,83612,genus,0.00247048,Psychroflexus,ERR1073395
34040.0,188143,genus,0.00247048,Enterovibrio,ERR1073395
34040.0,638847,genus,0.00247048,Pyramidobacter,ERR1073395
34040.0,693074,genus,0.00247048,Caldisericum,ERR1073395
34040.0,1654,genus,0.00247048,Actinomyces,ERR1073395
34040.0,1506577,genus,0.00247048,Tyzzerella,ERR1073395
34040.0,349,genus,0.00247048,Zoogloea,ERR1073395
34040.0,224465,genus,0.00247048,Kofleria,ERR1073395
34040.0,1573535,genus,0.00247048,Holdemanella,ERR1073395
,-1,genus,4.92366,Unknown,ERR1073395
34040.0,816,genus,67.995,Bacteroides,ERR1073395
34040.0,216851,genus,9.25441,Faecalibacterium,ERR1073395
34040.0,239759,genus,6.74687,Alistipes,ERR1073395
34040.0,841,genus,2.03073,Roseburia,ERR1073395
34040.0,375288,genus,1.64781,Parabacteroides,ERR1073395
34040.0,577310,genus,1.47488,Parasutterella,ERR1073395
34040.0,459786,genus,1.339,Oscillibacter,ERR1073395
34040.0,904,genus,1.11666,Acidaminococcus,ERR1073395
34040.0,1506553,genus,0.686793,Lachnoclostridium,ERR1073395
34040.0,1678,genus,0.385395,Bifidobacterium,ERR1073395
34040.0,1730,genus,0.318692,Eubacterium,ERR1073395
34040.0,1263,genus,0.303869,Ruminococcus,ERR1073395
34040.0,572511,genus,0.286575,Blautia,ERR1073395
34040.0,1508657,genus,0.185286,Ruminiclostridium,ERR1073395
34040.0,35832,genus,0.172933,Bilophila,ERR1073395
34040.0,283168,genus,0.140817,Odoribacter,ERR1073395
34040.0,39948,genus,0.140817,Dialister,ERR1073395
34040.0,61170,genus,0.0914077,Holdemania,ERR1073395
34040.0,1505663,genus,0.0889372,Erysipelatoclostridium,ERR1073395
34040.0,244127,genus,0.0691734,Anaerotruncus,ERR1073395
34040.0,1505657,genus,0.0642324,Intestinibacter,ERR1073395
34040.0,33042,genus,0.0321162,Coprococcus,ERR1073395
34040.0,846,genus,0.0296457,Oxalobacter,ERR1073395
34040.0,838,genus,0.0271753,Prevotella,ERR1073395
34040.0,1386,genus,0.0271753,Bacillus,ERR1073395
34040.0,1301,genus,0.0197638,Streptococcus,ERR1073395
34040.0,207244,genus,0.0123524,Anaerostipes,ERR1073395
34040.0,286,genus,0.0123524,Pseudomonas,ERR1073395
34040.0,1485,genus,0.0123524,Clostridium,ERR1073395
34040.0,146813,genus,0.0123524,Dendrosporobacter,ERR1073395
34040.0,990721,genus,0.00741143,Christensenella,ERR1073395
34040.0,84567,genus,0.00741143,Pedobacter,ERR1073395
34040.0,590,genus,0.00494096,Salmonella,ERR1073395
34040.0,469,genus,0.00494096,Acinetobacter,ERR1073395
34040.0,41273,genus,0.00494096,Tissierella,ERR1073395
34040.0,83660,genus,0.00494096,Desulfonispora,ERR1073395
34040.0,61434,genus,0.00494096,Dehalococcoides,ERR1073395
34040.0,349,genus,0.00247048,Zoogloea,ERR1073395
34040.0,224465,genus,0.00247048,Kofleria,ERR1073395
34040.0,1573535,genus,0.00247048,Holdemanella,ERR1073395
34040.0,36853,genus,0.00247048,Desulfitobacterium,ERR1073395
34040.0,104264,genus,0.00247048,Cellulophaga,ERR1073395
34040.0,319458,genus,0.00247048,Leadbetterella,ERR1073395
34040.0,581,genus,0.00247048,Morganella,ERR1073395
34040.0,32207,genus,0.00247048,Rothia,ERR1073395
34040.0,28453,genus,0.00247048,Sphingobacterium,ERR1073395
34040.0,397864,genus,0.00247048,Barnesiella,ERR1073395
34040.0,1578,genus,0.00247048,Lactobacillus,ERR1073395
34040.0,2740,genus,0.00247048,Peptococcus,ERR1073395
34040.0,44748,genus,0.00247048,Sporobacter,ERR1073395
34040.0,1647,genus,0.00247048,Erysipelothrix,ERR1073395
34040.0,200677,genus,0.00247048,Meniscus,ERR1073395
34040.0,239934,genus,0.00247048,Akkermansia,ERR1073395
34040.0,83612,genus,0.00247048,Psychroflexus,ERR1073395
34040.0,188143,genus,0.00247048,Enterovibrio,ERR1073395
34040.0,638847,genus,0.00247048,Pyramidobacter,ERR1073395
34040.0,693074,genus,0.00247048,Caldisericum,ERR1073395
34040.0,1654,genus,0.00247048,Actinomyces,ERR1073395
34040.0,1506577,genus,0.00247048,Tyzzerella,ERR1073395
,-1,genus,4.92366,Unknown,ERR1073395
34040.0,816,genus,67.995,Bacteroides,ERR1073395
34040.0,216851,genus,9.25441,Faecalibacterium,ERR1073395
34040.0,239759,genus,6.74687,Alistipes,ERR1073395
34040.0,841,genus,2.03073,Roseburia,ERR1073395
34040.0,375288,genus,1.64781,Parabacteroides,ERR1073395
34040.0,577310,genus,1.47488,Parasutterella,ERR1073395
34040.0,459786,genus,1.339,Oscillibacter,ERR1073395
34040.0,904,genus,1.11666,Acidaminococcus,ERR1073395
34040.0,1506553,genus,0.686793,Lachnoclostridium,ERR1073395
34040.0,1678,genus,0.385395,Bifidobacterium,ERR1073395
34040.0,1730,genus,0.318692,Eubacterium,ERR1073395
34040.0,1263,genus,0.303869,Ruminococcus,ERR1073395
34040.0,572511,genus,0.286575,Blautia,ERR1073395
34040.0,1508657,genus,0.185286,Ruminiclostridium,ERR1073395
34040.0,35832,genus,0.172933,Bilophila,ERR1073395
34040.0,39948,genus,0.140817,Dialister,ERR1073395
34040.0,283168,genus,0.140817,Odoribacter,ERR1073395
34040.0,61170,genus,0.0914077,Holdemania,ERR1073395
34040.0,1505663,genus,0.0889372,Erysipelatoclostridium,ERR1073395
34040.0,244127,genus,0.0691734,Anaerotruncus,ERR1073395
34040.0,1505657,genus,0.0642324,Intestinibacter,ERR1073395
34040.0,33042,genus,0.0321162,Coprococcus,ERR1073395
34040.0,846,genus,0.0296457,Oxalobacter,ERR1073395
34040.0,838,genus,0.0271753,Prevotella,ERR1073395
34040.0,1386,genus,0.0271753,Bacillus,ERR1073395
34040.0,1301,genus,0.0197638,Streptococcus,ERR1073395
34040.0,146813,genus,0.0123524,Dendrosporobacter,ERR1073395
34040.0,207244,genus,0.0123524,Anaerostipes,ERR1073395
34040.0,286,genus,0.0123524,Pseudomonas,ERR1073395
34040.0,1485,genus,0.0123524,Clostridium,ERR1073395
34040.0,990721,genus,0.00741143,Christensenella,ERR1073395
34040.0,84567,genus,0.00741143,Pedobacter,ERR1073395
34040.0,83660,genus,0.00494096,Desulfonispora,ERR1073395
34040.0,61434,genus,0.00494096,Dehalococcoides,ERR1073395
34040.0,590,genus,0.00494096,Salmonella,ERR1073395
34040.0,469,genus,0.00494096,Acinetobacter,ERR1073395
34040.0,41273,genus,0.00494096,Tissierella,ERR1073395
34040.0,638847,genus,0.00247048,Pyramidobacter,ERR1073395
34040.0,693074,genus,0.00247048,Caldisericum,ERR1073395
34040.0,1654,genus,0.00247048,Actinomyces,ERR1073395
34040.0,1506577,genus,0.00247048,Tyzzerella,ERR1073395
34040.0,349,genus,0.00247048,Zoogloea,ERR1073395
34040.0,224465,genus,0.00247048,Kofleria,ERR1073395
34040.0,1573535,genus,0.00247048,Holdemanella,ERR1073395
34040.0,36853,genus,0.00247048,Desulfitobacterium,ERR1073395
34040.0,104264,genus,0.00247048,Cellulophaga,ERR1073395
34040.0,319458,genus,0.00247048,Leadbetterella,ERR1073395
34040.0,581,genus,0.00247048,Morganella,ERR1073395
34040.0,32207,genus,0.00247048,Rothia,ERR1073395
34040.0,28453,genus,0.00247048,Sphingobacterium,ERR1073395
34040.0,397864,genus,0.00247048,Barnesiella,ERR1073395
34040.0,1578,genus,0.00247048,Lactobacillus,ERR1073395
34040.0,2740,genus,0.00247048,Peptococcus,ERR1073395
34040.0,44748,genus,0.00247048,Sporobacter,ERR1073395
34040.0,1647,genus,0.00247048,Erysipelothrix,ERR1073395
34040.0,200677,genus,0.00247048,Meniscus,ERR1073395
34040.0,239934,genus,0.00247048,Akkermansia,ERR1073395
34040.0,83612,genus,0.00247048,Psychroflexus,ERR1073395
34040.0,188143,genus,0.00247048,Enterovibrio,ERR1073395
,-1,genus,4.92366,Unknown,ERR1073395
34040.0,816,genus,67.995,Bacteroides,ERR1073395
34040.0,216851,genus,9.25441,Faecalibacterium,ERR1073395
34040.0,239759,genus,6.74687,Alistipes,ERR1073395
34040.0,841,genus,2.03073,Roseburia,ERR1073395
34040.0,375288,genus,1.64781,Parabacteroides,ERR1073395
34040.0,577310,genus,1.47488,Parasutterella,ERR1073395
34040.0,459786,genus,1.339,Oscillibacter,ERR1073395
34040.0,904,genus,1.11666,Acidaminococcus,ERR1073395
34040.0,1506553,genus,0.686793,Lachnoclostridium,ERR1073395
34040.0,1678,genus,0.385395,Bifidobacterium,ERR1073395
34040.0,1730,genus,0.318692,Eubacterium,ERR1073395
34040.0,1263,genus,0.303869,Ruminococcus,ERR1073395
34040.0,572511,genus,0.286575,Blautia,ERR1073395
34040.0,1508657,genus,0.185286,Ruminiclostridium,ERR1073395
34040.0,35832,genus,0.172933,Bilophila,ERR1073395
34040.0,283168,genus,0.140817,Odoribacter,ERR1073395
34040.0,39948,genus,0.140817,Dialister,ERR1073395
34040.0,61170,genus,0.0914077,Holdemania,ERR1073395
34040.0,1505663,genus,0.0889372,Erysipelatoclostridium,ERR1073395
34040.0,244127,genus,0.0691734,Anaerotruncus,ERR1073395
34040.0,1505657,genus,0.0642324,Intestinibacter,ERR1073395
34040.0,33042,genus,0.0321162,Coprococcus,ERR1073395
34040.0,846,genus,0.0296457,Oxalobacter,ERR1073395
34040.0,838,genus,0.0271753,Prevotella,ERR1073395
34040.0,1386,genus,0.0271753,Bacillus,ERR1073395
34040.0,1301,genus,0.0197638,Streptococcus,ERR1073395
34040.0,1485,genus,0.0123524,Clostridium,ERR1073395
34040.0,146813,genus,0.0123524,Dendrosporobacter,ERR1073395
34040.0,207244,genus,0.0123524,Anaerostipes,ERR1073395
34040.0,286,genus,0.0123524,Pseudomonas,ERR1073395
34040.0,990721,genus,0.00741143,Christensenella,ERR1073395
34040.0,84567,genus,0.00741143,Pedobacter,ERR1073395
34040.0,41273,genus,0.00494096,Tissierella,ERR1073395
34040.0,83660,genus,0.00494096,Desulfonispora,ERR1073395
34040.0,61434,genus,0.00494096,Dehalococcoides,ERR1073395
34040.0,590,genus,0.00494096,Salmonella,ERR1073395
34040.0,469,genus,0.00494096,Acinetobacter,ERR1073395
34040.0,397864,genus,0.00247048,Barnesiella,ERR1073395
34040.0,1578,genus,0.00247048,Lactobacillus,ERR1073395
34040.0,2740,genus,0.00247048,Peptococcus,ERR1073395
34040.0,44748,genus,0.00247048,Sporobacter,ERR1073395
34040.0,1647,genus,0.00247048,Erysipelothrix,ERR1073395
34040.0,200677,genus,0.00247048,Meniscus,ERR1073395
34040.0,239934,genus,0.00247048,Akkermansia,ERR1073395
34040.0,83612,genus,0.00247048,Psychroflexus,ERR1073395
34040.0,188143,genus,0.00247048,Enterovibrio,ERR1073395
34040.0,638847,genus,0.00247048,Pyramidobacter,ERR1073395
34040.0,693074,genus,0.00247048,Caldisericum,ERR1073395
34040.0,1654,genus,0.00247048,Actinomyces,ERR1073395
34040.0,1506577,genus,0.00247048,Tyzzerella,ERR1073395
34040.0,349,genus,0.00247048,Zoogloea,ERR1073395
34040.0,224465,genus,0.00247048,Kofleria,ERR1073395
34040.0,1573535,genus,0.00247048,Holdemanella,ERR1073395
34040.0,36853,genus,0.00247048,Desulfitobacterium,ERR1073395
34040.0,104264,genus,0.00247048,Cellulophaga,ERR1073395
34040.0,319458,genus,0.00247048,Leadbetterella,ERR1073395
34040.0,581,genus,0.00247048,Morganella,ERR1073395
34040.0,32207,genus,0.00247048,Rothia,ERR1073395
34040.0,28453,genus,0.00247048,Sphingobacterium,ERR1073395
,-1,genus,4.92366,Unknown,ERR1073395
35738.0,816,genus,20.1255,Bacteroides,ERR1073450
35738.0,216851,genus,15.1317,Faecalibacterium,ERR1073450
35738.0,1508657,genus,10.0628,Ruminiclostridium,ERR1073450
35738.0,239759,genus,3.08496,Alistipes,ERR1073450
35738.0,33042,genus,2.60023,Coprococcus,ERR1073450
35738.0,1506553,genus,2.48751,Lachnoclostridium,ERR1073450
35738.0,841,genus,2.17563,Roseburia,ERR1073450
35738.0,44748,genus,1.76605,Sporobacter,ERR1073450
35738.0,459786,genus,1.5406,Oscillibacter,ERR1073450
35738.0,572511,genus,1.45418,Blautia,ERR1073450
35738.0,397864,genus,1.42412,Barnesiella,ERR1073450
35738.0,375288,genus,1.4166,Parabacteroides,ERR1073450
35738.0,836,genus,1.07842,Porphyromonas,ERR1073450
35738.0,1678,genus,1.00327,Bifidobacterium,ERR1073450
35738.0,577310,genus,0.875512,Parasutterella,ERR1073450
35738.0,1505663,genus,0.74024,Erysipelatoclostridium,ERR1073450
35738.0,1506577,genus,0.683876,Tyzzerella,ERR1073450
35738.0,838,genus,0.552362,Prevotella,ERR1073450
35738.0,1730,genus,0.488483,Eubacterium,ERR1073450
35738.0,1263,genus,0.360726,Ruminococcus,ERR1073450
35738.0,2147,genus,0.289332,Acholeplasma,ERR1073450
35738.0,1716,genus,0.27806,Corynebacterium,ERR1073450
35738.0,283168,genus,0.274302,Odoribacter,ERR1073450
35738.0,41273,genus,0.240484,Tissierella,ERR1073450
35738.0,1485,genus,0.217939,Clostridium,ERR1073450
35738.0,2132,genus,0.210423,Spiroplasma,ERR1073450
35738.0,165779,genus,0.184121,Anaerococcus,ERR1073450
35738.0,244127,genus,0.165333,Anaerotruncus,ERR1073450
35738.0,162289,genus,0.15406,Peptoniphilus,ERR1073450
35738.0,39948,genus,0.124,Dialister,ERR1073450
35738.0,189330,genus,0.116484,Dorea,ERR1073450
35738.0,239934,genus,0.0976966,Akkermansia,ERR1073450
35738.0,150022,genus,0.0939391,Finegoldia,ERR1073450
35738.0,2740,genus,0.0789088,Peptococcus,ERR1073450
35738.0,1505657,genus,0.0638786,Intestinibacter,ERR1073450
35738.0,1279,genus,0.0526059,Staphylococcus,ERR1073450
35738.0,194,genus,0.0526059,Campylobacter,ERR1073450
35738.0,1200657,genus,0.0488483,Saccharofermentans,ERR1073450
35738.0,1301,genus,0.0488483,Streptococcus,ERR1073450
35738.0,1578,genus,0.0450907,Lactobacillus,ERR1073450
35738.0,184869,genus,0.0413332,Varibaculum,ERR1073450
35738.0,35832,genus,0.0375756,Bilophila,ERR1073450
35738.0,482,genus,0.0187878,Neisseria,ERR1073450
35738.0,79206,genus,0.0187878,Desulfosporosinus,ERR1073450
35738.0,86331,genus,0.0187878,Mogibacterium,ERR1073450
35738.0,207244,genus,0.0187878,Anaerostipes,ERR1073450
35738.0,2050,genus,0.0187878,Mobiluncus,ERR1073450
35738.0,118966,genus,0.0187878,Anaerorhabdus,ERR1073450
35738.0,100175,genus,0.0150302,Papillibacter,ERR1073450
35738.0,46255,genus,0.0150302,Weissella,ERR1073450
35738.0,990721,genus,0.0150302,Christensenella,ERR1073450
35738.0,1243,genus,0.0150302,Leuconostoc,ERR1073450
35738.0,1654,genus,0.0112727,Actinomyces,ERR1073450
35738.0,29465,genus,0.0112727,Veillonella,ERR1073450
35738.0,846,genus,0.0112727,Oxalobacter,ERR1073450
35738.0,1386,genus,0.0112727,Bacillus,ERR1073450
35738.0,84111,genus,0.0112727,Eggerthella,ERR1073450
35738.0,2701,genus,0.0112727,Gardnerella,ERR1073450
35738.0,286,genus,0.0112727,Pseudomonas,ERR1073450
35738.0,830,genus,0.0112727,Butyrivibrio,ERR1073450
35738.0,724,genus,0.00751512,Haemophilus,ERR1073450
35738.0,41275,genus,0.00751512,Brevundimonas,ERR1073450
35738.0,670486,genus,0.00751512,Dehalogenimonas,ERR1073450
35738.0,52784,genus,0.00751512,Anaerofilum,ERR1073450
35738.0,392735,genus,0.00751512,Uliginosibacterium,ERR1073450
35738.0,59732,genus,0.00751512,Chryseobacterium,ERR1073450
35738.0,233191,genus,0.00751512,Caldilinea,ERR1073450
35738.0,83660,genus,0.00751512,Desulfonispora,ERR1073450
35738.0,1827,genus,0.00751512,Rhodococcus,ERR1073450
35738.0,1486726,genus,0.00751512,Pseudobacteroides,ERR1073450
35738.0,1378,genus,0.00751512,Gemella,ERR1073450
35738.0,32207,genus,0.00751512,Rothia,ERR1073450
35738.0,61434,genus,0.00375756,Dehalococcoides,ERR1073450
35738.0,137460,genus,0.00375756,Aerosphaera,ERR1073450
35738.0,1380,genus,0.00375756,Atopobium,ERR1073450
35738.0,375928,genus,0.00375756,Natranaerobius,ERR1073450
35738.0,1253,genus,0.00375756,Pediococcus,ERR1073450
35738.0,379899,genus,0.00375756,Niabella,ERR1073450
35738.0,31983,genus,0.00375756,Helcococcus,ERR1073450
35738.0,848,genus,0.00375756,Fusobacterium,ERR1073450
35738.0,207599,genus,0.00375756,Solirubrobacter,ERR1073450
35738.0,1562,genus,0.00375756,Desulfotomaculum,ERR1073450
35738.0,44249,genus,0.00375756,Paenibacillus,ERR1073450
35738.0,44262,genus,0.00375756,Oxalophagus,ERR1073450
35738.0,46205,genus,0.00375756,Pseudobutyrivibrio,ERR1073450
35738.0,2152,genus,0.00375756,Asteroleplasma,ERR1073450
35738.0,467975,genus,0.00375756,Iamia,ERR1073450
35738.0,278993,genus,0.00375756,Thermincola,ERR1073450
35738.0,233189,genus,0.00375756,Anaerolinea,ERR1073450
35738.0,543311,genus,0.00375756,Parvimonas,ERR1073450
35738.0,144193,genus,0.00375756,Turicella,ERR1073450
35738.0,1016,genus,0.00375756,Capnocytophaga,ERR1073450
35738.0,28033,genus,0.00375756,Sulfobacillus,ERR1073450
35738.0,28453,genus,0.00375756,Sphingobacterium,ERR1073450
35738.0,186831,genus,0.00375756,Acetoanaerobium,ERR1073450
35738.0,262406,genus,0.00375756,Thermobaculum,ERR1073450
35738.0,51668,genus,0.00375756,Tetragenococcus,ERR1073450
35738.0,420345,genus,0.00375756,Lactonifactor,ERR1073450
35738.0,441,genus,0.00375756,Gluconobacter,ERR1073450
35738.0,117563,genus,0.00375756,Granulicatella,ERR1073450
35738.0,469,genus,0.00375756,Acinetobacter,ERR1073450
35738.0,379,genus,0.00375756,Rhizobium,ERR1073450
35738.0,1357,genus,0.00375756,Lactococcus,ERR1073450
35738.0,1269,genus,0.00375756,Micrococcus,ERR1073450
35738.0,1742989,genus,0.00375756,Glutamicibacter,ERR1073450
35738.0,28138,genus,0.00375756,Rikenella,ERR1073450
35738.0,626,genus,0.00375756,Xenorhabdus,ERR1073450
35738.0,1164882,genus,0.00375756,Lachnoanaerobaculum,ERR1073450
35738.0,1350,genus,0.00375756,Enterococcus,ERR1073450
,-1,genus,27.1146,Unknown,ERR1073450
38427.0,816,genus,35.4478,Bacteroides,ERR1073490
38427.0,216851,genus,7.2235,Faecalibacterium,ERR1073490
38427.0,239759,genus,3.57188,Alistipes,ERR1073490
38427.0,459786,genus,2.61194,Oscillibacter,ERR1073490
38427.0,375288,genus,2.0921,Parabacteroides,ERR1073490
38427.0,33042,genus,1.90394,Coprococcus,ERR1073490
38427.0,1506553,genus,1.69665,Lachnoclostridium,ERR1073490
38427.0,397864,genus,1.05881,Barnesiella,ERR1073490
38427.0,39948,genus,0.733512,Dialister,ERR1073490
38427.0,841,genus,0.711188,Roseburia,ERR1073490
38427.0,577309,genus,0.695242,Paraprevotella,ERR1073490
38427.0,577310,genus,0.666539,Parasutterella,ERR1073490
38427.0,572511,genus,0.532593,Blautia,ERR1073490
38427.0,1730,genus,0.526215,Eubacterium,ERR1073490
38427.0,872,genus,0.462431,Desulfovibrio,ERR1073490
38427.0,283168,genus,0.424161,Odoribacter,ERR1073490
38427.0,1263,genus,0.373134,Ruminococcus,ERR1073490
38427.0,1508657,genus,0.369945,Ruminiclostridium,ERR1073490
38427.0,239934,genus,0.331675,Akkermansia,ERR1073490
38427.0,286,genus,0.328486,Pseudomonas,ERR1073490
38427.0,1505663,genus,0.302972,Erysipelatoclostridium,ERR1073490
38427.0,244127,genus,0.290216,Anaerotruncus,ERR1073490
38427.0,44748,genus,0.105243,Sporobacter,ERR1073490
38427.0,1716,genus,0.0605945,Corynebacterium,ERR1073490
38427.0,1301,genus,0.0542161,Streptococcus,ERR1073490
38427.0,990721,genus,0.0446486,Christensenella,ERR1073490
38427.0,1506577,genus,0.0446486,Tyzzerella,ERR1073490
38427.0,1386,genus,0.0414594,Bacillus,ERR1073490
38427.0,1578,genus,0.0414594,Lactobacillus,ERR1073490
38427.0,278993,genus,0.0382702,Thermincola,ERR1073490
38427.0,2152,genus,0.035081,Asteroleplasma,ERR1073490
38427.0,189330,genus,0.035081,Dorea,ERR1073490
38427.0,838,genus,0.0318918,Prevotella,ERR1073490
38427.0,724,genus,0.0287026,Haemophilus,ERR1073490
38427.0,1485,genus,0.0255135,Clostridium,ERR1073490
38427.0,1200657,genus,0.0255135,Saccharofermentans,ERR1073490
38427.0,35832,genus,0.0223243,Bilophila,ERR1073490
38427.0,482,genus,0.0223243,Neisseria,ERR1073490
38427.0,52784,genus,0.0223243,Anaerofilum,ERR1073490
38427.0,1678,genus,0.0159459,Bifidobacterium,ERR1073490
38427.0,207244,genus,0.0159459,Anaerostipes,ERR1073490
38427.0,848,genus,0.0127567,Fusobacterium,ERR1073490
38427.0,46205,genus,0.0127567,Pseudobutyrivibrio,ERR1073490
38427.0,102106,genus,0.0127567,Collinsella,ERR1073490
38427.0,117563,genus,0.0127567,Granulicatella,ERR1073490
38427.0,59732,genus,0.00956755,Chryseobacterium,ERR1073490
38427.0,767891,genus,0.00956755,Candidatus Puniceispirillum,ERR1073490
38427.0,79206,genus,0.00956755,Desulfosporosinus,ERR1073490
38427.0,561,genus,0.00956755,Escherichia,ERR1073490
38427.0,162289,genus,0.00956755,Peptoniphilus,ERR1073490
38427.0,29465,genus,0.00956755,Veillonella,ERR1073490
38427.0,1243,genus,0.00956755,Leuconostoc,ERR1073490
38427.0,32207,genus,0.00956755,Rothia,ERR1073490
38427.0,100175,genus,0.00956755,Papillibacter,ERR1073490
38427.0,184869,genus,0.00637836,Varibaculum,ERR1073490
38427.0,233189,genus,0.00637836,Anaerolinea,ERR1073490
38427.0,1654,genus,0.00637836,Actinomyces,ERR1073490
38427.0,83660,genus,0.00637836,Desulfonispora,ERR1073490
38427.0,194,genus,0.00637836,Campylobacter,ERR1073490
38427.0,392735,genus,0.00318918,Uliginosibacterium,ERR1073490
38427.0,416916,genus,0.00318918,Aggregatibacter,ERR1073490
38427.0,41275,genus,0.00318918,Brevundimonas,ERR1073490
38427.0,898,genus,0.00318918,Desulfomicrobium,ERR1073490
38427.0,1573534,genus,0.00318918,Faecalitalea,ERR1073490
38427.0,713,genus,0.00318918,Actinobacillus,ERR1073490
38427.0,620,genus,0.00318918,Shigella,ERR1073490
38427.0,207599,genus,0.00318918,Solirubrobacter,ERR1073490
38427.0,1883,genus,0.00318918,Streptomyces,ERR1073490
38427.0,195950,genus,0.00318918,Tannerella,ERR1073490
38427.0,314318,genus,0.00318918,Prolixibacter,ERR1073490
38427.0,1357,genus,0.00318918,Lactococcus,ERR1073490
38427.0,156973,genus,0.00318918,Dysgonomonas,ERR1073490
38427.0,1279,genus,0.00318918,Staphylococcus,ERR1073490
38427.0,1471399,genus,0.00318918,Draconibacterium,ERR1073490
38427.0,1378,genus,0.00318918,Gemella,ERR1073490
38427.0,187144,genus,0.00318918,Caldithrix,ERR1073490
38427.0,81,genus,0.00318918,Hyphomicrobium,ERR1073490
38427.0,55080,genus,0.00318918,Brevibacillus,ERR1073490
38427.0,28231,genus,0.00318918,Geobacter,ERR1073490
38427.0,265980,genus,0.00318918,Alkalimonas,ERR1073490
38427.0,28453,genus,0.00318918,Sphingobacterium,ERR1073490
38427.0,226,genus,0.00318918,Alteromonas,ERR1073490
38427.0,346096,genus,0.00318918,Paludibacter,ERR1073490
38427.0,399320,genus,0.00318918,Sphaerochaeta,ERR1073490
38427.0,32636,genus,0.00318918,Halothermothrix,ERR1073490
38427.0,28250,genus,0.00318918,Ornithobacterium,ERR1073490
38427.0,501783,genus,0.00318918,Cloacibacterium,ERR1073490
38427.0,1502725,genus,0.00318918,Effusibacillus,ERR1073490
38427.0,862,genus,0.00318918,Syntrophomonas,ERR1073490
38427.0,150022,genus,0.00318918,Finegoldia,ERR1073490
38427.0,830,genus,0.00318918,Butyrivibrio,ERR1073490
38427.0,55079,genus,0.00318918,Aneurinibacillus,ERR1073490
38427.0,1827,genus,0.00318918,Rhodococcus,ERR1073490
,-1,genus,36.5066,Unknown,ERR1073490
38427.0,816,genus,35.4478,Bacteroides,ERR1073490
38427.0,216851,genus,7.2235,Faecalibacterium,ERR1073490
38427.0,239759,genus,3.57188,Alistipes,ERR1073490
38427.0,459786,genus,2.61194,Oscillibacter,ERR1073490
38427.0,375288,genus,2.0921,Parabacteroides,ERR1073490
38427.0,33042,genus,1.90394,Coprococcus,ERR1073490
38427.0,1506553,genus,1.69665,Lachnoclostridium,ERR1073490
38427.0,397864,genus,1.05881,Barnesiella,ERR1073490
38427.0,39948,genus,0.733512,Dialister,ERR1073490
38427.0,841,genus,0.711188,Roseburia,ERR1073490
38427.0,577309,genus,0.695242,Paraprevotella,ERR1073490
38427.0,577310,genus,0.666539,Parasutterella,ERR1073490
38427.0,572511,genus,0.532593,Blautia,ERR1073490
38427.0,1730,genus,0.526215,Eubacterium,ERR1073490
38427.0,872,genus,0.462431,Desulfovibrio,ERR1073490
38427.0,283168,genus,0.424161,Odoribacter,ERR1073490
38427.0,1263,genus,0.373134,Ruminococcus,ERR1073490
38427.0,1508657,genus,0.369945,Ruminiclostridium,ERR1073490
38427.0,239934,genus,0.331675,Akkermansia,ERR1073490
38427.0,286,genus,0.328486,Pseudomonas,ERR1073490
38427.0,1505663,genus,0.302972,Erysipelatoclostridium,ERR1073490
38427.0,244127,genus,0.290216,Anaerotruncus,ERR1073490
38427.0,44748,genus,0.105243,Sporobacter,ERR1073490
38427.0,1716,genus,0.0605945,Corynebacterium,ERR1073490
38427.0,1301,genus,0.0542161,Streptococcus,ERR1073490
38427.0,990721,genus,0.0446486,Christensenella,ERR1073490
38427.0,1506577,genus,0.0446486,Tyzzerella,ERR1073490
38427.0,1386,genus,0.0414594,Bacillus,ERR1073490
38427.0,1578,genus,0.0414594,Lactobacillus,ERR1073490
38427.0,278993,genus,0.0382702,Thermincola,ERR1073490
38427.0,2152,genus,0.035081,Asteroleplasma,ERR1073490
38427.0,189330,genus,0.035081,Dorea,ERR1073490
38427.0,838,genus,0.0318918,Prevotella,ERR1073490
38427.0,724,genus,0.0287026,Haemophilus,ERR1073490
38427.0,1200657,genus,0.0255135,Saccharofermentans,ERR1073490
38427.0,1485,genus,0.0255135,Clostridium,ERR1073490
38427.0,35832,genus,0.0223243,Bilophila,ERR1073490
38427.0,482,genus,0.0223243,Neisseria,ERR1073490
38427.0,52784,genus,0.0223243,Anaerofilum,ERR1073490
38427.0,1678,genus,0.0159459,Bifidobacterium,ERR1073490
38427.0,207244,genus,0.0159459,Anaerostipes,ERR1073490
38427.0,102106,genus,0.0127567,Collinsella,ERR1073490
38427.0,117563,genus,0.0127567,Granulicatella,ERR1073490
38427.0,848,genus,0.0127567,Fusobacterium,ERR1073490
38427.0,46205,genus,0.0127567,Pseudobutyrivibrio,ERR1073490
38427.0,1243,genus,0.00956755,Leuconostoc,ERR1073490
38427.0,32207,genus,0.00956755,Rothia,ERR1073490
38427.0,100175,genus,0.00956755,Papillibacter,ERR1073490
38427.0,59732,genus,0.00956755,Chryseobacterium,ERR1073490
38427.0,767891,genus,0.00956755,Candidatus Puniceispirillum,ERR1073490
38427.0,79206,genus,0.00956755,Desulfosporosinus,ERR1073490
38427.0,561,genus,0.00956755,Escherichia,ERR1073490
38427.0,162289,genus,0.00956755,Peptoniphilus,ERR1073490
38427.0,29465,genus,0.00956755,Veillonella,ERR1073490
38427.0,83660,genus,0.00637836,Desulfonispora,ERR1073490
38427.0,194,genus,0.00637836,Campylobacter,ERR1073490
38427.0,184869,genus,0.00637836,Varibaculum,ERR1073490
38427.0,233189,genus,0.00637836,Anaerolinea,ERR1073490
38427.0,1654,genus,0.00637836,Actinomyces,ERR1073490
38427.0,501783,genus,0.00318918,Cloacibacterium,ERR1073490
38427.0,1502725,genus,0.00318918,Effusibacillus,ERR1073490
38427.0,862,genus,0.00318918,Syntrophomonas,ERR1073490
38427.0,150022,genus,0.00318918,Finegoldia,ERR1073490
38427.0,830,genus,0.00318918,Butyrivibrio,ERR1073490
38427.0,55079,genus,0.00318918,Aneurinibacillus,ERR1073490
38427.0,1827,genus,0.00318918,Rhodococcus,ERR1073490
38427.0,392735,genus,0.00318918,Uliginosibacterium,ERR1073490
38427.0,416916,genus,0.00318918,Aggregatibacter,ERR1073490
38427.0,41275,genus,0.00318918,Brevundimonas,ERR1073490
38427.0,898,genus,0.00318918,Desulfomicrobium,ERR1073490
38427.0,1573534,genus,0.00318918,Faecalitalea,ERR1073490
38427.0,713,genus,0.00318918,Actinobacillus,ERR1073490
38427.0,620,genus,0.00318918,Shigella,ERR1073490
38427.0,207599,genus,0.00318918,Solirubrobacter,ERR1073490
38427.0,1883,genus,0.00318918,Streptomyces,ERR1073490
38427.0,195950,genus,0.00318918,Tannerella,ERR1073490
38427.0,314318,genus,0.00318918,Prolixibacter,ERR1073490
38427.0,1357,genus,0.00318918,Lactococcus,ERR1073490
38427.0,156973,genus,0.00318918,Dysgonomonas,ERR1073490
38427.0,1279,genus,0.00318918,Staphylococcus,ERR1073490
38427.0,1471399,genus,0.00318918,Draconibacterium,ERR1073490
38427.0,1378,genus,0.00318918,Gemella,ERR1073490
38427.0,187144,genus,0.00318918,Caldithrix,ERR1073490
38427.0,81,genus,0.00318918,Hyphomicrobium,ERR1073490
38427.0,55080,genus,0.00318918,Brevibacillus,ERR1073490
38427.0,28231,genus,0.00318918,Geobacter,ERR1073490
38427.0,265980,genus,0.00318918,Alkalimonas,ERR1073490
38427.0,28453,genus,0.00318918,Sphingobacterium,ERR1073490
38427.0,226,genus,0.00318918,Alteromonas,ERR1073490
38427.0,346096,genus,0.00318918,Paludibacter,ERR1073490
38427.0,399320,genus,0.00318918,Sphaerochaeta,ERR1073490
38427.0,32636,genus,0.00318918,Halothermothrix,ERR1073490
38427.0,28250,genus,0.00318918,Ornithobacterium,ERR1073490
,-1,genus,36.5066,Unknown,ERR1073490
38427.0,816,genus,35.4478,Bacteroides,ERR1073490
38427.0,216851,genus,7.2235,Faecalibacterium,ERR1073490
38427.0,239759,genus,3.57188,Alistipes,ERR1073490
38427.0,459786,genus,2.61194,Oscillibacter,ERR1073490
38427.0,375288,genus,2.0921,Parabacteroides,ERR1073490
38427.0,33042,genus,1.90394,Coprococcus,ERR1073490
38427.0,1506553,genus,1.69665,Lachnoclostridium,ERR1073490
38427.0,397864,genus,1.05881,Barnesiella,ERR1073490
38427.0,39948,genus,0.733512,Dialister,ERR1073490
38427.0,841,genus,0.711188,Roseburia,ERR1073490
38427.0,577309,genus,0.695242,Paraprevotella,ERR1073490
38427.0,577310,genus,0.666539,Parasutterella,ERR1073490
38427.0,572511,genus,0.532593,Blautia,ERR1073490
38427.0,1730,genus,0.526215,Eubacterium,ERR1073490
38427.0,872,genus,0.462431,Desulfovibrio,ERR1073490
38427.0,283168,genus,0.424161,Odoribacter,ERR1073490
38427.0,1263,genus,0.373134,Ruminococcus,ERR1073490
38427.0,1508657,genus,0.369945,Ruminiclostridium,ERR1073490
38427.0,239934,genus,0.331675,Akkermansia,ERR1073490
38427.0,286,genus,0.328486,Pseudomonas,ERR1073490
38427.0,1505663,genus,0.302972,Erysipelatoclostridium,ERR1073490
38427.0,244127,genus,0.290216,Anaerotruncus,ERR1073490
38427.0,44748,genus,0.105243,Sporobacter,ERR1073490
38427.0,1716,genus,0.0605945,Corynebacterium,ERR1073490
38427.0,1301,genus,0.0542161,Streptococcus,ERR1073490
38427.0,990721,genus,0.0446486,Christensenella,ERR1073490
38427.0,1506577,genus,0.0446486,Tyzzerella,ERR1073490
38427.0,1578,genus,0.0414594,Lactobacillus,ERR1073490
38427.0,1386,genus,0.0414594,Bacillus,ERR1073490
38427.0,278993,genus,0.0382702,Thermincola,ERR1073490
38427.0,2152,genus,0.035081,Asteroleplasma,ERR1073490
38427.0,189330,genus,0.035081,Dorea,ERR1073490
38427.0,838,genus,0.0318918,Prevotella,ERR1073490
38427.0,724,genus,0.0287026,Haemophilus,ERR1073490
38427.0,1485,genus,0.0255135,Clostridium,ERR1073490
38427.0,1200657,genus,0.0255135,Saccharofermentans,ERR1073490
38427.0,52784,genus,0.0223243,Anaerofilum,ERR1073490
38427.0,482,genus,0.0223243,Neisseria,ERR1073490
38427.0,35832,genus,0.0223243,Bilophila,ERR1073490
38427.0,1678,genus,0.0159459,Bifidobacterium,ERR1073490
38427.0,207244,genus,0.0159459,Anaerostipes,ERR1073490
38427.0,46205,genus,0.0127567,Pseudobutyrivibrio,ERR1073490
38427.0,102106,genus,0.0127567,Collinsella,ERR1073490
38427.0,117563,genus,0.0127567,Granulicatella,ERR1073490
38427.0,848,genus,0.0127567,Fusobacterium,ERR1073490
38427.0,767891,genus,0.00956755,Candidatus Puniceispirillum,ERR1073490
38427.0,79206,genus,0.00956755,Desulfosporosinus,ERR1073490
38427.0,561,genus,0.00956755,Escherichia,ERR1073490
38427.0,162289,genus,0.00956755,Peptoniphilus,ERR1073490
38427.0,29465,genus,0.00956755,Veillonella,ERR1073490
38427.0,1243,genus,0.00956755,Leuconostoc,ERR1073490
38427.0,32207,genus,0.00956755,Rothia,ERR1073490
38427.0,100175,genus,0.00956755,Papillibacter,ERR1073490
38427.0,59732,genus,0.00956755,Chryseobacterium,ERR1073490
38427.0,233189,genus,0.00637836,Anaerolinea,ERR1073490
38427.0,1654,genus,0.00637836,Actinomyces,ERR1073490
38427.0,83660,genus,0.00637836,Desulfonispora,ERR1073490
38427.0,194,genus,0.00637836,Campylobacter,ERR1073490
38427.0,184869,genus,0.00637836,Varibaculum,ERR1073490
38427.0,1471399,genus,0.00318918,Draconibacterium,ERR1073490
38427.0,1378,genus,0.00318918,Gemella,ERR1073490
38427.0,1279,genus,0.00318918,Staphylococcus,ERR1073490
38427.0,187144,genus,0.00318918,Caldithrix,ERR1073490
38427.0,81,genus,0.00318918,Hyphomicrobium,ERR1073490
38427.0,265980,genus,0.00318918,Alkalimonas,ERR1073490
38427.0,55080,genus,0.00318918,Brevibacillus,ERR1073490
38427.0,28231,genus,0.00318918,Geobacter,ERR1073490
38427.0,28453,genus,0.00318918,Sphingobacterium,ERR1073490
38427.0,226,genus,0.00318918,Alteromonas,ERR1073490
38427.0,28250,genus,0.00318918,Ornithobacterium,ERR1073490
38427.0,346096,genus,0.00318918,Paludibacter,ERR1073490
38427.0,399320,genus,0.00318918,Sphaerochaeta,ERR1073490
38427.0,32636,genus,0.00318918,Halothermothrix,ERR1073490
38427.0,1502725,genus,0.00318918,Effusibacillus,ERR1073490
38427.0,501783,genus,0.00318918,Cloacibacterium,ERR1073490
38427.0,1827,genus,0.00318918,Rhodococcus,ERR1073490
38427.0,862,genus,0.00318918,Syntrophomonas,ERR1073490
38427.0,150022,genus,0.00318918,Finegoldia,ERR1073490
38427.0,830,genus,0.00318918,Butyrivibrio,ERR1073490
38427.0,55079,genus,0.00318918,Aneurinibacillus,ERR1073490
38427.0,416916,genus,0.00318918,Aggregatibacter,ERR1073490
38427.0,392735,genus,0.00318918,Uliginosibacterium,ERR1073490
38427.0,713,genus,0.00318918,Actinobacillus,ERR1073490
38427.0,41275,genus,0.00318918,Brevundimonas,ERR1073490
38427.0,898,genus,0.00318918,Desulfomicrobium,ERR1073490
38427.0,1573534,genus,0.00318918,Faecalitalea,ERR1073490
38427.0,620,genus,0.00318918,Shigella,ERR1073490
38427.0,207599,genus,0.00318918,Solirubrobacter,ERR1073490
38427.0,1883,genus,0.00318918,Streptomyces,ERR1073490
38427.0,195950,genus,0.00318918,Tannerella,ERR1073490
38427.0,314318,genus,0.00318918,Prolixibacter,ERR1073490
38427.0,1357,genus,0.00318918,Lactococcus,ERR1073490
38427.0,156973,genus,0.00318918,Dysgonomonas,ERR1073490
,-1,genus,36.5066,Unknown,ERR1073490
38428.0,816,genus,43.5543,Bacteroides,ERR1073491
38428.0,216851,genus,11.9034,Faecalibacterium,ERR1073491
38428.0,1263,genus,6.1774,Ruminococcus,ERR1073491
38428.0,239759,genus,5.6029,Alistipes,ERR1073491
38428.0,375288,genus,3.93624,Parabacteroides,ERR1073491
38428.0,397864,genus,2.66098,Barnesiella,ERR1073491
38428.0,1506553,genus,2.60732,Lachnoclostridium,ERR1073491
38428.0,33042,genus,2.43371,Coprococcus,ERR1073491
38428.0,283168,genus,2.07702,Odoribacter,ERR1073491
38428.0,1730,genus,1.30997,Eubacterium,ERR1073491
38428.0,904,genus,1.28472,Acidaminococcus,ERR1073491
38428.0,872,genus,0.669192,Desulfovibrio,ERR1073491
38428.0,459786,genus,0.656566,Oscillibacter,ERR1073491
38428.0,1508657,genus,0.583965,Ruminiclostridium,ERR1073491
38428.0,572511,genus,0.476641,Blautia,ERR1073491
38428.0,1506577,genus,0.454545,Tyzzerella,ERR1073491
38428.0,841,genus,0.407197,Roseburia,ERR1073491
38428.0,35832,genus,0.255682,Bilophila,ERR1073491
38428.0,239934,genus,0.176768,Akkermansia,ERR1073491
38428.0,1678,genus,0.157828,Bifidobacterium,ERR1073491
38428.0,244127,genus,0.126263,Anaerotruncus,ERR1073491
38428.0,172900,genus,0.123106,Victivallis,ERR1073491
38428.0,1505663,genus,0.113636,Erysipelatoclostridium,ERR1073491
38428.0,44748,genus,0.0852273,Sporobacter,ERR1073491
38428.0,577310,genus,0.0599747,Parasutterella,ERR1073491
38428.0,1301,genus,0.050505,Streptococcus,ERR1073491
38428.0,189330,genus,0.050505,Dorea,ERR1073491
38428.0,1386,genus,0.0441919,Bacillus,ERR1073491
38428.0,442430,genus,0.0410354,Coraliomargarita,ERR1073491
38428.0,207244,genus,0.0378788,Anaerostipes,ERR1073491
38428.0,1350,genus,0.0378788,Enterococcus,ERR1073491
38428.0,52784,genus,0.0252525,Anaerofilum,ERR1073491
38428.0,1485,genus,0.0252525,Clostridium,ERR1073491
38428.0,838,genus,0.022096,Prevotella,ERR1073491
38428.0,29465,genus,0.022096,Veillonella,ERR1073491
38428.0,286,genus,0.0189394,Pseudomonas,ERR1073491
38428.0,1578,genus,0.0189394,Lactobacillus,ERR1073491
38428.0,270497,genus,0.0157828,Catabacter,ERR1073491
38428.0,40544,genus,0.0157828,Sutterella,ERR1073491
38428.0,61170,genus,0.0157828,Holdemania,ERR1073491
38428.0,846,genus,0.0157828,Oxalobacter,ERR1073491
38428.0,724,genus,0.0126263,Haemophilus,ERR1073491
38428.0,990721,genus,0.0126263,Christensenella,ERR1073491
38428.0,28453,genus,0.0126263,Sphingobacterium,ERR1073491
38428.0,32207,genus,0.0126263,Rothia,ERR1073491
38428.0,84111,genus,0.0126263,Eggerthella,ERR1073491
38428.0,482,genus,0.0126263,Neisseria,ERR1073491
38428.0,1654,genus,0.0094697,Actinomyces,ERR1073491
38428.0,28138,genus,0.0094697,Rikenella,ERR1073491
38428.0,40323,genus,0.0094697,Stenotrophomonas,ERR1073491
38428.0,2172,genus,0.0094697,Methanobrevibacter,ERR1073491
38428.0,1279,genus,0.0094697,Staphylococcus,ERR1073491
38428.0,1471399,genus,0.0094697,Draconibacterium,ERR1073491
38428.0,79206,genus,0.00631313,Desulfosporosinus,ERR1073491
38428.0,1378,genus,0.00631313,Gemella,ERR1073491
38428.0,100883,genus,0.00631313,Coprobacillus,ERR1073491
38428.0,278993,genus,0.00631313,Thermincola,ERR1073491
38428.0,1505657,genus,0.00315657,Intestinibacter,ERR1073491
38428.0,226,genus,0.00315657,Alteromonas,ERR1073491
38428.0,1357,genus,0.00315657,Lactococcus,ERR1073491
38428.0,583,genus,0.00315657,Proteus,ERR1073491
38428.0,41275,genus,0.00315657,Brevundimonas,ERR1073491
38428.0,467975,genus,0.00315657,Iamia,ERR1073491
38428.0,1505664,genus,0.00315657,Gottschalkia,ERR1073491
38428.0,233189,genus,0.00315657,Anaerolinea,ERR1073491
38428.0,46123,genus,0.00315657,Abiotrophia,ERR1073491
38428.0,29393,genus,0.00315657,Dolosigranulum,ERR1073491
38428.0,2147,genus,0.00315657,Acholeplasma,ERR1073491
38428.0,586,genus,0.00315657,Providencia,ERR1073491
38428.0,59732,genus,0.00315657,Chryseobacterium,ERR1073491
38428.0,165696,genus,0.00315657,Novosphingobium,ERR1073491
38428.0,120831,genus,0.00315657,Dyadobacter,ERR1073491
38428.0,194,genus,0.00315657,Campylobacter,ERR1073491
38428.0,1742989,genus,0.00315657,Glutamicibacter,ERR1073491
38428.0,469,genus,0.00315657,Acinetobacter,ERR1073491
38428.0,267986,genus,0.00315657,Owenweeksia,ERR1073491
38428.0,862,genus,0.00315657,Syntrophomonas,ERR1073491
38428.0,262406,genus,0.00315657,Thermobaculum,ERR1073491
38428.0,1716,genus,0.00315657,Corynebacterium,ERR1073491
38428.0,131079,genus,0.00315657,Limnobacter,ERR1073491
38428.0,404,genus,0.00315657,Methylobacillus,ERR1073491
38428.0,46205,genus,0.00315657,Pseudobutyrivibrio,ERR1073491
38428.0,577309,genus,0.00315657,Paraprevotella,ERR1073491
38428.0,118747,genus,0.00315657,Bulleidia,ERR1073491
38428.0,146813,genus,0.00315657,Dendrosporobacter,ERR1073491
38428.0,2375,genus,0.00315657,Sporomusa,ERR1073491
38428.0,265980,genus,0.00315657,Alkalimonas,ERR1073491
,-1,genus,11.0574,Unknown,ERR1073491
38428.0,816,genus,43.5543,Bacteroides,ERR1073491
38428.0,216851,genus,11.9034,Faecalibacterium,ERR1073491
38428.0,1263,genus,6.1774,Ruminococcus,ERR1073491
38428.0,239759,genus,5.6029,Alistipes,ERR1073491
38428.0,375288,genus,3.93624,Parabacteroides,ERR1073491
38428.0,397864,genus,2.66098,Barnesiella,ERR1073491
38428.0,1506553,genus,2.60732,Lachnoclostridium,ERR1073491
38428.0,33042,genus,2.43371,Coprococcus,ERR1073491
38428.0,283168,genus,2.07702,Odoribacter,ERR1073491
38428.0,1730,genus,1.30997,Eubacterium,ERR1073491
38428.0,904,genus,1.28472,Acidaminococcus,ERR1073491
38428.0,872,genus,0.669192,Desulfovibrio,ERR1073491
38428.0,459786,genus,0.656566,Oscillibacter,ERR1073491
38428.0,1508657,genus,0.583965,Ruminiclostridium,ERR1073491
38428.0,572511,genus,0.476641,Blautia,ERR1073491
38428.0,1506577,genus,0.454545,Tyzzerella,ERR1073491
38428.0,841,genus,0.407197,Roseburia,ERR1073491
38428.0,35832,genus,0.255682,Bilophila,ERR1073491
38428.0,239934,genus,0.176768,Akkermansia,ERR1073491
38428.0,1678,genus,0.157828,Bifidobacterium,ERR1073491
38428.0,244127,genus,0.126263,Anaerotruncus,ERR1073491
38428.0,172900,genus,0.123106,Victivallis,ERR1073491
38428.0,1505663,genus,0.113636,Erysipelatoclostridium,ERR1073491
38428.0,44748,genus,0.0852273,Sporobacter,ERR1073491
38428.0,577310,genus,0.0599747,Parasutterella,ERR1073491
38428.0,189330,genus,0.050505,Dorea,ERR1073491
38428.0,1301,genus,0.050505,Streptococcus,ERR1073491
38428.0,1386,genus,0.0441919,Bacillus,ERR1073491
38428.0,442430,genus,0.0410354,Coraliomargarita,ERR1073491
38428.0,207244,genus,0.0378788,Anaerostipes,ERR1073491
38428.0,1350,genus,0.0378788,Enterococcus,ERR1073491
38428.0,1485,genus,0.0252525,Clostridium,ERR1073491
38428.0,52784,genus,0.0252525,Anaerofilum,ERR1073491
38428.0,838,genus,0.022096,Prevotella,ERR1073491
38428.0,29465,genus,0.022096,Veillonella,ERR1073491
38428.0,286,genus,0.0189394,Pseudomonas,ERR1073491
38428.0,1578,genus,0.0189394,Lactobacillus,ERR1073491
38428.0,61170,genus,0.0157828,Holdemania,ERR1073491
38428.0,846,genus,0.0157828,Oxalobacter,ERR1073491
38428.0,270497,genus,0.0157828,Catabacter,ERR1073491
38428.0,40544,genus,0.0157828,Sutterella,ERR1073491
38428.0,724,genus,0.0126263,Haemophilus,ERR1073491
38428.0,990721,genus,0.0126263,Christensenella,ERR1073491
38428.0,28453,genus,0.0126263,Sphingobacterium,ERR1073491
38428.0,32207,genus,0.0126263,Rothia,ERR1073491
38428.0,84111,genus,0.0126263,Eggerthella,ERR1073491
38428.0,482,genus,0.0126263,Neisseria,ERR1073491
38428.0,40323,genus,0.0094697,Stenotrophomonas,ERR1073491
38428.0,2172,genus,0.0094697,Methanobrevibacter,ERR1073491
38428.0,1279,genus,0.0094697,Staphylococcus,ERR1073491
38428.0,1471399,genus,0.0094697,Draconibacterium,ERR1073491
38428.0,1654,genus,0.0094697,Actinomyces,ERR1073491
38428.0,28138,genus,0.0094697,Rikenella,ERR1073491
38428.0,1378,genus,0.00631313,Gemella,ERR1073491
38428.0,100883,genus,0.00631313,Coprobacillus,ERR1073491
38428.0,278993,genus,0.00631313,Thermincola,ERR1073491
38428.0,79206,genus,0.00631313,Desulfosporosinus,ERR1073491
38428.0,583,genus,0.00315657,Proteus,ERR1073491
38428.0,41275,genus,0.00315657,Brevundimonas,ERR1073491
38428.0,467975,genus,0.00315657,Iamia,ERR1073491
38428.0,1505664,genus,0.00315657,Gottschalkia,ERR1073491
38428.0,233189,genus,0.00315657,Anaerolinea,ERR1073491
38428.0,46123,genus,0.00315657,Abiotrophia,ERR1073491
38428.0,29393,genus,0.00315657,Dolosigranulum,ERR1073491
38428.0,2147,genus,0.00315657,Acholeplasma,ERR1073491
38428.0,586,genus,0.00315657,Providencia,ERR1073491
38428.0,59732,genus,0.00315657,Chryseobacterium,ERR1073491
38428.0,165696,genus,0.00315657,Novosphingobium,ERR1073491
38428.0,120831,genus,0.00315657,Dyadobacter,ERR1073491
38428.0,194,genus,0.00315657,Campylobacter,ERR1073491
38428.0,1742989,genus,0.00315657,Glutamicibacter,ERR1073491
38428.0,469,genus,0.00315657,Acinetobacter,ERR1073491
38428.0,267986,genus,0.00315657,Owenweeksia,ERR1073491
38428.0,862,genus,0.00315657,Syntrophomonas,ERR1073491
38428.0,262406,genus,0.00315657,Thermobaculum,ERR1073491
38428.0,1716,genus,0.00315657,Corynebacterium,ERR1073491
38428.0,131079,genus,0.00315657,Limnobacter,ERR1073491
38428.0,404,genus,0.00315657,Methylobacillus,ERR1073491
38428.0,46205,genus,0.00315657,Pseudobutyrivibrio,ERR1073491
38428.0,577309,genus,0.00315657,Paraprevotella,ERR1073491
38428.0,118747,genus,0.00315657,Bulleidia,ERR1073491
38428.0,146813,genus,0.00315657,Dendrosporobacter,ERR1073491
38428.0,2375,genus,0.00315657,Sporomusa,ERR1073491
38428.0,265980,genus,0.00315657,Alkalimonas,ERR1073491
38428.0,1505657,genus,0.00315657,Intestinibacter,ERR1073491
38428.0,226,genus,0.00315657,Alteromonas,ERR1073491
38428.0,1357,genus,0.00315657,Lactococcus,ERR1073491
,-1,genus,11.0574,Unknown,ERR1073491
38428.0,816,genus,43.5543,Bacteroides,ERR1073491
38428.0,216851,genus,11.9034,Faecalibacterium,ERR1073491
38428.0,1263,genus,6.1774,Ruminococcus,ERR1073491
38428.0,239759,genus,5.6029,Alistipes,ERR1073491
38428.0,375288,genus,3.93624,Parabacteroides,ERR1073491
38428.0,397864,genus,2.66098,Barnesiella,ERR1073491
38428.0,1506553,genus,2.60732,Lachnoclostridium,ERR1073491
38428.0,33042,genus,2.43371,Coprococcus,ERR1073491
38428.0,283168,genus,2.07702,Odoribacter,ERR1073491
38428.0,1730,genus,1.30997,Eubacterium,ERR1073491
38428.0,904,genus,1.28472,Acidaminococcus,ERR1073491
38428.0,872,genus,0.669192,Desulfovibrio,ERR1073491
38428.0,459786,genus,0.656566,Oscillibacter,ERR1073491
38428.0,1508657,genus,0.583965,Ruminiclostridium,ERR1073491
38428.0,572511,genus,0.476641,Blautia,ERR1073491
38428.0,1506577,genus,0.454545,Tyzzerella,ERR1073491
38428.0,841,genus,0.407197,Roseburia,ERR1073491
38428.0,35832,genus,0.255682,Bilophila,ERR1073491
38428.0,239934,genus,0.176768,Akkermansia,ERR1073491
38428.0,1678,genus,0.157828,Bifidobacterium,ERR1073491
38428.0,244127,genus,0.126263,Anaerotruncus,ERR1073491
38428.0,172900,genus,0.123106,Victivallis,ERR1073491
38428.0,1505663,genus,0.113636,Erysipelatoclostridium,ERR1073491
38428.0,44748,genus,0.0852273,Sporobacter,ERR1073491
38428.0,577310,genus,0.0599747,Parasutterella,ERR1073491
38428.0,1301,genus,0.050505,Streptococcus,ERR1073491
38428.0,189330,genus,0.050505,Dorea,ERR1073491
38428.0,1386,genus,0.0441919,Bacillus,ERR1073491
38428.0,442430,genus,0.0410354,Coraliomargarita,ERR1073491
38428.0,207244,genus,0.0378788,Anaerostipes,ERR1073491
38428.0,1350,genus,0.0378788,Enterococcus,ERR1073491
38428.0,1485,genus,0.0252525,Clostridium,ERR1073491
38428.0,52784,genus,0.0252525,Anaerofilum,ERR1073491
38428.0,838,genus,0.022096,Prevotella,ERR1073491
38428.0,29465,genus,0.022096,Veillonella,ERR1073491
38428.0,286,genus,0.0189394,Pseudomonas,ERR1073491
38428.0,1578,genus,0.0189394,Lactobacillus,ERR1073491
38428.0,61170,genus,0.0157828,Holdemania,ERR1073491
38428.0,846,genus,0.0157828,Oxalobacter,ERR1073491
38428.0,40544,genus,0.0157828,Sutterella,ERR1073491
38428.0,270497,genus,0.0157828,Catabacter,ERR1073491
38428.0,32207,genus,0.0126263,Rothia,ERR1073491
38428.0,482,genus,0.0126263,Neisseria,ERR1073491
38428.0,84111,genus,0.0126263,Eggerthella,ERR1073491
38428.0,990721,genus,0.0126263,Christensenella,ERR1073491
38428.0,724,genus,0.0126263,Haemophilus,ERR1073491
38428.0,28453,genus,0.0126263,Sphingobacterium,ERR1073491
38428.0,40323,genus,0.0094697,Stenotrophomonas,ERR1073491
38428.0,1279,genus,0.0094697,Staphylococcus,ERR1073491
38428.0,2172,genus,0.0094697,Methanobrevibacter,ERR1073491
38428.0,1471399,genus,0.0094697,Draconibacterium,ERR1073491
38428.0,1654,genus,0.0094697,Actinomyces,ERR1073491
38428.0,28138,genus,0.0094697,Rikenella,ERR1073491
38428.0,278993,genus,0.00631313,Thermincola,ERR1073491
38428.0,100883,genus,0.00631313,Coprobacillus,ERR1073491
38428.0,79206,genus,0.00631313,Desulfosporosinus,ERR1073491
38428.0,1378,genus,0.00631313,Gemella,ERR1073491
38428.0,586,genus,0.00315657,Providencia,ERR1073491
38428.0,59732,genus,0.00315657,Chryseobacterium,ERR1073491
38428.0,2147,genus,0.00315657,Acholeplasma,ERR1073491
38428.0,120831,genus,0.00315657,Dyadobacter,ERR1073491
38428.0,165696,genus,0.00315657,Novosphingobium,ERR1073491
38428.0,1742989,genus,0.00315657,Glutamicibacter,ERR1073491
38428.0,469,genus,0.00315657,Acinetobacter,ERR1073491
38428.0,267986,genus,0.00315657,Owenweeksia,ERR1073491
38428.0,194,genus,0.00315657,Campylobacter,ERR1073491
38428.0,262406,genus,0.00315657,Thermobaculum,ERR1073491
38428.0,862,genus,0.00315657,Syntrophomonas,ERR1073491
38428.0,404,genus,0.00315657,Methylobacillus,ERR1073491
38428.0,1716,genus,0.00315657,Corynebacterium,ERR1073491
38428.0,131079,genus,0.00315657,Limnobacter,ERR1073491
38428.0,577309,genus,0.00315657,Paraprevotella,ERR1073491
38428.0,118747,genus,0.00315657,Bulleidia,ERR1073491
38428.0,46205,genus,0.00315657,Pseudobutyrivibrio,ERR1073491
38428.0,146813,genus,0.00315657,Dendrosporobacter,ERR1073491
38428.0,265980,genus,0.00315657,Alkalimonas,ERR1073491
38428.0,2375,genus,0.00315657,Sporomusa,ERR1073491
38428.0,1505657,genus,0.00315657,Intestinibacter,ERR1073491
38428.0,226,genus,0.00315657,Alteromonas,ERR1073491
38428.0,1357,genus,0.00315657,Lactococcus,ERR1073491
38428.0,583,genus,0.00315657,Proteus,ERR1073491
38428.0,41275,genus,0.00315657,Brevundimonas,ERR1073491
38428.0,467975,genus,0.00315657,Iamia,ERR1073491
38428.0,1505664,genus,0.00315657,Gottschalkia,ERR1073491
38428.0,29393,genus,0.00315657,Dolosigranulum,ERR1073491
38428.0,233189,genus,0.00315657,Anaerolinea,ERR1073491
38428.0,46123,genus,0.00315657,Abiotrophia,ERR1073491
,-1,genus,11.0574,Unknown,ERR1073491
46577.0,816,genus,2.85197,Bacteroides,ERR1073655
46577.0,216851,genus,1.84635,Faecalibacterium,ERR1073655
46577.0,375288,genus,1.18679,Parabacteroides,ERR1073655
46577.0,239759,genus,1.18069,Alistipes,ERR1073655
46577.0,904,genus,0.755232,Acidaminococcus,ERR1073655
46577.0,544,genus,0.368455,Citrobacter,ERR1073655
46577.0,572511,genus,0.262601,Blautia,ERR1073655
46577.0,286,genus,0.219852,Pseudomonas,ERR1073655
46577.0,1506553,genus,0.18321,Lachnoclostridium,ERR1073655
46577.0,1301,genus,0.109926,Streptococcus,ERR1073655
46577.0,577310,genus,0.0916049,Parasutterella,ERR1073655
46577.0,1730,genus,0.0712483,Eubacterium,ERR1073655
46577.0,1386,genus,0.0671769,Bacillus,ERR1073655
46577.0,1263,genus,0.054963,Ruminococcus,ERR1073655
46577.0,1505657,genus,0.0529273,Intestinibacter,ERR1073655
46577.0,1578,genus,0.0447846,Lactobacillus,ERR1073655
46577.0,244127,genus,0.0407133,Anaerotruncus,ERR1073655
46577.0,1508657,genus,0.0386776,Ruminiclostridium,ERR1073655
46577.0,459786,genus,0.036642,Oscillibacter,ERR1073655
46577.0,1485,genus,0.030535,Clostridium,ERR1073655
46577.0,1279,genus,0.0284993,Staphylococcus,ERR1073655
46577.0,61170,genus,0.0264636,Holdemania,ERR1073655
46577.0,1350,genus,0.024428,Enterococcus,ERR1073655
46577.0,52784,genus,0.024428,Anaerofilum,ERR1073655
46577.0,1505663,genus,0.0203566,Erysipelatoclostridium,ERR1073655
46577.0,872,genus,0.018321,Desulfovibrio,ERR1073655
46577.0,482,genus,0.018321,Neisseria,ERR1073655
46577.0,32207,genus,0.0162853,Rothia,ERR1073655
46577.0,1716,genus,0.0162853,Corynebacterium,ERR1073655
46577.0,642,genus,0.0142497,Aeromonas,ERR1073655
46577.0,1243,genus,0.0142497,Leuconostoc,ERR1073655
46577.0,29465,genus,0.012214,Veillonella,ERR1073655
46577.0,1678,genus,0.012214,Bifidobacterium,ERR1073655
46577.0,28231,genus,0.0101783,Geobacter,ERR1073655
46577.0,590,genus,0.0101783,Salmonella,ERR1073655
46577.0,189330,genus,0.0101783,Dorea,ERR1073655
46577.0,469,genus,0.0101783,Acinetobacter,ERR1073655
46577.0,39948,genus,0.0101783,Dialister,ERR1073655
46577.0,724,genus,0.00814266,Haemophilus,ERR1073655
46577.0,1654,genus,0.00814266,Actinomyces,ERR1073655
46577.0,570,genus,0.00814266,Klebsiella,ERR1073655
46577.0,226,genus,0.00814266,Alteromonas,ERR1073655
46577.0,1573534,genus,0.00814266,Faecalitalea,ERR1073655
46577.0,53335,genus,0.00610699,Pantoea,ERR1073655
46577.0,838,genus,0.00610699,Prevotella,ERR1073655
46577.0,1471399,genus,0.00610699,Draconibacterium,ERR1073655
46577.0,84111,genus,0.00610699,Eggerthella,ERR1073655
46577.0,283,genus,0.00610699,Comamonas,ERR1073655
46577.0,657,genus,0.00407133,Photobacterium,ERR1073655
46577.0,84565,genus,0.00407133,Sodalis,ERR1073655
46577.0,626,genus,0.00407133,Xenorhabdus,ERR1073655
46577.0,129577,genus,0.00407133,Oceanimonas,ERR1073655
46577.0,41275,genus,0.00407133,Brevundimonas,ERR1073655
46577.0,848,genus,0.00407133,Fusobacterium,ERR1073655
46577.0,40323,genus,0.00407133,Stenotrophomonas,ERR1073655
46577.0,150022,genus,0.00407133,Finegoldia,ERR1073655
46577.0,102106,genus,0.00407133,Collinsella,ERR1073655
46577.0,34037,genus,0.00407133,Rahnella,ERR1073655
46577.0,59732,genus,0.00407133,Chryseobacterium,ERR1073655
46577.0,1357,genus,0.00407133,Lactococcus,ERR1073655
46577.0,58050,genus,0.00203566,Moritella,ERR1073655
46577.0,416916,genus,0.00203566,Aggregatibacter,ERR1073655
46577.0,117563,genus,0.00203566,Granulicatella,ERR1073655
46577.0,429,genus,0.00203566,Methylobacter,ERR1073655
46577.0,1502725,genus,0.00203566,Effusibacillus,ERR1073655
46577.0,233189,genus,0.00203566,Anaerolinea,ERR1073655
46577.0,586,genus,0.00203566,Providencia,ERR1073655
46577.0,32199,genus,0.00203566,Buchnera,ERR1073655
46577.0,70411,genus,0.00203566,Frateuria,ERR1073655
46577.0,93217,genus,0.00203566,Pandoraea,ERR1073655
46577.0,2747,genus,0.00203566,Carnobacterium,ERR1073655
46577.0,1827,genus,0.00203566,Rhodococcus,ERR1073655
46577.0,29393,genus,0.00203566,Dolosigranulum,ERR1073655
46577.0,898,genus,0.00203566,Desulfomicrobium,ERR1073655
46577.0,53246,genus,0.00203566,Pseudoalteromonas,ERR1073655
46577.0,13687,genus,0.00203566,Sphingomonas,ERR1073655
46577.0,836,genus,0.00203566,Porphyromonas,ERR1073655
46577.0,156973,genus,0.00203566,Dysgonomonas,ERR1073655
46577.0,397864,genus,0.00203566,Barnesiella,ERR1073655
46577.0,76833,genus,0.00203566,Actinobaculum,ERR1073655
46577.0,207244,genus,0.00203566,Anaerostipes,ERR1073655
46577.0,177971,genus,0.00203566,Shuttleworthia,ERR1073655
46577.0,437504,genus,0.00203566,Granulosicoccus,ERR1073655
46577.0,44748,genus,0.00203566,Sporobacter,ERR1073655
46577.0,1505652,genus,0.00203566,Terrisporobacter,ERR1073655
,-1,genus,89.9377,Unknown,ERR1073655
46577.0,816,genus,2.85197,Bacteroides,ERR1073655
46577.0,216851,genus,1.84635,Faecalibacterium,ERR1073655
46577.0,375288,genus,1.18679,Parabacteroides,ERR1073655
46577.0,239759,genus,1.18069,Alistipes,ERR1073655
46577.0,904,genus,0.755232,Acidaminococcus,ERR1073655
46577.0,544,genus,0.368455,Citrobacter,ERR1073655
46577.0,572511,genus,0.262601,Blautia,ERR1073655
46577.0,286,genus,0.219852,Pseudomonas,ERR1073655
46577.0,1506553,genus,0.18321,Lachnoclostridium,ERR1073655
46577.0,1301,genus,0.109926,Streptococcus,ERR1073655
46577.0,577310,genus,0.0916049,Parasutterella,ERR1073655
46577.0,1730,genus,0.0712483,Eubacterium,ERR1073655
46577.0,1386,genus,0.0671769,Bacillus,ERR1073655
46577.0,1263,genus,0.054963,Ruminococcus,ERR1073655
46577.0,1505657,genus,0.0529273,Intestinibacter,ERR1073655
46577.0,1578,genus,0.0447846,Lactobacillus,ERR1073655
46577.0,244127,genus,0.0407133,Anaerotruncus,ERR1073655
46577.0,1508657,genus,0.0386776,Ruminiclostridium,ERR1073655
46577.0,459786,genus,0.036642,Oscillibacter,ERR1073655
46577.0,1485,genus,0.030535,Clostridium,ERR1073655
46577.0,1279,genus,0.0284993,Staphylococcus,ERR1073655
46577.0,61170,genus,0.0264636,Holdemania,ERR1073655
46577.0,1350,genus,0.024428,Enterococcus,ERR1073655
46577.0,52784,genus,0.024428,Anaerofilum,ERR1073655
46577.0,1505663,genus,0.0203566,Erysipelatoclostridium,ERR1073655
46577.0,872,genus,0.018321,Desulfovibrio,ERR1073655
46577.0,482,genus,0.018321,Neisseria,ERR1073655
46577.0,32207,genus,0.0162853,Rothia,ERR1073655
46577.0,1716,genus,0.0162853,Corynebacterium,ERR1073655
46577.0,642,genus,0.0142497,Aeromonas,ERR1073655
46577.0,1243,genus,0.0142497,Leuconostoc,ERR1073655
46577.0,29465,genus,0.012214,Veillonella,ERR1073655
46577.0,1678,genus,0.012214,Bifidobacterium,ERR1073655
46577.0,590,genus,0.0101783,Salmonella,ERR1073655
46577.0,189330,genus,0.0101783,Dorea,ERR1073655
46577.0,469,genus,0.0101783,Acinetobacter,ERR1073655
46577.0,39948,genus,0.0101783,Dialister,ERR1073655
46577.0,28231,genus,0.0101783,Geobacter,ERR1073655
46577.0,724,genus,0.00814266,Haemophilus,ERR1073655
46577.0,1654,genus,0.00814266,Actinomyces,ERR1073655
46577.0,570,genus,0.00814266,Klebsiella,ERR1073655
46577.0,226,genus,0.00814266,Alteromonas,ERR1073655
46577.0,1573534,genus,0.00814266,Faecalitalea,ERR1073655
46577.0,53335,genus,0.00610699,Pantoea,ERR1073655
46577.0,838,genus,0.00610699,Prevotella,ERR1073655
46577.0,1471399,genus,0.00610699,Draconibacterium,ERR1073655
46577.0,84111,genus,0.00610699,Eggerthella,ERR1073655
46577.0,283,genus,0.00610699,Comamonas,ERR1073655
46577.0,626,genus,0.00407133,Xenorhabdus,ERR1073655
46577.0,129577,genus,0.00407133,Oceanimonas,ERR1073655
46577.0,41275,genus,0.00407133,Brevundimonas,ERR1073655
46577.0,848,genus,0.00407133,Fusobacterium,ERR1073655
46577.0,40323,genus,0.00407133,Stenotrophomonas,ERR1073655
46577.0,150022,genus,0.00407133,Finegoldia,ERR1073655
46577.0,102106,genus,0.00407133,Collinsella,ERR1073655
46577.0,34037,genus,0.00407133,Rahnella,ERR1073655
46577.0,59732,genus,0.00407133,Chryseobacterium,ERR1073655
46577.0,1357,genus,0.00407133,Lactococcus,ERR1073655
46577.0,657,genus,0.00407133,Photobacterium,ERR1073655
46577.0,84565,genus,0.00407133,Sodalis,ERR1073655
46577.0,117563,genus,0.00203566,Granulicatella,ERR1073655
46577.0,429,genus,0.00203566,Methylobacter,ERR1073655
46577.0,1502725,genus,0.00203566,Effusibacillus,ERR1073655
46577.0,233189,genus,0.00203566,Anaerolinea,ERR1073655
46577.0,586,genus,0.00203566,Providencia,ERR1073655
46577.0,32199,genus,0.00203566,Buchnera,ERR1073655
46577.0,70411,genus,0.00203566,Frateuria,ERR1073655
46577.0,93217,genus,0.00203566,Pandoraea,ERR1073655
46577.0,2747,genus,0.00203566,Carnobacterium,ERR1073655
46577.0,1827,genus,0.00203566,Rhodococcus,ERR1073655
46577.0,29393,genus,0.00203566,Dolosigranulum,ERR1073655
46577.0,898,genus,0.00203566,Desulfomicrobium,ERR1073655
46577.0,53246,genus,0.00203566,Pseudoalteromonas,ERR1073655
46577.0,13687,genus,0.00203566,Sphingomonas,ERR1073655
46577.0,836,genus,0.00203566,Porphyromonas,ERR1073655
46577.0,156973,genus,0.00203566,Dysgonomonas,ERR1073655
46577.0,397864,genus,0.00203566,Barnesiella,ERR1073655
46577.0,76833,genus,0.00203566,Actinobaculum,ERR1073655
46577.0,207244,genus,0.00203566,Anaerostipes,ERR1073655
46577.0,177971,genus,0.00203566,Shuttleworthia,ERR1073655
46577.0,437504,genus,0.00203566,Granulosicoccus,ERR1073655
46577.0,44748,genus,0.00203566,Sporobacter,ERR1073655
46577.0,1505652,genus,0.00203566,Terrisporobacter,ERR1073655
46577.0,58050,genus,0.00203566,Moritella,ERR1073655
46577.0,416916,genus,0.00203566,Aggregatibacter,ERR1073655
,-1,genus,89.9377,Unknown,ERR1073655
46577.0,816,genus,2.85197,Bacteroides,ERR1073655
46577.0,216851,genus,1.84635,Faecalibacterium,ERR1073655
46577.0,375288,genus,1.18679,Parabacteroides,ERR1073655
46577.0,239759,genus,1.18069,Alistipes,ERR1073655
46577.0,904,genus,0.755232,Acidaminococcus,ERR1073655
46577.0,544,genus,0.368455,Citrobacter,ERR1073655
46577.0,572511,genus,0.262601,Blautia,ERR1073655
46577.0,286,genus,0.219852,Pseudomonas,ERR1073655
46577.0,1506553,genus,0.18321,Lachnoclostridium,ERR1073655
46577.0,1301,genus,0.109926,Streptococcus,ERR1073655
46577.0,577310,genus,0.0916049,Parasutterella,ERR1073655
46577.0,1730,genus,0.0712483,Eubacterium,ERR1073655
46577.0,1386,genus,0.0671769,Bacillus,ERR1073655
46577.0,1263,genus,0.054963,Ruminococcus,ERR1073655
46577.0,1505657,genus,0.0529273,Intestinibacter,ERR1073655
46577.0,1578,genus,0.0447846,Lactobacillus,ERR1073655
46577.0,244127,genus,0.0407133,Anaerotruncus,ERR1073655
46577.0,1508657,genus,0.0386776,Ruminiclostridium,ERR1073655
46577.0,459786,genus,0.036642,Oscillibacter,ERR1073655
46577.0,1485,genus,0.030535,Clostridium,ERR1073655
46577.0,1279,genus,0.0284993,Staphylococcus,ERR1073655
46577.0,61170,genus,0.0264636,Holdemania,ERR1073655
46577.0,1350,genus,0.024428,Enterococcus,ERR1073655
46577.0,52784,genus,0.024428,Anaerofilum,ERR1073655
46577.0,1505663,genus,0.0203566,Erysipelatoclostridium,ERR1073655
46577.0,872,genus,0.018321,Desulfovibrio,ERR1073655
46577.0,482,genus,0.018321,Neisseria,ERR1073655
46577.0,32207,genus,0.0162853,Rothia,ERR1073655
46577.0,1716,genus,0.0162853,Corynebacterium,ERR1073655
46577.0,642,genus,0.0142497,Aeromonas,ERR1073655
46577.0,1243,genus,0.0142497,Leuconostoc,ERR1073655
46577.0,29465,genus,0.012214,Veillonella,ERR1073655
46577.0,1678,genus,0.012214,Bifidobacterium,ERR1073655
46577.0,28231,genus,0.0101783,Geobacter,ERR1073655
46577.0,590,genus,0.0101783,Salmonella,ERR1073655
46577.0,189330,genus,0.0101783,Dorea,ERR1073655
46577.0,469,genus,0.0101783,Acinetobacter,ERR1073655
46577.0,39948,genus,0.0101783,Dialister,ERR1073655
46577.0,1573534,genus,0.00814266,Faecalitalea,ERR1073655
46577.0,724,genus,0.00814266,Haemophilus,ERR1073655
46577.0,1654,genus,0.00814266,Actinomyces,ERR1073655
46577.0,570,genus,0.00814266,Klebsiella,ERR1073655
46577.0,226,genus,0.00814266,Alteromonas,ERR1073655
46577.0,283,genus,0.00610699,Comamonas,ERR1073655
46577.0,53335,genus,0.00610699,Pantoea,ERR1073655
46577.0,838,genus,0.00610699,Prevotella,ERR1073655
46577.0,1471399,genus,0.00610699,Draconibacterium,ERR1073655
46577.0,84111,genus,0.00610699,Eggerthella,ERR1073655
46577.0,657,genus,0.00407133,Photobacterium,ERR1073655
46577.0,84565,genus,0.00407133,Sodalis,ERR1073655
46577.0,626,genus,0.00407133,Xenorhabdus,ERR1073655
46577.0,129577,genus,0.00407133,Oceanimonas,ERR1073655
46577.0,41275,genus,0.00407133,Brevundimonas,ERR1073655
46577.0,848,genus,0.00407133,Fusobacterium,ERR1073655
46577.0,40323,genus,0.00407133,Stenotrophomonas,ERR1073655
46577.0,150022,genus,0.00407133,Finegoldia,ERR1073655
46577.0,102106,genus,0.00407133,Collinsella,ERR1073655
46577.0,34037,genus,0.00407133,Rahnella,ERR1073655
46577.0,59732,genus,0.00407133,Chryseobacterium,ERR1073655
46577.0,1357,genus,0.00407133,Lactococcus,ERR1073655
46577.0,44748,genus,0.00203566,Sporobacter,ERR1073655
46577.0,1505652,genus,0.00203566,Terrisporobacter,ERR1073655
46577.0,58050,genus,0.00203566,Moritella,ERR1073655
46577.0,416916,genus,0.00203566,Aggregatibacter,ERR1073655
46577.0,117563,genus,0.00203566,Granulicatella,ERR1073655
46577.0,429,genus,0.00203566,Methylobacter,ERR1073655
46577.0,1502725,genus,0.00203566,Effusibacillus,ERR1073655
46577.0,233189,genus,0.00203566,Anaerolinea,ERR1073655
46577.0,586,genus,0.00203566,Providencia,ERR1073655
46577.0,32199,genus,0.00203566,Buchnera,ERR1073655
46577.0,70411,genus,0.00203566,Frateuria,ERR1073655
46577.0,93217,genus,0.00203566,Pandoraea,ERR1073655
46577.0,2747,genus,0.00203566,Carnobacterium,ERR1073655
46577.0,1827,genus,0.00203566,Rhodococcus,ERR1073655
46577.0,29393,genus,0.00203566,Dolosigranulum,ERR1073655
46577.0,898,genus,0.00203566,Desulfomicrobium,ERR1073655
46577.0,53246,genus,0.00203566,Pseudoalteromonas,ERR1073655
46577.0,13687,genus,0.00203566,Sphingomonas,ERR1073655
46577.0,836,genus,0.00203566,Porphyromonas,ERR1073655
46577.0,156973,genus,0.00203566,Dysgonomonas,ERR1073655
46577.0,397864,genus,0.00203566,Barnesiella,ERR1073655
46577.0,76833,genus,0.00203566,Actinobaculum,ERR1073655
46577.0,207244,genus,0.00203566,Anaerostipes,ERR1073655
46577.0,177971,genus,0.00203566,Shuttleworthia,ERR1073655
46577.0,437504,genus,0.00203566,Granulosicoccus,ERR1073655
,-1,genus,89.9377,Unknown,ERR1073655
35739.0,816,genus,40.3069,Bacteroides,ERR1073663
35739.0,375288,genus,9.19801,Parabacteroides,ERR1073663
35739.0,1506553,genus,5.86552,Lachnoclostridium,ERR1073663
35739.0,216851,genus,5.01837,Faecalibacterium,ERR1073663
35739.0,29465,genus,3.829,Veillonella,ERR1073663
35739.0,577310,genus,3.59337,Parasutterella,ERR1073663
35739.0,577309,genus,3.48677,Paraprevotella,ERR1073663
35739.0,1301,genus,1.4783,Streptococcus,ERR1073663
35739.0,239759,genus,1.34085,Alistipes,ERR1073663
35739.0,848,genus,1.21182,Fusobacterium,ERR1073663
35739.0,572511,genus,0.9846,Blautia,ERR1073663
35739.0,724,genus,0.920082,Haemophilus,ERR1073663
35739.0,841,genus,0.861174,Roseburia,ERR1073663
35739.0,904,genus,0.740554,Acidaminococcus,ERR1073663
35739.0,1730,genus,0.676036,Eubacterium,ERR1073663
35739.0,1263,genus,0.356251,Ruminococcus,ERR1073663
35739.0,189330,genus,0.308564,Dorea,ERR1073663
35739.0,459786,genus,0.308564,Oscillibacter,ERR1073663
35739.0,46255,genus,0.215995,Weissella,ERR1073663
35739.0,35832,genus,0.201969,Bilophila,ERR1073663
35739.0,39948,genus,0.171113,Dialister,ERR1073663
35739.0,1573535,genus,0.137451,Holdemanella,ERR1073663
35739.0,1508657,genus,0.117815,Ruminiclostridium,ERR1073663
35739.0,46205,genus,0.11501,Pseudobutyrivibrio,ERR1073663
35739.0,283168,genus,0.0925692,Odoribacter,ERR1073663
35739.0,838,genus,0.0925692,Prevotella,ERR1073663
35739.0,33042,genus,0.0897641,Coprococcus,ERR1073663
35739.0,1386,genus,0.0813487,Bacillus,ERR1073663
35739.0,150022,genus,0.0757385,Finegoldia,ERR1073663
35739.0,906,genus,0.0645179,Megasphaera,ERR1073663
35739.0,162289,genus,0.0561026,Peptoniphilus,ERR1073663
35739.0,1357,genus,0.0476872,Lactococcus,ERR1073663
35739.0,1578,genus,0.044882,Lactobacillus,ERR1073663
35739.0,1243,genus,0.0420769,Leuconostoc,ERR1073663
35739.0,830,genus,0.0336615,Butyrivibrio,ERR1073663
35739.0,1253,genus,0.0308564,Pediococcus,ERR1073663
35739.0,84111,genus,0.0280513,Eggerthella,ERR1073663
35739.0,482,genus,0.0280513,Neisseria,ERR1073663
35739.0,1654,genus,0.0280513,Actinomyces,ERR1073663
35739.0,52784,genus,0.0252462,Anaerofilum,ERR1073663
35739.0,165779,genus,0.022441,Anaerococcus,ERR1073663
35739.0,1716,genus,0.022441,Corynebacterium,ERR1073663
35739.0,32207,genus,0.0196359,Rothia,ERR1073663
35739.0,413496,genus,0.0168308,Cronobacter,ERR1073663
35739.0,1485,genus,0.0140256,Clostridium,ERR1073663
35739.0,1505663,genus,0.0112205,Erysipelatoclostridium,ERR1073663
35739.0,244127,genus,0.0112205,Anaerotruncus,ERR1073663
35739.0,836,genus,0.0112205,Porphyromonas,ERR1073663
35739.0,286,genus,0.00841538,Pseudomonas,ERR1073663
35739.0,392735,genus,0.00841538,Uliginosibacterium,ERR1073663
35739.0,28453,genus,0.00841538,Sphingobacterium,ERR1073663
35739.0,419014,genus,0.00841538,Alloscardovia,ERR1073663
35739.0,1164882,genus,0.00561026,Lachnoanaerobaculum,ERR1073663
35739.0,1380,genus,0.00561026,Atopobium,ERR1073663
35739.0,1471399,genus,0.00561026,Draconibacterium,ERR1073663
35739.0,397864,genus,0.00561026,Barnesiella,ERR1073663
35739.0,713,genus,0.00561026,Actinobacillus,ERR1073663
35739.0,184869,genus,0.00561026,Varibaculum,ERR1073663
35739.0,207244,genus,0.00561026,Anaerostipes,ERR1073663
35739.0,469,genus,0.00280513,Acinetobacter,ERR1073663
35739.0,653683,genus,0.00280513,Anaerosporobacter,ERR1073663
35739.0,670486,genus,0.00280513,Dehalogenimonas,ERR1073663
35739.0,82373,genus,0.00280513,Anaerovibrio,ERR1073663
35739.0,36739,genus,0.00280513,Dermabacter,ERR1073663
35739.0,346096,genus,0.00280513,Paludibacter,ERR1073663
35739.0,117563,genus,0.00280513,Granulicatella,ERR1073663
35739.0,1350,genus,0.00280513,Enterococcus,ERR1073663
35739.0,1505657,genus,0.00280513,Intestinibacter,ERR1073663
35739.0,194,genus,0.00280513,Campylobacter,ERR1073663
35739.0,59732,genus,0.00280513,Chryseobacterium,ERR1073663
35739.0,13687,genus,0.00280513,Sphingomonas,ERR1073663
35739.0,61434,genus,0.00280513,Dehalococcoides,ERR1073663
35739.0,32067,genus,0.00280513,Leptotrichia,ERR1073663
35739.0,1678,genus,0.00280513,Bifidobacterium,ERR1073663
35739.0,657,genus,0.00280513,Photobacterium,ERR1073663
35739.0,970,genus,0.00280513,Selenomonas,ERR1073663
35739.0,44748,genus,0.00280513,Sporobacter,ERR1073663
35739.0,29580,genus,0.00280513,Janthinobacterium,ERR1073663
35739.0,1378,genus,0.00280513,Gemella,ERR1073663
35739.0,1269,genus,0.00280513,Micrococcus,ERR1073663
35739.0,28138,genus,0.00280513,Rikenella,ERR1073663
35739.0,59734,genus,0.00280513,Empedobacter,ERR1073663
35739.0,33057,genus,0.00280513,Thauera,ERR1073663
35739.0,1279,genus,0.00280513,Staphylococcus,ERR1073663
35739.0,698776,genus,0.00280513,Cellulosilyticum,ERR1073663
35739.0,497,genus,0.00280513,Psychrobacter,ERR1073663
35739.0,420345,genus,0.00280513,Lactonifactor,ERR1073663
,-1,genus,16.7803,Unknown,ERR1073663
34041.0,286,genus,32.6122,Pseudomonas,ERR1073712
34041.0,816,genus,8.37011,Bacteroides,ERR1073712
34041.0,239759,genus,4.59996,Alistipes,ERR1073712
34041.0,1508657,genus,2.44148,Ruminiclostridium,ERR1073712
34041.0,40323,genus,2.16807,Stenotrophomonas,ERR1073712
34041.0,216851,genus,1.67402,Faecalibacterium,ERR1073712
34041.0,1730,genus,1.5685,Eubacterium,ERR1073712
34041.0,572511,genus,0.546815,Blautia,ERR1073712
34041.0,528,genus,0.278204,Ochrobactrum,ERR1073712
34041.0,469,genus,0.259018,Acinetobacter,ERR1073712
34041.0,459786,genus,0.196662,Oscillibacter,ERR1073712
34041.0,1505663,genus,0.187068,Erysipelatoclostridium,ERR1073712
34041.0,157920,genus,0.134305,Cellulosimicrobium,ERR1073712
34041.0,283168,genus,0.134305,Odoribacter,ERR1073712
34041.0,1301,genus,0.119916,Streptococcus,ERR1073712
34041.0,207244,genus,0.115119,Anaerostipes,ERR1073712
34041.0,841,genus,0.0911358,Roseburia,ERR1073712
34041.0,239934,genus,0.0815426,Akkermansia,ERR1073712
34041.0,507,genus,0.0815426,Alcaligenes,ERR1073712
34041.0,44249,genus,0.0431696,Paenibacillus,ERR1073712
34041.0,1827,genus,0.0431696,Rhodococcus,ERR1073712
34041.0,561,genus,0.0431696,Escherichia,ERR1073712
34041.0,1350,genus,0.0287797,Enterococcus,ERR1073712
34041.0,1506553,genus,0.0287797,Lachnoclostridium,ERR1073712
34041.0,838,genus,0.0287797,Prevotella,ERR1073712
34041.0,1263,genus,0.0287797,Ruminococcus,ERR1073712
34041.0,305976,genus,0.0287797,Pusillimonas,ERR1073712
34041.0,244127,genus,0.0239831,Anaerotruncus,ERR1073712
34041.0,1386,genus,0.0191865,Bacillus,ERR1073712
34041.0,590,genus,0.0191865,Salmonella,ERR1073712
34041.0,872,genus,0.0191865,Desulfovibrio,ERR1073712
34041.0,265980,genus,0.0143899,Alkalimonas,ERR1073712
34041.0,570,genus,0.0143899,Klebsiella,ERR1073712
34041.0,33042,genus,0.0143899,Coprococcus,ERR1073712
34041.0,233189,genus,0.00959325,Anaerolinea,ERR1073712
34041.0,497,genus,0.00959325,Psychrobacter,ERR1073712
34041.0,724,genus,0.00959325,Haemophilus,ERR1073712
34041.0,265,genus,0.00959325,Paracoccus,ERR1073712
34041.0,998014,genus,0.00959325,Cocleimonas,ERR1073712
34041.0,1485,genus,0.00959325,Clostridium,ERR1073712
34041.0,1822464,genus,0.00959325,Paraburkholderia,ERR1073712
34041.0,1017280,genus,0.00959325,Pseudoflavonifractor,ERR1073712
34041.0,642,genus,0.00959325,Aeromonas,ERR1073712
34041.0,1051,genus,0.00959325,Ectothiorhodospira,ERR1073712
34041.0,1505657,genus,0.00959325,Intestinibacter,ERR1073712
34041.0,44748,genus,0.00959325,Sporobacter,ERR1073712
34041.0,863253,genus,0.00959325,Marinicella,ERR1073712
34041.0,620,genus,0.00959325,Shigella,ERR1073712
34041.0,41275,genus,0.00479662,Brevundimonas,ERR1073712
34041.0,375288,genus,0.00479662,Parabacteroides,ERR1073712
34041.0,583,genus,0.00479662,Proteus,ERR1073712
34041.0,165779,genus,0.00479662,Anaerococcus,ERR1073712
34041.0,776,genus,0.00479662,Coxiella,ERR1073712
34041.0,61170,genus,0.00479662,Holdemania,ERR1073712
34041.0,577309,genus,0.00479662,Paraprevotella,ERR1073712
34041.0,102106,genus,0.00479662,Collinsella,ERR1073712
34041.0,795750,genus,0.00479662,Ignavibacterium,ERR1073712
34041.0,1279,genus,0.00479662,Staphylococcus,ERR1073712
34041.0,346096,genus,0.00479662,Paludibacter,ERR1073712
34041.0,397864,genus,0.00479662,Barnesiella,ERR1073712
34041.0,1030,genus,0.00479662,Thiothrix,ERR1073712
34041.0,28453,genus,0.00479662,Sphingobacterium,ERR1073712
34041.0,84111,genus,0.00479662,Eggerthella,ERR1073712
34041.0,39948,genus,0.00479662,Dialister,ERR1073712
34041.0,32207,genus,0.00479662,Rothia,ERR1073712
34041.0,469322,genus,0.00479662,Steroidobacter,ERR1073712
34041.0,60919,genus,0.00479662,Sanguibacter,ERR1073712
,-1,genus,43.6205,Unknown,ERR1073712
34041.0,286,genus,32.6122,Pseudomonas,ERR1073712
34041.0,816,genus,8.37011,Bacteroides,ERR1073712
34041.0,239759,genus,4.59996,Alistipes,ERR1073712
34041.0,1508657,genus,2.44148,Ruminiclostridium,ERR1073712
34041.0,40323,genus,2.16807,Stenotrophomonas,ERR1073712
34041.0,216851,genus,1.67402,Faecalibacterium,ERR1073712
34041.0,1730,genus,1.5685,Eubacterium,ERR1073712
34041.0,572511,genus,0.546815,Blautia,ERR1073712
34041.0,528,genus,0.278204,Ochrobactrum,ERR1073712
34041.0,469,genus,0.259018,Acinetobacter,ERR1073712
34041.0,459786,genus,0.196662,Oscillibacter,ERR1073712
34041.0,1505663,genus,0.187068,Erysipelatoclostridium,ERR1073712
34041.0,157920,genus,0.134305,Cellulosimicrobium,ERR1073712
34041.0,283168,genus,0.134305,Odoribacter,ERR1073712
34041.0,1301,genus,0.119916,Streptococcus,ERR1073712
34041.0,207244,genus,0.115119,Anaerostipes,ERR1073712
34041.0,841,genus,0.0911358,Roseburia,ERR1073712
34041.0,507,genus,0.0815426,Alcaligenes,ERR1073712
34041.0,239934,genus,0.0815426,Akkermansia,ERR1073712
34041.0,561,genus,0.0431696,Escherichia,ERR1073712
34041.0,44249,genus,0.0431696,Paenibacillus,ERR1073712
34041.0,1827,genus,0.0431696,Rhodococcus,ERR1073712
34041.0,838,genus,0.0287797,Prevotella,ERR1073712
34041.0,1263,genus,0.0287797,Ruminococcus,ERR1073712
34041.0,305976,genus,0.0287797,Pusillimonas,ERR1073712
34041.0,1350,genus,0.0287797,Enterococcus,ERR1073712
34041.0,1506553,genus,0.0287797,Lachnoclostridium,ERR1073712
34041.0,244127,genus,0.0239831,Anaerotruncus,ERR1073712
34041.0,1386,genus,0.0191865,Bacillus,ERR1073712
34041.0,590,genus,0.0191865,Salmonella,ERR1073712
34041.0,872,genus,0.0191865,Desulfovibrio,ERR1073712
34041.0,265980,genus,0.0143899,Alkalimonas,ERR1073712
34041.0,570,genus,0.0143899,Klebsiella,ERR1073712
34041.0,33042,genus,0.0143899,Coprococcus,ERR1073712
34041.0,1505657,genus,0.00959325,Intestinibacter,ERR1073712
34041.0,44748,genus,0.00959325,Sporobacter,ERR1073712
34041.0,863253,genus,0.00959325,Marinicella,ERR1073712
34041.0,620,genus,0.00959325,Shigella,ERR1073712
34041.0,233189,genus,0.00959325,Anaerolinea,ERR1073712
34041.0,497,genus,0.00959325,Psychrobacter,ERR1073712
34041.0,724,genus,0.00959325,Haemophilus,ERR1073712
34041.0,265,genus,0.00959325,Paracoccus,ERR1073712
34041.0,998014,genus,0.00959325,Cocleimonas,ERR1073712
34041.0,1485,genus,0.00959325,Clostridium,ERR1073712
34041.0,1822464,genus,0.00959325,Paraburkholderia,ERR1073712
34041.0,1017280,genus,0.00959325,Pseudoflavonifractor,ERR1073712
34041.0,642,genus,0.00959325,Aeromonas,ERR1073712
34041.0,1051,genus,0.00959325,Ectothiorhodospira,ERR1073712
34041.0,346096,genus,0.00479662,Paludibacter,ERR1073712
34041.0,397864,genus,0.00479662,Barnesiella,ERR1073712
34041.0,1030,genus,0.00479662,Thiothrix,ERR1073712
34041.0,28453,genus,0.00479662,Sphingobacterium,ERR1073712
34041.0,84111,genus,0.00479662,Eggerthella,ERR1073712
34041.0,39948,genus,0.00479662,Dialister,ERR1073712
34041.0,32207,genus,0.00479662,Rothia,ERR1073712
34041.0,469322,genus,0.00479662,Steroidobacter,ERR1073712
34041.0,60919,genus,0.00479662,Sanguibacter,ERR1073712
34041.0,41275,genus,0.00479662,Brevundimonas,ERR1073712
34041.0,375288,genus,0.00479662,Parabacteroides,ERR1073712
34041.0,583,genus,0.00479662,Proteus,ERR1073712
34041.0,165779,genus,0.00479662,Anaerococcus,ERR1073712
34041.0,776,genus,0.00479662,Coxiella,ERR1073712
34041.0,61170,genus,0.00479662,Holdemania,ERR1073712
34041.0,577309,genus,0.00479662,Paraprevotella,ERR1073712
34041.0,102106,genus,0.00479662,Collinsella,ERR1073712
34041.0,795750,genus,0.00479662,Ignavibacterium,ERR1073712
34041.0,1279,genus,0.00479662,Staphylococcus,ERR1073712
,-1,genus,43.6205,Unknown,ERR1073712
34041.0,286,genus,32.6122,Pseudomonas,ERR1073712
34041.0,816,genus,8.37011,Bacteroides,ERR1073712
34041.0,239759,genus,4.59996,Alistipes,ERR1073712
34041.0,1508657,genus,2.44148,Ruminiclostridium,ERR1073712
34041.0,40323,genus,2.16807,Stenotrophomonas,ERR1073712
34041.0,216851,genus,1.67402,Faecalibacterium,ERR1073712
34041.0,1730,genus,1.5685,Eubacterium,ERR1073712
34041.0,572511,genus,0.546815,Blautia,ERR1073712
34041.0,528,genus,0.278204,Ochrobactrum,ERR1073712
34041.0,469,genus,0.259018,Acinetobacter,ERR1073712
34041.0,459786,genus,0.196662,Oscillibacter,ERR1073712
34041.0,1505663,genus,0.187068,Erysipelatoclostridium,ERR1073712
34041.0,157920,genus,0.134305,Cellulosimicrobium,ERR1073712
34041.0,283168,genus,0.134305,Odoribacter,ERR1073712
34041.0,1301,genus,0.119916,Streptococcus,ERR1073712
34041.0,207244,genus,0.115119,Anaerostipes,ERR1073712
34041.0,841,genus,0.0911358,Roseburia,ERR1073712
34041.0,507,genus,0.0815426,Alcaligenes,ERR1073712
34041.0,239934,genus,0.0815426,Akkermansia,ERR1073712
34041.0,44249,genus,0.0431696,Paenibacillus,ERR1073712
34041.0,1827,genus,0.0431696,Rhodococcus,ERR1073712
34041.0,561,genus,0.0431696,Escherichia,ERR1073712
34041.0,838,genus,0.0287797,Prevotella,ERR1073712
34041.0,1263,genus,0.0287797,Ruminococcus,ERR1073712
34041.0,305976,genus,0.0287797,Pusillimonas,ERR1073712
34041.0,1350,genus,0.0287797,Enterococcus,ERR1073712
34041.0,1506553,genus,0.0287797,Lachnoclostridium,ERR1073712
34041.0,244127,genus,0.0239831,Anaerotruncus,ERR1073712
34041.0,590,genus,0.0191865,Salmonella,ERR1073712
34041.0,872,genus,0.0191865,Desulfovibrio,ERR1073712
34041.0,1386,genus,0.0191865,Bacillus,ERR1073712
34041.0,265980,genus,0.0143899,Alkalimonas,ERR1073712
34041.0,570,genus,0.0143899,Klebsiella,ERR1073712
34041.0,33042,genus,0.0143899,Coprococcus,ERR1073712
34041.0,620,genus,0.00959325,Shigella,ERR1073712
34041.0,233189,genus,0.00959325,Anaerolinea,ERR1073712
34041.0,497,genus,0.00959325,Psychrobacter,ERR1073712
34041.0,724,genus,0.00959325,Haemophilus,ERR1073712
34041.0,265,genus,0.00959325,Paracoccus,ERR1073712
34041.0,998014,genus,0.00959325,Cocleimonas,ERR1073712
34041.0,1485,genus,0.00959325,Clostridium,ERR1073712
34041.0,1822464,genus,0.00959325,Paraburkholderia,ERR1073712
34041.0,1017280,genus,0.00959325,Pseudoflavonifractor,ERR1073712
34041.0,642,genus,0.00959325,Aeromonas,ERR1073712
34041.0,1051,genus,0.00959325,Ectothiorhodospira,ERR1073712
34041.0,1505657,genus,0.00959325,Intestinibacter,ERR1073712
34041.0,44748,genus,0.00959325,Sporobacter,ERR1073712
34041.0,863253,genus,0.00959325,Marinicella,ERR1073712
34041.0,84111,genus,0.00479662,Eggerthella,ERR1073712
34041.0,39948,genus,0.00479662,Dialister,ERR1073712
34041.0,32207,genus,0.00479662,Rothia,ERR1073712
34041.0,469322,genus,0.00479662,Steroidobacter,ERR1073712
34041.0,60919,genus,0.00479662,Sanguibacter,ERR1073712
34041.0,41275,genus,0.00479662,Brevundimonas,ERR1073712
34041.0,375288,genus,0.00479662,Parabacteroides,ERR1073712
34041.0,583,genus,0.00479662,Proteus,ERR1073712
34041.0,165779,genus,0.00479662,Anaerococcus,ERR1073712
34041.0,776,genus,0.00479662,Coxiella,ERR1073712
34041.0,61170,genus,0.00479662,Holdemania,ERR1073712
34041.0,577309,genus,0.00479662,Paraprevotella,ERR1073712
34041.0,102106,genus,0.00479662,Collinsella,ERR1073712
34041.0,795750,genus,0.00479662,Ignavibacterium,ERR1073712
34041.0,1279,genus,0.00479662,Staphylococcus,ERR1073712
34041.0,346096,genus,0.00479662,Paludibacter,ERR1073712
34041.0,397864,genus,0.00479662,Barnesiella,ERR1073712
34041.0,1030,genus,0.00479662,Thiothrix,ERR1073712
34041.0,28453,genus,0.00479662,Sphingobacterium,ERR1073712
,-1,genus,43.6205,Unknown,ERR1073712
34041.0,286,genus,32.6122,Pseudomonas,ERR1073712
34041.0,816,genus,8.37011,Bacteroides,ERR1073712
34041.0,239759,genus,4.59996,Alistipes,ERR1073712
34041.0,1508657,genus,2.44148,Ruminiclostridium,ERR1073712
34041.0,40323,genus,2.16807,Stenotrophomonas,ERR1073712
34041.0,216851,genus,1.67402,Faecalibacterium,ERR1073712
34041.0,1730,genus,1.5685,Eubacterium,ERR1073712
34041.0,572511,genus,0.546815,Blautia,ERR1073712
34041.0,528,genus,0.278204,Ochrobactrum,ERR1073712
34041.0,469,genus,0.259018,Acinetobacter,ERR1073712
34041.0,459786,genus,0.196662,Oscillibacter,ERR1073712
34041.0,1505663,genus,0.187068,Erysipelatoclostridium,ERR1073712
34041.0,157920,genus,0.134305,Cellulosimicrobium,ERR1073712
34041.0,283168,genus,0.134305,Odoribacter,ERR1073712
34041.0,1301,genus,0.119916,Streptococcus,ERR1073712
34041.0,207244,genus,0.115119,Anaerostipes,ERR1073712
34041.0,841,genus,0.0911358,Roseburia,ERR1073712
34041.0,507,genus,0.0815426,Alcaligenes,ERR1073712
34041.0,239934,genus,0.0815426,Akkermansia,ERR1073712
34041.0,44249,genus,0.0431696,Paenibacillus,ERR1073712
34041.0,1827,genus,0.0431696,Rhodococcus,ERR1073712
34041.0,561,genus,0.0431696,Escherichia,ERR1073712
34041.0,1506553,genus,0.0287797,Lachnoclostridium,ERR1073712
34041.0,1350,genus,0.0287797,Enterococcus,ERR1073712
34041.0,1263,genus,0.0287797,Ruminococcus,ERR1073712
34041.0,838,genus,0.0287797,Prevotella,ERR1073712
34041.0,305976,genus,0.0287797,Pusillimonas,ERR1073712
34041.0,244127,genus,0.0239831,Anaerotruncus,ERR1073712
34041.0,872,genus,0.0191865,Desulfovibrio,ERR1073712
34041.0,1386,genus,0.0191865,Bacillus,ERR1073712
34041.0,590,genus,0.0191865,Salmonella,ERR1073712
34041.0,265980,genus,0.0143899,Alkalimonas,ERR1073712
34041.0,570,genus,0.0143899,Klebsiella,ERR1073712
34041.0,33042,genus,0.0143899,Coprococcus,ERR1073712
34041.0,233189,genus,0.00959325,Anaerolinea,ERR1073712
34041.0,497,genus,0.00959325,Psychrobacter,ERR1073712
34041.0,724,genus,0.00959325,Haemophilus,ERR1073712
34041.0,265,genus,0.00959325,Paracoccus,ERR1073712
34041.0,1485,genus,0.00959325,Clostridium,ERR1073712
34041.0,998014,genus,0.00959325,Cocleimonas,ERR1073712
34041.0,1822464,genus,0.00959325,Paraburkholderia,ERR1073712
34041.0,1017280,genus,0.00959325,Pseudoflavonifractor,ERR1073712
34041.0,642,genus,0.00959325,Aeromonas,ERR1073712
34041.0,1051,genus,0.00959325,Ectothiorhodospira,ERR1073712
34041.0,1505657,genus,0.00959325,Intestinibacter,ERR1073712
34041.0,44748,genus,0.00959325,Sporobacter,ERR1073712
34041.0,863253,genus,0.00959325,Marinicella,ERR1073712
34041.0,620,genus,0.00959325,Shigella,ERR1073712
34041.0,41275,genus,0.00479662,Brevundimonas,ERR1073712
34041.0,375288,genus,0.00479662,Parabacteroides,ERR1073712
34041.0,583,genus,0.00479662,Proteus,ERR1073712
34041.0,165779,genus,0.00479662,Anaerococcus,ERR1073712
34041.0,776,genus,0.00479662,Coxiella,ERR1073712
34041.0,61170,genus,0.00479662,Holdemania,ERR1073712
34041.0,577309,genus,0.00479662,Paraprevotella,ERR1073712
34041.0,1279,genus,0.00479662,Staphylococcus,ERR1073712
34041.0,102106,genus,0.00479662,Collinsella,ERR1073712
34041.0,795750,genus,0.00479662,Ignavibacterium,ERR1073712
34041.0,397864,genus,0.00479662,Barnesiella,ERR1073712
34041.0,346096,genus,0.00479662,Paludibacter,ERR1073712
34041.0,1030,genus,0.00479662,Thiothrix,ERR1073712
34041.0,28453,genus,0.00479662,Sphingobacterium,ERR1073712
34041.0,84111,genus,0.00479662,Eggerthella,ERR1073712
34041.0,469322,genus,0.00479662,Steroidobacter,ERR1073712
34041.0,39948,genus,0.00479662,Dialister,ERR1073712
34041.0,32207,genus,0.00479662,Rothia,ERR1073712
34041.0,60919,genus,0.00479662,Sanguibacter,ERR1073712
,-1,genus,43.6205,Unknown,ERR1073712
34041.0,286,genus,32.6122,Pseudomonas,ERR1073712
34041.0,816,genus,8.37011,Bacteroides,ERR1073712
34041.0,239759,genus,4.59996,Alistipes,ERR1073712
34041.0,1508657,genus,2.44148,Ruminiclostridium,ERR1073712
34041.0,40323,genus,2.16807,Stenotrophomonas,ERR1073712
34041.0,216851,genus,1.67402,Faecalibacterium,ERR1073712
34041.0,1730,genus,1.5685,Eubacterium,ERR1073712
34041.0,572511,genus,0.546815,Blautia,ERR1073712
34041.0,528,genus,0.278204,Ochrobactrum,ERR1073712
34041.0,469,genus,0.259018,Acinetobacter,ERR1073712
34041.0,459786,genus,0.196662,Oscillibacter,ERR1073712
34041.0,1505663,genus,0.187068,Erysipelatoclostridium,ERR1073712
34041.0,157920,genus,0.134305,Cellulosimicrobium,ERR1073712
34041.0,283168,genus,0.134305,Odoribacter,ERR1073712
34041.0,1301,genus,0.119916,Streptococcus,ERR1073712
34041.0,207244,genus,0.115119,Anaerostipes,ERR1073712
34041.0,841,genus,0.0911358,Roseburia,ERR1073712
34041.0,507,genus,0.0815426,Alcaligenes,ERR1073712
34041.0,239934,genus,0.0815426,Akkermansia,ERR1073712
34041.0,561,genus,0.0431696,Escherichia,ERR1073712
34041.0,44249,genus,0.0431696,Paenibacillus,ERR1073712
34041.0,1827,genus,0.0431696,Rhodococcus,ERR1073712
34041.0,838,genus,0.0287797,Prevotella,ERR1073712
34041.0,1263,genus,0.0287797,Ruminococcus,ERR1073712
34041.0,305976,genus,0.0287797,Pusillimonas,ERR1073712
34041.0,1350,genus,0.0287797,Enterococcus,ERR1073712
34041.0,1506553,genus,0.0287797,Lachnoclostridium,ERR1073712
34041.0,244127,genus,0.0239831,Anaerotruncus,ERR1073712
34041.0,590,genus,0.0191865,Salmonella,ERR1073712
34041.0,872,genus,0.0191865,Desulfovibrio,ERR1073712
34041.0,1386,genus,0.0191865,Bacillus,ERR1073712
34041.0,265980,genus,0.0143899,Alkalimonas,ERR1073712
34041.0,570,genus,0.0143899,Klebsiella,ERR1073712
34041.0,33042,genus,0.0143899,Coprococcus,ERR1073712
34041.0,620,genus,0.00959325,Shigella,ERR1073712
34041.0,233189,genus,0.00959325,Anaerolinea,ERR1073712
34041.0,497,genus,0.00959325,Psychrobacter,ERR1073712
34041.0,724,genus,0.00959325,Haemophilus,ERR1073712
34041.0,265,genus,0.00959325,Paracoccus,ERR1073712
34041.0,998014,genus,0.00959325,Cocleimonas,ERR1073712
34041.0,1485,genus,0.00959325,Clostridium,ERR1073712
34041.0,1822464,genus,0.00959325,Paraburkholderia,ERR1073712
34041.0,1017280,genus,0.00959325,Pseudoflavonifractor,ERR1073712
34041.0,642,genus,0.00959325,Aeromonas,ERR1073712
34041.0,1051,genus,0.00959325,Ectothiorhodospira,ERR1073712
34041.0,1505657,genus,0.00959325,Intestinibacter,ERR1073712
34041.0,44748,genus,0.00959325,Sporobacter,ERR1073712
34041.0,863253,genus,0.00959325,Marinicella,ERR1073712
34041.0,28453,genus,0.00479662,Sphingobacterium,ERR1073712
34041.0,84111,genus,0.00479662,Eggerthella,ERR1073712
34041.0,39948,genus,0.00479662,Dialister,ERR1073712
34041.0,32207,genus,0.00479662,Rothia,ERR1073712
34041.0,469322,genus,0.00479662,Steroidobacter,ERR1073712
34041.0,60919,genus,0.00479662,Sanguibacter,ERR1073712
34041.0,41275,genus,0.00479662,Brevundimonas,ERR1073712
34041.0,375288,genus,0.00479662,Parabacteroides,ERR1073712
34041.0,583,genus,0.00479662,Proteus,ERR1073712
34041.0,165779,genus,0.00479662,Anaerococcus,ERR1073712
34041.0,776,genus,0.00479662,Coxiella,ERR1073712
34041.0,61170,genus,0.00479662,Holdemania,ERR1073712
34041.0,577309,genus,0.00479662,Paraprevotella,ERR1073712
34041.0,102106,genus,0.00479662,Collinsella,ERR1073712
34041.0,795750,genus,0.00479662,Ignavibacterium,ERR1073712
34041.0,1279,genus,0.00479662,Staphylococcus,ERR1073712
34041.0,346096,genus,0.00479662,Paludibacter,ERR1073712
34041.0,397864,genus,0.00479662,Barnesiella,ERR1073712
34041.0,1030,genus,0.00479662,Thiothrix,ERR1073712
,-1,genus,43.6205,Unknown,ERR1073712
46902.0,216851,genus,24.854,Faecalibacterium,ERR1073725
46902.0,1301,genus,15.146,Streptococcus,ERR1073725
46902.0,46255,genus,10.8034,Weissella,ERR1073725
46902.0,459786,genus,7.72497,Oscillibacter,ERR1073725
46902.0,816,genus,7.49337,Bacteroides,ERR1073725
46902.0,572511,genus,2.29192,Blautia,ERR1073725
46902.0,1508657,genus,1.27865,Ruminiclostridium,ERR1073725
46902.0,1505663,genus,1.15802,Erysipelatoclostridium,ERR1073725
46902.0,648802,genus,1.076,Rummeliibacillus,ERR1073725
46902.0,836,genus,0.849216,Porphyromonas,ERR1073725
46902.0,239934,genus,0.834741,Akkermansia,ERR1073725
46902.0,35832,genus,0.738239,Bilophila,ERR1073725
46902.0,904,genus,0.718938,Acidaminococcus,ERR1073725
46902.0,1263,genus,0.607961,Ruminococcus,ERR1073725
46902.0,33042,genus,0.468034,Coprococcus,ERR1073725
46902.0,1279,genus,0.434258,Staphylococcus,ERR1073725
46902.0,1716,genus,0.395657,Corynebacterium,ERR1073725
46902.0,1506553,genus,0.361882,Lachnoclostridium,ERR1073725
46902.0,1730,genus,0.332931,Eubacterium,ERR1073725
46902.0,838,genus,0.328106,Prevotella,ERR1073725
46902.0,29465,genus,0.289505,Veillonella,ERR1073725
46902.0,41273,genus,0.28468,Tissierella,ERR1073725
46902.0,46205,genus,0.270205,Pseudobutyrivibrio,ERR1073725
46902.0,244127,genus,0.26538,Anaerotruncus,ERR1073725
46902.0,1485,genus,0.212304,Clostridium,ERR1073725
46902.0,239759,genus,0.202654,Alistipes,ERR1073725
46902.0,165779,genus,0.197829,Anaerococcus,ERR1073725
46902.0,1350,genus,0.188179,Enterococcus,ERR1073725
46902.0,189330,genus,0.183353,Dorea,ERR1073725
46902.0,1505657,genus,0.178528,Intestinibacter,ERR1073725
46902.0,44748,genus,0.178528,Sporobacter,ERR1073725
46902.0,39948,genus,0.173703,Dialister,ERR1073725
46902.0,830,genus,0.164053,Butyrivibrio,ERR1073725
46902.0,1386,genus,0.159228,Bacillus,ERR1073725
46902.0,1654,genus,0.125452,Actinomyces,ERR1073725
46902.0,162289,genus,0.115802,Peptoniphilus,ERR1073725
46902.0,150022,genus,0.110977,Finegoldia,ERR1073725
46902.0,207244,genus,0.106152,Anaerostipes,ERR1073725
46902.0,2132,genus,0.0868516,Spiroplasma,ERR1073725
46902.0,577310,genus,0.0820265,Parasutterella,ERR1073725
46902.0,32207,genus,0.0772014,Rothia,ERR1073725
46902.0,841,genus,0.0772014,Roseburia,ERR1073725
46902.0,644652,genus,0.0627262,Gordonibacter,ERR1073725
46902.0,496496,genus,0.0579011,Viridibacillus,ERR1073725
46902.0,397864,genus,0.0579011,Barnesiella,ERR1073725
46902.0,61170,genus,0.053076,Holdemania,ERR1073725
46902.0,86331,genus,0.0482509,Mogibacterium,ERR1073725
46902.0,52784,genus,0.0482509,Anaerofilum,ERR1073725
46902.0,1357,genus,0.0434258,Lactococcus,ERR1073725
46902.0,184869,genus,0.0434258,Varibaculum,ERR1073725
46902.0,482,genus,0.0386007,Neisseria,ERR1073725
46902.0,724,genus,0.0386007,Haemophilus,ERR1073725
46902.0,118747,genus,0.0337756,Bulleidia,ERR1073725
46902.0,1578,genus,0.0337756,Lactobacillus,ERR1073725
46902.0,375288,genus,0.0337756,Parabacteroides,ERR1073725
46902.0,1378,genus,0.0289505,Gemella,ERR1073725
46902.0,84111,genus,0.0241255,Eggerthella,ERR1073725
46902.0,848,genus,0.0193004,Fusobacterium,ERR1073725
46902.0,590,genus,0.0144753,Salmonella,ERR1073725
46902.0,990721,genus,0.0144753,Christensenella,ERR1073725
46902.0,1843210,genus,0.00965018,Anaerocolumna,ERR1073725
46902.0,1200657,genus,0.00965018,Saccharofermentans,ERR1073725
46902.0,102106,genus,0.00965018,Collinsella,ERR1073725
46902.0,1253,genus,0.00965018,Pediococcus,ERR1073725
46902.0,28453,genus,0.00965018,Sphingobacterium,ERR1073725
46902.0,32008,genus,0.00965018,Burkholderia,ERR1073725
46902.0,286,genus,0.00965018,Pseudomonas,ERR1073725
46902.0,117563,genus,0.00965018,Granulicatella,ERR1073725
46902.0,61434,genus,0.00965018,Dehalococcoides,ERR1073725
46902.0,195950,genus,0.00482509,Tannerella,ERR1073725
46902.0,46254,genus,0.00482509,Oenococcus,ERR1073725
46902.0,29393,genus,0.00482509,Dolosigranulum,ERR1073725
46902.0,1813,genus,0.00482509,Amycolatopsis,ERR1073725
46902.0,1827,genus,0.00482509,Rhodococcus,ERR1073725
46902.0,44249,genus,0.00482509,Paenibacillus,ERR1073725
46902.0,40323,genus,0.00482509,Stenotrophomonas,ERR1073725
46902.0,872,genus,0.00482509,Desulfovibrio,ERR1073725
46902.0,80865,genus,0.00482509,Delftia,ERR1073725
46902.0,283168,genus,0.00482509,Odoribacter,ERR1073725
46902.0,846,genus,0.00482509,Oxalobacter,ERR1073725
46902.0,42255,genus,0.00482509,Rubrobacter,ERR1073725
46902.0,448125,genus,0.00482509,Dethiosulfatibacter,ERR1073725
46902.0,1678,genus,0.00482509,Bifidobacterium,ERR1073725
46902.0,702,genus,0.00482509,Plesiomonas,ERR1073725
46902.0,577309,genus,0.00482509,Paraprevotella,ERR1073725
46902.0,99906,genus,0.00482509,Alkalibacterium,ERR1073725
46902.0,1835,genus,0.00482509,Saccharopolyspora,ERR1073725
46902.0,469,genus,0.00482509,Acinetobacter,ERR1073725
46902.0,450803,genus,0.00482509,Oceaniserpentilla,ERR1073725
46902.0,2733,genus,0.00482509,Symbiobacterium,ERR1073725
46902.0,1637257,genus,0.00482509,Mageeibacillus,ERR1073725
,-1,genus,16.6852,Unknown,ERR1073725
38171.0,816,genus,19.3232,Bacteroides,ERR1073812
38171.0,216851,genus,8.09883,Faecalibacterium,ERR1073812
38171.0,239759,genus,3.12022,Alistipes,ERR1073812
38171.0,838,genus,2.41804,Prevotella,ERR1073812
38171.0,375288,genus,0.950319,Parabacteroides,ERR1073812
38171.0,1730,genus,0.802492,Eubacterium,ERR1073812
38171.0,39948,genus,0.654664,Dialister,ERR1073812
38171.0,577309,genus,0.649385,Paraprevotella,ERR1073812
38171.0,459786,genus,0.628267,Oscillibacter,ERR1073812
38171.0,572511,genus,0.570192,Blautia,ERR1073812
38171.0,1506553,genus,0.295655,Lachnoclostridium,ERR1073812
38171.0,577310,genus,0.269257,Parasutterella,ERR1073812
38171.0,35832,genus,0.248139,Bilophila,ERR1073812
38171.0,1508657,genus,0.23758,Ruminiclostridium,ERR1073812
38171.0,283168,genus,0.211182,Odoribacter,ERR1073812
38171.0,189330,genus,0.163666,Dorea,ERR1073812
38171.0,841,genus,0.158387,Roseburia,ERR1073812
38171.0,33042,genus,0.131989,Coprococcus,ERR1073812
38171.0,561,genus,0.100311,Escherichia,ERR1073812
38171.0,872,genus,0.0950319,Desulfovibrio,ERR1073812
38171.0,1678,genus,0.0791933,Bifidobacterium,ERR1073812
38171.0,244127,genus,0.0686342,Anaerotruncus,ERR1073812
38171.0,1506577,genus,0.0580751,Tyzzerella,ERR1073812
38171.0,286,genus,0.047516,Pseudomonas,ERR1073812
38171.0,1301,genus,0.047516,Streptococcus,ERR1073812
38171.0,1505663,genus,0.0422364,Erysipelatoclostridium,ERR1073812
38171.0,44748,genus,0.0369569,Sporobacter,ERR1073812
38171.0,590,genus,0.0316773,Salmonella,ERR1073812
38171.0,990721,genus,0.0263978,Christensenella,ERR1073812
38171.0,1485,genus,0.0263978,Clostridium,ERR1073812
38171.0,52784,genus,0.0263978,Anaerofilum,ERR1073812
38171.0,1386,genus,0.0211182,Bacillus,ERR1073812
38171.0,1263,genus,0.0211182,Ruminococcus,ERR1073812
38171.0,482,genus,0.0158387,Neisseria,ERR1073812
38171.0,61170,genus,0.0158387,Holdemania,ERR1073812
38171.0,29465,genus,0.0158387,Veillonella,ERR1073812
38171.0,642,genus,0.0105591,Aeromonas,ERR1073812
38171.0,581,genus,0.0105591,Morganella,ERR1073812
38171.0,84108,genus,0.0105591,Slackia,ERR1073812
38171.0,848,genus,0.0105591,Fusobacterium,ERR1073812
38171.0,702,genus,0.0105591,Plesiomonas,ERR1073812
38171.0,53335,genus,0.0105591,Pantoea,ERR1073812
38171.0,830,genus,0.0105591,Butyrivibrio,ERR1073812
38171.0,84567,genus,0.0105591,Pedobacter,ERR1073812
38171.0,100883,genus,0.0105591,Coprobacillus,ERR1073812
38171.0,469,genus,0.0105591,Acinetobacter,ERR1073812
38171.0,998014,genus,0.0105591,Cocleimonas,ERR1073812
38171.0,1548510,genus,0.00527955,Microbacter,ERR1073812
38171.0,32207,genus,0.00527955,Rothia,ERR1073812
38171.0,182709,genus,0.00527955,Oceanobacillus,ERR1073812
38171.0,1350,genus,0.00527955,Enterococcus,ERR1073812
38171.0,413496,genus,0.00527955,Cronobacter,ERR1073812
38171.0,898,genus,0.00527955,Desulfomicrobium,ERR1073812
38171.0,866673,genus,0.00527955,Marinifilum,ERR1073812
38171.0,34037,genus,0.00527955,Rahnella,ERR1073812
38171.0,106633,genus,0.00527955,Thioalkalivibrio,ERR1073812
38171.0,40222,genus,0.00527955,Methylophaga,ERR1073812
38171.0,445,genus,0.00527955,Legionella,ERR1073812
38171.0,40323,genus,0.00527955,Stenotrophomonas,ERR1073812
38171.0,620,genus,0.00527955,Shigella,ERR1073812
38171.0,2093,genus,0.00527955,Mycoplasma,ERR1073812
38171.0,28231,genus,0.00527955,Geobacter,ERR1073812
38171.0,724,genus,0.00527955,Haemophilus,ERR1073812
38171.0,1645,genus,0.00527955,Renibacterium,ERR1073812
38171.0,239934,genus,0.00527955,Akkermansia,ERR1073812
38171.0,79328,genus,0.00527955,Chitinophaga,ERR1073812
38171.0,129337,genus,0.00527955,Geobacillus,ERR1073812
,-1,genus,59.0993,Unknown,ERR1073812
38171.0,816,genus,19.3232,Bacteroides,ERR1073812
38171.0,216851,genus,8.09883,Faecalibacterium,ERR1073812
38171.0,239759,genus,3.12022,Alistipes,ERR1073812
38171.0,838,genus,2.41804,Prevotella,ERR1073812
38171.0,375288,genus,0.950319,Parabacteroides,ERR1073812
38171.0,1730,genus,0.802492,Eubacterium,ERR1073812
38171.0,39948,genus,0.654664,Dialister,ERR1073812
38171.0,577309,genus,0.649385,Paraprevotella,ERR1073812
38171.0,459786,genus,0.628267,Oscillibacter,ERR1073812
38171.0,572511,genus,0.570192,Blautia,ERR1073812
38171.0,1506553,genus,0.295655,Lachnoclostridium,ERR1073812
38171.0,577310,genus,0.269257,Parasutterella,ERR1073812
38171.0,35832,genus,0.248139,Bilophila,ERR1073812
38171.0,1508657,genus,0.23758,Ruminiclostridium,ERR1073812
38171.0,283168,genus,0.211182,Odoribacter,ERR1073812
38171.0,189330,genus,0.163666,Dorea,ERR1073812
38171.0,841,genus,0.158387,Roseburia,ERR1073812
38171.0,33042,genus,0.131989,Coprococcus,ERR1073812
38171.0,561,genus,0.100311,Escherichia,ERR1073812
38171.0,872,genus,0.0950319,Desulfovibrio,ERR1073812
38171.0,1678,genus,0.0791933,Bifidobacterium,ERR1073812
38171.0,244127,genus,0.0686342,Anaerotruncus,ERR1073812
38171.0,1506577,genus,0.0580751,Tyzzerella,ERR1073812
38171.0,1301,genus,0.047516,Streptococcus,ERR1073812
38171.0,286,genus,0.047516,Pseudomonas,ERR1073812
38171.0,1505663,genus,0.0422364,Erysipelatoclostridium,ERR1073812
38171.0,44748,genus,0.0369569,Sporobacter,ERR1073812
38171.0,590,genus,0.0316773,Salmonella,ERR1073812
38171.0,52784,genus,0.0263978,Anaerofilum,ERR1073812
38171.0,990721,genus,0.0263978,Christensenella,ERR1073812
38171.0,1485,genus,0.0263978,Clostridium,ERR1073812
38171.0,1263,genus,0.0211182,Ruminococcus,ERR1073812
38171.0,1386,genus,0.0211182,Bacillus,ERR1073812
38171.0,482,genus,0.0158387,Neisseria,ERR1073812
38171.0,61170,genus,0.0158387,Holdemania,ERR1073812
38171.0,29465,genus,0.0158387,Veillonella,ERR1073812
38171.0,998014,genus,0.0105591,Cocleimonas,ERR1073812
38171.0,642,genus,0.0105591,Aeromonas,ERR1073812
38171.0,581,genus,0.0105591,Morganella,ERR1073812
38171.0,84108,genus,0.0105591,Slackia,ERR1073812
38171.0,848,genus,0.0105591,Fusobacterium,ERR1073812
38171.0,702,genus,0.0105591,Plesiomonas,ERR1073812
38171.0,53335,genus,0.0105591,Pantoea,ERR1073812
38171.0,830,genus,0.0105591,Butyrivibrio,ERR1073812
38171.0,84567,genus,0.0105591,Pedobacter,ERR1073812
38171.0,100883,genus,0.0105591,Coprobacillus,ERR1073812
38171.0,469,genus,0.0105591,Acinetobacter,ERR1073812
38171.0,1645,genus,0.00527955,Renibacterium,ERR1073812
38171.0,239934,genus,0.00527955,Akkermansia,ERR1073812
38171.0,79328,genus,0.00527955,Chitinophaga,ERR1073812
38171.0,129337,genus,0.00527955,Geobacillus,ERR1073812
38171.0,1548510,genus,0.00527955,Microbacter,ERR1073812
38171.0,32207,genus,0.00527955,Rothia,ERR1073812
38171.0,182709,genus,0.00527955,Oceanobacillus,ERR1073812
38171.0,1350,genus,0.00527955,Enterococcus,ERR1073812
38171.0,413496,genus,0.00527955,Cronobacter,ERR1073812
38171.0,898,genus,0.00527955,Desulfomicrobium,ERR1073812
38171.0,866673,genus,0.00527955,Marinifilum,ERR1073812
38171.0,34037,genus,0.00527955,Rahnella,ERR1073812
38171.0,106633,genus,0.00527955,Thioalkalivibrio,ERR1073812
38171.0,40222,genus,0.00527955,Methylophaga,ERR1073812
38171.0,445,genus,0.00527955,Legionella,ERR1073812
38171.0,40323,genus,0.00527955,Stenotrophomonas,ERR1073812
38171.0,620,genus,0.00527955,Shigella,ERR1073812
38171.0,2093,genus,0.00527955,Mycoplasma,ERR1073812
38171.0,28231,genus,0.00527955,Geobacter,ERR1073812
38171.0,724,genus,0.00527955,Haemophilus,ERR1073812
,-1,genus,59.0993,Unknown,ERR1073812
38171.0,816,genus,19.3232,Bacteroides,ERR1073812
38171.0,216851,genus,8.09883,Faecalibacterium,ERR1073812
38171.0,239759,genus,3.12022,Alistipes,ERR1073812
38171.0,838,genus,2.41804,Prevotella,ERR1073812
38171.0,375288,genus,0.950319,Parabacteroides,ERR1073812
38171.0,1730,genus,0.802492,Eubacterium,ERR1073812
38171.0,39948,genus,0.654664,Dialister,ERR1073812
38171.0,577309,genus,0.649385,Paraprevotella,ERR1073812
38171.0,459786,genus,0.628267,Oscillibacter,ERR1073812
38171.0,572511,genus,0.570192,Blautia,ERR1073812
38171.0,1506553,genus,0.295655,Lachnoclostridium,ERR1073812
38171.0,577310,genus,0.269257,Parasutterella,ERR1073812
38171.0,35832,genus,0.248139,Bilophila,ERR1073812
38171.0,1508657,genus,0.23758,Ruminiclostridium,ERR1073812
38171.0,283168,genus,0.211182,Odoribacter,ERR1073812
38171.0,189330,genus,0.163666,Dorea,ERR1073812
38171.0,841,genus,0.158387,Roseburia,ERR1073812
38171.0,33042,genus,0.131989,Coprococcus,ERR1073812
38171.0,561,genus,0.100311,Escherichia,ERR1073812
38171.0,872,genus,0.0950319,Desulfovibrio,ERR1073812
38171.0,1678,genus,0.0791933,Bifidobacterium,ERR1073812
38171.0,244127,genus,0.0686342,Anaerotruncus,ERR1073812
38171.0,1506577,genus,0.0580751,Tyzzerella,ERR1073812
38171.0,286,genus,0.047516,Pseudomonas,ERR1073812
38171.0,1301,genus,0.047516,Streptococcus,ERR1073812
38171.0,1505663,genus,0.0422364,Erysipelatoclostridium,ERR1073812
38171.0,44748,genus,0.0369569,Sporobacter,ERR1073812
38171.0,590,genus,0.0316773,Salmonella,ERR1073812
38171.0,990721,genus,0.0263978,Christensenella,ERR1073812
38171.0,1485,genus,0.0263978,Clostridium,ERR1073812
38171.0,52784,genus,0.0263978,Anaerofilum,ERR1073812
38171.0,1263,genus,0.0211182,Ruminococcus,ERR1073812
38171.0,1386,genus,0.0211182,Bacillus,ERR1073812
38171.0,61170,genus,0.0158387,Holdemania,ERR1073812
38171.0,29465,genus,0.0158387,Veillonella,ERR1073812
38171.0,482,genus,0.0158387,Neisseria,ERR1073812
38171.0,53335,genus,0.0105591,Pantoea,ERR1073812
38171.0,830,genus,0.0105591,Butyrivibrio,ERR1073812
38171.0,84567,genus,0.0105591,Pedobacter,ERR1073812
38171.0,100883,genus,0.0105591,Coprobacillus,ERR1073812
38171.0,469,genus,0.0105591,Acinetobacter,ERR1073812
38171.0,998014,genus,0.0105591,Cocleimonas,ERR1073812
38171.0,642,genus,0.0105591,Aeromonas,ERR1073812
38171.0,581,genus,0.0105591,Morganella,ERR1073812
38171.0,84108,genus,0.0105591,Slackia,ERR1073812
38171.0,848,genus,0.0105591,Fusobacterium,ERR1073812
38171.0,702,genus,0.0105591,Plesiomonas,ERR1073812
38171.0,106633,genus,0.00527955,Thioalkalivibrio,ERR1073812
38171.0,40222,genus,0.00527955,Methylophaga,ERR1073812
38171.0,445,genus,0.00527955,Legionella,ERR1073812
38171.0,40323,genus,0.00527955,Stenotrophomonas,ERR1073812
38171.0,620,genus,0.00527955,Shigella,ERR1073812
38171.0,2093,genus,0.00527955,Mycoplasma,ERR1073812
38171.0,28231,genus,0.00527955,Geobacter,ERR1073812
38171.0,724,genus,0.00527955,Haemophilus,ERR1073812
38171.0,1645,genus,0.00527955,Renibacterium,ERR1073812
38171.0,239934,genus,0.00527955,Akkermansia,ERR1073812
38171.0,79328,genus,0.00527955,Chitinophaga,ERR1073812
38171.0,129337,genus,0.00527955,Geobacillus,ERR1073812
38171.0,1548510,genus,0.00527955,Microbacter,ERR1073812
38171.0,32207,genus,0.00527955,Rothia,ERR1073812
38171.0,182709,genus,0.00527955,Oceanobacillus,ERR1073812
38171.0,1350,genus,0.00527955,Enterococcus,ERR1073812
38171.0,413496,genus,0.00527955,Cronobacter,ERR1073812
38171.0,898,genus,0.00527955,Desulfomicrobium,ERR1073812
38171.0,866673,genus,0.00527955,Marinifilum,ERR1073812
38171.0,34037,genus,0.00527955,Rahnella,ERR1073812
,-1,genus,59.0993,Unknown,ERR1073812
38171.0,816,genus,19.3232,Bacteroides,ERR1073812
38171.0,216851,genus,8.09883,Faecalibacterium,ERR1073812
38171.0,239759,genus,3.12022,Alistipes,ERR1073812
38171.0,838,genus,2.41804,Prevotella,ERR1073812
38171.0,375288,genus,0.950319,Parabacteroides,ERR1073812
38171.0,1730,genus,0.802492,Eubacterium,ERR1073812
38171.0,39948,genus,0.654664,Dialister,ERR1073812
38171.0,577309,genus,0.649385,Paraprevotella,ERR1073812
38171.0,459786,genus,0.628267,Oscillibacter,ERR1073812
38171.0,572511,genus,0.570192,Blautia,ERR1073812
38171.0,1506553,genus,0.295655,Lachnoclostridium,ERR1073812
38171.0,577310,genus,0.269257,Parasutterella,ERR1073812
38171.0,35832,genus,0.248139,Bilophila,ERR1073812
38171.0,1508657,genus,0.23758,Ruminiclostridium,ERR1073812
38171.0,283168,genus,0.211182,Odoribacter,ERR1073812
38171.0,189330,genus,0.163666,Dorea,ERR1073812
38171.0,841,genus,0.158387,Roseburia,ERR1073812
38171.0,33042,genus,0.131989,Coprococcus,ERR1073812
38171.0,561,genus,0.100311,Escherichia,ERR1073812
38171.0,872,genus,0.0950319,Desulfovibrio,ERR1073812
38171.0,1678,genus,0.0791933,Bifidobacterium,ERR1073812
38171.0,244127,genus,0.0686342,Anaerotruncus,ERR1073812
38171.0,1506577,genus,0.0580751,Tyzzerella,ERR1073812
38171.0,1301,genus,0.047516,Streptococcus,ERR1073812
38171.0,286,genus,0.047516,Pseudomonas,ERR1073812
38171.0,1505663,genus,0.0422364,Erysipelatoclostridium,ERR1073812
38171.0,44748,genus,0.0369569,Sporobacter,ERR1073812
38171.0,590,genus,0.0316773,Salmonella,ERR1073812
38171.0,990721,genus,0.0263978,Christensenella,ERR1073812
38171.0,1485,genus,0.0263978,Clostridium,ERR1073812
38171.0,52784,genus,0.0263978,Anaerofilum,ERR1073812
38171.0,1386,genus,0.0211182,Bacillus,ERR1073812
38171.0,1263,genus,0.0211182,Ruminococcus,ERR1073812
38171.0,482,genus,0.0158387,Neisseria,ERR1073812
38171.0,61170,genus,0.0158387,Holdemania,ERR1073812
38171.0,29465,genus,0.0158387,Veillonella,ERR1073812
38171.0,998014,genus,0.0105591,Cocleimonas,ERR1073812
38171.0,642,genus,0.0105591,Aeromonas,ERR1073812
38171.0,581,genus,0.0105591,Morganella,ERR1073812
38171.0,84108,genus,0.0105591,Slackia,ERR1073812
38171.0,848,genus,0.0105591,Fusobacterium,ERR1073812
38171.0,702,genus,0.0105591,Plesiomonas,ERR1073812
38171.0,53335,genus,0.0105591,Pantoea,ERR1073812
38171.0,830,genus,0.0105591,Butyrivibrio,ERR1073812
38171.0,84567,genus,0.0105591,Pedobacter,ERR1073812
38171.0,100883,genus,0.0105591,Coprobacillus,ERR1073812
38171.0,469,genus,0.0105591,Acinetobacter,ERR1073812
38171.0,129337,genus,0.00527955,Geobacillus,ERR1073812
38171.0,1548510,genus,0.00527955,Microbacter,ERR1073812
38171.0,32207,genus,0.00527955,Rothia,ERR1073812
38171.0,182709,genus,0.00527955,Oceanobacillus,ERR1073812
38171.0,1350,genus,0.00527955,Enterococcus,ERR1073812
38171.0,413496,genus,0.00527955,Cronobacter,ERR1073812
38171.0,898,genus,0.00527955,Desulfomicrobium,ERR1073812
38171.0,866673,genus,0.00527955,Marinifilum,ERR1073812
38171.0,34037,genus,0.00527955,Rahnella,ERR1073812
38171.0,106633,genus,0.00527955,Thioalkalivibrio,ERR1073812
38171.0,40222,genus,0.00527955,Methylophaga,ERR1073812
38171.0,445,genus,0.00527955,Legionella,ERR1073812
38171.0,40323,genus,0.00527955,Stenotrophomonas,ERR1073812
38171.0,620,genus,0.00527955,Shigella,ERR1073812
38171.0,2093,genus,0.00527955,Mycoplasma,ERR1073812
38171.0,28231,genus,0.00527955,Geobacter,ERR1073812
38171.0,724,genus,0.00527955,Haemophilus,ERR1073812
38171.0,1645,genus,0.00527955,Renibacterium,ERR1073812
38171.0,239934,genus,0.00527955,Akkermansia,ERR1073812
38171.0,79328,genus,0.00527955,Chitinophaga,ERR1073812
,-1,genus,59.0993,Unknown,ERR1073812
38171.0,816,genus,19.3232,Bacteroides,ERR1073812
38171.0,216851,genus,8.09883,Faecalibacterium,ERR1073812
38171.0,239759,genus,3.12022,Alistipes,ERR1073812
38171.0,838,genus,2.41804,Prevotella,ERR1073812
38171.0,375288,genus,0.950319,Parabacteroides,ERR1073812
38171.0,1730,genus,0.802492,Eubacterium,ERR1073812
38171.0,39948,genus,0.654664,Dialister,ERR1073812
38171.0,577309,genus,0.649385,Paraprevotella,ERR1073812
38171.0,459786,genus,0.628267,Oscillibacter,ERR1073812
38171.0,572511,genus,0.570192,Blautia,ERR1073812
38171.0,1506553,genus,0.295655,Lachnoclostridium,ERR1073812
38171.0,577310,genus,0.269257,Parasutterella,ERR1073812
38171.0,35832,genus,0.248139,Bilophila,ERR1073812
38171.0,1508657,genus,0.23758,Ruminiclostridium,ERR1073812
38171.0,283168,genus,0.211182,Odoribacter,ERR1073812
38171.0,189330,genus,0.163666,Dorea,ERR1073812
38171.0,841,genus,0.158387,Roseburia,ERR1073812
38171.0,33042,genus,0.131989,Coprococcus,ERR1073812
38171.0,561,genus,0.100311,Escherichia,ERR1073812
38171.0,872,genus,0.0950319,Desulfovibrio,ERR1073812
38171.0,1678,genus,0.0791933,Bifidobacterium,ERR1073812
38171.0,244127,genus,0.0686342,Anaerotruncus,ERR1073812
38171.0,1506577,genus,0.0580751,Tyzzerella,ERR1073812
38171.0,286,genus,0.047516,Pseudomonas,ERR1073812
38171.0,1301,genus,0.047516,Streptococcus,ERR1073812
38171.0,1505663,genus,0.0422364,Erysipelatoclostridium,ERR1073812
38171.0,44748,genus,0.0369569,Sporobacter,ERR1073812
38171.0,590,genus,0.0316773,Salmonella,ERR1073812
38171.0,990721,genus,0.0263978,Christensenella,ERR1073812
38171.0,1485,genus,0.0263978,Clostridium,ERR1073812
38171.0,52784,genus,0.0263978,Anaerofilum,ERR1073812
38171.0,1386,genus,0.0211182,Bacillus,ERR1073812
38171.0,1263,genus,0.0211182,Ruminococcus,ERR1073812
38171.0,482,genus,0.0158387,Neisseria,ERR1073812
38171.0,61170,genus,0.0158387,Holdemania,ERR1073812
38171.0,29465,genus,0.0158387,Veillonella,ERR1073812
38171.0,702,genus,0.0105591,Plesiomonas,ERR1073812
38171.0,53335,genus,0.0105591,Pantoea,ERR1073812
38171.0,830,genus,0.0105591,Butyrivibrio,ERR1073812
38171.0,84567,genus,0.0105591,Pedobacter,ERR1073812
38171.0,100883,genus,0.0105591,Coprobacillus,ERR1073812
38171.0,469,genus,0.0105591,Acinetobacter,ERR1073812
38171.0,998014,genus,0.0105591,Cocleimonas,ERR1073812
38171.0,642,genus,0.0105591,Aeromonas,ERR1073812
38171.0,581,genus,0.0105591,Morganella,ERR1073812
38171.0,84108,genus,0.0105591,Slackia,ERR1073812
38171.0,848,genus,0.0105591,Fusobacterium,ERR1073812
38171.0,1350,genus,0.00527955,Enterococcus,ERR1073812
38171.0,413496,genus,0.00527955,Cronobacter,ERR1073812
38171.0,898,genus,0.00527955,Desulfomicrobium,ERR1073812
38171.0,866673,genus,0.00527955,Marinifilum,ERR1073812
38171.0,34037,genus,0.00527955,Rahnella,ERR1073812
38171.0,106633,genus,0.00527955,Thioalkalivibrio,ERR1073812
38171.0,40222,genus,0.00527955,Methylophaga,ERR1073812
38171.0,445,genus,0.00527955,Legionella,ERR1073812
38171.0,40323,genus,0.00527955,Stenotrophomonas,ERR1073812
38171.0,620,genus,0.00527955,Shigella,ERR1073812
38171.0,2093,genus,0.00527955,Mycoplasma,ERR1073812
38171.0,28231,genus,0.00527955,Geobacter,ERR1073812
38171.0,724,genus,0.00527955,Haemophilus,ERR1073812
38171.0,1645,genus,0.00527955,Renibacterium,ERR1073812
38171.0,239934,genus,0.00527955,Akkermansia,ERR1073812
38171.0,79328,genus,0.00527955,Chitinophaga,ERR1073812
38171.0,129337,genus,0.00527955,Geobacillus,ERR1073812
38171.0,1548510,genus,0.00527955,Microbacter,ERR1073812
38171.0,32207,genus,0.00527955,Rothia,ERR1073812
38171.0,182709,genus,0.00527955,Oceanobacillus,ERR1073812
,-1,genus,59.0993,Unknown,ERR1073812
38171.0,816,genus,19.3232,Bacteroides,ERR1073812
38171.0,216851,genus,8.09883,Faecalibacterium,ERR1073812
38171.0,239759,genus,3.12022,Alistipes,ERR1073812
38171.0,838,genus,2.41804,Prevotella,ERR1073812
38171.0,375288,genus,0.950319,Parabacteroides,ERR1073812
38171.0,1730,genus,0.802492,Eubacterium,ERR1073812
38171.0,39948,genus,0.654664,Dialister,ERR1073812
38171.0,577309,genus,0.649385,Paraprevotella,ERR1073812
38171.0,459786,genus,0.628267,Oscillibacter,ERR1073812
38171.0,572511,genus,0.570192,Blautia,ERR1073812
38171.0,1506553,genus,0.295655,Lachnoclostridium,ERR1073812
38171.0,577310,genus,0.269257,Parasutterella,ERR1073812
38171.0,35832,genus,0.248139,Bilophila,ERR1073812
38171.0,1508657,genus,0.23758,Ruminiclostridium,ERR1073812
38171.0,283168,genus,0.211182,Odoribacter,ERR1073812
38171.0,189330,genus,0.163666,Dorea,ERR1073812
38171.0,841,genus,0.158387,Roseburia,ERR1073812
38171.0,33042,genus,0.131989,Coprococcus,ERR1073812
38171.0,561,genus,0.100311,Escherichia,ERR1073812
38171.0,872,genus,0.0950319,Desulfovibrio,ERR1073812
38171.0,1678,genus,0.0791933,Bifidobacterium,ERR1073812
38171.0,244127,genus,0.0686342,Anaerotruncus,ERR1073812
38171.0,1506577,genus,0.0580751,Tyzzerella,ERR1073812
38171.0,286,genus,0.047516,Pseudomonas,ERR1073812
38171.0,1301,genus,0.047516,Streptococcus,ERR1073812
38171.0,1505663,genus,0.0422364,Erysipelatoclostridium,ERR1073812
38171.0,44748,genus,0.0369569,Sporobacter,ERR1073812
38171.0,590,genus,0.0316773,Salmonella,ERR1073812
38171.0,990721,genus,0.0263978,Christensenella,ERR1073812
38171.0,1485,genus,0.0263978,Clostridium,ERR1073812
38171.0,52784,genus,0.0263978,Anaerofilum,ERR1073812
38171.0,1263,genus,0.0211182,Ruminococcus,ERR1073812
38171.0,1386,genus,0.0211182,Bacillus,ERR1073812
38171.0,61170,genus,0.0158387,Holdemania,ERR1073812
38171.0,29465,genus,0.0158387,Veillonella,ERR1073812
38171.0,482,genus,0.0158387,Neisseria,ERR1073812
38171.0,53335,genus,0.0105591,Pantoea,ERR1073812
38171.0,84567,genus,0.0105591,Pedobacter,ERR1073812
38171.0,830,genus,0.0105591,Butyrivibrio,ERR1073812
38171.0,100883,genus,0.0105591,Coprobacillus,ERR1073812
38171.0,469,genus,0.0105591,Acinetobacter,ERR1073812
38171.0,998014,genus,0.0105591,Cocleimonas,ERR1073812
38171.0,581,genus,0.0105591,Morganella,ERR1073812
38171.0,642,genus,0.0105591,Aeromonas,ERR1073812
38171.0,84108,genus,0.0105591,Slackia,ERR1073812
38171.0,848,genus,0.0105591,Fusobacterium,ERR1073812
38171.0,702,genus,0.0105591,Plesiomonas,ERR1073812
38171.0,34037,genus,0.00527955,Rahnella,ERR1073812
38171.0,866673,genus,0.00527955,Marinifilum,ERR1073812
38171.0,106633,genus,0.00527955,Thioalkalivibrio,ERR1073812
38171.0,40222,genus,0.00527955,Methylophaga,ERR1073812
38171.0,445,genus,0.00527955,Legionella,ERR1073812
38171.0,620,genus,0.00527955,Shigella,ERR1073812
38171.0,40323,genus,0.00527955,Stenotrophomonas,ERR1073812
38171.0,2093,genus,0.00527955,Mycoplasma,ERR1073812
38171.0,28231,genus,0.00527955,Geobacter,ERR1073812
38171.0,724,genus,0.00527955,Haemophilus,ERR1073812
38171.0,239934,genus,0.00527955,Akkermansia,ERR1073812
38171.0,1645,genus,0.00527955,Renibacterium,ERR1073812
38171.0,79328,genus,0.00527955,Chitinophaga,ERR1073812
38171.0,129337,genus,0.00527955,Geobacillus,ERR1073812
38171.0,1548510,genus,0.00527955,Microbacter,ERR1073812
38171.0,32207,genus,0.00527955,Rothia,ERR1073812
38171.0,182709,genus,0.00527955,Oceanobacillus,ERR1073812
38171.0,1350,genus,0.00527955,Enterococcus,ERR1073812
38171.0,898,genus,0.00527955,Desulfomicrobium,ERR1073812
38171.0,413496,genus,0.00527955,Cronobacter,ERR1073812
,-1,genus,59.0993,Unknown,ERR1073812
38171.0,816,genus,19.3232,Bacteroides,ERR1073812
38171.0,216851,genus,8.09883,Faecalibacterium,ERR1073812
38171.0,239759,genus,3.12022,Alistipes,ERR1073812
38171.0,838,genus,2.41804,Prevotella,ERR1073812
38171.0,375288,genus,0.950319,Parabacteroides,ERR1073812
38171.0,1730,genus,0.802492,Eubacterium,ERR1073812
38171.0,39948,genus,0.654664,Dialister,ERR1073812
38171.0,577309,genus,0.649385,Paraprevotella,ERR1073812
38171.0,459786,genus,0.628267,Oscillibacter,ERR1073812
38171.0,572511,genus,0.570192,Blautia,ERR1073812
38171.0,1506553,genus,0.295655,Lachnoclostridium,ERR1073812
38171.0,577310,genus,0.269257,Parasutterella,ERR1073812
38171.0,35832,genus,0.248139,Bilophila,ERR1073812
38171.0,1508657,genus,0.23758,Ruminiclostridium,ERR1073812
38171.0,283168,genus,0.211182,Odoribacter,ERR1073812
38171.0,189330,genus,0.163666,Dorea,ERR1073812
38171.0,841,genus,0.158387,Roseburia,ERR1073812
38171.0,33042,genus,0.131989,Coprococcus,ERR1073812
38171.0,561,genus,0.100311,Escherichia,ERR1073812
38171.0,872,genus,0.0950319,Desulfovibrio,ERR1073812
38171.0,1678,genus,0.0791933,Bifidobacterium,ERR1073812
38171.0,244127,genus,0.0686342,Anaerotruncus,ERR1073812
38171.0,1506577,genus,0.0580751,Tyzzerella,ERR1073812
38171.0,286,genus,0.047516,Pseudomonas,ERR1073812
38171.0,1301,genus,0.047516,Streptococcus,ERR1073812
38171.0,1505663,genus,0.0422364,Erysipelatoclostridium,ERR1073812
38171.0,44748,genus,0.0369569,Sporobacter,ERR1073812
38171.0,590,genus,0.0316773,Salmonella,ERR1073812
38171.0,990721,genus,0.0263978,Christensenella,ERR1073812
38171.0,1485,genus,0.0263978,Clostridium,ERR1073812
38171.0,52784,genus,0.0263978,Anaerofilum,ERR1073812
38171.0,1386,genus,0.0211182,Bacillus,ERR1073812
38171.0,1263,genus,0.0211182,Ruminococcus,ERR1073812
38171.0,482,genus,0.0158387,Neisseria,ERR1073812
38171.0,61170,genus,0.0158387,Holdemania,ERR1073812
38171.0,29465,genus,0.0158387,Veillonella,ERR1073812
38171.0,84108,genus,0.0105591,Slackia,ERR1073812
38171.0,848,genus,0.0105591,Fusobacterium,ERR1073812
38171.0,702,genus,0.0105591,Plesiomonas,ERR1073812
38171.0,53335,genus,0.0105591,Pantoea,ERR1073812
38171.0,830,genus,0.0105591,Butyrivibrio,ERR1073812
38171.0,84567,genus,0.0105591,Pedobacter,ERR1073812
38171.0,100883,genus,0.0105591,Coprobacillus,ERR1073812
38171.0,469,genus,0.0105591,Acinetobacter,ERR1073812
38171.0,998014,genus,0.0105591,Cocleimonas,ERR1073812
38171.0,642,genus,0.0105591,Aeromonas,ERR1073812
38171.0,581,genus,0.0105591,Morganella,ERR1073812
38171.0,182709,genus,0.00527955,Oceanobacillus,ERR1073812
38171.0,1350,genus,0.00527955,Enterococcus,ERR1073812
38171.0,413496,genus,0.00527955,Cronobacter,ERR1073812
38171.0,898,genus,0.00527955,Desulfomicrobium,ERR1073812
38171.0,866673,genus,0.00527955,Marinifilum,ERR1073812
38171.0,34037,genus,0.00527955,Rahnella,ERR1073812
38171.0,106633,genus,0.00527955,Thioalkalivibrio,ERR1073812
38171.0,40222,genus,0.00527955,Methylophaga,ERR1073812
38171.0,445,genus,0.00527955,Legionella,ERR1073812
38171.0,40323,genus,0.00527955,Stenotrophomonas,ERR1073812
38171.0,620,genus,0.00527955,Shigella,ERR1073812
38171.0,2093,genus,0.00527955,Mycoplasma,ERR1073812
38171.0,28231,genus,0.00527955,Geobacter,ERR1073812
38171.0,724,genus,0.00527955,Haemophilus,ERR1073812
38171.0,1645,genus,0.00527955,Renibacterium,ERR1073812
38171.0,239934,genus,0.00527955,Akkermansia,ERR1073812
38171.0,79328,genus,0.00527955,Chitinophaga,ERR1073812
38171.0,129337,genus,0.00527955,Geobacillus,ERR1073812
38171.0,1548510,genus,0.00527955,Microbacter,ERR1073812
38171.0,32207,genus,0.00527955,Rothia,ERR1073812
,-1,genus,59.0993,Unknown,ERR1073812
38171.0,816,genus,19.3232,Bacteroides,ERR1073812
38171.0,216851,genus,8.09883,Faecalibacterium,ERR1073812
38171.0,239759,genus,3.12022,Alistipes,ERR1073812
38171.0,838,genus,2.41804,Prevotella,ERR1073812
38171.0,375288,genus,0.950319,Parabacteroides,ERR1073812
38171.0,1730,genus,0.802492,Eubacterium,ERR1073812
38171.0,39948,genus,0.654664,Dialister,ERR1073812
38171.0,577309,genus,0.649385,Paraprevotella,ERR1073812
38171.0,459786,genus,0.628267,Oscillibacter,ERR1073812
38171.0,572511,genus,0.570192,Blautia,ERR1073812
38171.0,1506553,genus,0.295655,Lachnoclostridium,ERR1073812
38171.0,577310,genus,0.269257,Parasutterella,ERR1073812
38171.0,35832,genus,0.248139,Bilophila,ERR1073812
38171.0,1508657,genus,0.23758,Ruminiclostridium,ERR1073812
38171.0,283168,genus,0.211182,Odoribacter,ERR1073812
38171.0,189330,genus,0.163666,Dorea,ERR1073812
38171.0,841,genus,0.158387,Roseburia,ERR1073812
38171.0,33042,genus,0.131989,Coprococcus,ERR1073812
38171.0,561,genus,0.100311,Escherichia,ERR1073812
38171.0,872,genus,0.0950319,Desulfovibrio,ERR1073812
38171.0,1678,genus,0.0791933,Bifidobacterium,ERR1073812
38171.0,244127,genus,0.0686342,Anaerotruncus,ERR1073812
38171.0,1506577,genus,0.0580751,Tyzzerella,ERR1073812
38171.0,286,genus,0.047516,Pseudomonas,ERR1073812
38171.0,1301,genus,0.047516,Streptococcus,ERR1073812
38171.0,1505663,genus,0.0422364,Erysipelatoclostridium,ERR1073812
38171.0,44748,genus,0.0369569,Sporobacter,ERR1073812
38171.0,590,genus,0.0316773,Salmonella,ERR1073812
38171.0,990721,genus,0.0263978,Christensenella,ERR1073812
38171.0,1485,genus,0.0263978,Clostridium,ERR1073812
38171.0,52784,genus,0.0263978,Anaerofilum,ERR1073812
38171.0,1386,genus,0.0211182,Bacillus,ERR1073812
38171.0,1263,genus,0.0211182,Ruminococcus,ERR1073812
38171.0,482,genus,0.0158387,Neisseria,ERR1073812
38171.0,61170,genus,0.0158387,Holdemania,ERR1073812
38171.0,29465,genus,0.0158387,Veillonella,ERR1073812
38171.0,53335,genus,0.0105591,Pantoea,ERR1073812
38171.0,830,genus,0.0105591,Butyrivibrio,ERR1073812
38171.0,84567,genus,0.0105591,Pedobacter,ERR1073812
38171.0,100883,genus,0.0105591,Coprobacillus,ERR1073812
38171.0,469,genus,0.0105591,Acinetobacter,ERR1073812
38171.0,998014,genus,0.0105591,Cocleimonas,ERR1073812
38171.0,642,genus,0.0105591,Aeromonas,ERR1073812
38171.0,581,genus,0.0105591,Morganella,ERR1073812
38171.0,84108,genus,0.0105591,Slackia,ERR1073812
38171.0,848,genus,0.0105591,Fusobacterium,ERR1073812
38171.0,702,genus,0.0105591,Plesiomonas,ERR1073812
38171.0,413496,genus,0.00527955,Cronobacter,ERR1073812
38171.0,898,genus,0.00527955,Desulfomicrobium,ERR1073812
38171.0,866673,genus,0.00527955,Marinifilum,ERR1073812
38171.0,34037,genus,0.00527955,Rahnella,ERR1073812
38171.0,106633,genus,0.00527955,Thioalkalivibrio,ERR1073812
38171.0,40222,genus,0.00527955,Methylophaga,ERR1073812
38171.0,445,genus,0.00527955,Legionella,ERR1073812
38171.0,40323,genus,0.00527955,Stenotrophomonas,ERR1073812
38171.0,620,genus,0.00527955,Shigella,ERR1073812
38171.0,2093,genus,0.00527955,Mycoplasma,ERR1073812
38171.0,28231,genus,0.00527955,Geobacter,ERR1073812
38171.0,724,genus,0.00527955,Haemophilus,ERR1073812
38171.0,1645,genus,0.00527955,Renibacterium,ERR1073812
38171.0,239934,genus,0.00527955,Akkermansia,ERR1073812
38171.0,79328,genus,0.00527955,Chitinophaga,ERR1073812
38171.0,129337,genus,0.00527955,Geobacillus,ERR1073812
38171.0,1548510,genus,0.00527955,Microbacter,ERR1073812
38171.0,32207,genus,0.00527955,Rothia,ERR1073812
38171.0,182709,genus,0.00527955,Oceanobacillus,ERR1073812
38171.0,1350,genus,0.00527955,Enterococcus,ERR1073812
,-1,genus,59.0993,Unknown,ERR1073812
38171.0,816,genus,19.3232,Bacteroides,ERR1073812
38171.0,216851,genus,8.09883,Faecalibacterium,ERR1073812
38171.0,239759,genus,3.12022,Alistipes,ERR1073812
38171.0,838,genus,2.41804,Prevotella,ERR1073812
38171.0,375288,genus,0.950319,Parabacteroides,ERR1073812
38171.0,1730,genus,0.802492,Eubacterium,ERR1073812
38171.0,39948,genus,0.654664,Dialister,ERR1073812
38171.0,577309,genus,0.649385,Paraprevotella,ERR1073812
38171.0,459786,genus,0.628267,Oscillibacter,ERR1073812
38171.0,572511,genus,0.570192,Blautia,ERR1073812
38171.0,1506553,genus,0.295655,Lachnoclostridium,ERR1073812
38171.0,577310,genus,0.269257,Parasutterella,ERR1073812
38171.0,35832,genus,0.248139,Bilophila,ERR1073812
38171.0,1508657,genus,0.23758,Ruminiclostridium,ERR1073812
38171.0,283168,genus,0.211182,Odoribacter,ERR1073812
38171.0,189330,genus,0.163666,Dorea,ERR1073812
38171.0,841,genus,0.158387,Roseburia,ERR1073812
38171.0,33042,genus,0.131989,Coprococcus,ERR1073812
38171.0,561,genus,0.100311,Escherichia,ERR1073812
38171.0,872,genus,0.0950319,Desulfovibrio,ERR1073812
38171.0,1678,genus,0.0791933,Bifidobacterium,ERR1073812
38171.0,244127,genus,0.0686342,Anaerotruncus,ERR1073812
38171.0,1506577,genus,0.0580751,Tyzzerella,ERR1073812
38171.0,286,genus,0.047516,Pseudomonas,ERR1073812
38171.0,1301,genus,0.047516,Streptococcus,ERR1073812
38171.0,1505663,genus,0.0422364,Erysipelatoclostridium,ERR1073812
38171.0,44748,genus,0.0369569,Sporobacter,ERR1073812
38171.0,590,genus,0.0316773,Salmonella,ERR1073812
38171.0,990721,genus,0.0263978,Christensenella,ERR1073812
38171.0,1485,genus,0.0263978,Clostridium,ERR1073812
38171.0,52784,genus,0.0263978,Anaerofilum,ERR1073812
38171.0,1386,genus,0.0211182,Bacillus,ERR1073812
38171.0,1263,genus,0.0211182,Ruminococcus,ERR1073812
38171.0,482,genus,0.0158387,Neisseria,ERR1073812
38171.0,61170,genus,0.0158387,Holdemania,ERR1073812
38171.0,29465,genus,0.0158387,Veillonella,ERR1073812
38171.0,642,genus,0.0105591,Aeromonas,ERR1073812
38171.0,581,genus,0.0105591,Morganella,ERR1073812
38171.0,84108,genus,0.0105591,Slackia,ERR1073812
38171.0,848,genus,0.0105591,Fusobacterium,ERR1073812
38171.0,702,genus,0.0105591,Plesiomonas,ERR1073812
38171.0,53335,genus,0.0105591,Pantoea,ERR1073812
38171.0,830,genus,0.0105591,Butyrivibrio,ERR1073812
38171.0,84567,genus,0.0105591,Pedobacter,ERR1073812
38171.0,100883,genus,0.0105591,Coprobacillus,ERR1073812
38171.0,469,genus,0.0105591,Acinetobacter,ERR1073812
38171.0,998014,genus,0.0105591,Cocleimonas,ERR1073812
38171.0,1548510,genus,0.00527955,Microbacter,ERR1073812
38171.0,32207,genus,0.00527955,Rothia,ERR1073812
38171.0,182709,genus,0.00527955,Oceanobacillus,ERR1073812
38171.0,1350,genus,0.00527955,Enterococcus,ERR1073812
38171.0,413496,genus,0.00527955,Cronobacter,ERR1073812
38171.0,898,genus,0.00527955,Desulfomicrobium,ERR1073812
38171.0,866673,genus,0.00527955,Marinifilum,ERR1073812
38171.0,34037,genus,0.00527955,Rahnella,ERR1073812
38171.0,106633,genus,0.00527955,Thioalkalivibrio,ERR1073812
38171.0,40222,genus,0.00527955,Methylophaga,ERR1073812
38171.0,445,genus,0.00527955,Legionella,ERR1073812
38171.0,40323,genus,0.00527955,Stenotrophomonas,ERR1073812
38171.0,620,genus,0.00527955,Shigella,ERR1073812
38171.0,2093,genus,0.00527955,Mycoplasma,ERR1073812
38171.0,28231,genus,0.00527955,Geobacter,ERR1073812
38171.0,724,genus,0.00527955,Haemophilus,ERR1073812
38171.0,1645,genus,0.00527955,Renibacterium,ERR1073812
38171.0,239934,genus,0.00527955,Akkermansia,ERR1073812
38171.0,79328,genus,0.00527955,Chitinophaga,ERR1073812
38171.0,129337,genus,0.00527955,Geobacillus,ERR1073812
,-1,genus,59.0993,Unknown,ERR1073812
35740.0,816,genus,30.6847,Bacteroides,ERR1073918
35740.0,216851,genus,23.629,Faecalibacterium,ERR1073918
35740.0,1730,genus,5.87977,Eubacterium,ERR1073918
35740.0,33042,genus,3.12672,Coprococcus,ERR1073918
35740.0,239759,genus,2.90691,Alistipes,ERR1073918
35740.0,459786,genus,2.41235,Oscillibacter,ERR1073918
35740.0,904,genus,2.40686,Acidaminococcus,ERR1073918
35740.0,1508657,genus,1.91779,Ruminiclostridium,ERR1073918
35740.0,577310,genus,1.86834,Parasutterella,ERR1073918
35740.0,239934,genus,1.81888,Akkermansia,ERR1073918
35740.0,841,genus,1.7969,Roseburia,ERR1073918
35740.0,1506553,genus,1.59908,Lachnoclostridium,ERR1073918
35740.0,572511,genus,1.24739,Blautia,ERR1073918
35740.0,375288,genus,1.06056,Parabacteroides,ERR1073918
35740.0,1505663,genus,0.879218,Erysipelatoclostridium,ERR1073918
35740.0,1263,genus,0.73085,Ruminococcus,ERR1073918
35740.0,244127,genus,0.181339,Anaerotruncus,ERR1073918
35740.0,189330,genus,0.142873,Dorea,ERR1073918
35740.0,1678,genus,0.131883,Bifidobacterium,ERR1073918
35740.0,1485,genus,0.126388,Clostridium,ERR1073918
35740.0,872,genus,0.126388,Desulfovibrio,ERR1073918
35740.0,44748,genus,0.109902,Sporobacter,ERR1073918
35740.0,2132,genus,0.098912,Spiroplasma,ERR1073918
35740.0,283168,genus,0.0604462,Odoribacter,ERR1073918
35740.0,35832,genus,0.0549511,Bilophila,ERR1073918
35740.0,1386,genus,0.049456,Bacillus,ERR1073918
35740.0,838,genus,0.049456,Prevotella,ERR1073918
35740.0,1017280,genus,0.0384658,Pseudoflavonifractor,ERR1073918
35740.0,830,genus,0.0274755,Butyrivibrio,ERR1073918
35740.0,172900,genus,0.0274755,Victivallis,ERR1073918
35740.0,1301,genus,0.0274755,Streptococcus,ERR1073918
35740.0,1578,genus,0.0164853,Lactobacillus,ERR1073918
35740.0,29465,genus,0.0164853,Veillonella,ERR1073918
35740.0,990721,genus,0.0164853,Christensenella,ERR1073918
35740.0,61170,genus,0.0164853,Holdemania,ERR1073918
35740.0,32207,genus,0.0109902,Rothia,ERR1073918
35740.0,724,genus,0.0109902,Haemophilus,ERR1073918
35740.0,1279,genus,0.0109902,Staphylococcus,ERR1073918
35740.0,79328,genus,0.0109902,Chitinophaga,ERR1073918
35740.0,44249,genus,0.0109902,Paenibacillus,ERR1073918
35740.0,262406,genus,0.0109902,Thermobaculum,ERR1073918
35740.0,165779,genus,0.0109902,Anaerococcus,ERR1073918
35740.0,392735,genus,0.0109902,Uliginosibacterium,ERR1073918
35740.0,1573534,genus,0.0109902,Faecalitalea,ERR1073918
35740.0,1380,genus,0.00549511,Atopobium,ERR1073918
35740.0,270497,genus,0.00549511,Catabacter,ERR1073918
35740.0,84111,genus,0.00549511,Eggerthella,ERR1073918
35740.0,642,genus,0.00549511,Aeromonas,ERR1073918
35740.0,482,genus,0.00549511,Neisseria,ERR1073918
35740.0,84108,genus,0.00549511,Slackia,ERR1073918
35740.0,52784,genus,0.00549511,Anaerofilum,ERR1073918
35740.0,1134403,genus,0.00549511,Melioribacter,ERR1073918
35740.0,41273,genus,0.00549511,Tissierella,ERR1073918
35740.0,586,genus,0.00549511,Providencia,ERR1073918
35740.0,848,genus,0.00549511,Fusobacterium,ERR1073918
35740.0,1506577,genus,0.00549511,Tyzzerella,ERR1073918
35740.0,397864,genus,0.00549511,Barnesiella,ERR1073918
35740.0,590,genus,0.00549511,Salmonella,ERR1073918
35740.0,79206,genus,0.00549511,Desulfosporosinus,ERR1073918
35740.0,35753,genus,0.00549511,Dactylosporangium,ERR1073918
35740.0,2093,genus,0.00549511,Mycoplasma,ERR1073918
35740.0,114627,genus,0.00549511,Alkaliphilus,ERR1073918
35740.0,39948,genus,0.00549511,Dialister,ERR1073918
35740.0,2330,genus,0.00549511,Halanaerobium,ERR1073918
35740.0,150022,genus,0.00549511,Finegoldia,ERR1073918
35740.0,469,genus,0.00549511,Acinetobacter,ERR1073918
35740.0,1505657,genus,0.00549511,Intestinibacter,ERR1073918
35740.0,1866885,genus,0.00549511,Mycobacterium fortuitum complex,ERR1073918
35740.0,233189,genus,0.00549511,Anaerolinea,ERR1073918
35740.0,670486,genus,0.00549511,Dehalogenimonas,ERR1073918
,-1,genus,14.1554,Unknown,ERR1073918
46547.0,816,genus,15.2532,Bacteroides,ERR1073943
46547.0,838,genus,10.6501,Prevotella,ERR1073943
46547.0,216851,genus,6.01993,Faecalibacterium,ERR1073943
46547.0,1716,genus,3.62348,Corynebacterium,ERR1073943
46547.0,1506553,genus,3.18622,Lachnoclostridium,ERR1073943
46547.0,1730,genus,3.11843,Eubacterium,ERR1073943
46547.0,375288,genus,2.67101,Parabacteroides,ERR1073943
46547.0,239759,genus,2.36594,Alistipes,ERR1073943
46547.0,577309,genus,2.14562,Paraprevotella,ERR1073943
46547.0,459786,genus,1.42363,Oscillibacter,ERR1073943
46547.0,1279388,genus,1.35584,Kandleria,ERR1073943
46547.0,397864,genus,1.06772,Barnesiella,ERR1073943
46547.0,1678,genus,0.999932,Bifidobacterium,ERR1073943
46547.0,572511,genus,0.966036,Blautia,ERR1073943
46547.0,1263,genus,0.93553,Ruminococcus,ERR1073943
46547.0,33042,genus,0.749102,Coprococcus,ERR1073943
46547.0,283168,genus,0.705037,Odoribacter,ERR1073943
46547.0,39948,genus,0.576232,Dialister,ERR1073943
46547.0,841,genus,0.437258,Roseburia,ERR1073943
46547.0,1508657,genus,0.325402,Ruminiclostridium,ERR1073943
46547.0,1505663,genus,0.267778,Erysipelatoclostridium,ERR1073943
46547.0,872,genus,0.260999,Desulfovibrio,ERR1073943
46547.0,906,genus,0.199986,Megasphaera,ERR1073943
46547.0,35832,genus,0.193207,Bilophila,ERR1073943
46547.0,1386,genus,0.16948,Bacillus,ERR1073943
46547.0,244127,genus,0.149142,Anaerotruncus,ERR1073943
46547.0,1573535,genus,0.145753,Holdemanella,ERR1073943
46547.0,904,genus,0.122026,Acidaminococcus,ERR1073943
46547.0,864,genus,0.105078,Pectinatus,ERR1073943
46547.0,1301,genus,0.105078,Streptococcus,ERR1073943
46547.0,165779,genus,0.0949088,Anaerococcus,ERR1073943
46547.0,44748,genus,0.0881296,Sporobacter,ERR1073943
46547.0,189330,genus,0.08474,Dorea,ERR1073943
46547.0,40544,genus,0.0745712,Sutterella,ERR1073943
46547.0,31983,genus,0.0745712,Helcococcus,ERR1073943
46547.0,1578,genus,0.0644024,Lactobacillus,ERR1073943
46547.0,1017280,genus,0.0576232,Pseudoflavonifractor,ERR1073943
46547.0,561,genus,0.050844,Escherichia,ERR1073943
46547.0,84111,genus,0.050844,Eggerthella,ERR1073943
46547.0,1663,genus,0.050844,Arthrobacter,ERR1073943
46547.0,1505657,genus,0.0440648,Intestinibacter,ERR1073943
46547.0,84108,genus,0.0440648,Slackia,ERR1073943
46547.0,61170,genus,0.0440648,Holdemania,ERR1073943
46547.0,590,genus,0.0406752,Salmonella,ERR1073943
46547.0,239934,genus,0.0406752,Akkermansia,ERR1073943
46547.0,1485,genus,0.0372856,Clostridium,ERR1073943
46547.0,1486726,genus,0.033896,Pseudobacteroides,ERR1073943
46547.0,36739,genus,0.033896,Dermabacter,ERR1073943
46547.0,207244,genus,0.0305064,Anaerostipes,ERR1073943
46547.0,270497,genus,0.0271168,Catabacter,ERR1073943
46547.0,577310,genus,0.0237272,Parasutterella,ERR1073943
46547.0,990721,genus,0.0237272,Christensenella,ERR1073943
46547.0,1279,genus,0.0237272,Staphylococcus,ERR1073943
46547.0,162289,genus,0.0203376,Peptoniphilus,ERR1073943
46547.0,2132,genus,0.0203376,Spiroplasma,ERR1073943
46547.0,66831,genus,0.016948,Facklamia,ERR1073943
46547.0,100883,genus,0.016948,Coprobacillus,ERR1073943
46547.0,286,genus,0.016948,Pseudomonas,ERR1073943
46547.0,100175,genus,0.0135584,Papillibacter,ERR1073943
46547.0,482,genus,0.0135584,Neisseria,ERR1073943
46547.0,442430,genus,0.0101688,Coraliomargarita,ERR1073943
46547.0,150022,genus,0.0101688,Finegoldia,ERR1073943
46547.0,836,genus,0.0101688,Porphyromonas,ERR1073943
46547.0,182709,genus,0.0101688,Oceanobacillus,ERR1073943
46547.0,46205,genus,0.0101688,Pseudobutyrivibrio,ERR1073943
46547.0,172900,genus,0.0067792,Victivallis,ERR1073943
46547.0,644652,genus,0.0067792,Gordonibacter,ERR1073943
46547.0,61434,genus,0.0067792,Dehalococcoides,ERR1073943
46547.0,2299,genus,0.0067792,Desulfosarcina,ERR1073943
46547.0,264995,genus,0.0067792,Anaerofustis,ERR1073943
46547.0,37914,genus,0.0067792,Dietzia,ERR1073943
46547.0,52784,genus,0.0067792,Anaerofilum,ERR1073943
46547.0,1378,genus,0.0067792,Gemella,ERR1073943
46547.0,963,genus,0.0067792,Herbaspirillum,ERR1073943
46547.0,1827,genus,0.0067792,Rhodococcus,ERR1073943
46547.0,72763,genus,0.0033896,Tessaracoccus,ERR1073943
46547.0,32199,genus,0.0033896,Buchnera,ERR1073943
46547.0,1866885,genus,0.0033896,Mycobacterium fortuitum complex,ERR1073943
46547.0,1843210,genus,0.0033896,Anaerocolumna,ERR1073943
46547.0,351195,genus,0.0033896,Salimicrobium,ERR1073943
46547.0,44260,genus,0.0033896,Moorella,ERR1073943
46547.0,469,genus,0.0033896,Acinetobacter,ERR1073943
46547.0,704093,genus,0.0033896,Anaerobacillus,ERR1073943
46547.0,1200657,genus,0.0033896,Saccharofermentans,ERR1073943
46547.0,44249,genus,0.0033896,Paenibacillus,ERR1073943
46547.0,519427,genus,0.0033896,Sharpea,ERR1073943
46547.0,55079,genus,0.0033896,Aneurinibacillus,ERR1073943
46547.0,570,genus,0.0033896,Klebsiella,ERR1073943
46547.0,346096,genus,0.0033896,Paludibacter,ERR1073943
46547.0,41273,genus,0.0033896,Tissierella,ERR1073943
46547.0,32207,genus,0.0033896,Rothia,ERR1073943
46547.0,795750,genus,0.0033896,Ignavibacterium,ERR1073943
46547.0,117563,genus,0.0033896,Granulicatella,ERR1073943
46547.0,114627,genus,0.0033896,Alkaliphilus,ERR1073943
46547.0,1221880,genus,0.0033896,Psychrobacillus,ERR1073943
46547.0,1569,genus,0.0033896,Sporosarcina,ERR1073943
46547.0,233189,genus,0.0033896,Anaerolinea,ERR1073943
46547.0,29465,genus,0.0033896,Veillonella,ERR1073943
46547.0,620,genus,0.0033896,Shigella,ERR1073943
46547.0,55080,genus,0.0033896,Brevibacillus,ERR1073943
46547.0,1380,genus,0.0033896,Atopobium,ERR1073943
46547.0,2056,genus,0.0033896,Sphaerobacter,ERR1073943
,-1,genus,37.9703,Unknown,ERR1073943
34042.0,816,genus,24.2543,Bacteroides,ERR1073975
34042.0,216851,genus,3.48063,Faecalibacterium,ERR1073975
34042.0,286,genus,2.97217,Pseudomonas,ERR1073975
34042.0,583,genus,0.817739,Proteus,ERR1073975
34042.0,572511,genus,0.807255,Blautia,ERR1073975
34042.0,44249,genus,0.723384,Paenibacillus,ERR1073975
34042.0,1506553,genus,0.482256,Lachnoclostridium,ERR1073975
34042.0,1505663,genus,0.46653,Erysipelatoclostridium,ERR1073975
34042.0,841,genus,0.345966,Roseburia,ERR1073975
34042.0,1730,genus,0.345966,Eubacterium,ERR1073975
34042.0,459786,genus,0.262096,Oscillibacter,ERR1073975
34042.0,544,genus,0.214918,Citrobacter,ERR1073975
34042.0,239759,genus,0.199193,Alistipes,ERR1073975
34042.0,1508657,genus,0.193951,Ruminiclostridium,ERR1073975
34042.0,1386,genus,0.178225,Bacillus,ERR1073975
34042.0,1573535,genus,0.157257,Holdemanella,ERR1073975
34042.0,1279388,genus,0.120564,Kandleria,ERR1073975
34042.0,1716,genus,0.0943545,Corynebacterium,ERR1073975
34042.0,244127,genus,0.0524191,Anaerotruncus,ERR1073975
34042.0,189330,genus,0.0524191,Dorea,ERR1073975
34042.0,1485,genus,0.0419353,Clostridium,ERR1073975
34042.0,838,genus,0.0366934,Prevotella,ERR1073975
34042.0,61170,genus,0.0366934,Holdemania,ERR1073975
34042.0,836,genus,0.0366934,Porphyromonas,ERR1073975
34042.0,1263,genus,0.0314515,Ruminococcus,ERR1073975
34042.0,1301,genus,0.0314515,Streptococcus,ERR1073975
34042.0,44748,genus,0.0262096,Sporobacter,ERR1073975
34042.0,52784,genus,0.0209677,Anaerofilum,ERR1073975
34042.0,1505657,genus,0.0209677,Intestinibacter,ERR1073975
34042.0,150022,genus,0.0209677,Finegoldia,ERR1073975
34042.0,469,genus,0.0157257,Acinetobacter,ERR1073975
34042.0,400634,genus,0.0157257,Lysinibacillus,ERR1073975
34042.0,162289,genus,0.0157257,Peptoniphilus,ERR1073975
34042.0,590,genus,0.0157257,Salmonella,ERR1073975
34042.0,165779,genus,0.0157257,Anaerococcus,ERR1073975
34042.0,561,genus,0.0157257,Escherichia,ERR1073975
34042.0,33042,genus,0.0157257,Coprococcus,ERR1073975
34042.0,413496,genus,0.0157257,Cronobacter,ERR1073975
34042.0,57493,genus,0.0104838,Kocuria,ERR1073975
34042.0,1017280,genus,0.0104838,Pseudoflavonifractor,ERR1073975
34042.0,106633,genus,0.0104838,Thioalkalivibrio,ERR1073975
34042.0,180541,genus,0.0104838,Salinisphaera,ERR1073975
34042.0,226,genus,0.0104838,Alteromonas,ERR1073975
34042.0,397864,genus,0.0104838,Barnesiella,ERR1073975
34042.0,1578,genus,0.0104838,Lactobacillus,ERR1073975
34042.0,642,genus,0.0104838,Aeromonas,ERR1073975
34042.0,55080,genus,0.00524191,Brevibacillus,ERR1073975
34042.0,1378,genus,0.00524191,Gemella,ERR1073975
34042.0,434,genus,0.00524191,Acetobacter,ERR1073975
34042.0,872,genus,0.00524191,Desulfovibrio,ERR1073975
34042.0,1123967,genus,0.00524191,Porticoccus,ERR1073975
34042.0,61434,genus,0.00524191,Dehalococcoides,ERR1073975
34042.0,42255,genus,0.00524191,Rubrobacter,ERR1073975
34042.0,37914,genus,0.00524191,Dietzia,ERR1073975
34042.0,776,genus,0.00524191,Coxiella,ERR1073975
34042.0,482,genus,0.00524191,Neisseria,ERR1073975
34042.0,34037,genus,0.00524191,Rahnella,ERR1073975
34042.0,239934,genus,0.00524191,Akkermansia,ERR1073975
34042.0,898,genus,0.00524191,Desulfomicrobium,ERR1073975
34042.0,40323,genus,0.00524191,Stenotrophomonas,ERR1073975
34042.0,586,genus,0.00524191,Providencia,ERR1073975
34042.0,207244,genus,0.00524191,Anaerostipes,ERR1073975
34042.0,33882,genus,0.00524191,Microbacterium,ERR1073975
34042.0,39948,genus,0.00524191,Dialister,ERR1073975
34042.0,359407,genus,0.00524191,Methylotenera,ERR1073975
34042.0,47670,genus,0.00524191,Lautropia,ERR1073975
34042.0,1573536,genus,0.00524191,Faecalicoccus,ERR1073975
34042.0,620,genus,0.00524191,Shigella,ERR1073975
34042.0,41273,genus,0.00524191,Tissierella,ERR1073975
34042.0,1763,genus,0.00524191,Mycobacterium,ERR1073975
,-1,genus,62.6094,Unknown,ERR1073975
34042.0,816,genus,24.2543,Bacteroides,ERR1073975
34042.0,216851,genus,3.48063,Faecalibacterium,ERR1073975
34042.0,286,genus,2.97217,Pseudomonas,ERR1073975
34042.0,583,genus,0.817739,Proteus,ERR1073975
34042.0,572511,genus,0.807255,Blautia,ERR1073975
34042.0,44249,genus,0.723384,Paenibacillus,ERR1073975
34042.0,1506553,genus,0.482256,Lachnoclostridium,ERR1073975
34042.0,1505663,genus,0.46653,Erysipelatoclostridium,ERR1073975
34042.0,841,genus,0.345966,Roseburia,ERR1073975
34042.0,1730,genus,0.345966,Eubacterium,ERR1073975
34042.0,459786,genus,0.262096,Oscillibacter,ERR1073975
34042.0,544,genus,0.214918,Citrobacter,ERR1073975
34042.0,239759,genus,0.199193,Alistipes,ERR1073975
34042.0,1508657,genus,0.193951,Ruminiclostridium,ERR1073975
34042.0,1386,genus,0.178225,Bacillus,ERR1073975
34042.0,1573535,genus,0.157257,Holdemanella,ERR1073975
34042.0,1279388,genus,0.120564,Kandleria,ERR1073975
34042.0,1716,genus,0.0943545,Corynebacterium,ERR1073975
34042.0,189330,genus,0.0524191,Dorea,ERR1073975
34042.0,244127,genus,0.0524191,Anaerotruncus,ERR1073975
34042.0,1485,genus,0.0419353,Clostridium,ERR1073975
34042.0,61170,genus,0.0366934,Holdemania,ERR1073975
34042.0,836,genus,0.0366934,Porphyromonas,ERR1073975
34042.0,838,genus,0.0366934,Prevotella,ERR1073975
34042.0,1263,genus,0.0314515,Ruminococcus,ERR1073975
34042.0,1301,genus,0.0314515,Streptococcus,ERR1073975
34042.0,44748,genus,0.0262096,Sporobacter,ERR1073975
34042.0,52784,genus,0.0209677,Anaerofilum,ERR1073975
34042.0,1505657,genus,0.0209677,Intestinibacter,ERR1073975
34042.0,150022,genus,0.0209677,Finegoldia,ERR1073975
34042.0,590,genus,0.0157257,Salmonella,ERR1073975
34042.0,165779,genus,0.0157257,Anaerococcus,ERR1073975
34042.0,561,genus,0.0157257,Escherichia,ERR1073975
34042.0,33042,genus,0.0157257,Coprococcus,ERR1073975
34042.0,413496,genus,0.0157257,Cronobacter,ERR1073975
34042.0,469,genus,0.0157257,Acinetobacter,ERR1073975
34042.0,400634,genus,0.0157257,Lysinibacillus,ERR1073975
34042.0,162289,genus,0.0157257,Peptoniphilus,ERR1073975
34042.0,57493,genus,0.0104838,Kocuria,ERR1073975
34042.0,1017280,genus,0.0104838,Pseudoflavonifractor,ERR1073975
34042.0,106633,genus,0.0104838,Thioalkalivibrio,ERR1073975
34042.0,180541,genus,0.0104838,Salinisphaera,ERR1073975
34042.0,226,genus,0.0104838,Alteromonas,ERR1073975
34042.0,397864,genus,0.0104838,Barnesiella,ERR1073975
34042.0,1578,genus,0.0104838,Lactobacillus,ERR1073975
34042.0,642,genus,0.0104838,Aeromonas,ERR1073975
34042.0,872,genus,0.00524191,Desulfovibrio,ERR1073975
34042.0,1123967,genus,0.00524191,Porticoccus,ERR1073975
34042.0,61434,genus,0.00524191,Dehalococcoides,ERR1073975
34042.0,42255,genus,0.00524191,Rubrobacter,ERR1073975
34042.0,37914,genus,0.00524191,Dietzia,ERR1073975
34042.0,776,genus,0.00524191,Coxiella,ERR1073975
34042.0,482,genus,0.00524191,Neisseria,ERR1073975
34042.0,34037,genus,0.00524191,Rahnella,ERR1073975
34042.0,239934,genus,0.00524191,Akkermansia,ERR1073975
34042.0,898,genus,0.00524191,Desulfomicrobium,ERR1073975
34042.0,40323,genus,0.00524191,Stenotrophomonas,ERR1073975
34042.0,586,genus,0.00524191,Providencia,ERR1073975
34042.0,207244,genus,0.00524191,Anaerostipes,ERR1073975
34042.0,33882,genus,0.00524191,Microbacterium,ERR1073975
34042.0,39948,genus,0.00524191,Dialister,ERR1073975
34042.0,359407,genus,0.00524191,Methylotenera,ERR1073975
34042.0,47670,genus,0.00524191,Lautropia,ERR1073975
34042.0,1573536,genus,0.00524191,Faecalicoccus,ERR1073975
34042.0,620,genus,0.00524191,Shigella,ERR1073975
34042.0,41273,genus,0.00524191,Tissierella,ERR1073975
34042.0,1763,genus,0.00524191,Mycobacterium,ERR1073975
34042.0,55080,genus,0.00524191,Brevibacillus,ERR1073975
34042.0,1378,genus,0.00524191,Gemella,ERR1073975
34042.0,434,genus,0.00524191,Acetobacter,ERR1073975
,-1,genus,62.6094,Unknown,ERR1073975
34043.0,816,genus,17.8698,Bacteroides,ERR1074062
34043.0,216851,genus,12.875,Faecalibacterium,ERR1074062
34043.0,1730,genus,2.36458,Eubacterium,ERR1074062
34043.0,375288,genus,1.48438,Parabacteroides,ERR1074062
34043.0,841,genus,1.10417,Roseburia,ERR1074062
34043.0,572511,genus,0.817708,Blautia,ERR1074062
34043.0,1678,genus,0.817708,Bifidobacterium,ERR1074062
34043.0,459786,genus,0.520833,Oscillibacter,ERR1074062
34043.0,1505663,genus,0.317708,Erysipelatoclostridium,ERR1074062
34043.0,1506553,genus,0.203125,Lachnoclostridium,ERR1074062
34043.0,1263,genus,0.166667,Ruminococcus,ERR1074062
34043.0,397864,genus,0.15625,Barnesiella,ERR1074062
34043.0,1508657,genus,0.151042,Ruminiclostridium,ERR1074062
34043.0,39948,genus,0.145833,Dialister,ERR1074062
34043.0,1716,genus,0.135417,Corynebacterium,ERR1074062
34043.0,1386,genus,0.109375,Bacillus,ERR1074062
34043.0,189330,genus,0.0989583,Dorea,ERR1074062
34043.0,590,genus,0.0833333,Salmonella,ERR1074062
34043.0,561,genus,0.0729167,Escherichia,ERR1074062
34043.0,35832,genus,0.0677083,Bilophila,ERR1074062
34043.0,244127,genus,0.0520833,Anaerotruncus,ERR1074062
34043.0,724,genus,0.0520833,Haemophilus,ERR1074062
34043.0,1301,genus,0.046875,Streptococcus,ERR1074062
34043.0,1505657,genus,0.0364583,Intestinibacter,ERR1074062
34043.0,528,genus,0.0364583,Ochrobactrum,ERR1074062
34043.0,1485,genus,0.0260417,Clostridium,ERR1074062
34043.0,61170,genus,0.0260417,Holdemania,ERR1074062
34043.0,872,genus,0.0208333,Desulfovibrio,ERR1074062
34043.0,286,genus,0.0208333,Pseudomonas,ERR1074062
34043.0,1051,genus,0.0208333,Ectothiorhodospira,ERR1074062
34043.0,52784,genus,0.0208333,Anaerofilum,ERR1074062
34043.0,1350,genus,0.0208333,Enterococcus,ERR1074062
34043.0,34037,genus,0.015625,Rahnella,ERR1074062
34043.0,420345,genus,0.015625,Lactonifactor,ERR1074062
34043.0,84111,genus,0.015625,Eggerthella,ERR1074062
34043.0,29465,genus,0.015625,Veillonella,ERR1074062
34043.0,469,genus,0.0104167,Acinetobacter,ERR1074062
34043.0,838,genus,0.0104167,Prevotella,ERR1074062
34043.0,648800,genus,0.0104167,Solibacillus,ERR1074062
34043.0,346096,genus,0.0104167,Paludibacter,ERR1074062
34043.0,445,genus,0.0104167,Legionella,ERR1074062
34043.0,32207,genus,0.00520833,Rothia,ERR1074062
34043.0,28453,genus,0.00520833,Sphingobacterium,ERR1074062
34043.0,551759,genus,0.00520833,Aromatoleum,ERR1074062
34043.0,106633,genus,0.00520833,Thioalkalivibrio,ERR1074062
34043.0,482,genus,0.00520833,Neisseria,ERR1074062
34043.0,234,genus,0.00520833,Brucella,ERR1074062
34043.0,150022,genus,0.00520833,Finegoldia,ERR1074062
34043.0,40323,genus,0.00520833,Stenotrophomonas,ERR1074062
34043.0,40544,genus,0.00520833,Sutterella,ERR1074062
34043.0,239759,genus,0.00520833,Alistipes,ERR1074062
34043.0,28231,genus,0.00520833,Geobacter,ERR1074062
34043.0,207244,genus,0.00520833,Anaerostipes,ERR1074062
34043.0,1843210,genus,0.00520833,Anaerocolumna,ERR1074062
34043.0,226,genus,0.00520833,Alteromonas,ERR1074062
34043.0,1578,genus,0.00520833,Lactobacillus,ERR1074062
34043.0,33042,genus,0.00520833,Coprococcus,ERR1074062
34043.0,620,genus,0.00520833,Shigella,ERR1074062
34043.0,58050,genus,0.00520833,Moritella,ERR1074062
34043.0,713,genus,0.00520833,Actinobacillus,ERR1074062
34043.0,2330,genus,0.00520833,Halanaerobium,ERR1074062
,-1,genus,59.6719,Unknown,ERR1074062
34043.0,816,genus,17.8698,Bacteroides,ERR1074062
34043.0,216851,genus,12.875,Faecalibacterium,ERR1074062
34043.0,1730,genus,2.36458,Eubacterium,ERR1074062
34043.0,375288,genus,1.48438,Parabacteroides,ERR1074062
34043.0,841,genus,1.10417,Roseburia,ERR1074062
34043.0,572511,genus,0.817708,Blautia,ERR1074062
34043.0,1678,genus,0.817708,Bifidobacterium,ERR1074062
34043.0,459786,genus,0.520833,Oscillibacter,ERR1074062
34043.0,1505663,genus,0.317708,Erysipelatoclostridium,ERR1074062
34043.0,1506553,genus,0.203125,Lachnoclostridium,ERR1074062
34043.0,1263,genus,0.166667,Ruminococcus,ERR1074062
34043.0,397864,genus,0.15625,Barnesiella,ERR1074062
34043.0,1508657,genus,0.151042,Ruminiclostridium,ERR1074062
34043.0,39948,genus,0.145833,Dialister,ERR1074062
34043.0,1716,genus,0.135417,Corynebacterium,ERR1074062
34043.0,1386,genus,0.109375,Bacillus,ERR1074062
34043.0,189330,genus,0.0989583,Dorea,ERR1074062
34043.0,590,genus,0.0833333,Salmonella,ERR1074062
34043.0,561,genus,0.0729167,Escherichia,ERR1074062
34043.0,35832,genus,0.0677083,Bilophila,ERR1074062
34043.0,724,genus,0.0520833,Haemophilus,ERR1074062
34043.0,244127,genus,0.0520833,Anaerotruncus,ERR1074062
34043.0,1301,genus,0.046875,Streptococcus,ERR1074062
34043.0,1505657,genus,0.0364583,Intestinibacter,ERR1074062
34043.0,528,genus,0.0364583,Ochrobactrum,ERR1074062
34043.0,1485,genus,0.0260417,Clostridium,ERR1074062
34043.0,61170,genus,0.0260417,Holdemania,ERR1074062
34043.0,52784,genus,0.0208333,Anaerofilum,ERR1074062
34043.0,1350,genus,0.0208333,Enterococcus,ERR1074062
34043.0,872,genus,0.0208333,Desulfovibrio,ERR1074062
34043.0,286,genus,0.0208333,Pseudomonas,ERR1074062
34043.0,1051,genus,0.0208333,Ectothiorhodospira,ERR1074062
34043.0,29465,genus,0.015625,Veillonella,ERR1074062
34043.0,34037,genus,0.015625,Rahnella,ERR1074062
34043.0,420345,genus,0.015625,Lactonifactor,ERR1074062
34043.0,84111,genus,0.015625,Eggerthella,ERR1074062
34043.0,469,genus,0.0104167,Acinetobacter,ERR1074062
34043.0,838,genus,0.0104167,Prevotella,ERR1074062
34043.0,648800,genus,0.0104167,Solibacillus,ERR1074062
34043.0,346096,genus,0.0104167,Paludibacter,ERR1074062
34043.0,445,genus,0.0104167,Legionella,ERR1074062
34043.0,33042,genus,0.00520833,Coprococcus,ERR1074062
34043.0,620,genus,0.00520833,Shigella,ERR1074062
34043.0,58050,genus,0.00520833,Moritella,ERR1074062
34043.0,713,genus,0.00520833,Actinobacillus,ERR1074062
34043.0,2330,genus,0.00520833,Halanaerobium,ERR1074062
34043.0,32207,genus,0.00520833,Rothia,ERR1074062
34043.0,28453,genus,0.00520833,Sphingobacterium,ERR1074062
34043.0,551759,genus,0.00520833,Aromatoleum,ERR1074062
34043.0,106633,genus,0.00520833,Thioalkalivibrio,ERR1074062
34043.0,482,genus,0.00520833,Neisseria,ERR1074062
34043.0,234,genus,0.00520833,Brucella,ERR1074062
34043.0,150022,genus,0.00520833,Finegoldia,ERR1074062
34043.0,40323,genus,0.00520833,Stenotrophomonas,ERR1074062
34043.0,40544,genus,0.00520833,Sutterella,ERR1074062
34043.0,239759,genus,0.00520833,Alistipes,ERR1074062
34043.0,28231,genus,0.00520833,Geobacter,ERR1074062
34043.0,207244,genus,0.00520833,Anaerostipes,ERR1074062
34043.0,1843210,genus,0.00520833,Anaerocolumna,ERR1074062
34043.0,226,genus,0.00520833,Alteromonas,ERR1074062
34043.0,1578,genus,0.00520833,Lactobacillus,ERR1074062
,-1,genus,59.6719,Unknown,ERR1074062
34043.0,816,genus,17.8698,Bacteroides,ERR1074062
34043.0,216851,genus,12.875,Faecalibacterium,ERR1074062
34043.0,1730,genus,2.36458,Eubacterium,ERR1074062
34043.0,375288,genus,1.48438,Parabacteroides,ERR1074062
34043.0,841,genus,1.10417,Roseburia,ERR1074062
34043.0,572511,genus,0.817708,Blautia,ERR1074062
34043.0,1678,genus,0.817708,Bifidobacterium,ERR1074062
34043.0,459786,genus,0.520833,Oscillibacter,ERR1074062
34043.0,1505663,genus,0.317708,Erysipelatoclostridium,ERR1074062
34043.0,1506553,genus,0.203125,Lachnoclostridium,ERR1074062
34043.0,1263,genus,0.166667,Ruminococcus,ERR1074062
34043.0,397864,genus,0.15625,Barnesiella,ERR1074062
34043.0,1508657,genus,0.151042,Ruminiclostridium,ERR1074062
34043.0,39948,genus,0.145833,Dialister,ERR1074062
34043.0,1716,genus,0.135417,Corynebacterium,ERR1074062
34043.0,1386,genus,0.109375,Bacillus,ERR1074062
34043.0,189330,genus,0.0989583,Dorea,ERR1074062
34043.0,590,genus,0.0833333,Salmonella,ERR1074062
34043.0,561,genus,0.0729167,Escherichia,ERR1074062
34043.0,35832,genus,0.0677083,Bilophila,ERR1074062
34043.0,724,genus,0.0520833,Haemophilus,ERR1074062
34043.0,244127,genus,0.0520833,Anaerotruncus,ERR1074062
34043.0,1301,genus,0.046875,Streptococcus,ERR1074062
34043.0,1505657,genus,0.0364583,Intestinibacter,ERR1074062
34043.0,528,genus,0.0364583,Ochrobactrum,ERR1074062
34043.0,1485,genus,0.0260417,Clostridium,ERR1074062
34043.0,61170,genus,0.0260417,Holdemania,ERR1074062
34043.0,52784,genus,0.0208333,Anaerofilum,ERR1074062
34043.0,1350,genus,0.0208333,Enterococcus,ERR1074062
34043.0,872,genus,0.0208333,Desulfovibrio,ERR1074062
34043.0,286,genus,0.0208333,Pseudomonas,ERR1074062
34043.0,1051,genus,0.0208333,Ectothiorhodospira,ERR1074062
34043.0,420345,genus,0.015625,Lactonifactor,ERR1074062
34043.0,84111,genus,0.015625,Eggerthella,ERR1074062
34043.0,29465,genus,0.015625,Veillonella,ERR1074062
34043.0,34037,genus,0.015625,Rahnella,ERR1074062
34043.0,346096,genus,0.0104167,Paludibacter,ERR1074062
34043.0,445,genus,0.0104167,Legionella,ERR1074062
34043.0,469,genus,0.0104167,Acinetobacter,ERR1074062
34043.0,838,genus,0.0104167,Prevotella,ERR1074062
34043.0,648800,genus,0.0104167,Solibacillus,ERR1074062
34043.0,239759,genus,0.00520833,Alistipes,ERR1074062
34043.0,28231,genus,0.00520833,Geobacter,ERR1074062
34043.0,207244,genus,0.00520833,Anaerostipes,ERR1074062
34043.0,1843210,genus,0.00520833,Anaerocolumna,ERR1074062
34043.0,226,genus,0.00520833,Alteromonas,ERR1074062
34043.0,1578,genus,0.00520833,Lactobacillus,ERR1074062
34043.0,33042,genus,0.00520833,Coprococcus,ERR1074062
34043.0,620,genus,0.00520833,Shigella,ERR1074062
34043.0,58050,genus,0.00520833,Moritella,ERR1074062
34043.0,713,genus,0.00520833,Actinobacillus,ERR1074062
34043.0,2330,genus,0.00520833,Halanaerobium,ERR1074062
34043.0,32207,genus,0.00520833,Rothia,ERR1074062
34043.0,28453,genus,0.00520833,Sphingobacterium,ERR1074062
34043.0,551759,genus,0.00520833,Aromatoleum,ERR1074062
34043.0,106633,genus,0.00520833,Thioalkalivibrio,ERR1074062
34043.0,482,genus,0.00520833,Neisseria,ERR1074062
34043.0,234,genus,0.00520833,Brucella,ERR1074062
34043.0,150022,genus,0.00520833,Finegoldia,ERR1074062
34043.0,40323,genus,0.00520833,Stenotrophomonas,ERR1074062
34043.0,40544,genus,0.00520833,Sutterella,ERR1074062
,-1,genus,59.6719,Unknown,ERR1074062
34043.0,816,genus,17.8698,Bacteroides,ERR1074062
34043.0,216851,genus,12.875,Faecalibacterium,ERR1074062
34043.0,1730,genus,2.36458,Eubacterium,ERR1074062
34043.0,375288,genus,1.48438,Parabacteroides,ERR1074062
34043.0,841,genus,1.10417,Roseburia,ERR1074062
34043.0,1678,genus,0.817708,Bifidobacterium,ERR1074062
34043.0,572511,genus,0.817708,Blautia,ERR1074062
34043.0,459786,genus,0.520833,Oscillibacter,ERR1074062
34043.0,1505663,genus,0.317708,Erysipelatoclostridium,ERR1074062
34043.0,1506553,genus,0.203125,Lachnoclostridium,ERR1074062
34043.0,1263,genus,0.166667,Ruminococcus,ERR1074062
34043.0,397864,genus,0.15625,Barnesiella,ERR1074062
34043.0,1508657,genus,0.151042,Ruminiclostridium,ERR1074062
34043.0,39948,genus,0.145833,Dialister,ERR1074062
34043.0,1716,genus,0.135417,Corynebacterium,ERR1074062
34043.0,1386,genus,0.109375,Bacillus,ERR1074062
34043.0,189330,genus,0.0989583,Dorea,ERR1074062
34043.0,590,genus,0.0833333,Salmonella,ERR1074062
34043.0,561,genus,0.0729167,Escherichia,ERR1074062
34043.0,35832,genus,0.0677083,Bilophila,ERR1074062
34043.0,244127,genus,0.0520833,Anaerotruncus,ERR1074062
34043.0,724,genus,0.0520833,Haemophilus,ERR1074062
34043.0,1301,genus,0.046875,Streptococcus,ERR1074062
34043.0,528,genus,0.0364583,Ochrobactrum,ERR1074062
34043.0,1505657,genus,0.0364583,Intestinibacter,ERR1074062
34043.0,1485,genus,0.0260417,Clostridium,ERR1074062
34043.0,61170,genus,0.0260417,Holdemania,ERR1074062
34043.0,872,genus,0.0208333,Desulfovibrio,ERR1074062
34043.0,286,genus,0.0208333,Pseudomonas,ERR1074062
34043.0,1051,genus,0.0208333,Ectothiorhodospira,ERR1074062
34043.0,52784,genus,0.0208333,Anaerofilum,ERR1074062
34043.0,1350,genus,0.0208333,Enterococcus,ERR1074062
34043.0,34037,genus,0.015625,Rahnella,ERR1074062
34043.0,420345,genus,0.015625,Lactonifactor,ERR1074062
34043.0,84111,genus,0.015625,Eggerthella,ERR1074062
34043.0,29465,genus,0.015625,Veillonella,ERR1074062
34043.0,648800,genus,0.0104167,Solibacillus,ERR1074062
34043.0,346096,genus,0.0104167,Paludibacter,ERR1074062
34043.0,445,genus,0.0104167,Legionella,ERR1074062
34043.0,469,genus,0.0104167,Acinetobacter,ERR1074062
34043.0,838,genus,0.0104167,Prevotella,ERR1074062
34043.0,28453,genus,0.00520833,Sphingobacterium,ERR1074062
34043.0,551759,genus,0.00520833,Aromatoleum,ERR1074062
34043.0,106633,genus,0.00520833,Thioalkalivibrio,ERR1074062
34043.0,482,genus,0.00520833,Neisseria,ERR1074062
34043.0,234,genus,0.00520833,Brucella,ERR1074062
34043.0,150022,genus,0.00520833,Finegoldia,ERR1074062
34043.0,40323,genus,0.00520833,Stenotrophomonas,ERR1074062
34043.0,40544,genus,0.00520833,Sutterella,ERR1074062
34043.0,239759,genus,0.00520833,Alistipes,ERR1074062
34043.0,28231,genus,0.00520833,Geobacter,ERR1074062
34043.0,207244,genus,0.00520833,Anaerostipes,ERR1074062
34043.0,1843210,genus,0.00520833,Anaerocolumna,ERR1074062
34043.0,226,genus,0.00520833,Alteromonas,ERR1074062
34043.0,1578,genus,0.00520833,Lactobacillus,ERR1074062
34043.0,33042,genus,0.00520833,Coprococcus,ERR1074062
34043.0,620,genus,0.00520833,Shigella,ERR1074062
34043.0,58050,genus,0.00520833,Moritella,ERR1074062
34043.0,713,genus,0.00520833,Actinobacillus,ERR1074062
34043.0,2330,genus,0.00520833,Halanaerobium,ERR1074062
34043.0,32207,genus,0.00520833,Rothia,ERR1074062
,-1,genus,59.6719,Unknown,ERR1074062
34043.0,816,genus,17.8698,Bacteroides,ERR1074062
34043.0,216851,genus,12.875,Faecalibacterium,ERR1074062
34043.0,1730,genus,2.36458,Eubacterium,ERR1074062
34043.0,375288,genus,1.48438,Parabacteroides,ERR1074062
34043.0,841,genus,1.10417,Roseburia,ERR1074062
34043.0,572511,genus,0.817708,Blautia,ERR1074062
34043.0,1678,genus,0.817708,Bifidobacterium,ERR1074062
34043.0,459786,genus,0.520833,Oscillibacter,ERR1074062
34043.0,1505663,genus,0.317708,Erysipelatoclostridium,ERR1074062
34043.0,1506553,genus,0.203125,Lachnoclostridium,ERR1074062
34043.0,1263,genus,0.166667,Ruminococcus,ERR1074062
34043.0,397864,genus,0.15625,Barnesiella,ERR1074062
34043.0,1508657,genus,0.151042,Ruminiclostridium,ERR1074062
34043.0,39948,genus,0.145833,Dialister,ERR1074062
34043.0,1716,genus,0.135417,Corynebacterium,ERR1074062
34043.0,1386,genus,0.109375,Bacillus,ERR1074062
34043.0,189330,genus,0.0989583,Dorea,ERR1074062
34043.0,590,genus,0.0833333,Salmonella,ERR1074062
34043.0,561,genus,0.0729167,Escherichia,ERR1074062
34043.0,35832,genus,0.0677083,Bilophila,ERR1074062
34043.0,724,genus,0.0520833,Haemophilus,ERR1074062
34043.0,244127,genus,0.0520833,Anaerotruncus,ERR1074062
34043.0,1301,genus,0.046875,Streptococcus,ERR1074062
34043.0,1505657,genus,0.0364583,Intestinibacter,ERR1074062
34043.0,528,genus,0.0364583,Ochrobactrum,ERR1074062
34043.0,1485,genus,0.0260417,Clostridium,ERR1074062
34043.0,61170,genus,0.0260417,Holdemania,ERR1074062
34043.0,52784,genus,0.0208333,Anaerofilum,ERR1074062
34043.0,1350,genus,0.0208333,Enterococcus,ERR1074062
34043.0,872,genus,0.0208333,Desulfovibrio,ERR1074062
34043.0,286,genus,0.0208333,Pseudomonas,ERR1074062
34043.0,1051,genus,0.0208333,Ectothiorhodospira,ERR1074062
34043.0,84111,genus,0.015625,Eggerthella,ERR1074062
34043.0,29465,genus,0.015625,Veillonella,ERR1074062
34043.0,34037,genus,0.015625,Rahnella,ERR1074062
34043.0,420345,genus,0.015625,Lactonifactor,ERR1074062
34043.0,469,genus,0.0104167,Acinetobacter,ERR1074062
34043.0,838,genus,0.0104167,Prevotella,ERR1074062
34043.0,648800,genus,0.0104167,Solibacillus,ERR1074062
34043.0,346096,genus,0.0104167,Paludibacter,ERR1074062
34043.0,445,genus,0.0104167,Legionella,ERR1074062
34043.0,226,genus,0.00520833,Alteromonas,ERR1074062
34043.0,1578,genus,0.00520833,Lactobacillus,ERR1074062
34043.0,33042,genus,0.00520833,Coprococcus,ERR1074062
34043.0,620,genus,0.00520833,Shigella,ERR1074062
34043.0,58050,genus,0.00520833,Moritella,ERR1074062
34043.0,713,genus,0.00520833,Actinobacillus,ERR1074062
34043.0,2330,genus,0.00520833,Halanaerobium,ERR1074062
34043.0,32207,genus,0.00520833,Rothia,ERR1074062
34043.0,28453,genus,0.00520833,Sphingobacterium,ERR1074062
34043.0,551759,genus,0.00520833,Aromatoleum,ERR1074062
34043.0,106633,genus,0.00520833,Thioalkalivibrio,ERR1074062
34043.0,482,genus,0.00520833,Neisseria,ERR1074062
34043.0,234,genus,0.00520833,Brucella,ERR1074062
34043.0,150022,genus,0.00520833,Finegoldia,ERR1074062
34043.0,40323,genus,0.00520833,Stenotrophomonas,ERR1074062
34043.0,40544,genus,0.00520833,Sutterella,ERR1074062
34043.0,239759,genus,0.00520833,Alistipes,ERR1074062
34043.0,28231,genus,0.00520833,Geobacter,ERR1074062
34043.0,207244,genus,0.00520833,Anaerostipes,ERR1074062
34043.0,1843210,genus,0.00520833,Anaerocolumna,ERR1074062
,-1,genus,59.6719,Unknown,ERR1074062
34043.0,816,genus,17.8698,Bacteroides,ERR1074062
34043.0,216851,genus,12.875,Faecalibacterium,ERR1074062
34043.0,1730,genus,2.36458,Eubacterium,ERR1074062
34043.0,375288,genus,1.48438,Parabacteroides,ERR1074062
34043.0,841,genus,1.10417,Roseburia,ERR1074062
34043.0,572511,genus,0.817708,Blautia,ERR1074062
34043.0,1678,genus,0.817708,Bifidobacterium,ERR1074062
34043.0,459786,genus,0.520833,Oscillibacter,ERR1074062
34043.0,1505663,genus,0.317708,Erysipelatoclostridium,ERR1074062
34043.0,1506553,genus,0.203125,Lachnoclostridium,ERR1074062
34043.0,1263,genus,0.166667,Ruminococcus,ERR1074062
34043.0,397864,genus,0.15625,Barnesiella,ERR1074062
34043.0,1508657,genus,0.151042,Ruminiclostridium,ERR1074062
34043.0,39948,genus,0.145833,Dialister,ERR1074062
34043.0,1716,genus,0.135417,Corynebacterium,ERR1074062
34043.0,1386,genus,0.109375,Bacillus,ERR1074062
34043.0,189330,genus,0.0989583,Dorea,ERR1074062
34043.0,590,genus,0.0833333,Salmonella,ERR1074062
34043.0,561,genus,0.0729167,Escherichia,ERR1074062
34043.0,35832,genus,0.0677083,Bilophila,ERR1074062
34043.0,724,genus,0.0520833,Haemophilus,ERR1074062
34043.0,244127,genus,0.0520833,Anaerotruncus,ERR1074062
34043.0,1301,genus,0.046875,Streptococcus,ERR1074062
34043.0,1505657,genus,0.0364583,Intestinibacter,ERR1074062
34043.0,528,genus,0.0364583,Ochrobactrum,ERR1074062
34043.0,1485,genus,0.0260417,Clostridium,ERR1074062
34043.0,61170,genus,0.0260417,Holdemania,ERR1074062
34043.0,1350,genus,0.0208333,Enterococcus,ERR1074062
34043.0,872,genus,0.0208333,Desulfovibrio,ERR1074062
34043.0,286,genus,0.0208333,Pseudomonas,ERR1074062
34043.0,1051,genus,0.0208333,Ectothiorhodospira,ERR1074062
34043.0,52784,genus,0.0208333,Anaerofilum,ERR1074062
34043.0,34037,genus,0.015625,Rahnella,ERR1074062
34043.0,420345,genus,0.015625,Lactonifactor,ERR1074062
34043.0,84111,genus,0.015625,Eggerthella,ERR1074062
34043.0,29465,genus,0.015625,Veillonella,ERR1074062
34043.0,469,genus,0.0104167,Acinetobacter,ERR1074062
34043.0,838,genus,0.0104167,Prevotella,ERR1074062
34043.0,648800,genus,0.0104167,Solibacillus,ERR1074062
34043.0,346096,genus,0.0104167,Paludibacter,ERR1074062
34043.0,445,genus,0.0104167,Legionella,ERR1074062
34043.0,713,genus,0.00520833,Actinobacillus,ERR1074062
34043.0,2330,genus,0.00520833,Halanaerobium,ERR1074062
34043.0,32207,genus,0.00520833,Rothia,ERR1074062
34043.0,28453,genus,0.00520833,Sphingobacterium,ERR1074062
34043.0,551759,genus,0.00520833,Aromatoleum,ERR1074062
34043.0,106633,genus,0.00520833,Thioalkalivibrio,ERR1074062
34043.0,482,genus,0.00520833,Neisseria,ERR1074062
34043.0,234,genus,0.00520833,Brucella,ERR1074062
34043.0,150022,genus,0.00520833,Finegoldia,ERR1074062
34043.0,40323,genus,0.00520833,Stenotrophomonas,ERR1074062
34043.0,40544,genus,0.00520833,Sutterella,ERR1074062
34043.0,239759,genus,0.00520833,Alistipes,ERR1074062
34043.0,28231,genus,0.00520833,Geobacter,ERR1074062
34043.0,207244,genus,0.00520833,Anaerostipes,ERR1074062
34043.0,1843210,genus,0.00520833,Anaerocolumna,ERR1074062
34043.0,226,genus,0.00520833,Alteromonas,ERR1074062
34043.0,1578,genus,0.00520833,Lactobacillus,ERR1074062
34043.0,33042,genus,0.00520833,Coprococcus,ERR1074062
34043.0,620,genus,0.00520833,Shigella,ERR1074062
34043.0,58050,genus,0.00520833,Moritella,ERR1074062
,-1,genus,59.6719,Unknown,ERR1074062
34043.0,816,genus,17.8698,Bacteroides,ERR1074062
34043.0,216851,genus,12.875,Faecalibacterium,ERR1074062
34043.0,1730,genus,2.36458,Eubacterium,ERR1074062
34043.0,375288,genus,1.48438,Parabacteroides,ERR1074062
34043.0,841,genus,1.10417,Roseburia,ERR1074062
34043.0,1678,genus,0.817708,Bifidobacterium,ERR1074062
34043.0,572511,genus,0.817708,Blautia,ERR1074062
34043.0,459786,genus,0.520833,Oscillibacter,ERR1074062
34043.0,1505663,genus,0.317708,Erysipelatoclostridium,ERR1074062
34043.0,1506553,genus,0.203125,Lachnoclostridium,ERR1074062
34043.0,1263,genus,0.166667,Ruminococcus,ERR1074062
34043.0,397864,genus,0.15625,Barnesiella,ERR1074062
34043.0,1508657,genus,0.151042,Ruminiclostridium,ERR1074062
34043.0,39948,genus,0.145833,Dialister,ERR1074062
34043.0,1716,genus,0.135417,Corynebacterium,ERR1074062
34043.0,1386,genus,0.109375,Bacillus,ERR1074062
34043.0,189330,genus,0.0989583,Dorea,ERR1074062
34043.0,590,genus,0.0833333,Salmonella,ERR1074062
34043.0,561,genus,0.0729167,Escherichia,ERR1074062
34043.0,35832,genus,0.0677083,Bilophila,ERR1074062
34043.0,244127,genus,0.0520833,Anaerotruncus,ERR1074062
34043.0,724,genus,0.0520833,Haemophilus,ERR1074062
34043.0,1301,genus,0.046875,Streptococcus,ERR1074062
34043.0,528,genus,0.0364583,Ochrobactrum,ERR1074062
34043.0,1505657,genus,0.0364583,Intestinibacter,ERR1074062
34043.0,1485,genus,0.0260417,Clostridium,ERR1074062
34043.0,61170,genus,0.0260417,Holdemania,ERR1074062
34043.0,872,genus,0.0208333,Desulfovibrio,ERR1074062
34043.0,286,genus,0.0208333,Pseudomonas,ERR1074062
34043.0,1051,genus,0.0208333,Ectothiorhodospira,ERR1074062
34043.0,52784,genus,0.0208333,Anaerofilum,ERR1074062
34043.0,1350,genus,0.0208333,Enterococcus,ERR1074062
34043.0,34037,genus,0.015625,Rahnella,ERR1074062
34043.0,420345,genus,0.015625,Lactonifactor,ERR1074062
34043.0,84111,genus,0.015625,Eggerthella,ERR1074062
34043.0,29465,genus,0.015625,Veillonella,ERR1074062
34043.0,838,genus,0.0104167,Prevotella,ERR1074062
34043.0,648800,genus,0.0104167,Solibacillus,ERR1074062
34043.0,346096,genus,0.0104167,Paludibacter,ERR1074062
34043.0,445,genus,0.0104167,Legionella,ERR1074062
34043.0,469,genus,0.0104167,Acinetobacter,ERR1074062
34043.0,551759,genus,0.00520833,Aromatoleum,ERR1074062
34043.0,28453,genus,0.00520833,Sphingobacterium,ERR1074062
34043.0,106633,genus,0.00520833,Thioalkalivibrio,ERR1074062
34043.0,482,genus,0.00520833,Neisseria,ERR1074062
34043.0,234,genus,0.00520833,Brucella,ERR1074062
34043.0,150022,genus,0.00520833,Finegoldia,ERR1074062
34043.0,40544,genus,0.00520833,Sutterella,ERR1074062
34043.0,40323,genus,0.00520833,Stenotrophomonas,ERR1074062
34043.0,239759,genus,0.00520833,Alistipes,ERR1074062
34043.0,28231,genus,0.00520833,Geobacter,ERR1074062
34043.0,207244,genus,0.00520833,Anaerostipes,ERR1074062
34043.0,1843210,genus,0.00520833,Anaerocolumna,ERR1074062
34043.0,1578,genus,0.00520833,Lactobacillus,ERR1074062
34043.0,226,genus,0.00520833,Alteromonas,ERR1074062
34043.0,58050,genus,0.00520833,Moritella,ERR1074062
34043.0,33042,genus,0.00520833,Coprococcus,ERR1074062
34043.0,620,genus,0.00520833,Shigella,ERR1074062
34043.0,2330,genus,0.00520833,Halanaerobium,ERR1074062
34043.0,713,genus,0.00520833,Actinobacillus,ERR1074062
34043.0,32207,genus,0.00520833,Rothia,ERR1074062
,-1,genus,59.6719,Unknown,ERR1074062
46578.0,1508657,genus,9.03078,Ruminiclostridium,ERR1074076
46578.0,216851,genus,7.31105,Faecalibacterium,ERR1074076
46578.0,816,genus,4.02152,Bacteroides,ERR1074076
46578.0,459786,genus,1.82115,Oscillibacter,ERR1074076
46578.0,239759,genus,1.45075,Alistipes,ERR1074076
46578.0,1506553,genus,1.39342,Lachnoclostridium,ERR1074076
46578.0,1730,genus,0.736396,Eubacterium,ERR1074076
46578.0,572511,genus,0.731987,Blautia,ERR1074076
46578.0,244127,genus,0.507099,Anaerotruncus,ERR1074076
46578.0,1263,genus,0.352765,Ruminococcus,ERR1074076
46578.0,872,genus,0.295441,Desulfovibrio,ERR1074076
46578.0,990721,genus,0.251345,Christensenella,ERR1074076
46578.0,375288,genus,0.224888,Parabacteroides,ERR1074076
46578.0,44748,genus,0.211659,Sporobacter,ERR1074076
46578.0,100883,genus,0.176382,Coprobacillus,ERR1074076
46578.0,239934,genus,0.158744,Akkermansia,ERR1074076
46578.0,1573534,genus,0.158744,Faecalitalea,ERR1074076
46578.0,182709,genus,0.127877,Oceanobacillus,ERR1074076
46578.0,838,genus,0.114649,Prevotella,ERR1074076
46578.0,52784,genus,0.105829,Anaerofilum,ERR1074076
46578.0,561,genus,0.10142,Escherichia,ERR1074076
46578.0,577310,genus,0.0970103,Parasutterella,ERR1074076
46578.0,1505663,genus,0.0926008,Erysipelatoclostridium,ERR1074076
46578.0,189330,genus,0.0881912,Dorea,ERR1074076
46578.0,33042,genus,0.0749625,Coprococcus,ERR1074076
46578.0,84108,genus,0.0661434,Slackia,ERR1074076
46578.0,35832,genus,0.0573243,Bilophila,ERR1074076
46578.0,1769729,genus,0.0573243,Hathewaya,ERR1074076
46578.0,283168,genus,0.0529147,Odoribacter,ERR1074076
46578.0,1485,genus,0.0485052,Clostridium,ERR1074076
46578.0,1716,genus,0.0440956,Corynebacterium,ERR1074076
46578.0,1663,genus,0.039686,Arthrobacter,ERR1074076
46578.0,836,genus,0.0308669,Porphyromonas,ERR1074076
46578.0,1386,genus,0.0308669,Bacillus,ERR1074076
46578.0,286,genus,0.0264574,Pseudomonas,ERR1074076
46578.0,904,genus,0.0264574,Acidaminococcus,ERR1074076
46578.0,620,genus,0.0264574,Shigella,ERR1074076
46578.0,2701,genus,0.0220478,Gardnerella,ERR1074076
46578.0,162289,genus,0.0220478,Peptoniphilus,ERR1074076
46578.0,2172,genus,0.0176382,Methanobrevibacter,ERR1074076
46578.0,66831,genus,0.0176382,Facklamia,ERR1074076
46578.0,644652,genus,0.0176382,Gordonibacter,ERR1074076
46578.0,165779,genus,0.0176382,Anaerococcus,ERR1074076
46578.0,79206,genus,0.0176382,Desulfosporosinus,ERR1074076
46578.0,207244,genus,0.0132287,Anaerostipes,ERR1074076
46578.0,1279,genus,0.0132287,Staphylococcus,ERR1074076
46578.0,61170,genus,0.0132287,Holdemania,ERR1074076
46578.0,1301,genus,0.00881912,Streptococcus,ERR1074076
46578.0,84406,genus,0.00881912,Virgibacillus,ERR1074076
46578.0,270497,genus,0.00881912,Catabacter,ERR1074076
46578.0,102106,genus,0.00881912,Collinsella,ERR1074076
46578.0,28231,genus,0.00881912,Geobacter,ERR1074076
46578.0,1200657,genus,0.00881912,Saccharofermentans,ERR1074076
46578.0,39948,genus,0.00881912,Dialister,ERR1074076
46578.0,590,genus,0.00881912,Salmonella,ERR1074076
46578.0,670486,genus,0.00881912,Dehalogenimonas,ERR1074076
46578.0,37914,genus,0.00881912,Dietzia,ERR1074076
46578.0,642,genus,0.00881912,Aeromonas,ERR1074076
46578.0,34037,genus,0.00440956,Rahnella,ERR1074076
46578.0,898,genus,0.00440956,Desulfomicrobium,ERR1074076
46578.0,469,genus,0.00440956,Acinetobacter,ERR1074076
46578.0,698776,genus,0.00440956,Cellulosilyticum,ERR1074076
46578.0,1253,genus,0.00440956,Pediococcus,ERR1074076
46578.0,233191,genus,0.00440956,Caldilinea,ERR1074076
46578.0,41273,genus,0.00440956,Tissierella,ERR1074076
46578.0,1524249,genus,0.00440956,Pseudohongiella,ERR1074076
46578.0,2299,genus,0.00440956,Desulfosarcina,ERR1074076
46578.0,724,genus,0.00440956,Haemophilus,ERR1074076
46578.0,32207,genus,0.00440956,Rothia,ERR1074076
46578.0,61434,genus,0.00440956,Dehalococcoides,ERR1074076
46578.0,55080,genus,0.00440956,Brevibacillus,ERR1074076
46578.0,1654,genus,0.00440956,Actinomyces,ERR1074076
46578.0,662,genus,0.00440956,Vibrio,ERR1074076
46578.0,1486726,genus,0.00440956,Pseudobacteroides,ERR1074076
46578.0,187144,genus,0.00440956,Caldithrix,ERR1074076
46578.0,482,genus,0.00440956,Neisseria,ERR1074076
46578.0,29465,genus,0.00440956,Veillonella,ERR1074076
46578.0,184869,genus,0.00440956,Varibaculum,ERR1074076
46578.0,581,genus,0.00440956,Morganella,ERR1074076
46578.0,305899,genus,0.00440956,Endozoicomonas,ERR1074076
,-1,genus,68.8509,Unknown,ERR1074076
46578.0,1508657,genus,9.03078,Ruminiclostridium,ERR1074076
46578.0,216851,genus,7.31105,Faecalibacterium,ERR1074076
46578.0,816,genus,4.02152,Bacteroides,ERR1074076
46578.0,459786,genus,1.82115,Oscillibacter,ERR1074076
46578.0,239759,genus,1.45075,Alistipes,ERR1074076
46578.0,1506553,genus,1.39342,Lachnoclostridium,ERR1074076
46578.0,1730,genus,0.736396,Eubacterium,ERR1074076
46578.0,572511,genus,0.731987,Blautia,ERR1074076
46578.0,244127,genus,0.507099,Anaerotruncus,ERR1074076
46578.0,1263,genus,0.352765,Ruminococcus,ERR1074076
46578.0,872,genus,0.295441,Desulfovibrio,ERR1074076
46578.0,990721,genus,0.251345,Christensenella,ERR1074076
46578.0,375288,genus,0.224888,Parabacteroides,ERR1074076
46578.0,44748,genus,0.211659,Sporobacter,ERR1074076
46578.0,100883,genus,0.176382,Coprobacillus,ERR1074076
46578.0,239934,genus,0.158744,Akkermansia,ERR1074076
46578.0,1573534,genus,0.158744,Faecalitalea,ERR1074076
46578.0,182709,genus,0.127877,Oceanobacillus,ERR1074076
46578.0,838,genus,0.114649,Prevotella,ERR1074076
46578.0,52784,genus,0.105829,Anaerofilum,ERR1074076
46578.0,561,genus,0.10142,Escherichia,ERR1074076
46578.0,577310,genus,0.0970103,Parasutterella,ERR1074076
46578.0,1505663,genus,0.0926008,Erysipelatoclostridium,ERR1074076
46578.0,189330,genus,0.0881912,Dorea,ERR1074076
46578.0,33042,genus,0.0749625,Coprococcus,ERR1074076
46578.0,84108,genus,0.0661434,Slackia,ERR1074076
46578.0,1769729,genus,0.0573243,Hathewaya,ERR1074076
46578.0,35832,genus,0.0573243,Bilophila,ERR1074076
46578.0,283168,genus,0.0529147,Odoribacter,ERR1074076
46578.0,1485,genus,0.0485052,Clostridium,ERR1074076
46578.0,1716,genus,0.0440956,Corynebacterium,ERR1074076
46578.0,1663,genus,0.039686,Arthrobacter,ERR1074076
46578.0,1386,genus,0.0308669,Bacillus,ERR1074076
46578.0,836,genus,0.0308669,Porphyromonas,ERR1074076
46578.0,904,genus,0.0264574,Acidaminococcus,ERR1074076
46578.0,620,genus,0.0264574,Shigella,ERR1074076
46578.0,286,genus,0.0264574,Pseudomonas,ERR1074076
46578.0,2701,genus,0.0220478,Gardnerella,ERR1074076
46578.0,162289,genus,0.0220478,Peptoniphilus,ERR1074076
46578.0,2172,genus,0.0176382,Methanobrevibacter,ERR1074076
46578.0,66831,genus,0.0176382,Facklamia,ERR1074076
46578.0,644652,genus,0.0176382,Gordonibacter,ERR1074076
46578.0,165779,genus,0.0176382,Anaerococcus,ERR1074076
46578.0,79206,genus,0.0176382,Desulfosporosinus,ERR1074076
46578.0,207244,genus,0.0132287,Anaerostipes,ERR1074076
46578.0,1279,genus,0.0132287,Staphylococcus,ERR1074076
46578.0,61170,genus,0.0132287,Holdemania,ERR1074076
46578.0,270497,genus,0.00881912,Catabacter,ERR1074076
46578.0,102106,genus,0.00881912,Collinsella,ERR1074076
46578.0,28231,genus,0.00881912,Geobacter,ERR1074076
46578.0,1200657,genus,0.00881912,Saccharofermentans,ERR1074076
46578.0,39948,genus,0.00881912,Dialister,ERR1074076
46578.0,590,genus,0.00881912,Salmonella,ERR1074076
46578.0,670486,genus,0.00881912,Dehalogenimonas,ERR1074076
46578.0,37914,genus,0.00881912,Dietzia,ERR1074076
46578.0,642,genus,0.00881912,Aeromonas,ERR1074076
46578.0,1301,genus,0.00881912,Streptococcus,ERR1074076
46578.0,84406,genus,0.00881912,Virgibacillus,ERR1074076
46578.0,1253,genus,0.00440956,Pediococcus,ERR1074076
46578.0,233191,genus,0.00440956,Caldilinea,ERR1074076
46578.0,41273,genus,0.00440956,Tissierella,ERR1074076
46578.0,1524249,genus,0.00440956,Pseudohongiella,ERR1074076
46578.0,2299,genus,0.00440956,Desulfosarcina,ERR1074076
46578.0,724,genus,0.00440956,Haemophilus,ERR1074076
46578.0,32207,genus,0.00440956,Rothia,ERR1074076
46578.0,61434,genus,0.00440956,Dehalococcoides,ERR1074076
46578.0,55080,genus,0.00440956,Brevibacillus,ERR1074076
46578.0,1654,genus,0.00440956,Actinomyces,ERR1074076
46578.0,662,genus,0.00440956,Vibrio,ERR1074076
46578.0,1486726,genus,0.00440956,Pseudobacteroides,ERR1074076
46578.0,187144,genus,0.00440956,Caldithrix,ERR1074076
46578.0,482,genus,0.00440956,Neisseria,ERR1074076
46578.0,29465,genus,0.00440956,Veillonella,ERR1074076
46578.0,184869,genus,0.00440956,Varibaculum,ERR1074076
46578.0,581,genus,0.00440956,Morganella,ERR1074076
46578.0,305899,genus,0.00440956,Endozoicomonas,ERR1074076
46578.0,34037,genus,0.00440956,Rahnella,ERR1074076
46578.0,898,genus,0.00440956,Desulfomicrobium,ERR1074076
46578.0,469,genus,0.00440956,Acinetobacter,ERR1074076
46578.0,698776,genus,0.00440956,Cellulosilyticum,ERR1074076
,-1,genus,68.8509,Unknown,ERR1074076
34044.0,816,genus,31.3006,Bacteroides,ERR1074157
34044.0,216851,genus,11.5039,Faecalibacterium,ERR1074157
34044.0,239934,genus,7.65844,Akkermansia,ERR1074157
34044.0,239759,genus,3.57351,Alistipes,ERR1074157
34044.0,375288,genus,3.30161,Parabacteroides,ERR1074157
34044.0,904,genus,3.18508,Acidaminococcus,ERR1074157
34044.0,841,genus,2.52476,Roseburia,ERR1074157
34044.0,1301,genus,1.53428,Streptococcus,ERR1074157
34044.0,577310,genus,1.37243,Parasutterella,ERR1074157
34044.0,572511,genus,1.02285,Blautia,ERR1074157
34044.0,1506553,genus,0.98401,Lachnoclostridium,ERR1074157
34044.0,1508657,genus,0.861009,Ruminiclostridium,ERR1074157
34044.0,1730,genus,0.679744,Eubacterium,ERR1074157
34044.0,459786,genus,0.582637,Oscillibacter,ERR1074157
34044.0,1263,genus,0.511426,Ruminococcus,ERR1074157
34044.0,244127,genus,0.278371,Anaerotruncus,ERR1074157
34044.0,1505663,genus,0.174791,Erysipelatoclostridium,ERR1074157
34044.0,61170,genus,0.135949,Holdemania,ERR1074157
34044.0,33042,genus,0.110054,Coprococcus,ERR1074157
34044.0,189330,genus,0.0453162,Dorea,ERR1074157
34044.0,29465,genus,0.0323687,Veillonella,ERR1074157
34044.0,724,genus,0.0323687,Haemophilus,ERR1074157
34044.0,1279,genus,0.025895,Staphylococcus,ERR1074157
34044.0,1485,genus,0.0194212,Clostridium,ERR1074157
34044.0,283168,genus,0.0194212,Odoribacter,ERR1074157
34044.0,102106,genus,0.0194212,Collinsella,ERR1074157
34044.0,32207,genus,0.0194212,Rothia,ERR1074157
34044.0,2717,genus,0.0194212,Cardiobacterium,ERR1074157
34044.0,118747,genus,0.0129475,Bulleidia,ERR1074157
34044.0,146813,genus,0.0129475,Dendrosporobacter,ERR1074157
34044.0,286,genus,0.0129475,Pseudomonas,ERR1074157
34044.0,1505657,genus,0.0129475,Intestinibacter,ERR1074157
34044.0,397864,genus,0.0129475,Barnesiella,ERR1074157
34044.0,583,genus,0.0129475,Proteus,ERR1074157
34044.0,1654,genus,0.00647375,Actinomyces,ERR1074157
34044.0,41273,genus,0.00647375,Tissierella,ERR1074157
34044.0,413496,genus,0.00647375,Cronobacter,ERR1074157
34044.0,207244,genus,0.00647375,Anaerostipes,ERR1074157
34044.0,52784,genus,0.00647375,Anaerofilum,ERR1074157
34044.0,990721,genus,0.00647375,Christensenella,ERR1074157
34044.0,46913,genus,0.00647375,Devosia,ERR1074157
34044.0,590,genus,0.00647375,Salmonella,ERR1074157
34044.0,872,genus,0.00647375,Desulfovibrio,ERR1074157
34044.0,838,genus,0.00647375,Prevotella,ERR1074157
34044.0,1849,genus,0.00647375,Actinopolyspora,ERR1074157
34044.0,1573534,genus,0.00647375,Faecalitalea,ERR1074157
34044.0,1386,genus,0.00647375,Bacillus,ERR1074157
34044.0,581,genus,0.00647375,Morganella,ERR1074157
34044.0,392735,genus,0.00647375,Uliginosibacterium,ERR1074157
34044.0,795750,genus,0.00647375,Ignavibacterium,ERR1074157
34044.0,570,genus,0.00647375,Klebsiella,ERR1074157
34044.0,1647,genus,0.00647375,Erysipelothrix,ERR1074157
,-1,genus,28.1608,Unknown,ERR1074157
34044.0,816,genus,31.3006,Bacteroides,ERR1074157
34044.0,216851,genus,11.5039,Faecalibacterium,ERR1074157
34044.0,239934,genus,7.65844,Akkermansia,ERR1074157
34044.0,239759,genus,3.57351,Alistipes,ERR1074157
34044.0,375288,genus,3.30161,Parabacteroides,ERR1074157
34044.0,904,genus,3.18508,Acidaminococcus,ERR1074157
34044.0,841,genus,2.52476,Roseburia,ERR1074157
34044.0,1301,genus,1.53428,Streptococcus,ERR1074157
34044.0,577310,genus,1.37243,Parasutterella,ERR1074157
34044.0,572511,genus,1.02285,Blautia,ERR1074157
34044.0,1506553,genus,0.98401,Lachnoclostridium,ERR1074157
34044.0,1508657,genus,0.861009,Ruminiclostridium,ERR1074157
34044.0,1730,genus,0.679744,Eubacterium,ERR1074157
34044.0,459786,genus,0.582637,Oscillibacter,ERR1074157
34044.0,1263,genus,0.511426,Ruminococcus,ERR1074157
34044.0,244127,genus,0.278371,Anaerotruncus,ERR1074157
34044.0,1505663,genus,0.174791,Erysipelatoclostridium,ERR1074157
34044.0,61170,genus,0.135949,Holdemania,ERR1074157
34044.0,33042,genus,0.110054,Coprococcus,ERR1074157
34044.0,189330,genus,0.0453162,Dorea,ERR1074157
34044.0,724,genus,0.0323687,Haemophilus,ERR1074157
34044.0,29465,genus,0.0323687,Veillonella,ERR1074157
34044.0,1279,genus,0.025895,Staphylococcus,ERR1074157
34044.0,1485,genus,0.0194212,Clostridium,ERR1074157
34044.0,283168,genus,0.0194212,Odoribacter,ERR1074157
34044.0,102106,genus,0.0194212,Collinsella,ERR1074157
34044.0,32207,genus,0.0194212,Rothia,ERR1074157
34044.0,2717,genus,0.0194212,Cardiobacterium,ERR1074157
34044.0,397864,genus,0.0129475,Barnesiella,ERR1074157
34044.0,583,genus,0.0129475,Proteus,ERR1074157
34044.0,118747,genus,0.0129475,Bulleidia,ERR1074157
34044.0,146813,genus,0.0129475,Dendrosporobacter,ERR1074157
34044.0,286,genus,0.0129475,Pseudomonas,ERR1074157
34044.0,1505657,genus,0.0129475,Intestinibacter,ERR1074157
34044.0,1386,genus,0.00647375,Bacillus,ERR1074157
34044.0,581,genus,0.00647375,Morganella,ERR1074157
34044.0,392735,genus,0.00647375,Uliginosibacterium,ERR1074157
34044.0,795750,genus,0.00647375,Ignavibacterium,ERR1074157
34044.0,570,genus,0.00647375,Klebsiella,ERR1074157
34044.0,1647,genus,0.00647375,Erysipelothrix,ERR1074157
34044.0,1654,genus,0.00647375,Actinomyces,ERR1074157
34044.0,41273,genus,0.00647375,Tissierella,ERR1074157
34044.0,413496,genus,0.00647375,Cronobacter,ERR1074157
34044.0,52784,genus,0.00647375,Anaerofilum,ERR1074157
34044.0,207244,genus,0.00647375,Anaerostipes,ERR1074157
34044.0,990721,genus,0.00647375,Christensenella,ERR1074157
34044.0,590,genus,0.00647375,Salmonella,ERR1074157
34044.0,46913,genus,0.00647375,Devosia,ERR1074157
34044.0,872,genus,0.00647375,Desulfovibrio,ERR1074157
34044.0,838,genus,0.00647375,Prevotella,ERR1074157
34044.0,1849,genus,0.00647375,Actinopolyspora,ERR1074157
34044.0,1573534,genus,0.00647375,Faecalitalea,ERR1074157
,-1,genus,28.1608,Unknown,ERR1074157
34044.0,816,genus,31.3006,Bacteroides,ERR1074157
34044.0,216851,genus,11.5039,Faecalibacterium,ERR1074157
34044.0,239934,genus,7.65844,Akkermansia,ERR1074157
34044.0,239759,genus,3.57351,Alistipes,ERR1074157
34044.0,375288,genus,3.30161,Parabacteroides,ERR1074157
34044.0,904,genus,3.18508,Acidaminococcus,ERR1074157
34044.0,841,genus,2.52476,Roseburia,ERR1074157
34044.0,1301,genus,1.53428,Streptococcus,ERR1074157
34044.0,577310,genus,1.37243,Parasutterella,ERR1074157
34044.0,572511,genus,1.02285,Blautia,ERR1074157
34044.0,1506553,genus,0.98401,Lachnoclostridium,ERR1074157
34044.0,1508657,genus,0.861009,Ruminiclostridium,ERR1074157
34044.0,1730,genus,0.679744,Eubacterium,ERR1074157
34044.0,459786,genus,0.582637,Oscillibacter,ERR1074157
34044.0,1263,genus,0.511426,Ruminococcus,ERR1074157
34044.0,244127,genus,0.278371,Anaerotruncus,ERR1074157
34044.0,1505663,genus,0.174791,Erysipelatoclostridium,ERR1074157
34044.0,61170,genus,0.135949,Holdemania,ERR1074157
34044.0,33042,genus,0.110054,Coprococcus,ERR1074157
34044.0,189330,genus,0.0453162,Dorea,ERR1074157
34044.0,29465,genus,0.0323687,Veillonella,ERR1074157
34044.0,724,genus,0.0323687,Haemophilus,ERR1074157
34044.0,1279,genus,0.025895,Staphylococcus,ERR1074157
34044.0,1485,genus,0.0194212,Clostridium,ERR1074157
34044.0,283168,genus,0.0194212,Odoribacter,ERR1074157
34044.0,102106,genus,0.0194212,Collinsella,ERR1074157
34044.0,32207,genus,0.0194212,Rothia,ERR1074157
34044.0,2717,genus,0.0194212,Cardiobacterium,ERR1074157
34044.0,397864,genus,0.0129475,Barnesiella,ERR1074157
34044.0,583,genus,0.0129475,Proteus,ERR1074157
34044.0,118747,genus,0.0129475,Bulleidia,ERR1074157
34044.0,146813,genus,0.0129475,Dendrosporobacter,ERR1074157
34044.0,286,genus,0.0129475,Pseudomonas,ERR1074157
34044.0,1505657,genus,0.0129475,Intestinibacter,ERR1074157
34044.0,795750,genus,0.00647375,Ignavibacterium,ERR1074157
34044.0,570,genus,0.00647375,Klebsiella,ERR1074157
34044.0,1647,genus,0.00647375,Erysipelothrix,ERR1074157
34044.0,1654,genus,0.00647375,Actinomyces,ERR1074157
34044.0,41273,genus,0.00647375,Tissierella,ERR1074157
34044.0,413496,genus,0.00647375,Cronobacter,ERR1074157
34044.0,52784,genus,0.00647375,Anaerofilum,ERR1074157
34044.0,207244,genus,0.00647375,Anaerostipes,ERR1074157
34044.0,990721,genus,0.00647375,Christensenella,ERR1074157
34044.0,590,genus,0.00647375,Salmonella,ERR1074157
34044.0,46913,genus,0.00647375,Devosia,ERR1074157
34044.0,872,genus,0.00647375,Desulfovibrio,ERR1074157
34044.0,838,genus,0.00647375,Prevotella,ERR1074157
34044.0,1849,genus,0.00647375,Actinopolyspora,ERR1074157
34044.0,1573534,genus,0.00647375,Faecalitalea,ERR1074157
34044.0,1386,genus,0.00647375,Bacillus,ERR1074157
34044.0,581,genus,0.00647375,Morganella,ERR1074157
34044.0,392735,genus,0.00647375,Uliginosibacterium,ERR1074157
,-1,genus,28.1608,Unknown,ERR1074157
34044.0,816,genus,31.3006,Bacteroides,ERR1074157
34044.0,216851,genus,11.5039,Faecalibacterium,ERR1074157
34044.0,239934,genus,7.65844,Akkermansia,ERR1074157
34044.0,239759,genus,3.57351,Alistipes,ERR1074157
34044.0,375288,genus,3.30161,Parabacteroides,ERR1074157
34044.0,904,genus,3.18508,Acidaminococcus,ERR1074157
34044.0,841,genus,2.52476,Roseburia,ERR1074157
34044.0,1301,genus,1.53428,Streptococcus,ERR1074157
34044.0,577310,genus,1.37243,Parasutterella,ERR1074157
34044.0,572511,genus,1.02285,Blautia,ERR1074157
34044.0,1506553,genus,0.98401,Lachnoclostridium,ERR1074157
34044.0,1508657,genus,0.861009,Ruminiclostridium,ERR1074157
34044.0,1730,genus,0.679744,Eubacterium,ERR1074157
34044.0,459786,genus,0.582637,Oscillibacter,ERR1074157
34044.0,1263,genus,0.511426,Ruminococcus,ERR1074157
34044.0,244127,genus,0.278371,Anaerotruncus,ERR1074157
34044.0,1505663,genus,0.174791,Erysipelatoclostridium,ERR1074157
34044.0,61170,genus,0.135949,Holdemania,ERR1074157
34044.0,33042,genus,0.110054,Coprococcus,ERR1074157
34044.0,189330,genus,0.0453162,Dorea,ERR1074157
34044.0,724,genus,0.0323687,Haemophilus,ERR1074157
34044.0,29465,genus,0.0323687,Veillonella,ERR1074157
34044.0,1279,genus,0.025895,Staphylococcus,ERR1074157
34044.0,2717,genus,0.0194212,Cardiobacterium,ERR1074157
34044.0,1485,genus,0.0194212,Clostridium,ERR1074157
34044.0,283168,genus,0.0194212,Odoribacter,ERR1074157
34044.0,102106,genus,0.0194212,Collinsella,ERR1074157
34044.0,32207,genus,0.0194212,Rothia,ERR1074157
34044.0,397864,genus,0.0129475,Barnesiella,ERR1074157
34044.0,583,genus,0.0129475,Proteus,ERR1074157
34044.0,118747,genus,0.0129475,Bulleidia,ERR1074157
34044.0,146813,genus,0.0129475,Dendrosporobacter,ERR1074157
34044.0,286,genus,0.0129475,Pseudomonas,ERR1074157
34044.0,1505657,genus,0.0129475,Intestinibacter,ERR1074157
34044.0,1573534,genus,0.00647375,Faecalitalea,ERR1074157
34044.0,1386,genus,0.00647375,Bacillus,ERR1074157
34044.0,581,genus,0.00647375,Morganella,ERR1074157
34044.0,392735,genus,0.00647375,Uliginosibacterium,ERR1074157
34044.0,795750,genus,0.00647375,Ignavibacterium,ERR1074157
34044.0,570,genus,0.00647375,Klebsiella,ERR1074157
34044.0,1647,genus,0.00647375,Erysipelothrix,ERR1074157
34044.0,1654,genus,0.00647375,Actinomyces,ERR1074157
34044.0,41273,genus,0.00647375,Tissierella,ERR1074157
34044.0,413496,genus,0.00647375,Cronobacter,ERR1074157
34044.0,52784,genus,0.00647375,Anaerofilum,ERR1074157
34044.0,207244,genus,0.00647375,Anaerostipes,ERR1074157
34044.0,990721,genus,0.00647375,Christensenella,ERR1074157
34044.0,590,genus,0.00647375,Salmonella,ERR1074157
34044.0,46913,genus,0.00647375,Devosia,ERR1074157
34044.0,872,genus,0.00647375,Desulfovibrio,ERR1074157
34044.0,838,genus,0.00647375,Prevotella,ERR1074157
34044.0,1849,genus,0.00647375,Actinopolyspora,ERR1074157
,-1,genus,28.1608,Unknown,ERR1074157
34044.0,816,genus,31.3006,Bacteroides,ERR1074157
34044.0,216851,genus,11.5039,Faecalibacterium,ERR1074157
34044.0,239934,genus,7.65844,Akkermansia,ERR1074157
34044.0,239759,genus,3.57351,Alistipes,ERR1074157
34044.0,375288,genus,3.30161,Parabacteroides,ERR1074157
34044.0,904,genus,3.18508,Acidaminococcus,ERR1074157
34044.0,841,genus,2.52476,Roseburia,ERR1074157
34044.0,1301,genus,1.53428,Streptococcus,ERR1074157
34044.0,577310,genus,1.37243,Parasutterella,ERR1074157
34044.0,572511,genus,1.02285,Blautia,ERR1074157
34044.0,1506553,genus,0.98401,Lachnoclostridium,ERR1074157
34044.0,1508657,genus,0.861009,Ruminiclostridium,ERR1074157
34044.0,1730,genus,0.679744,Eubacterium,ERR1074157
34044.0,459786,genus,0.582637,Oscillibacter,ERR1074157
34044.0,1263,genus,0.511426,Ruminococcus,ERR1074157
34044.0,244127,genus,0.278371,Anaerotruncus,ERR1074157
34044.0,1505663,genus,0.174791,Erysipelatoclostridium,ERR1074157
34044.0,61170,genus,0.135949,Holdemania,ERR1074157
34044.0,33042,genus,0.110054,Coprococcus,ERR1074157
34044.0,189330,genus,0.0453162,Dorea,ERR1074157
34044.0,724,genus,0.0323687,Haemophilus,ERR1074157
34044.0,29465,genus,0.0323687,Veillonella,ERR1074157
34044.0,1279,genus,0.025895,Staphylococcus,ERR1074157
34044.0,32207,genus,0.0194212,Rothia,ERR1074157
34044.0,2717,genus,0.0194212,Cardiobacterium,ERR1074157
34044.0,1485,genus,0.0194212,Clostridium,ERR1074157
34044.0,283168,genus,0.0194212,Odoribacter,ERR1074157
34044.0,102106,genus,0.0194212,Collinsella,ERR1074157
34044.0,1505657,genus,0.0129475,Intestinibacter,ERR1074157
34044.0,397864,genus,0.0129475,Barnesiella,ERR1074157
34044.0,583,genus,0.0129475,Proteus,ERR1074157
34044.0,118747,genus,0.0129475,Bulleidia,ERR1074157
34044.0,146813,genus,0.0129475,Dendrosporobacter,ERR1074157
34044.0,286,genus,0.0129475,Pseudomonas,ERR1074157
34044.0,872,genus,0.00647375,Desulfovibrio,ERR1074157
34044.0,838,genus,0.00647375,Prevotella,ERR1074157
34044.0,1849,genus,0.00647375,Actinopolyspora,ERR1074157
34044.0,1573534,genus,0.00647375,Faecalitalea,ERR1074157
34044.0,1386,genus,0.00647375,Bacillus,ERR1074157
34044.0,581,genus,0.00647375,Morganella,ERR1074157
34044.0,392735,genus,0.00647375,Uliginosibacterium,ERR1074157
34044.0,795750,genus,0.00647375,Ignavibacterium,ERR1074157
34044.0,570,genus,0.00647375,Klebsiella,ERR1074157
34044.0,1647,genus,0.00647375,Erysipelothrix,ERR1074157
34044.0,1654,genus,0.00647375,Actinomyces,ERR1074157
34044.0,41273,genus,0.00647375,Tissierella,ERR1074157
34044.0,413496,genus,0.00647375,Cronobacter,ERR1074157
34044.0,52784,genus,0.00647375,Anaerofilum,ERR1074157
34044.0,207244,genus,0.00647375,Anaerostipes,ERR1074157
34044.0,990721,genus,0.00647375,Christensenella,ERR1074157
34044.0,590,genus,0.00647375,Salmonella,ERR1074157
34044.0,46913,genus,0.00647375,Devosia,ERR1074157
,-1,genus,28.1608,Unknown,ERR1074157
34044.0,816,genus,31.3006,Bacteroides,ERR1074157
34044.0,216851,genus,11.5039,Faecalibacterium,ERR1074157
34044.0,239934,genus,7.65844,Akkermansia,ERR1074157
34044.0,239759,genus,3.57351,Alistipes,ERR1074157
34044.0,375288,genus,3.30161,Parabacteroides,ERR1074157
34044.0,904,genus,3.18508,Acidaminococcus,ERR1074157
34044.0,841,genus,2.52476,Roseburia,ERR1074157
34044.0,1301,genus,1.53428,Streptococcus,ERR1074157
34044.0,577310,genus,1.37243,Parasutterella,ERR1074157
34044.0,572511,genus,1.02285,Blautia,ERR1074157
34044.0,1506553,genus,0.98401,Lachnoclostridium,ERR1074157
34044.0,1508657,genus,0.861009,Ruminiclostridium,ERR1074157
34044.0,1730,genus,0.679744,Eubacterium,ERR1074157
34044.0,459786,genus,0.582637,Oscillibacter,ERR1074157
34044.0,1263,genus,0.511426,Ruminococcus,ERR1074157
34044.0,244127,genus,0.278371,Anaerotruncus,ERR1074157
34044.0,1505663,genus,0.174791,Erysipelatoclostridium,ERR1074157
34044.0,61170,genus,0.135949,Holdemania,ERR1074157
34044.0,33042,genus,0.110054,Coprococcus,ERR1074157
34044.0,189330,genus,0.0453162,Dorea,ERR1074157
34044.0,29465,genus,0.0323687,Veillonella,ERR1074157
34044.0,724,genus,0.0323687,Haemophilus,ERR1074157
34044.0,1279,genus,0.025895,Staphylococcus,ERR1074157
34044.0,1485,genus,0.0194212,Clostridium,ERR1074157
34044.0,283168,genus,0.0194212,Odoribacter,ERR1074157
34044.0,102106,genus,0.0194212,Collinsella,ERR1074157
34044.0,32207,genus,0.0194212,Rothia,ERR1074157
34044.0,2717,genus,0.0194212,Cardiobacterium,ERR1074157
34044.0,118747,genus,0.0129475,Bulleidia,ERR1074157
34044.0,146813,genus,0.0129475,Dendrosporobacter,ERR1074157
34044.0,286,genus,0.0129475,Pseudomonas,ERR1074157
34044.0,1505657,genus,0.0129475,Intestinibacter,ERR1074157
34044.0,397864,genus,0.0129475,Barnesiella,ERR1074157
34044.0,583,genus,0.0129475,Proteus,ERR1074157
34044.0,41273,genus,0.00647375,Tissierella,ERR1074157
34044.0,413496,genus,0.00647375,Cronobacter,ERR1074157
34044.0,52784,genus,0.00647375,Anaerofilum,ERR1074157
34044.0,207244,genus,0.00647375,Anaerostipes,ERR1074157
34044.0,990721,genus,0.00647375,Christensenella,ERR1074157
34044.0,590,genus,0.00647375,Salmonella,ERR1074157
34044.0,46913,genus,0.00647375,Devosia,ERR1074157
34044.0,872,genus,0.00647375,Desulfovibrio,ERR1074157
34044.0,838,genus,0.00647375,Prevotella,ERR1074157
34044.0,1849,genus,0.00647375,Actinopolyspora,ERR1074157
34044.0,1573534,genus,0.00647375,Faecalitalea,ERR1074157
34044.0,1386,genus,0.00647375,Bacillus,ERR1074157
34044.0,581,genus,0.00647375,Morganella,ERR1074157
34044.0,392735,genus,0.00647375,Uliginosibacterium,ERR1074157
34044.0,795750,genus,0.00647375,Ignavibacterium,ERR1074157
34044.0,570,genus,0.00647375,Klebsiella,ERR1074157
34044.0,1647,genus,0.00647375,Erysipelothrix,ERR1074157
34044.0,1654,genus,0.00647375,Actinomyces,ERR1074157
,-1,genus,28.1608,Unknown,ERR1074157
34044.0,816,genus,31.3006,Bacteroides,ERR1074157
34044.0,216851,genus,11.5039,Faecalibacterium,ERR1074157
34044.0,239934,genus,7.65844,Akkermansia,ERR1074157
34044.0,239759,genus,3.57351,Alistipes,ERR1074157
34044.0,375288,genus,3.30161,Parabacteroides,ERR1074157
34044.0,904,genus,3.18508,Acidaminococcus,ERR1074157
34044.0,841,genus,2.52476,Roseburia,ERR1074157
34044.0,1301,genus,1.53428,Streptococcus,ERR1074157
34044.0,577310,genus,1.37243,Parasutterella,ERR1074157
34044.0,572511,genus,1.02285,Blautia,ERR1074157
34044.0,1506553,genus,0.98401,Lachnoclostridium,ERR1074157
34044.0,1508657,genus,0.861009,Ruminiclostridium,ERR1074157
34044.0,1730,genus,0.679744,Eubacterium,ERR1074157
34044.0,459786,genus,0.582637,Oscillibacter,ERR1074157
34044.0,1263,genus,0.511426,Ruminococcus,ERR1074157
34044.0,244127,genus,0.278371,Anaerotruncus,ERR1074157
34044.0,1505663,genus,0.174791,Erysipelatoclostridium,ERR1074157
34044.0,61170,genus,0.135949,Holdemania,ERR1074157
34044.0,33042,genus,0.110054,Coprococcus,ERR1074157
34044.0,189330,genus,0.0453162,Dorea,ERR1074157
34044.0,724,genus,0.0323687,Haemophilus,ERR1074157
34044.0,29465,genus,0.0323687,Veillonella,ERR1074157
34044.0,1279,genus,0.025895,Staphylococcus,ERR1074157
34044.0,2717,genus,0.0194212,Cardiobacterium,ERR1074157
34044.0,1485,genus,0.0194212,Clostridium,ERR1074157
34044.0,283168,genus,0.0194212,Odoribacter,ERR1074157
34044.0,102106,genus,0.0194212,Collinsella,ERR1074157
34044.0,32207,genus,0.0194212,Rothia,ERR1074157
34044.0,1505657,genus,0.0129475,Intestinibacter,ERR1074157
34044.0,397864,genus,0.0129475,Barnesiella,ERR1074157
34044.0,583,genus,0.0129475,Proteus,ERR1074157
34044.0,118747,genus,0.0129475,Bulleidia,ERR1074157
34044.0,146813,genus,0.0129475,Dendrosporobacter,ERR1074157
34044.0,286,genus,0.0129475,Pseudomonas,ERR1074157
34044.0,1849,genus,0.00647375,Actinopolyspora,ERR1074157
34044.0,1573534,genus,0.00647375,Faecalitalea,ERR1074157
34044.0,1386,genus,0.00647375,Bacillus,ERR1074157
34044.0,581,genus,0.00647375,Morganella,ERR1074157
34044.0,392735,genus,0.00647375,Uliginosibacterium,ERR1074157
34044.0,795750,genus,0.00647375,Ignavibacterium,ERR1074157
34044.0,570,genus,0.00647375,Klebsiella,ERR1074157
34044.0,1647,genus,0.00647375,Erysipelothrix,ERR1074157
34044.0,1654,genus,0.00647375,Actinomyces,ERR1074157
34044.0,41273,genus,0.00647375,Tissierella,ERR1074157
34044.0,413496,genus,0.00647375,Cronobacter,ERR1074157
34044.0,52784,genus,0.00647375,Anaerofilum,ERR1074157
34044.0,207244,genus,0.00647375,Anaerostipes,ERR1074157
34044.0,990721,genus,0.00647375,Christensenella,ERR1074157
34044.0,590,genus,0.00647375,Salmonella,ERR1074157
34044.0,46913,genus,0.00647375,Devosia,ERR1074157
34044.0,872,genus,0.00647375,Desulfovibrio,ERR1074157
34044.0,838,genus,0.00647375,Prevotella,ERR1074157
,-1,genus,28.1608,Unknown,ERR1074157
34044.0,816,genus,31.3006,Bacteroides,ERR1074157
34044.0,216851,genus,11.5039,Faecalibacterium,ERR1074157
34044.0,239934,genus,7.65844,Akkermansia,ERR1074157
34044.0,239759,genus,3.57351,Alistipes,ERR1074157
34044.0,375288,genus,3.30161,Parabacteroides,ERR1074157
34044.0,904,genus,3.18508,Acidaminococcus,ERR1074157
34044.0,841,genus,2.52476,Roseburia,ERR1074157
34044.0,1301,genus,1.53428,Streptococcus,ERR1074157
34044.0,577310,genus,1.37243,Parasutterella,ERR1074157
34044.0,572511,genus,1.02285,Blautia,ERR1074157
34044.0,1506553,genus,0.98401,Lachnoclostridium,ERR1074157
34044.0,1508657,genus,0.861009,Ruminiclostridium,ERR1074157
34044.0,1730,genus,0.679744,Eubacterium,ERR1074157
34044.0,459786,genus,0.582637,Oscillibacter,ERR1074157
34044.0,1263,genus,0.511426,Ruminococcus,ERR1074157
34044.0,244127,genus,0.278371,Anaerotruncus,ERR1074157
34044.0,1505663,genus,0.174791,Erysipelatoclostridium,ERR1074157
34044.0,61170,genus,0.135949,Holdemania,ERR1074157
34044.0,33042,genus,0.110054,Coprococcus,ERR1074157
34044.0,189330,genus,0.0453162,Dorea,ERR1074157
34044.0,724,genus,0.0323687,Haemophilus,ERR1074157
34044.0,29465,genus,0.0323687,Veillonella,ERR1074157
34044.0,1279,genus,0.025895,Staphylococcus,ERR1074157
34044.0,1485,genus,0.0194212,Clostridium,ERR1074157
34044.0,283168,genus,0.0194212,Odoribacter,ERR1074157
34044.0,102106,genus,0.0194212,Collinsella,ERR1074157
34044.0,32207,genus,0.0194212,Rothia,ERR1074157
34044.0,2717,genus,0.0194212,Cardiobacterium,ERR1074157
34044.0,397864,genus,0.0129475,Barnesiella,ERR1074157
34044.0,583,genus,0.0129475,Proteus,ERR1074157
34044.0,118747,genus,0.0129475,Bulleidia,ERR1074157
34044.0,146813,genus,0.0129475,Dendrosporobacter,ERR1074157
34044.0,286,genus,0.0129475,Pseudomonas,ERR1074157
34044.0,1505657,genus,0.0129475,Intestinibacter,ERR1074157
34044.0,392735,genus,0.00647375,Uliginosibacterium,ERR1074157
34044.0,795750,genus,0.00647375,Ignavibacterium,ERR1074157
34044.0,570,genus,0.00647375,Klebsiella,ERR1074157
34044.0,1647,genus,0.00647375,Erysipelothrix,ERR1074157
34044.0,1654,genus,0.00647375,Actinomyces,ERR1074157
34044.0,41273,genus,0.00647375,Tissierella,ERR1074157
34044.0,413496,genus,0.00647375,Cronobacter,ERR1074157
34044.0,52784,genus,0.00647375,Anaerofilum,ERR1074157
34044.0,207244,genus,0.00647375,Anaerostipes,ERR1074157
34044.0,990721,genus,0.00647375,Christensenella,ERR1074157
34044.0,590,genus,0.00647375,Salmonella,ERR1074157
34044.0,46913,genus,0.00647375,Devosia,ERR1074157
34044.0,872,genus,0.00647375,Desulfovibrio,ERR1074157
34044.0,838,genus,0.00647375,Prevotella,ERR1074157
34044.0,1849,genus,0.00647375,Actinopolyspora,ERR1074157
34044.0,1573534,genus,0.00647375,Faecalitalea,ERR1074157
34044.0,1386,genus,0.00647375,Bacillus,ERR1074157
34044.0,581,genus,0.00647375,Morganella,ERR1074157
,-1,genus,28.1608,Unknown,ERR1074157
34045.0,1508657,genus,32.5388,Ruminiclostridium,ERR1074183
34045.0,816,genus,9.3551,Bacteroides,ERR1074183
34045.0,39948,genus,6.49383,Dialister,ERR1074183
34045.0,244127,genus,4.41381,Anaerotruncus,ERR1074183
34045.0,459786,genus,4.39889,Oscillibacter,ERR1074183
34045.0,216851,genus,3.37878,Faecalibacterium,ERR1074183
34045.0,286,genus,1.82623,Pseudomonas,ERR1074183
34045.0,44748,genus,1.48786,Sporobacter,ERR1074183
34045.0,1506553,genus,1.40326,Lachnoclostridium,ERR1074183
34045.0,572511,genus,1.34355,Blautia,ERR1074183
34045.0,1263,genus,1.3336,Ruminococcus,ERR1074183
34045.0,1730,genus,1.19924,Eubacterium,ERR1074183
34045.0,990721,genus,1.13455,Christensenella,ERR1074183
34045.0,872,genus,0.84594,Desulfovibrio,ERR1074183
34045.0,283168,genus,0.666799,Odoribacter,ERR1074183
34045.0,2172,genus,0.612062,Methanobrevibacter,ERR1074183
34045.0,375288,genus,0.582205,Parabacteroides,ERR1074183
34045.0,2147,genus,0.532444,Acholeplasma,ERR1074183
34045.0,1485,genus,0.373209,Clostridium,ERR1074183
34045.0,838,genus,0.298567,Prevotella,ERR1074183
34045.0,2132,genus,0.298567,Spiroplasma,ERR1074183
34045.0,35832,genus,0.273686,Bilophila,ERR1074183
34045.0,577310,genus,0.26871,Parasutterella,ERR1074183
34045.0,1505663,genus,0.213973,Erysipelatoclostridium,ERR1074183
34045.0,207244,genus,0.199045,Anaerostipes,ERR1074183
34045.0,577309,genus,0.184116,Paraprevotella,ERR1074183
34045.0,44249,genus,0.149283,Paenibacillus,ERR1074183
34045.0,189330,genus,0.149283,Dorea,ERR1074183
34045.0,1357,genus,0.144307,Lactococcus,ERR1074183
34045.0,904,genus,0.114451,Acidaminococcus,ERR1074183
34045.0,117563,genus,0.109475,Granulicatella,ERR1074183
34045.0,239759,genus,0.104498,Alistipes,ERR1074183
34045.0,84108,genus,0.0995223,Slackia,ERR1074183
34045.0,469,genus,0.0895701,Acinetobacter,ERR1074183
34045.0,836,genus,0.084594,Porphyromonas,ERR1074183
34045.0,1573535,genus,0.084594,Holdemanella,ERR1074183
34045.0,841,genus,0.0746417,Roseburia,ERR1074183
34045.0,404,genus,0.0597134,Methylobacillus,ERR1074183
34045.0,100175,genus,0.0597134,Papillibacter,ERR1074183
34045.0,1301,genus,0.0497611,Streptococcus,ERR1074183
34045.0,79206,genus,0.044785,Desulfosporosinus,ERR1074183
34045.0,84111,genus,0.044785,Eggerthella,ERR1074183
34045.0,36853,genus,0.044785,Desulfitobacterium,ERR1074183
34045.0,33042,genus,0.0398089,Coprococcus,ERR1074183
34045.0,52784,genus,0.0348328,Anaerofilum,ERR1074183
34045.0,508459,genus,0.0298567,Cloacibacillus,ERR1074183
34045.0,963,genus,0.0298567,Herbaspirillum,ERR1074183
34045.0,846,genus,0.0248806,Oxalobacter,ERR1074183
34045.0,29580,genus,0.0248806,Janthinobacterium,ERR1074183
34045.0,80865,genus,0.0248806,Delftia,ERR1074183
34045.0,1716,genus,0.0199045,Corynebacterium,ERR1074183
34045.0,1386,genus,0.0199045,Bacillus,ERR1074183
34045.0,270497,genus,0.0199045,Catabacter,ERR1074183
34045.0,1279,genus,0.0149283,Staphylococcus,ERR1074183
34045.0,1883,genus,0.0149283,Streptomyces,ERR1074183
34045.0,830,genus,0.0149283,Butyrivibrio,ERR1074183
34045.0,194,genus,0.0149283,Campylobacter,ERR1074183
34045.0,100883,genus,0.00995223,Coprobacillus,ERR1074183
34045.0,397864,genus,0.00995223,Barnesiella,ERR1074183
34045.0,1017280,genus,0.00995223,Pseudoflavonifractor,ERR1074183
34045.0,1654,genus,0.00995223,Actinomyces,ERR1074183
34045.0,262406,genus,0.00995223,Thermobaculum,ERR1074183
34045.0,586,genus,0.00995223,Providencia,ERR1074183
34045.0,44261,genus,0.00995223,Oxobacter,ERR1074183
34045.0,278993,genus,0.00995223,Thermincola,ERR1074183
34045.0,140458,genus,0.00497611,Thermacetogenium,ERR1074183
34045.0,44000,genus,0.00497611,Caldicellulosiruptor,ERR1074183
34045.0,1562,genus,0.00497611,Desulfotomaculum,ERR1074183
34045.0,1678,genus,0.00497611,Bifidobacterium,ERR1074183
34045.0,1569,genus,0.00497611,Sporosarcina,ERR1074183
34045.0,28138,genus,0.00497611,Rikenella,ERR1074183
34045.0,233191,genus,0.00497611,Caldilinea,ERR1074183
34045.0,32207,genus,0.00497611,Rothia,ERR1074183
34045.0,1164882,genus,0.00497611,Lachnoanaerobaculum,ERR1074183
34045.0,61170,genus,0.00497611,Holdemania,ERR1074183
34045.0,2697,genus,0.00497611,Heliobacterium,ERR1074183
34045.0,1378,genus,0.00497611,Gemella,ERR1074183
34045.0,187144,genus,0.00497611,Caldithrix,ERR1074183
34045.0,44260,genus,0.00497611,Moorella,ERR1074183
34045.0,150022,genus,0.00497611,Finegoldia,ERR1074183
34045.0,133925,genus,0.00497611,Olsenella,ERR1074183
34045.0,1505657,genus,0.00497611,Intestinibacter,ERR1074183
34045.0,1578,genus,0.00497611,Lactobacillus,ERR1074183
34045.0,157,genus,0.00497611,Treponema,ERR1074183
34045.0,1350,genus,0.00497611,Enterococcus,ERR1074183
34045.0,475,genus,0.00497611,Moraxella,ERR1074183
34045.0,1663,genus,0.00497611,Arthrobacter,ERR1074183
34045.0,1200657,genus,0.00497611,Saccharofermentans,ERR1074183
34045.0,670486,genus,0.00497611,Dehalogenimonas,ERR1074183
34045.0,2717,genus,0.00497611,Cardiobacterium,ERR1074183
34045.0,312278,genus,0.00497611,Emticicia,ERR1074183
34045.0,165779,genus,0.00497611,Anaerococcus,ERR1074183
34045.0,40544,genus,0.00497611,Sutterella,ERR1074183
34045.0,2316,genus,0.00497611,Methanosphaera,ERR1074183
34045.0,1637257,genus,0.00497611,Mageeibacillus,ERR1074183
,-1,genus,21.9994,Unknown,ERR1074183
34045.0,1508657,genus,32.5388,Ruminiclostridium,ERR1074183
34045.0,816,genus,9.3551,Bacteroides,ERR1074183
34045.0,39948,genus,6.49383,Dialister,ERR1074183
34045.0,244127,genus,4.41381,Anaerotruncus,ERR1074183
34045.0,459786,genus,4.39889,Oscillibacter,ERR1074183
34045.0,216851,genus,3.37878,Faecalibacterium,ERR1074183
34045.0,286,genus,1.82623,Pseudomonas,ERR1074183
34045.0,44748,genus,1.48786,Sporobacter,ERR1074183
34045.0,1506553,genus,1.40326,Lachnoclostridium,ERR1074183
34045.0,572511,genus,1.34355,Blautia,ERR1074183
34045.0,1263,genus,1.3336,Ruminococcus,ERR1074183
34045.0,1730,genus,1.19924,Eubacterium,ERR1074183
34045.0,990721,genus,1.13455,Christensenella,ERR1074183
34045.0,872,genus,0.84594,Desulfovibrio,ERR1074183
34045.0,283168,genus,0.666799,Odoribacter,ERR1074183
34045.0,2172,genus,0.612062,Methanobrevibacter,ERR1074183
34045.0,375288,genus,0.582205,Parabacteroides,ERR1074183
34045.0,2147,genus,0.532444,Acholeplasma,ERR1074183
34045.0,1485,genus,0.373209,Clostridium,ERR1074183
34045.0,2132,genus,0.298567,Spiroplasma,ERR1074183
34045.0,838,genus,0.298567,Prevotella,ERR1074183
34045.0,35832,genus,0.273686,Bilophila,ERR1074183
34045.0,577310,genus,0.26871,Parasutterella,ERR1074183
34045.0,1505663,genus,0.213973,Erysipelatoclostridium,ERR1074183
34045.0,207244,genus,0.199045,Anaerostipes,ERR1074183
34045.0,577309,genus,0.184116,Paraprevotella,ERR1074183
34045.0,189330,genus,0.149283,Dorea,ERR1074183
34045.0,44249,genus,0.149283,Paenibacillus,ERR1074183
34045.0,1357,genus,0.144307,Lactococcus,ERR1074183
34045.0,904,genus,0.114451,Acidaminococcus,ERR1074183
34045.0,117563,genus,0.109475,Granulicatella,ERR1074183
34045.0,239759,genus,0.104498,Alistipes,ERR1074183
34045.0,84108,genus,0.0995223,Slackia,ERR1074183
34045.0,469,genus,0.0895701,Acinetobacter,ERR1074183
34045.0,1573535,genus,0.084594,Holdemanella,ERR1074183
34045.0,836,genus,0.084594,Porphyromonas,ERR1074183
34045.0,841,genus,0.0746417,Roseburia,ERR1074183
34045.0,404,genus,0.0597134,Methylobacillus,ERR1074183
34045.0,100175,genus,0.0597134,Papillibacter,ERR1074183
34045.0,1301,genus,0.0497611,Streptococcus,ERR1074183
34045.0,36853,genus,0.044785,Desulfitobacterium,ERR1074183
34045.0,79206,genus,0.044785,Desulfosporosinus,ERR1074183
34045.0,84111,genus,0.044785,Eggerthella,ERR1074183
34045.0,33042,genus,0.0398089,Coprococcus,ERR1074183
34045.0,52784,genus,0.0348328,Anaerofilum,ERR1074183
34045.0,508459,genus,0.0298567,Cloacibacillus,ERR1074183
34045.0,963,genus,0.0298567,Herbaspirillum,ERR1074183
34045.0,846,genus,0.0248806,Oxalobacter,ERR1074183
34045.0,29580,genus,0.0248806,Janthinobacterium,ERR1074183
34045.0,80865,genus,0.0248806,Delftia,ERR1074183
34045.0,270497,genus,0.0199045,Catabacter,ERR1074183
34045.0,1716,genus,0.0199045,Corynebacterium,ERR1074183
34045.0,1386,genus,0.0199045,Bacillus,ERR1074183
34045.0,1279,genus,0.0149283,Staphylococcus,ERR1074183
34045.0,1883,genus,0.0149283,Streptomyces,ERR1074183
34045.0,830,genus,0.0149283,Butyrivibrio,ERR1074183
34045.0,194,genus,0.0149283,Campylobacter,ERR1074183
34045.0,586,genus,0.00995223,Providencia,ERR1074183
34045.0,278993,genus,0.00995223,Thermincola,ERR1074183
34045.0,44261,genus,0.00995223,Oxobacter,ERR1074183
34045.0,100883,genus,0.00995223,Coprobacillus,ERR1074183
34045.0,397864,genus,0.00995223,Barnesiella,ERR1074183
34045.0,1017280,genus,0.00995223,Pseudoflavonifractor,ERR1074183
34045.0,1654,genus,0.00995223,Actinomyces,ERR1074183
34045.0,262406,genus,0.00995223,Thermobaculum,ERR1074183
34045.0,670486,genus,0.00497611,Dehalogenimonas,ERR1074183
34045.0,2717,genus,0.00497611,Cardiobacterium,ERR1074183
34045.0,1200657,genus,0.00497611,Saccharofermentans,ERR1074183
34045.0,40544,genus,0.00497611,Sutterella,ERR1074183
34045.0,2316,genus,0.00497611,Methanosphaera,ERR1074183
34045.0,312278,genus,0.00497611,Emticicia,ERR1074183
34045.0,165779,genus,0.00497611,Anaerococcus,ERR1074183
34045.0,1637257,genus,0.00497611,Mageeibacillus,ERR1074183
34045.0,44000,genus,0.00497611,Caldicellulosiruptor,ERR1074183
34045.0,140458,genus,0.00497611,Thermacetogenium,ERR1074183
34045.0,1569,genus,0.00497611,Sporosarcina,ERR1074183
34045.0,1562,genus,0.00497611,Desulfotomaculum,ERR1074183
34045.0,1678,genus,0.00497611,Bifidobacterium,ERR1074183
34045.0,32207,genus,0.00497611,Rothia,ERR1074183
34045.0,28138,genus,0.00497611,Rikenella,ERR1074183
34045.0,233191,genus,0.00497611,Caldilinea,ERR1074183
34045.0,61170,genus,0.00497611,Holdemania,ERR1074183
34045.0,2697,genus,0.00497611,Heliobacterium,ERR1074183
34045.0,1164882,genus,0.00497611,Lachnoanaerobaculum,ERR1074183
34045.0,1378,genus,0.00497611,Gemella,ERR1074183
34045.0,187144,genus,0.00497611,Caldithrix,ERR1074183
34045.0,44260,genus,0.00497611,Moorella,ERR1074183
34045.0,150022,genus,0.00497611,Finegoldia,ERR1074183
34045.0,1578,genus,0.00497611,Lactobacillus,ERR1074183
34045.0,133925,genus,0.00497611,Olsenella,ERR1074183
34045.0,1505657,genus,0.00497611,Intestinibacter,ERR1074183
34045.0,157,genus,0.00497611,Treponema,ERR1074183
34045.0,1350,genus,0.00497611,Enterococcus,ERR1074183
34045.0,1663,genus,0.00497611,Arthrobacter,ERR1074183
34045.0,475,genus,0.00497611,Moraxella,ERR1074183
,-1,genus,21.9994,Unknown,ERR1074183
34045.0,1508657,genus,32.5388,Ruminiclostridium,ERR1074183
34045.0,816,genus,9.3551,Bacteroides,ERR1074183
34045.0,39948,genus,6.49383,Dialister,ERR1074183
34045.0,244127,genus,4.41381,Anaerotruncus,ERR1074183
34045.0,459786,genus,4.39889,Oscillibacter,ERR1074183
34045.0,216851,genus,3.37878,Faecalibacterium,ERR1074183
34045.0,286,genus,1.82623,Pseudomonas,ERR1074183
34045.0,44748,genus,1.48786,Sporobacter,ERR1074183
34045.0,1506553,genus,1.40326,Lachnoclostridium,ERR1074183
34045.0,572511,genus,1.34355,Blautia,ERR1074183
34045.0,1263,genus,1.3336,Ruminococcus,ERR1074183
34045.0,1730,genus,1.19924,Eubacterium,ERR1074183
34045.0,990721,genus,1.13455,Christensenella,ERR1074183
34045.0,872,genus,0.84594,Desulfovibrio,ERR1074183
34045.0,283168,genus,0.666799,Odoribacter,ERR1074183
34045.0,2172,genus,0.612062,Methanobrevibacter,ERR1074183
34045.0,375288,genus,0.582205,Parabacteroides,ERR1074183
34045.0,2147,genus,0.532444,Acholeplasma,ERR1074183
34045.0,1485,genus,0.373209,Clostridium,ERR1074183
34045.0,838,genus,0.298567,Prevotella,ERR1074183
34045.0,2132,genus,0.298567,Spiroplasma,ERR1074183
34045.0,35832,genus,0.273686,Bilophila,ERR1074183
34045.0,577310,genus,0.26871,Parasutterella,ERR1074183
34045.0,1505663,genus,0.213973,Erysipelatoclostridium,ERR1074183
34045.0,207244,genus,0.199045,Anaerostipes,ERR1074183
34045.0,577309,genus,0.184116,Paraprevotella,ERR1074183
34045.0,44249,genus,0.149283,Paenibacillus,ERR1074183
34045.0,189330,genus,0.149283,Dorea,ERR1074183
34045.0,1357,genus,0.144307,Lactococcus,ERR1074183
34045.0,904,genus,0.114451,Acidaminococcus,ERR1074183
34045.0,117563,genus,0.109475,Granulicatella,ERR1074183
34045.0,239759,genus,0.104498,Alistipes,ERR1074183
34045.0,84108,genus,0.0995223,Slackia,ERR1074183
34045.0,469,genus,0.0895701,Acinetobacter,ERR1074183
34045.0,1573535,genus,0.084594,Holdemanella,ERR1074183
34045.0,836,genus,0.084594,Porphyromonas,ERR1074183
34045.0,841,genus,0.0746417,Roseburia,ERR1074183
34045.0,404,genus,0.0597134,Methylobacillus,ERR1074183
34045.0,100175,genus,0.0597134,Papillibacter,ERR1074183
34045.0,1301,genus,0.0497611,Streptococcus,ERR1074183
34045.0,79206,genus,0.044785,Desulfosporosinus,ERR1074183
34045.0,84111,genus,0.044785,Eggerthella,ERR1074183
34045.0,36853,genus,0.044785,Desulfitobacterium,ERR1074183
34045.0,33042,genus,0.0398089,Coprococcus,ERR1074183
34045.0,52784,genus,0.0348328,Anaerofilum,ERR1074183
34045.0,508459,genus,0.0298567,Cloacibacillus,ERR1074183
34045.0,963,genus,0.0298567,Herbaspirillum,ERR1074183
34045.0,846,genus,0.0248806,Oxalobacter,ERR1074183
34045.0,29580,genus,0.0248806,Janthinobacterium,ERR1074183
34045.0,80865,genus,0.0248806,Delftia,ERR1074183
34045.0,1716,genus,0.0199045,Corynebacterium,ERR1074183
34045.0,1386,genus,0.0199045,Bacillus,ERR1074183
34045.0,270497,genus,0.0199045,Catabacter,ERR1074183
34045.0,1279,genus,0.0149283,Staphylococcus,ERR1074183
34045.0,1883,genus,0.0149283,Streptomyces,ERR1074183
34045.0,830,genus,0.0149283,Butyrivibrio,ERR1074183
34045.0,194,genus,0.0149283,Campylobacter,ERR1074183
34045.0,278993,genus,0.00995223,Thermincola,ERR1074183
34045.0,44261,genus,0.00995223,Oxobacter,ERR1074183
34045.0,100883,genus,0.00995223,Coprobacillus,ERR1074183
34045.0,397864,genus,0.00995223,Barnesiella,ERR1074183
34045.0,1017280,genus,0.00995223,Pseudoflavonifractor,ERR1074183
34045.0,1654,genus,0.00995223,Actinomyces,ERR1074183
34045.0,262406,genus,0.00995223,Thermobaculum,ERR1074183
34045.0,586,genus,0.00995223,Providencia,ERR1074183
34045.0,40544,genus,0.00497611,Sutterella,ERR1074183
34045.0,2316,genus,0.00497611,Methanosphaera,ERR1074183
34045.0,312278,genus,0.00497611,Emticicia,ERR1074183
34045.0,165779,genus,0.00497611,Anaerococcus,ERR1074183
34045.0,1637257,genus,0.00497611,Mageeibacillus,ERR1074183
34045.0,44000,genus,0.00497611,Caldicellulosiruptor,ERR1074183
34045.0,140458,genus,0.00497611,Thermacetogenium,ERR1074183
34045.0,1569,genus,0.00497611,Sporosarcina,ERR1074183
34045.0,1562,genus,0.00497611,Desulfotomaculum,ERR1074183
34045.0,1678,genus,0.00497611,Bifidobacterium,ERR1074183
34045.0,32207,genus,0.00497611,Rothia,ERR1074183
34045.0,28138,genus,0.00497611,Rikenella,ERR1074183
34045.0,233191,genus,0.00497611,Caldilinea,ERR1074183
34045.0,61170,genus,0.00497611,Holdemania,ERR1074183
34045.0,2697,genus,0.00497611,Heliobacterium,ERR1074183
34045.0,1164882,genus,0.00497611,Lachnoanaerobaculum,ERR1074183
34045.0,1378,genus,0.00497611,Gemella,ERR1074183
34045.0,187144,genus,0.00497611,Caldithrix,ERR1074183
34045.0,44260,genus,0.00497611,Moorella,ERR1074183
34045.0,150022,genus,0.00497611,Finegoldia,ERR1074183
34045.0,1578,genus,0.00497611,Lactobacillus,ERR1074183
34045.0,133925,genus,0.00497611,Olsenella,ERR1074183
34045.0,1505657,genus,0.00497611,Intestinibacter,ERR1074183
34045.0,157,genus,0.00497611,Treponema,ERR1074183
34045.0,1350,genus,0.00497611,Enterococcus,ERR1074183
34045.0,1663,genus,0.00497611,Arthrobacter,ERR1074183
34045.0,475,genus,0.00497611,Moraxella,ERR1074183
34045.0,670486,genus,0.00497611,Dehalogenimonas,ERR1074183
34045.0,2717,genus,0.00497611,Cardiobacterium,ERR1074183
34045.0,1200657,genus,0.00497611,Saccharofermentans,ERR1074183
,-1,genus,21.9994,Unknown,ERR1074183
34045.0,1508657,genus,32.5388,Ruminiclostridium,ERR1074183
34045.0,816,genus,9.3551,Bacteroides,ERR1074183
34045.0,39948,genus,6.49383,Dialister,ERR1074183
34045.0,244127,genus,4.41381,Anaerotruncus,ERR1074183
34045.0,459786,genus,4.39889,Oscillibacter,ERR1074183
34045.0,216851,genus,3.37878,Faecalibacterium,ERR1074183
34045.0,286,genus,1.82623,Pseudomonas,ERR1074183
34045.0,44748,genus,1.48786,Sporobacter,ERR1074183
34045.0,1506553,genus,1.40326,Lachnoclostridium,ERR1074183
34045.0,572511,genus,1.34355,Blautia,ERR1074183
34045.0,1263,genus,1.3336,Ruminococcus,ERR1074183
34045.0,1730,genus,1.19924,Eubacterium,ERR1074183
34045.0,990721,genus,1.13455,Christensenella,ERR1074183
34045.0,872,genus,0.84594,Desulfovibrio,ERR1074183
34045.0,283168,genus,0.666799,Odoribacter,ERR1074183
34045.0,2172,genus,0.612062,Methanobrevibacter,ERR1074183
34045.0,375288,genus,0.582205,Parabacteroides,ERR1074183
34045.0,2147,genus,0.532444,Acholeplasma,ERR1074183
34045.0,1485,genus,0.373209,Clostridium,ERR1074183
34045.0,2132,genus,0.298567,Spiroplasma,ERR1074183
34045.0,838,genus,0.298567,Prevotella,ERR1074183
34045.0,35832,genus,0.273686,Bilophila,ERR1074183
34045.0,577310,genus,0.26871,Parasutterella,ERR1074183
34045.0,1505663,genus,0.213973,Erysipelatoclostridium,ERR1074183
34045.0,207244,genus,0.199045,Anaerostipes,ERR1074183
34045.0,577309,genus,0.184116,Paraprevotella,ERR1074183
34045.0,44249,genus,0.149283,Paenibacillus,ERR1074183
34045.0,189330,genus,0.149283,Dorea,ERR1074183
34045.0,1357,genus,0.144307,Lactococcus,ERR1074183
34045.0,904,genus,0.114451,Acidaminococcus,ERR1074183
34045.0,117563,genus,0.109475,Granulicatella,ERR1074183
34045.0,239759,genus,0.104498,Alistipes,ERR1074183
34045.0,84108,genus,0.0995223,Slackia,ERR1074183
34045.0,469,genus,0.0895701,Acinetobacter,ERR1074183
34045.0,1573535,genus,0.084594,Holdemanella,ERR1074183
34045.0,836,genus,0.084594,Porphyromonas,ERR1074183
34045.0,841,genus,0.0746417,Roseburia,ERR1074183
34045.0,404,genus,0.0597134,Methylobacillus,ERR1074183
34045.0,100175,genus,0.0597134,Papillibacter,ERR1074183
34045.0,1301,genus,0.0497611,Streptococcus,ERR1074183
34045.0,36853,genus,0.044785,Desulfitobacterium,ERR1074183
34045.0,79206,genus,0.044785,Desulfosporosinus,ERR1074183
34045.0,84111,genus,0.044785,Eggerthella,ERR1074183
34045.0,33042,genus,0.0398089,Coprococcus,ERR1074183
34045.0,52784,genus,0.0348328,Anaerofilum,ERR1074183
34045.0,508459,genus,0.0298567,Cloacibacillus,ERR1074183
34045.0,963,genus,0.0298567,Herbaspirillum,ERR1074183
34045.0,846,genus,0.0248806,Oxalobacter,ERR1074183
34045.0,29580,genus,0.0248806,Janthinobacterium,ERR1074183
34045.0,80865,genus,0.0248806,Delftia,ERR1074183
34045.0,270497,genus,0.0199045,Catabacter,ERR1074183
34045.0,1716,genus,0.0199045,Corynebacterium,ERR1074183
34045.0,1386,genus,0.0199045,Bacillus,ERR1074183
34045.0,194,genus,0.0149283,Campylobacter,ERR1074183
34045.0,1279,genus,0.0149283,Staphylococcus,ERR1074183
34045.0,1883,genus,0.0149283,Streptomyces,ERR1074183
34045.0,830,genus,0.0149283,Butyrivibrio,ERR1074183
34045.0,586,genus,0.00995223,Providencia,ERR1074183
34045.0,278993,genus,0.00995223,Thermincola,ERR1074183
34045.0,44261,genus,0.00995223,Oxobacter,ERR1074183
34045.0,100883,genus,0.00995223,Coprobacillus,ERR1074183
34045.0,397864,genus,0.00995223,Barnesiella,ERR1074183
34045.0,1017280,genus,0.00995223,Pseudoflavonifractor,ERR1074183
34045.0,1654,genus,0.00995223,Actinomyces,ERR1074183
34045.0,262406,genus,0.00995223,Thermobaculum,ERR1074183
34045.0,1663,genus,0.00497611,Arthrobacter,ERR1074183
34045.0,475,genus,0.00497611,Moraxella,ERR1074183
34045.0,670486,genus,0.00497611,Dehalogenimonas,ERR1074183
34045.0,2717,genus,0.00497611,Cardiobacterium,ERR1074183
34045.0,1200657,genus,0.00497611,Saccharofermentans,ERR1074183
34045.0,40544,genus,0.00497611,Sutterella,ERR1074183
34045.0,2316,genus,0.00497611,Methanosphaera,ERR1074183
34045.0,312278,genus,0.00497611,Emticicia,ERR1074183
34045.0,165779,genus,0.00497611,Anaerococcus,ERR1074183
34045.0,1637257,genus,0.00497611,Mageeibacillus,ERR1074183
34045.0,44000,genus,0.00497611,Caldicellulosiruptor,ERR1074183
34045.0,140458,genus,0.00497611,Thermacetogenium,ERR1074183
34045.0,1569,genus,0.00497611,Sporosarcina,ERR1074183
34045.0,1562,genus,0.00497611,Desulfotomaculum,ERR1074183
34045.0,1678,genus,0.00497611,Bifidobacterium,ERR1074183
34045.0,32207,genus,0.00497611,Rothia,ERR1074183
34045.0,28138,genus,0.00497611,Rikenella,ERR1074183
34045.0,233191,genus,0.00497611,Caldilinea,ERR1074183
34045.0,61170,genus,0.00497611,Holdemania,ERR1074183
34045.0,2697,genus,0.00497611,Heliobacterium,ERR1074183
34045.0,1164882,genus,0.00497611,Lachnoanaerobaculum,ERR1074183
34045.0,1378,genus,0.00497611,Gemella,ERR1074183
34045.0,187144,genus,0.00497611,Caldithrix,ERR1074183
34045.0,44260,genus,0.00497611,Moorella,ERR1074183
34045.0,150022,genus,0.00497611,Finegoldia,ERR1074183
34045.0,1578,genus,0.00497611,Lactobacillus,ERR1074183
34045.0,133925,genus,0.00497611,Olsenella,ERR1074183
34045.0,1505657,genus,0.00497611,Intestinibacter,ERR1074183
34045.0,157,genus,0.00497611,Treponema,ERR1074183
34045.0,1350,genus,0.00497611,Enterococcus,ERR1074183
,-1,genus,21.9994,Unknown,ERR1074183
47266.0,816,genus,36.8165,Bacteroides,ERR1074280
47266.0,216851,genus,8.34528,Faecalibacterium,ERR1074280
47266.0,239759,genus,2.73909,Alistipes,ERR1074280
47266.0,375288,genus,1.91993,Parabacteroides,ERR1074280
47266.0,572511,genus,1.15708,Blautia,ERR1074280
47266.0,1730,genus,1.0342,Eubacterium,ERR1074280
47266.0,459786,genus,0.916445,Oscillibacter,ERR1074280
47266.0,397864,genus,0.814049,Barnesiella,ERR1074280
47266.0,1508657,genus,0.675814,Ruminiclostridium,ERR1074280
47266.0,283168,genus,0.547819,Odoribacter,ERR1074280
47266.0,1506553,genus,0.542699,Lachnoclostridium,ERR1074280
47266.0,904,genus,0.368626,Acidaminococcus,ERR1074280
47266.0,841,genus,0.322548,Roseburia,ERR1074280
47266.0,1716,genus,0.25599,Corynebacterium,ERR1074280
47266.0,1505663,genus,0.225271,Erysipelatoclostridium,ERR1074280
47266.0,1263,genus,0.189433,Ruminococcus,ERR1074280
47266.0,33042,genus,0.133115,Coprococcus,ERR1074280
47266.0,244127,genus,0.127995,Anaerotruncus,ERR1074280
47266.0,836,genus,0.112636,Porphyromonas,ERR1074280
47266.0,1485,genus,0.102396,Clostridium,ERR1074280
47266.0,35832,genus,0.0972763,Bilophila,ERR1074280
47266.0,189330,genus,0.0767971,Dorea,ERR1074280
47266.0,838,genus,0.0716772,Prevotella,ERR1074280
47266.0,1301,genus,0.0716772,Streptococcus,ERR1074280
47266.0,577310,genus,0.0665574,Parasutterella,ERR1074280
47266.0,40544,genus,0.0665574,Sutterella,ERR1074280
47266.0,239934,genus,0.0614376,Akkermansia,ERR1074280
47266.0,44748,genus,0.0563178,Sporobacter,ERR1074280
47266.0,162289,genus,0.0563178,Peptoniphilus,ERR1074280
47266.0,561,genus,0.0460782,Escherichia,ERR1074280
47266.0,207244,genus,0.0460782,Anaerostipes,ERR1074280
47266.0,590,genus,0.0409584,Salmonella,ERR1074280
47266.0,1678,genus,0.0409584,Bifidobacterium,ERR1074280
47266.0,41273,genus,0.0358386,Tissierella,ERR1074280
47266.0,39948,genus,0.0307188,Dialister,ERR1074280
47266.0,990721,genus,0.0307188,Christensenella,ERR1074280
47266.0,37914,genus,0.025599,Dietzia,ERR1074280
47266.0,872,genus,0.025599,Desulfovibrio,ERR1074280
47266.0,1505657,genus,0.0204792,Intestinibacter,ERR1074280
47266.0,1350,genus,0.0204792,Enterococcus,ERR1074280
47266.0,84111,genus,0.0204792,Eggerthella,ERR1074280
47266.0,194,genus,0.0204792,Campylobacter,ERR1074280
47266.0,286,genus,0.0204792,Pseudomonas,ERR1074280
47266.0,29465,genus,0.0153594,Veillonella,ERR1074280
47266.0,1386,genus,0.0153594,Bacillus,ERR1074280
47266.0,165779,genus,0.0153594,Anaerococcus,ERR1074280
47266.0,544,genus,0.0153594,Citrobacter,ERR1074280
47266.0,52784,genus,0.0153594,Anaerofilum,ERR1074280
47266.0,1017280,genus,0.0153594,Pseudoflavonifractor,ERR1074280
47266.0,1654,genus,0.0102396,Actinomyces,ERR1074280
47266.0,150022,genus,0.0102396,Finegoldia,ERR1074280
47266.0,413496,genus,0.0102396,Cronobacter,ERR1074280
47266.0,46255,genus,0.0102396,Weissella,ERR1074280
47266.0,1573534,genus,0.0102396,Faecalitalea,ERR1074280
47266.0,58050,genus,0.0051198,Moritella,ERR1074280
47266.0,581,genus,0.0051198,Morganella,ERR1074280
47266.0,44260,genus,0.0051198,Moorella,ERR1074280
47266.0,1471399,genus,0.0051198,Draconibacterium,ERR1074280
47266.0,1578,genus,0.0051198,Lactobacillus,ERR1074280
47266.0,32067,genus,0.0051198,Leptotrichia,ERR1074280
47266.0,482,genus,0.0051198,Neisseria,ERR1074280
47266.0,118747,genus,0.0051198,Bulleidia,ERR1074280
47266.0,898,genus,0.0051198,Desulfomicrobium,ERR1074280
47266.0,53335,genus,0.0051198,Pantoea,ERR1074280
47266.0,1200657,genus,0.0051198,Saccharofermentans,ERR1074280
47266.0,830,genus,0.0051198,Butyrivibrio,ERR1074280
47266.0,31983,genus,0.0051198,Helcococcus,ERR1074280
47266.0,795750,genus,0.0051198,Ignavibacterium,ERR1074280
47266.0,670486,genus,0.0051198,Dehalogenimonas,ERR1074280
47266.0,642,genus,0.0051198,Aeromonas,ERR1074280
47266.0,346096,genus,0.0051198,Paludibacter,ERR1074280
47266.0,586,genus,0.0051198,Providencia,ERR1074280
47266.0,583,genus,0.0051198,Proteus,ERR1074280
47266.0,283,genus,0.0051198,Comamonas,ERR1074280
47266.0,1143004,genus,0.0051198,Methyloferula,ERR1074280
47266.0,724,genus,0.0051198,Haemophilus,ERR1074280
47266.0,846,genus,0.0051198,Oxalobacter,ERR1074280
47266.0,41275,genus,0.0051198,Brevundimonas,ERR1074280
47266.0,469,genus,0.0051198,Acinetobacter,ERR1074280
47266.0,314318,genus,0.0051198,Prolixibacter,ERR1074280
47266.0,475,genus,0.0051198,Moraxella,ERR1074280
47266.0,187144,genus,0.0051198,Caldithrix,ERR1074280
47266.0,1279,genus,0.0051198,Staphylococcus,ERR1074280
47266.0,2742,genus,0.0051198,Marinobacter,ERR1074280
47266.0,180541,genus,0.0051198,Salinisphaera,ERR1074280
47266.0,2299,genus,0.0051198,Desulfosarcina,ERR1074280
47266.0,61170,genus,0.0051198,Holdemania,ERR1074280
47266.0,233191,genus,0.0051198,Caldilinea,ERR1074280
,-1,genus,41.0813,Unknown,ERR1074280
46903.0,239934,genus,12.2118,Akkermansia,ERR1074323
46903.0,816,genus,6.82876,Bacteroides,ERR1074323
46903.0,239759,genus,1.71951,Alistipes,ERR1074323
46903.0,459786,genus,1.10071,Oscillibacter,ERR1074323
46903.0,838,genus,0.898089,Prevotella,ERR1074323
46903.0,375288,genus,0.848803,Parabacteroides,ERR1074323
46903.0,904,genus,0.657138,Acidaminococcus,ERR1074323
46903.0,44748,genus,0.487377,Sporobacter,ERR1074323
46903.0,872,genus,0.372378,Desulfovibrio,ERR1074323
46903.0,216851,genus,0.323093,Faecalibacterium,ERR1074323
46903.0,1508657,genus,0.273808,Ruminiclostridium,ERR1074323
46903.0,286,genus,0.240951,Pseudomonas,ERR1074323
46903.0,1505657,genus,0.219046,Intestinibacter,ERR1074323
46903.0,577310,genus,0.202618,Parasutterella,ERR1074323
46903.0,1301,genus,0.191665,Streptococcus,ERR1074323
46903.0,1730,genus,0.186189,Eubacterium,ERR1074323
46903.0,572511,genus,0.158808,Blautia,ERR1074323
46903.0,1505663,genus,0.120475,Erysipelatoclostridium,ERR1074323
46903.0,1263,genus,0.114999,Ruminococcus,ERR1074323
46903.0,33042,genus,0.114999,Coprococcus,ERR1074323
46903.0,244127,genus,0.109523,Anaerotruncus,ERR1074323
46903.0,561,genus,0.0930946,Escherichia,ERR1074323
46903.0,990721,genus,0.0876184,Christensenella,ERR1074323
46903.0,1485,genus,0.0821423,Clostridium,ERR1074323
46903.0,1654,genus,0.0766661,Actinomyces,ERR1074323
46903.0,84111,genus,0.07119,Eggerthella,ERR1074323
46903.0,29465,genus,0.0602377,Veillonella,ERR1074323
46903.0,2740,genus,0.0547615,Peptococcus,ERR1074323
46903.0,577309,genus,0.0547615,Paraprevotella,ERR1074323
46903.0,2172,genus,0.0492854,Methanobrevibacter,ERR1074323
46903.0,836,genus,0.0492854,Porphyromonas,ERR1074323
46903.0,100883,genus,0.0492854,Coprobacillus,ERR1074323
46903.0,283168,genus,0.0438092,Odoribacter,ERR1074323
46903.0,830,genus,0.0438092,Butyrivibrio,ERR1074323
46903.0,28138,genus,0.0328569,Rikenella,ERR1074323
46903.0,207244,genus,0.0273808,Anaerostipes,ERR1074323
46903.0,189330,genus,0.0273808,Dorea,ERR1074323
46903.0,724,genus,0.0273808,Haemophilus,ERR1074323
46903.0,35832,genus,0.0273808,Bilophila,ERR1074323
46903.0,1386,genus,0.0219046,Bacillus,ERR1074323
46903.0,469,genus,0.0219046,Acinetobacter,ERR1074323
46903.0,590,genus,0.0219046,Salmonella,ERR1074323
46903.0,1506553,genus,0.0219046,Lachnoclostridium,ERR1074323
46903.0,620,genus,0.0219046,Shigella,ERR1074323
46903.0,1573536,genus,0.0164285,Faecalicoccus,ERR1074323
46903.0,1505652,genus,0.0164285,Terrisporobacter,ERR1074323
46903.0,544,genus,0.0164285,Citrobacter,ERR1074323
46903.0,397864,genus,0.0164285,Barnesiella,ERR1074323
46903.0,1883,genus,0.0164285,Streptomyces,ERR1074323
46903.0,44249,genus,0.0109523,Paenibacillus,ERR1074323
46903.0,40323,genus,0.0109523,Stenotrophomonas,ERR1074323
46903.0,848,genus,0.0109523,Fusobacterium,ERR1074323
46903.0,172900,genus,0.0109523,Victivallis,ERR1074323
46903.0,61170,genus,0.0109523,Holdemania,ERR1074323
46903.0,146813,genus,0.0109523,Dendrosporobacter,ERR1074323
46903.0,482,genus,0.0109523,Neisseria,ERR1074323
46903.0,413496,genus,0.0109523,Cronobacter,ERR1074323
46903.0,2735,genus,0.00547615,Verrucomicrobium,ERR1074323
46903.0,150022,genus,0.00547615,Finegoldia,ERR1074323
46903.0,437504,genus,0.00547615,Granulosicoccus,ERR1074323
46903.0,2742,genus,0.00547615,Marinobacter,ERR1074323
46903.0,1839,genus,0.00547615,Nocardioides,ERR1074323
46903.0,52784,genus,0.00547615,Anaerofilum,ERR1074323
46903.0,1792239,genus,0.00547615,Caviibacter,ERR1074323
46903.0,1291539,genus,0.00547615,Candidatus Methanomethylophilus,ERR1074323
46903.0,841,genus,0.00547615,Roseburia,ERR1074323
46903.0,53335,genus,0.00547615,Pantoea,ERR1074323
46903.0,226,genus,0.00547615,Alteromonas,ERR1074323
46903.0,508459,genus,0.00547615,Cloacibacillus,ERR1074323
46903.0,84565,genus,0.00547615,Sodalis,ERR1074323
46903.0,59753,genus,0.00547615,Alcanivorax,ERR1074323
46903.0,67572,genus,0.00547615,Psychromonas,ERR1074323
46903.0,2299,genus,0.00547615,Desulfosarcina,ERR1074323
46903.0,698776,genus,0.00547615,Cellulosilyticum,ERR1074323
46903.0,1017280,genus,0.00547615,Pseudoflavonifractor,ERR1074323
46903.0,1279,genus,0.00547615,Staphylococcus,ERR1074323
46903.0,233189,genus,0.00547615,Anaerolinea,ERR1074323
46903.0,1578,genus,0.00547615,Lactobacillus,ERR1074323
46903.0,1054211,genus,0.00547615,Sulfuritalea,ERR1074323
46903.0,34037,genus,0.00547615,Rahnella,ERR1074323
46903.0,518753,genus,0.00547615,Luteolibacter,ERR1074323
46903.0,1082702,genus,0.00547615,Lonsdalea,ERR1074323
46903.0,184869,genus,0.00547615,Varibaculum,ERR1074323
46903.0,2050,genus,0.00547615,Mobiluncus,ERR1074323
46903.0,36853,genus,0.00547615,Desulfitobacterium,ERR1074323
46903.0,135575,genus,0.00547615,Idiomarina,ERR1074323
46903.0,1505664,genus,0.00547615,Gottschalkia,ERR1074323
46903.0,2132,genus,0.00547615,Spiroplasma,ERR1074323
46903.0,642,genus,0.00547615,Aeromonas,ERR1074323
46903.0,864,genus,0.00547615,Pectinatus,ERR1074323
,-1,genus,71.1407,Unknown,ERR1074323
46579.0,816,genus,5.03211,Bacteroides,ERR1074474
46579.0,904,genus,1.9456,Acidaminococcus,ERR1074474
46579.0,572511,genus,1.69248,Blautia,ERR1074474
46579.0,1678,genus,1.64337,Bifidobacterium,ERR1074474
46579.0,1505657,genus,0.457121,Intestinibacter,ERR1074474
46579.0,1506553,genus,0.404231,Lachnoclostridium,ERR1074474
46579.0,577310,genus,0.204005,Parasutterella,ERR1074474
46579.0,590,genus,0.170004,Salmonella,ERR1074474
46579.0,1301,genus,0.151114,Streptococcus,ERR1074474
46579.0,1508657,genus,0.0793351,Ruminiclostridium,ERR1074474
46579.0,906,genus,0.0604458,Megasphaera,ERR1074474
46579.0,1730,genus,0.0528901,Eubacterium,ERR1074474
46579.0,1505663,genus,0.0491122,Erysipelatoclostridium,ERR1074474
46579.0,39948,genus,0.0377786,Dialister,ERR1074474
46579.0,570,genus,0.0302229,Klebsiella,ERR1074474
46579.0,286,genus,0.0302229,Pseudomonas,ERR1074474
46579.0,872,genus,0.0226672,Desulfovibrio,ERR1074474
46579.0,561,genus,0.0226672,Escherichia,ERR1074474
46579.0,1578,genus,0.0188893,Lactobacillus,ERR1074474
46579.0,32207,genus,0.0113336,Rothia,ERR1074474
46579.0,2747,genus,0.00755572,Carnobacterium,ERR1074474
46579.0,239759,genus,0.00755572,Alistipes,ERR1074474
46579.0,1350,genus,0.00755572,Enterococcus,ERR1074474
46579.0,1386,genus,0.00755572,Bacillus,ERR1074474
46579.0,1485,genus,0.00755572,Clostridium,ERR1074474
46579.0,207244,genus,0.00755572,Anaerostipes,ERR1074474
46579.0,482,genus,0.00755572,Neisseria,ERR1074474
46579.0,226,genus,0.00755572,Alteromonas,ERR1074474
46579.0,1279,genus,0.00755572,Staphylococcus,ERR1074474
46579.0,838,genus,0.00755572,Prevotella,ERR1074474
46579.0,1524214,genus,0.00377786,Vulgatibacter,ERR1074474
46579.0,1164863,genus,0.00377786,Enteractinococcus,ERR1074474
46579.0,59753,genus,0.00377786,Alcanivorax,ERR1074474
46579.0,33042,genus,0.00377786,Coprococcus,ERR1074474
46579.0,146813,genus,0.00377786,Dendrosporobacter,ERR1074474
46579.0,34037,genus,0.00377786,Rahnella,ERR1074474
46579.0,244127,genus,0.00377786,Anaerotruncus,ERR1074474
46579.0,59732,genus,0.00377786,Chryseobacterium,ERR1074474
46579.0,620,genus,0.00377786,Shigella,ERR1074474
46579.0,469,genus,0.00377786,Acinetobacter,ERR1074474
46579.0,216851,genus,0.00377786,Faecalibacterium,ERR1074474
46579.0,119977,genus,0.00377786,Acidithiobacillus,ERR1074474
46579.0,642,genus,0.00377786,Aeromonas,ERR1074474
46579.0,724,genus,0.00377786,Haemophilus,ERR1074474
46579.0,28231,genus,0.00377786,Geobacter,ERR1074474
46579.0,1357,genus,0.00377786,Lactococcus,ERR1074474
46579.0,294702,genus,0.00377786,Proteiniphilum,ERR1074474
46579.0,626,genus,0.00377786,Xenorhabdus,ERR1074474
46579.0,2742,genus,0.00377786,Marinobacter,ERR1074474
46579.0,898,genus,0.00377786,Desulfomicrobium,ERR1074474
46579.0,475,genus,0.00377786,Moraxella,ERR1074474
46579.0,2745,genus,0.00377786,Halomonas,ERR1074474
46579.0,459786,genus,0.00377786,Oscillibacter,ERR1074474
46579.0,1716,genus,0.00377786,Corynebacterium,ERR1074474
46579.0,42255,genus,0.00377786,Rubrobacter,ERR1074474
46579.0,150022,genus,0.00377786,Finegoldia,ERR1074474
,-1,genus,87.7068,Unknown,ERR1074474
46579.0,816,genus,5.03211,Bacteroides,ERR1074474
46579.0,904,genus,1.9456,Acidaminococcus,ERR1074474
46579.0,572511,genus,1.69248,Blautia,ERR1074474
46579.0,1678,genus,1.64337,Bifidobacterium,ERR1074474
46579.0,1505657,genus,0.457121,Intestinibacter,ERR1074474
46579.0,1506553,genus,0.404231,Lachnoclostridium,ERR1074474
46579.0,577310,genus,0.204005,Parasutterella,ERR1074474
46579.0,590,genus,0.170004,Salmonella,ERR1074474
46579.0,1301,genus,0.151114,Streptococcus,ERR1074474
46579.0,1508657,genus,0.0793351,Ruminiclostridium,ERR1074474
46579.0,906,genus,0.0604458,Megasphaera,ERR1074474
46579.0,1730,genus,0.0528901,Eubacterium,ERR1074474
46579.0,1505663,genus,0.0491122,Erysipelatoclostridium,ERR1074474
46579.0,39948,genus,0.0377786,Dialister,ERR1074474
46579.0,570,genus,0.0302229,Klebsiella,ERR1074474
46579.0,286,genus,0.0302229,Pseudomonas,ERR1074474
46579.0,872,genus,0.0226672,Desulfovibrio,ERR1074474
46579.0,561,genus,0.0226672,Escherichia,ERR1074474
46579.0,1578,genus,0.0188893,Lactobacillus,ERR1074474
46579.0,32207,genus,0.0113336,Rothia,ERR1074474
46579.0,226,genus,0.00755572,Alteromonas,ERR1074474
46579.0,1279,genus,0.00755572,Staphylococcus,ERR1074474
46579.0,838,genus,0.00755572,Prevotella,ERR1074474
46579.0,239759,genus,0.00755572,Alistipes,ERR1074474
46579.0,2747,genus,0.00755572,Carnobacterium,ERR1074474
46579.0,1350,genus,0.00755572,Enterococcus,ERR1074474
46579.0,1386,genus,0.00755572,Bacillus,ERR1074474
46579.0,1485,genus,0.00755572,Clostridium,ERR1074474
46579.0,207244,genus,0.00755572,Anaerostipes,ERR1074474
46579.0,482,genus,0.00755572,Neisseria,ERR1074474
46579.0,475,genus,0.00377786,Moraxella,ERR1074474
46579.0,898,genus,0.00377786,Desulfomicrobium,ERR1074474
46579.0,2745,genus,0.00377786,Halomonas,ERR1074474
46579.0,459786,genus,0.00377786,Oscillibacter,ERR1074474
46579.0,1716,genus,0.00377786,Corynebacterium,ERR1074474
46579.0,42255,genus,0.00377786,Rubrobacter,ERR1074474
46579.0,150022,genus,0.00377786,Finegoldia,ERR1074474
46579.0,1524214,genus,0.00377786,Vulgatibacter,ERR1074474
46579.0,1164863,genus,0.00377786,Enteractinococcus,ERR1074474
46579.0,33042,genus,0.00377786,Coprococcus,ERR1074474
46579.0,146813,genus,0.00377786,Dendrosporobacter,ERR1074474
46579.0,59753,genus,0.00377786,Alcanivorax,ERR1074474
46579.0,34037,genus,0.00377786,Rahnella,ERR1074474
46579.0,59732,genus,0.00377786,Chryseobacterium,ERR1074474
46579.0,620,genus,0.00377786,Shigella,ERR1074474
46579.0,244127,genus,0.00377786,Anaerotruncus,ERR1074474
46579.0,469,genus,0.00377786,Acinetobacter,ERR1074474
46579.0,119977,genus,0.00377786,Acidithiobacillus,ERR1074474
46579.0,642,genus,0.00377786,Aeromonas,ERR1074474
46579.0,724,genus,0.00377786,Haemophilus,ERR1074474
46579.0,216851,genus,0.00377786,Faecalibacterium,ERR1074474
46579.0,28231,genus,0.00377786,Geobacter,ERR1074474
46579.0,1357,genus,0.00377786,Lactococcus,ERR1074474
46579.0,294702,genus,0.00377786,Proteiniphilum,ERR1074474
46579.0,626,genus,0.00377786,Xenorhabdus,ERR1074474
46579.0,2742,genus,0.00377786,Marinobacter,ERR1074474
,-1,genus,87.7068,Unknown,ERR1074474
38429.0,816,genus,26.4342,Bacteroides,ERR1074475
38429.0,397864,genus,15.7719,Barnesiella,ERR1074475
38429.0,239934,genus,8.00967,Akkermansia,ERR1074475
38429.0,44748,genus,4.89096,Sporobacter,ERR1074475
38429.0,375288,genus,3.57328,Parabacteroides,ERR1074475
38429.0,286,genus,3.56752,Pseudomonas,ERR1074475
38429.0,1508657,genus,3.13597,Ruminiclostridium,ERR1074475
38429.0,216851,genus,2.82525,Faecalibacterium,ERR1074475
38429.0,13334,genus,1.28891,Anaerobiospirillum,ERR1074475
38429.0,459786,genus,1.19685,Oscillibacter,ERR1074475
38429.0,990721,genus,1.13355,Christensenella,ERR1074475
38429.0,244127,genus,0.949422,Anaerotruncus,ERR1074475
38429.0,572511,genus,0.811324,Blautia,ERR1074475
38429.0,872,genus,0.811324,Desulfovibrio,ERR1074475
38429.0,39948,genus,0.788308,Dialister,ERR1074475
38429.0,239759,genus,0.742275,Alistipes,ERR1074475
38429.0,2147,genus,0.673226,Acholeplasma,ERR1074475
38429.0,283168,genus,0.374015,Odoribacter,ERR1074475
38429.0,1730,genus,0.362506,Eubacterium,ERR1074475
38429.0,2132,genus,0.350998,Spiroplasma,ERR1074475
38429.0,838,genus,0.316474,Prevotella,ERR1074475
38429.0,1573535,genus,0.316474,Holdemanella,ERR1074475
38429.0,841,genus,0.299212,Roseburia,ERR1074475
38429.0,2740,genus,0.281949,Peptococcus,ERR1074475
38429.0,1506553,genus,0.281949,Lachnoclostridium,ERR1074475
38429.0,1485,genus,0.270441,Clostridium,ERR1074475
38429.0,33042,genus,0.241671,Coprococcus,ERR1074475
38429.0,469,genus,0.230163,Acinetobacter,ERR1074475
38429.0,1505663,genus,0.207147,Erysipelatoclostridium,ERR1074475
38429.0,100883,genus,0.178376,Coprobacillus,ERR1074475
38429.0,189330,genus,0.178376,Dorea,ERR1074475
38429.0,963,genus,0.172622,Herbaspirillum,ERR1074475
38429.0,52784,genus,0.166868,Anaerofilum,ERR1074475
38429.0,2172,genus,0.132344,Methanobrevibacter,ERR1074475
38429.0,904,genus,0.132344,Acidaminococcus,ERR1074475
38429.0,35832,genus,0.115081,Bilophila,ERR1074475
38429.0,1263,genus,0.115081,Ruminococcus,ERR1074475
38429.0,577309,genus,0.080557,Paraprevotella,ERR1074475
38429.0,40544,genus,0.0748029,Sutterella,ERR1074475
38429.0,172900,genus,0.0517866,Victivallis,ERR1074475
38429.0,442430,genus,0.0517866,Coraliomargarita,ERR1074475
38429.0,36853,genus,0.0460326,Desulfitobacterium,ERR1074475
38429.0,2316,genus,0.0460326,Methanosphaera,ERR1074475
38429.0,61170,genus,0.0402785,Holdemania,ERR1074475
38429.0,44249,genus,0.0402785,Paenibacillus,ERR1074475
38429.0,80865,genus,0.0402785,Delftia,ERR1074475
38429.0,1716,genus,0.0345244,Corynebacterium,ERR1074475
38429.0,1200657,genus,0.0345244,Saccharofermentans,ERR1074475
38429.0,46205,genus,0.0345244,Pseudobutyrivibrio,ERR1074475
38429.0,1386,genus,0.0287704,Bacillus,ERR1074475
38429.0,100175,genus,0.0287704,Papillibacter,ERR1074475
38429.0,374,genus,0.0287704,Bradyrhizobium,ERR1074475
38429.0,184869,genus,0.0287704,Varibaculum,ERR1074475
38429.0,1301,genus,0.0230163,Streptococcus,ERR1074475
38429.0,270497,genus,0.0230163,Catabacter,ERR1074475
38429.0,1471399,genus,0.0230163,Draconibacterium,ERR1074475
38429.0,84111,genus,0.0230163,Eggerthella,ERR1074475
38429.0,1678,genus,0.0172622,Bifidobacterium,ERR1074475
38429.0,1279,genus,0.0172622,Staphylococcus,ERR1074475
38429.0,264995,genus,0.0115081,Anaerofustis,ERR1074475
38429.0,561,genus,0.0115081,Escherichia,ERR1074475
38429.0,55080,genus,0.0115081,Brevibacillus,ERR1074475
38429.0,28453,genus,0.0115081,Sphingobacterium,ERR1074475
38429.0,162289,genus,0.0115081,Peptoniphilus,ERR1074475
38429.0,346096,genus,0.0115081,Paludibacter,ERR1074475
38429.0,2056,genus,0.00575407,Sphaerobacter,ERR1074475
38429.0,79206,genus,0.00575407,Desulfosporosinus,ERR1074475
38429.0,1506577,genus,0.00575407,Tyzzerella,ERR1074475
38429.0,724,genus,0.00575407,Haemophilus,ERR1074475
38429.0,1883,genus,0.00575407,Streptomyces,ERR1074475
38429.0,1578,genus,0.00575407,Lactobacillus,ERR1074475
38429.0,1866885,genus,0.00575407,Mycobacterium fortuitum complex,ERR1074475
38429.0,644652,genus,0.00575407,Gordonibacter,ERR1074475
38429.0,2735,genus,0.00575407,Verrucomicrobium,ERR1074475
38429.0,22,genus,0.00575407,Shewanella,ERR1074475
38429.0,413496,genus,0.00575407,Cronobacter,ERR1074475
38429.0,407217,genus,0.00575407,Aquitalea,ERR1074475
38429.0,795750,genus,0.00575407,Ignavibacterium,ERR1074475
38429.0,269258,genus,0.00575407,Nitratiruptor,ERR1074475
38429.0,156973,genus,0.00575407,Dysgonomonas,ERR1074475
38429.0,482,genus,0.00575407,Neisseria,ERR1074475
38429.0,1637257,genus,0.00575407,Mageeibacillus,ERR1074475
38429.0,475,genus,0.00575407,Moraxella,ERR1074475
38429.0,846,genus,0.00575407,Oxalobacter,ERR1074475
38429.0,2050,genus,0.00575407,Mobiluncus,ERR1074475
,-1,genus,17.4291,Unknown,ERR1074475
38429.0,816,genus,26.4342,Bacteroides,ERR1074475
38429.0,397864,genus,15.7719,Barnesiella,ERR1074475
38429.0,239934,genus,8.00967,Akkermansia,ERR1074475
38429.0,44748,genus,4.89096,Sporobacter,ERR1074475
38429.0,375288,genus,3.57328,Parabacteroides,ERR1074475
38429.0,286,genus,3.56752,Pseudomonas,ERR1074475
38429.0,1508657,genus,3.13597,Ruminiclostridium,ERR1074475
38429.0,216851,genus,2.82525,Faecalibacterium,ERR1074475
38429.0,13334,genus,1.28891,Anaerobiospirillum,ERR1074475
38429.0,459786,genus,1.19685,Oscillibacter,ERR1074475
38429.0,990721,genus,1.13355,Christensenella,ERR1074475
38429.0,244127,genus,0.949422,Anaerotruncus,ERR1074475
38429.0,572511,genus,0.811324,Blautia,ERR1074475
38429.0,872,genus,0.811324,Desulfovibrio,ERR1074475
38429.0,39948,genus,0.788308,Dialister,ERR1074475
38429.0,239759,genus,0.742275,Alistipes,ERR1074475
38429.0,2147,genus,0.673226,Acholeplasma,ERR1074475
38429.0,283168,genus,0.374015,Odoribacter,ERR1074475
38429.0,1730,genus,0.362506,Eubacterium,ERR1074475
38429.0,2132,genus,0.350998,Spiroplasma,ERR1074475
38429.0,1573535,genus,0.316474,Holdemanella,ERR1074475
38429.0,838,genus,0.316474,Prevotella,ERR1074475
38429.0,841,genus,0.299212,Roseburia,ERR1074475
38429.0,1506553,genus,0.281949,Lachnoclostridium,ERR1074475
38429.0,2740,genus,0.281949,Peptococcus,ERR1074475
38429.0,1485,genus,0.270441,Clostridium,ERR1074475
38429.0,33042,genus,0.241671,Coprococcus,ERR1074475
38429.0,469,genus,0.230163,Acinetobacter,ERR1074475
38429.0,1505663,genus,0.207147,Erysipelatoclostridium,ERR1074475
38429.0,100883,genus,0.178376,Coprobacillus,ERR1074475
38429.0,189330,genus,0.178376,Dorea,ERR1074475
38429.0,963,genus,0.172622,Herbaspirillum,ERR1074475
38429.0,52784,genus,0.166868,Anaerofilum,ERR1074475
38429.0,2172,genus,0.132344,Methanobrevibacter,ERR1074475
38429.0,904,genus,0.132344,Acidaminococcus,ERR1074475
38429.0,1263,genus,0.115081,Ruminococcus,ERR1074475
38429.0,35832,genus,0.115081,Bilophila,ERR1074475
38429.0,577309,genus,0.080557,Paraprevotella,ERR1074475
38429.0,40544,genus,0.0748029,Sutterella,ERR1074475
38429.0,172900,genus,0.0517866,Victivallis,ERR1074475
38429.0,442430,genus,0.0517866,Coraliomargarita,ERR1074475
38429.0,2316,genus,0.0460326,Methanosphaera,ERR1074475
38429.0,36853,genus,0.0460326,Desulfitobacterium,ERR1074475
38429.0,61170,genus,0.0402785,Holdemania,ERR1074475
38429.0,44249,genus,0.0402785,Paenibacillus,ERR1074475
38429.0,80865,genus,0.0402785,Delftia,ERR1074475
38429.0,46205,genus,0.0345244,Pseudobutyrivibrio,ERR1074475
38429.0,1716,genus,0.0345244,Corynebacterium,ERR1074475
38429.0,1200657,genus,0.0345244,Saccharofermentans,ERR1074475
38429.0,374,genus,0.0287704,Bradyrhizobium,ERR1074475
38429.0,184869,genus,0.0287704,Varibaculum,ERR1074475
38429.0,1386,genus,0.0287704,Bacillus,ERR1074475
38429.0,100175,genus,0.0287704,Papillibacter,ERR1074475
38429.0,1301,genus,0.0230163,Streptococcus,ERR1074475
38429.0,270497,genus,0.0230163,Catabacter,ERR1074475
38429.0,1471399,genus,0.0230163,Draconibacterium,ERR1074475
38429.0,84111,genus,0.0230163,Eggerthella,ERR1074475
38429.0,1279,genus,0.0172622,Staphylococcus,ERR1074475
38429.0,1678,genus,0.0172622,Bifidobacterium,ERR1074475
38429.0,346096,genus,0.0115081,Paludibacter,ERR1074475
38429.0,264995,genus,0.0115081,Anaerofustis,ERR1074475
38429.0,561,genus,0.0115081,Escherichia,ERR1074475
38429.0,55080,genus,0.0115081,Brevibacillus,ERR1074475
38429.0,28453,genus,0.0115081,Sphingobacterium,ERR1074475
38429.0,162289,genus,0.0115081,Peptoniphilus,ERR1074475
38429.0,475,genus,0.00575407,Moraxella,ERR1074475
38429.0,846,genus,0.00575407,Oxalobacter,ERR1074475
38429.0,2050,genus,0.00575407,Mobiluncus,ERR1074475
38429.0,2056,genus,0.00575407,Sphaerobacter,ERR1074475
38429.0,79206,genus,0.00575407,Desulfosporosinus,ERR1074475
38429.0,1506577,genus,0.00575407,Tyzzerella,ERR1074475
38429.0,724,genus,0.00575407,Haemophilus,ERR1074475
38429.0,1883,genus,0.00575407,Streptomyces,ERR1074475
38429.0,1578,genus,0.00575407,Lactobacillus,ERR1074475
38429.0,1866885,genus,0.00575407,Mycobacterium fortuitum complex,ERR1074475
38429.0,644652,genus,0.00575407,Gordonibacter,ERR1074475
38429.0,2735,genus,0.00575407,Verrucomicrobium,ERR1074475
38429.0,22,genus,0.00575407,Shewanella,ERR1074475
38429.0,413496,genus,0.00575407,Cronobacter,ERR1074475
38429.0,407217,genus,0.00575407,Aquitalea,ERR1074475
38429.0,795750,genus,0.00575407,Ignavibacterium,ERR1074475
38429.0,269258,genus,0.00575407,Nitratiruptor,ERR1074475
38429.0,156973,genus,0.00575407,Dysgonomonas,ERR1074475
38429.0,482,genus,0.00575407,Neisseria,ERR1074475
38429.0,1637257,genus,0.00575407,Mageeibacillus,ERR1074475
,-1,genus,17.4291,Unknown,ERR1074475
38429.0,816,genus,26.4342,Bacteroides,ERR1074475
38429.0,397864,genus,15.7719,Barnesiella,ERR1074475
38429.0,239934,genus,8.00967,Akkermansia,ERR1074475
38429.0,44748,genus,4.89096,Sporobacter,ERR1074475
38429.0,375288,genus,3.57328,Parabacteroides,ERR1074475
38429.0,286,genus,3.56752,Pseudomonas,ERR1074475
38429.0,1508657,genus,3.13597,Ruminiclostridium,ERR1074475
38429.0,216851,genus,2.82525,Faecalibacterium,ERR1074475
38429.0,13334,genus,1.28891,Anaerobiospirillum,ERR1074475
38429.0,459786,genus,1.19685,Oscillibacter,ERR1074475
38429.0,990721,genus,1.13355,Christensenella,ERR1074475
38429.0,244127,genus,0.949422,Anaerotruncus,ERR1074475
38429.0,572511,genus,0.811324,Blautia,ERR1074475
38429.0,872,genus,0.811324,Desulfovibrio,ERR1074475
38429.0,39948,genus,0.788308,Dialister,ERR1074475
38429.0,239759,genus,0.742275,Alistipes,ERR1074475
38429.0,2147,genus,0.673226,Acholeplasma,ERR1074475
38429.0,283168,genus,0.374015,Odoribacter,ERR1074475
38429.0,1730,genus,0.362506,Eubacterium,ERR1074475
38429.0,2132,genus,0.350998,Spiroplasma,ERR1074475
38429.0,1573535,genus,0.316474,Holdemanella,ERR1074475
38429.0,838,genus,0.316474,Prevotella,ERR1074475
38429.0,841,genus,0.299212,Roseburia,ERR1074475
38429.0,1506553,genus,0.281949,Lachnoclostridium,ERR1074475
38429.0,2740,genus,0.281949,Peptococcus,ERR1074475
38429.0,1485,genus,0.270441,Clostridium,ERR1074475
38429.0,33042,genus,0.241671,Coprococcus,ERR1074475
38429.0,469,genus,0.230163,Acinetobacter,ERR1074475
38429.0,1505663,genus,0.207147,Erysipelatoclostridium,ERR1074475
38429.0,189330,genus,0.178376,Dorea,ERR1074475
38429.0,100883,genus,0.178376,Coprobacillus,ERR1074475
38429.0,963,genus,0.172622,Herbaspirillum,ERR1074475
38429.0,52784,genus,0.166868,Anaerofilum,ERR1074475
38429.0,2172,genus,0.132344,Methanobrevibacter,ERR1074475
38429.0,904,genus,0.132344,Acidaminococcus,ERR1074475
38429.0,1263,genus,0.115081,Ruminococcus,ERR1074475
38429.0,35832,genus,0.115081,Bilophila,ERR1074475
38429.0,577309,genus,0.080557,Paraprevotella,ERR1074475
38429.0,40544,genus,0.0748029,Sutterella,ERR1074475
38429.0,172900,genus,0.0517866,Victivallis,ERR1074475
38429.0,442430,genus,0.0517866,Coraliomargarita,ERR1074475
38429.0,36853,genus,0.0460326,Desulfitobacterium,ERR1074475
38429.0,2316,genus,0.0460326,Methanosphaera,ERR1074475
38429.0,61170,genus,0.0402785,Holdemania,ERR1074475
38429.0,44249,genus,0.0402785,Paenibacillus,ERR1074475
38429.0,80865,genus,0.0402785,Delftia,ERR1074475
38429.0,1200657,genus,0.0345244,Saccharofermentans,ERR1074475
38429.0,46205,genus,0.0345244,Pseudobutyrivibrio,ERR1074475
38429.0,1716,genus,0.0345244,Corynebacterium,ERR1074475
38429.0,100175,genus,0.0287704,Papillibacter,ERR1074475
38429.0,374,genus,0.0287704,Bradyrhizobium,ERR1074475
38429.0,184869,genus,0.0287704,Varibaculum,ERR1074475
38429.0,1386,genus,0.0287704,Bacillus,ERR1074475
38429.0,1471399,genus,0.0230163,Draconibacterium,ERR1074475
38429.0,84111,genus,0.0230163,Eggerthella,ERR1074475
38429.0,1301,genus,0.0230163,Streptococcus,ERR1074475
38429.0,270497,genus,0.0230163,Catabacter,ERR1074475
38429.0,1279,genus,0.0172622,Staphylococcus,ERR1074475
38429.0,1678,genus,0.0172622,Bifidobacterium,ERR1074475
38429.0,346096,genus,0.0115081,Paludibacter,ERR1074475
38429.0,264995,genus,0.0115081,Anaerofustis,ERR1074475
38429.0,561,genus,0.0115081,Escherichia,ERR1074475
38429.0,55080,genus,0.0115081,Brevibacillus,ERR1074475
38429.0,28453,genus,0.0115081,Sphingobacterium,ERR1074475
38429.0,162289,genus,0.0115081,Peptoniphilus,ERR1074475
38429.0,795750,genus,0.00575407,Ignavibacterium,ERR1074475
38429.0,269258,genus,0.00575407,Nitratiruptor,ERR1074475
38429.0,156973,genus,0.00575407,Dysgonomonas,ERR1074475
38429.0,482,genus,0.00575407,Neisseria,ERR1074475
38429.0,1637257,genus,0.00575407,Mageeibacillus,ERR1074475
38429.0,475,genus,0.00575407,Moraxella,ERR1074475
38429.0,846,genus,0.00575407,Oxalobacter,ERR1074475
38429.0,2050,genus,0.00575407,Mobiluncus,ERR1074475
38429.0,2056,genus,0.00575407,Sphaerobacter,ERR1074475
38429.0,79206,genus,0.00575407,Desulfosporosinus,ERR1074475
38429.0,1506577,genus,0.00575407,Tyzzerella,ERR1074475
38429.0,724,genus,0.00575407,Haemophilus,ERR1074475
38429.0,1883,genus,0.00575407,Streptomyces,ERR1074475
38429.0,1578,genus,0.00575407,Lactobacillus,ERR1074475
38429.0,1866885,genus,0.00575407,Mycobacterium fortuitum complex,ERR1074475
38429.0,644652,genus,0.00575407,Gordonibacter,ERR1074475
38429.0,2735,genus,0.00575407,Verrucomicrobium,ERR1074475
38429.0,22,genus,0.00575407,Shewanella,ERR1074475
38429.0,413496,genus,0.00575407,Cronobacter,ERR1074475
38429.0,407217,genus,0.00575407,Aquitalea,ERR1074475
,-1,genus,17.4291,Unknown,ERR1074475
38429.0,816,genus,26.4342,Bacteroides,ERR1074475
38429.0,397864,genus,15.7719,Barnesiella,ERR1074475
38429.0,239934,genus,8.00967,Akkermansia,ERR1074475
38429.0,44748,genus,4.89096,Sporobacter,ERR1074475
38429.0,375288,genus,3.57328,Parabacteroides,ERR1074475
38429.0,286,genus,3.56752,Pseudomonas,ERR1074475
38429.0,1508657,genus,3.13597,Ruminiclostridium,ERR1074475
38429.0,216851,genus,2.82525,Faecalibacterium,ERR1074475
38429.0,13334,genus,1.28891,Anaerobiospirillum,ERR1074475
38429.0,459786,genus,1.19685,Oscillibacter,ERR1074475
38429.0,990721,genus,1.13355,Christensenella,ERR1074475
38429.0,244127,genus,0.949422,Anaerotruncus,ERR1074475
38429.0,572511,genus,0.811324,Blautia,ERR1074475
38429.0,872,genus,0.811324,Desulfovibrio,ERR1074475
38429.0,39948,genus,0.788308,Dialister,ERR1074475
38429.0,239759,genus,0.742275,Alistipes,ERR1074475
38429.0,2147,genus,0.673226,Acholeplasma,ERR1074475
38429.0,283168,genus,0.374015,Odoribacter,ERR1074475
38429.0,1730,genus,0.362506,Eubacterium,ERR1074475
38429.0,2132,genus,0.350998,Spiroplasma,ERR1074475
38429.0,838,genus,0.316474,Prevotella,ERR1074475
38429.0,1573535,genus,0.316474,Holdemanella,ERR1074475
38429.0,841,genus,0.299212,Roseburia,ERR1074475
38429.0,2740,genus,0.281949,Peptococcus,ERR1074475
38429.0,1506553,genus,0.281949,Lachnoclostridium,ERR1074475
38429.0,1485,genus,0.270441,Clostridium,ERR1074475
38429.0,33042,genus,0.241671,Coprococcus,ERR1074475
38429.0,469,genus,0.230163,Acinetobacter,ERR1074475
38429.0,1505663,genus,0.207147,Erysipelatoclostridium,ERR1074475
38429.0,100883,genus,0.178376,Coprobacillus,ERR1074475
38429.0,189330,genus,0.178376,Dorea,ERR1074475
38429.0,963,genus,0.172622,Herbaspirillum,ERR1074475
38429.0,52784,genus,0.166868,Anaerofilum,ERR1074475
38429.0,2172,genus,0.132344,Methanobrevibacter,ERR1074475
38429.0,904,genus,0.132344,Acidaminococcus,ERR1074475
38429.0,1263,genus,0.115081,Ruminococcus,ERR1074475
38429.0,35832,genus,0.115081,Bilophila,ERR1074475
38429.0,577309,genus,0.080557,Paraprevotella,ERR1074475
38429.0,40544,genus,0.0748029,Sutterella,ERR1074475
38429.0,172900,genus,0.0517866,Victivallis,ERR1074475
38429.0,442430,genus,0.0517866,Coraliomargarita,ERR1074475
38429.0,36853,genus,0.0460326,Desulfitobacterium,ERR1074475
38429.0,2316,genus,0.0460326,Methanosphaera,ERR1074475
38429.0,44249,genus,0.0402785,Paenibacillus,ERR1074475
38429.0,80865,genus,0.0402785,Delftia,ERR1074475
38429.0,61170,genus,0.0402785,Holdemania,ERR1074475
38429.0,1716,genus,0.0345244,Corynebacterium,ERR1074475
38429.0,1200657,genus,0.0345244,Saccharofermentans,ERR1074475
38429.0,46205,genus,0.0345244,Pseudobutyrivibrio,ERR1074475
38429.0,1386,genus,0.0287704,Bacillus,ERR1074475
38429.0,100175,genus,0.0287704,Papillibacter,ERR1074475
38429.0,374,genus,0.0287704,Bradyrhizobium,ERR1074475
38429.0,184869,genus,0.0287704,Varibaculum,ERR1074475
38429.0,1301,genus,0.0230163,Streptococcus,ERR1074475
38429.0,270497,genus,0.0230163,Catabacter,ERR1074475
38429.0,1471399,genus,0.0230163,Draconibacterium,ERR1074475
38429.0,84111,genus,0.0230163,Eggerthella,ERR1074475
38429.0,1678,genus,0.0172622,Bifidobacterium,ERR1074475
38429.0,1279,genus,0.0172622,Staphylococcus,ERR1074475
38429.0,55080,genus,0.0115081,Brevibacillus,ERR1074475
38429.0,561,genus,0.0115081,Escherichia,ERR1074475
38429.0,162289,genus,0.0115081,Peptoniphilus,ERR1074475
38429.0,28453,genus,0.0115081,Sphingobacterium,ERR1074475
38429.0,346096,genus,0.0115081,Paludibacter,ERR1074475
38429.0,264995,genus,0.0115081,Anaerofustis,ERR1074475
38429.0,1883,genus,0.00575407,Streptomyces,ERR1074475
38429.0,1578,genus,0.00575407,Lactobacillus,ERR1074475
38429.0,1866885,genus,0.00575407,Mycobacterium fortuitum complex,ERR1074475
38429.0,644652,genus,0.00575407,Gordonibacter,ERR1074475
38429.0,2735,genus,0.00575407,Verrucomicrobium,ERR1074475
38429.0,22,genus,0.00575407,Shewanella,ERR1074475
38429.0,413496,genus,0.00575407,Cronobacter,ERR1074475
38429.0,407217,genus,0.00575407,Aquitalea,ERR1074475
38429.0,795750,genus,0.00575407,Ignavibacterium,ERR1074475
38429.0,269258,genus,0.00575407,Nitratiruptor,ERR1074475
38429.0,156973,genus,0.00575407,Dysgonomonas,ERR1074475
38429.0,482,genus,0.00575407,Neisseria,ERR1074475
38429.0,1637257,genus,0.00575407,Mageeibacillus,ERR1074475
38429.0,475,genus,0.00575407,Moraxella,ERR1074475
38429.0,846,genus,0.00575407,Oxalobacter,ERR1074475
38429.0,2050,genus,0.00575407,Mobiluncus,ERR1074475
38429.0,2056,genus,0.00575407,Sphaerobacter,ERR1074475
38429.0,724,genus,0.00575407,Haemophilus,ERR1074475
38429.0,79206,genus,0.00575407,Desulfosporosinus,ERR1074475
38429.0,1506577,genus,0.00575407,Tyzzerella,ERR1074475
,-1,genus,17.4291,Unknown,ERR1074475
38429.0,816,genus,26.4342,Bacteroides,ERR1074475
38429.0,397864,genus,15.7719,Barnesiella,ERR1074475
38429.0,239934,genus,8.00967,Akkermansia,ERR1074475
38429.0,44748,genus,4.89096,Sporobacter,ERR1074475
38429.0,375288,genus,3.57328,Parabacteroides,ERR1074475
38429.0,286,genus,3.56752,Pseudomonas,ERR1074475
38429.0,1508657,genus,3.13597,Ruminiclostridium,ERR1074475
38429.0,216851,genus,2.82525,Faecalibacterium,ERR1074475
38429.0,13334,genus,1.28891,Anaerobiospirillum,ERR1074475
38429.0,459786,genus,1.19685,Oscillibacter,ERR1074475
38429.0,990721,genus,1.13355,Christensenella,ERR1074475
38429.0,244127,genus,0.949422,Anaerotruncus,ERR1074475
38429.0,572511,genus,0.811324,Blautia,ERR1074475
38429.0,872,genus,0.811324,Desulfovibrio,ERR1074475
38429.0,39948,genus,0.788308,Dialister,ERR1074475
38429.0,239759,genus,0.742275,Alistipes,ERR1074475
38429.0,2147,genus,0.673226,Acholeplasma,ERR1074475
38429.0,283168,genus,0.374015,Odoribacter,ERR1074475
38429.0,1730,genus,0.362506,Eubacterium,ERR1074475
38429.0,2132,genus,0.350998,Spiroplasma,ERR1074475
38429.0,1573535,genus,0.316474,Holdemanella,ERR1074475
38429.0,838,genus,0.316474,Prevotella,ERR1074475
38429.0,841,genus,0.299212,Roseburia,ERR1074475
38429.0,1506553,genus,0.281949,Lachnoclostridium,ERR1074475
38429.0,2740,genus,0.281949,Peptococcus,ERR1074475
38429.0,1485,genus,0.270441,Clostridium,ERR1074475
38429.0,33042,genus,0.241671,Coprococcus,ERR1074475
38429.0,469,genus,0.230163,Acinetobacter,ERR1074475
38429.0,1505663,genus,0.207147,Erysipelatoclostridium,ERR1074475
38429.0,100883,genus,0.178376,Coprobacillus,ERR1074475
38429.0,189330,genus,0.178376,Dorea,ERR1074475
38429.0,963,genus,0.172622,Herbaspirillum,ERR1074475
38429.0,52784,genus,0.166868,Anaerofilum,ERR1074475
38429.0,2172,genus,0.132344,Methanobrevibacter,ERR1074475
38429.0,904,genus,0.132344,Acidaminococcus,ERR1074475
38429.0,1263,genus,0.115081,Ruminococcus,ERR1074475
38429.0,35832,genus,0.115081,Bilophila,ERR1074475
38429.0,577309,genus,0.080557,Paraprevotella,ERR1074475
38429.0,40544,genus,0.0748029,Sutterella,ERR1074475
38429.0,172900,genus,0.0517866,Victivallis,ERR1074475
38429.0,442430,genus,0.0517866,Coraliomargarita,ERR1074475
38429.0,2316,genus,0.0460326,Methanosphaera,ERR1074475
38429.0,36853,genus,0.0460326,Desulfitobacterium,ERR1074475
38429.0,61170,genus,0.0402785,Holdemania,ERR1074475
38429.0,44249,genus,0.0402785,Paenibacillus,ERR1074475
38429.0,80865,genus,0.0402785,Delftia,ERR1074475
38429.0,46205,genus,0.0345244,Pseudobutyrivibrio,ERR1074475
38429.0,1716,genus,0.0345244,Corynebacterium,ERR1074475
38429.0,1200657,genus,0.0345244,Saccharofermentans,ERR1074475
38429.0,374,genus,0.0287704,Bradyrhizobium,ERR1074475
38429.0,184869,genus,0.0287704,Varibaculum,ERR1074475
38429.0,1386,genus,0.0287704,Bacillus,ERR1074475
38429.0,100175,genus,0.0287704,Papillibacter,ERR1074475
38429.0,1301,genus,0.0230163,Streptococcus,ERR1074475
38429.0,270497,genus,0.0230163,Catabacter,ERR1074475
38429.0,1471399,genus,0.0230163,Draconibacterium,ERR1074475
38429.0,84111,genus,0.0230163,Eggerthella,ERR1074475
38429.0,1279,genus,0.0172622,Staphylococcus,ERR1074475
38429.0,1678,genus,0.0172622,Bifidobacterium,ERR1074475
38429.0,346096,genus,0.0115081,Paludibacter,ERR1074475
38429.0,264995,genus,0.0115081,Anaerofustis,ERR1074475
38429.0,561,genus,0.0115081,Escherichia,ERR1074475
38429.0,55080,genus,0.0115081,Brevibacillus,ERR1074475
38429.0,28453,genus,0.0115081,Sphingobacterium,ERR1074475
38429.0,162289,genus,0.0115081,Peptoniphilus,ERR1074475
38429.0,482,genus,0.00575407,Neisseria,ERR1074475
38429.0,1637257,genus,0.00575407,Mageeibacillus,ERR1074475
38429.0,475,genus,0.00575407,Moraxella,ERR1074475
38429.0,846,genus,0.00575407,Oxalobacter,ERR1074475
38429.0,2050,genus,0.00575407,Mobiluncus,ERR1074475
38429.0,2056,genus,0.00575407,Sphaerobacter,ERR1074475
38429.0,79206,genus,0.00575407,Desulfosporosinus,ERR1074475
38429.0,1506577,genus,0.00575407,Tyzzerella,ERR1074475
38429.0,724,genus,0.00575407,Haemophilus,ERR1074475
38429.0,1883,genus,0.00575407,Streptomyces,ERR1074475
38429.0,1578,genus,0.00575407,Lactobacillus,ERR1074475
38429.0,1866885,genus,0.00575407,Mycobacterium fortuitum complex,ERR1074475
38429.0,644652,genus,0.00575407,Gordonibacter,ERR1074475
38429.0,2735,genus,0.00575407,Verrucomicrobium,ERR1074475
38429.0,22,genus,0.00575407,Shewanella,ERR1074475
38429.0,413496,genus,0.00575407,Cronobacter,ERR1074475
38429.0,407217,genus,0.00575407,Aquitalea,ERR1074475
38429.0,795750,genus,0.00575407,Ignavibacterium,ERR1074475
38429.0,269258,genus,0.00575407,Nitratiruptor,ERR1074475
38429.0,156973,genus,0.00575407,Dysgonomonas,ERR1074475
,-1,genus,17.4291,Unknown,ERR1074475
46580.0,816,genus,33.3403,Bacteroides,ERR1074510
46580.0,590,genus,2.57994,Salmonella,ERR1074510
46580.0,1506553,genus,1.19839,Lachnoclostridium,ERR1074510
46580.0,572511,genus,1.06233,Blautia,ERR1074510
46580.0,904,genus,0.685541,Acidaminococcus,ERR1074510
46580.0,375288,genus,0.418651,Parabacteroides,ERR1074510
46580.0,1573534,genus,0.146528,Faecalitalea,ERR1074510
46580.0,35832,genus,0.136062,Bilophila,ERR1074510
46580.0,1301,genus,0.115129,Streptococcus,ERR1074510
46580.0,1505663,genus,0.104663,Erysipelatoclostridium,ERR1074510
46580.0,29465,genus,0.0994296,Veillonella,ERR1074510
46580.0,1716,genus,0.0994296,Corynebacterium,ERR1074510
46580.0,1678,genus,0.0837302,Bifidobacterium,ERR1074510
46580.0,397864,genus,0.0732639,Barnesiella,ERR1074510
46580.0,561,genus,0.0575645,Escherichia,ERR1074510
46580.0,1505657,genus,0.0418651,Intestinibacter,ERR1074510
46580.0,1350,genus,0.036632,Enterococcus,ERR1074510
46580.0,100883,genus,0.0313988,Coprobacillus,ERR1074510
46580.0,620,genus,0.0313988,Shigella,ERR1074510
46580.0,1508657,genus,0.0313988,Ruminiclostridium,ERR1074510
46580.0,577310,genus,0.0261657,Parasutterella,ERR1074510
46580.0,1263,genus,0.0261657,Ruminococcus,ERR1074510
46580.0,40544,genus,0.0209325,Sutterella,ERR1074510
46580.0,39948,genus,0.0156994,Dialister,ERR1074510
46580.0,286,genus,0.0156994,Pseudomonas,ERR1074510
46580.0,1485,genus,0.0156994,Clostridium,ERR1074510
46580.0,459786,genus,0.0156994,Oscillibacter,ERR1074510
46580.0,216851,genus,0.0156994,Faecalibacterium,ERR1074510
46580.0,544,genus,0.0104663,Citrobacter,ERR1074510
46580.0,1380,genus,0.0104663,Atopobium,ERR1074510
46580.0,84111,genus,0.0104663,Eggerthella,ERR1074510
46580.0,52784,genus,0.0104663,Anaerofilum,ERR1074510
46580.0,838,genus,0.0104663,Prevotella,ERR1074510
46580.0,413496,genus,0.0104663,Cronobacter,ERR1074510
46580.0,1870884,genus,0.0104663,Clostridioides,ERR1074510
46580.0,459532,genus,0.0104663,Terribacillus,ERR1074510
46580.0,2742,genus,0.0104663,Marinobacter,ERR1074510
46580.0,1279,genus,0.0104663,Staphylococcus,ERR1074510
46580.0,836,genus,0.00523314,Porphyromonas,ERR1074510
46580.0,626,genus,0.00523314,Xenorhabdus,ERR1074510
46580.0,34072,genus,0.00523314,Variovorax,ERR1074510
46580.0,239934,genus,0.00523314,Akkermansia,ERR1074510
46580.0,146813,genus,0.00523314,Dendrosporobacter,ERR1074510
46580.0,508459,genus,0.00523314,Cloacibacillus,ERR1074510
46580.0,267986,genus,0.00523314,Owenweeksia,ERR1074510
46580.0,40323,genus,0.00523314,Stenotrophomonas,ERR1074510
46580.0,872,genus,0.00523314,Desulfovibrio,ERR1074510
46580.0,1645,genus,0.00523314,Renibacterium,ERR1074510
46580.0,1569,genus,0.00523314,Sporosarcina,ERR1074510
46580.0,866673,genus,0.00523314,Marinifilum,ERR1074510
46580.0,129577,genus,0.00523314,Oceanimonas,ERR1074510
46580.0,482,genus,0.00523314,Neisseria,ERR1074510
46580.0,33042,genus,0.00523314,Coprococcus,ERR1074510
46580.0,265980,genus,0.00523314,Alkalimonas,ERR1074510
46580.0,1730,genus,0.00523314,Eubacterium,ERR1074510
46580.0,58050,genus,0.00523314,Moritella,ERR1074510
46580.0,165779,genus,0.00523314,Anaerococcus,ERR1074510
,-1,genus,59.103,Unknown,ERR1074510
38430.0,816,genus,48.9171,Bacteroides,ERR1074512
38430.0,216851,genus,7.71193,Faecalibacterium,ERR1074512
38430.0,1508657,genus,6.02602,Ruminiclostridium,ERR1074512
38430.0,375288,genus,5.40354,Parabacteroides,ERR1074512
38430.0,1730,genus,4.94099,Eubacterium,ERR1074512
38430.0,841,genus,1.81127,Roseburia,ERR1074512
38430.0,239759,genus,1.61674,Alistipes,ERR1074512
38430.0,239934,genus,1.33143,Akkermansia,ERR1074512
38430.0,1506553,genus,1.26659,Lachnoclostridium,ERR1074512
38430.0,1573535,genus,1.21039,Holdemanella,ERR1074512
38430.0,577310,genus,1.06774,Parasutterella,ERR1074512
38430.0,459786,genus,0.959668,Oscillibacter,ERR1074512
38430.0,1263,genus,0.894826,Ruminococcus,ERR1074512
38430.0,572511,genus,0.670038,Blautia,ERR1074512
38430.0,1485,genus,0.561968,Clostridium,ERR1074512
38430.0,283168,genus,0.376086,Odoribacter,ERR1074512
38430.0,44748,genus,0.22911,Sporobacter,ERR1074512
38430.0,1505663,genus,0.159945,Erysipelatoclostridium,ERR1074512
38430.0,1301,genus,0.151299,Streptococcus,ERR1074512
38430.0,1578,genus,0.138331,Lactobacillus,ERR1074512
38430.0,1505657,genus,0.121039,Intestinibacter,ERR1074512
38430.0,29465,genus,0.116716,Veillonella,ERR1074512
38430.0,244127,genus,0.116716,Anaerotruncus,ERR1074512
38430.0,1386,genus,0.103748,Bacillus,ERR1074512
38430.0,724,genus,0.0691653,Haemophilus,ERR1074512
38430.0,189330,genus,0.0518739,Dorea,ERR1074512
38430.0,35832,genus,0.0432283,Bilophila,ERR1074512
38430.0,33042,genus,0.0302598,Coprococcus,ERR1074512
38430.0,838,genus,0.0302598,Prevotella,ERR1074512
38430.0,172900,genus,0.025937,Victivallis,ERR1074512
38430.0,39948,genus,0.025937,Dialister,ERR1074512
38430.0,872,genus,0.0216141,Desulfovibrio,ERR1074512
38430.0,84111,genus,0.0216141,Eggerthella,ERR1074512
38430.0,100175,genus,0.0216141,Papillibacter,ERR1074512
38430.0,836,genus,0.0172913,Porphyromonas,ERR1074512
38430.0,990721,genus,0.0129685,Christensenella,ERR1074512
38430.0,83660,genus,0.0129685,Desulfonispora,ERR1074512
38430.0,52784,genus,0.0129685,Anaerofilum,ERR1074512
38430.0,1017280,genus,0.0129685,Pseudoflavonifractor,ERR1074512
38430.0,61434,genus,0.00864566,Dehalococcoides,ERR1074512
38430.0,929509,genus,0.00864566,Solitalea,ERR1074512
38430.0,1350,genus,0.00864566,Enterococcus,ERR1074512
38430.0,278993,genus,0.00864566,Thermincola,ERR1074512
38430.0,41273,genus,0.00864566,Tissierella,ERR1074512
38430.0,1243,genus,0.00864566,Leuconostoc,ERR1074512
38430.0,270497,genus,0.00864566,Catabacter,ERR1074512
38430.0,32207,genus,0.00864566,Rothia,ERR1074512
38430.0,286,genus,0.00864566,Pseudomonas,ERR1074512
38430.0,1663,genus,0.00864566,Arthrobacter,ERR1074512
38430.0,32012,genus,0.00432283,Thiomonas,ERR1074512
38430.0,207599,genus,0.00432283,Solirubrobacter,ERR1074512
38430.0,40323,genus,0.00432283,Stenotrophomonas,ERR1074512
38430.0,233189,genus,0.00432283,Anaerolinea,ERR1074512
38430.0,1716,genus,0.00432283,Corynebacterium,ERR1074512
38430.0,61170,genus,0.00432283,Holdemania,ERR1074512
38430.0,1279,genus,0.00432283,Staphylococcus,ERR1074512
38430.0,577309,genus,0.00432283,Paraprevotella,ERR1074512
38430.0,698776,genus,0.00432283,Cellulosilyticum,ERR1074512
38430.0,28453,genus,0.00432283,Sphingobacterium,ERR1074512
38430.0,970,genus,0.00432283,Selenomonas,ERR1074512
38430.0,346096,genus,0.00432283,Paludibacter,ERR1074512
38430.0,1234,genus,0.00432283,Nitrospira,ERR1074512
38430.0,392735,genus,0.00432283,Uliginosibacterium,ERR1074512
38430.0,99906,genus,0.00432283,Alkalibacterium,ERR1074512
,-1,genus,13.31,Unknown,ERR1074512
38430.0,816,genus,48.9171,Bacteroides,ERR1074512
38430.0,216851,genus,7.71193,Faecalibacterium,ERR1074512
38430.0,1508657,genus,6.02602,Ruminiclostridium,ERR1074512
38430.0,375288,genus,5.40354,Parabacteroides,ERR1074512
38430.0,1730,genus,4.94099,Eubacterium,ERR1074512
38430.0,841,genus,1.81127,Roseburia,ERR1074512
38430.0,239759,genus,1.61674,Alistipes,ERR1074512
38430.0,239934,genus,1.33143,Akkermansia,ERR1074512
38430.0,1506553,genus,1.26659,Lachnoclostridium,ERR1074512
38430.0,1573535,genus,1.21039,Holdemanella,ERR1074512
38430.0,577310,genus,1.06774,Parasutterella,ERR1074512
38430.0,459786,genus,0.959668,Oscillibacter,ERR1074512
38430.0,1263,genus,0.894826,Ruminococcus,ERR1074512
38430.0,572511,genus,0.670038,Blautia,ERR1074512
38430.0,1485,genus,0.561968,Clostridium,ERR1074512
38430.0,283168,genus,0.376086,Odoribacter,ERR1074512
38430.0,44748,genus,0.22911,Sporobacter,ERR1074512
38430.0,1505663,genus,0.159945,Erysipelatoclostridium,ERR1074512
38430.0,1301,genus,0.151299,Streptococcus,ERR1074512
38430.0,1578,genus,0.138331,Lactobacillus,ERR1074512
38430.0,1505657,genus,0.121039,Intestinibacter,ERR1074512
38430.0,29465,genus,0.116716,Veillonella,ERR1074512
38430.0,244127,genus,0.116716,Anaerotruncus,ERR1074512
38430.0,1386,genus,0.103748,Bacillus,ERR1074512
38430.0,724,genus,0.0691653,Haemophilus,ERR1074512
38430.0,189330,genus,0.0518739,Dorea,ERR1074512
38430.0,35832,genus,0.0432283,Bilophila,ERR1074512
38430.0,33042,genus,0.0302598,Coprococcus,ERR1074512
38430.0,838,genus,0.0302598,Prevotella,ERR1074512
38430.0,39948,genus,0.025937,Dialister,ERR1074512
38430.0,172900,genus,0.025937,Victivallis,ERR1074512
38430.0,84111,genus,0.0216141,Eggerthella,ERR1074512
38430.0,100175,genus,0.0216141,Papillibacter,ERR1074512
38430.0,872,genus,0.0216141,Desulfovibrio,ERR1074512
38430.0,836,genus,0.0172913,Porphyromonas,ERR1074512
38430.0,990721,genus,0.0129685,Christensenella,ERR1074512
38430.0,83660,genus,0.0129685,Desulfonispora,ERR1074512
38430.0,52784,genus,0.0129685,Anaerofilum,ERR1074512
38430.0,1017280,genus,0.0129685,Pseudoflavonifractor,ERR1074512
38430.0,1663,genus,0.00864566,Arthrobacter,ERR1074512
38430.0,61434,genus,0.00864566,Dehalococcoides,ERR1074512
38430.0,929509,genus,0.00864566,Solitalea,ERR1074512
38430.0,1350,genus,0.00864566,Enterococcus,ERR1074512
38430.0,278993,genus,0.00864566,Thermincola,ERR1074512
38430.0,1243,genus,0.00864566,Leuconostoc,ERR1074512
38430.0,41273,genus,0.00864566,Tissierella,ERR1074512
38430.0,270497,genus,0.00864566,Catabacter,ERR1074512
38430.0,32207,genus,0.00864566,Rothia,ERR1074512
38430.0,286,genus,0.00864566,Pseudomonas,ERR1074512
38430.0,392735,genus,0.00432283,Uliginosibacterium,ERR1074512
38430.0,99906,genus,0.00432283,Alkalibacterium,ERR1074512
38430.0,32012,genus,0.00432283,Thiomonas,ERR1074512
38430.0,207599,genus,0.00432283,Solirubrobacter,ERR1074512
38430.0,40323,genus,0.00432283,Stenotrophomonas,ERR1074512
38430.0,233189,genus,0.00432283,Anaerolinea,ERR1074512
38430.0,1716,genus,0.00432283,Corynebacterium,ERR1074512
38430.0,61170,genus,0.00432283,Holdemania,ERR1074512
38430.0,1279,genus,0.00432283,Staphylococcus,ERR1074512
38430.0,577309,genus,0.00432283,Paraprevotella,ERR1074512
38430.0,698776,genus,0.00432283,Cellulosilyticum,ERR1074512
38430.0,28453,genus,0.00432283,Sphingobacterium,ERR1074512
38430.0,346096,genus,0.00432283,Paludibacter,ERR1074512
38430.0,970,genus,0.00432283,Selenomonas,ERR1074512
38430.0,1234,genus,0.00432283,Nitrospira,ERR1074512
,-1,genus,13.31,Unknown,ERR1074512
38430.0,816,genus,48.9171,Bacteroides,ERR1074512
38430.0,216851,genus,7.71193,Faecalibacterium,ERR1074512
38430.0,1508657,genus,6.02602,Ruminiclostridium,ERR1074512
38430.0,375288,genus,5.40354,Parabacteroides,ERR1074512
38430.0,1730,genus,4.94099,Eubacterium,ERR1074512
38430.0,841,genus,1.81127,Roseburia,ERR1074512
38430.0,239759,genus,1.61674,Alistipes,ERR1074512
38430.0,239934,genus,1.33143,Akkermansia,ERR1074512
38430.0,1506553,genus,1.26659,Lachnoclostridium,ERR1074512
38430.0,1573535,genus,1.21039,Holdemanella,ERR1074512
38430.0,577310,genus,1.06774,Parasutterella,ERR1074512
38430.0,459786,genus,0.959668,Oscillibacter,ERR1074512
38430.0,1263,genus,0.894826,Ruminococcus,ERR1074512
38430.0,572511,genus,0.670038,Blautia,ERR1074512
38430.0,1485,genus,0.561968,Clostridium,ERR1074512
38430.0,283168,genus,0.376086,Odoribacter,ERR1074512
38430.0,44748,genus,0.22911,Sporobacter,ERR1074512
38430.0,1505663,genus,0.159945,Erysipelatoclostridium,ERR1074512
38430.0,1301,genus,0.151299,Streptococcus,ERR1074512
38430.0,1578,genus,0.138331,Lactobacillus,ERR1074512
38430.0,1505657,genus,0.121039,Intestinibacter,ERR1074512
38430.0,244127,genus,0.116716,Anaerotruncus,ERR1074512
38430.0,29465,genus,0.116716,Veillonella,ERR1074512
38430.0,1386,genus,0.103748,Bacillus,ERR1074512
38430.0,724,genus,0.0691653,Haemophilus,ERR1074512
38430.0,189330,genus,0.0518739,Dorea,ERR1074512
38430.0,35832,genus,0.0432283,Bilophila,ERR1074512
38430.0,838,genus,0.0302598,Prevotella,ERR1074512
38430.0,33042,genus,0.0302598,Coprococcus,ERR1074512
38430.0,172900,genus,0.025937,Victivallis,ERR1074512
38430.0,39948,genus,0.025937,Dialister,ERR1074512
38430.0,872,genus,0.0216141,Desulfovibrio,ERR1074512
38430.0,84111,genus,0.0216141,Eggerthella,ERR1074512
38430.0,100175,genus,0.0216141,Papillibacter,ERR1074512
38430.0,836,genus,0.0172913,Porphyromonas,ERR1074512
38430.0,990721,genus,0.0129685,Christensenella,ERR1074512
38430.0,83660,genus,0.0129685,Desulfonispora,ERR1074512
38430.0,52784,genus,0.0129685,Anaerofilum,ERR1074512
38430.0,1017280,genus,0.0129685,Pseudoflavonifractor,ERR1074512
38430.0,1243,genus,0.00864566,Leuconostoc,ERR1074512
38430.0,41273,genus,0.00864566,Tissierella,ERR1074512
38430.0,270497,genus,0.00864566,Catabacter,ERR1074512
38430.0,32207,genus,0.00864566,Rothia,ERR1074512
38430.0,286,genus,0.00864566,Pseudomonas,ERR1074512
38430.0,1663,genus,0.00864566,Arthrobacter,ERR1074512
38430.0,61434,genus,0.00864566,Dehalococcoides,ERR1074512
38430.0,929509,genus,0.00864566,Solitalea,ERR1074512
38430.0,1350,genus,0.00864566,Enterococcus,ERR1074512
38430.0,278993,genus,0.00864566,Thermincola,ERR1074512
38430.0,698776,genus,0.00432283,Cellulosilyticum,ERR1074512
38430.0,28453,genus,0.00432283,Sphingobacterium,ERR1074512
38430.0,346096,genus,0.00432283,Paludibacter,ERR1074512
38430.0,970,genus,0.00432283,Selenomonas,ERR1074512
38430.0,1234,genus,0.00432283,Nitrospira,ERR1074512
38430.0,392735,genus,0.00432283,Uliginosibacterium,ERR1074512
38430.0,99906,genus,0.00432283,Alkalibacterium,ERR1074512
38430.0,32012,genus,0.00432283,Thiomonas,ERR1074512
38430.0,207599,genus,0.00432283,Solirubrobacter,ERR1074512
38430.0,40323,genus,0.00432283,Stenotrophomonas,ERR1074512
38430.0,233189,genus,0.00432283,Anaerolinea,ERR1074512
38430.0,1716,genus,0.00432283,Corynebacterium,ERR1074512
38430.0,61170,genus,0.00432283,Holdemania,ERR1074512
38430.0,1279,genus,0.00432283,Staphylococcus,ERR1074512
38430.0,577309,genus,0.00432283,Paraprevotella,ERR1074512
,-1,genus,13.31,Unknown,ERR1074512
38430.0,816,genus,48.9171,Bacteroides,ERR1074512
38430.0,216851,genus,7.71193,Faecalibacterium,ERR1074512
38430.0,1508657,genus,6.02602,Ruminiclostridium,ERR1074512
38430.0,375288,genus,5.40354,Parabacteroides,ERR1074512
38430.0,1730,genus,4.94099,Eubacterium,ERR1074512
38430.0,841,genus,1.81127,Roseburia,ERR1074512
38430.0,239759,genus,1.61674,Alistipes,ERR1074512
38430.0,239934,genus,1.33143,Akkermansia,ERR1074512
38430.0,1506553,genus,1.26659,Lachnoclostridium,ERR1074512
38430.0,1573535,genus,1.21039,Holdemanella,ERR1074512
38430.0,577310,genus,1.06774,Parasutterella,ERR1074512
38430.0,459786,genus,0.959668,Oscillibacter,ERR1074512
38430.0,1263,genus,0.894826,Ruminococcus,ERR1074512
38430.0,572511,genus,0.670038,Blautia,ERR1074512
38430.0,1485,genus,0.561968,Clostridium,ERR1074512
38430.0,283168,genus,0.376086,Odoribacter,ERR1074512
38430.0,44748,genus,0.22911,Sporobacter,ERR1074512
38430.0,1505663,genus,0.159945,Erysipelatoclostridium,ERR1074512
38430.0,1301,genus,0.151299,Streptococcus,ERR1074512
38430.0,1578,genus,0.138331,Lactobacillus,ERR1074512
38430.0,1505657,genus,0.121039,Intestinibacter,ERR1074512
38430.0,29465,genus,0.116716,Veillonella,ERR1074512
38430.0,244127,genus,0.116716,Anaerotruncus,ERR1074512
38430.0,1386,genus,0.103748,Bacillus,ERR1074512
38430.0,724,genus,0.0691653,Haemophilus,ERR1074512
38430.0,189330,genus,0.0518739,Dorea,ERR1074512
38430.0,35832,genus,0.0432283,Bilophila,ERR1074512
38430.0,33042,genus,0.0302598,Coprococcus,ERR1074512
38430.0,838,genus,0.0302598,Prevotella,ERR1074512
38430.0,172900,genus,0.025937,Victivallis,ERR1074512
38430.0,39948,genus,0.025937,Dialister,ERR1074512
38430.0,872,genus,0.0216141,Desulfovibrio,ERR1074512
38430.0,84111,genus,0.0216141,Eggerthella,ERR1074512
38430.0,100175,genus,0.0216141,Papillibacter,ERR1074512
38430.0,836,genus,0.0172913,Porphyromonas,ERR1074512
38430.0,83660,genus,0.0129685,Desulfonispora,ERR1074512
38430.0,52784,genus,0.0129685,Anaerofilum,ERR1074512
38430.0,1017280,genus,0.0129685,Pseudoflavonifractor,ERR1074512
38430.0,990721,genus,0.0129685,Christensenella,ERR1074512
38430.0,61434,genus,0.00864566,Dehalococcoides,ERR1074512
38430.0,929509,genus,0.00864566,Solitalea,ERR1074512
38430.0,1350,genus,0.00864566,Enterococcus,ERR1074512
38430.0,278993,genus,0.00864566,Thermincola,ERR1074512
38430.0,1243,genus,0.00864566,Leuconostoc,ERR1074512
38430.0,41273,genus,0.00864566,Tissierella,ERR1074512
38430.0,270497,genus,0.00864566,Catabacter,ERR1074512
38430.0,32207,genus,0.00864566,Rothia,ERR1074512
38430.0,286,genus,0.00864566,Pseudomonas,ERR1074512
38430.0,1663,genus,0.00864566,Arthrobacter,ERR1074512
38430.0,40323,genus,0.00432283,Stenotrophomonas,ERR1074512
38430.0,233189,genus,0.00432283,Anaerolinea,ERR1074512
38430.0,1716,genus,0.00432283,Corynebacterium,ERR1074512
38430.0,61170,genus,0.00432283,Holdemania,ERR1074512
38430.0,1279,genus,0.00432283,Staphylococcus,ERR1074512
38430.0,577309,genus,0.00432283,Paraprevotella,ERR1074512
38430.0,698776,genus,0.00432283,Cellulosilyticum,ERR1074512
38430.0,28453,genus,0.00432283,Sphingobacterium,ERR1074512
38430.0,346096,genus,0.00432283,Paludibacter,ERR1074512
38430.0,970,genus,0.00432283,Selenomonas,ERR1074512
38430.0,1234,genus,0.00432283,Nitrospira,ERR1074512
38430.0,392735,genus,0.00432283,Uliginosibacterium,ERR1074512
38430.0,99906,genus,0.00432283,Alkalibacterium,ERR1074512
38430.0,32012,genus,0.00432283,Thiomonas,ERR1074512
38430.0,207599,genus,0.00432283,Solirubrobacter,ERR1074512
,-1,genus,13.31,Unknown,ERR1074512
46581.0,838,genus,28.381,Prevotella,ERR1074540
46581.0,375288,genus,7.10144,Parabacteroides,ERR1074540
46581.0,216851,genus,5.36201,Faecalibacterium,ERR1074540
46581.0,459786,genus,5.33228,Oscillibacter,ERR1074540
46581.0,397864,genus,4.69795,Barnesiella,ERR1074540
46581.0,816,genus,3.31533,Bacteroides,ERR1074540
46581.0,44748,genus,3.15179,Sporobacter,ERR1074540
46581.0,577309,genus,2.78507,Paraprevotella,ERR1074540
46581.0,392332,genus,2.3688,Geoalkalibacter,ERR1074540
46581.0,1236988,genus,1.92279,Geofilum,ERR1074540
46581.0,1485,genus,1.73448,Clostridium,ERR1074540
46581.0,1279388,genus,1.72457,Kandleria,ERR1074540
46581.0,1508657,genus,1.67996,Ruminiclostridium,ERR1074540
46581.0,1505657,genus,1.36776,Intestinibacter,ERR1074540
46581.0,1263,genus,1.33307,Ruminococcus,ERR1074540
46581.0,872,genus,1.09024,Desulfovibrio,ERR1074540
46581.0,830,genus,0.688835,Butyrivibrio,ERR1074540
46581.0,1506553,genus,0.644234,Lachnoclostridium,ERR1074540
46581.0,244127,genus,0.6145,Anaerotruncus,ERR1074540
46581.0,572511,genus,0.569899,Blautia,ERR1074540
46581.0,172900,genus,0.401407,Victivallis,ERR1074540
46581.0,1730,genus,0.391496,Eubacterium,ERR1074540
46581.0,118747,genus,0.376629,Bulleidia,ERR1074540
46581.0,39948,genus,0.282472,Dialister,ERR1074540
46581.0,1291539,genus,0.223004,Candidatus Methanomethylophilus,ERR1074540
46581.0,990721,genus,0.213093,Christensenella,ERR1074540
46581.0,1301,genus,0.19327,Streptococcus,ERR1074540
46581.0,1716,genus,0.173448,Corynebacterium,ERR1074540
46581.0,698776,genus,0.158581,Cellulosilyticum,ERR1074540
46581.0,1386,genus,0.153625,Bacillus,ERR1074540
46581.0,1573535,genus,0.143714,Holdemanella,ERR1074540
46581.0,270497,genus,0.133802,Catabacter,ERR1074540
46581.0,724,genus,0.123891,Haemophilus,ERR1074540
46581.0,399320,genus,0.118936,Sphaerochaeta,ERR1074540
46581.0,150022,genus,0.11398,Finegoldia,ERR1074540
46581.0,133925,genus,0.0941573,Olsenella,ERR1074540
46581.0,638847,genus,0.0941573,Pyramidobacter,ERR1074540
46581.0,841,genus,0.0792904,Roseburia,ERR1074540
46581.0,189330,genus,0.0743347,Dorea,ERR1074540
46581.0,286,genus,0.0743347,Pseudomonas,ERR1074540
46581.0,2172,genus,0.0644234,Methanobrevibacter,ERR1074540
46581.0,33042,genus,0.0644234,Coprococcus,ERR1074540
46581.0,904,genus,0.0545121,Acidaminococcus,ERR1074540
46581.0,866673,genus,0.0495565,Marinifilum,ERR1074540
46581.0,283168,genus,0.0446008,Odoribacter,ERR1074540
46581.0,61170,genus,0.0446008,Holdemania,ERR1074540
46581.0,165779,genus,0.0446008,Anaerococcus,ERR1074540
46581.0,28138,genus,0.0446008,Rikenella,ERR1074540
46581.0,86331,genus,0.0396452,Mogibacterium,ERR1074540
46581.0,84111,genus,0.0346895,Eggerthella,ERR1074540
46581.0,519427,genus,0.0297339,Sharpea,ERR1074540
46581.0,1279,genus,0.0297339,Staphylococcus,ERR1074540
46581.0,1578,genus,0.0297339,Lactobacillus,ERR1074540
46581.0,469,genus,0.0247782,Acinetobacter,ERR1074540
46581.0,239759,genus,0.0247782,Alistipes,ERR1074540
46581.0,84108,genus,0.0198226,Slackia,ERR1074540
46581.0,18,genus,0.0198226,Pelobacter,ERR1074540
46581.0,1505663,genus,0.0198226,Erysipelatoclostridium,ERR1074540
46581.0,100175,genus,0.0198226,Papillibacter,ERR1074540
46581.0,79206,genus,0.0198226,Desulfosporosinus,ERR1074540
46581.0,28453,genus,0.0148669,Sphingobacterium,ERR1074540
46581.0,32207,genus,0.0148669,Rothia,ERR1074540
46581.0,2735,genus,0.0148669,Verrucomicrobium,ERR1074540
46581.0,2152,genus,0.0148669,Asteroleplasma,ERR1074540
46581.0,1654,genus,0.0148669,Actinomyces,ERR1074540
46581.0,2740,genus,0.00991129,Peptococcus,ERR1074540
46581.0,1678,genus,0.00991129,Bifidobacterium,ERR1074540
46581.0,256846,genus,0.00991129,Lentisphaera,ERR1074540
46581.0,795750,genus,0.00991129,Ignavibacterium,ERR1074540
46581.0,314318,genus,0.00991129,Prolixibacter,ERR1074540
46581.0,46205,genus,0.00991129,Pseudobutyrivibrio,ERR1074540
46581.0,156973,genus,0.00991129,Dysgonomonas,ERR1074540
46581.0,1253,genus,0.00991129,Pediococcus,ERR1074540
46581.0,29465,genus,0.00495565,Veillonella,ERR1074540
46581.0,187144,genus,0.00495565,Caldithrix,ERR1074540
46581.0,262406,genus,0.00495565,Thermobaculum,ERR1074540
46581.0,1548510,genus,0.00495565,Microbacter,ERR1074540
46581.0,1017280,genus,0.00495565,Pseudoflavonifractor,ERR1074540
46581.0,670486,genus,0.00495565,Dehalogenimonas,ERR1074540
46581.0,146813,genus,0.00495565,Dendrosporobacter,ERR1074540
46581.0,1637257,genus,0.00495565,Mageeibacillus,ERR1074540
46581.0,1380,genus,0.00495565,Atopobium,ERR1074540
46581.0,1827,genus,0.00495565,Rhodococcus,ERR1074540
46581.0,846,genus,0.00495565,Oxalobacter,ERR1074540
46581.0,2316,genus,0.00495565,Methanosphaera,ERR1074540
46581.0,45669,genus,0.00495565,Salinicoccus,ERR1074540
46581.0,102106,genus,0.00495565,Collinsella,ERR1074540
46581.0,40323,genus,0.00495565,Stenotrophomonas,ERR1074540
46581.0,2132,genus,0.00495565,Spiroplasma,ERR1074540
46581.0,66831,genus,0.00495565,Facklamia,ERR1074540
46581.0,1549126,genus,0.00495565,Desulfatiglans,ERR1074540
46581.0,346096,genus,0.00495565,Paludibacter,ERR1074540
46581.0,207599,genus,0.00495565,Solirubrobacter,ERR1074540
46581.0,1618113,genus,0.00495565,Saccharicrinis,ERR1074540
46581.0,392735,genus,0.00495565,Uliginosibacterium,ERR1074540
46581.0,233189,genus,0.00495565,Anaerolinea,ERR1074540
46581.0,1471399,genus,0.00495565,Draconibacterium,ERR1074540
46581.0,41273,genus,0.00495565,Tissierella,ERR1074540
46581.0,649461,genus,0.00495565,Lacibacter,ERR1074540
46581.0,1562,genus,0.00495565,Desulfotomaculum,ERR1074540
46581.0,239934,genus,0.00495565,Akkermansia,ERR1074540
46581.0,1866885,genus,0.00495565,Mycobacterium fortuitum complex,ERR1074540
46581.0,666508,genus,0.00495565,Phycisphaera,ERR1074540
46581.0,233191,genus,0.00495565,Caldilinea,ERR1074540
46581.0,1016,genus,0.00495565,Capnocytophaga,ERR1074540
46581.0,1164882,genus,0.00495565,Lachnoanaerobaculum,ERR1074540
,-1,genus,19.3667,Unknown,ERR1074540
38431.0,816,genus,37.2768,Bacteroides,ERR1074615
38431.0,286,genus,30.9831,Pseudomonas,ERR1074615
38431.0,375288,genus,4.65815,Parabacteroides,ERR1074615
38431.0,216851,genus,3.36936,Faecalibacterium,ERR1074615
38431.0,1506553,genus,1.67601,Lachnoclostridium,ERR1074615
38431.0,577310,genus,1.53731,Parasutterella,ERR1074615
38431.0,572511,genus,1.47373,Blautia,ERR1074615
38431.0,239759,genus,1.25412,Alistipes,ERR1074615
38431.0,239934,genus,1.15009,Akkermansia,ERR1074615
38431.0,283168,genus,1.01139,Odoribacter,ERR1074615
38431.0,459786,genus,0.843784,Oscillibacter,ERR1074615
38431.0,1386,genus,0.577934,Bacillus,ERR1074615
38431.0,1730,genus,0.468127,Eubacterium,ERR1074615
38431.0,1508657,genus,0.456568,Ruminiclostridium,ERR1074615
38431.0,1485,genus,0.416113,Clostridium,ERR1074615
38431.0,397864,genus,0.410333,Barnesiella,ERR1074615
38431.0,1505663,genus,0.317864,Erysipelatoclostridium,ERR1074615
38431.0,35832,genus,0.306305,Bilophila,ERR1074615
38431.0,841,genus,0.190718,Roseburia,ERR1074615
38431.0,904,genus,0.161822,Acidaminococcus,ERR1074615
38431.0,1301,genus,0.0982489,Streptococcus,ERR1074615
38431.0,244127,genus,0.0866902,Anaerotruncus,ERR1074615
38431.0,29465,genus,0.0866902,Veillonella,ERR1074615
38431.0,61170,genus,0.0809108,Holdemania,ERR1074615
38431.0,1263,genus,0.0635728,Ruminococcus,ERR1074615
38431.0,207244,genus,0.0577934,Anaerostipes,ERR1074615
38431.0,724,genus,0.0462348,Haemophilus,ERR1074615
38431.0,1505657,genus,0.0404554,Intestinibacter,ERR1074615
38431.0,189330,genus,0.0346761,Dorea,ERR1074615
38431.0,1350,genus,0.0346761,Enterococcus,ERR1074615
38431.0,1678,genus,0.0288967,Bifidobacterium,ERR1074615
38431.0,75,genus,0.0231174,Caulobacter,ERR1074615
38431.0,469,genus,0.0231174,Acinetobacter,ERR1074615
38431.0,482,genus,0.017338,Neisseria,ERR1074615
38431.0,44748,genus,0.017338,Sporobacter,ERR1074615
38431.0,838,genus,0.017338,Prevotella,ERR1074615
38431.0,40323,genus,0.017338,Stenotrophomonas,ERR1074615
38431.0,1716,genus,0.017338,Corynebacterium,ERR1074615
38431.0,400634,genus,0.0115587,Lysinibacillus,ERR1074615
38431.0,52784,genus,0.0115587,Anaerofilum,ERR1074615
38431.0,392735,genus,0.0115587,Uliginosibacterium,ERR1074615
38431.0,577309,genus,0.0115587,Paraprevotella,ERR1074615
38431.0,445,genus,0.0115587,Legionella,ERR1074615
38431.0,28453,genus,0.0115587,Sphingobacterium,ERR1074615
38431.0,61434,genus,0.0115587,Dehalococcoides,ERR1074615
38431.0,59732,genus,0.00577934,Chryseobacterium,ERR1074615
38431.0,233191,genus,0.00577934,Caldilinea,ERR1074615
38431.0,475,genus,0.00577934,Moraxella,ERR1074615
38431.0,156973,genus,0.00577934,Dysgonomonas,ERR1074615
38431.0,84567,genus,0.00577934,Pedobacter,ERR1074615
38431.0,265980,genus,0.00577934,Alkalimonas,ERR1074615
38431.0,33042,genus,0.00577934,Coprococcus,ERR1074615
38431.0,146813,genus,0.00577934,Dendrosporobacter,ERR1074615
38431.0,795750,genus,0.00577934,Ignavibacterium,ERR1074615
38431.0,32067,genus,0.00577934,Leptotrichia,ERR1074615
38431.0,620,genus,0.00577934,Shigella,ERR1074615
38431.0,1573534,genus,0.00577934,Faecalitalea,ERR1074615
38431.0,65551,genus,0.00577934,Meiothermus,ERR1074615
38431.0,2747,genus,0.00577934,Carnobacterium,ERR1074615
38431.0,1649482,genus,0.00577934,Pseudopedobacter,ERR1074615
38431.0,1357,genus,0.00577934,Lactococcus,ERR1074615
38431.0,1017280,genus,0.00577934,Pseudoflavonifractor,ERR1074615
38431.0,1164863,genus,0.00577934,Enteractinococcus,ERR1074615
38431.0,583,genus,0.00577934,Proteus,ERR1074615
38431.0,872,genus,0.00577934,Desulfovibrio,ERR1074615
38431.0,13687,genus,0.00577934,Sphingomonas,ERR1074615
38431.0,407,genus,0.00577934,Methylobacterium,ERR1074615
38431.0,670486,genus,0.00577934,Dehalogenimonas,ERR1074615
,-1,genus,9.74975,Unknown,ERR1074615
38431.0,816,genus,37.2768,Bacteroides,ERR1074615
38431.0,286,genus,30.9831,Pseudomonas,ERR1074615
38431.0,375288,genus,4.65815,Parabacteroides,ERR1074615
38431.0,216851,genus,3.36936,Faecalibacterium,ERR1074615
38431.0,1506553,genus,1.67601,Lachnoclostridium,ERR1074615
38431.0,577310,genus,1.53731,Parasutterella,ERR1074615
38431.0,572511,genus,1.47373,Blautia,ERR1074615
38431.0,239759,genus,1.25412,Alistipes,ERR1074615
38431.0,239934,genus,1.15009,Akkermansia,ERR1074615
38431.0,283168,genus,1.01139,Odoribacter,ERR1074615
38431.0,459786,genus,0.843784,Oscillibacter,ERR1074615
38431.0,1386,genus,0.577934,Bacillus,ERR1074615
38431.0,1730,genus,0.468127,Eubacterium,ERR1074615
38431.0,1508657,genus,0.456568,Ruminiclostridium,ERR1074615
38431.0,1485,genus,0.416113,Clostridium,ERR1074615
38431.0,397864,genus,0.410333,Barnesiella,ERR1074615
38431.0,1505663,genus,0.317864,Erysipelatoclostridium,ERR1074615
38431.0,35832,genus,0.306305,Bilophila,ERR1074615
38431.0,841,genus,0.190718,Roseburia,ERR1074615
38431.0,904,genus,0.161822,Acidaminococcus,ERR1074615
38431.0,1301,genus,0.0982489,Streptococcus,ERR1074615
38431.0,29465,genus,0.0866902,Veillonella,ERR1074615
38431.0,244127,genus,0.0866902,Anaerotruncus,ERR1074615
38431.0,61170,genus,0.0809108,Holdemania,ERR1074615
38431.0,1263,genus,0.0635728,Ruminococcus,ERR1074615
38431.0,207244,genus,0.0577934,Anaerostipes,ERR1074615
38431.0,724,genus,0.0462348,Haemophilus,ERR1074615
38431.0,1505657,genus,0.0404554,Intestinibacter,ERR1074615
38431.0,189330,genus,0.0346761,Dorea,ERR1074615
38431.0,1350,genus,0.0346761,Enterococcus,ERR1074615
38431.0,1678,genus,0.0288967,Bifidobacterium,ERR1074615
38431.0,75,genus,0.0231174,Caulobacter,ERR1074615
38431.0,469,genus,0.0231174,Acinetobacter,ERR1074615
38431.0,838,genus,0.017338,Prevotella,ERR1074615
38431.0,40323,genus,0.017338,Stenotrophomonas,ERR1074615
38431.0,1716,genus,0.017338,Corynebacterium,ERR1074615
38431.0,482,genus,0.017338,Neisseria,ERR1074615
38431.0,44748,genus,0.017338,Sporobacter,ERR1074615
38431.0,445,genus,0.0115587,Legionella,ERR1074615
38431.0,28453,genus,0.0115587,Sphingobacterium,ERR1074615
38431.0,61434,genus,0.0115587,Dehalococcoides,ERR1074615
38431.0,400634,genus,0.0115587,Lysinibacillus,ERR1074615
38431.0,52784,genus,0.0115587,Anaerofilum,ERR1074615
38431.0,392735,genus,0.0115587,Uliginosibacterium,ERR1074615
38431.0,577309,genus,0.0115587,Paraprevotella,ERR1074615
38431.0,65551,genus,0.00577934,Meiothermus,ERR1074615
38431.0,2747,genus,0.00577934,Carnobacterium,ERR1074615
38431.0,1649482,genus,0.00577934,Pseudopedobacter,ERR1074615
38431.0,1357,genus,0.00577934,Lactococcus,ERR1074615
38431.0,1017280,genus,0.00577934,Pseudoflavonifractor,ERR1074615
38431.0,1164863,genus,0.00577934,Enteractinococcus,ERR1074615
38431.0,583,genus,0.00577934,Proteus,ERR1074615
38431.0,872,genus,0.00577934,Desulfovibrio,ERR1074615
38431.0,13687,genus,0.00577934,Sphingomonas,ERR1074615
38431.0,407,genus,0.00577934,Methylobacterium,ERR1074615
38431.0,670486,genus,0.00577934,Dehalogenimonas,ERR1074615
38431.0,59732,genus,0.00577934,Chryseobacterium,ERR1074615
38431.0,233191,genus,0.00577934,Caldilinea,ERR1074615
38431.0,475,genus,0.00577934,Moraxella,ERR1074615
38431.0,156973,genus,0.00577934,Dysgonomonas,ERR1074615
38431.0,84567,genus,0.00577934,Pedobacter,ERR1074615
38431.0,265980,genus,0.00577934,Alkalimonas,ERR1074615
38431.0,33042,genus,0.00577934,Coprococcus,ERR1074615
38431.0,146813,genus,0.00577934,Dendrosporobacter,ERR1074615
38431.0,795750,genus,0.00577934,Ignavibacterium,ERR1074615
38431.0,32067,genus,0.00577934,Leptotrichia,ERR1074615
38431.0,620,genus,0.00577934,Shigella,ERR1074615
38431.0,1573534,genus,0.00577934,Faecalitalea,ERR1074615
,-1,genus,9.74975,Unknown,ERR1074615
38431.0,816,genus,37.2768,Bacteroides,ERR1074615
38431.0,286,genus,30.9831,Pseudomonas,ERR1074615
38431.0,375288,genus,4.65815,Parabacteroides,ERR1074615
38431.0,216851,genus,3.36936,Faecalibacterium,ERR1074615
38431.0,1506553,genus,1.67601,Lachnoclostridium,ERR1074615
38431.0,577310,genus,1.53731,Parasutterella,ERR1074615
38431.0,572511,genus,1.47373,Blautia,ERR1074615
38431.0,239759,genus,1.25412,Alistipes,ERR1074615
38431.0,239934,genus,1.15009,Akkermansia,ERR1074615
38431.0,283168,genus,1.01139,Odoribacter,ERR1074615
38431.0,459786,genus,0.843784,Oscillibacter,ERR1074615
38431.0,1386,genus,0.577934,Bacillus,ERR1074615
38431.0,1730,genus,0.468127,Eubacterium,ERR1074615
38431.0,1508657,genus,0.456568,Ruminiclostridium,ERR1074615
38431.0,1485,genus,0.416113,Clostridium,ERR1074615
38431.0,397864,genus,0.410333,Barnesiella,ERR1074615
38431.0,1505663,genus,0.317864,Erysipelatoclostridium,ERR1074615
38431.0,35832,genus,0.306305,Bilophila,ERR1074615
38431.0,841,genus,0.190718,Roseburia,ERR1074615
38431.0,904,genus,0.161822,Acidaminococcus,ERR1074615
38431.0,1301,genus,0.0982489,Streptococcus,ERR1074615
38431.0,29465,genus,0.0866902,Veillonella,ERR1074615
38431.0,244127,genus,0.0866902,Anaerotruncus,ERR1074615
38431.0,61170,genus,0.0809108,Holdemania,ERR1074615
38431.0,1263,genus,0.0635728,Ruminococcus,ERR1074615
38431.0,207244,genus,0.0577934,Anaerostipes,ERR1074615
38431.0,724,genus,0.0462348,Haemophilus,ERR1074615
38431.0,1505657,genus,0.0404554,Intestinibacter,ERR1074615
38431.0,189330,genus,0.0346761,Dorea,ERR1074615
38431.0,1350,genus,0.0346761,Enterococcus,ERR1074615
38431.0,1678,genus,0.0288967,Bifidobacterium,ERR1074615
38431.0,469,genus,0.0231174,Acinetobacter,ERR1074615
38431.0,75,genus,0.0231174,Caulobacter,ERR1074615
38431.0,44748,genus,0.017338,Sporobacter,ERR1074615
38431.0,838,genus,0.017338,Prevotella,ERR1074615
38431.0,40323,genus,0.017338,Stenotrophomonas,ERR1074615
38431.0,1716,genus,0.017338,Corynebacterium,ERR1074615
38431.0,482,genus,0.017338,Neisseria,ERR1074615
38431.0,52784,genus,0.0115587,Anaerofilum,ERR1074615
38431.0,392735,genus,0.0115587,Uliginosibacterium,ERR1074615
38431.0,577309,genus,0.0115587,Paraprevotella,ERR1074615
38431.0,445,genus,0.0115587,Legionella,ERR1074615
38431.0,28453,genus,0.0115587,Sphingobacterium,ERR1074615
38431.0,61434,genus,0.0115587,Dehalococcoides,ERR1074615
38431.0,400634,genus,0.0115587,Lysinibacillus,ERR1074615
38431.0,475,genus,0.00577934,Moraxella,ERR1074615
38431.0,156973,genus,0.00577934,Dysgonomonas,ERR1074615
38431.0,84567,genus,0.00577934,Pedobacter,ERR1074615
38431.0,265980,genus,0.00577934,Alkalimonas,ERR1074615
38431.0,33042,genus,0.00577934,Coprococcus,ERR1074615
38431.0,146813,genus,0.00577934,Dendrosporobacter,ERR1074615
38431.0,795750,genus,0.00577934,Ignavibacterium,ERR1074615
38431.0,32067,genus,0.00577934,Leptotrichia,ERR1074615
38431.0,620,genus,0.00577934,Shigella,ERR1074615
38431.0,1573534,genus,0.00577934,Faecalitalea,ERR1074615
38431.0,65551,genus,0.00577934,Meiothermus,ERR1074615
38431.0,2747,genus,0.00577934,Carnobacterium,ERR1074615
38431.0,1649482,genus,0.00577934,Pseudopedobacter,ERR1074615
38431.0,1357,genus,0.00577934,Lactococcus,ERR1074615
38431.0,1017280,genus,0.00577934,Pseudoflavonifractor,ERR1074615
38431.0,1164863,genus,0.00577934,Enteractinococcus,ERR1074615
38431.0,583,genus,0.00577934,Proteus,ERR1074615
38431.0,872,genus,0.00577934,Desulfovibrio,ERR1074615
38431.0,13687,genus,0.00577934,Sphingomonas,ERR1074615
38431.0,407,genus,0.00577934,Methylobacterium,ERR1074615
38431.0,670486,genus,0.00577934,Dehalogenimonas,ERR1074615
38431.0,59732,genus,0.00577934,Chryseobacterium,ERR1074615
38431.0,233191,genus,0.00577934,Caldilinea,ERR1074615
,-1,genus,9.74975,Unknown,ERR1074615
38431.0,816,genus,37.2768,Bacteroides,ERR1074615
38431.0,286,genus,30.9831,Pseudomonas,ERR1074615
38431.0,375288,genus,4.65815,Parabacteroides,ERR1074615
38431.0,216851,genus,3.36936,Faecalibacterium,ERR1074615
38431.0,1506553,genus,1.67601,Lachnoclostridium,ERR1074615
38431.0,577310,genus,1.53731,Parasutterella,ERR1074615
38431.0,572511,genus,1.47373,Blautia,ERR1074615
38431.0,239759,genus,1.25412,Alistipes,ERR1074615
38431.0,239934,genus,1.15009,Akkermansia,ERR1074615
38431.0,283168,genus,1.01139,Odoribacter,ERR1074615
38431.0,459786,genus,0.843784,Oscillibacter,ERR1074615
38431.0,1386,genus,0.577934,Bacillus,ERR1074615
38431.0,1730,genus,0.468127,Eubacterium,ERR1074615
38431.0,1508657,genus,0.456568,Ruminiclostridium,ERR1074615
38431.0,1485,genus,0.416113,Clostridium,ERR1074615
38431.0,397864,genus,0.410333,Barnesiella,ERR1074615
38431.0,1505663,genus,0.317864,Erysipelatoclostridium,ERR1074615
38431.0,35832,genus,0.306305,Bilophila,ERR1074615
38431.0,841,genus,0.190718,Roseburia,ERR1074615
38431.0,904,genus,0.161822,Acidaminococcus,ERR1074615
38431.0,1301,genus,0.0982489,Streptococcus,ERR1074615
38431.0,29465,genus,0.0866902,Veillonella,ERR1074615
38431.0,244127,genus,0.0866902,Anaerotruncus,ERR1074615
38431.0,61170,genus,0.0809108,Holdemania,ERR1074615
38431.0,1263,genus,0.0635728,Ruminococcus,ERR1074615
38431.0,207244,genus,0.0577934,Anaerostipes,ERR1074615
38431.0,724,genus,0.0462348,Haemophilus,ERR1074615
38431.0,1505657,genus,0.0404554,Intestinibacter,ERR1074615
38431.0,189330,genus,0.0346761,Dorea,ERR1074615
38431.0,1350,genus,0.0346761,Enterococcus,ERR1074615
38431.0,1678,genus,0.0288967,Bifidobacterium,ERR1074615
38431.0,75,genus,0.0231174,Caulobacter,ERR1074615
38431.0,469,genus,0.0231174,Acinetobacter,ERR1074615
38431.0,838,genus,0.017338,Prevotella,ERR1074615
38431.0,40323,genus,0.017338,Stenotrophomonas,ERR1074615
38431.0,1716,genus,0.017338,Corynebacterium,ERR1074615
38431.0,482,genus,0.017338,Neisseria,ERR1074615
38431.0,44748,genus,0.017338,Sporobacter,ERR1074615
38431.0,577309,genus,0.0115587,Paraprevotella,ERR1074615
38431.0,445,genus,0.0115587,Legionella,ERR1074615
38431.0,28453,genus,0.0115587,Sphingobacterium,ERR1074615
38431.0,61434,genus,0.0115587,Dehalococcoides,ERR1074615
38431.0,400634,genus,0.0115587,Lysinibacillus,ERR1074615
38431.0,52784,genus,0.0115587,Anaerofilum,ERR1074615
38431.0,392735,genus,0.0115587,Uliginosibacterium,ERR1074615
38431.0,33042,genus,0.00577934,Coprococcus,ERR1074615
38431.0,146813,genus,0.00577934,Dendrosporobacter,ERR1074615
38431.0,795750,genus,0.00577934,Ignavibacterium,ERR1074615
38431.0,32067,genus,0.00577934,Leptotrichia,ERR1074615
38431.0,620,genus,0.00577934,Shigella,ERR1074615
38431.0,1573534,genus,0.00577934,Faecalitalea,ERR1074615
38431.0,65551,genus,0.00577934,Meiothermus,ERR1074615
38431.0,2747,genus,0.00577934,Carnobacterium,ERR1074615
38431.0,1649482,genus,0.00577934,Pseudopedobacter,ERR1074615
38431.0,1357,genus,0.00577934,Lactococcus,ERR1074615
38431.0,1017280,genus,0.00577934,Pseudoflavonifractor,ERR1074615
38431.0,1164863,genus,0.00577934,Enteractinococcus,ERR1074615
38431.0,583,genus,0.00577934,Proteus,ERR1074615
38431.0,872,genus,0.00577934,Desulfovibrio,ERR1074615
38431.0,13687,genus,0.00577934,Sphingomonas,ERR1074615
38431.0,407,genus,0.00577934,Methylobacterium,ERR1074615
38431.0,670486,genus,0.00577934,Dehalogenimonas,ERR1074615
38431.0,59732,genus,0.00577934,Chryseobacterium,ERR1074615
38431.0,233191,genus,0.00577934,Caldilinea,ERR1074615
38431.0,475,genus,0.00577934,Moraxella,ERR1074615
38431.0,156973,genus,0.00577934,Dysgonomonas,ERR1074615
38431.0,84567,genus,0.00577934,Pedobacter,ERR1074615
38431.0,265980,genus,0.00577934,Alkalimonas,ERR1074615
,-1,genus,9.74975,Unknown,ERR1074615
46546.0,816,genus,16.2028,Bacteroides,ERR1074630
46546.0,239759,genus,12.2226,Alistipes,ERR1074630
46546.0,286,genus,6.4683,Pseudomonas,ERR1074630
46546.0,375288,genus,5.86978,Parabacteroides,ERR1074630
46546.0,44748,genus,4.51883,Sporobacter,ERR1074630
46546.0,397864,genus,2.61639,Barnesiella,ERR1074630
46546.0,1121829,genus,2.57791,Fodinicurvata,ERR1074630
46546.0,216851,genus,1.99649,Faecalibacterium,ERR1074630
46546.0,459786,genus,1.71433,Oscillibacter,ERR1074630
46546.0,244127,genus,1.59891,Anaerotruncus,ERR1074630
46546.0,1263,genus,1.15857,Ruminococcus,ERR1074630
46546.0,283168,genus,1.05596,Odoribacter,ERR1074630
46546.0,572511,genus,1.02176,Blautia,ERR1074630
46546.0,1730,genus,0.944808,Eubacterium,ERR1074630
46546.0,2132,genus,0.756701,Spiroplasma,ERR1074630
46546.0,1508657,genus,0.615621,Ruminiclostridium,ERR1074630
46546.0,33042,genus,0.436065,Coprococcus,ERR1074630
46546.0,1485,genus,0.427515,Clostridium,ERR1074630
46546.0,642,genus,0.410414,Aeromonas,ERR1074630
46546.0,1386,genus,0.230858,Bacillus,ERR1074630
46546.0,1678,genus,0.188107,Bifidobacterium,ERR1074630
46546.0,869806,genus,0.188107,Marivirga,ERR1074630
46546.0,830,genus,0.166731,Butyrivibrio,ERR1074630
46546.0,40323,genus,0.15818,Stenotrophomonas,ERR1074630
46546.0,904,genus,0.128254,Acidaminococcus,ERR1074630
46546.0,1301,genus,0.123979,Streptococcus,ERR1074630
46546.0,1506553,genus,0.119704,Lachnoclostridium,ERR1074630
46546.0,1505663,genus,0.119704,Erysipelatoclostridium,ERR1074630
46546.0,590,genus,0.102604,Salmonella,ERR1074630
46546.0,1663,genus,0.0983284,Arthrobacter,ERR1074630
46546.0,2740,genus,0.0940533,Peptococcus,ERR1074630
46546.0,586,genus,0.0940533,Providencia,ERR1074630
46546.0,841,genus,0.0769527,Roseburia,ERR1074630
46546.0,2172,genus,0.0726775,Methanobrevibacter,ERR1074630
46546.0,283,genus,0.0726775,Comamonas,ERR1074630
46546.0,52784,genus,0.0555769,Anaerofilum,ERR1074630
46546.0,1505657,genus,0.0555769,Intestinibacter,ERR1074630
46546.0,872,genus,0.0470266,Desulfovibrio,ERR1074630
46546.0,1017280,genus,0.0427515,Pseudoflavonifractor,ERR1074630
46546.0,61170,genus,0.029926,Holdemania,ERR1074630
46546.0,990721,genus,0.029926,Christensenella,ERR1074630
46546.0,189330,genus,0.029926,Dorea,ERR1074630
46546.0,577310,genus,0.029926,Parasutterella,ERR1074630
46546.0,44249,genus,0.0213757,Paenibacillus,ERR1074630
46546.0,1573534,genus,0.0213757,Faecalitalea,ERR1074630
46546.0,84111,genus,0.0213757,Eggerthella,ERR1074630
46546.0,469,genus,0.0171006,Acinetobacter,ERR1074630
46546.0,838,genus,0.0171006,Prevotella,ERR1074630
46546.0,194,genus,0.0171006,Campylobacter,ERR1074630
46546.0,570,genus,0.0128254,Klebsiella,ERR1074630
46546.0,1569,genus,0.0128254,Sporosarcina,ERR1074630
46546.0,2147,genus,0.0128254,Acholeplasma,ERR1074630
46546.0,1350,genus,0.0128254,Enterococcus,ERR1074630
46546.0,180541,genus,0.0128254,Salinisphaera,ERR1074630
46546.0,267986,genus,0.0128254,Owenweeksia,ERR1074630
46546.0,1716,genus,0.0128254,Corynebacterium,ERR1074630
46546.0,28453,genus,0.0128254,Sphingobacterium,ERR1074630
46546.0,1618113,genus,0.0128254,Saccharicrinis,ERR1074630
46546.0,1200657,genus,0.0128254,Saccharofermentans,ERR1074630
46546.0,1506577,genus,0.0128254,Tyzzerella,ERR1074630
46546.0,544,genus,0.0128254,Citrobacter,ERR1074630
46546.0,66831,genus,0.0128254,Facklamia,ERR1074630
46546.0,1696,genus,0.0085503,Brevibacterium,ERR1074630
46546.0,150022,genus,0.0085503,Finegoldia,ERR1074630
46546.0,146813,genus,0.0085503,Dendrosporobacter,ERR1074630
46546.0,644652,genus,0.0085503,Gordonibacter,ERR1074630
46546.0,270497,genus,0.0085503,Catabacter,ERR1074630
46546.0,84406,genus,0.0085503,Virgibacillus,ERR1074630
46546.0,1578,genus,0.0085503,Lactobacillus,ERR1074630
46546.0,281119,genus,0.0085503,Candidatus Amoebophilus,ERR1074630
46546.0,79206,genus,0.0085503,Desulfosporosinus,ERR1074630
46546.0,84108,genus,0.0085503,Slackia,ERR1074630
46546.0,1378,genus,0.0085503,Gemella,ERR1074630
46546.0,182709,genus,0.0085503,Oceanobacillus,ERR1074630
46546.0,2316,genus,0.00427515,Methanosphaera,ERR1074630
46546.0,1654,genus,0.00427515,Actinomyces,ERR1074630
46546.0,346096,genus,0.00427515,Paludibacter,ERR1074630
46546.0,848,genus,0.00427515,Fusobacterium,ERR1074630
46546.0,1357,genus,0.00427515,Lactococcus,ERR1074630
46546.0,1253,genus,0.00427515,Pediococcus,ERR1074630
46546.0,836,genus,0.00427515,Porphyromonas,ERR1074630
46546.0,84567,genus,0.00427515,Pedobacter,ERR1074630
46546.0,40222,genus,0.00427515,Methylophaga,ERR1074630
46546.0,114627,genus,0.00427515,Alkaliphilus,ERR1074630
46546.0,445,genus,0.00427515,Legionella,ERR1074630
46546.0,207244,genus,0.00427515,Anaerostipes,ERR1074630
46546.0,724,genus,0.00427515,Haemophilus,ERR1074630
46546.0,43996,genus,0.00427515,Catonella,ERR1074630
46546.0,100175,genus,0.00427515,Papillibacter,ERR1074630
46546.0,262406,genus,0.00427515,Thermobaculum,ERR1074630
46546.0,2375,genus,0.00427515,Sporomusa,ERR1074630
46546.0,84565,genus,0.00427515,Sodalis,ERR1074630
46546.0,660628,genus,0.00427515,Insolitispirillum,ERR1074630
46546.0,400634,genus,0.00427515,Lysinibacillus,ERR1074630
46546.0,246861,genus,0.00427515,Grimontia,ERR1074630
46546.0,507,genus,0.00427515,Alcaligenes,ERR1074630
46546.0,1030,genus,0.00427515,Thiothrix,ERR1074630
46546.0,13334,genus,0.00427515,Anaerobiospirillum,ERR1074630
46546.0,583,genus,0.00427515,Proteus,ERR1074630
46546.0,670486,genus,0.00427515,Dehalogenimonas,ERR1074630
46546.0,1279,genus,0.00427515,Staphylococcus,ERR1074630
46546.0,314318,genus,0.00427515,Prolixibacter,ERR1074630
46546.0,1543704,genus,0.00427515,Niveispirillum,ERR1074630
46546.0,648800,genus,0.00427515,Solibacillus,ERR1074630
,-1,genus,34.1542,Unknown,ERR1074630
46546.0,816,genus,16.2028,Bacteroides,ERR1074630
46546.0,239759,genus,12.2226,Alistipes,ERR1074630
46546.0,286,genus,6.4683,Pseudomonas,ERR1074630
46546.0,375288,genus,5.86978,Parabacteroides,ERR1074630
46546.0,44748,genus,4.51883,Sporobacter,ERR1074630
46546.0,397864,genus,2.61639,Barnesiella,ERR1074630
46546.0,1121829,genus,2.57791,Fodinicurvata,ERR1074630
46546.0,216851,genus,1.99649,Faecalibacterium,ERR1074630
46546.0,459786,genus,1.71433,Oscillibacter,ERR1074630
46546.0,244127,genus,1.59891,Anaerotruncus,ERR1074630
46546.0,1263,genus,1.15857,Ruminococcus,ERR1074630
46546.0,283168,genus,1.05596,Odoribacter,ERR1074630
46546.0,572511,genus,1.02176,Blautia,ERR1074630
46546.0,1730,genus,0.944808,Eubacterium,ERR1074630
46546.0,2132,genus,0.756701,Spiroplasma,ERR1074630
46546.0,1508657,genus,0.615621,Ruminiclostridium,ERR1074630
46546.0,33042,genus,0.436065,Coprococcus,ERR1074630
46546.0,1485,genus,0.427515,Clostridium,ERR1074630
46546.0,642,genus,0.410414,Aeromonas,ERR1074630
46546.0,1386,genus,0.230858,Bacillus,ERR1074630
46546.0,1678,genus,0.188107,Bifidobacterium,ERR1074630
46546.0,869806,genus,0.188107,Marivirga,ERR1074630
46546.0,830,genus,0.166731,Butyrivibrio,ERR1074630
46546.0,40323,genus,0.15818,Stenotrophomonas,ERR1074630
46546.0,904,genus,0.128254,Acidaminococcus,ERR1074630
46546.0,1301,genus,0.123979,Streptococcus,ERR1074630
46546.0,1506553,genus,0.119704,Lachnoclostridium,ERR1074630
46546.0,1505663,genus,0.119704,Erysipelatoclostridium,ERR1074630
46546.0,590,genus,0.102604,Salmonella,ERR1074630
46546.0,1663,genus,0.0983284,Arthrobacter,ERR1074630
46546.0,2740,genus,0.0940533,Peptococcus,ERR1074630
46546.0,586,genus,0.0940533,Providencia,ERR1074630
46546.0,841,genus,0.0769527,Roseburia,ERR1074630
46546.0,2172,genus,0.0726775,Methanobrevibacter,ERR1074630
46546.0,283,genus,0.0726775,Comamonas,ERR1074630
46546.0,1505657,genus,0.0555769,Intestinibacter,ERR1074630
46546.0,52784,genus,0.0555769,Anaerofilum,ERR1074630
46546.0,872,genus,0.0470266,Desulfovibrio,ERR1074630
46546.0,1017280,genus,0.0427515,Pseudoflavonifractor,ERR1074630
46546.0,61170,genus,0.029926,Holdemania,ERR1074630
46546.0,990721,genus,0.029926,Christensenella,ERR1074630
46546.0,189330,genus,0.029926,Dorea,ERR1074630
46546.0,577310,genus,0.029926,Parasutterella,ERR1074630
46546.0,84111,genus,0.0213757,Eggerthella,ERR1074630
46546.0,44249,genus,0.0213757,Paenibacillus,ERR1074630
46546.0,1573534,genus,0.0213757,Faecalitalea,ERR1074630
46546.0,194,genus,0.0171006,Campylobacter,ERR1074630
46546.0,469,genus,0.0171006,Acinetobacter,ERR1074630
46546.0,838,genus,0.0171006,Prevotella,ERR1074630
46546.0,66831,genus,0.0128254,Facklamia,ERR1074630
46546.0,570,genus,0.0128254,Klebsiella,ERR1074630
46546.0,2147,genus,0.0128254,Acholeplasma,ERR1074630
46546.0,1350,genus,0.0128254,Enterococcus,ERR1074630
46546.0,1569,genus,0.0128254,Sporosarcina,ERR1074630
46546.0,180541,genus,0.0128254,Salinisphaera,ERR1074630
46546.0,267986,genus,0.0128254,Owenweeksia,ERR1074630
46546.0,1716,genus,0.0128254,Corynebacterium,ERR1074630
46546.0,28453,genus,0.0128254,Sphingobacterium,ERR1074630
46546.0,1618113,genus,0.0128254,Saccharicrinis,ERR1074630
46546.0,1200657,genus,0.0128254,Saccharofermentans,ERR1074630
46546.0,1506577,genus,0.0128254,Tyzzerella,ERR1074630
46546.0,544,genus,0.0128254,Citrobacter,ERR1074630
46546.0,1378,genus,0.0085503,Gemella,ERR1074630
46546.0,182709,genus,0.0085503,Oceanobacillus,ERR1074630
46546.0,1696,genus,0.0085503,Brevibacterium,ERR1074630
46546.0,146813,genus,0.0085503,Dendrosporobacter,ERR1074630
46546.0,150022,genus,0.0085503,Finegoldia,ERR1074630
46546.0,644652,genus,0.0085503,Gordonibacter,ERR1074630
46546.0,270497,genus,0.0085503,Catabacter,ERR1074630
46546.0,84406,genus,0.0085503,Virgibacillus,ERR1074630
46546.0,1578,genus,0.0085503,Lactobacillus,ERR1074630
46546.0,281119,genus,0.0085503,Candidatus Amoebophilus,ERR1074630
46546.0,79206,genus,0.0085503,Desulfosporosinus,ERR1074630
46546.0,84108,genus,0.0085503,Slackia,ERR1074630
46546.0,314318,genus,0.00427515,Prolixibacter,ERR1074630
46546.0,670486,genus,0.00427515,Dehalogenimonas,ERR1074630
46546.0,1279,genus,0.00427515,Staphylococcus,ERR1074630
46546.0,648800,genus,0.00427515,Solibacillus,ERR1074630
46546.0,1543704,genus,0.00427515,Niveispirillum,ERR1074630
46546.0,346096,genus,0.00427515,Paludibacter,ERR1074630
46546.0,2316,genus,0.00427515,Methanosphaera,ERR1074630
46546.0,1654,genus,0.00427515,Actinomyces,ERR1074630
46546.0,848,genus,0.00427515,Fusobacterium,ERR1074630
46546.0,1253,genus,0.00427515,Pediococcus,ERR1074630
46546.0,1357,genus,0.00427515,Lactococcus,ERR1074630
46546.0,84567,genus,0.00427515,Pedobacter,ERR1074630
46546.0,836,genus,0.00427515,Porphyromonas,ERR1074630
46546.0,40222,genus,0.00427515,Methylophaga,ERR1074630
46546.0,207244,genus,0.00427515,Anaerostipes,ERR1074630
46546.0,114627,genus,0.00427515,Alkaliphilus,ERR1074630
46546.0,445,genus,0.00427515,Legionella,ERR1074630
46546.0,724,genus,0.00427515,Haemophilus,ERR1074630
46546.0,2375,genus,0.00427515,Sporomusa,ERR1074630
46546.0,84565,genus,0.00427515,Sodalis,ERR1074630
46546.0,43996,genus,0.00427515,Catonella,ERR1074630
46546.0,100175,genus,0.00427515,Papillibacter,ERR1074630
46546.0,262406,genus,0.00427515,Thermobaculum,ERR1074630
46546.0,400634,genus,0.00427515,Lysinibacillus,ERR1074630
46546.0,660628,genus,0.00427515,Insolitispirillum,ERR1074630
46546.0,507,genus,0.00427515,Alcaligenes,ERR1074630
46546.0,246861,genus,0.00427515,Grimontia,ERR1074630
46546.0,1030,genus,0.00427515,Thiothrix,ERR1074630
46546.0,13334,genus,0.00427515,Anaerobiospirillum,ERR1074630
46546.0,583,genus,0.00427515,Proteus,ERR1074630
,-1,genus,34.1542,Unknown,ERR1074630
46546.0,816,genus,16.2028,Bacteroides,ERR1074630
46546.0,239759,genus,12.2226,Alistipes,ERR1074630
46546.0,286,genus,6.4683,Pseudomonas,ERR1074630
46546.0,375288,genus,5.86978,Parabacteroides,ERR1074630
46546.0,44748,genus,4.51883,Sporobacter,ERR1074630
46546.0,397864,genus,2.61639,Barnesiella,ERR1074630
46546.0,1121829,genus,2.57791,Fodinicurvata,ERR1074630
46546.0,216851,genus,1.99649,Faecalibacterium,ERR1074630
46546.0,459786,genus,1.71433,Oscillibacter,ERR1074630
46546.0,244127,genus,1.59891,Anaerotruncus,ERR1074630
46546.0,1263,genus,1.15857,Ruminococcus,ERR1074630
46546.0,283168,genus,1.05596,Odoribacter,ERR1074630
46546.0,572511,genus,1.02176,Blautia,ERR1074630
46546.0,1730,genus,0.944808,Eubacterium,ERR1074630
46546.0,2132,genus,0.756701,Spiroplasma,ERR1074630
46546.0,1508657,genus,0.615621,Ruminiclostridium,ERR1074630
46546.0,33042,genus,0.436065,Coprococcus,ERR1074630
46546.0,1485,genus,0.427515,Clostridium,ERR1074630
46546.0,642,genus,0.410414,Aeromonas,ERR1074630
46546.0,1386,genus,0.230858,Bacillus,ERR1074630
46546.0,1678,genus,0.188107,Bifidobacterium,ERR1074630
46546.0,869806,genus,0.188107,Marivirga,ERR1074630
46546.0,830,genus,0.166731,Butyrivibrio,ERR1074630
46546.0,40323,genus,0.15818,Stenotrophomonas,ERR1074630
46546.0,904,genus,0.128254,Acidaminococcus,ERR1074630
46546.0,1301,genus,0.123979,Streptococcus,ERR1074630
46546.0,1506553,genus,0.119704,Lachnoclostridium,ERR1074630
46546.0,1505663,genus,0.119704,Erysipelatoclostridium,ERR1074630
46546.0,590,genus,0.102604,Salmonella,ERR1074630
46546.0,1663,genus,0.0983284,Arthrobacter,ERR1074630
46546.0,2740,genus,0.0940533,Peptococcus,ERR1074630
46546.0,586,genus,0.0940533,Providencia,ERR1074630
46546.0,841,genus,0.0769527,Roseburia,ERR1074630
46546.0,2172,genus,0.0726775,Methanobrevibacter,ERR1074630
46546.0,283,genus,0.0726775,Comamonas,ERR1074630
46546.0,1505657,genus,0.0555769,Intestinibacter,ERR1074630
46546.0,52784,genus,0.0555769,Anaerofilum,ERR1074630
46546.0,872,genus,0.0470266,Desulfovibrio,ERR1074630
46546.0,1017280,genus,0.0427515,Pseudoflavonifractor,ERR1074630
46546.0,577310,genus,0.029926,Parasutterella,ERR1074630
46546.0,61170,genus,0.029926,Holdemania,ERR1074630
46546.0,990721,genus,0.029926,Christensenella,ERR1074630
46546.0,189330,genus,0.029926,Dorea,ERR1074630
46546.0,84111,genus,0.0213757,Eggerthella,ERR1074630
46546.0,44249,genus,0.0213757,Paenibacillus,ERR1074630
46546.0,1573534,genus,0.0213757,Faecalitalea,ERR1074630
46546.0,194,genus,0.0171006,Campylobacter,ERR1074630
46546.0,469,genus,0.0171006,Acinetobacter,ERR1074630
46546.0,838,genus,0.0171006,Prevotella,ERR1074630
46546.0,1506577,genus,0.0128254,Tyzzerella,ERR1074630
46546.0,544,genus,0.0128254,Citrobacter,ERR1074630
46546.0,66831,genus,0.0128254,Facklamia,ERR1074630
46546.0,570,genus,0.0128254,Klebsiella,ERR1074630
46546.0,2147,genus,0.0128254,Acholeplasma,ERR1074630
46546.0,1350,genus,0.0128254,Enterococcus,ERR1074630
46546.0,1569,genus,0.0128254,Sporosarcina,ERR1074630
46546.0,180541,genus,0.0128254,Salinisphaera,ERR1074630
46546.0,267986,genus,0.0128254,Owenweeksia,ERR1074630
46546.0,1716,genus,0.0128254,Corynebacterium,ERR1074630
46546.0,28453,genus,0.0128254,Sphingobacterium,ERR1074630
46546.0,1618113,genus,0.0128254,Saccharicrinis,ERR1074630
46546.0,1200657,genus,0.0128254,Saccharofermentans,ERR1074630
46546.0,79206,genus,0.0085503,Desulfosporosinus,ERR1074630
46546.0,84108,genus,0.0085503,Slackia,ERR1074630
46546.0,1378,genus,0.0085503,Gemella,ERR1074630
46546.0,182709,genus,0.0085503,Oceanobacillus,ERR1074630
46546.0,1696,genus,0.0085503,Brevibacterium,ERR1074630
46546.0,146813,genus,0.0085503,Dendrosporobacter,ERR1074630
46546.0,150022,genus,0.0085503,Finegoldia,ERR1074630
46546.0,644652,genus,0.0085503,Gordonibacter,ERR1074630
46546.0,270497,genus,0.0085503,Catabacter,ERR1074630
46546.0,84406,genus,0.0085503,Virgibacillus,ERR1074630
46546.0,1578,genus,0.0085503,Lactobacillus,ERR1074630
46546.0,281119,genus,0.0085503,Candidatus Amoebophilus,ERR1074630
46546.0,1030,genus,0.00427515,Thiothrix,ERR1074630
46546.0,13334,genus,0.00427515,Anaerobiospirillum,ERR1074630
46546.0,583,genus,0.00427515,Proteus,ERR1074630
46546.0,314318,genus,0.00427515,Prolixibacter,ERR1074630
46546.0,670486,genus,0.00427515,Dehalogenimonas,ERR1074630
46546.0,1279,genus,0.00427515,Staphylococcus,ERR1074630
46546.0,648800,genus,0.00427515,Solibacillus,ERR1074630
46546.0,1543704,genus,0.00427515,Niveispirillum,ERR1074630
46546.0,346096,genus,0.00427515,Paludibacter,ERR1074630
46546.0,2316,genus,0.00427515,Methanosphaera,ERR1074630
46546.0,1654,genus,0.00427515,Actinomyces,ERR1074630
46546.0,848,genus,0.00427515,Fusobacterium,ERR1074630
46546.0,1253,genus,0.00427515,Pediococcus,ERR1074630
46546.0,1357,genus,0.00427515,Lactococcus,ERR1074630
46546.0,84567,genus,0.00427515,Pedobacter,ERR1074630
46546.0,836,genus,0.00427515,Porphyromonas,ERR1074630
46546.0,40222,genus,0.00427515,Methylophaga,ERR1074630
46546.0,207244,genus,0.00427515,Anaerostipes,ERR1074630
46546.0,114627,genus,0.00427515,Alkaliphilus,ERR1074630
46546.0,445,genus,0.00427515,Legionella,ERR1074630
46546.0,724,genus,0.00427515,Haemophilus,ERR1074630
46546.0,2375,genus,0.00427515,Sporomusa,ERR1074630
46546.0,84565,genus,0.00427515,Sodalis,ERR1074630
46546.0,43996,genus,0.00427515,Catonella,ERR1074630
46546.0,100175,genus,0.00427515,Papillibacter,ERR1074630
46546.0,262406,genus,0.00427515,Thermobaculum,ERR1074630
46546.0,400634,genus,0.00427515,Lysinibacillus,ERR1074630
46546.0,660628,genus,0.00427515,Insolitispirillum,ERR1074630
46546.0,507,genus,0.00427515,Alcaligenes,ERR1074630
46546.0,246861,genus,0.00427515,Grimontia,ERR1074630
,-1,genus,34.1542,Unknown,ERR1074630
46546.0,816,genus,16.2028,Bacteroides,ERR1074630
46546.0,239759,genus,12.2226,Alistipes,ERR1074630
46546.0,286,genus,6.4683,Pseudomonas,ERR1074630
46546.0,375288,genus,5.86978,Parabacteroides,ERR1074630
46546.0,44748,genus,4.51883,Sporobacter,ERR1074630
46546.0,397864,genus,2.61639,Barnesiella,ERR1074630
46546.0,1121829,genus,2.57791,Fodinicurvata,ERR1074630
46546.0,216851,genus,1.99649,Faecalibacterium,ERR1074630
46546.0,459786,genus,1.71433,Oscillibacter,ERR1074630
46546.0,244127,genus,1.59891,Anaerotruncus,ERR1074630
46546.0,1263,genus,1.15857,Ruminococcus,ERR1074630
46546.0,283168,genus,1.05596,Odoribacter,ERR1074630
46546.0,572511,genus,1.02176,Blautia,ERR1074630
46546.0,1730,genus,0.944808,Eubacterium,ERR1074630
46546.0,2132,genus,0.756701,Spiroplasma,ERR1074630
46546.0,1508657,genus,0.615621,Ruminiclostridium,ERR1074630
46546.0,33042,genus,0.436065,Coprococcus,ERR1074630
46546.0,1485,genus,0.427515,Clostridium,ERR1074630
46546.0,642,genus,0.410414,Aeromonas,ERR1074630
46546.0,1386,genus,0.230858,Bacillus,ERR1074630
46546.0,1678,genus,0.188107,Bifidobacterium,ERR1074630
46546.0,869806,genus,0.188107,Marivirga,ERR1074630
46546.0,830,genus,0.166731,Butyrivibrio,ERR1074630
46546.0,40323,genus,0.15818,Stenotrophomonas,ERR1074630
46546.0,904,genus,0.128254,Acidaminococcus,ERR1074630
46546.0,1301,genus,0.123979,Streptococcus,ERR1074630
46546.0,1506553,genus,0.119704,Lachnoclostridium,ERR1074630
46546.0,1505663,genus,0.119704,Erysipelatoclostridium,ERR1074630
46546.0,590,genus,0.102604,Salmonella,ERR1074630
46546.0,1663,genus,0.0983284,Arthrobacter,ERR1074630
46546.0,2740,genus,0.0940533,Peptococcus,ERR1074630
46546.0,586,genus,0.0940533,Providencia,ERR1074630
46546.0,841,genus,0.0769527,Roseburia,ERR1074630
46546.0,2172,genus,0.0726775,Methanobrevibacter,ERR1074630
46546.0,283,genus,0.0726775,Comamonas,ERR1074630
46546.0,1505657,genus,0.0555769,Intestinibacter,ERR1074630
46546.0,52784,genus,0.0555769,Anaerofilum,ERR1074630
46546.0,872,genus,0.0470266,Desulfovibrio,ERR1074630
46546.0,1017280,genus,0.0427515,Pseudoflavonifractor,ERR1074630
46546.0,577310,genus,0.029926,Parasutterella,ERR1074630
46546.0,61170,genus,0.029926,Holdemania,ERR1074630
46546.0,990721,genus,0.029926,Christensenella,ERR1074630
46546.0,189330,genus,0.029926,Dorea,ERR1074630
46546.0,84111,genus,0.0213757,Eggerthella,ERR1074630
46546.0,44249,genus,0.0213757,Paenibacillus,ERR1074630
46546.0,1573534,genus,0.0213757,Faecalitalea,ERR1074630
46546.0,194,genus,0.0171006,Campylobacter,ERR1074630
46546.0,469,genus,0.0171006,Acinetobacter,ERR1074630
46546.0,838,genus,0.0171006,Prevotella,ERR1074630
46546.0,1200657,genus,0.0128254,Saccharofermentans,ERR1074630
46546.0,1506577,genus,0.0128254,Tyzzerella,ERR1074630
46546.0,544,genus,0.0128254,Citrobacter,ERR1074630
46546.0,66831,genus,0.0128254,Facklamia,ERR1074630
46546.0,570,genus,0.0128254,Klebsiella,ERR1074630
46546.0,2147,genus,0.0128254,Acholeplasma,ERR1074630
46546.0,1350,genus,0.0128254,Enterococcus,ERR1074630
46546.0,1569,genus,0.0128254,Sporosarcina,ERR1074630
46546.0,180541,genus,0.0128254,Salinisphaera,ERR1074630
46546.0,267986,genus,0.0128254,Owenweeksia,ERR1074630
46546.0,1716,genus,0.0128254,Corynebacterium,ERR1074630
46546.0,28453,genus,0.0128254,Sphingobacterium,ERR1074630
46546.0,1618113,genus,0.0128254,Saccharicrinis,ERR1074630
46546.0,281119,genus,0.0085503,Candidatus Amoebophilus,ERR1074630
46546.0,79206,genus,0.0085503,Desulfosporosinus,ERR1074630
46546.0,84108,genus,0.0085503,Slackia,ERR1074630
46546.0,1378,genus,0.0085503,Gemella,ERR1074630
46546.0,182709,genus,0.0085503,Oceanobacillus,ERR1074630
46546.0,1696,genus,0.0085503,Brevibacterium,ERR1074630
46546.0,146813,genus,0.0085503,Dendrosporobacter,ERR1074630
46546.0,150022,genus,0.0085503,Finegoldia,ERR1074630
46546.0,644652,genus,0.0085503,Gordonibacter,ERR1074630
46546.0,270497,genus,0.0085503,Catabacter,ERR1074630
46546.0,84406,genus,0.0085503,Virgibacillus,ERR1074630
46546.0,1578,genus,0.0085503,Lactobacillus,ERR1074630
46546.0,507,genus,0.00427515,Alcaligenes,ERR1074630
46546.0,246861,genus,0.00427515,Grimontia,ERR1074630
46546.0,1030,genus,0.00427515,Thiothrix,ERR1074630
46546.0,13334,genus,0.00427515,Anaerobiospirillum,ERR1074630
46546.0,583,genus,0.00427515,Proteus,ERR1074630
46546.0,314318,genus,0.00427515,Prolixibacter,ERR1074630
46546.0,670486,genus,0.00427515,Dehalogenimonas,ERR1074630
46546.0,1279,genus,0.00427515,Staphylococcus,ERR1074630
46546.0,648800,genus,0.00427515,Solibacillus,ERR1074630
46546.0,1543704,genus,0.00427515,Niveispirillum,ERR1074630
46546.0,346096,genus,0.00427515,Paludibacter,ERR1074630
46546.0,2316,genus,0.00427515,Methanosphaera,ERR1074630
46546.0,1654,genus,0.00427515,Actinomyces,ERR1074630
46546.0,848,genus,0.00427515,Fusobacterium,ERR1074630
46546.0,1253,genus,0.00427515,Pediococcus,ERR1074630
46546.0,1357,genus,0.00427515,Lactococcus,ERR1074630
46546.0,84567,genus,0.00427515,Pedobacter,ERR1074630
46546.0,836,genus,0.00427515,Porphyromonas,ERR1074630
46546.0,40222,genus,0.00427515,Methylophaga,ERR1074630
46546.0,207244,genus,0.00427515,Anaerostipes,ERR1074630
46546.0,114627,genus,0.00427515,Alkaliphilus,ERR1074630
46546.0,445,genus,0.00427515,Legionella,ERR1074630
46546.0,724,genus,0.00427515,Haemophilus,ERR1074630
46546.0,2375,genus,0.00427515,Sporomusa,ERR1074630
46546.0,84565,genus,0.00427515,Sodalis,ERR1074630
46546.0,43996,genus,0.00427515,Catonella,ERR1074630
46546.0,100175,genus,0.00427515,Papillibacter,ERR1074630
46546.0,262406,genus,0.00427515,Thermobaculum,ERR1074630
46546.0,400634,genus,0.00427515,Lysinibacillus,ERR1074630
46546.0,660628,genus,0.00427515,Insolitispirillum,ERR1074630
,-1,genus,34.1542,Unknown,ERR1074630
46904.0,816,genus,11.009,Bacteroides,ERR1074794
46904.0,469,genus,8.1334,Acinetobacter,ERR1074794
46904.0,216851,genus,3.72072,Faecalibacterium,ERR1074794
46904.0,1263,genus,2.80755,Ruminococcus,ERR1074794
46904.0,286,genus,2.48993,Pseudomonas,ERR1074794
46904.0,1730,genus,2.25739,Eubacterium,ERR1074794
46904.0,239759,genus,2.08723,Alistipes,ERR1074794
46904.0,1508657,genus,1.832,Ruminiclostridium,ERR1074794
46904.0,459786,genus,1.63349,Oscillibacter,ERR1074794
46904.0,239934,genus,1.50303,Akkermansia,ERR1074794
46904.0,117563,genus,1.40094,Granulicatella,ERR1074794
46904.0,872,genus,1.11735,Desulfovibrio,ERR1074794
46904.0,1506553,genus,0.952867,Lachnoclostridium,ERR1074794
46904.0,283168,genus,0.907492,Odoribacter,ERR1074794
46904.0,904,genus,0.839431,Acidaminococcus,ERR1074794
46904.0,572511,genus,0.71465,Blautia,ERR1074794
46904.0,841,genus,0.71465,Roseburia,ERR1074794
46904.0,44748,genus,0.697635,Sporobacter,ERR1074794
46904.0,990721,genus,0.680619,Christensenella,ERR1074794
46904.0,35832,genus,0.516136,Bilophila,ERR1074794
46904.0,375288,genus,0.510465,Parabacteroides,ERR1074794
46904.0,1291539,genus,0.46509,Candidatus Methanomethylophilus,ERR1074794
46904.0,172900,genus,0.436731,Victivallis,ERR1074794
46904.0,830,genus,0.4027,Butyrivibrio,ERR1074794
46904.0,507,genus,0.374341,Alcaligenes,ERR1074794
46904.0,1505663,genus,0.374341,Erysipelatoclostridium,ERR1074794
46904.0,244127,genus,0.243889,Anaerotruncus,ERR1074794
46904.0,1485,genus,0.209858,Clostridium,ERR1074794
46904.0,577310,genus,0.18717,Parasutterella,ERR1074794
46904.0,2172,genus,0.164483,Methanobrevibacter,ERR1074794
46904.0,189330,genus,0.147468,Dorea,ERR1074794
46904.0,660628,genus,0.141796,Insolitispirillum,ERR1074794
46904.0,963,genus,0.12478,Herbaspirillum,ERR1074794
46904.0,577309,genus,0.12478,Paraprevotella,ERR1074794
46904.0,404,genus,0.113437,Methylobacillus,ERR1074794
46904.0,838,genus,0.113437,Prevotella,ERR1074794
46904.0,508459,genus,0.0907492,Cloacibacillus,ERR1074794
46904.0,1200657,genus,0.0850774,Saccharofermentans,ERR1074794
46904.0,40544,genus,0.0850774,Sutterella,ERR1074794
46904.0,836,genus,0.0680619,Porphyromonas,ERR1074794
46904.0,848,genus,0.0510465,Fusobacterium,ERR1074794
46904.0,1301,genus,0.0453746,Streptococcus,ERR1074794
46904.0,184869,genus,0.0453746,Varibaculum,ERR1074794
46904.0,397864,genus,0.0397028,Barnesiella,ERR1074794
46904.0,84567,genus,0.0397028,Pedobacter,ERR1074794
46904.0,36853,genus,0.034031,Desulfitobacterium,ERR1074794
46904.0,44261,genus,0.034031,Oxobacter,ERR1074794
46904.0,207244,genus,0.034031,Anaerostipes,ERR1074794
46904.0,1350,genus,0.034031,Enterococcus,ERR1074794
46904.0,1763,genus,0.0283591,Mycobacterium,ERR1074794
46904.0,590,genus,0.0283591,Salmonella,ERR1074794
46904.0,1573534,genus,0.0283591,Faecalitalea,ERR1074794
46904.0,83660,genus,0.0226873,Desulfonispora,ERR1074794
46904.0,102106,genus,0.0226873,Collinsella,ERR1074794
46904.0,162289,genus,0.0226873,Peptoniphilus,ERR1074794
46904.0,1279,genus,0.0226873,Staphylococcus,ERR1074794
46904.0,61170,genus,0.0170155,Holdemania,ERR1074794
46904.0,264995,genus,0.0170155,Anaerofustis,ERR1074794
46904.0,41273,genus,0.0170155,Tissierella,ERR1074794
46904.0,442430,genus,0.0170155,Coraliomargarita,ERR1074794
46904.0,698776,genus,0.0170155,Cellulosilyticum,ERR1074794
46904.0,561,genus,0.0170155,Escherichia,ERR1074794
46904.0,1578,genus,0.0170155,Lactobacillus,ERR1074794
46904.0,1017280,genus,0.0170155,Pseudoflavonifractor,ERR1074794
46904.0,1573535,genus,0.0170155,Holdemanella,ERR1074794
46904.0,187144,genus,0.0113437,Caldithrix,ERR1074794
46904.0,34037,genus,0.0113437,Rahnella,ERR1074794
46904.0,100175,genus,0.0113437,Papillibacter,ERR1074794
46904.0,29465,genus,0.0113437,Veillonella,ERR1074794
46904.0,586,genus,0.0113437,Providencia,ERR1074794
46904.0,1654931,genus,0.0113437,Crenobacter,ERR1074794
46904.0,52784,genus,0.0113437,Anaerofilum,ERR1074794
46904.0,1471399,genus,0.00567183,Draconibacterium,ERR1074794
46904.0,1716,genus,0.00567183,Corynebacterium,ERR1074794
46904.0,482,genus,0.00567183,Neisseria,ERR1074794
46904.0,59740,genus,0.00567183,Persicobacter,ERR1074794
46904.0,114627,genus,0.00567183,Alkaliphilus,ERR1074794
46904.0,399320,genus,0.00567183,Sphaerochaeta,ERR1074794
46904.0,32012,genus,0.00567183,Thiomonas,ERR1074794
46904.0,570,genus,0.00567183,Klebsiella,ERR1074794
46904.0,2316,genus,0.00567183,Methanosphaera,ERR1074794
46904.0,196081,genus,0.00567183,Scardovia,ERR1074794
46904.0,1505652,genus,0.00567183,Terrisporobacter,ERR1074794
46904.0,583,genus,0.00567183,Proteus,ERR1074794
46904.0,79206,genus,0.00567183,Desulfosporosinus,ERR1074794
46904.0,262406,genus,0.00567183,Thermobaculum,ERR1074794
46904.0,2086,genus,0.00567183,Anaeroplasma,ERR1074794
46904.0,161492,genus,0.00567183,Anaeromyxobacter,ERR1074794
46904.0,1082702,genus,0.00567183,Lonsdalea,ERR1074794
46904.0,270497,genus,0.00567183,Catabacter,ERR1074794
46904.0,146813,genus,0.00567183,Dendrosporobacter,ERR1074794
46904.0,1386,genus,0.00567183,Bacillus,ERR1074794
46904.0,898,genus,0.00567183,Desulfomicrobium,ERR1074794
46904.0,1279388,genus,0.00567183,Kandleria,ERR1074794
46904.0,84111,genus,0.00567183,Eggerthella,ERR1074794
46904.0,1618113,genus,0.00567183,Saccharicrinis,ERR1074794
46904.0,1378,genus,0.00567183,Gemella,ERR1074794
46904.0,475,genus,0.00567183,Moraxella,ERR1074794
46904.0,413496,genus,0.00567183,Cronobacter,ERR1074794
46904.0,497,genus,0.00567183,Psychrobacter,ERR1074794
46904.0,233191,genus,0.00567183,Caldilinea,ERR1074794
46904.0,44249,genus,0.00567183,Paenibacillus,ERR1074794
46904.0,543311,genus,0.00567183,Parvimonas,ERR1074794
46904.0,724,genus,0.00567183,Haemophilus,ERR1074794
46904.0,100883,genus,0.00567183,Coprobacillus,ERR1074794
,-1,genus,48.1935,Unknown,ERR1074794
46904.0,816,genus,11.009,Bacteroides,ERR1074794
46904.0,469,genus,8.1334,Acinetobacter,ERR1074794
46904.0,216851,genus,3.72072,Faecalibacterium,ERR1074794
46904.0,1263,genus,2.80755,Ruminococcus,ERR1074794
46904.0,286,genus,2.48993,Pseudomonas,ERR1074794
46904.0,1730,genus,2.25739,Eubacterium,ERR1074794
46904.0,239759,genus,2.08723,Alistipes,ERR1074794
46904.0,1508657,genus,1.832,Ruminiclostridium,ERR1074794
46904.0,459786,genus,1.63349,Oscillibacter,ERR1074794
46904.0,239934,genus,1.50303,Akkermansia,ERR1074794
46904.0,117563,genus,1.40094,Granulicatella,ERR1074794
46904.0,872,genus,1.11735,Desulfovibrio,ERR1074794
46904.0,1506553,genus,0.952867,Lachnoclostridium,ERR1074794
46904.0,283168,genus,0.907492,Odoribacter,ERR1074794
46904.0,904,genus,0.839431,Acidaminococcus,ERR1074794
46904.0,572511,genus,0.71465,Blautia,ERR1074794
46904.0,841,genus,0.71465,Roseburia,ERR1074794
46904.0,44748,genus,0.697635,Sporobacter,ERR1074794
46904.0,990721,genus,0.680619,Christensenella,ERR1074794
46904.0,35832,genus,0.516136,Bilophila,ERR1074794
46904.0,375288,genus,0.510465,Parabacteroides,ERR1074794
46904.0,1291539,genus,0.46509,Candidatus Methanomethylophilus,ERR1074794
46904.0,172900,genus,0.436731,Victivallis,ERR1074794
46904.0,830,genus,0.4027,Butyrivibrio,ERR1074794
46904.0,1505663,genus,0.374341,Erysipelatoclostridium,ERR1074794
46904.0,507,genus,0.374341,Alcaligenes,ERR1074794
46904.0,244127,genus,0.243889,Anaerotruncus,ERR1074794
46904.0,1485,genus,0.209858,Clostridium,ERR1074794
46904.0,577310,genus,0.18717,Parasutterella,ERR1074794
46904.0,2172,genus,0.164483,Methanobrevibacter,ERR1074794
46904.0,189330,genus,0.147468,Dorea,ERR1074794
46904.0,660628,genus,0.141796,Insolitispirillum,ERR1074794
46904.0,577309,genus,0.12478,Paraprevotella,ERR1074794
46904.0,963,genus,0.12478,Herbaspirillum,ERR1074794
46904.0,404,genus,0.113437,Methylobacillus,ERR1074794
46904.0,838,genus,0.113437,Prevotella,ERR1074794
46904.0,508459,genus,0.0907492,Cloacibacillus,ERR1074794
46904.0,1200657,genus,0.0850774,Saccharofermentans,ERR1074794
46904.0,40544,genus,0.0850774,Sutterella,ERR1074794
46904.0,836,genus,0.0680619,Porphyromonas,ERR1074794
46904.0,848,genus,0.0510465,Fusobacterium,ERR1074794
46904.0,184869,genus,0.0453746,Varibaculum,ERR1074794
46904.0,1301,genus,0.0453746,Streptococcus,ERR1074794
46904.0,84567,genus,0.0397028,Pedobacter,ERR1074794
46904.0,397864,genus,0.0397028,Barnesiella,ERR1074794
46904.0,1350,genus,0.034031,Enterococcus,ERR1074794
46904.0,36853,genus,0.034031,Desulfitobacterium,ERR1074794
46904.0,44261,genus,0.034031,Oxobacter,ERR1074794
46904.0,207244,genus,0.034031,Anaerostipes,ERR1074794
46904.0,590,genus,0.0283591,Salmonella,ERR1074794
46904.0,1573534,genus,0.0283591,Faecalitalea,ERR1074794
46904.0,1763,genus,0.0283591,Mycobacterium,ERR1074794
46904.0,102106,genus,0.0226873,Collinsella,ERR1074794
46904.0,162289,genus,0.0226873,Peptoniphilus,ERR1074794
46904.0,1279,genus,0.0226873,Staphylococcus,ERR1074794
46904.0,83660,genus,0.0226873,Desulfonispora,ERR1074794
46904.0,698776,genus,0.0170155,Cellulosilyticum,ERR1074794
46904.0,561,genus,0.0170155,Escherichia,ERR1074794
46904.0,1578,genus,0.0170155,Lactobacillus,ERR1074794
46904.0,1017280,genus,0.0170155,Pseudoflavonifractor,ERR1074794
46904.0,1573535,genus,0.0170155,Holdemanella,ERR1074794
46904.0,61170,genus,0.0170155,Holdemania,ERR1074794
46904.0,264995,genus,0.0170155,Anaerofustis,ERR1074794
46904.0,41273,genus,0.0170155,Tissierella,ERR1074794
46904.0,442430,genus,0.0170155,Coraliomargarita,ERR1074794
46904.0,586,genus,0.0113437,Providencia,ERR1074794
46904.0,1654931,genus,0.0113437,Crenobacter,ERR1074794
46904.0,52784,genus,0.0113437,Anaerofilum,ERR1074794
46904.0,187144,genus,0.0113437,Caldithrix,ERR1074794
46904.0,34037,genus,0.0113437,Rahnella,ERR1074794
46904.0,100175,genus,0.0113437,Papillibacter,ERR1074794
46904.0,29465,genus,0.0113437,Veillonella,ERR1074794
46904.0,84111,genus,0.00567183,Eggerthella,ERR1074794
46904.0,1618113,genus,0.00567183,Saccharicrinis,ERR1074794
46904.0,475,genus,0.00567183,Moraxella,ERR1074794
46904.0,1378,genus,0.00567183,Gemella,ERR1074794
46904.0,497,genus,0.00567183,Psychrobacter,ERR1074794
46904.0,233191,genus,0.00567183,Caldilinea,ERR1074794
46904.0,413496,genus,0.00567183,Cronobacter,ERR1074794
46904.0,44249,genus,0.00567183,Paenibacillus,ERR1074794
46904.0,543311,genus,0.00567183,Parvimonas,ERR1074794
46904.0,100883,genus,0.00567183,Coprobacillus,ERR1074794
46904.0,724,genus,0.00567183,Haemophilus,ERR1074794
46904.0,1716,genus,0.00567183,Corynebacterium,ERR1074794
46904.0,1471399,genus,0.00567183,Draconibacterium,ERR1074794
46904.0,482,genus,0.00567183,Neisseria,ERR1074794
46904.0,570,genus,0.00567183,Klebsiella,ERR1074794
46904.0,59740,genus,0.00567183,Persicobacter,ERR1074794
46904.0,114627,genus,0.00567183,Alkaliphilus,ERR1074794
46904.0,399320,genus,0.00567183,Sphaerochaeta,ERR1074794
46904.0,32012,genus,0.00567183,Thiomonas,ERR1074794
46904.0,583,genus,0.00567183,Proteus,ERR1074794
46904.0,2316,genus,0.00567183,Methanosphaera,ERR1074794
46904.0,196081,genus,0.00567183,Scardovia,ERR1074794
46904.0,1505652,genus,0.00567183,Terrisporobacter,ERR1074794
46904.0,2086,genus,0.00567183,Anaeroplasma,ERR1074794
46904.0,161492,genus,0.00567183,Anaeromyxobacter,ERR1074794
46904.0,79206,genus,0.00567183,Desulfosporosinus,ERR1074794
46904.0,262406,genus,0.00567183,Thermobaculum,ERR1074794
46904.0,146813,genus,0.00567183,Dendrosporobacter,ERR1074794
46904.0,1386,genus,0.00567183,Bacillus,ERR1074794
46904.0,1082702,genus,0.00567183,Lonsdalea,ERR1074794
46904.0,270497,genus,0.00567183,Catabacter,ERR1074794
46904.0,1279388,genus,0.00567183,Kandleria,ERR1074794
46904.0,898,genus,0.00567183,Desulfomicrobium,ERR1074794
,-1,genus,48.1935,Unknown,ERR1074794
38432.0,838,genus,29.0167,Prevotella,ERR1074802
38432.0,216851,genus,15.1525,Faecalibacterium,ERR1074802
38432.0,1508657,genus,11.1317,Ruminiclostridium,ERR1074802
38432.0,816,genus,7.90249,Bacteroides,ERR1074802
38432.0,1573535,genus,4.72626,Holdemanella,ERR1074802
38432.0,239759,genus,2.88146,Alistipes,ERR1074802
38432.0,397864,genus,2.34823,Barnesiella,ERR1074802
38432.0,1730,genus,1.89117,Eubacterium,ERR1074802
38432.0,459786,genus,1.46723,Oscillibacter,ERR1074802
38432.0,572511,genus,1.38111,Blautia,ERR1074802
38432.0,1263,genus,1.11946,Ruminococcus,ERR1074802
38432.0,1506553,genus,1.09297,Lachnoclostridium,ERR1074802
38432.0,375288,genus,1.00686,Parabacteroides,ERR1074802
38432.0,577309,genus,0.765078,Paraprevotella,ERR1074802
38432.0,1505663,genus,0.635909,Erysipelatoclostridium,ERR1074802
38432.0,904,genus,0.543172,Acidaminococcus,ERR1074802
38432.0,872,genus,0.437187,Desulfovibrio,ERR1074802
38432.0,244127,genus,0.384195,Anaerotruncus,ERR1074802
38432.0,44748,genus,0.351075,Sporobacter,ERR1074802
38432.0,33042,genus,0.327891,Coprococcus,ERR1074802
38432.0,2147,genus,0.321267,Acholeplasma,ERR1074802
38432.0,207244,genus,0.291458,Anaerostipes,ERR1074802
38432.0,841,genus,0.241778,Roseburia,ERR1074802
38432.0,40544,genus,0.218594,Sutterella,ERR1074802
38432.0,1357,genus,0.215282,Lactococcus,ERR1074802
38432.0,1485,genus,0.202034,Clostridium,ERR1074802
38432.0,724,genus,0.185473,Haemophilus,ERR1074802
38432.0,1301,genus,0.175537,Streptococcus,ERR1074802
38432.0,283168,genus,0.168913,Odoribacter,ERR1074802
38432.0,1505657,genus,0.135793,Intestinibacter,ERR1074802
38432.0,1578,genus,0.0794886,Lactobacillus,ERR1074802
38432.0,990721,genus,0.0761766,Christensenella,ERR1074802
38432.0,1243,genus,0.0430563,Leuconostoc,ERR1074802
38432.0,239934,genus,0.0364323,Akkermansia,ERR1074802
38432.0,1279,genus,0.0331203,Staphylococcus,ERR1074802
38432.0,2740,genus,0.0264962,Peptococcus,ERR1074802
38432.0,35832,genus,0.0231842,Bilophila,ERR1074802
38432.0,189330,genus,0.0231842,Dorea,ERR1074802
38432.0,172900,genus,0.0165601,Victivallis,ERR1074802
38432.0,32207,genus,0.0165601,Rothia,ERR1074802
38432.0,836,genus,0.0165601,Porphyromonas,ERR1074802
38432.0,1350,genus,0.0165601,Enterococcus,ERR1074802
38432.0,61434,genus,0.0132481,Dehalococcoides,ERR1074802
38432.0,270497,genus,0.0132481,Catabacter,ERR1074802
38432.0,2172,genus,0.00993608,Methanobrevibacter,ERR1074802
38432.0,416916,genus,0.00993608,Aggregatibacter,ERR1074802
38432.0,52784,genus,0.00993608,Anaerofilum,ERR1074802
38432.0,79206,genus,0.00993608,Desulfosporosinus,ERR1074802
38432.0,29465,genus,0.00993608,Veillonella,ERR1074802
38432.0,100175,genus,0.00993608,Papillibacter,ERR1074802
38432.0,482,genus,0.00993608,Neisseria,ERR1074802
38432.0,1386,genus,0.00993608,Bacillus,ERR1074802
38432.0,41273,genus,0.00993608,Tissierella,ERR1074802
38432.0,543311,genus,0.00662405,Parvimonas,ERR1074802
38432.0,1716,genus,0.00662405,Corynebacterium,ERR1074802
38432.0,581,genus,0.00662405,Morganella,ERR1074802
38432.0,286,genus,0.00662405,Pseudomonas,ERR1074802
38432.0,1471399,genus,0.00662405,Draconibacterium,ERR1074802
38432.0,47670,genus,0.00662405,Lautropia,ERR1074802
38432.0,1486726,genus,0.00662405,Pseudobacteroides,ERR1074802
38432.0,83660,genus,0.00662405,Desulfonispora,ERR1074802
38432.0,577310,genus,0.00662405,Parasutterella,ERR1074802
38432.0,846,genus,0.00662405,Oxalobacter,ERR1074802
38432.0,146813,genus,0.00662405,Dendrosporobacter,ERR1074802
38432.0,1573534,genus,0.00331203,Faecalitalea,ERR1074802
38432.0,66831,genus,0.00331203,Facklamia,ERR1074802
38432.0,44261,genus,0.00331203,Oxobacter,ERR1074802
38432.0,84111,genus,0.00331203,Eggerthella,ERR1074802
38432.0,363276,genus,0.00331203,Ktedonobacter,ERR1074802
38432.0,233189,genus,0.00331203,Anaerolinea,ERR1074802
38432.0,156454,genus,0.00331203,Anaeroglobus,ERR1074802
38432.0,1647,genus,0.00331203,Erysipelothrix,ERR1074802
38432.0,28453,genus,0.00331203,Sphingobacterium,ERR1074802
38432.0,1210119,genus,0.00331203,Ohtaekwangia,ERR1074802
38432.0,1827,genus,0.00331203,Rhodococcus,ERR1074802
38432.0,1283313,genus,0.00331203,Alloprevotella,ERR1074802
38432.0,84108,genus,0.00331203,Slackia,ERR1074802
38432.0,262406,genus,0.00331203,Thermobaculum,ERR1074802
38432.0,1506577,genus,0.00331203,Tyzzerella,ERR1074802
38432.0,233191,genus,0.00331203,Caldilinea,ERR1074802
38432.0,162289,genus,0.00331203,Peptoniphilus,ERR1074802
38432.0,1436289,genus,0.00331203,Candidatus Symbiobacter,ERR1074802
38432.0,118747,genus,0.00331203,Bulleidia,ERR1074802
38432.0,75984,genus,0.00331203,Mannheimia,ERR1074802
38432.0,1654,genus,0.00331203,Actinomyces,ERR1074802
38432.0,1380,genus,0.00331203,Atopobium,ERR1074802
38432.0,203697,genus,0.00331203,Derxia,ERR1074802
38432.0,82802,genus,0.00331203,Trichococcus,ERR1074802
38432.0,469,genus,0.00331203,Acinetobacter,ERR1074802
38432.0,2132,genus,0.00331203,Spiroplasma,ERR1074802
38432.0,1200657,genus,0.00331203,Saccharofermentans,ERR1074802
38432.0,767891,genus,0.00331203,Candidatus Puniceispirillum,ERR1074802
38432.0,312278,genus,0.00331203,Emticicia,ERR1074802
38432.0,156973,genus,0.00331203,Dysgonomonas,ERR1074802
38432.0,713,genus,0.00331203,Actinobacillus,ERR1074802
38432.0,165779,genus,0.00331203,Anaerococcus,ERR1074802
38432.0,848,genus,0.00331203,Fusobacterium,ERR1074802
38432.0,649461,genus,0.00331203,Lacibacter,ERR1074802
38432.0,314318,genus,0.00331203,Prolixibacter,ERR1074802
38432.0,39948,genus,0.00331203,Dialister,ERR1074802
,-1,genus,12.1684,Unknown,ERR1074802
38432.0,838,genus,29.0167,Prevotella,ERR1074802
38432.0,216851,genus,15.1525,Faecalibacterium,ERR1074802
38432.0,1508657,genus,11.1317,Ruminiclostridium,ERR1074802
38432.0,816,genus,7.90249,Bacteroides,ERR1074802
38432.0,1573535,genus,4.72626,Holdemanella,ERR1074802
38432.0,239759,genus,2.88146,Alistipes,ERR1074802
38432.0,397864,genus,2.34823,Barnesiella,ERR1074802
38432.0,1730,genus,1.89117,Eubacterium,ERR1074802
38432.0,459786,genus,1.46723,Oscillibacter,ERR1074802
38432.0,572511,genus,1.38111,Blautia,ERR1074802
38432.0,1263,genus,1.11946,Ruminococcus,ERR1074802
38432.0,1506553,genus,1.09297,Lachnoclostridium,ERR1074802
38432.0,375288,genus,1.00686,Parabacteroides,ERR1074802
38432.0,577309,genus,0.765078,Paraprevotella,ERR1074802
38432.0,1505663,genus,0.635909,Erysipelatoclostridium,ERR1074802
38432.0,904,genus,0.543172,Acidaminococcus,ERR1074802
38432.0,872,genus,0.437187,Desulfovibrio,ERR1074802
38432.0,244127,genus,0.384195,Anaerotruncus,ERR1074802
38432.0,44748,genus,0.351075,Sporobacter,ERR1074802
38432.0,33042,genus,0.327891,Coprococcus,ERR1074802
38432.0,2147,genus,0.321267,Acholeplasma,ERR1074802
38432.0,207244,genus,0.291458,Anaerostipes,ERR1074802
38432.0,841,genus,0.241778,Roseburia,ERR1074802
38432.0,40544,genus,0.218594,Sutterella,ERR1074802
38432.0,1357,genus,0.215282,Lactococcus,ERR1074802
38432.0,1485,genus,0.202034,Clostridium,ERR1074802
38432.0,724,genus,0.185473,Haemophilus,ERR1074802
38432.0,1301,genus,0.175537,Streptococcus,ERR1074802
38432.0,283168,genus,0.168913,Odoribacter,ERR1074802
38432.0,1505657,genus,0.135793,Intestinibacter,ERR1074802
38432.0,1578,genus,0.0794886,Lactobacillus,ERR1074802
38432.0,990721,genus,0.0761766,Christensenella,ERR1074802
38432.0,1243,genus,0.0430563,Leuconostoc,ERR1074802
38432.0,239934,genus,0.0364323,Akkermansia,ERR1074802
38432.0,1279,genus,0.0331203,Staphylococcus,ERR1074802
38432.0,2740,genus,0.0264962,Peptococcus,ERR1074802
38432.0,35832,genus,0.0231842,Bilophila,ERR1074802
38432.0,189330,genus,0.0231842,Dorea,ERR1074802
38432.0,836,genus,0.0165601,Porphyromonas,ERR1074802
38432.0,1350,genus,0.0165601,Enterococcus,ERR1074802
38432.0,172900,genus,0.0165601,Victivallis,ERR1074802
38432.0,32207,genus,0.0165601,Rothia,ERR1074802
38432.0,61434,genus,0.0132481,Dehalococcoides,ERR1074802
38432.0,270497,genus,0.0132481,Catabacter,ERR1074802
38432.0,482,genus,0.00993608,Neisseria,ERR1074802
38432.0,1386,genus,0.00993608,Bacillus,ERR1074802
38432.0,41273,genus,0.00993608,Tissierella,ERR1074802
38432.0,2172,genus,0.00993608,Methanobrevibacter,ERR1074802
38432.0,416916,genus,0.00993608,Aggregatibacter,ERR1074802
38432.0,52784,genus,0.00993608,Anaerofilum,ERR1074802
38432.0,79206,genus,0.00993608,Desulfosporosinus,ERR1074802
38432.0,29465,genus,0.00993608,Veillonella,ERR1074802
38432.0,100175,genus,0.00993608,Papillibacter,ERR1074802
38432.0,83660,genus,0.00662405,Desulfonispora,ERR1074802
38432.0,577310,genus,0.00662405,Parasutterella,ERR1074802
38432.0,846,genus,0.00662405,Oxalobacter,ERR1074802
38432.0,146813,genus,0.00662405,Dendrosporobacter,ERR1074802
38432.0,543311,genus,0.00662405,Parvimonas,ERR1074802
38432.0,1716,genus,0.00662405,Corynebacterium,ERR1074802
38432.0,581,genus,0.00662405,Morganella,ERR1074802
38432.0,286,genus,0.00662405,Pseudomonas,ERR1074802
38432.0,1471399,genus,0.00662405,Draconibacterium,ERR1074802
38432.0,47670,genus,0.00662405,Lautropia,ERR1074802
38432.0,1486726,genus,0.00662405,Pseudobacteroides,ERR1074802
38432.0,767891,genus,0.00331203,Candidatus Puniceispirillum,ERR1074802
38432.0,312278,genus,0.00331203,Emticicia,ERR1074802
38432.0,156973,genus,0.00331203,Dysgonomonas,ERR1074802
38432.0,713,genus,0.00331203,Actinobacillus,ERR1074802
38432.0,165779,genus,0.00331203,Anaerococcus,ERR1074802
38432.0,848,genus,0.00331203,Fusobacterium,ERR1074802
38432.0,649461,genus,0.00331203,Lacibacter,ERR1074802
38432.0,314318,genus,0.00331203,Prolixibacter,ERR1074802
38432.0,39948,genus,0.00331203,Dialister,ERR1074802
38432.0,1573534,genus,0.00331203,Faecalitalea,ERR1074802
38432.0,66831,genus,0.00331203,Facklamia,ERR1074802
38432.0,44261,genus,0.00331203,Oxobacter,ERR1074802
38432.0,84111,genus,0.00331203,Eggerthella,ERR1074802
38432.0,363276,genus,0.00331203,Ktedonobacter,ERR1074802
38432.0,233189,genus,0.00331203,Anaerolinea,ERR1074802
38432.0,156454,genus,0.00331203,Anaeroglobus,ERR1074802
38432.0,1647,genus,0.00331203,Erysipelothrix,ERR1074802
38432.0,28453,genus,0.00331203,Sphingobacterium,ERR1074802
38432.0,1210119,genus,0.00331203,Ohtaekwangia,ERR1074802
38432.0,1827,genus,0.00331203,Rhodococcus,ERR1074802
38432.0,1283313,genus,0.00331203,Alloprevotella,ERR1074802
38432.0,84108,genus,0.00331203,Slackia,ERR1074802
38432.0,262406,genus,0.00331203,Thermobaculum,ERR1074802
38432.0,1506577,genus,0.00331203,Tyzzerella,ERR1074802
38432.0,233191,genus,0.00331203,Caldilinea,ERR1074802
38432.0,162289,genus,0.00331203,Peptoniphilus,ERR1074802
38432.0,1436289,genus,0.00331203,Candidatus Symbiobacter,ERR1074802
38432.0,118747,genus,0.00331203,Bulleidia,ERR1074802
38432.0,75984,genus,0.00331203,Mannheimia,ERR1074802
38432.0,1654,genus,0.00331203,Actinomyces,ERR1074802
38432.0,1380,genus,0.00331203,Atopobium,ERR1074802
38432.0,203697,genus,0.00331203,Derxia,ERR1074802
38432.0,82802,genus,0.00331203,Trichococcus,ERR1074802
38432.0,469,genus,0.00331203,Acinetobacter,ERR1074802
38432.0,2132,genus,0.00331203,Spiroplasma,ERR1074802
38432.0,1200657,genus,0.00331203,Saccharofermentans,ERR1074802
,-1,genus,12.1684,Unknown,ERR1074802
38432.0,838,genus,29.0167,Prevotella,ERR1074802
38432.0,216851,genus,15.1525,Faecalibacterium,ERR1074802
38432.0,1508657,genus,11.1317,Ruminiclostridium,ERR1074802
38432.0,816,genus,7.90249,Bacteroides,ERR1074802
38432.0,1573535,genus,4.72626,Holdemanella,ERR1074802
38432.0,239759,genus,2.88146,Alistipes,ERR1074802
38432.0,397864,genus,2.34823,Barnesiella,ERR1074802
38432.0,1730,genus,1.89117,Eubacterium,ERR1074802
38432.0,459786,genus,1.46723,Oscillibacter,ERR1074802
38432.0,572511,genus,1.38111,Blautia,ERR1074802
38432.0,1263,genus,1.11946,Ruminococcus,ERR1074802
38432.0,1506553,genus,1.09297,Lachnoclostridium,ERR1074802
38432.0,375288,genus,1.00686,Parabacteroides,ERR1074802
38432.0,577309,genus,0.765078,Paraprevotella,ERR1074802
38432.0,1505663,genus,0.635909,Erysipelatoclostridium,ERR1074802
38432.0,904,genus,0.543172,Acidaminococcus,ERR1074802
38432.0,872,genus,0.437187,Desulfovibrio,ERR1074802
38432.0,244127,genus,0.384195,Anaerotruncus,ERR1074802
38432.0,44748,genus,0.351075,Sporobacter,ERR1074802
38432.0,33042,genus,0.327891,Coprococcus,ERR1074802
38432.0,2147,genus,0.321267,Acholeplasma,ERR1074802
38432.0,207244,genus,0.291458,Anaerostipes,ERR1074802
38432.0,841,genus,0.241778,Roseburia,ERR1074802
38432.0,40544,genus,0.218594,Sutterella,ERR1074802
38432.0,1357,genus,0.215282,Lactococcus,ERR1074802
38432.0,1485,genus,0.202034,Clostridium,ERR1074802
38432.0,724,genus,0.185473,Haemophilus,ERR1074802
38432.0,1301,genus,0.175537,Streptococcus,ERR1074802
38432.0,283168,genus,0.168913,Odoribacter,ERR1074802
38432.0,1505657,genus,0.135793,Intestinibacter,ERR1074802
38432.0,1578,genus,0.0794886,Lactobacillus,ERR1074802
38432.0,990721,genus,0.0761766,Christensenella,ERR1074802
38432.0,1243,genus,0.0430563,Leuconostoc,ERR1074802
38432.0,239934,genus,0.0364323,Akkermansia,ERR1074802
38432.0,1279,genus,0.0331203,Staphylococcus,ERR1074802
38432.0,2740,genus,0.0264962,Peptococcus,ERR1074802
38432.0,35832,genus,0.0231842,Bilophila,ERR1074802
38432.0,189330,genus,0.0231842,Dorea,ERR1074802
38432.0,32207,genus,0.0165601,Rothia,ERR1074802
38432.0,836,genus,0.0165601,Porphyromonas,ERR1074802
38432.0,1350,genus,0.0165601,Enterococcus,ERR1074802
38432.0,172900,genus,0.0165601,Victivallis,ERR1074802
38432.0,270497,genus,0.0132481,Catabacter,ERR1074802
38432.0,61434,genus,0.0132481,Dehalococcoides,ERR1074802
38432.0,79206,genus,0.00993608,Desulfosporosinus,ERR1074802
38432.0,29465,genus,0.00993608,Veillonella,ERR1074802
38432.0,100175,genus,0.00993608,Papillibacter,ERR1074802
38432.0,482,genus,0.00993608,Neisseria,ERR1074802
38432.0,1386,genus,0.00993608,Bacillus,ERR1074802
38432.0,41273,genus,0.00993608,Tissierella,ERR1074802
38432.0,2172,genus,0.00993608,Methanobrevibacter,ERR1074802
38432.0,416916,genus,0.00993608,Aggregatibacter,ERR1074802
38432.0,52784,genus,0.00993608,Anaerofilum,ERR1074802
38432.0,581,genus,0.00662405,Morganella,ERR1074802
38432.0,286,genus,0.00662405,Pseudomonas,ERR1074802
38432.0,47670,genus,0.00662405,Lautropia,ERR1074802
38432.0,1471399,genus,0.00662405,Draconibacterium,ERR1074802
38432.0,1486726,genus,0.00662405,Pseudobacteroides,ERR1074802
38432.0,577310,genus,0.00662405,Parasutterella,ERR1074802
38432.0,83660,genus,0.00662405,Desulfonispora,ERR1074802
38432.0,146813,genus,0.00662405,Dendrosporobacter,ERR1074802
38432.0,846,genus,0.00662405,Oxalobacter,ERR1074802
38432.0,543311,genus,0.00662405,Parvimonas,ERR1074802
38432.0,1716,genus,0.00662405,Corynebacterium,ERR1074802
38432.0,1283313,genus,0.00331203,Alloprevotella,ERR1074802
38432.0,84108,genus,0.00331203,Slackia,ERR1074802
38432.0,1506577,genus,0.00331203,Tyzzerella,ERR1074802
38432.0,262406,genus,0.00331203,Thermobaculum,ERR1074802
38432.0,162289,genus,0.00331203,Peptoniphilus,ERR1074802
38432.0,233191,genus,0.00331203,Caldilinea,ERR1074802
38432.0,1436289,genus,0.00331203,Candidatus Symbiobacter,ERR1074802
38432.0,118747,genus,0.00331203,Bulleidia,ERR1074802
38432.0,75984,genus,0.00331203,Mannheimia,ERR1074802
38432.0,1654,genus,0.00331203,Actinomyces,ERR1074802
38432.0,1380,genus,0.00331203,Atopobium,ERR1074802
38432.0,203697,genus,0.00331203,Derxia,ERR1074802
38432.0,2132,genus,0.00331203,Spiroplasma,ERR1074802
38432.0,1200657,genus,0.00331203,Saccharofermentans,ERR1074802
38432.0,82802,genus,0.00331203,Trichococcus,ERR1074802
38432.0,469,genus,0.00331203,Acinetobacter,ERR1074802
38432.0,312278,genus,0.00331203,Emticicia,ERR1074802
38432.0,767891,genus,0.00331203,Candidatus Puniceispirillum,ERR1074802
38432.0,156973,genus,0.00331203,Dysgonomonas,ERR1074802
38432.0,713,genus,0.00331203,Actinobacillus,ERR1074802
38432.0,165779,genus,0.00331203,Anaerococcus,ERR1074802
38432.0,848,genus,0.00331203,Fusobacterium,ERR1074802
38432.0,39948,genus,0.00331203,Dialister,ERR1074802
38432.0,649461,genus,0.00331203,Lacibacter,ERR1074802
38432.0,314318,genus,0.00331203,Prolixibacter,ERR1074802
38432.0,84111,genus,0.00331203,Eggerthella,ERR1074802
38432.0,1573534,genus,0.00331203,Faecalitalea,ERR1074802
38432.0,66831,genus,0.00331203,Facklamia,ERR1074802
38432.0,44261,genus,0.00331203,Oxobacter,ERR1074802
38432.0,363276,genus,0.00331203,Ktedonobacter,ERR1074802
38432.0,233189,genus,0.00331203,Anaerolinea,ERR1074802
38432.0,28453,genus,0.00331203,Sphingobacterium,ERR1074802
38432.0,1210119,genus,0.00331203,Ohtaekwangia,ERR1074802
38432.0,156454,genus,0.00331203,Anaeroglobus,ERR1074802
38432.0,1647,genus,0.00331203,Erysipelothrix,ERR1074802
38432.0,1827,genus,0.00331203,Rhodococcus,ERR1074802
,-1,genus,12.1684,Unknown,ERR1074802
38172.0,216851,genus,10.1137,Faecalibacterium,ERR1074811
38172.0,239759,genus,6.94766,Alistipes,ERR1074811
38172.0,572511,genus,6.76547,Blautia,ERR1074811
38172.0,239934,genus,5.77084,Akkermansia,ERR1074811
38172.0,1678,genus,5.64774,Bifidobacterium,ERR1074811
38172.0,1505663,genus,4.78113,Erysipelatoclostridium,ERR1074811
38172.0,1508657,genus,4.73682,Ruminiclostridium,ERR1074811
38172.0,1730,genus,4.33798,Eubacterium,ERR1074811
38172.0,816,genus,3.56492,Bacteroides,ERR1074811
38172.0,397864,genus,2.02373,Barnesiella,ERR1074811
38172.0,1263,genus,0.950318,Ruminococcus,ERR1074811
38172.0,1506553,genus,0.871535,Lachnoclostridium,ERR1074811
38172.0,33042,genus,0.8026,Coprococcus,ERR1074811
38172.0,1505657,genus,0.8026,Intestinibacter,ERR1074811
38172.0,375288,genus,0.531784,Parabacteroides,ERR1074811
38172.0,189330,genus,0.497316,Dorea,ERR1074811
38172.0,44748,genus,0.492393,Sporobacter,ERR1074811
38172.0,244127,genus,0.36437,Anaerotruncus,ERR1074811
38172.0,904,genus,0.36437,Acidaminococcus,ERR1074811
38172.0,1485,genus,0.324979,Clostridium,ERR1074811
38172.0,207244,genus,0.25112,Anaerostipes,ERR1074811
38172.0,1301,genus,0.246196,Streptococcus,ERR1074811
38172.0,459786,genus,0.236348,Oscillibacter,ERR1074811
38172.0,52784,genus,0.196957,Anaerofilum,ERR1074811
38172.0,1506577,genus,0.147718,Tyzzerella,ERR1074811
38172.0,841,genus,0.128022,Roseburia,ERR1074811
38172.0,1505652,genus,0.108326,Terrisporobacter,ERR1074811
38172.0,283168,genus,0.0935546,Odoribacter,ERR1074811
38172.0,61170,genus,0.064011,Holdemania,ERR1074811
38172.0,990721,genus,0.0443153,Christensenella,ERR1074811
38172.0,61434,genus,0.0344675,Dehalococcoides,ERR1074811
38172.0,1654,genus,0.0344675,Actinomyces,ERR1074811
38172.0,838,genus,0.0295436,Prevotella,ERR1074811
38172.0,172900,genus,0.0246196,Victivallis,ERR1074811
38172.0,420345,genus,0.0196957,Lactonifactor,ERR1074811
38172.0,1386,genus,0.0196957,Bacillus,ERR1074811
38172.0,1380,genus,0.0196957,Atopobium,ERR1074811
38172.0,1870884,genus,0.0147718,Clostridioides,ERR1074811
38172.0,644652,genus,0.0147718,Gordonibacter,ERR1074811
38172.0,1279,genus,0.0147718,Staphylococcus,ERR1074811
38172.0,32207,genus,0.00984785,Rothia,ERR1074811
38172.0,233189,genus,0.00984785,Anaerolinea,ERR1074811
38172.0,482,genus,0.00984785,Neisseria,ERR1074811
38172.0,100883,genus,0.00984785,Coprobacillus,ERR1074811
38172.0,848,genus,0.00984785,Fusobacterium,ERR1074811
38172.0,100175,genus,0.00984785,Papillibacter,ERR1074811
38172.0,963,genus,0.00984785,Herbaspirillum,ERR1074811
38172.0,872,genus,0.00984785,Desulfovibrio,ERR1074811
38172.0,286,genus,0.00984785,Pseudomonas,ERR1074811
38172.0,84111,genus,0.00984785,Eggerthella,ERR1074811
38172.0,497,genus,0.00984785,Psychrobacter,ERR1074811
38172.0,28138,genus,0.00492393,Rikenella,ERR1074811
38172.0,44000,genus,0.00492393,Caldicellulosiruptor,ERR1074811
38172.0,1645,genus,0.00492393,Renibacterium,ERR1074811
38172.0,670486,genus,0.00492393,Dehalogenimonas,ERR1074811
38172.0,1357,genus,0.00492393,Lactococcus,ERR1074811
38172.0,715222,genus,0.00492393,Caldicoprobacter,ERR1074811
38172.0,44249,genus,0.00492393,Paenibacillus,ERR1074811
38172.0,117563,genus,0.00492393,Granulicatella,ERR1074811
38172.0,118747,genus,0.00492393,Bulleidia,ERR1074811
38172.0,467975,genus,0.00492393,Iamia,ERR1074811
38172.0,543311,genus,0.00492393,Parvimonas,ERR1074811
38172.0,1234,genus,0.00492393,Nitrospira,ERR1074811
38172.0,264995,genus,0.00492393,Anaerofustis,ERR1074811
38172.0,29465,genus,0.00492393,Veillonella,ERR1074811
38172.0,846,genus,0.00492393,Oxalobacter,ERR1074811
38172.0,133925,genus,0.00492393,Olsenella,ERR1074811
38172.0,41273,genus,0.00492393,Tissierella,ERR1074811
38172.0,262406,genus,0.00492393,Thermobaculum,ERR1074811
38172.0,577309,genus,0.00492393,Paraprevotella,ERR1074811
38172.0,35832,genus,0.00492393,Bilophila,ERR1074811
38172.0,469,genus,0.00492393,Acinetobacter,ERR1074811
38172.0,187144,genus,0.00492393,Caldithrix,ERR1074811
,-1,genus,37.087,Unknown,ERR1074811
38172.0,216851,genus,10.1137,Faecalibacterium,ERR1074811
38172.0,239759,genus,6.94766,Alistipes,ERR1074811
38172.0,572511,genus,6.76547,Blautia,ERR1074811
38172.0,239934,genus,5.77084,Akkermansia,ERR1074811
38172.0,1678,genus,5.64774,Bifidobacterium,ERR1074811
38172.0,1505663,genus,4.78113,Erysipelatoclostridium,ERR1074811
38172.0,1508657,genus,4.73682,Ruminiclostridium,ERR1074811
38172.0,1730,genus,4.33798,Eubacterium,ERR1074811
38172.0,816,genus,3.56492,Bacteroides,ERR1074811
38172.0,397864,genus,2.02373,Barnesiella,ERR1074811
38172.0,1263,genus,0.950318,Ruminococcus,ERR1074811
38172.0,1506553,genus,0.871535,Lachnoclostridium,ERR1074811
38172.0,33042,genus,0.8026,Coprococcus,ERR1074811
38172.0,1505657,genus,0.8026,Intestinibacter,ERR1074811
38172.0,375288,genus,0.531784,Parabacteroides,ERR1074811
38172.0,189330,genus,0.497316,Dorea,ERR1074811
38172.0,44748,genus,0.492393,Sporobacter,ERR1074811
38172.0,244127,genus,0.36437,Anaerotruncus,ERR1074811
38172.0,904,genus,0.36437,Acidaminococcus,ERR1074811
38172.0,1485,genus,0.324979,Clostridium,ERR1074811
38172.0,207244,genus,0.25112,Anaerostipes,ERR1074811
38172.0,1301,genus,0.246196,Streptococcus,ERR1074811
38172.0,459786,genus,0.236348,Oscillibacter,ERR1074811
38172.0,52784,genus,0.196957,Anaerofilum,ERR1074811
38172.0,1506577,genus,0.147718,Tyzzerella,ERR1074811
38172.0,841,genus,0.128022,Roseburia,ERR1074811
38172.0,1505652,genus,0.108326,Terrisporobacter,ERR1074811
38172.0,283168,genus,0.0935546,Odoribacter,ERR1074811
38172.0,61170,genus,0.064011,Holdemania,ERR1074811
38172.0,990721,genus,0.0443153,Christensenella,ERR1074811
38172.0,1654,genus,0.0344675,Actinomyces,ERR1074811
38172.0,61434,genus,0.0344675,Dehalococcoides,ERR1074811
38172.0,838,genus,0.0295436,Prevotella,ERR1074811
38172.0,172900,genus,0.0246196,Victivallis,ERR1074811
38172.0,1386,genus,0.0196957,Bacillus,ERR1074811
38172.0,1380,genus,0.0196957,Atopobium,ERR1074811
38172.0,420345,genus,0.0196957,Lactonifactor,ERR1074811
38172.0,1279,genus,0.0147718,Staphylococcus,ERR1074811
38172.0,1870884,genus,0.0147718,Clostridioides,ERR1074811
38172.0,644652,genus,0.0147718,Gordonibacter,ERR1074811
38172.0,482,genus,0.00984785,Neisseria,ERR1074811
38172.0,100883,genus,0.00984785,Coprobacillus,ERR1074811
38172.0,848,genus,0.00984785,Fusobacterium,ERR1074811
38172.0,100175,genus,0.00984785,Papillibacter,ERR1074811
38172.0,963,genus,0.00984785,Herbaspirillum,ERR1074811
38172.0,872,genus,0.00984785,Desulfovibrio,ERR1074811
38172.0,286,genus,0.00984785,Pseudomonas,ERR1074811
38172.0,84111,genus,0.00984785,Eggerthella,ERR1074811
38172.0,497,genus,0.00984785,Psychrobacter,ERR1074811
38172.0,32207,genus,0.00984785,Rothia,ERR1074811
38172.0,233189,genus,0.00984785,Anaerolinea,ERR1074811
38172.0,1357,genus,0.00492393,Lactococcus,ERR1074811
38172.0,715222,genus,0.00492393,Caldicoprobacter,ERR1074811
38172.0,44249,genus,0.00492393,Paenibacillus,ERR1074811
38172.0,117563,genus,0.00492393,Granulicatella,ERR1074811
38172.0,118747,genus,0.00492393,Bulleidia,ERR1074811
38172.0,467975,genus,0.00492393,Iamia,ERR1074811
38172.0,543311,genus,0.00492393,Parvimonas,ERR1074811
38172.0,1234,genus,0.00492393,Nitrospira,ERR1074811
38172.0,264995,genus,0.00492393,Anaerofustis,ERR1074811
38172.0,29465,genus,0.00492393,Veillonella,ERR1074811
38172.0,846,genus,0.00492393,Oxalobacter,ERR1074811
38172.0,133925,genus,0.00492393,Olsenella,ERR1074811
38172.0,41273,genus,0.00492393,Tissierella,ERR1074811
38172.0,262406,genus,0.00492393,Thermobaculum,ERR1074811
38172.0,577309,genus,0.00492393,Paraprevotella,ERR1074811
38172.0,35832,genus,0.00492393,Bilophila,ERR1074811
38172.0,469,genus,0.00492393,Acinetobacter,ERR1074811
38172.0,187144,genus,0.00492393,Caldithrix,ERR1074811
38172.0,28138,genus,0.00492393,Rikenella,ERR1074811
38172.0,44000,genus,0.00492393,Caldicellulosiruptor,ERR1074811
38172.0,1645,genus,0.00492393,Renibacterium,ERR1074811
38172.0,670486,genus,0.00492393,Dehalogenimonas,ERR1074811
,-1,genus,37.087,Unknown,ERR1074811
47267.0,816,genus,43.6472,Bacteroides,ERR1074812
47267.0,216851,genus,5.07391,Faecalibacterium,ERR1074812
47267.0,239759,genus,3.80784,Alistipes,ERR1074812
47267.0,1730,genus,1.81877,Eubacterium,ERR1074812
47267.0,572511,genus,1.22751,Blautia,ERR1074812
47267.0,459786,genus,1.01864,Oscillibacter,ERR1074812
47267.0,286,genus,0.716581,Pseudomonas,ERR1074812
47267.0,1505663,genus,0.645887,Erysipelatoclostridium,ERR1074812
47267.0,1508657,genus,0.543059,Ruminiclostridium,ERR1074812
47267.0,244127,genus,0.327763,Anaerotruncus,ERR1074812
47267.0,1485,genus,0.221722,Clostridium,ERR1074812
47267.0,1506553,genus,0.192802,Lachnoclostridium,ERR1074812
47267.0,1386,genus,0.125321,Bacillus,ERR1074812
47267.0,904,genus,0.106041,Acidaminococcus,ERR1074812
47267.0,841,genus,0.0931877,Roseburia,ERR1074812
47267.0,35832,genus,0.0835476,Bilophila,ERR1074812
47267.0,1017280,genus,0.0642674,Pseudoflavonifractor,ERR1074812
47267.0,1301,genus,0.061054,Streptococcus,ERR1074812
47267.0,44748,genus,0.0514139,Sporobacter,ERR1074812
47267.0,963,genus,0.0482005,Herbaspirillum,ERR1074812
47267.0,561,genus,0.0482005,Escherichia,ERR1074812
47267.0,189330,genus,0.0289203,Dorea,ERR1074812
47267.0,838,genus,0.0257069,Prevotella,ERR1074812
47267.0,1380,genus,0.0224936,Atopobium,ERR1074812
47267.0,52784,genus,0.0224936,Anaerofilum,ERR1074812
47267.0,872,genus,0.0192802,Desulfovibrio,ERR1074812
47267.0,29465,genus,0.0192802,Veillonella,ERR1074812
47267.0,100883,genus,0.0192802,Coprobacillus,ERR1074812
47267.0,1279,genus,0.0160668,Staphylococcus,ERR1074812
47267.0,482,genus,0.0160668,Neisseria,ERR1074812
47267.0,1505657,genus,0.0160668,Intestinibacter,ERR1074812
47267.0,84567,genus,0.0128535,Pedobacter,ERR1074812
47267.0,233189,genus,0.0128535,Anaerolinea,ERR1074812
47267.0,1578,genus,0.0128535,Lactobacillus,ERR1074812
47267.0,397864,genus,0.0128535,Barnesiella,ERR1074812
47267.0,61170,genus,0.0128535,Holdemania,ERR1074812
47267.0,1263,genus,0.0128535,Ruminococcus,ERR1074812
47267.0,239934,genus,0.0096401,Akkermansia,ERR1074812
47267.0,848,genus,0.0096401,Fusobacterium,ERR1074812
47267.0,207244,genus,0.0096401,Anaerostipes,ERR1074812
47267.0,990721,genus,0.0096401,Christensenella,ERR1074812
47267.0,1678,genus,0.0096401,Bifidobacterium,ERR1074812
47267.0,724,genus,0.0096401,Haemophilus,ERR1074812
47267.0,620,genus,0.0096401,Shigella,ERR1074812
47267.0,83660,genus,0.0096401,Desulfonispora,ERR1074812
47267.0,590,genus,0.0096401,Salmonella,ERR1074812
47267.0,182709,genus,0.0096401,Oceanobacillus,ERR1074812
47267.0,1350,genus,0.00642674,Enterococcus,ERR1074812
47267.0,32067,genus,0.00642674,Leptotrichia,ERR1074812
47267.0,100175,genus,0.00642674,Papillibacter,ERR1074812
47267.0,2747,genus,0.00642674,Carnobacterium,ERR1074812
47267.0,469,genus,0.00642674,Acinetobacter,ERR1074812
47267.0,836,genus,0.00642674,Porphyromonas,ERR1074812
47267.0,102106,genus,0.00642674,Collinsella,ERR1074812
47267.0,1716,genus,0.00642674,Corynebacterium,ERR1074812
47267.0,294702,genus,0.00642674,Proteiniphilum,ERR1074812
47267.0,670486,genus,0.00642674,Dehalogenimonas,ERR1074812
47267.0,32207,genus,0.00642674,Rothia,ERR1074812
47267.0,346096,genus,0.00642674,Paludibacter,ERR1074812
47267.0,2132,genus,0.00642674,Spiroplasma,ERR1074812
47267.0,218204,genus,0.00321337,Garciella,ERR1074812
47267.0,413496,genus,0.00321337,Cronobacter,ERR1074812
47267.0,33071,genus,0.00321337,Gloeobacter,ERR1074812
47267.0,35829,genus,0.00321337,Acetivibrio,ERR1074812
47267.0,29580,genus,0.00321337,Janthinobacterium,ERR1074812
47267.0,1843210,genus,0.00321337,Anaerocolumna,ERR1074812
47267.0,586,genus,0.00321337,Providencia,ERR1074812
47267.0,1506577,genus,0.00321337,Tyzzerella,ERR1074812
47267.0,898,genus,0.00321337,Desulfomicrobium,ERR1074812
47267.0,2299,genus,0.00321337,Desulfosarcina,ERR1074812
47267.0,583,genus,0.00321337,Proteus,ERR1074812
47267.0,270497,genus,0.00321337,Catabacter,ERR1074812
47267.0,61434,genus,0.00321337,Dehalococcoides,ERR1074812
47267.0,34098,genus,0.00321337,Blattabacterium,ERR1074812
47267.0,196081,genus,0.00321337,Scardovia,ERR1074812
47267.0,795750,genus,0.00321337,Ignavibacterium,ERR1074812
47267.0,34037,genus,0.00321337,Rahnella,ERR1074812
47267.0,970,genus,0.00321337,Selenomonas,ERR1074812
47267.0,642,genus,0.00321337,Aeromonas,ERR1074812
47267.0,577310,genus,0.00321337,Parasutterella,ERR1074812
47267.0,1548510,genus,0.00321337,Microbacter,ERR1074812
47267.0,906,genus,0.00321337,Megasphaera,ERR1074812
,-1,genus,39.3445,Unknown,ERR1074812
47267.0,816,genus,43.6472,Bacteroides,ERR1074812
47267.0,216851,genus,5.07391,Faecalibacterium,ERR1074812
47267.0,239759,genus,3.80784,Alistipes,ERR1074812
47267.0,1730,genus,1.81877,Eubacterium,ERR1074812
47267.0,572511,genus,1.22751,Blautia,ERR1074812
47267.0,459786,genus,1.01864,Oscillibacter,ERR1074812
47267.0,286,genus,0.716581,Pseudomonas,ERR1074812
47267.0,1505663,genus,0.645887,Erysipelatoclostridium,ERR1074812
47267.0,1508657,genus,0.543059,Ruminiclostridium,ERR1074812
47267.0,244127,genus,0.327763,Anaerotruncus,ERR1074812
47267.0,1485,genus,0.221722,Clostridium,ERR1074812
47267.0,1506553,genus,0.192802,Lachnoclostridium,ERR1074812
47267.0,1386,genus,0.125321,Bacillus,ERR1074812
47267.0,904,genus,0.106041,Acidaminococcus,ERR1074812
47267.0,841,genus,0.0931877,Roseburia,ERR1074812
47267.0,35832,genus,0.0835476,Bilophila,ERR1074812
47267.0,1017280,genus,0.0642674,Pseudoflavonifractor,ERR1074812
47267.0,1301,genus,0.061054,Streptococcus,ERR1074812
47267.0,44748,genus,0.0514139,Sporobacter,ERR1074812
47267.0,963,genus,0.0482005,Herbaspirillum,ERR1074812
47267.0,561,genus,0.0482005,Escherichia,ERR1074812
47267.0,189330,genus,0.0289203,Dorea,ERR1074812
47267.0,838,genus,0.0257069,Prevotella,ERR1074812
47267.0,1380,genus,0.0224936,Atopobium,ERR1074812
47267.0,52784,genus,0.0224936,Anaerofilum,ERR1074812
47267.0,100883,genus,0.0192802,Coprobacillus,ERR1074812
47267.0,872,genus,0.0192802,Desulfovibrio,ERR1074812
47267.0,29465,genus,0.0192802,Veillonella,ERR1074812
47267.0,482,genus,0.0160668,Neisseria,ERR1074812
47267.0,1505657,genus,0.0160668,Intestinibacter,ERR1074812
47267.0,1279,genus,0.0160668,Staphylococcus,ERR1074812
47267.0,84567,genus,0.0128535,Pedobacter,ERR1074812
47267.0,233189,genus,0.0128535,Anaerolinea,ERR1074812
47267.0,1578,genus,0.0128535,Lactobacillus,ERR1074812
47267.0,397864,genus,0.0128535,Barnesiella,ERR1074812
47267.0,61170,genus,0.0128535,Holdemania,ERR1074812
47267.0,1263,genus,0.0128535,Ruminococcus,ERR1074812
47267.0,239934,genus,0.0096401,Akkermansia,ERR1074812
47267.0,990721,genus,0.0096401,Christensenella,ERR1074812
47267.0,848,genus,0.0096401,Fusobacterium,ERR1074812
47267.0,207244,genus,0.0096401,Anaerostipes,ERR1074812
47267.0,1678,genus,0.0096401,Bifidobacterium,ERR1074812
47267.0,724,genus,0.0096401,Haemophilus,ERR1074812
47267.0,620,genus,0.0096401,Shigella,ERR1074812
47267.0,83660,genus,0.0096401,Desulfonispora,ERR1074812
47267.0,590,genus,0.0096401,Salmonella,ERR1074812
47267.0,182709,genus,0.0096401,Oceanobacillus,ERR1074812
47267.0,346096,genus,0.00642674,Paludibacter,ERR1074812
47267.0,2132,genus,0.00642674,Spiroplasma,ERR1074812
47267.0,1350,genus,0.00642674,Enterococcus,ERR1074812
47267.0,32067,genus,0.00642674,Leptotrichia,ERR1074812
47267.0,100175,genus,0.00642674,Papillibacter,ERR1074812
47267.0,2747,genus,0.00642674,Carnobacterium,ERR1074812
47267.0,469,genus,0.00642674,Acinetobacter,ERR1074812
47267.0,836,genus,0.00642674,Porphyromonas,ERR1074812
47267.0,102106,genus,0.00642674,Collinsella,ERR1074812
47267.0,1716,genus,0.00642674,Corynebacterium,ERR1074812
47267.0,670486,genus,0.00642674,Dehalogenimonas,ERR1074812
47267.0,294702,genus,0.00642674,Proteiniphilum,ERR1074812
47267.0,32207,genus,0.00642674,Rothia,ERR1074812
47267.0,218204,genus,0.00321337,Garciella,ERR1074812
47267.0,413496,genus,0.00321337,Cronobacter,ERR1074812
47267.0,33071,genus,0.00321337,Gloeobacter,ERR1074812
47267.0,35829,genus,0.00321337,Acetivibrio,ERR1074812
47267.0,1843210,genus,0.00321337,Anaerocolumna,ERR1074812
47267.0,29580,genus,0.00321337,Janthinobacterium,ERR1074812
47267.0,586,genus,0.00321337,Providencia,ERR1074812
47267.0,1506577,genus,0.00321337,Tyzzerella,ERR1074812
47267.0,2299,genus,0.00321337,Desulfosarcina,ERR1074812
47267.0,898,genus,0.00321337,Desulfomicrobium,ERR1074812
47267.0,583,genus,0.00321337,Proteus,ERR1074812
47267.0,270497,genus,0.00321337,Catabacter,ERR1074812
47267.0,61434,genus,0.00321337,Dehalococcoides,ERR1074812
47267.0,34098,genus,0.00321337,Blattabacterium,ERR1074812
47267.0,795750,genus,0.00321337,Ignavibacterium,ERR1074812
47267.0,196081,genus,0.00321337,Scardovia,ERR1074812
47267.0,970,genus,0.00321337,Selenomonas,ERR1074812
47267.0,642,genus,0.00321337,Aeromonas,ERR1074812
47267.0,34037,genus,0.00321337,Rahnella,ERR1074812
47267.0,1548510,genus,0.00321337,Microbacter,ERR1074812
47267.0,906,genus,0.00321337,Megasphaera,ERR1074812
47267.0,577310,genus,0.00321337,Parasutterella,ERR1074812
,-1,genus,39.3445,Unknown,ERR1074812
47267.0,816,genus,43.6472,Bacteroides,ERR1074812
47267.0,216851,genus,5.07391,Faecalibacterium,ERR1074812
47267.0,239759,genus,3.80784,Alistipes,ERR1074812
47267.0,1730,genus,1.81877,Eubacterium,ERR1074812
47267.0,572511,genus,1.22751,Blautia,ERR1074812
47267.0,459786,genus,1.01864,Oscillibacter,ERR1074812
47267.0,286,genus,0.716581,Pseudomonas,ERR1074812
47267.0,1505663,genus,0.645887,Erysipelatoclostridium,ERR1074812
47267.0,1508657,genus,0.543059,Ruminiclostridium,ERR1074812
47267.0,244127,genus,0.327763,Anaerotruncus,ERR1074812
47267.0,1485,genus,0.221722,Clostridium,ERR1074812
47267.0,1506553,genus,0.192802,Lachnoclostridium,ERR1074812
47267.0,1386,genus,0.125321,Bacillus,ERR1074812
47267.0,904,genus,0.106041,Acidaminococcus,ERR1074812
47267.0,841,genus,0.0931877,Roseburia,ERR1074812
47267.0,35832,genus,0.0835476,Bilophila,ERR1074812
47267.0,1017280,genus,0.0642674,Pseudoflavonifractor,ERR1074812
47267.0,1301,genus,0.061054,Streptococcus,ERR1074812
47267.0,44748,genus,0.0514139,Sporobacter,ERR1074812
47267.0,963,genus,0.0482005,Herbaspirillum,ERR1074812
47267.0,561,genus,0.0482005,Escherichia,ERR1074812
47267.0,189330,genus,0.0289203,Dorea,ERR1074812
47267.0,838,genus,0.0257069,Prevotella,ERR1074812
47267.0,52784,genus,0.0224936,Anaerofilum,ERR1074812
47267.0,1380,genus,0.0224936,Atopobium,ERR1074812
47267.0,100883,genus,0.0192802,Coprobacillus,ERR1074812
47267.0,872,genus,0.0192802,Desulfovibrio,ERR1074812
47267.0,29465,genus,0.0192802,Veillonella,ERR1074812
47267.0,482,genus,0.0160668,Neisseria,ERR1074812
47267.0,1505657,genus,0.0160668,Intestinibacter,ERR1074812
47267.0,1279,genus,0.0160668,Staphylococcus,ERR1074812
47267.0,84567,genus,0.0128535,Pedobacter,ERR1074812
47267.0,233189,genus,0.0128535,Anaerolinea,ERR1074812
47267.0,1578,genus,0.0128535,Lactobacillus,ERR1074812
47267.0,397864,genus,0.0128535,Barnesiella,ERR1074812
47267.0,61170,genus,0.0128535,Holdemania,ERR1074812
47267.0,1263,genus,0.0128535,Ruminococcus,ERR1074812
47267.0,239934,genus,0.0096401,Akkermansia,ERR1074812
47267.0,990721,genus,0.0096401,Christensenella,ERR1074812
47267.0,848,genus,0.0096401,Fusobacterium,ERR1074812
47267.0,207244,genus,0.0096401,Anaerostipes,ERR1074812
47267.0,1678,genus,0.0096401,Bifidobacterium,ERR1074812
47267.0,724,genus,0.0096401,Haemophilus,ERR1074812
47267.0,620,genus,0.0096401,Shigella,ERR1074812
47267.0,83660,genus,0.0096401,Desulfonispora,ERR1074812
47267.0,590,genus,0.0096401,Salmonella,ERR1074812
47267.0,182709,genus,0.0096401,Oceanobacillus,ERR1074812
47267.0,670486,genus,0.00642674,Dehalogenimonas,ERR1074812
47267.0,294702,genus,0.00642674,Proteiniphilum,ERR1074812
47267.0,32207,genus,0.00642674,Rothia,ERR1074812
47267.0,346096,genus,0.00642674,Paludibacter,ERR1074812
47267.0,2132,genus,0.00642674,Spiroplasma,ERR1074812
47267.0,1350,genus,0.00642674,Enterococcus,ERR1074812
47267.0,32067,genus,0.00642674,Leptotrichia,ERR1074812
47267.0,100175,genus,0.00642674,Papillibacter,ERR1074812
47267.0,2747,genus,0.00642674,Carnobacterium,ERR1074812
47267.0,469,genus,0.00642674,Acinetobacter,ERR1074812
47267.0,836,genus,0.00642674,Porphyromonas,ERR1074812
47267.0,102106,genus,0.00642674,Collinsella,ERR1074812
47267.0,1716,genus,0.00642674,Corynebacterium,ERR1074812
47267.0,970,genus,0.00321337,Selenomonas,ERR1074812
47267.0,642,genus,0.00321337,Aeromonas,ERR1074812
47267.0,34037,genus,0.00321337,Rahnella,ERR1074812
47267.0,1548510,genus,0.00321337,Microbacter,ERR1074812
47267.0,906,genus,0.00321337,Megasphaera,ERR1074812
47267.0,577310,genus,0.00321337,Parasutterella,ERR1074812
47267.0,218204,genus,0.00321337,Garciella,ERR1074812
47267.0,413496,genus,0.00321337,Cronobacter,ERR1074812
47267.0,33071,genus,0.00321337,Gloeobacter,ERR1074812
47267.0,35829,genus,0.00321337,Acetivibrio,ERR1074812
47267.0,1843210,genus,0.00321337,Anaerocolumna,ERR1074812
47267.0,29580,genus,0.00321337,Janthinobacterium,ERR1074812
47267.0,586,genus,0.00321337,Providencia,ERR1074812
47267.0,1506577,genus,0.00321337,Tyzzerella,ERR1074812
47267.0,2299,genus,0.00321337,Desulfosarcina,ERR1074812
47267.0,898,genus,0.00321337,Desulfomicrobium,ERR1074812
47267.0,583,genus,0.00321337,Proteus,ERR1074812
47267.0,270497,genus,0.00321337,Catabacter,ERR1074812
47267.0,61434,genus,0.00321337,Dehalococcoides,ERR1074812
47267.0,34098,genus,0.00321337,Blattabacterium,ERR1074812
47267.0,795750,genus,0.00321337,Ignavibacterium,ERR1074812
47267.0,196081,genus,0.00321337,Scardovia,ERR1074812
,-1,genus,39.3445,Unknown,ERR1074812
46142.0,816,genus,58.3949,Bacteroides,ERR1074841
46142.0,375288,genus,8.86321,Parabacteroides,ERR1074841
46142.0,239759,genus,5.8923,Alistipes,ERR1074841
46142.0,216851,genus,4.80297,Faecalibacterium,ERR1074841
46142.0,572511,genus,2.63668,Blautia,ERR1074841
46142.0,1505663,genus,1.25851,Erysipelatoclostridium,ERR1074841
46142.0,40544,genus,0.887147,Sutterella,ERR1074841
46142.0,33042,genus,0.829379,Coprococcus,ERR1074841
46142.0,1730,genus,0.742727,Eubacterium,ERR1074841
46142.0,283168,genus,0.71797,Odoribacter,ERR1074841
46142.0,1508657,genus,0.602435,Ruminiclostridium,ERR1074841
46142.0,459786,genus,0.552919,Oscillibacter,ERR1074841
46142.0,1506553,genus,0.458015,Lachnoclostridium,ERR1074841
46142.0,838,genus,0.412626,Prevotella,ERR1074841
46142.0,1678,genus,0.4085,Bifidobacterium,ERR1074841
46142.0,39948,genus,0.330101,Dialister,ERR1074841
46142.0,35832,genus,0.264081,Bilophila,ERR1074841
46142.0,244127,genus,0.0907778,Anaerotruncus,ERR1074841
46142.0,1301,genus,0.078399,Streptococcus,ERR1074841
46142.0,1386,genus,0.0742727,Bacillus,ERR1074841
46142.0,836,genus,0.0660202,Porphyromonas,ERR1074841
46142.0,841,genus,0.0536414,Roseburia,ERR1074841
46142.0,41273,genus,0.0536414,Tissierella,ERR1074841
46142.0,162289,genus,0.0453889,Peptoniphilus,ERR1074841
46142.0,207244,genus,0.0412626,Anaerostipes,ERR1074841
46142.0,44748,genus,0.0412626,Sporobacter,ERR1074841
46142.0,1505657,genus,0.0371364,Intestinibacter,ERR1074841
46142.0,52784,genus,0.0371364,Anaerofilum,ERR1074841
46142.0,1279,genus,0.0330101,Staphylococcus,ERR1074841
46142.0,1257,genus,0.0330101,Peptostreptococcus,ERR1074841
46142.0,2050,genus,0.0330101,Mobiluncus,ERR1074841
46142.0,194,genus,0.0330101,Campylobacter,ERR1074841
46142.0,1654,genus,0.0288838,Actinomyces,ERR1074841
46142.0,32207,genus,0.0288838,Rothia,ERR1074841
46142.0,543311,genus,0.0247576,Parvimonas,ERR1074841
46142.0,84111,genus,0.0247576,Eggerthella,ERR1074841
46142.0,286,genus,0.0206313,Pseudomonas,ERR1074841
46142.0,150022,genus,0.0206313,Finegoldia,ERR1074841
46142.0,1578,genus,0.0206313,Lactobacillus,ERR1074841
46142.0,1263,genus,0.0206313,Ruminococcus,ERR1074841
46142.0,1573534,genus,0.0165051,Faecalitalea,ERR1074841
46142.0,1485,genus,0.0165051,Clostridium,ERR1074841
46142.0,61170,genus,0.0123788,Holdemania,ERR1074841
46142.0,724,genus,0.0123788,Haemophilus,ERR1074841
46142.0,1350,genus,0.0123788,Enterococcus,ERR1074841
46142.0,66831,genus,0.00825253,Facklamia,ERR1074841
46142.0,1380,genus,0.00825253,Atopobium,ERR1074841
46142.0,1357,genus,0.00825253,Lactococcus,ERR1074841
46142.0,102106,genus,0.00825253,Collinsella,ERR1074841
46142.0,118747,genus,0.00825253,Bulleidia,ERR1074841
46142.0,28453,genus,0.00825253,Sphingobacterium,ERR1074841
46142.0,1843210,genus,0.00412626,Anaerocolumna,ERR1074841
46142.0,1506577,genus,0.00412626,Tyzzerella,ERR1074841
46142.0,577309,genus,0.00412626,Paraprevotella,ERR1074841
46142.0,233189,genus,0.00412626,Anaerolinea,ERR1074841
46142.0,1645,genus,0.00412626,Renibacterium,ERR1074841
46142.0,482,genus,0.00412626,Neisseria,ERR1074841
46142.0,289201,genus,0.00412626,Pontibacillus,ERR1074841
46142.0,57665,genus,0.00412626,Sulfurospirillum,ERR1074841
46142.0,848,genus,0.00412626,Fusobacterium,ERR1074841
46142.0,1378,genus,0.00412626,Gemella,ERR1074841
46142.0,84567,genus,0.00412626,Pedobacter,ERR1074841
46142.0,1716,genus,0.00412626,Corynebacterium,ERR1074841
46142.0,1200657,genus,0.00412626,Saccharofermentans,ERR1074841
46142.0,239934,genus,0.00412626,Akkermansia,ERR1074841
46142.0,16,genus,0.00412626,Methylophilus,ERR1074841
46142.0,150247,genus,0.00412626,Anoxybacillus,ERR1074841
46142.0,508459,genus,0.00412626,Cloacibacillus,ERR1074841
46142.0,1236988,genus,0.00412626,Geofilum,ERR1074841
46142.0,196081,genus,0.00412626,Scardovia,ERR1074841
46142.0,37914,genus,0.00412626,Dietzia,ERR1074841
,-1,genus,10.5591,Unknown,ERR1074841
46142.0,816,genus,58.3949,Bacteroides,ERR1074841
46142.0,375288,genus,8.86321,Parabacteroides,ERR1074841
46142.0,239759,genus,5.8923,Alistipes,ERR1074841
46142.0,216851,genus,4.80297,Faecalibacterium,ERR1074841
46142.0,572511,genus,2.63668,Blautia,ERR1074841
46142.0,1505663,genus,1.25851,Erysipelatoclostridium,ERR1074841
46142.0,40544,genus,0.887147,Sutterella,ERR1074841
46142.0,33042,genus,0.829379,Coprococcus,ERR1074841
46142.0,1730,genus,0.742727,Eubacterium,ERR1074841
46142.0,283168,genus,0.71797,Odoribacter,ERR1074841
46142.0,1508657,genus,0.602435,Ruminiclostridium,ERR1074841
46142.0,459786,genus,0.552919,Oscillibacter,ERR1074841
46142.0,1506553,genus,0.458015,Lachnoclostridium,ERR1074841
46142.0,838,genus,0.412626,Prevotella,ERR1074841
46142.0,1678,genus,0.4085,Bifidobacterium,ERR1074841
46142.0,39948,genus,0.330101,Dialister,ERR1074841
46142.0,35832,genus,0.264081,Bilophila,ERR1074841
46142.0,244127,genus,0.0907778,Anaerotruncus,ERR1074841
46142.0,1301,genus,0.078399,Streptococcus,ERR1074841
46142.0,1386,genus,0.0742727,Bacillus,ERR1074841
46142.0,836,genus,0.0660202,Porphyromonas,ERR1074841
46142.0,841,genus,0.0536414,Roseburia,ERR1074841
46142.0,41273,genus,0.0536414,Tissierella,ERR1074841
46142.0,162289,genus,0.0453889,Peptoniphilus,ERR1074841
46142.0,44748,genus,0.0412626,Sporobacter,ERR1074841
46142.0,207244,genus,0.0412626,Anaerostipes,ERR1074841
46142.0,52784,genus,0.0371364,Anaerofilum,ERR1074841
46142.0,1505657,genus,0.0371364,Intestinibacter,ERR1074841
46142.0,1279,genus,0.0330101,Staphylococcus,ERR1074841
46142.0,1257,genus,0.0330101,Peptostreptococcus,ERR1074841
46142.0,2050,genus,0.0330101,Mobiluncus,ERR1074841
46142.0,194,genus,0.0330101,Campylobacter,ERR1074841
46142.0,1654,genus,0.0288838,Actinomyces,ERR1074841
46142.0,32207,genus,0.0288838,Rothia,ERR1074841
46142.0,543311,genus,0.0247576,Parvimonas,ERR1074841
46142.0,84111,genus,0.0247576,Eggerthella,ERR1074841
46142.0,1578,genus,0.0206313,Lactobacillus,ERR1074841
46142.0,1263,genus,0.0206313,Ruminococcus,ERR1074841
46142.0,286,genus,0.0206313,Pseudomonas,ERR1074841
46142.0,150022,genus,0.0206313,Finegoldia,ERR1074841
46142.0,1573534,genus,0.0165051,Faecalitalea,ERR1074841
46142.0,1485,genus,0.0165051,Clostridium,ERR1074841
46142.0,61170,genus,0.0123788,Holdemania,ERR1074841
46142.0,724,genus,0.0123788,Haemophilus,ERR1074841
46142.0,1350,genus,0.0123788,Enterococcus,ERR1074841
46142.0,118747,genus,0.00825253,Bulleidia,ERR1074841
46142.0,28453,genus,0.00825253,Sphingobacterium,ERR1074841
46142.0,66831,genus,0.00825253,Facklamia,ERR1074841
46142.0,1380,genus,0.00825253,Atopobium,ERR1074841
46142.0,1357,genus,0.00825253,Lactococcus,ERR1074841
46142.0,102106,genus,0.00825253,Collinsella,ERR1074841
46142.0,16,genus,0.00412626,Methylophilus,ERR1074841
46142.0,150247,genus,0.00412626,Anoxybacillus,ERR1074841
46142.0,508459,genus,0.00412626,Cloacibacillus,ERR1074841
46142.0,1236988,genus,0.00412626,Geofilum,ERR1074841
46142.0,196081,genus,0.00412626,Scardovia,ERR1074841
46142.0,37914,genus,0.00412626,Dietzia,ERR1074841
46142.0,1843210,genus,0.00412626,Anaerocolumna,ERR1074841
46142.0,1506577,genus,0.00412626,Tyzzerella,ERR1074841
46142.0,577309,genus,0.00412626,Paraprevotella,ERR1074841
46142.0,233189,genus,0.00412626,Anaerolinea,ERR1074841
46142.0,1645,genus,0.00412626,Renibacterium,ERR1074841
46142.0,482,genus,0.00412626,Neisseria,ERR1074841
46142.0,289201,genus,0.00412626,Pontibacillus,ERR1074841
46142.0,57665,genus,0.00412626,Sulfurospirillum,ERR1074841
46142.0,848,genus,0.00412626,Fusobacterium,ERR1074841
46142.0,1378,genus,0.00412626,Gemella,ERR1074841
46142.0,84567,genus,0.00412626,Pedobacter,ERR1074841
46142.0,1716,genus,0.00412626,Corynebacterium,ERR1074841
46142.0,1200657,genus,0.00412626,Saccharofermentans,ERR1074841
46142.0,239934,genus,0.00412626,Akkermansia,ERR1074841
,-1,genus,10.5591,Unknown,ERR1074841
46142.0,816,genus,58.3949,Bacteroides,ERR1074841
46142.0,375288,genus,8.86321,Parabacteroides,ERR1074841
46142.0,239759,genus,5.8923,Alistipes,ERR1074841
46142.0,216851,genus,4.80297,Faecalibacterium,ERR1074841
46142.0,572511,genus,2.63668,Blautia,ERR1074841
46142.0,1505663,genus,1.25851,Erysipelatoclostridium,ERR1074841
46142.0,40544,genus,0.887147,Sutterella,ERR1074841
46142.0,33042,genus,0.829379,Coprococcus,ERR1074841
46142.0,1730,genus,0.742727,Eubacterium,ERR1074841
46142.0,283168,genus,0.71797,Odoribacter,ERR1074841
46142.0,1508657,genus,0.602435,Ruminiclostridium,ERR1074841
46142.0,459786,genus,0.552919,Oscillibacter,ERR1074841
46142.0,1506553,genus,0.458015,Lachnoclostridium,ERR1074841
46142.0,838,genus,0.412626,Prevotella,ERR1074841
46142.0,1678,genus,0.4085,Bifidobacterium,ERR1074841
46142.0,39948,genus,0.330101,Dialister,ERR1074841
46142.0,35832,genus,0.264081,Bilophila,ERR1074841
46142.0,244127,genus,0.0907778,Anaerotruncus,ERR1074841
46142.0,1301,genus,0.078399,Streptococcus,ERR1074841
46142.0,1386,genus,0.0742727,Bacillus,ERR1074841
46142.0,836,genus,0.0660202,Porphyromonas,ERR1074841
46142.0,41273,genus,0.0536414,Tissierella,ERR1074841
46142.0,841,genus,0.0536414,Roseburia,ERR1074841
46142.0,162289,genus,0.0453889,Peptoniphilus,ERR1074841
46142.0,207244,genus,0.0412626,Anaerostipes,ERR1074841
46142.0,44748,genus,0.0412626,Sporobacter,ERR1074841
46142.0,1505657,genus,0.0371364,Intestinibacter,ERR1074841
46142.0,52784,genus,0.0371364,Anaerofilum,ERR1074841
46142.0,2050,genus,0.0330101,Mobiluncus,ERR1074841
46142.0,194,genus,0.0330101,Campylobacter,ERR1074841
46142.0,1279,genus,0.0330101,Staphylococcus,ERR1074841
46142.0,1257,genus,0.0330101,Peptostreptococcus,ERR1074841
46142.0,1654,genus,0.0288838,Actinomyces,ERR1074841
46142.0,32207,genus,0.0288838,Rothia,ERR1074841
46142.0,543311,genus,0.0247576,Parvimonas,ERR1074841
46142.0,84111,genus,0.0247576,Eggerthella,ERR1074841
46142.0,150022,genus,0.0206313,Finegoldia,ERR1074841
46142.0,1578,genus,0.0206313,Lactobacillus,ERR1074841
46142.0,1263,genus,0.0206313,Ruminococcus,ERR1074841
46142.0,286,genus,0.0206313,Pseudomonas,ERR1074841
46142.0,1573534,genus,0.0165051,Faecalitalea,ERR1074841
46142.0,1485,genus,0.0165051,Clostridium,ERR1074841
46142.0,1350,genus,0.0123788,Enterococcus,ERR1074841
46142.0,61170,genus,0.0123788,Holdemania,ERR1074841
46142.0,724,genus,0.0123788,Haemophilus,ERR1074841
46142.0,1357,genus,0.00825253,Lactococcus,ERR1074841
46142.0,102106,genus,0.00825253,Collinsella,ERR1074841
46142.0,118747,genus,0.00825253,Bulleidia,ERR1074841
46142.0,28453,genus,0.00825253,Sphingobacterium,ERR1074841
46142.0,66831,genus,0.00825253,Facklamia,ERR1074841
46142.0,1380,genus,0.00825253,Atopobium,ERR1074841
46142.0,1378,genus,0.00412626,Gemella,ERR1074841
46142.0,84567,genus,0.00412626,Pedobacter,ERR1074841
46142.0,1716,genus,0.00412626,Corynebacterium,ERR1074841
46142.0,1200657,genus,0.00412626,Saccharofermentans,ERR1074841
46142.0,239934,genus,0.00412626,Akkermansia,ERR1074841
46142.0,16,genus,0.00412626,Methylophilus,ERR1074841
46142.0,150247,genus,0.00412626,Anoxybacillus,ERR1074841
46142.0,508459,genus,0.00412626,Cloacibacillus,ERR1074841
46142.0,1236988,genus,0.00412626,Geofilum,ERR1074841
46142.0,196081,genus,0.00412626,Scardovia,ERR1074841
46142.0,37914,genus,0.00412626,Dietzia,ERR1074841
46142.0,1843210,genus,0.00412626,Anaerocolumna,ERR1074841
46142.0,1506577,genus,0.00412626,Tyzzerella,ERR1074841
46142.0,577309,genus,0.00412626,Paraprevotella,ERR1074841
46142.0,233189,genus,0.00412626,Anaerolinea,ERR1074841
46142.0,1645,genus,0.00412626,Renibacterium,ERR1074841
46142.0,482,genus,0.00412626,Neisseria,ERR1074841
46142.0,289201,genus,0.00412626,Pontibacillus,ERR1074841
46142.0,57665,genus,0.00412626,Sulfurospirillum,ERR1074841
46142.0,848,genus,0.00412626,Fusobacterium,ERR1074841
,-1,genus,10.5591,Unknown,ERR1074841
35741.0,816,genus,28.1707,Bacteroides,ERR1074869
35741.0,469,genus,10.3252,Acinetobacter,ERR1074869
35741.0,583,genus,6.36018,Proteus,ERR1074869
35741.0,286,genus,5.28854,Pseudomonas,ERR1074869
35741.0,216851,genus,4.89739,Faecalibacterium,ERR1074869
35741.0,1508657,genus,3.66768,Ruminiclostridium,ERR1074869
35741.0,581,genus,2.92825,Morganella,ERR1074869
35741.0,239934,genus,1.68515,Akkermansia,ERR1074869
35741.0,841,genus,1.48154,Roseburia,ERR1074869
35741.0,39948,genus,1.33151,Dialister,ERR1074869
35741.0,459786,genus,0.945722,Oscillibacter,ERR1074869
35741.0,1678,genus,0.868028,Bifidobacterium,ERR1074869
35741.0,572511,genus,0.811767,Blautia,ERR1074869
35741.0,1730,genus,0.717998,Eubacterium,ERR1074869
35741.0,1506553,genus,0.608155,Lachnoclostridium,ERR1074869
35741.0,507,genus,0.442051,Alcaligenes,ERR1074869
35741.0,724,genus,0.324171,Haemophilus,ERR1074869
35741.0,848,genus,0.141992,Fusobacterium,ERR1074869
35741.0,1505663,genus,0.128597,Erysipelatoclostridium,ERR1074869
35741.0,61170,genus,0.0964475,Holdemania,ERR1074869
35741.0,244127,genus,0.0884102,Anaerotruncus,ERR1074869
35741.0,40544,genus,0.0723356,Sutterella,ERR1074869
35741.0,1485,genus,0.0723356,Clostridium,ERR1074869
35741.0,570,genus,0.0589401,Klebsiella,ERR1074869
35741.0,838,genus,0.0509029,Prevotella,ERR1074869
35741.0,1386,genus,0.0455447,Bacillus,ERR1074869
35741.0,29465,genus,0.0401865,Veillonella,ERR1074869
35741.0,482,genus,0.0401865,Neisseria,ERR1074869
35741.0,1263,genus,0.0375074,Ruminococcus,ERR1074869
35741.0,561,genus,0.0348283,Escherichia,ERR1074869
35741.0,1301,genus,0.0321492,Streptococcus,ERR1074869
35741.0,207244,genus,0.0241119,Anaerostipes,ERR1074869
35741.0,1827,genus,0.0241119,Rhodococcus,ERR1074869
35741.0,642,genus,0.0241119,Aeromonas,ERR1074869
35741.0,52784,genus,0.0214328,Anaerofilum,ERR1074869
35741.0,872,genus,0.0214328,Desulfovibrio,ERR1074869
35741.0,33042,genus,0.0187537,Coprococcus,ERR1074869
35741.0,620,genus,0.0187537,Shigella,ERR1074869
35741.0,265980,genus,0.0187537,Alkalimonas,ERR1074869
35741.0,416916,genus,0.0187537,Aggregatibacter,ERR1074869
35741.0,189330,genus,0.0160746,Dorea,ERR1074869
35741.0,75984,genus,0.0133955,Mannheimia,ERR1074869
35741.0,1578,genus,0.0133955,Lactobacillus,ERR1074869
35741.0,590,genus,0.0133955,Salmonella,ERR1074869
35741.0,233191,genus,0.0107164,Caldilinea,ERR1074869
35741.0,1505657,genus,0.0107164,Intestinibacter,ERR1074869
35741.0,1716,genus,0.00803729,Corynebacterium,ERR1074869
35741.0,1506577,genus,0.00803729,Tyzzerella,ERR1074869
35741.0,1350,genus,0.00803729,Enterococcus,ERR1074869
35741.0,375288,genus,0.00803729,Parabacteroides,ERR1074869
35741.0,35832,genus,0.00803729,Bilophila,ERR1074869
35741.0,239759,genus,0.00803729,Alistipes,ERR1074869
35741.0,898,genus,0.0053582,Desulfomicrobium,ERR1074869
35741.0,586,genus,0.0053582,Providencia,ERR1074869
35741.0,100883,genus,0.0053582,Coprobacillus,ERR1074869
35741.0,58050,genus,0.0053582,Moritella,ERR1074869
35741.0,1279,genus,0.0053582,Staphylococcus,ERR1074869
35741.0,283168,genus,0.0053582,Odoribacter,ERR1074869
35741.0,32067,genus,0.0053582,Leptotrichia,ERR1074869
35741.0,836,genus,0.0053582,Porphyromonas,ERR1074869
35741.0,67575,genus,0.0053582,Rheinheimera,ERR1074869
35741.0,375928,genus,0.0053582,Natranaerobius,ERR1074869
35741.0,445,genus,0.0026791,Legionella,ERR1074869
35741.0,289201,genus,0.0026791,Pontibacillus,ERR1074869
35741.0,32207,genus,0.0026791,Rothia,ERR1074869
35741.0,187144,genus,0.0026791,Caldithrix,ERR1074869
35741.0,497,genus,0.0026791,Psychrobacter,ERR1074869
35741.0,577309,genus,0.0026791,Paraprevotella,ERR1074869
35741.0,44748,genus,0.0026791,Sporobacter,ERR1074869
35741.0,626,genus,0.0026791,Xenorhabdus,ERR1074869
35741.0,177971,genus,0.0026791,Shuttleworthia,ERR1074869
35741.0,1380,genus,0.0026791,Atopobium,ERR1074869
35741.0,990721,genus,0.0026791,Christensenella,ERR1074869
35741.0,475,genus,0.0026791,Moraxella,ERR1074869
35741.0,364031,genus,0.0026791,Sulfurivirga,ERR1074869
35741.0,1486726,genus,0.0026791,Pseudobacteroides,ERR1074869
35741.0,346096,genus,0.0026791,Paludibacter,ERR1074869
35741.0,397864,genus,0.0026791,Barnesiella,ERR1074869
35741.0,28453,genus,0.0026791,Sphingobacterium,ERR1074869
35741.0,795750,genus,0.0026791,Ignavibacterium,ERR1074869
35741.0,702,genus,0.0026791,Plesiomonas,ERR1074869
35741.0,106633,genus,0.0026791,Thioalkalivibrio,ERR1074869
35741.0,1565532,genus,0.0026791,Rouxiella,ERR1074869
35741.0,262406,genus,0.0026791,Thermobaculum,ERR1074869
35741.0,2717,genus,0.0026791,Cardiobacterium,ERR1074869
35741.0,51366,genus,0.0026791,Salinivibrio,ERR1074869
35741.0,2747,genus,0.0026791,Carnobacterium,ERR1074869
35741.0,32012,genus,0.0026791,Thiomonas,ERR1074869
35741.0,44011,genus,0.0026791,Ferrimonas,ERR1074869
35741.0,265570,genus,0.0026791,Sulfurovum,ERR1074869
35741.0,413496,genus,0.0026791,Cronobacter,ERR1074869
35741.0,40222,genus,0.0026791,Methylophaga,ERR1074869
35741.0,713,genus,0.0026791,Actinobacillus,ERR1074869
35741.0,314343,genus,0.0026791,Sideroxydans,ERR1074869
35741.0,2093,genus,0.0026791,Mycoplasma,ERR1074869
35741.0,226,genus,0.0026791,Alteromonas,ERR1074869
,-1,genus,27.7153,Unknown,ERR1074869
35742.0,816,genus,37.1172,Bacteroides,ERR1074894
35742.0,216851,genus,11.9558,Faecalibacterium,ERR1074894
35742.0,1508657,genus,10.7325,Ruminiclostridium,ERR1074894
35742.0,39948,genus,3.98906,Dialister,ERR1074894
35742.0,1730,genus,3.30522,Eubacterium,ERR1074894
35742.0,239759,genus,2.60998,Alistipes,ERR1074894
35742.0,397864,genus,2.59859,Barnesiella,ERR1074894
35742.0,375288,genus,2.5568,Parabacteroides,ERR1074894
35742.0,459786,genus,2.37824,Oscillibacter,ERR1074894
35742.0,572511,genus,1.16632,Blautia,ERR1074894
35742.0,841,genus,1.16253,Roseburia,ERR1074894
35742.0,1506553,genus,1.05615,Lachnoclostridium,ERR1074894
35742.0,1263,genus,0.900388,Ruminococcus,ERR1074894
35742.0,1279388,genus,0.524276,Kandleria,ERR1074894
35742.0,244127,genus,0.33812,Anaerotruncus,ERR1074894
35742.0,239934,genus,0.277335,Akkermansia,ERR1074894
35742.0,872,genus,0.246942,Desulfovibrio,ERR1074894
35742.0,1301,genus,0.246942,Streptococcus,ERR1074894
35742.0,40544,genus,0.216549,Sutterella,ERR1074894
35742.0,33042,genus,0.159562,Coprococcus,ERR1074894
35742.0,189330,genus,0.144366,Dorea,ERR1074894
35742.0,283168,genus,0.121571,Odoribacter,ERR1074894
35742.0,35832,genus,0.113973,Bilophila,ERR1074894
35742.0,44748,genus,0.0987767,Sporobacter,ERR1074894
35742.0,1485,genus,0.0759821,Clostridium,ERR1074894
35742.0,1505663,genus,0.072183,Erysipelatoclostridium,ERR1074894
35742.0,724,genus,0.0607857,Haemophilus,ERR1074894
35742.0,172900,genus,0.0569866,Victivallis,ERR1074894
35742.0,1386,genus,0.0569866,Bacillus,ERR1074894
35742.0,61170,genus,0.037991,Holdemania,ERR1074894
35742.0,1578,genus,0.0341919,Lactobacillus,ERR1074894
35742.0,838,genus,0.0341919,Prevotella,ERR1074894
35742.0,1279,genus,0.0341919,Staphylococcus,ERR1074894
35742.0,32207,genus,0.0303928,Rothia,ERR1074894
35742.0,848,genus,0.0265937,Fusobacterium,ERR1074894
35742.0,1502725,genus,0.0189955,Effusibacillus,ERR1074894
35742.0,990721,genus,0.0151964,Christensenella,ERR1074894
35742.0,52784,genus,0.0151964,Anaerofilum,ERR1074894
35742.0,846,genus,0.0151964,Oxalobacter,ERR1074894
35742.0,1350,genus,0.0151964,Enterococcus,ERR1074894
35742.0,670486,genus,0.0113973,Dehalogenimonas,ERR1074894
35742.0,233191,genus,0.0113973,Caldilinea,ERR1074894
35742.0,442430,genus,0.0113973,Coraliomargarita,ERR1074894
35742.0,286,genus,0.0113973,Pseudomonas,ERR1074894
35742.0,482,genus,0.0113973,Neisseria,ERR1074894
35742.0,1200657,genus,0.0113973,Saccharofermentans,ERR1074894
35742.0,1654,genus,0.00759821,Actinomyces,ERR1074894
35742.0,270497,genus,0.00759821,Catabacter,ERR1074894
35742.0,84111,genus,0.00759821,Eggerthella,ERR1074894
35742.0,32008,genus,0.00759821,Burkholderia,ERR1074894
35742.0,84108,genus,0.00759821,Slackia,ERR1074894
35742.0,61434,genus,0.00759821,Dehalococcoides,ERR1074894
35742.0,207244,genus,0.00759821,Anaerostipes,ERR1074894
35742.0,262406,genus,0.00759821,Thermobaculum,ERR1074894
35742.0,1486726,genus,0.00759821,Pseudobacteroides,ERR1074894
35742.0,2093,genus,0.0037991,Mycoplasma,ERR1074894
35742.0,233189,genus,0.0037991,Anaerolinea,ERR1074894
35742.0,100883,genus,0.0037991,Coprobacillus,ERR1074894
35742.0,475230,genus,0.0037991,Pullulanibacillus,ERR1074894
35742.0,33986,genus,0.0037991,Exiguobacterium,ERR1074894
35742.0,590,genus,0.0037991,Salmonella,ERR1074894
35742.0,196081,genus,0.0037991,Scardovia,ERR1074894
35742.0,76831,genus,0.0037991,Myroides,ERR1074894
35742.0,349,genus,0.0037991,Zoogloea,ERR1074894
35742.0,583,genus,0.0037991,Proteus,ERR1074894
35742.0,36853,genus,0.0037991,Desulfitobacterium,ERR1074894
35742.0,1843210,genus,0.0037991,Anaerocolumna,ERR1074894
35742.0,29465,genus,0.0037991,Veillonella,ERR1074894
35742.0,44249,genus,0.0037991,Paenibacillus,ERR1074894
35742.0,47670,genus,0.0037991,Lautropia,ERR1074894
35742.0,13687,genus,0.0037991,Sphingomonas,ERR1074894
35742.0,929509,genus,0.0037991,Solitalea,ERR1074894
35742.0,41273,genus,0.0037991,Tissierella,ERR1074894
35742.0,18,genus,0.0037991,Pelobacter,ERR1074894
35742.0,66831,genus,0.0037991,Facklamia,ERR1074894
35742.0,1236988,genus,0.0037991,Geofilum,ERR1074894
35742.0,830,genus,0.0037991,Butyrivibrio,ERR1074894
35742.0,51668,genus,0.0037991,Tetragenococcus,ERR1074894
35742.0,795750,genus,0.0037991,Ignavibacterium,ERR1074894
35742.0,1274351,genus,0.0037991,Kroppenstedtia,ERR1074894
35742.0,963,genus,0.0037991,Herbaspirillum,ERR1074894
35742.0,1380,genus,0.0037991,Atopobium,ERR1074894
,-1,genus,13.6578,Unknown,ERR1074894
35743.0,816,genus,26.2705,Bacteroides,ERR1074972
35743.0,216851,genus,12.2552,Faecalibacterium,ERR1074972
35743.0,841,genus,5.45674,Roseburia,ERR1074972
35743.0,1730,genus,3.31557,Eubacterium,ERR1074972
35743.0,1508657,genus,3.14514,Ruminiclostridium,ERR1074972
35743.0,572511,genus,3.10796,Blautia,ERR1074972
35743.0,1506553,genus,2.59978,Lachnoclostridium,ERR1074972
35743.0,1263,genus,2.16906,Ruminococcus,ERR1074972
35743.0,39948,genus,2.02652,Dialister,ERR1074972
35743.0,375288,genus,1.73525,Parabacteroides,ERR1074972
35743.0,239759,genus,1.72286,Alistipes,ERR1074972
35743.0,1505663,genus,1.54623,Erysipelatoclostridium,ERR1074972
35743.0,33042,genus,0.703396,Coprococcus,ERR1074972
35743.0,459786,genus,0.67241,Oscillibacter,ERR1074972
35743.0,189330,genus,0.567055,Dorea,ERR1074972
35743.0,1573535,genus,0.551562,Holdemanella,ERR1074972
35743.0,1716,genus,0.39353,Corynebacterium,ERR1074972
35743.0,283168,genus,0.241696,Odoribacter,ERR1074972
35743.0,904,genus,0.216906,Acidaminococcus,ERR1074972
35743.0,44748,genus,0.182821,Sporobacter,ERR1074972
35743.0,397864,genus,0.170426,Barnesiella,ERR1074972
35743.0,244127,genus,0.145637,Anaerotruncus,ERR1074972
35743.0,46205,genus,0.108453,Pseudobutyrivibrio,ERR1074972
35743.0,1301,genus,0.0526772,Streptococcus,ERR1074972
35743.0,1485,genus,0.0464799,Clostridium,ERR1074972
35743.0,838,genus,0.0340853,Prevotella,ERR1074972
35743.0,577310,genus,0.0340853,Parasutterella,ERR1074972
35743.0,1678,genus,0.0309866,Bifidobacterium,ERR1074972
35743.0,1386,genus,0.0309866,Bacillus,ERR1074972
35743.0,207244,genus,0.027888,Anaerostipes,ERR1074972
35743.0,1505657,genus,0.027888,Intestinibacter,ERR1074972
35743.0,150022,genus,0.0247893,Finegoldia,ERR1074972
35743.0,29465,genus,0.018592,Veillonella,ERR1074972
35743.0,162289,genus,0.018592,Peptoniphilus,ERR1074972
35743.0,61434,genus,0.018592,Dehalococcoides,ERR1074972
35743.0,724,genus,0.0123946,Haemophilus,ERR1074972
35743.0,84111,genus,0.0123946,Eggerthella,ERR1074972
35743.0,150818,genus,0.0123946,Heliophilum,ERR1074972
35743.0,1279,genus,0.0123946,Staphylococcus,ERR1074972
35743.0,187144,genus,0.0123946,Caldithrix,ERR1074972
35743.0,44249,genus,0.00929598,Paenibacillus,ERR1074972
35743.0,795750,genus,0.00929598,Ignavibacterium,ERR1074972
35743.0,32207,genus,0.00929598,Rothia,ERR1074972
35743.0,1637257,genus,0.00929598,Mageeibacillus,ERR1074972
35743.0,66831,genus,0.00929598,Facklamia,ERR1074972
35743.0,239934,genus,0.00929598,Akkermansia,ERR1074972
35743.0,61170,genus,0.00929598,Holdemania,ERR1074972
35743.0,1357,genus,0.00929598,Lactococcus,ERR1074972
35743.0,52784,genus,0.00929598,Anaerofilum,ERR1074972
35743.0,146813,genus,0.00619732,Dendrosporobacter,ERR1074972
35743.0,1578,genus,0.00619732,Lactobacillus,ERR1074972
35743.0,233189,genus,0.00619732,Anaerolinea,ERR1074972
35743.0,670486,genus,0.00619732,Dehalogenimonas,ERR1074972
35743.0,286,genus,0.00619732,Pseudomonas,ERR1074972
35743.0,44000,genus,0.00619732,Caldicellulosiruptor,ERR1074972
35743.0,644652,genus,0.00619732,Gordonibacter,ERR1074972
35743.0,836,genus,0.00619732,Porphyromonas,ERR1074972
35743.0,118747,genus,0.00619732,Bulleidia,ERR1074972
35743.0,698776,genus,0.00619732,Cellulosilyticum,ERR1074972
35743.0,165779,genus,0.00619732,Anaerococcus,ERR1074972
35743.0,2132,genus,0.00309866,Spiroplasma,ERR1074972
35743.0,55080,genus,0.00309866,Brevibacillus,ERR1074972
35743.0,1253,genus,0.00309866,Pediococcus,ERR1074972
35743.0,1350,genus,0.00309866,Enterococcus,ERR1074972
35743.0,2147,genus,0.00309866,Acholeplasma,ERR1074972
35743.0,1742989,genus,0.00309866,Glutamicibacter,ERR1074972
35743.0,990721,genus,0.00309866,Christensenella,ERR1074972
35743.0,36739,genus,0.00309866,Dermabacter,ERR1074972
35743.0,156973,genus,0.00309866,Dysgonomonas,ERR1074972
35743.0,194,genus,0.00309866,Campylobacter,ERR1074972
35743.0,1654,genus,0.00309866,Actinomyces,ERR1074972
35743.0,577309,genus,0.00309866,Paraprevotella,ERR1074972
35743.0,79328,genus,0.00309866,Chitinophaga,ERR1074972
35743.0,177971,genus,0.00309866,Shuttleworthia,ERR1074972
35743.0,264995,genus,0.00309866,Anaerofustis,ERR1074972
35743.0,2086,genus,0.00309866,Anaeroplasma,ERR1074972
35743.0,1843210,genus,0.00309866,Anaerocolumna,ERR1074972
35743.0,1502725,genus,0.00309866,Effusibacillus,ERR1074972
35743.0,1883,genus,0.00309866,Streptomyces,ERR1074972
35743.0,906,genus,0.00309866,Megasphaera,ERR1074972
35743.0,267986,genus,0.00309866,Owenweeksia,ERR1074972
35743.0,872,genus,0.00309866,Desulfovibrio,ERR1074972
,-1,genus,26.1062,Unknown,ERR1074972
35744.0,816,genus,34.0467,Bacteroides,ERR1074999
35744.0,239759,genus,18.7074,Alistipes,ERR1074999
35744.0,459786,genus,3.87361,Oscillibacter,ERR1074999
35744.0,375288,genus,3.6667,Parabacteroides,ERR1074999
35744.0,1508657,genus,3.48787,Ruminiclostridium,ERR1074999
35744.0,572511,genus,3.01199,Blautia,ERR1074999
35744.0,841,genus,2.72675,Roseburia,ERR1074999
35744.0,1506553,genus,1.57989,Lachnoclostridium,ERR1074999
35744.0,39948,genus,1.46757,Dialister,ERR1074999
35744.0,286,genus,1.21484,Pseudomonas,ERR1074999
35744.0,1505663,genus,0.932563,Erysipelatoclostridium,ERR1074999
35744.0,1730,genus,0.829109,Eubacterium,ERR1074999
35744.0,216851,genus,0.783294,Faecalibacterium,ERR1074999
35744.0,244127,genus,0.650282,Anaerotruncus,ERR1074999
35744.0,1263,genus,0.338442,Ruminococcus,ERR1074999
35744.0,1017280,genus,0.31184,Pseudoflavonifractor,ERR1074999
35744.0,1505657,genus,0.226121,Intestinibacter,ERR1074999
35744.0,40544,genus,0.190651,Sutterella,ERR1074999
35744.0,33042,genus,0.184739,Coprococcus,ERR1074999
35744.0,61170,genus,0.143358,Holdemania,ERR1074999
35744.0,189330,genus,0.143358,Dorea,ERR1074999
35744.0,207244,genus,0.116755,Anaerostipes,ERR1074999
35744.0,1573534,genus,0.0871968,Faecalitalea,ERR1074999
35744.0,963,genus,0.0857189,Herbaspirillum,ERR1074999
35744.0,165779,genus,0.0827631,Anaerococcus,ERR1074999
35744.0,1485,genus,0.0768515,Clostridium,ERR1074999
35744.0,44748,genus,0.0709398,Sporobacter,ERR1074999
35744.0,1301,genus,0.0665061,Streptococcus,ERR1074999
35744.0,838,genus,0.0635502,Prevotella,ERR1074999
35744.0,1678,genus,0.0620723,Bifidobacterium,ERR1074999
35744.0,1386,genus,0.0561607,Bacillus,ERR1074999
35744.0,1716,genus,0.0443374,Corynebacterium,ERR1074999
35744.0,100883,genus,0.0399036,Coprobacillus,ERR1074999
35744.0,84111,genus,0.0354699,Eggerthella,ERR1074999
35744.0,469,genus,0.0280803,Acinetobacter,ERR1074999
35744.0,1060,genus,0.0251245,Rhodobacter,ERR1074999
35744.0,1279,genus,0.0251245,Staphylococcus,ERR1074999
35744.0,644652,genus,0.0236466,Gordonibacter,ERR1074999
35744.0,1578,genus,0.0221687,Lactobacillus,ERR1074999
35744.0,52784,genus,0.017735,Anaerofilum,ERR1074999
35744.0,830,genus,0.017735,Butyrivibrio,ERR1074999
35744.0,61434,genus,0.016257,Dehalococcoides,ERR1074999
35744.0,397864,genus,0.0147791,Barnesiella,ERR1074999
35744.0,28138,genus,0.0147791,Rikenella,ERR1074999
35744.0,346096,genus,0.0147791,Paludibacter,ERR1074999
35744.0,150022,genus,0.0118233,Finegoldia,ERR1074999
35744.0,29465,genus,0.0103454,Veillonella,ERR1074999
35744.0,990721,genus,0.0103454,Christensenella,ERR1074999
35744.0,83660,genus,0.0103454,Desulfonispora,ERR1074999
35744.0,577309,genus,0.00886748,Paraprevotella,ERR1074999
35744.0,1618113,genus,0.00886748,Saccharicrinis,ERR1074999
35744.0,577310,genus,0.00886748,Parasutterella,ERR1074999
35744.0,28453,genus,0.00886748,Sphingobacterium,ERR1074999
35744.0,1870884,genus,0.00738956,Clostridioides,ERR1074999
35744.0,22,genus,0.00738956,Shewanella,ERR1074999
35744.0,670486,genus,0.00738956,Dehalogenimonas,ERR1074999
35744.0,156973,genus,0.00738956,Dysgonomonas,ERR1074999
35744.0,1253,genus,0.00738956,Pediococcus,ERR1074999
35744.0,904,genus,0.00738956,Acidaminococcus,ERR1074999
35744.0,836,genus,0.00738956,Porphyromonas,ERR1074999
35744.0,86331,genus,0.00738956,Mogibacterium,ERR1074999
35744.0,724,genus,0.00591165,Haemophilus,ERR1074999
35744.0,1654,genus,0.00591165,Actinomyces,ERR1074999
35744.0,1506577,genus,0.00591165,Tyzzerella,ERR1074999
35744.0,233191,genus,0.00591165,Caldilinea,ERR1074999
35744.0,233189,genus,0.00591165,Anaerolinea,ERR1074999
35744.0,1200657,genus,0.00591165,Saccharofermentans,ERR1074999
35744.0,32008,genus,0.00591165,Burkholderia,ERR1074999
35744.0,795750,genus,0.00591165,Ignavibacterium,ERR1074999
35744.0,420345,genus,0.00443374,Lactonifactor,ERR1074999
35744.0,1257,genus,0.00443374,Peptostreptococcus,ERR1074999
35744.0,70774,genus,0.00443374,Hydrogenophilus,ERR1074999
35744.0,906,genus,0.00443374,Megasphaera,ERR1074999
35744.0,44249,genus,0.00443374,Paenibacillus,ERR1074999
35744.0,978,genus,0.00443374,Cytophaga,ERR1074999
35744.0,283168,genus,0.00443374,Odoribacter,ERR1074999
35744.0,482,genus,0.00443374,Neisseria,ERR1074999
35744.0,653683,genus,0.00443374,Anaerosporobacter,ERR1074999
35744.0,84567,genus,0.00443374,Pedobacter,ERR1074999
35744.0,84034,genus,0.00443374,Propionispira,ERR1074999
35744.0,2299,genus,0.00443374,Desulfosarcina,ERR1074999
35744.0,1134403,genus,0.00443374,Melioribacter,ERR1074999
35744.0,588605,genus,0.00443374,Robinsoniella,ERR1074999
35744.0,848,genus,0.00295583,Fusobacterium,ERR1074999
35744.0,32012,genus,0.00295583,Thiomonas,ERR1074999
35744.0,55080,genus,0.00295583,Brevibacillus,ERR1074999
35744.0,519427,genus,0.00295583,Sharpea,ERR1074999
35744.0,1548510,genus,0.00295583,Microbacter,ERR1074999
35744.0,66831,genus,0.00295583,Facklamia,ERR1074999
35744.0,1378,genus,0.00295583,Gemella,ERR1074999
35744.0,929509,genus,0.00295583,Solitalea,ERR1074999
35744.0,1637257,genus,0.00295583,Mageeibacillus,ERR1074999
35744.0,638847,genus,0.00295583,Pyramidobacter,ERR1074999
35744.0,162289,genus,0.00295583,Peptoniphilus,ERR1074999
35744.0,226,genus,0.00295583,Alteromonas,ERR1074999
35744.0,286130,genus,0.00295583,Sulfuricurvum,ERR1074999
35744.0,866673,genus,0.00295583,Marinifilum,ERR1074999
35744.0,59732,genus,0.00295583,Chryseobacterium,ERR1074999
35744.0,312278,genus,0.00295583,Emticicia,ERR1074999
35744.0,2086,genus,0.00295583,Anaeroplasma,ERR1074999
35744.0,239934,genus,0.00295583,Akkermansia,ERR1074999
35744.0,642,genus,0.00147791,Aeromonas,ERR1074999
35744.0,76831,genus,0.00147791,Myroides,ERR1074999
35744.0,590,genus,0.00147791,Salmonella,ERR1074999
35744.0,2740,genus,0.00147791,Peptococcus,ERR1074999
35744.0,102106,genus,0.00147791,Collinsella,ERR1074999
35744.0,327159,genus,0.00147791,Candidatus Accumulibacter,ERR1074999
35744.0,35832,genus,0.00147791,Bilophila,ERR1074999
35744.0,375928,genus,0.00147791,Natranaerobius,ERR1074999
35744.0,34098,genus,0.00147791,Blattabacterium,ERR1074999
35744.0,237,genus,0.00147791,Flavobacterium,ERR1074999
35744.0,2147,genus,0.00147791,Acholeplasma,ERR1074999
35744.0,363276,genus,0.00147791,Ktedonobacter,ERR1074999
35744.0,292635,genus,0.00147791,Laceyella,ERR1074999
35744.0,29330,genus,0.00147791,Alicyclobacillus,ERR1074999
35744.0,2745,genus,0.00147791,Halomonas,ERR1074999
35744.0,1502725,genus,0.00147791,Effusibacillus,ERR1074999
35744.0,445,genus,0.00147791,Legionella,ERR1074999
35744.0,1883,genus,0.00147791,Streptomyces,ERR1074999
35744.0,79206,genus,0.00147791,Desulfosporosinus,ERR1074999
35744.0,264995,genus,0.00147791,Anaerofustis,ERR1074999
35744.0,872,genus,0.00147791,Desulfovibrio,ERR1074999
35744.0,1350,genus,0.00147791,Enterococcus,ERR1074999
35744.0,1663,genus,0.00147791,Arthrobacter,ERR1074999
35744.0,1573535,genus,0.00147791,Holdemanella,ERR1074999
35744.0,909656,genus,0.00147791,Phocaeicola,ERR1074999
35744.0,262406,genus,0.00147791,Thermobaculum,ERR1074999
35744.0,713,genus,0.00147791,Actinobacillus,ERR1074999
35744.0,118966,genus,0.00147791,Anaerorhabdus,ERR1074999
35744.0,100175,genus,0.00147791,Papillibacter,ERR1074999
35744.0,70992,genus,0.00147791,Flexithrix,ERR1074999
35744.0,119977,genus,0.00147791,Acidithiobacillus,ERR1074999
35744.0,637,genus,0.00147791,Arsenophonus,ERR1074999
35744.0,44259,genus,0.00147791,Filifactor,ERR1074999
35744.0,40323,genus,0.00147791,Stenotrophomonas,ERR1074999
35744.0,428711,genus,0.00147791,Jonquetella,ERR1074999
35744.0,698776,genus,0.00147791,Cellulosilyticum,ERR1074999
35744.0,1279388,genus,0.00147791,Kandleria,ERR1074999
35744.0,44262,genus,0.00147791,Oxalophagus,ERR1074999
35744.0,173479,genus,0.00147791,Gemmatimonas,ERR1074999
35744.0,1647,genus,0.00147791,Erysipelothrix,ERR1074999
35744.0,1164882,genus,0.00147791,Lachnoanaerobaculum,ERR1074999
35744.0,1471399,genus,0.00147791,Draconibacterium,ERR1074999
35744.0,28231,genus,0.00147791,Geobacter,ERR1074999
35744.0,1077265,genus,0.00147791,Chthonomonas,ERR1074999
35744.0,1357,genus,0.00147791,Lactococcus,ERR1074999
,-1,genus,19.7671,Unknown,ERR1074999
34046.0,816,genus,34.6336,Bacteroides,ERR1075029
34046.0,216851,genus,8.7684,Faecalibacterium,ERR1075029
34046.0,375288,genus,5.61735,Parabacteroides,ERR1075029
34046.0,239934,genus,4.48335,Akkermansia,ERR1075029
34046.0,397864,genus,3.70565,Barnesiella,ERR1075029
34046.0,1730,genus,2.96824,Eubacterium,ERR1075029
34046.0,459786,genus,1.67002,Oscillibacter,ERR1075029
34046.0,39948,genus,1.29202,Dialister,ERR1075029
34046.0,80865,genus,1.24864,Delftia,ERR1075029
34046.0,1506553,genus,0.926414,Lachnoclostridium,ERR1075029
34046.0,1508657,genus,0.709527,Ruminiclostridium,ERR1075029
34046.0,1505663,genus,0.632068,Erysipelatoclostridium,ERR1075029
34046.0,572511,genus,0.622773,Blautia,ERR1075029
34046.0,244127,genus,0.529822,Anaerotruncus,ERR1075029
34046.0,841,genus,0.501936,Roseburia,ERR1075029
34046.0,283168,genus,0.446166,Odoribacter,ERR1075029
34046.0,239759,genus,0.306739,Alistipes,ERR1075029
34046.0,35832,genus,0.275755,Bilophila,ERR1075029
34046.0,286,genus,0.226181,Pseudomonas,ERR1075029
34046.0,40544,genus,0.201394,Sutterella,ERR1075029
34046.0,1263,genus,0.13323,Ruminococcus,ERR1075029
34046.0,207244,genus,0.123935,Anaerostipes,ERR1075029
34046.0,838,genus,0.120837,Prevotella,ERR1075029
34046.0,33042,genus,0.117738,Coprococcus,ERR1075029
34046.0,1485,genus,0.0929512,Clostridium,ERR1075029
34046.0,1301,genus,0.0898528,Streptococcus,ERR1075029
34046.0,44748,genus,0.0681642,Sporobacter,ERR1075029
34046.0,189330,genus,0.0619675,Dorea,ERR1075029
34046.0,84111,genus,0.049574,Eggerthella,ERR1075029
34046.0,1017280,genus,0.0464756,Pseudoflavonifractor,ERR1075029
34046.0,28453,genus,0.0464756,Sphingobacterium,ERR1075029
34046.0,1506577,genus,0.0402789,Tyzzerella,ERR1075029
34046.0,33057,genus,0.0402789,Thauera,ERR1075029
34046.0,61170,genus,0.0340821,Holdemania,ERR1075029
34046.0,29465,genus,0.0340821,Veillonella,ERR1075029
34046.0,194,genus,0.0309837,Campylobacter,ERR1075029
34046.0,1678,genus,0.0309837,Bifidobacterium,ERR1075029
34046.0,577310,genus,0.0309837,Parasutterella,ERR1075029
34046.0,990721,genus,0.0309837,Christensenella,ERR1075029
34046.0,1578,genus,0.024787,Lactobacillus,ERR1075029
34046.0,156973,genus,0.024787,Dysgonomonas,ERR1075029
34046.0,1386,genus,0.0216886,Bacillus,ERR1075029
34046.0,52784,genus,0.0216886,Anaerofilum,ERR1075029
34046.0,1778601,genus,0.0185902,Apibacter,ERR1075029
34046.0,314318,genus,0.0123935,Prolixibacter,ERR1075029
34046.0,283,genus,0.0123935,Comamonas,ERR1075029
34046.0,83660,genus,0.0123935,Desulfonispora,ERR1075029
34046.0,1350,genus,0.00929512,Enterococcus,ERR1075029
34046.0,872,genus,0.00929512,Desulfovibrio,ERR1075029
34046.0,848,genus,0.00929512,Fusobacterium,ERR1075029
34046.0,233191,genus,0.00929512,Caldilinea,ERR1075029
34046.0,46205,genus,0.00929512,Pseudobutyrivibrio,ERR1075029
34046.0,2740,genus,0.00929512,Peptococcus,ERR1075029
34046.0,172900,genus,0.00619675,Victivallis,ERR1075029
34046.0,561,genus,0.00619675,Escherichia,ERR1075029
34046.0,61434,genus,0.00619675,Dehalococcoides,ERR1075029
34046.0,904,genus,0.00619675,Acidaminococcus,ERR1075029
34046.0,1505657,genus,0.00619675,Intestinibacter,ERR1075029
34046.0,84034,genus,0.00619675,Propionispira,ERR1075029
34046.0,644652,genus,0.00619675,Gordonibacter,ERR1075029
34046.0,836,genus,0.00619675,Porphyromonas,ERR1075029
34046.0,55080,genus,0.00619675,Brevibacillus,ERR1075029
34046.0,102106,genus,0.00619675,Collinsella,ERR1075029
34046.0,22,genus,0.00309837,Shewanella,ERR1075029
34046.0,1548510,genus,0.00309837,Microbacter,ERR1075029
34046.0,898,genus,0.00309837,Desulfomicrobium,ERR1075029
34046.0,590,genus,0.00309837,Salmonella,ERR1075029
34046.0,1253,genus,0.00309837,Pediococcus,ERR1075029
34046.0,84108,genus,0.00309837,Slackia,ERR1075029
34046.0,1486726,genus,0.00309837,Pseudobacteroides,ERR1075029
34046.0,180541,genus,0.00309837,Salinisphaera,ERR1075029
34046.0,84567,genus,0.00309837,Pedobacter,ERR1075029
34046.0,119977,genus,0.00309837,Acidithiobacillus,ERR1075029
34046.0,511434,genus,0.00309837,Candidatus Azobacteroides,ERR1075029
34046.0,1279,genus,0.00309837,Staphylococcus,ERR1075029
34046.0,2147,genus,0.00309837,Acholeplasma,ERR1075029
34046.0,2701,genus,0.00309837,Gardnerella,ERR1075029
34046.0,32207,genus,0.00309837,Rothia,ERR1075029
34046.0,577309,genus,0.00309837,Paraprevotella,ERR1075029
34046.0,482,genus,0.00309837,Neisseria,ERR1075029
34046.0,346096,genus,0.00309837,Paludibacter,ERR1075029
34046.0,100883,genus,0.00309837,Coprobacillus,ERR1075029
34046.0,2132,genus,0.00309837,Spiroplasma,ERR1075029
34046.0,329857,genus,0.00309837,Cohnella,ERR1075029
34046.0,702,genus,0.00309837,Plesiomonas,ERR1075029
34046.0,501783,genus,0.00309837,Cloacibacterium,ERR1075029
34046.0,914,genus,0.00309837,Nitrosomonas,ERR1075029
34046.0,34102,genus,0.00309837,Sphaerotilus,ERR1075029
34046.0,830,genus,0.00309837,Butyrivibrio,ERR1075029
34046.0,620,genus,0.00309837,Shigella,ERR1075029
34046.0,1618113,genus,0.00309837,Saccharicrinis,ERR1075029
34046.0,111142,genus,0.00309837,Alishewanella,ERR1075029
34046.0,16,genus,0.00309837,Methylophilus,ERR1075029
34046.0,29580,genus,0.00309837,Janthinobacterium,ERR1075029
34046.0,114627,genus,0.00309837,Alkaliphilus,ERR1075029
34046.0,724,genus,0.00309837,Haemophilus,ERR1075029
34046.0,963,genus,0.00309837,Herbaspirillum,ERR1075029
34046.0,626,genus,0.00309837,Xenorhabdus,ERR1075029
34046.0,1279388,genus,0.00309837,Kandleria,ERR1075029
,-1,genus,27.591,Unknown,ERR1075029
34046.0,816,genus,34.6336,Bacteroides,ERR1075029
34046.0,216851,genus,8.7684,Faecalibacterium,ERR1075029
34046.0,375288,genus,5.61735,Parabacteroides,ERR1075029
34046.0,239934,genus,4.48335,Akkermansia,ERR1075029
34046.0,397864,genus,3.70565,Barnesiella,ERR1075029
34046.0,1730,genus,2.96824,Eubacterium,ERR1075029
34046.0,459786,genus,1.67002,Oscillibacter,ERR1075029
34046.0,39948,genus,1.29202,Dialister,ERR1075029
34046.0,80865,genus,1.24864,Delftia,ERR1075029
34046.0,1506553,genus,0.926414,Lachnoclostridium,ERR1075029
34046.0,1508657,genus,0.709527,Ruminiclostridium,ERR1075029
34046.0,1505663,genus,0.632068,Erysipelatoclostridium,ERR1075029
34046.0,572511,genus,0.622773,Blautia,ERR1075029
34046.0,244127,genus,0.529822,Anaerotruncus,ERR1075029
34046.0,841,genus,0.501936,Roseburia,ERR1075029
34046.0,283168,genus,0.446166,Odoribacter,ERR1075029
34046.0,239759,genus,0.306739,Alistipes,ERR1075029
34046.0,35832,genus,0.275755,Bilophila,ERR1075029
34046.0,286,genus,0.226181,Pseudomonas,ERR1075029
34046.0,40544,genus,0.201394,Sutterella,ERR1075029
34046.0,1263,genus,0.13323,Ruminococcus,ERR1075029
34046.0,207244,genus,0.123935,Anaerostipes,ERR1075029
34046.0,838,genus,0.120837,Prevotella,ERR1075029
34046.0,33042,genus,0.117738,Coprococcus,ERR1075029
34046.0,1485,genus,0.0929512,Clostridium,ERR1075029
34046.0,1301,genus,0.0898528,Streptococcus,ERR1075029
34046.0,44748,genus,0.0681642,Sporobacter,ERR1075029
34046.0,189330,genus,0.0619675,Dorea,ERR1075029
34046.0,84111,genus,0.049574,Eggerthella,ERR1075029
34046.0,1017280,genus,0.0464756,Pseudoflavonifractor,ERR1075029
34046.0,28453,genus,0.0464756,Sphingobacterium,ERR1075029
34046.0,1506577,genus,0.0402789,Tyzzerella,ERR1075029
34046.0,33057,genus,0.0402789,Thauera,ERR1075029
34046.0,61170,genus,0.0340821,Holdemania,ERR1075029
34046.0,29465,genus,0.0340821,Veillonella,ERR1075029
34046.0,194,genus,0.0309837,Campylobacter,ERR1075029
34046.0,1678,genus,0.0309837,Bifidobacterium,ERR1075029
34046.0,577310,genus,0.0309837,Parasutterella,ERR1075029
34046.0,990721,genus,0.0309837,Christensenella,ERR1075029
34046.0,156973,genus,0.024787,Dysgonomonas,ERR1075029
34046.0,1578,genus,0.024787,Lactobacillus,ERR1075029
34046.0,52784,genus,0.0216886,Anaerofilum,ERR1075029
34046.0,1386,genus,0.0216886,Bacillus,ERR1075029
34046.0,1778601,genus,0.0185902,Apibacter,ERR1075029
34046.0,314318,genus,0.0123935,Prolixibacter,ERR1075029
34046.0,283,genus,0.0123935,Comamonas,ERR1075029
34046.0,83660,genus,0.0123935,Desulfonispora,ERR1075029
34046.0,233191,genus,0.00929512,Caldilinea,ERR1075029
34046.0,46205,genus,0.00929512,Pseudobutyrivibrio,ERR1075029
34046.0,2740,genus,0.00929512,Peptococcus,ERR1075029
34046.0,1350,genus,0.00929512,Enterococcus,ERR1075029
34046.0,872,genus,0.00929512,Desulfovibrio,ERR1075029
34046.0,848,genus,0.00929512,Fusobacterium,ERR1075029
34046.0,61434,genus,0.00619675,Dehalococcoides,ERR1075029
34046.0,904,genus,0.00619675,Acidaminococcus,ERR1075029
34046.0,1505657,genus,0.00619675,Intestinibacter,ERR1075029
34046.0,84034,genus,0.00619675,Propionispira,ERR1075029
34046.0,644652,genus,0.00619675,Gordonibacter,ERR1075029
34046.0,836,genus,0.00619675,Porphyromonas,ERR1075029
34046.0,55080,genus,0.00619675,Brevibacillus,ERR1075029
34046.0,102106,genus,0.00619675,Collinsella,ERR1075029
34046.0,561,genus,0.00619675,Escherichia,ERR1075029
34046.0,172900,genus,0.00619675,Victivallis,ERR1075029
34046.0,180541,genus,0.00309837,Salinisphaera,ERR1075029
34046.0,1486726,genus,0.00309837,Pseudobacteroides,ERR1075029
34046.0,119977,genus,0.00309837,Acidithiobacillus,ERR1075029
34046.0,511434,genus,0.00309837,Candidatus Azobacteroides,ERR1075029
34046.0,1279,genus,0.00309837,Staphylococcus,ERR1075029
34046.0,84567,genus,0.00309837,Pedobacter,ERR1075029
34046.0,2701,genus,0.00309837,Gardnerella,ERR1075029
34046.0,32207,genus,0.00309837,Rothia,ERR1075029
34046.0,577309,genus,0.00309837,Paraprevotella,ERR1075029
34046.0,482,genus,0.00309837,Neisseria,ERR1075029
34046.0,2147,genus,0.00309837,Acholeplasma,ERR1075029
34046.0,100883,genus,0.00309837,Coprobacillus,ERR1075029
34046.0,346096,genus,0.00309837,Paludibacter,ERR1075029
34046.0,329857,genus,0.00309837,Cohnella,ERR1075029
34046.0,2132,genus,0.00309837,Spiroplasma,ERR1075029
34046.0,914,genus,0.00309837,Nitrosomonas,ERR1075029
34046.0,702,genus,0.00309837,Plesiomonas,ERR1075029
34046.0,501783,genus,0.00309837,Cloacibacterium,ERR1075029
34046.0,830,genus,0.00309837,Butyrivibrio,ERR1075029
34046.0,34102,genus,0.00309837,Sphaerotilus,ERR1075029
34046.0,111142,genus,0.00309837,Alishewanella,ERR1075029
34046.0,16,genus,0.00309837,Methylophilus,ERR1075029
34046.0,620,genus,0.00309837,Shigella,ERR1075029
34046.0,1618113,genus,0.00309837,Saccharicrinis,ERR1075029
34046.0,114627,genus,0.00309837,Alkaliphilus,ERR1075029
34046.0,29580,genus,0.00309837,Janthinobacterium,ERR1075029
34046.0,963,genus,0.00309837,Herbaspirillum,ERR1075029
34046.0,724,genus,0.00309837,Haemophilus,ERR1075029
34046.0,626,genus,0.00309837,Xenorhabdus,ERR1075029
34046.0,1279388,genus,0.00309837,Kandleria,ERR1075029
34046.0,22,genus,0.00309837,Shewanella,ERR1075029
34046.0,1548510,genus,0.00309837,Microbacter,ERR1075029
34046.0,590,genus,0.00309837,Salmonella,ERR1075029
34046.0,898,genus,0.00309837,Desulfomicrobium,ERR1075029
34046.0,84108,genus,0.00309837,Slackia,ERR1075029
34046.0,1253,genus,0.00309837,Pediococcus,ERR1075029
,-1,genus,27.591,Unknown,ERR1075029
34047.0,816,genus,17.8116,Bacteroides,ERR1075057
34047.0,216851,genus,13.2737,Faecalibacterium,ERR1075057
34047.0,239759,genus,7.7433,Alistipes,ERR1075057
34047.0,841,genus,6.77113,Roseburia,ERR1075057
34047.0,1263,genus,4.19117,Ruminococcus,ERR1075057
34047.0,239934,genus,4.08579,Akkermansia,ERR1075057
34047.0,375288,genus,3.97022,Parabacteroides,ERR1075057
34047.0,39948,genus,3.86485,Dialister,ERR1075057
34047.0,1506553,genus,2.90968,Lachnoclostridium,ERR1075057
34047.0,1730,genus,2.67174,Eubacterium,ERR1075057
34047.0,572511,genus,2.08029,Blautia,ERR1075057
34047.0,1508657,genus,0.863388,Ruminiclostridium,ERR1075057
34047.0,1505663,genus,0.550665,Erysipelatoclostridium,ERR1075057
34047.0,459786,genus,0.458887,Oscillibacter,ERR1075057
34047.0,35832,genus,0.4045,Bilophila,ERR1075057
34047.0,397864,genus,0.390904,Barnesiella,ERR1075057
34047.0,283168,genus,0.343316,Odoribacter,ERR1075057
34047.0,244127,genus,0.271933,Anaerotruncus,ERR1075057
34047.0,40544,genus,0.265135,Sutterella,ERR1075057
34047.0,442430,genus,0.241341,Coraliomargarita,ERR1075057
34047.0,84111,genus,0.217546,Eggerthella,ERR1075057
34047.0,44748,genus,0.200551,Sporobacter,ERR1075057
34047.0,1485,genus,0.146164,Clostridium,ERR1075057
34047.0,172900,genus,0.125769,Victivallis,ERR1075057
34047.0,61170,genus,0.0781808,Holdemania,ERR1075057
34047.0,207244,genus,0.0781808,Anaerostipes,ERR1075057
34047.0,838,genus,0.0747816,Prevotella,ERR1075057
34047.0,189330,genus,0.0747816,Dorea,ERR1075057
34047.0,1357,genus,0.0679833,Lactococcus,ERR1075057
34047.0,1386,genus,0.0577858,Bacillus,ERR1075057
34047.0,846,genus,0.0441891,Oxalobacter,ERR1075057
34047.0,1505657,genus,0.04079,Intestinibacter,ERR1075057
34047.0,33042,genus,0.0339916,Coprococcus,ERR1075057
34047.0,1301,genus,0.0271933,Streptococcus,ERR1075057
34047.0,2172,genus,0.0237941,Methanobrevibacter,ERR1075057
34047.0,194,genus,0.0237941,Campylobacter,ERR1075057
34047.0,286,genus,0.020395,Pseudomonas,ERR1075057
34047.0,270497,genus,0.020395,Catabacter,ERR1075057
34047.0,906,genus,0.0169958,Megasphaera,ERR1075057
34047.0,233189,genus,0.0135967,Anaerolinea,ERR1075057
34047.0,670486,genus,0.0135967,Dehalogenimonas,ERR1075057
34047.0,156973,genus,0.0135967,Dysgonomonas,ERR1075057
34047.0,1578,genus,0.0135967,Lactobacillus,ERR1075057
34047.0,29465,genus,0.0135967,Veillonella,ERR1075057
34047.0,262406,genus,0.0135967,Thermobaculum,ERR1075057
34047.0,1121829,genus,0.0101975,Fodinicurvata,ERR1075057
34047.0,1678,genus,0.0101975,Bifidobacterium,ERR1075057
34047.0,1279,genus,0.0101975,Staphylococcus,ERR1075057
34047.0,61434,genus,0.0101975,Dehalococcoides,ERR1075057
34047.0,963,genus,0.0101975,Herbaspirillum,ERR1075057
34047.0,1471399,genus,0.0101975,Draconibacterium,ERR1075057
34047.0,100883,genus,0.00679833,Coprobacillus,ERR1075057
34047.0,1637257,genus,0.00679833,Mageeibacillus,ERR1075057
34047.0,32207,genus,0.00679833,Rothia,ERR1075057
34047.0,644652,genus,0.00679833,Gordonibacter,ERR1075057
34047.0,872,genus,0.00679833,Desulfovibrio,ERR1075057
34047.0,79206,genus,0.00679833,Desulfosporosinus,ERR1075057
34047.0,848,genus,0.00679833,Fusobacterium,ERR1075057
34047.0,836,genus,0.00679833,Porphyromonas,ERR1075057
34047.0,666508,genus,0.00679833,Phycisphaera,ERR1075057
34047.0,1654,genus,0.00679833,Actinomyces,ERR1075057
34047.0,577310,genus,0.00679833,Parasutterella,ERR1075057
34047.0,184869,genus,0.00679833,Varibaculum,ERR1075057
34047.0,990721,genus,0.00679833,Christensenella,ERR1075057
34047.0,44249,genus,0.00679833,Paenibacillus,ERR1075057
34047.0,237,genus,0.00679833,Flavobacterium,ERR1075057
34047.0,292635,genus,0.00339916,Laceyella,ERR1075057
34047.0,1870884,genus,0.00339916,Clostridioides,ERR1075057
34047.0,1843210,genus,0.00339916,Anaerocolumna,ERR1075057
34047.0,59,genus,0.00339916,Vitreoscilla,ERR1075057
34047.0,1827,genus,0.00339916,Rhodococcus,ERR1075057
34047.0,53634,genus,0.00339916,Acidimicrobium,ERR1075057
34047.0,52784,genus,0.00339916,Anaerofilum,ERR1075057
34047.0,55079,genus,0.00339916,Aneurinibacillus,ERR1075057
34047.0,363276,genus,0.00339916,Ktedonobacter,ERR1075057
34047.0,724,genus,0.00339916,Haemophilus,ERR1075057
34047.0,577309,genus,0.00339916,Paraprevotella,ERR1075057
34047.0,2697,genus,0.00339916,Heliobacterium,ERR1075057
34047.0,187144,genus,0.00339916,Caldithrix,ERR1075057
34047.0,41273,genus,0.00339916,Tissierella,ERR1075057
34047.0,93,genus,0.00339916,Stella,ERR1075057
34047.0,429,genus,0.00339916,Methylobacter,ERR1075057
34047.0,29393,genus,0.00339916,Dolosigranulum,ERR1075057
34047.0,1081,genus,0.00339916,Rhodospirillum,ERR1075057
34047.0,469,genus,0.00339916,Acinetobacter,ERR1075057
34047.0,84567,genus,0.00339916,Pedobacter,ERR1075057
34047.0,830,genus,0.00339916,Butyrivibrio,ERR1075057
34047.0,649461,genus,0.00339916,Lacibacter,ERR1075057
34047.0,76831,genus,0.00339916,Myroides,ERR1075057
34047.0,286130,genus,0.00339916,Sulfuricurvum,ERR1075057
34047.0,34019,genus,0.00339916,Candidatus Liberibacter,ERR1075057
34047.0,2735,genus,0.00339916,Verrucomicrobium,ERR1075057
34047.0,314318,genus,0.00339916,Prolixibacter,ERR1075057
34047.0,100175,genus,0.00339916,Papillibacter,ERR1075057
34047.0,43996,genus,0.00339916,Catonella,ERR1075057
34047.0,1243,genus,0.00339916,Leuconostoc,ERR1075057
34047.0,346096,genus,0.00339916,Paludibacter,ERR1075057
34047.0,698776,genus,0.00339916,Cellulosilyticum,ERR1075057
34047.0,1375,genus,0.00339916,Aerococcus,ERR1075057
34047.0,1506577,genus,0.00339916,Tyzzerella,ERR1075057
34047.0,40323,genus,0.00339916,Stenotrophomonas,ERR1075057
34047.0,59739,genus,0.00339916,Flammeovirga,ERR1075057
34047.0,118747,genus,0.00339916,Bulleidia,ERR1075057
34047.0,1647,genus,0.00339916,Erysipelothrix,ERR1075057
34047.0,1548510,genus,0.00339916,Microbacter,ERR1075057
34047.0,162289,genus,0.00339916,Peptoniphilus,ERR1075057
34047.0,45654,genus,0.00339916,Desulfonema,ERR1075057
34047.0,795750,genus,0.00339916,Ignavibacterium,ERR1075057
34047.0,319458,genus,0.00339916,Leadbetterella,ERR1075057
34047.0,65551,genus,0.00339916,Meiothermus,ERR1075057
34047.0,590,genus,0.00339916,Salmonella,ERR1075057
34047.0,1502725,genus,0.00339916,Effusibacillus,ERR1075057
,-1,genus,24.5182,Unknown,ERR1075057
34047.0,816,genus,17.8116,Bacteroides,ERR1075057
34047.0,216851,genus,13.2737,Faecalibacterium,ERR1075057
34047.0,239759,genus,7.7433,Alistipes,ERR1075057
34047.0,841,genus,6.77113,Roseburia,ERR1075057
34047.0,1263,genus,4.19117,Ruminococcus,ERR1075057
34047.0,239934,genus,4.08579,Akkermansia,ERR1075057
34047.0,375288,genus,3.97022,Parabacteroides,ERR1075057
34047.0,39948,genus,3.86485,Dialister,ERR1075057
34047.0,1506553,genus,2.90968,Lachnoclostridium,ERR1075057
34047.0,1730,genus,2.67174,Eubacterium,ERR1075057
34047.0,572511,genus,2.08029,Blautia,ERR1075057
34047.0,1508657,genus,0.863388,Ruminiclostridium,ERR1075057
34047.0,1505663,genus,0.550665,Erysipelatoclostridium,ERR1075057
34047.0,459786,genus,0.458887,Oscillibacter,ERR1075057
34047.0,35832,genus,0.4045,Bilophila,ERR1075057
34047.0,397864,genus,0.390904,Barnesiella,ERR1075057
34047.0,283168,genus,0.343316,Odoribacter,ERR1075057
34047.0,244127,genus,0.271933,Anaerotruncus,ERR1075057
34047.0,40544,genus,0.265135,Sutterella,ERR1075057
34047.0,442430,genus,0.241341,Coraliomargarita,ERR1075057
34047.0,84111,genus,0.217546,Eggerthella,ERR1075057
34047.0,44748,genus,0.200551,Sporobacter,ERR1075057
34047.0,1485,genus,0.146164,Clostridium,ERR1075057
34047.0,172900,genus,0.125769,Victivallis,ERR1075057
34047.0,61170,genus,0.0781808,Holdemania,ERR1075057
34047.0,207244,genus,0.0781808,Anaerostipes,ERR1075057
34047.0,838,genus,0.0747816,Prevotella,ERR1075057
34047.0,189330,genus,0.0747816,Dorea,ERR1075057
34047.0,1357,genus,0.0679833,Lactococcus,ERR1075057
34047.0,1386,genus,0.0577858,Bacillus,ERR1075057
34047.0,846,genus,0.0441891,Oxalobacter,ERR1075057
34047.0,1505657,genus,0.04079,Intestinibacter,ERR1075057
34047.0,33042,genus,0.0339916,Coprococcus,ERR1075057
34047.0,1301,genus,0.0271933,Streptococcus,ERR1075057
34047.0,2172,genus,0.0237941,Methanobrevibacter,ERR1075057
34047.0,194,genus,0.0237941,Campylobacter,ERR1075057
34047.0,270497,genus,0.020395,Catabacter,ERR1075057
34047.0,286,genus,0.020395,Pseudomonas,ERR1075057
34047.0,906,genus,0.0169958,Megasphaera,ERR1075057
34047.0,233189,genus,0.0135967,Anaerolinea,ERR1075057
34047.0,670486,genus,0.0135967,Dehalogenimonas,ERR1075057
34047.0,156973,genus,0.0135967,Dysgonomonas,ERR1075057
34047.0,1578,genus,0.0135967,Lactobacillus,ERR1075057
34047.0,29465,genus,0.0135967,Veillonella,ERR1075057
34047.0,262406,genus,0.0135967,Thermobaculum,ERR1075057
34047.0,1121829,genus,0.0101975,Fodinicurvata,ERR1075057
34047.0,1678,genus,0.0101975,Bifidobacterium,ERR1075057
34047.0,1279,genus,0.0101975,Staphylococcus,ERR1075057
34047.0,61434,genus,0.0101975,Dehalococcoides,ERR1075057
34047.0,963,genus,0.0101975,Herbaspirillum,ERR1075057
34047.0,1471399,genus,0.0101975,Draconibacterium,ERR1075057
34047.0,237,genus,0.00679833,Flavobacterium,ERR1075057
34047.0,100883,genus,0.00679833,Coprobacillus,ERR1075057
34047.0,1637257,genus,0.00679833,Mageeibacillus,ERR1075057
34047.0,32207,genus,0.00679833,Rothia,ERR1075057
34047.0,644652,genus,0.00679833,Gordonibacter,ERR1075057
34047.0,872,genus,0.00679833,Desulfovibrio,ERR1075057
34047.0,79206,genus,0.00679833,Desulfosporosinus,ERR1075057
34047.0,848,genus,0.00679833,Fusobacterium,ERR1075057
34047.0,836,genus,0.00679833,Porphyromonas,ERR1075057
34047.0,666508,genus,0.00679833,Phycisphaera,ERR1075057
34047.0,1654,genus,0.00679833,Actinomyces,ERR1075057
34047.0,577310,genus,0.00679833,Parasutterella,ERR1075057
34047.0,184869,genus,0.00679833,Varibaculum,ERR1075057
34047.0,990721,genus,0.00679833,Christensenella,ERR1075057
34047.0,44249,genus,0.00679833,Paenibacillus,ERR1075057
34047.0,1506577,genus,0.00339916,Tyzzerella,ERR1075057
34047.0,40323,genus,0.00339916,Stenotrophomonas,ERR1075057
34047.0,59739,genus,0.00339916,Flammeovirga,ERR1075057
34047.0,118747,genus,0.00339916,Bulleidia,ERR1075057
34047.0,1647,genus,0.00339916,Erysipelothrix,ERR1075057
34047.0,1548510,genus,0.00339916,Microbacter,ERR1075057
34047.0,162289,genus,0.00339916,Peptoniphilus,ERR1075057
34047.0,45654,genus,0.00339916,Desulfonema,ERR1075057
34047.0,795750,genus,0.00339916,Ignavibacterium,ERR1075057
34047.0,319458,genus,0.00339916,Leadbetterella,ERR1075057
34047.0,65551,genus,0.00339916,Meiothermus,ERR1075057
34047.0,590,genus,0.00339916,Salmonella,ERR1075057
34047.0,1502725,genus,0.00339916,Effusibacillus,ERR1075057
34047.0,292635,genus,0.00339916,Laceyella,ERR1075057
34047.0,1870884,genus,0.00339916,Clostridioides,ERR1075057
34047.0,1843210,genus,0.00339916,Anaerocolumna,ERR1075057
34047.0,59,genus,0.00339916,Vitreoscilla,ERR1075057
34047.0,1827,genus,0.00339916,Rhodococcus,ERR1075057
34047.0,53634,genus,0.00339916,Acidimicrobium,ERR1075057
34047.0,52784,genus,0.00339916,Anaerofilum,ERR1075057
34047.0,55079,genus,0.00339916,Aneurinibacillus,ERR1075057
34047.0,363276,genus,0.00339916,Ktedonobacter,ERR1075057
34047.0,724,genus,0.00339916,Haemophilus,ERR1075057
34047.0,577309,genus,0.00339916,Paraprevotella,ERR1075057
34047.0,2697,genus,0.00339916,Heliobacterium,ERR1075057
34047.0,187144,genus,0.00339916,Caldithrix,ERR1075057
34047.0,41273,genus,0.00339916,Tissierella,ERR1075057
34047.0,93,genus,0.00339916,Stella,ERR1075057
34047.0,429,genus,0.00339916,Methylobacter,ERR1075057
34047.0,29393,genus,0.00339916,Dolosigranulum,ERR1075057
34047.0,1081,genus,0.00339916,Rhodospirillum,ERR1075057
34047.0,469,genus,0.00339916,Acinetobacter,ERR1075057
34047.0,84567,genus,0.00339916,Pedobacter,ERR1075057
34047.0,830,genus,0.00339916,Butyrivibrio,ERR1075057
34047.0,649461,genus,0.00339916,Lacibacter,ERR1075057
34047.0,76831,genus,0.00339916,Myroides,ERR1075057
34047.0,286130,genus,0.00339916,Sulfuricurvum,ERR1075057
34047.0,34019,genus,0.00339916,Candidatus Liberibacter,ERR1075057
34047.0,2735,genus,0.00339916,Verrucomicrobium,ERR1075057
34047.0,314318,genus,0.00339916,Prolixibacter,ERR1075057
34047.0,100175,genus,0.00339916,Papillibacter,ERR1075057
34047.0,43996,genus,0.00339916,Catonella,ERR1075057
34047.0,1243,genus,0.00339916,Leuconostoc,ERR1075057
34047.0,346096,genus,0.00339916,Paludibacter,ERR1075057
34047.0,698776,genus,0.00339916,Cellulosilyticum,ERR1075057
34047.0,1375,genus,0.00339916,Aerococcus,ERR1075057
,-1,genus,24.5182,Unknown,ERR1075057
34047.0,816,genus,17.8116,Bacteroides,ERR1075057
34047.0,216851,genus,13.2737,Faecalibacterium,ERR1075057
34047.0,239759,genus,7.7433,Alistipes,ERR1075057
34047.0,841,genus,6.77113,Roseburia,ERR1075057
34047.0,1263,genus,4.19117,Ruminococcus,ERR1075057
34047.0,239934,genus,4.08579,Akkermansia,ERR1075057
34047.0,375288,genus,3.97022,Parabacteroides,ERR1075057
34047.0,39948,genus,3.86485,Dialister,ERR1075057
34047.0,1506553,genus,2.90968,Lachnoclostridium,ERR1075057
34047.0,1730,genus,2.67174,Eubacterium,ERR1075057
34047.0,572511,genus,2.08029,Blautia,ERR1075057
34047.0,1508657,genus,0.863388,Ruminiclostridium,ERR1075057
34047.0,1505663,genus,0.550665,Erysipelatoclostridium,ERR1075057
34047.0,459786,genus,0.458887,Oscillibacter,ERR1075057
34047.0,35832,genus,0.4045,Bilophila,ERR1075057
34047.0,397864,genus,0.390904,Barnesiella,ERR1075057
34047.0,283168,genus,0.343316,Odoribacter,ERR1075057
34047.0,244127,genus,0.271933,Anaerotruncus,ERR1075057
34047.0,40544,genus,0.265135,Sutterella,ERR1075057
34047.0,442430,genus,0.241341,Coraliomargarita,ERR1075057
34047.0,84111,genus,0.217546,Eggerthella,ERR1075057
34047.0,44748,genus,0.200551,Sporobacter,ERR1075057
34047.0,1485,genus,0.146164,Clostridium,ERR1075057
34047.0,172900,genus,0.125769,Victivallis,ERR1075057
34047.0,207244,genus,0.0781808,Anaerostipes,ERR1075057
34047.0,61170,genus,0.0781808,Holdemania,ERR1075057
34047.0,189330,genus,0.0747816,Dorea,ERR1075057
34047.0,838,genus,0.0747816,Prevotella,ERR1075057
34047.0,1357,genus,0.0679833,Lactococcus,ERR1075057
34047.0,1386,genus,0.0577858,Bacillus,ERR1075057
34047.0,846,genus,0.0441891,Oxalobacter,ERR1075057
34047.0,1505657,genus,0.04079,Intestinibacter,ERR1075057
34047.0,33042,genus,0.0339916,Coprococcus,ERR1075057
34047.0,1301,genus,0.0271933,Streptococcus,ERR1075057
34047.0,2172,genus,0.0237941,Methanobrevibacter,ERR1075057
34047.0,194,genus,0.0237941,Campylobacter,ERR1075057
34047.0,270497,genus,0.020395,Catabacter,ERR1075057
34047.0,286,genus,0.020395,Pseudomonas,ERR1075057
34047.0,906,genus,0.0169958,Megasphaera,ERR1075057
34047.0,156973,genus,0.0135967,Dysgonomonas,ERR1075057
34047.0,1578,genus,0.0135967,Lactobacillus,ERR1075057
34047.0,29465,genus,0.0135967,Veillonella,ERR1075057
34047.0,262406,genus,0.0135967,Thermobaculum,ERR1075057
34047.0,233189,genus,0.0135967,Anaerolinea,ERR1075057
34047.0,670486,genus,0.0135967,Dehalogenimonas,ERR1075057
34047.0,963,genus,0.0101975,Herbaspirillum,ERR1075057
34047.0,1471399,genus,0.0101975,Draconibacterium,ERR1075057
34047.0,61434,genus,0.0101975,Dehalococcoides,ERR1075057
34047.0,1121829,genus,0.0101975,Fodinicurvata,ERR1075057
34047.0,1678,genus,0.0101975,Bifidobacterium,ERR1075057
34047.0,1279,genus,0.0101975,Staphylococcus,ERR1075057
34047.0,79206,genus,0.00679833,Desulfosporosinus,ERR1075057
34047.0,836,genus,0.00679833,Porphyromonas,ERR1075057
34047.0,848,genus,0.00679833,Fusobacterium,ERR1075057
34047.0,1654,genus,0.00679833,Actinomyces,ERR1075057
34047.0,666508,genus,0.00679833,Phycisphaera,ERR1075057
34047.0,577310,genus,0.00679833,Parasutterella,ERR1075057
34047.0,184869,genus,0.00679833,Varibaculum,ERR1075057
34047.0,990721,genus,0.00679833,Christensenella,ERR1075057
34047.0,44249,genus,0.00679833,Paenibacillus,ERR1075057
34047.0,237,genus,0.00679833,Flavobacterium,ERR1075057
34047.0,100883,genus,0.00679833,Coprobacillus,ERR1075057
34047.0,1637257,genus,0.00679833,Mageeibacillus,ERR1075057
34047.0,32207,genus,0.00679833,Rothia,ERR1075057
34047.0,644652,genus,0.00679833,Gordonibacter,ERR1075057
34047.0,872,genus,0.00679833,Desulfovibrio,ERR1075057
34047.0,469,genus,0.00339916,Acinetobacter,ERR1075057
34047.0,1081,genus,0.00339916,Rhodospirillum,ERR1075057
34047.0,830,genus,0.00339916,Butyrivibrio,ERR1075057
34047.0,649461,genus,0.00339916,Lacibacter,ERR1075057
34047.0,84567,genus,0.00339916,Pedobacter,ERR1075057
34047.0,34019,genus,0.00339916,Candidatus Liberibacter,ERR1075057
34047.0,76831,genus,0.00339916,Myroides,ERR1075057
34047.0,286130,genus,0.00339916,Sulfuricurvum,ERR1075057
34047.0,100175,genus,0.00339916,Papillibacter,ERR1075057
34047.0,2735,genus,0.00339916,Verrucomicrobium,ERR1075057
34047.0,314318,genus,0.00339916,Prolixibacter,ERR1075057
34047.0,43996,genus,0.00339916,Catonella,ERR1075057
34047.0,1243,genus,0.00339916,Leuconostoc,ERR1075057
34047.0,346096,genus,0.00339916,Paludibacter,ERR1075057
34047.0,698776,genus,0.00339916,Cellulosilyticum,ERR1075057
34047.0,1375,genus,0.00339916,Aerococcus,ERR1075057
34047.0,40323,genus,0.00339916,Stenotrophomonas,ERR1075057
34047.0,1506577,genus,0.00339916,Tyzzerella,ERR1075057
34047.0,1548510,genus,0.00339916,Microbacter,ERR1075057
34047.0,59739,genus,0.00339916,Flammeovirga,ERR1075057
34047.0,118747,genus,0.00339916,Bulleidia,ERR1075057
34047.0,1647,genus,0.00339916,Erysipelothrix,ERR1075057
34047.0,590,genus,0.00339916,Salmonella,ERR1075057
34047.0,1502725,genus,0.00339916,Effusibacillus,ERR1075057
34047.0,162289,genus,0.00339916,Peptoniphilus,ERR1075057
34047.0,45654,genus,0.00339916,Desulfonema,ERR1075057
34047.0,795750,genus,0.00339916,Ignavibacterium,ERR1075057
34047.0,319458,genus,0.00339916,Leadbetterella,ERR1075057
34047.0,65551,genus,0.00339916,Meiothermus,ERR1075057
34047.0,1870884,genus,0.00339916,Clostridioides,ERR1075057
34047.0,1843210,genus,0.00339916,Anaerocolumna,ERR1075057
34047.0,292635,genus,0.00339916,Laceyella,ERR1075057
34047.0,1827,genus,0.00339916,Rhodococcus,ERR1075057
34047.0,59,genus,0.00339916,Vitreoscilla,ERR1075057
34047.0,363276,genus,0.00339916,Ktedonobacter,ERR1075057
34047.0,53634,genus,0.00339916,Acidimicrobium,ERR1075057
34047.0,52784,genus,0.00339916,Anaerofilum,ERR1075057
34047.0,55079,genus,0.00339916,Aneurinibacillus,ERR1075057
34047.0,577309,genus,0.00339916,Paraprevotella,ERR1075057
34047.0,2697,genus,0.00339916,Heliobacterium,ERR1075057
34047.0,724,genus,0.00339916,Haemophilus,ERR1075057
34047.0,41273,genus,0.00339916,Tissierella,ERR1075057
34047.0,187144,genus,0.00339916,Caldithrix,ERR1075057
34047.0,29393,genus,0.00339916,Dolosigranulum,ERR1075057
34047.0,93,genus,0.00339916,Stella,ERR1075057
34047.0,429,genus,0.00339916,Methylobacter,ERR1075057
,-1,genus,24.5182,Unknown,ERR1075057
34047.0,816,genus,17.8116,Bacteroides,ERR1075057
34047.0,216851,genus,13.2737,Faecalibacterium,ERR1075057
34047.0,239759,genus,7.7433,Alistipes,ERR1075057
34047.0,841,genus,6.77113,Roseburia,ERR1075057
34047.0,1263,genus,4.19117,Ruminococcus,ERR1075057
34047.0,239934,genus,4.08579,Akkermansia,ERR1075057
34047.0,375288,genus,3.97022,Parabacteroides,ERR1075057
34047.0,39948,genus,3.86485,Dialister,ERR1075057
34047.0,1506553,genus,2.90968,Lachnoclostridium,ERR1075057
34047.0,1730,genus,2.67174,Eubacterium,ERR1075057
34047.0,572511,genus,2.08029,Blautia,ERR1075057
34047.0,1508657,genus,0.863388,Ruminiclostridium,ERR1075057
34047.0,1505663,genus,0.550665,Erysipelatoclostridium,ERR1075057
34047.0,459786,genus,0.458887,Oscillibacter,ERR1075057
34047.0,35832,genus,0.4045,Bilophila,ERR1075057
34047.0,397864,genus,0.390904,Barnesiella,ERR1075057
34047.0,283168,genus,0.343316,Odoribacter,ERR1075057
34047.0,244127,genus,0.271933,Anaerotruncus,ERR1075057
34047.0,40544,genus,0.265135,Sutterella,ERR1075057
34047.0,442430,genus,0.241341,Coraliomargarita,ERR1075057
34047.0,84111,genus,0.217546,Eggerthella,ERR1075057
34047.0,44748,genus,0.200551,Sporobacter,ERR1075057
34047.0,1485,genus,0.146164,Clostridium,ERR1075057
34047.0,172900,genus,0.125769,Victivallis,ERR1075057
34047.0,61170,genus,0.0781808,Holdemania,ERR1075057
34047.0,207244,genus,0.0781808,Anaerostipes,ERR1075057
34047.0,838,genus,0.0747816,Prevotella,ERR1075057
34047.0,189330,genus,0.0747816,Dorea,ERR1075057
34047.0,1357,genus,0.0679833,Lactococcus,ERR1075057
34047.0,1386,genus,0.0577858,Bacillus,ERR1075057
34047.0,846,genus,0.0441891,Oxalobacter,ERR1075057
34047.0,1505657,genus,0.04079,Intestinibacter,ERR1075057
34047.0,33042,genus,0.0339916,Coprococcus,ERR1075057
34047.0,1301,genus,0.0271933,Streptococcus,ERR1075057
34047.0,2172,genus,0.0237941,Methanobrevibacter,ERR1075057
34047.0,194,genus,0.0237941,Campylobacter,ERR1075057
34047.0,286,genus,0.020395,Pseudomonas,ERR1075057
34047.0,270497,genus,0.020395,Catabacter,ERR1075057
34047.0,906,genus,0.0169958,Megasphaera,ERR1075057
34047.0,233189,genus,0.0135967,Anaerolinea,ERR1075057
34047.0,670486,genus,0.0135967,Dehalogenimonas,ERR1075057
34047.0,156973,genus,0.0135967,Dysgonomonas,ERR1075057
34047.0,1578,genus,0.0135967,Lactobacillus,ERR1075057
34047.0,29465,genus,0.0135967,Veillonella,ERR1075057
34047.0,262406,genus,0.0135967,Thermobaculum,ERR1075057
34047.0,1121829,genus,0.0101975,Fodinicurvata,ERR1075057
34047.0,1678,genus,0.0101975,Bifidobacterium,ERR1075057
34047.0,1279,genus,0.0101975,Staphylococcus,ERR1075057
34047.0,61434,genus,0.0101975,Dehalococcoides,ERR1075057
34047.0,963,genus,0.0101975,Herbaspirillum,ERR1075057
34047.0,1471399,genus,0.0101975,Draconibacterium,ERR1075057
34047.0,100883,genus,0.00679833,Coprobacillus,ERR1075057
34047.0,1637257,genus,0.00679833,Mageeibacillus,ERR1075057
34047.0,32207,genus,0.00679833,Rothia,ERR1075057
34047.0,644652,genus,0.00679833,Gordonibacter,ERR1075057
34047.0,872,genus,0.00679833,Desulfovibrio,ERR1075057
34047.0,79206,genus,0.00679833,Desulfosporosinus,ERR1075057
34047.0,848,genus,0.00679833,Fusobacterium,ERR1075057
34047.0,836,genus,0.00679833,Porphyromonas,ERR1075057
34047.0,666508,genus,0.00679833,Phycisphaera,ERR1075057
34047.0,1654,genus,0.00679833,Actinomyces,ERR1075057
34047.0,577310,genus,0.00679833,Parasutterella,ERR1075057
34047.0,184869,genus,0.00679833,Varibaculum,ERR1075057
34047.0,990721,genus,0.00679833,Christensenella,ERR1075057
34047.0,44249,genus,0.00679833,Paenibacillus,ERR1075057
34047.0,237,genus,0.00679833,Flavobacterium,ERR1075057
34047.0,162289,genus,0.00339916,Peptoniphilus,ERR1075057
34047.0,45654,genus,0.00339916,Desulfonema,ERR1075057
34047.0,795750,genus,0.00339916,Ignavibacterium,ERR1075057
34047.0,319458,genus,0.00339916,Leadbetterella,ERR1075057
34047.0,65551,genus,0.00339916,Meiothermus,ERR1075057
34047.0,590,genus,0.00339916,Salmonella,ERR1075057
34047.0,1502725,genus,0.00339916,Effusibacillus,ERR1075057
34047.0,292635,genus,0.00339916,Laceyella,ERR1075057
34047.0,1870884,genus,0.00339916,Clostridioides,ERR1075057
34047.0,1843210,genus,0.00339916,Anaerocolumna,ERR1075057
34047.0,59,genus,0.00339916,Vitreoscilla,ERR1075057
34047.0,1827,genus,0.00339916,Rhodococcus,ERR1075057
34047.0,53634,genus,0.00339916,Acidimicrobium,ERR1075057
34047.0,52784,genus,0.00339916,Anaerofilum,ERR1075057
34047.0,55079,genus,0.00339916,Aneurinibacillus,ERR1075057
34047.0,363276,genus,0.00339916,Ktedonobacter,ERR1075057
34047.0,724,genus,0.00339916,Haemophilus,ERR1075057
34047.0,577309,genus,0.00339916,Paraprevotella,ERR1075057
34047.0,2697,genus,0.00339916,Heliobacterium,ERR1075057
34047.0,187144,genus,0.00339916,Caldithrix,ERR1075057
34047.0,41273,genus,0.00339916,Tissierella,ERR1075057
34047.0,93,genus,0.00339916,Stella,ERR1075057
34047.0,429,genus,0.00339916,Methylobacter,ERR1075057
34047.0,29393,genus,0.00339916,Dolosigranulum,ERR1075057
34047.0,1081,genus,0.00339916,Rhodospirillum,ERR1075057
34047.0,469,genus,0.00339916,Acinetobacter,ERR1075057
34047.0,84567,genus,0.00339916,Pedobacter,ERR1075057
34047.0,830,genus,0.00339916,Butyrivibrio,ERR1075057
34047.0,649461,genus,0.00339916,Lacibacter,ERR1075057
34047.0,76831,genus,0.00339916,Myroides,ERR1075057
34047.0,286130,genus,0.00339916,Sulfuricurvum,ERR1075057
34047.0,34019,genus,0.00339916,Candidatus Liberibacter,ERR1075057
34047.0,2735,genus,0.00339916,Verrucomicrobium,ERR1075057
34047.0,314318,genus,0.00339916,Prolixibacter,ERR1075057
34047.0,100175,genus,0.00339916,Papillibacter,ERR1075057
34047.0,43996,genus,0.00339916,Catonella,ERR1075057
34047.0,1243,genus,0.00339916,Leuconostoc,ERR1075057
34047.0,346096,genus,0.00339916,Paludibacter,ERR1075057
34047.0,698776,genus,0.00339916,Cellulosilyticum,ERR1075057
34047.0,1375,genus,0.00339916,Aerococcus,ERR1075057
34047.0,1506577,genus,0.00339916,Tyzzerella,ERR1075057
34047.0,40323,genus,0.00339916,Stenotrophomonas,ERR1075057
34047.0,59739,genus,0.00339916,Flammeovirga,ERR1075057
34047.0,118747,genus,0.00339916,Bulleidia,ERR1075057
34047.0,1647,genus,0.00339916,Erysipelothrix,ERR1075057
34047.0,1548510,genus,0.00339916,Microbacter,ERR1075057
,-1,genus,24.5182,Unknown,ERR1075057
34047.0,816,genus,17.8116,Bacteroides,ERR1075057
34047.0,216851,genus,13.2737,Faecalibacterium,ERR1075057
34047.0,239759,genus,7.7433,Alistipes,ERR1075057
34047.0,841,genus,6.77113,Roseburia,ERR1075057
34047.0,1263,genus,4.19117,Ruminococcus,ERR1075057
34047.0,239934,genus,4.08579,Akkermansia,ERR1075057
34047.0,375288,genus,3.97022,Parabacteroides,ERR1075057
34047.0,39948,genus,3.86485,Dialister,ERR1075057
34047.0,1506553,genus,2.90968,Lachnoclostridium,ERR1075057
34047.0,1730,genus,2.67174,Eubacterium,ERR1075057
34047.0,572511,genus,2.08029,Blautia,ERR1075057
34047.0,1508657,genus,0.863388,Ruminiclostridium,ERR1075057
34047.0,1505663,genus,0.550665,Erysipelatoclostridium,ERR1075057
34047.0,459786,genus,0.458887,Oscillibacter,ERR1075057
34047.0,35832,genus,0.4045,Bilophila,ERR1075057
34047.0,397864,genus,0.390904,Barnesiella,ERR1075057
34047.0,283168,genus,0.343316,Odoribacter,ERR1075057
34047.0,244127,genus,0.271933,Anaerotruncus,ERR1075057
34047.0,40544,genus,0.265135,Sutterella,ERR1075057
34047.0,442430,genus,0.241341,Coraliomargarita,ERR1075057
34047.0,84111,genus,0.217546,Eggerthella,ERR1075057
34047.0,44748,genus,0.200551,Sporobacter,ERR1075057
34047.0,1485,genus,0.146164,Clostridium,ERR1075057
34047.0,172900,genus,0.125769,Victivallis,ERR1075057
34047.0,207244,genus,0.0781808,Anaerostipes,ERR1075057
34047.0,61170,genus,0.0781808,Holdemania,ERR1075057
34047.0,838,genus,0.0747816,Prevotella,ERR1075057
34047.0,189330,genus,0.0747816,Dorea,ERR1075057
34047.0,1357,genus,0.0679833,Lactococcus,ERR1075057
34047.0,1386,genus,0.0577858,Bacillus,ERR1075057
34047.0,846,genus,0.0441891,Oxalobacter,ERR1075057
34047.0,1505657,genus,0.04079,Intestinibacter,ERR1075057
34047.0,33042,genus,0.0339916,Coprococcus,ERR1075057
34047.0,1301,genus,0.0271933,Streptococcus,ERR1075057
34047.0,2172,genus,0.0237941,Methanobrevibacter,ERR1075057
34047.0,194,genus,0.0237941,Campylobacter,ERR1075057
34047.0,270497,genus,0.020395,Catabacter,ERR1075057
34047.0,286,genus,0.020395,Pseudomonas,ERR1075057
34047.0,906,genus,0.0169958,Megasphaera,ERR1075057
34047.0,233189,genus,0.0135967,Anaerolinea,ERR1075057
34047.0,670486,genus,0.0135967,Dehalogenimonas,ERR1075057
34047.0,156973,genus,0.0135967,Dysgonomonas,ERR1075057
34047.0,1578,genus,0.0135967,Lactobacillus,ERR1075057
34047.0,29465,genus,0.0135967,Veillonella,ERR1075057
34047.0,262406,genus,0.0135967,Thermobaculum,ERR1075057
34047.0,1121829,genus,0.0101975,Fodinicurvata,ERR1075057
34047.0,1678,genus,0.0101975,Bifidobacterium,ERR1075057
34047.0,1279,genus,0.0101975,Staphylococcus,ERR1075057
34047.0,61434,genus,0.0101975,Dehalococcoides,ERR1075057
34047.0,963,genus,0.0101975,Herbaspirillum,ERR1075057
34047.0,1471399,genus,0.0101975,Draconibacterium,ERR1075057
34047.0,644652,genus,0.00679833,Gordonibacter,ERR1075057
34047.0,872,genus,0.00679833,Desulfovibrio,ERR1075057
34047.0,79206,genus,0.00679833,Desulfosporosinus,ERR1075057
34047.0,848,genus,0.00679833,Fusobacterium,ERR1075057
34047.0,836,genus,0.00679833,Porphyromonas,ERR1075057
34047.0,666508,genus,0.00679833,Phycisphaera,ERR1075057
34047.0,1654,genus,0.00679833,Actinomyces,ERR1075057
34047.0,577310,genus,0.00679833,Parasutterella,ERR1075057
34047.0,184869,genus,0.00679833,Varibaculum,ERR1075057
34047.0,990721,genus,0.00679833,Christensenella,ERR1075057
34047.0,44249,genus,0.00679833,Paenibacillus,ERR1075057
34047.0,237,genus,0.00679833,Flavobacterium,ERR1075057
34047.0,100883,genus,0.00679833,Coprobacillus,ERR1075057
34047.0,1637257,genus,0.00679833,Mageeibacillus,ERR1075057
34047.0,32207,genus,0.00679833,Rothia,ERR1075057
34047.0,53634,genus,0.00339916,Acidimicrobium,ERR1075057
34047.0,52784,genus,0.00339916,Anaerofilum,ERR1075057
34047.0,55079,genus,0.00339916,Aneurinibacillus,ERR1075057
34047.0,363276,genus,0.00339916,Ktedonobacter,ERR1075057
34047.0,724,genus,0.00339916,Haemophilus,ERR1075057
34047.0,577309,genus,0.00339916,Paraprevotella,ERR1075057
34047.0,2697,genus,0.00339916,Heliobacterium,ERR1075057
34047.0,187144,genus,0.00339916,Caldithrix,ERR1075057
34047.0,41273,genus,0.00339916,Tissierella,ERR1075057
34047.0,93,genus,0.00339916,Stella,ERR1075057
34047.0,429,genus,0.00339916,Methylobacter,ERR1075057
34047.0,29393,genus,0.00339916,Dolosigranulum,ERR1075057
34047.0,1081,genus,0.00339916,Rhodospirillum,ERR1075057
34047.0,469,genus,0.00339916,Acinetobacter,ERR1075057
34047.0,84567,genus,0.00339916,Pedobacter,ERR1075057
34047.0,830,genus,0.00339916,Butyrivibrio,ERR1075057
34047.0,649461,genus,0.00339916,Lacibacter,ERR1075057
34047.0,76831,genus,0.00339916,Myroides,ERR1075057
34047.0,286130,genus,0.00339916,Sulfuricurvum,ERR1075057
34047.0,34019,genus,0.00339916,Candidatus Liberibacter,ERR1075057
34047.0,2735,genus,0.00339916,Verrucomicrobium,ERR1075057
34047.0,314318,genus,0.00339916,Prolixibacter,ERR1075057
34047.0,100175,genus,0.00339916,Papillibacter,ERR1075057
34047.0,43996,genus,0.00339916,Catonella,ERR1075057
34047.0,1243,genus,0.00339916,Leuconostoc,ERR1075057
34047.0,346096,genus,0.00339916,Paludibacter,ERR1075057
34047.0,698776,genus,0.00339916,Cellulosilyticum,ERR1075057
34047.0,1375,genus,0.00339916,Aerococcus,ERR1075057
34047.0,1506577,genus,0.00339916,Tyzzerella,ERR1075057
34047.0,40323,genus,0.00339916,Stenotrophomonas,ERR1075057
34047.0,59739,genus,0.00339916,Flammeovirga,ERR1075057
34047.0,118747,genus,0.00339916,Bulleidia,ERR1075057
34047.0,1647,genus,0.00339916,Erysipelothrix,ERR1075057
34047.0,1548510,genus,0.00339916,Microbacter,ERR1075057
34047.0,162289,genus,0.00339916,Peptoniphilus,ERR1075057
34047.0,45654,genus,0.00339916,Desulfonema,ERR1075057
34047.0,795750,genus,0.00339916,Ignavibacterium,ERR1075057
34047.0,319458,genus,0.00339916,Leadbetterella,ERR1075057
34047.0,65551,genus,0.00339916,Meiothermus,ERR1075057
34047.0,590,genus,0.00339916,Salmonella,ERR1075057
34047.0,1502725,genus,0.00339916,Effusibacillus,ERR1075057
34047.0,292635,genus,0.00339916,Laceyella,ERR1075057
34047.0,1870884,genus,0.00339916,Clostridioides,ERR1075057
34047.0,1843210,genus,0.00339916,Anaerocolumna,ERR1075057
34047.0,59,genus,0.00339916,Vitreoscilla,ERR1075057
34047.0,1827,genus,0.00339916,Rhodococcus,ERR1075057
,-1,genus,24.5182,Unknown,ERR1075057
47082.0,816,genus,35.9573,Bacteroides,ERR1075066
47082.0,216851,genus,12.3928,Faecalibacterium,ERR1075066
47082.0,904,genus,5.33311,Acidaminococcus,ERR1075066
47082.0,572511,genus,1.71523,Blautia,ERR1075066
47082.0,841,genus,1.57324,Roseburia,ERR1075066
47082.0,239759,genus,1.23246,Alistipes,ERR1075066
47082.0,1678,genus,1.15863,Bifidobacterium,ERR1075066
47082.0,375288,genus,1.01664,Parabacteroides,ERR1075066
47082.0,1730,genus,0.982564,Eubacterium,ERR1075066
47082.0,29465,genus,0.948486,Veillonella,ERR1075066
47082.0,1301,genus,0.920089,Streptococcus,ERR1075066
47082.0,239934,genus,0.880332,Akkermansia,ERR1075066
47082.0,1506553,genus,0.823536,Lachnoclostridium,ERR1075066
47082.0,1505657,genus,0.721304,Intestinibacter,ERR1075066
47082.0,459786,genus,0.545238,Oscillibacter,ERR1075066
47082.0,1263,genus,0.448685,Ruminococcus,ERR1075066
47082.0,1508657,genus,0.448685,Ruminiclostridium,ERR1075066
47082.0,1386,genus,0.363492,Bacillus,ERR1075066
47082.0,283168,genus,0.301017,Odoribacter,ERR1075066
47082.0,33042,genus,0.272619,Coprococcus,ERR1075066
47082.0,724,genus,0.266939,Haemophilus,ERR1075066
47082.0,1485,genus,0.238541,Clostridium,ERR1075066
47082.0,1505663,genus,0.204464,Erysipelatoclostridium,ERR1075066
47082.0,1357,genus,0.198785,Lactococcus,ERR1075066
47082.0,577310,genus,0.193105,Parasutterella,ERR1075066
47082.0,244127,genus,0.176066,Anaerotruncus,ERR1075066
47082.0,44748,genus,0.176066,Sporobacter,ERR1075066
47082.0,838,genus,0.159028,Prevotella,ERR1075066
47082.0,836,genus,0.113591,Porphyromonas,ERR1075066
47082.0,189330,genus,0.113591,Dorea,ERR1075066
47082.0,146813,genus,0.0567956,Dendrosporobacter,ERR1075066
47082.0,61170,genus,0.0567956,Holdemania,ERR1075066
47082.0,1578,genus,0.0567956,Lactobacillus,ERR1075066
47082.0,162289,genus,0.051116,Peptoniphilus,ERR1075066
47082.0,653683,genus,0.0397569,Anaerosporobacter,ERR1075066
47082.0,35832,genus,0.0340774,Bilophila,ERR1075066
47082.0,1505652,genus,0.0283978,Terrisporobacter,ERR1075066
47082.0,39948,genus,0.0227182,Dialister,ERR1075066
47082.0,397864,genus,0.0227182,Barnesiella,ERR1075066
47082.0,270497,genus,0.0227182,Catabacter,ERR1075066
47082.0,84111,genus,0.0170387,Eggerthella,ERR1075066
47082.0,1618113,genus,0.0170387,Saccharicrinis,ERR1075066
47082.0,194,genus,0.0170387,Campylobacter,ERR1075066
47082.0,41273,genus,0.0170387,Tissierella,ERR1075066
47082.0,1200657,genus,0.0170387,Saccharofermentans,ERR1075066
47082.0,2086,genus,0.0113591,Anaeroplasma,ERR1075066
47082.0,44260,genus,0.0113591,Moorella,ERR1075066
47082.0,795750,genus,0.0113591,Ignavibacterium,ERR1075066
47082.0,1279,genus,0.0113591,Staphylococcus,ERR1075066
47082.0,346096,genus,0.0113591,Paludibacter,ERR1075066
47082.0,52784,genus,0.0113591,Anaerofilum,ERR1075066
47082.0,420345,genus,0.0113591,Lactonifactor,ERR1075066
47082.0,848,genus,0.00567956,Fusobacterium,ERR1075066
47082.0,642,genus,0.00567956,Aeromonas,ERR1075066
47082.0,233191,genus,0.00567956,Caldilinea,ERR1075066
47082.0,442869,genus,0.00567956,Acanthopleuribacter,ERR1075066
47082.0,1654,genus,0.00567956,Actinomyces,ERR1075066
47082.0,1274351,genus,0.00567956,Kroppenstedtia,ERR1075066
47082.0,577309,genus,0.00567956,Paraprevotella,ERR1075066
47082.0,156973,genus,0.00567956,Dysgonomonas,ERR1075066
47082.0,644652,genus,0.00567956,Gordonibacter,ERR1075066
47082.0,286,genus,0.00567956,Pseudomonas,ERR1075066
47082.0,862,genus,0.00567956,Syntrophomonas,ERR1075066
47082.0,1506577,genus,0.00567956,Tyzzerella,ERR1075066
47082.0,698776,genus,0.00567956,Cellulosilyticum,ERR1075066
47082.0,156454,genus,0.00567956,Anaeroglobus,ERR1075066
47082.0,262406,genus,0.00567956,Thermobaculum,ERR1075066
47082.0,2147,genus,0.00567956,Acholeplasma,ERR1075066
47082.0,872,genus,0.00567956,Desulfovibrio,ERR1075066
47082.0,1870884,genus,0.00567956,Clostridioides,ERR1075066
47082.0,44249,genus,0.00567956,Paenibacillus,ERR1075066
47082.0,61434,genus,0.00567956,Dehalococcoides,ERR1075066
47082.0,1134403,genus,0.00567956,Melioribacter,ERR1075066
47082.0,55080,genus,0.00567956,Brevibacillus,ERR1075066
47082.0,165779,genus,0.00567956,Anaerococcus,ERR1075066
47082.0,119977,genus,0.00567956,Acidithiobacillus,ERR1075066
47082.0,869806,genus,0.00567956,Marivirga,ERR1075066
47082.0,1839,genus,0.00567956,Nocardioides,ERR1075066
47082.0,1350,genus,0.00567956,Enterococcus,ERR1075066
47082.0,102106,genus,0.00567956,Collinsella,ERR1075066
,-1,genus,28.7159,Unknown,ERR1075066
46582.0,216851,genus,24.0993,Faecalibacterium,ERR1075082
46582.0,816,genus,21.7619,Bacteroides,ERR1075082
46582.0,239759,genus,4.71441,Alistipes,ERR1075082
46582.0,1506553,genus,4.62654,Lachnoclostridium,ERR1075082
46582.0,1508657,genus,2.74165,Ruminiclostridium,ERR1075082
46582.0,841,genus,2.23638,Roseburia,ERR1075082
46582.0,39948,genus,1.8717,Dialister,ERR1075082
46582.0,572511,genus,1.70475,Blautia,ERR1075082
46582.0,1730,genus,1.5993,Eubacterium,ERR1075082
46582.0,1678,genus,1.55097,Bifidobacterium,ERR1075082
46582.0,459786,genus,1.48067,Oscillibacter,ERR1075082
46582.0,1263,genus,1.3884,Ruminococcus,ERR1075082
46582.0,724,genus,1.12039,Haemophilus,ERR1075082
46582.0,29465,genus,1.10281,Veillonella,ERR1075082
46582.0,1301,genus,0.689807,Streptococcus,ERR1075082
46582.0,33042,genus,0.391037,Coprococcus,ERR1075082
46582.0,1506577,genus,0.237258,Tyzzerella,ERR1075082
46582.0,838,genus,0.21529,Prevotella,ERR1075082
46582.0,244127,genus,0.13181,Anaerotruncus,ERR1075082
46582.0,1505663,genus,0.127417,Erysipelatoclostridium,ERR1075082
46582.0,1505657,genus,0.0966608,Intestinibacter,ERR1075082
46582.0,61170,genus,0.0966608,Holdemania,ERR1075082
46582.0,207244,genus,0.0439367,Anaerostipes,ERR1075082
46582.0,1017280,genus,0.0219684,Pseudoflavonifractor,ERR1075082
46582.0,375288,genus,0.0219684,Parabacteroides,ERR1075082
46582.0,1578,genus,0.0175747,Lactobacillus,ERR1075082
46582.0,1386,genus,0.013181,Bacillus,ERR1075082
46582.0,52784,genus,0.013181,Anaerofilum,ERR1075082
46582.0,906,genus,0.013181,Megasphaera,ERR1075082
46582.0,100883,genus,0.013181,Coprobacillus,ERR1075082
46582.0,644652,genus,0.013181,Gordonibacter,ERR1075082
46582.0,1485,genus,0.013181,Clostridium,ERR1075082
46582.0,84111,genus,0.013181,Eggerthella,ERR1075082
46582.0,1236988,genus,0.00878735,Geofilum,ERR1075082
46582.0,283,genus,0.00878735,Comamonas,ERR1075082
46582.0,233191,genus,0.00878735,Caldilinea,ERR1075082
46582.0,1843210,genus,0.00878735,Anaerocolumna,ERR1075082
46582.0,286,genus,0.00878735,Pseudomonas,ERR1075082
46582.0,872,genus,0.00878735,Desulfovibrio,ERR1075082
46582.0,129337,genus,0.00439367,Geobacillus,ERR1075082
46582.0,79206,genus,0.00439367,Desulfosporosinus,ERR1075082
46582.0,1279388,genus,0.00439367,Kandleria,ERR1075082
46582.0,41273,genus,0.00439367,Tissierella,ERR1075082
46582.0,442869,genus,0.00439367,Acanthopleuribacter,ERR1075082
46582.0,233189,genus,0.00439367,Anaerolinea,ERR1075082
46582.0,40544,genus,0.00439367,Sutterella,ERR1075082
46582.0,66831,genus,0.00439367,Facklamia,ERR1075082
46582.0,28138,genus,0.00439367,Rikenella,ERR1075082
46582.0,1573535,genus,0.00439367,Holdemanella,ERR1075082
46582.0,1164882,genus,0.00439367,Lachnoanaerobaculum,ERR1075082
46582.0,44249,genus,0.00439367,Paenibacillus,ERR1075082
46582.0,55080,genus,0.00439367,Brevibacillus,ERR1075082
46582.0,44260,genus,0.00439367,Moorella,ERR1075082
46582.0,904,genus,0.00439367,Acidaminococcus,ERR1075082
46582.0,1654,genus,0.00439367,Actinomyces,ERR1075082
46582.0,1569,genus,0.00439367,Sporosarcina,ERR1075082
46582.0,2373,genus,0.00439367,Acetonema,ERR1075082
46582.0,28453,genus,0.00439367,Sphingobacterium,ERR1075082
46582.0,590,genus,0.00439367,Salmonella,ERR1075082
46582.0,346096,genus,0.00439367,Paludibacter,ERR1075082
,-1,genus,25.1582,Unknown,ERR1075082
34048.0,816,genus,30.5912,Bacteroides,ERR1075093
34048.0,286,genus,10.0196,Pseudomonas,ERR1075093
34048.0,577309,genus,7.22406,Paraprevotella,ERR1075093
34048.0,239934,genus,5.08991,Akkermansia,ERR1075093
34048.0,904,genus,4.13394,Acidaminococcus,ERR1075093
34048.0,216851,genus,1.89128,Faecalibacterium,ERR1075093
34048.0,397864,genus,1.26085,Barnesiella,ERR1075093
34048.0,239759,genus,0.666598,Alistipes,ERR1075093
34048.0,375288,genus,0.656263,Parabacteroides,ERR1075093
34048.0,459786,genus,0.532245,Oscillibacter,ERR1075093
34048.0,572511,genus,0.52191,Blautia,ERR1075093
34048.0,841,genus,0.506408,Roseburia,ERR1075093
34048.0,1506553,genus,0.335883,Lachnoclostridium,ERR1075093
34048.0,35832,genus,0.268706,Bilophila,ERR1075093
34048.0,1730,genus,0.227367,Eubacterium,ERR1075093
34048.0,1508657,genus,0.186027,Ruminiclostridium,ERR1075093
34048.0,1263,genus,0.149855,Ruminococcus,ERR1075093
34048.0,590,genus,0.0930136,Salmonella,ERR1075093
34048.0,283168,genus,0.0775114,Odoribacter,ERR1075093
34048.0,33042,genus,0.0723439,Coprococcus,ERR1075093
34048.0,40544,genus,0.0568417,Sutterella,ERR1075093
34048.0,838,genus,0.0516742,Prevotella,ERR1075093
34048.0,244127,genus,0.0516742,Anaerotruncus,ERR1075093
34048.0,872,genus,0.0413394,Desulfovibrio,ERR1075093
34048.0,1301,genus,0.0310045,Streptococcus,ERR1075093
34048.0,146813,genus,0.0310045,Dendrosporobacter,ERR1075093
34048.0,1565532,genus,0.0310045,Rouxiella,ERR1075093
34048.0,1505663,genus,0.0310045,Erysipelatoclostridium,ERR1075093
34048.0,570,genus,0.0206697,Klebsiella,ERR1075093
34048.0,1578,genus,0.0155023,Lactobacillus,ERR1075093
34048.0,52784,genus,0.0155023,Anaerofilum,ERR1075093
34048.0,28453,genus,0.0155023,Sphingobacterium,ERR1075093
34048.0,1471399,genus,0.0155023,Draconibacterium,ERR1075093
34048.0,1017280,genus,0.0103348,Pseudoflavonifractor,ERR1075093
34048.0,586,genus,0.0103348,Providencia,ERR1075093
34048.0,1378,genus,0.0103348,Gemella,ERR1075093
34048.0,1485,genus,0.0103348,Clostridium,ERR1075093
34048.0,189330,genus,0.0103348,Dorea,ERR1075093
34048.0,990721,genus,0.0103348,Christensenella,ERR1075093
34048.0,848,genus,0.00516742,Fusobacterium,ERR1075093
34048.0,41273,genus,0.00516742,Tissierella,ERR1075093
34048.0,118747,genus,0.00516742,Bulleidia,ERR1075093
34048.0,1350,genus,0.00516742,Enterococcus,ERR1075093
34048.0,629,genus,0.00516742,Yersinia,ERR1075093
34048.0,836,genus,0.00516742,Porphyromonas,ERR1075093
34048.0,1082702,genus,0.00516742,Lonsdalea,ERR1075093
34048.0,1505657,genus,0.00516742,Intestinibacter,ERR1075093
34048.0,233189,genus,0.00516742,Anaerolinea,ERR1075093
34048.0,380240,genus,0.00516742,Candidatus Brocadia,ERR1075093
34048.0,906,genus,0.00516742,Megasphaera,ERR1075093
34048.0,469,genus,0.00516742,Acinetobacter,ERR1075093
34048.0,545865,genus,0.00516742,Calditerrivibrio,ERR1075093
34048.0,187144,genus,0.00516742,Caldithrix,ERR1075093
34048.0,39948,genus,0.00516742,Dialister,ERR1075093
34048.0,28253,genus,0.00516742,Marinomonas,ERR1075093
34048.0,44748,genus,0.00516742,Sporobacter,ERR1075093
34048.0,262406,genus,0.00516742,Thermobaculum,ERR1075093
34048.0,2147,genus,0.00516742,Acholeplasma,ERR1075093
34048.0,445,genus,0.00516742,Legionella,ERR1075093
34048.0,644652,genus,0.00516742,Gordonibacter,ERR1075093
34048.0,469322,genus,0.00516742,Steroidobacter,ERR1075093
34048.0,846,genus,0.00516742,Oxalobacter,ERR1075093
34048.0,1279,genus,0.00516742,Staphylococcus,ERR1075093
34048.0,61434,genus,0.00516742,Dehalococcoides,ERR1075093
34048.0,830,genus,0.00516742,Butyrivibrio,ERR1075093
34048.0,583,genus,0.00516742,Proteus,ERR1075093
34048.0,34037,genus,0.00516742,Rahnella,ERR1075093
34048.0,963,genus,0.00516742,Herbaspirillum,ERR1075093
34048.0,1678,genus,0.00516742,Bifidobacterium,ERR1075093
34048.0,2299,genus,0.00516742,Desulfosarcina,ERR1075093
,-1,genus,34.6424,Unknown,ERR1075093
34048.0,816,genus,30.5912,Bacteroides,ERR1075093
34048.0,286,genus,10.0196,Pseudomonas,ERR1075093
34048.0,577309,genus,7.22406,Paraprevotella,ERR1075093
34048.0,239934,genus,5.08991,Akkermansia,ERR1075093
34048.0,904,genus,4.13394,Acidaminococcus,ERR1075093
34048.0,216851,genus,1.89128,Faecalibacterium,ERR1075093
34048.0,397864,genus,1.26085,Barnesiella,ERR1075093
34048.0,239759,genus,0.666598,Alistipes,ERR1075093
34048.0,375288,genus,0.656263,Parabacteroides,ERR1075093
34048.0,459786,genus,0.532245,Oscillibacter,ERR1075093
34048.0,572511,genus,0.52191,Blautia,ERR1075093
34048.0,841,genus,0.506408,Roseburia,ERR1075093
34048.0,1506553,genus,0.335883,Lachnoclostridium,ERR1075093
34048.0,35832,genus,0.268706,Bilophila,ERR1075093
34048.0,1730,genus,0.227367,Eubacterium,ERR1075093
34048.0,1508657,genus,0.186027,Ruminiclostridium,ERR1075093
34048.0,1263,genus,0.149855,Ruminococcus,ERR1075093
34048.0,590,genus,0.0930136,Salmonella,ERR1075093
34048.0,283168,genus,0.0775114,Odoribacter,ERR1075093
34048.0,33042,genus,0.0723439,Coprococcus,ERR1075093
34048.0,40544,genus,0.0568417,Sutterella,ERR1075093
34048.0,838,genus,0.0516742,Prevotella,ERR1075093
34048.0,244127,genus,0.0516742,Anaerotruncus,ERR1075093
34048.0,872,genus,0.0413394,Desulfovibrio,ERR1075093
34048.0,1565532,genus,0.0310045,Rouxiella,ERR1075093
34048.0,1505663,genus,0.0310045,Erysipelatoclostridium,ERR1075093
34048.0,1301,genus,0.0310045,Streptococcus,ERR1075093
34048.0,146813,genus,0.0310045,Dendrosporobacter,ERR1075093
34048.0,570,genus,0.0206697,Klebsiella,ERR1075093
34048.0,1578,genus,0.0155023,Lactobacillus,ERR1075093
34048.0,52784,genus,0.0155023,Anaerofilum,ERR1075093
34048.0,28453,genus,0.0155023,Sphingobacterium,ERR1075093
34048.0,1471399,genus,0.0155023,Draconibacterium,ERR1075093
34048.0,189330,genus,0.0103348,Dorea,ERR1075093
34048.0,990721,genus,0.0103348,Christensenella,ERR1075093
34048.0,1017280,genus,0.0103348,Pseudoflavonifractor,ERR1075093
34048.0,586,genus,0.0103348,Providencia,ERR1075093
34048.0,1378,genus,0.0103348,Gemella,ERR1075093
34048.0,1485,genus,0.0103348,Clostridium,ERR1075093
34048.0,34037,genus,0.00516742,Rahnella,ERR1075093
34048.0,963,genus,0.00516742,Herbaspirillum,ERR1075093
34048.0,1678,genus,0.00516742,Bifidobacterium,ERR1075093
34048.0,2299,genus,0.00516742,Desulfosarcina,ERR1075093
34048.0,848,genus,0.00516742,Fusobacterium,ERR1075093
34048.0,41273,genus,0.00516742,Tissierella,ERR1075093
34048.0,118747,genus,0.00516742,Bulleidia,ERR1075093
34048.0,1350,genus,0.00516742,Enterococcus,ERR1075093
34048.0,629,genus,0.00516742,Yersinia,ERR1075093
34048.0,836,genus,0.00516742,Porphyromonas,ERR1075093
34048.0,1082702,genus,0.00516742,Lonsdalea,ERR1075093
34048.0,1505657,genus,0.00516742,Intestinibacter,ERR1075093
34048.0,233189,genus,0.00516742,Anaerolinea,ERR1075093
34048.0,380240,genus,0.00516742,Candidatus Brocadia,ERR1075093
34048.0,906,genus,0.00516742,Megasphaera,ERR1075093
34048.0,469,genus,0.00516742,Acinetobacter,ERR1075093
34048.0,545865,genus,0.00516742,Calditerrivibrio,ERR1075093
34048.0,187144,genus,0.00516742,Caldithrix,ERR1075093
34048.0,39948,genus,0.00516742,Dialister,ERR1075093
34048.0,28253,genus,0.00516742,Marinomonas,ERR1075093
34048.0,44748,genus,0.00516742,Sporobacter,ERR1075093
34048.0,262406,genus,0.00516742,Thermobaculum,ERR1075093
34048.0,2147,genus,0.00516742,Acholeplasma,ERR1075093
34048.0,445,genus,0.00516742,Legionella,ERR1075093
34048.0,644652,genus,0.00516742,Gordonibacter,ERR1075093
34048.0,469322,genus,0.00516742,Steroidobacter,ERR1075093
34048.0,846,genus,0.00516742,Oxalobacter,ERR1075093
34048.0,1279,genus,0.00516742,Staphylococcus,ERR1075093
34048.0,61434,genus,0.00516742,Dehalococcoides,ERR1075093
34048.0,830,genus,0.00516742,Butyrivibrio,ERR1075093
34048.0,583,genus,0.00516742,Proteus,ERR1075093
,-1,genus,34.6424,Unknown,ERR1075093
34048.0,816,genus,30.5912,Bacteroides,ERR1075093
34048.0,286,genus,10.0196,Pseudomonas,ERR1075093
34048.0,577309,genus,7.22406,Paraprevotella,ERR1075093
34048.0,239934,genus,5.08991,Akkermansia,ERR1075093
34048.0,904,genus,4.13394,Acidaminococcus,ERR1075093
34048.0,216851,genus,1.89128,Faecalibacterium,ERR1075093
34048.0,397864,genus,1.26085,Barnesiella,ERR1075093
34048.0,239759,genus,0.666598,Alistipes,ERR1075093
34048.0,375288,genus,0.656263,Parabacteroides,ERR1075093
34048.0,459786,genus,0.532245,Oscillibacter,ERR1075093
34048.0,572511,genus,0.52191,Blautia,ERR1075093
34048.0,841,genus,0.506408,Roseburia,ERR1075093
34048.0,1506553,genus,0.335883,Lachnoclostridium,ERR1075093
34048.0,35832,genus,0.268706,Bilophila,ERR1075093
34048.0,1730,genus,0.227367,Eubacterium,ERR1075093
34048.0,1508657,genus,0.186027,Ruminiclostridium,ERR1075093
34048.0,1263,genus,0.149855,Ruminococcus,ERR1075093
34048.0,590,genus,0.0930136,Salmonella,ERR1075093
34048.0,283168,genus,0.0775114,Odoribacter,ERR1075093
34048.0,33042,genus,0.0723439,Coprococcus,ERR1075093
34048.0,40544,genus,0.0568417,Sutterella,ERR1075093
34048.0,838,genus,0.0516742,Prevotella,ERR1075093
34048.0,244127,genus,0.0516742,Anaerotruncus,ERR1075093
34048.0,872,genus,0.0413394,Desulfovibrio,ERR1075093
34048.0,146813,genus,0.0310045,Dendrosporobacter,ERR1075093
34048.0,1565532,genus,0.0310045,Rouxiella,ERR1075093
34048.0,1505663,genus,0.0310045,Erysipelatoclostridium,ERR1075093
34048.0,1301,genus,0.0310045,Streptococcus,ERR1075093
34048.0,570,genus,0.0206697,Klebsiella,ERR1075093
34048.0,52784,genus,0.0155023,Anaerofilum,ERR1075093
34048.0,28453,genus,0.0155023,Sphingobacterium,ERR1075093
34048.0,1471399,genus,0.0155023,Draconibacterium,ERR1075093
34048.0,1578,genus,0.0155023,Lactobacillus,ERR1075093
34048.0,586,genus,0.0103348,Providencia,ERR1075093
34048.0,1378,genus,0.0103348,Gemella,ERR1075093
34048.0,1485,genus,0.0103348,Clostridium,ERR1075093
34048.0,189330,genus,0.0103348,Dorea,ERR1075093
34048.0,990721,genus,0.0103348,Christensenella,ERR1075093
34048.0,1017280,genus,0.0103348,Pseudoflavonifractor,ERR1075093
34048.0,44748,genus,0.00516742,Sporobacter,ERR1075093
34048.0,262406,genus,0.00516742,Thermobaculum,ERR1075093
34048.0,2147,genus,0.00516742,Acholeplasma,ERR1075093
34048.0,445,genus,0.00516742,Legionella,ERR1075093
34048.0,644652,genus,0.00516742,Gordonibacter,ERR1075093
34048.0,469322,genus,0.00516742,Steroidobacter,ERR1075093
34048.0,846,genus,0.00516742,Oxalobacter,ERR1075093
34048.0,1279,genus,0.00516742,Staphylococcus,ERR1075093
34048.0,61434,genus,0.00516742,Dehalococcoides,ERR1075093
34048.0,830,genus,0.00516742,Butyrivibrio,ERR1075093
34048.0,583,genus,0.00516742,Proteus,ERR1075093
34048.0,34037,genus,0.00516742,Rahnella,ERR1075093
34048.0,963,genus,0.00516742,Herbaspirillum,ERR1075093
34048.0,1678,genus,0.00516742,Bifidobacterium,ERR1075093
34048.0,2299,genus,0.00516742,Desulfosarcina,ERR1075093
34048.0,848,genus,0.00516742,Fusobacterium,ERR1075093
34048.0,41273,genus,0.00516742,Tissierella,ERR1075093
34048.0,118747,genus,0.00516742,Bulleidia,ERR1075093
34048.0,1350,genus,0.00516742,Enterococcus,ERR1075093
34048.0,629,genus,0.00516742,Yersinia,ERR1075093
34048.0,836,genus,0.00516742,Porphyromonas,ERR1075093
34048.0,1082702,genus,0.00516742,Lonsdalea,ERR1075093
34048.0,1505657,genus,0.00516742,Intestinibacter,ERR1075093
34048.0,233189,genus,0.00516742,Anaerolinea,ERR1075093
34048.0,380240,genus,0.00516742,Candidatus Brocadia,ERR1075093
34048.0,906,genus,0.00516742,Megasphaera,ERR1075093
34048.0,469,genus,0.00516742,Acinetobacter,ERR1075093
34048.0,545865,genus,0.00516742,Calditerrivibrio,ERR1075093
34048.0,187144,genus,0.00516742,Caldithrix,ERR1075093
34048.0,39948,genus,0.00516742,Dialister,ERR1075093
34048.0,28253,genus,0.00516742,Marinomonas,ERR1075093
,-1,genus,34.6424,Unknown,ERR1075093
34048.0,816,genus,30.5912,Bacteroides,ERR1075093
34048.0,286,genus,10.0196,Pseudomonas,ERR1075093
34048.0,577309,genus,7.22406,Paraprevotella,ERR1075093
34048.0,239934,genus,5.08991,Akkermansia,ERR1075093
34048.0,904,genus,4.13394,Acidaminococcus,ERR1075093
34048.0,216851,genus,1.89128,Faecalibacterium,ERR1075093
34048.0,397864,genus,1.26085,Barnesiella,ERR1075093
34048.0,239759,genus,0.666598,Alistipes,ERR1075093
34048.0,375288,genus,0.656263,Parabacteroides,ERR1075093
34048.0,459786,genus,0.532245,Oscillibacter,ERR1075093
34048.0,572511,genus,0.52191,Blautia,ERR1075093
34048.0,841,genus,0.506408,Roseburia,ERR1075093
34048.0,1506553,genus,0.335883,Lachnoclostridium,ERR1075093
34048.0,35832,genus,0.268706,Bilophila,ERR1075093
34048.0,1730,genus,0.227367,Eubacterium,ERR1075093
34048.0,1508657,genus,0.186027,Ruminiclostridium,ERR1075093
34048.0,1263,genus,0.149855,Ruminococcus,ERR1075093
34048.0,590,genus,0.0930136,Salmonella,ERR1075093
34048.0,283168,genus,0.0775114,Odoribacter,ERR1075093
34048.0,33042,genus,0.0723439,Coprococcus,ERR1075093
34048.0,40544,genus,0.0568417,Sutterella,ERR1075093
34048.0,244127,genus,0.0516742,Anaerotruncus,ERR1075093
34048.0,838,genus,0.0516742,Prevotella,ERR1075093
34048.0,872,genus,0.0413394,Desulfovibrio,ERR1075093
34048.0,1505663,genus,0.0310045,Erysipelatoclostridium,ERR1075093
34048.0,1301,genus,0.0310045,Streptococcus,ERR1075093
34048.0,146813,genus,0.0310045,Dendrosporobacter,ERR1075093
34048.0,1565532,genus,0.0310045,Rouxiella,ERR1075093
34048.0,570,genus,0.0206697,Klebsiella,ERR1075093
34048.0,1578,genus,0.0155023,Lactobacillus,ERR1075093
34048.0,52784,genus,0.0155023,Anaerofilum,ERR1075093
34048.0,28453,genus,0.0155023,Sphingobacterium,ERR1075093
34048.0,1471399,genus,0.0155023,Draconibacterium,ERR1075093
34048.0,990721,genus,0.0103348,Christensenella,ERR1075093
34048.0,1017280,genus,0.0103348,Pseudoflavonifractor,ERR1075093
34048.0,586,genus,0.0103348,Providencia,ERR1075093
34048.0,1378,genus,0.0103348,Gemella,ERR1075093
34048.0,1485,genus,0.0103348,Clostridium,ERR1075093
34048.0,189330,genus,0.0103348,Dorea,ERR1075093
34048.0,848,genus,0.00516742,Fusobacterium,ERR1075093
34048.0,41273,genus,0.00516742,Tissierella,ERR1075093
34048.0,118747,genus,0.00516742,Bulleidia,ERR1075093
34048.0,1350,genus,0.00516742,Enterococcus,ERR1075093
34048.0,629,genus,0.00516742,Yersinia,ERR1075093
34048.0,836,genus,0.00516742,Porphyromonas,ERR1075093
34048.0,1082702,genus,0.00516742,Lonsdalea,ERR1075093
34048.0,1505657,genus,0.00516742,Intestinibacter,ERR1075093
34048.0,233189,genus,0.00516742,Anaerolinea,ERR1075093
34048.0,380240,genus,0.00516742,Candidatus Brocadia,ERR1075093
34048.0,906,genus,0.00516742,Megasphaera,ERR1075093
34048.0,469,genus,0.00516742,Acinetobacter,ERR1075093
34048.0,545865,genus,0.00516742,Calditerrivibrio,ERR1075093
34048.0,187144,genus,0.00516742,Caldithrix,ERR1075093
34048.0,39948,genus,0.00516742,Dialister,ERR1075093
34048.0,28253,genus,0.00516742,Marinomonas,ERR1075093
34048.0,44748,genus,0.00516742,Sporobacter,ERR1075093
34048.0,262406,genus,0.00516742,Thermobaculum,ERR1075093
34048.0,2147,genus,0.00516742,Acholeplasma,ERR1075093
34048.0,445,genus,0.00516742,Legionella,ERR1075093
34048.0,644652,genus,0.00516742,Gordonibacter,ERR1075093
34048.0,469322,genus,0.00516742,Steroidobacter,ERR1075093
34048.0,846,genus,0.00516742,Oxalobacter,ERR1075093
34048.0,1279,genus,0.00516742,Staphylococcus,ERR1075093
34048.0,61434,genus,0.00516742,Dehalococcoides,ERR1075093
34048.0,830,genus,0.00516742,Butyrivibrio,ERR1075093
34048.0,583,genus,0.00516742,Proteus,ERR1075093
34048.0,34037,genus,0.00516742,Rahnella,ERR1075093
34048.0,963,genus,0.00516742,Herbaspirillum,ERR1075093
34048.0,1678,genus,0.00516742,Bifidobacterium,ERR1075093
34048.0,2299,genus,0.00516742,Desulfosarcina,ERR1075093
,-1,genus,34.6424,Unknown,ERR1075093
34048.0,816,genus,30.5912,Bacteroides,ERR1075093
34048.0,286,genus,10.0196,Pseudomonas,ERR1075093
34048.0,577309,genus,7.22406,Paraprevotella,ERR1075093
34048.0,239934,genus,5.08991,Akkermansia,ERR1075093
34048.0,904,genus,4.13394,Acidaminococcus,ERR1075093
34048.0,216851,genus,1.89128,Faecalibacterium,ERR1075093
34048.0,397864,genus,1.26085,Barnesiella,ERR1075093
34048.0,239759,genus,0.666598,Alistipes,ERR1075093
34048.0,375288,genus,0.656263,Parabacteroides,ERR1075093
34048.0,459786,genus,0.532245,Oscillibacter,ERR1075093
34048.0,572511,genus,0.52191,Blautia,ERR1075093
34048.0,841,genus,0.506408,Roseburia,ERR1075093
34048.0,1506553,genus,0.335883,Lachnoclostridium,ERR1075093
34048.0,35832,genus,0.268706,Bilophila,ERR1075093
34048.0,1730,genus,0.227367,Eubacterium,ERR1075093
34048.0,1508657,genus,0.186027,Ruminiclostridium,ERR1075093
34048.0,1263,genus,0.149855,Ruminococcus,ERR1075093
34048.0,590,genus,0.0930136,Salmonella,ERR1075093
34048.0,283168,genus,0.0775114,Odoribacter,ERR1075093
34048.0,33042,genus,0.0723439,Coprococcus,ERR1075093
34048.0,40544,genus,0.0568417,Sutterella,ERR1075093
34048.0,838,genus,0.0516742,Prevotella,ERR1075093
34048.0,244127,genus,0.0516742,Anaerotruncus,ERR1075093
34048.0,872,genus,0.0413394,Desulfovibrio,ERR1075093
34048.0,1301,genus,0.0310045,Streptococcus,ERR1075093
34048.0,146813,genus,0.0310045,Dendrosporobacter,ERR1075093
34048.0,1565532,genus,0.0310045,Rouxiella,ERR1075093
34048.0,1505663,genus,0.0310045,Erysipelatoclostridium,ERR1075093
34048.0,570,genus,0.0206697,Klebsiella,ERR1075093
34048.0,1578,genus,0.0155023,Lactobacillus,ERR1075093
34048.0,52784,genus,0.0155023,Anaerofilum,ERR1075093
34048.0,28453,genus,0.0155023,Sphingobacterium,ERR1075093
34048.0,1471399,genus,0.0155023,Draconibacterium,ERR1075093
34048.0,586,genus,0.0103348,Providencia,ERR1075093
34048.0,1378,genus,0.0103348,Gemella,ERR1075093
34048.0,1485,genus,0.0103348,Clostridium,ERR1075093
34048.0,189330,genus,0.0103348,Dorea,ERR1075093
34048.0,990721,genus,0.0103348,Christensenella,ERR1075093
34048.0,1017280,genus,0.0103348,Pseudoflavonifractor,ERR1075093
34048.0,1505657,genus,0.00516742,Intestinibacter,ERR1075093
34048.0,233189,genus,0.00516742,Anaerolinea,ERR1075093
34048.0,380240,genus,0.00516742,Candidatus Brocadia,ERR1075093
34048.0,906,genus,0.00516742,Megasphaera,ERR1075093
34048.0,469,genus,0.00516742,Acinetobacter,ERR1075093
34048.0,545865,genus,0.00516742,Calditerrivibrio,ERR1075093
34048.0,187144,genus,0.00516742,Caldithrix,ERR1075093
34048.0,39948,genus,0.00516742,Dialister,ERR1075093
34048.0,28253,genus,0.00516742,Marinomonas,ERR1075093
34048.0,44748,genus,0.00516742,Sporobacter,ERR1075093
34048.0,262406,genus,0.00516742,Thermobaculum,ERR1075093
34048.0,2147,genus,0.00516742,Acholeplasma,ERR1075093
34048.0,445,genus,0.00516742,Legionella,ERR1075093
34048.0,644652,genus,0.00516742,Gordonibacter,ERR1075093
34048.0,469322,genus,0.00516742,Steroidobacter,ERR1075093
34048.0,846,genus,0.00516742,Oxalobacter,ERR1075093
34048.0,1279,genus,0.00516742,Staphylococcus,ERR1075093
34048.0,61434,genus,0.00516742,Dehalococcoides,ERR1075093
34048.0,830,genus,0.00516742,Butyrivibrio,ERR1075093
34048.0,583,genus,0.00516742,Proteus,ERR1075093
34048.0,34037,genus,0.00516742,Rahnella,ERR1075093
34048.0,963,genus,0.00516742,Herbaspirillum,ERR1075093
34048.0,1678,genus,0.00516742,Bifidobacterium,ERR1075093
34048.0,2299,genus,0.00516742,Desulfosarcina,ERR1075093
34048.0,848,genus,0.00516742,Fusobacterium,ERR1075093
34048.0,41273,genus,0.00516742,Tissierella,ERR1075093
34048.0,118747,genus,0.00516742,Bulleidia,ERR1075093
34048.0,1350,genus,0.00516742,Enterococcus,ERR1075093
34048.0,629,genus,0.00516742,Yersinia,ERR1075093
34048.0,836,genus,0.00516742,Porphyromonas,ERR1075093
34048.0,1082702,genus,0.00516742,Lonsdalea,ERR1075093
,-1,genus,34.6424,Unknown,ERR1075093
34048.0,816,genus,30.5912,Bacteroides,ERR1075093
34048.0,286,genus,10.0196,Pseudomonas,ERR1075093
34048.0,577309,genus,7.22406,Paraprevotella,ERR1075093
34048.0,239934,genus,5.08991,Akkermansia,ERR1075093
34048.0,904,genus,4.13394,Acidaminococcus,ERR1075093
34048.0,216851,genus,1.89128,Faecalibacterium,ERR1075093
34048.0,397864,genus,1.26085,Barnesiella,ERR1075093
34048.0,239759,genus,0.666598,Alistipes,ERR1075093
34048.0,375288,genus,0.656263,Parabacteroides,ERR1075093
34048.0,459786,genus,0.532245,Oscillibacter,ERR1075093
34048.0,572511,genus,0.52191,Blautia,ERR1075093
34048.0,841,genus,0.506408,Roseburia,ERR1075093
34048.0,1506553,genus,0.335883,Lachnoclostridium,ERR1075093
34048.0,35832,genus,0.268706,Bilophila,ERR1075093
34048.0,1730,genus,0.227367,Eubacterium,ERR1075093
34048.0,1508657,genus,0.186027,Ruminiclostridium,ERR1075093
34048.0,1263,genus,0.149855,Ruminococcus,ERR1075093
34048.0,590,genus,0.0930136,Salmonella,ERR1075093
34048.0,283168,genus,0.0775114,Odoribacter,ERR1075093
34048.0,33042,genus,0.0723439,Coprococcus,ERR1075093
34048.0,40544,genus,0.0568417,Sutterella,ERR1075093
34048.0,838,genus,0.0516742,Prevotella,ERR1075093
34048.0,244127,genus,0.0516742,Anaerotruncus,ERR1075093
34048.0,872,genus,0.0413394,Desulfovibrio,ERR1075093
34048.0,146813,genus,0.0310045,Dendrosporobacter,ERR1075093
34048.0,1565532,genus,0.0310045,Rouxiella,ERR1075093
34048.0,1505663,genus,0.0310045,Erysipelatoclostridium,ERR1075093
34048.0,1301,genus,0.0310045,Streptococcus,ERR1075093
34048.0,570,genus,0.0206697,Klebsiella,ERR1075093
34048.0,52784,genus,0.0155023,Anaerofilum,ERR1075093
34048.0,1471399,genus,0.0155023,Draconibacterium,ERR1075093
34048.0,28453,genus,0.0155023,Sphingobacterium,ERR1075093
34048.0,1578,genus,0.0155023,Lactobacillus,ERR1075093
34048.0,586,genus,0.0103348,Providencia,ERR1075093
34048.0,1378,genus,0.0103348,Gemella,ERR1075093
34048.0,1485,genus,0.0103348,Clostridium,ERR1075093
34048.0,189330,genus,0.0103348,Dorea,ERR1075093
34048.0,990721,genus,0.0103348,Christensenella,ERR1075093
34048.0,1017280,genus,0.0103348,Pseudoflavonifractor,ERR1075093
34048.0,28253,genus,0.00516742,Marinomonas,ERR1075093
34048.0,39948,genus,0.00516742,Dialister,ERR1075093
34048.0,262406,genus,0.00516742,Thermobaculum,ERR1075093
34048.0,44748,genus,0.00516742,Sporobacter,ERR1075093
34048.0,445,genus,0.00516742,Legionella,ERR1075093
34048.0,2147,genus,0.00516742,Acholeplasma,ERR1075093
34048.0,644652,genus,0.00516742,Gordonibacter,ERR1075093
34048.0,846,genus,0.00516742,Oxalobacter,ERR1075093
34048.0,469322,genus,0.00516742,Steroidobacter,ERR1075093
34048.0,1279,genus,0.00516742,Staphylococcus,ERR1075093
34048.0,830,genus,0.00516742,Butyrivibrio,ERR1075093
34048.0,61434,genus,0.00516742,Dehalococcoides,ERR1075093
34048.0,583,genus,0.00516742,Proteus,ERR1075093
34048.0,963,genus,0.00516742,Herbaspirillum,ERR1075093
34048.0,34037,genus,0.00516742,Rahnella,ERR1075093
34048.0,1678,genus,0.00516742,Bifidobacterium,ERR1075093
34048.0,2299,genus,0.00516742,Desulfosarcina,ERR1075093
34048.0,118747,genus,0.00516742,Bulleidia,ERR1075093
34048.0,848,genus,0.00516742,Fusobacterium,ERR1075093
34048.0,41273,genus,0.00516742,Tissierella,ERR1075093
34048.0,1082702,genus,0.00516742,Lonsdalea,ERR1075093
34048.0,1350,genus,0.00516742,Enterococcus,ERR1075093
34048.0,629,genus,0.00516742,Yersinia,ERR1075093
34048.0,836,genus,0.00516742,Porphyromonas,ERR1075093
34048.0,1505657,genus,0.00516742,Intestinibacter,ERR1075093
34048.0,233189,genus,0.00516742,Anaerolinea,ERR1075093
34048.0,380240,genus,0.00516742,Candidatus Brocadia,ERR1075093
34048.0,545865,genus,0.00516742,Calditerrivibrio,ERR1075093
34048.0,906,genus,0.00516742,Megasphaera,ERR1075093
34048.0,469,genus,0.00516742,Acinetobacter,ERR1075093
34048.0,187144,genus,0.00516742,Caldithrix,ERR1075093
,-1,genus,34.6424,Unknown,ERR1075093
34049.0,816,genus,16.9947,Bacteroides,ERR1075141
34049.0,239934,genus,3.48577,Akkermansia,ERR1075141
34049.0,838,genus,2.99262,Prevotella,ERR1075141
34049.0,904,genus,2.65753,Acidaminococcus,ERR1075141
34049.0,216851,genus,1.84826,Faecalibacterium,ERR1075141
34049.0,165779,genus,0.760801,Anaerococcus,ERR1075141
34049.0,1716,genus,0.657534,Corynebacterium,ERR1075141
34049.0,194,genus,0.644889,Campylobacter,ERR1075141
34049.0,41273,genus,0.573235,Tissierella,ERR1075141
34049.0,1279388,genus,0.547945,Kandleria,ERR1075141
34049.0,375288,genus,0.448894,Parabacteroides,ERR1075141
34049.0,162289,genus,0.440464,Peptoniphilus,ERR1075141
34049.0,836,genus,0.406744,Porphyromonas,ERR1075141
34049.0,239759,genus,0.330875,Alistipes,ERR1075141
34049.0,459786,genus,0.305585,Oscillibacter,ERR1075141
34049.0,39948,genus,0.30137,Dialister,ERR1075141
34049.0,150022,genus,0.263435,Finegoldia,ERR1075141
34049.0,906,genus,0.25079,Megasphaera,ERR1075141
34049.0,1301,genus,0.23393,Streptococcus,ERR1075141
34049.0,848,genus,0.164384,Fusobacterium,ERR1075141
34049.0,590,genus,0.139094,Salmonella,ERR1075141
34049.0,1380,genus,0.126449,Atopobium,ERR1075141
34049.0,572511,genus,0.126449,Blautia,ERR1075141
34049.0,1506553,genus,0.120126,Lachnoclostridium,ERR1075141
34049.0,1257,genus,0.118019,Peptostreptococcus,ERR1075141
34049.0,35832,genus,0.113804,Bilophila,ERR1075141
34049.0,872,genus,0.109589,Desulfovibrio,ERR1075141
34049.0,2701,genus,0.107482,Gardnerella,ERR1075141
34049.0,561,genus,0.0800843,Escherichia,ERR1075141
34049.0,184869,genus,0.0800843,Varibaculum,ERR1075141
34049.0,2093,genus,0.0758693,Mycoplasma,ERR1075141
34049.0,1654,genus,0.0632244,Actinomyces,ERR1075141
34049.0,283168,genus,0.0632244,Odoribacter,ERR1075141
34049.0,168808,genus,0.061117,Sneathia,ERR1075141
34049.0,841,genus,0.0505796,Roseburia,ERR1075141
34049.0,86331,genus,0.0442571,Mogibacterium,ERR1075141
34049.0,1378,genus,0.0400422,Gemella,ERR1075141
34049.0,66831,genus,0.0379347,Facklamia,ERR1075141
34049.0,189330,genus,0.0379347,Dorea,ERR1075141
34049.0,33042,genus,0.0316122,Coprococcus,ERR1075141
34049.0,1485,genus,0.0316122,Clostridium,ERR1075141
34049.0,1508657,genus,0.0316122,Ruminiclostridium,ERR1075141
34049.0,577310,genus,0.0295047,Parasutterella,ERR1075141
34049.0,1573535,genus,0.0295047,Holdemanella,ERR1075141
34049.0,1505663,genus,0.0273973,Erysipelatoclostridium,ERR1075141
34049.0,1279,genus,0.0252898,Staphylococcus,ERR1075141
34049.0,286,genus,0.0210748,Pseudomonas,ERR1075141
34049.0,1578,genus,0.0210748,Lactobacillus,ERR1075141
34049.0,46205,genus,0.0210748,Pseudobutyrivibrio,ERR1075141
34049.0,1386,genus,0.0189673,Bacillus,ERR1075141
34049.0,61170,genus,0.0168599,Holdemania,ERR1075141
34049.0,52784,genus,0.0147524,Anaerofilum,ERR1075141
34049.0,1263,genus,0.0147524,Ruminococcus,ERR1075141
34049.0,2299,genus,0.0126449,Desulfosarcina,ERR1075141
34049.0,1730,genus,0.0105374,Eubacterium,ERR1075141
34049.0,497,genus,0.0105374,Psychrobacter,ERR1075141
34049.0,898,genus,0.0105374,Desulfomicrobium,ERR1075141
34049.0,397864,genus,0.00842993,Barnesiella,ERR1075141
34049.0,620,genus,0.00842993,Shigella,ERR1075141
34049.0,102106,genus,0.00632244,Collinsella,ERR1075141
34049.0,332248,genus,0.00632244,Truepera,ERR1075141
34049.0,413496,genus,0.00632244,Cronobacter,ERR1075141
34049.0,57665,genus,0.00632244,Sulfurospirillum,ERR1075141
34049.0,244127,genus,0.00632244,Anaerotruncus,ERR1075141
34049.0,34037,genus,0.00632244,Rahnella,ERR1075141
34049.0,265980,genus,0.00632244,Alkalimonas,ERR1075141
34049.0,724,genus,0.00632244,Haemophilus,ERR1075141
34049.0,577309,genus,0.00632244,Paraprevotella,ERR1075141
34049.0,180541,genus,0.00632244,Salinisphaera,ERR1075141
34049.0,543311,genus,0.00632244,Parvimonas,ERR1075141
34049.0,28453,genus,0.00632244,Sphingobacterium,ERR1075141
34049.0,1827,genus,0.00632244,Rhodococcus,ERR1075141
34049.0,1678,genus,0.00632244,Bifidobacterium,ERR1075141
34049.0,1350,genus,0.00421496,Enterococcus,ERR1075141
34049.0,518753,genus,0.00421496,Luteolibacter,ERR1075141
34049.0,39773,genus,0.00421496,Methylomicrobium,ERR1075141
34049.0,278993,genus,0.00421496,Thermincola,ERR1075141
34049.0,1236988,genus,0.00421496,Geofilum,ERR1075141
34049.0,61434,genus,0.00210748,Dehalococcoides,ERR1075141
34049.0,581,genus,0.00210748,Morganella,ERR1075141
34049.0,469,genus,0.00210748,Acinetobacter,ERR1075141
34049.0,1082702,genus,0.00210748,Lonsdalea,ERR1075141
34049.0,195950,genus,0.00210748,Tannerella,ERR1075141
34049.0,224465,genus,0.00210748,Kofleria,ERR1075141
34049.0,670486,genus,0.00210748,Dehalogenimonas,ERR1075141
34049.0,702,genus,0.00210748,Plesiomonas,ERR1075141
34049.0,32207,genus,0.00210748,Rothia,ERR1075141
34049.0,570,genus,0.00210748,Klebsiella,ERR1075141
34049.0,501783,genus,0.00210748,Cloacibacterium,ERR1075141
34049.0,1471399,genus,0.00210748,Draconibacterium,ERR1075141
34049.0,37817,genus,0.00210748,Desulfuromusa,ERR1075141
34049.0,33986,genus,0.00210748,Exiguobacterium,ERR1075141
34049.0,349,genus,0.00210748,Zoogloea,ERR1075141
34049.0,713,genus,0.00210748,Actinobacillus,ERR1075141
34049.0,118747,genus,0.00210748,Bulleidia,ERR1075141
34049.0,2056,genus,0.00210748,Sphaerobacter,ERR1075141
34049.0,133925,genus,0.00210748,Olsenella,ERR1075141
34049.0,22,genus,0.00210748,Shewanella,ERR1075141
34049.0,2740,genus,0.00210748,Peptococcus,ERR1075141
34049.0,84108,genus,0.00210748,Slackia,ERR1075141
34049.0,642,genus,0.00210748,Aeromonas,ERR1075141
34049.0,84111,genus,0.00210748,Eggerthella,ERR1075141
34049.0,596499,genus,0.00210748,Nitriliruptor,ERR1075141
34049.0,157,genus,0.00210748,Treponema,ERR1075141
34049.0,583,genus,0.00210748,Proteus,ERR1075141
34049.0,106633,genus,0.00210748,Thioalkalivibrio,ERR1075141
34049.0,413,genus,0.00210748,Methylococcus,ERR1075141
34049.0,84567,genus,0.00210748,Pedobacter,ERR1075141
34049.0,31983,genus,0.00210748,Helcococcus,ERR1075141
34049.0,84034,genus,0.00210748,Propionispira,ERR1075141
34049.0,626,genus,0.00210748,Xenorhabdus,ERR1075141
34049.0,2735,genus,0.00210748,Verrucomicrobium,ERR1075141
34049.0,1866885,genus,0.00210748,Mycobacterium fortuitum complex,ERR1075141
34049.0,119977,genus,0.00210748,Acidithiobacillus,ERR1075141
34049.0,830,genus,0.00210748,Butyrivibrio,ERR1075141
34049.0,1408818,genus,0.00210748,Youngiibacter,ERR1075141
34049.0,1279384,genus,0.00210748,Eggerthia,ERR1075141
34049.0,1253,genus,0.00210748,Pediococcus,ERR1075141
34049.0,28138,genus,0.00210748,Rikenella,ERR1075141
34049.0,2147,genus,0.00210748,Acholeplasma,ERR1075141
34049.0,207244,genus,0.00210748,Anaerostipes,ERR1075141
34049.0,48463,genus,0.00210748,Prosthecobacter,ERR1075141
34049.0,629,genus,0.00210748,Yersinia,ERR1075141
34049.0,44748,genus,0.00210748,Sporobacter,ERR1075141
34049.0,1357,genus,0.00210748,Lactococcus,ERR1075141
34049.0,37914,genus,0.00210748,Dietzia,ERR1075141
34049.0,2717,genus,0.00210748,Cardiobacterium,ERR1075141
34049.0,55080,genus,0.00210748,Brevibacillus,ERR1075141
34049.0,202746,genus,0.00210748,Sulfurimonas,ERR1075141
34049.0,40544,genus,0.00210748,Sutterella,ERR1075141
34049.0,265570,genus,0.00210748,Sulfurovum,ERR1075141
34049.0,1870884,genus,0.00210748,Clostridioides,ERR1075141
34049.0,2742,genus,0.00210748,Marinobacter,ERR1075141
34049.0,29465,genus,0.00210748,Veillonella,ERR1075141
34049.0,79206,genus,0.00210748,Desulfosporosinus,ERR1075141
34049.0,59753,genus,0.00210748,Alcanivorax,ERR1075141
,-1,genus,63.4331,Unknown,ERR1075141
34049.0,816,genus,16.9947,Bacteroides,ERR1075141
34049.0,239934,genus,3.48577,Akkermansia,ERR1075141
34049.0,838,genus,2.99262,Prevotella,ERR1075141
34049.0,904,genus,2.65753,Acidaminococcus,ERR1075141
34049.0,216851,genus,1.84826,Faecalibacterium,ERR1075141
34049.0,165779,genus,0.760801,Anaerococcus,ERR1075141
34049.0,1716,genus,0.657534,Corynebacterium,ERR1075141
34049.0,194,genus,0.644889,Campylobacter,ERR1075141
34049.0,41273,genus,0.573235,Tissierella,ERR1075141
34049.0,1279388,genus,0.547945,Kandleria,ERR1075141
34049.0,375288,genus,0.448894,Parabacteroides,ERR1075141
34049.0,162289,genus,0.440464,Peptoniphilus,ERR1075141
34049.0,836,genus,0.406744,Porphyromonas,ERR1075141
34049.0,239759,genus,0.330875,Alistipes,ERR1075141
34049.0,459786,genus,0.305585,Oscillibacter,ERR1075141
34049.0,39948,genus,0.30137,Dialister,ERR1075141
34049.0,150022,genus,0.263435,Finegoldia,ERR1075141
34049.0,906,genus,0.25079,Megasphaera,ERR1075141
34049.0,1301,genus,0.23393,Streptococcus,ERR1075141
34049.0,848,genus,0.164384,Fusobacterium,ERR1075141
34049.0,590,genus,0.139094,Salmonella,ERR1075141
34049.0,1380,genus,0.126449,Atopobium,ERR1075141
34049.0,572511,genus,0.126449,Blautia,ERR1075141
34049.0,1506553,genus,0.120126,Lachnoclostridium,ERR1075141
34049.0,1257,genus,0.118019,Peptostreptococcus,ERR1075141
34049.0,35832,genus,0.113804,Bilophila,ERR1075141
34049.0,872,genus,0.109589,Desulfovibrio,ERR1075141
34049.0,2701,genus,0.107482,Gardnerella,ERR1075141
34049.0,561,genus,0.0800843,Escherichia,ERR1075141
34049.0,184869,genus,0.0800843,Varibaculum,ERR1075141
34049.0,2093,genus,0.0758693,Mycoplasma,ERR1075141
34049.0,283168,genus,0.0632244,Odoribacter,ERR1075141
34049.0,1654,genus,0.0632244,Actinomyces,ERR1075141
34049.0,168808,genus,0.061117,Sneathia,ERR1075141
34049.0,841,genus,0.0505796,Roseburia,ERR1075141
34049.0,86331,genus,0.0442571,Mogibacterium,ERR1075141
34049.0,1378,genus,0.0400422,Gemella,ERR1075141
34049.0,66831,genus,0.0379347,Facklamia,ERR1075141
34049.0,189330,genus,0.0379347,Dorea,ERR1075141
34049.0,1485,genus,0.0316122,Clostridium,ERR1075141
34049.0,1508657,genus,0.0316122,Ruminiclostridium,ERR1075141
34049.0,33042,genus,0.0316122,Coprococcus,ERR1075141
34049.0,577310,genus,0.0295047,Parasutterella,ERR1075141
34049.0,1573535,genus,0.0295047,Holdemanella,ERR1075141
34049.0,1505663,genus,0.0273973,Erysipelatoclostridium,ERR1075141
34049.0,1279,genus,0.0252898,Staphylococcus,ERR1075141
34049.0,1578,genus,0.0210748,Lactobacillus,ERR1075141
34049.0,46205,genus,0.0210748,Pseudobutyrivibrio,ERR1075141
34049.0,286,genus,0.0210748,Pseudomonas,ERR1075141
34049.0,1386,genus,0.0189673,Bacillus,ERR1075141
34049.0,61170,genus,0.0168599,Holdemania,ERR1075141
34049.0,52784,genus,0.0147524,Anaerofilum,ERR1075141
34049.0,1263,genus,0.0147524,Ruminococcus,ERR1075141
34049.0,2299,genus,0.0126449,Desulfosarcina,ERR1075141
34049.0,497,genus,0.0105374,Psychrobacter,ERR1075141
34049.0,898,genus,0.0105374,Desulfomicrobium,ERR1075141
34049.0,1730,genus,0.0105374,Eubacterium,ERR1075141
34049.0,620,genus,0.00842993,Shigella,ERR1075141
34049.0,397864,genus,0.00842993,Barnesiella,ERR1075141
34049.0,724,genus,0.00632244,Haemophilus,ERR1075141
34049.0,577309,genus,0.00632244,Paraprevotella,ERR1075141
34049.0,543311,genus,0.00632244,Parvimonas,ERR1075141
34049.0,180541,genus,0.00632244,Salinisphaera,ERR1075141
34049.0,1827,genus,0.00632244,Rhodococcus,ERR1075141
34049.0,28453,genus,0.00632244,Sphingobacterium,ERR1075141
34049.0,1678,genus,0.00632244,Bifidobacterium,ERR1075141
34049.0,102106,genus,0.00632244,Collinsella,ERR1075141
34049.0,332248,genus,0.00632244,Truepera,ERR1075141
34049.0,413496,genus,0.00632244,Cronobacter,ERR1075141
34049.0,34037,genus,0.00632244,Rahnella,ERR1075141
34049.0,57665,genus,0.00632244,Sulfurospirillum,ERR1075141
34049.0,244127,genus,0.00632244,Anaerotruncus,ERR1075141
34049.0,265980,genus,0.00632244,Alkalimonas,ERR1075141
34049.0,278993,genus,0.00421496,Thermincola,ERR1075141
34049.0,1236988,genus,0.00421496,Geofilum,ERR1075141
34049.0,1350,genus,0.00421496,Enterococcus,ERR1075141
34049.0,518753,genus,0.00421496,Luteolibacter,ERR1075141
34049.0,39773,genus,0.00421496,Methylomicrobium,ERR1075141
34049.0,1408818,genus,0.00210748,Youngiibacter,ERR1075141
34049.0,1279384,genus,0.00210748,Eggerthia,ERR1075141
34049.0,2147,genus,0.00210748,Acholeplasma,ERR1075141
34049.0,1253,genus,0.00210748,Pediococcus,ERR1075141
34049.0,28138,genus,0.00210748,Rikenella,ERR1075141
34049.0,207244,genus,0.00210748,Anaerostipes,ERR1075141
34049.0,48463,genus,0.00210748,Prosthecobacter,ERR1075141
34049.0,44748,genus,0.00210748,Sporobacter,ERR1075141
34049.0,1357,genus,0.00210748,Lactococcus,ERR1075141
34049.0,629,genus,0.00210748,Yersinia,ERR1075141
34049.0,55080,genus,0.00210748,Brevibacillus,ERR1075141
34049.0,202746,genus,0.00210748,Sulfurimonas,ERR1075141
34049.0,40544,genus,0.00210748,Sutterella,ERR1075141
34049.0,37914,genus,0.00210748,Dietzia,ERR1075141
34049.0,2717,genus,0.00210748,Cardiobacterium,ERR1075141
34049.0,2742,genus,0.00210748,Marinobacter,ERR1075141
34049.0,29465,genus,0.00210748,Veillonella,ERR1075141
34049.0,265570,genus,0.00210748,Sulfurovum,ERR1075141
34049.0,1870884,genus,0.00210748,Clostridioides,ERR1075141
34049.0,59753,genus,0.00210748,Alcanivorax,ERR1075141
34049.0,79206,genus,0.00210748,Desulfosporosinus,ERR1075141
34049.0,581,genus,0.00210748,Morganella,ERR1075141
34049.0,469,genus,0.00210748,Acinetobacter,ERR1075141
34049.0,1082702,genus,0.00210748,Lonsdalea,ERR1075141
34049.0,61434,genus,0.00210748,Dehalococcoides,ERR1075141
34049.0,670486,genus,0.00210748,Dehalogenimonas,ERR1075141
34049.0,195950,genus,0.00210748,Tannerella,ERR1075141
34049.0,224465,genus,0.00210748,Kofleria,ERR1075141
34049.0,702,genus,0.00210748,Plesiomonas,ERR1075141
34049.0,32207,genus,0.00210748,Rothia,ERR1075141
34049.0,33986,genus,0.00210748,Exiguobacterium,ERR1075141
34049.0,570,genus,0.00210748,Klebsiella,ERR1075141
34049.0,501783,genus,0.00210748,Cloacibacterium,ERR1075141
34049.0,1471399,genus,0.00210748,Draconibacterium,ERR1075141
34049.0,37817,genus,0.00210748,Desulfuromusa,ERR1075141
34049.0,713,genus,0.00210748,Actinobacillus,ERR1075141
34049.0,118747,genus,0.00210748,Bulleidia,ERR1075141
34049.0,349,genus,0.00210748,Zoogloea,ERR1075141
34049.0,2740,genus,0.00210748,Peptococcus,ERR1075141
34049.0,84108,genus,0.00210748,Slackia,ERR1075141
34049.0,2056,genus,0.00210748,Sphaerobacter,ERR1075141
34049.0,133925,genus,0.00210748,Olsenella,ERR1075141
34049.0,22,genus,0.00210748,Shewanella,ERR1075141
34049.0,583,genus,0.00210748,Proteus,ERR1075141
34049.0,106633,genus,0.00210748,Thioalkalivibrio,ERR1075141
34049.0,642,genus,0.00210748,Aeromonas,ERR1075141
34049.0,84111,genus,0.00210748,Eggerthella,ERR1075141
34049.0,596499,genus,0.00210748,Nitriliruptor,ERR1075141
34049.0,157,genus,0.00210748,Treponema,ERR1075141
34049.0,84034,genus,0.00210748,Propionispira,ERR1075141
34049.0,626,genus,0.00210748,Xenorhabdus,ERR1075141
34049.0,413,genus,0.00210748,Methylococcus,ERR1075141
34049.0,84567,genus,0.00210748,Pedobacter,ERR1075141
34049.0,31983,genus,0.00210748,Helcococcus,ERR1075141
34049.0,119977,genus,0.00210748,Acidithiobacillus,ERR1075141
34049.0,830,genus,0.00210748,Butyrivibrio,ERR1075141
34049.0,2735,genus,0.00210748,Verrucomicrobium,ERR1075141
34049.0,1866885,genus,0.00210748,Mycobacterium fortuitum complex,ERR1075141
,-1,genus,63.4331,Unknown,ERR1075141
34049.0,816,genus,16.9947,Bacteroides,ERR1075141
34049.0,239934,genus,3.48577,Akkermansia,ERR1075141
34049.0,838,genus,2.99262,Prevotella,ERR1075141
34049.0,904,genus,2.65753,Acidaminococcus,ERR1075141
34049.0,216851,genus,1.84826,Faecalibacterium,ERR1075141
34049.0,165779,genus,0.760801,Anaerococcus,ERR1075141
34049.0,1716,genus,0.657534,Corynebacterium,ERR1075141
34049.0,194,genus,0.644889,Campylobacter,ERR1075141
34049.0,41273,genus,0.573235,Tissierella,ERR1075141
34049.0,1279388,genus,0.547945,Kandleria,ERR1075141
34049.0,375288,genus,0.448894,Parabacteroides,ERR1075141
34049.0,162289,genus,0.440464,Peptoniphilus,ERR1075141
34049.0,836,genus,0.406744,Porphyromonas,ERR1075141
34049.0,239759,genus,0.330875,Alistipes,ERR1075141
34049.0,459786,genus,0.305585,Oscillibacter,ERR1075141
34049.0,39948,genus,0.30137,Dialister,ERR1075141
34049.0,150022,genus,0.263435,Finegoldia,ERR1075141
34049.0,906,genus,0.25079,Megasphaera,ERR1075141
34049.0,1301,genus,0.23393,Streptococcus,ERR1075141
34049.0,848,genus,0.164384,Fusobacterium,ERR1075141
34049.0,590,genus,0.139094,Salmonella,ERR1075141
34049.0,1380,genus,0.126449,Atopobium,ERR1075141
34049.0,572511,genus,0.126449,Blautia,ERR1075141
34049.0,1506553,genus,0.120126,Lachnoclostridium,ERR1075141
34049.0,1257,genus,0.118019,Peptostreptococcus,ERR1075141
34049.0,35832,genus,0.113804,Bilophila,ERR1075141
34049.0,872,genus,0.109589,Desulfovibrio,ERR1075141
34049.0,2701,genus,0.107482,Gardnerella,ERR1075141
34049.0,561,genus,0.0800843,Escherichia,ERR1075141
34049.0,184869,genus,0.0800843,Varibaculum,ERR1075141
34049.0,2093,genus,0.0758693,Mycoplasma,ERR1075141
34049.0,1654,genus,0.0632244,Actinomyces,ERR1075141
34049.0,283168,genus,0.0632244,Odoribacter,ERR1075141
34049.0,168808,genus,0.061117,Sneathia,ERR1075141
34049.0,841,genus,0.0505796,Roseburia,ERR1075141
34049.0,86331,genus,0.0442571,Mogibacterium,ERR1075141
34049.0,1378,genus,0.0400422,Gemella,ERR1075141
34049.0,66831,genus,0.0379347,Facklamia,ERR1075141
34049.0,189330,genus,0.0379347,Dorea,ERR1075141
34049.0,1485,genus,0.0316122,Clostridium,ERR1075141
34049.0,1508657,genus,0.0316122,Ruminiclostridium,ERR1075141
34049.0,33042,genus,0.0316122,Coprococcus,ERR1075141
34049.0,577310,genus,0.0295047,Parasutterella,ERR1075141
34049.0,1573535,genus,0.0295047,Holdemanella,ERR1075141
34049.0,1505663,genus,0.0273973,Erysipelatoclostridium,ERR1075141
34049.0,1279,genus,0.0252898,Staphylococcus,ERR1075141
34049.0,1578,genus,0.0210748,Lactobacillus,ERR1075141
34049.0,46205,genus,0.0210748,Pseudobutyrivibrio,ERR1075141
34049.0,286,genus,0.0210748,Pseudomonas,ERR1075141
34049.0,1386,genus,0.0189673,Bacillus,ERR1075141
34049.0,61170,genus,0.0168599,Holdemania,ERR1075141
34049.0,52784,genus,0.0147524,Anaerofilum,ERR1075141
34049.0,1263,genus,0.0147524,Ruminococcus,ERR1075141
34049.0,2299,genus,0.0126449,Desulfosarcina,ERR1075141
34049.0,1730,genus,0.0105374,Eubacterium,ERR1075141
34049.0,497,genus,0.0105374,Psychrobacter,ERR1075141
34049.0,898,genus,0.0105374,Desulfomicrobium,ERR1075141
34049.0,620,genus,0.00842993,Shigella,ERR1075141
34049.0,397864,genus,0.00842993,Barnesiella,ERR1075141
34049.0,413496,genus,0.00632244,Cronobacter,ERR1075141
34049.0,57665,genus,0.00632244,Sulfurospirillum,ERR1075141
34049.0,244127,genus,0.00632244,Anaerotruncus,ERR1075141
34049.0,34037,genus,0.00632244,Rahnella,ERR1075141
34049.0,265980,genus,0.00632244,Alkalimonas,ERR1075141
34049.0,724,genus,0.00632244,Haemophilus,ERR1075141
34049.0,577309,genus,0.00632244,Paraprevotella,ERR1075141
34049.0,180541,genus,0.00632244,Salinisphaera,ERR1075141
34049.0,543311,genus,0.00632244,Parvimonas,ERR1075141
34049.0,28453,genus,0.00632244,Sphingobacterium,ERR1075141
34049.0,1827,genus,0.00632244,Rhodococcus,ERR1075141
34049.0,1678,genus,0.00632244,Bifidobacterium,ERR1075141
34049.0,102106,genus,0.00632244,Collinsella,ERR1075141
34049.0,332248,genus,0.00632244,Truepera,ERR1075141
34049.0,1350,genus,0.00421496,Enterococcus,ERR1075141
34049.0,518753,genus,0.00421496,Luteolibacter,ERR1075141
34049.0,39773,genus,0.00421496,Methylomicrobium,ERR1075141
34049.0,278993,genus,0.00421496,Thermincola,ERR1075141
34049.0,1236988,genus,0.00421496,Geofilum,ERR1075141
34049.0,702,genus,0.00210748,Plesiomonas,ERR1075141
34049.0,32207,genus,0.00210748,Rothia,ERR1075141
34049.0,570,genus,0.00210748,Klebsiella,ERR1075141
34049.0,501783,genus,0.00210748,Cloacibacterium,ERR1075141
34049.0,1471399,genus,0.00210748,Draconibacterium,ERR1075141
34049.0,37817,genus,0.00210748,Desulfuromusa,ERR1075141
34049.0,33986,genus,0.00210748,Exiguobacterium,ERR1075141
34049.0,349,genus,0.00210748,Zoogloea,ERR1075141
34049.0,713,genus,0.00210748,Actinobacillus,ERR1075141
34049.0,118747,genus,0.00210748,Bulleidia,ERR1075141
34049.0,2056,genus,0.00210748,Sphaerobacter,ERR1075141
34049.0,133925,genus,0.00210748,Olsenella,ERR1075141
34049.0,22,genus,0.00210748,Shewanella,ERR1075141
34049.0,2740,genus,0.00210748,Peptococcus,ERR1075141
34049.0,84108,genus,0.00210748,Slackia,ERR1075141
34049.0,642,genus,0.00210748,Aeromonas,ERR1075141
34049.0,84111,genus,0.00210748,Eggerthella,ERR1075141
34049.0,596499,genus,0.00210748,Nitriliruptor,ERR1075141
34049.0,157,genus,0.00210748,Treponema,ERR1075141
34049.0,583,genus,0.00210748,Proteus,ERR1075141
34049.0,106633,genus,0.00210748,Thioalkalivibrio,ERR1075141
34049.0,413,genus,0.00210748,Methylococcus,ERR1075141
34049.0,84567,genus,0.00210748,Pedobacter,ERR1075141
34049.0,31983,genus,0.00210748,Helcococcus,ERR1075141
34049.0,84034,genus,0.00210748,Propionispira,ERR1075141
34049.0,626,genus,0.00210748,Xenorhabdus,ERR1075141
34049.0,2735,genus,0.00210748,Verrucomicrobium,ERR1075141
34049.0,1866885,genus,0.00210748,Mycobacterium fortuitum complex,ERR1075141
34049.0,119977,genus,0.00210748,Acidithiobacillus,ERR1075141
34049.0,830,genus,0.00210748,Butyrivibrio,ERR1075141
34049.0,1408818,genus,0.00210748,Youngiibacter,ERR1075141
34049.0,1279384,genus,0.00210748,Eggerthia,ERR1075141
34049.0,1253,genus,0.00210748,Pediococcus,ERR1075141
34049.0,28138,genus,0.00210748,Rikenella,ERR1075141
34049.0,2147,genus,0.00210748,Acholeplasma,ERR1075141
34049.0,207244,genus,0.00210748,Anaerostipes,ERR1075141
34049.0,48463,genus,0.00210748,Prosthecobacter,ERR1075141
34049.0,629,genus,0.00210748,Yersinia,ERR1075141
34049.0,44748,genus,0.00210748,Sporobacter,ERR1075141
34049.0,1357,genus,0.00210748,Lactococcus,ERR1075141
34049.0,37914,genus,0.00210748,Dietzia,ERR1075141
34049.0,2717,genus,0.00210748,Cardiobacterium,ERR1075141
34049.0,55080,genus,0.00210748,Brevibacillus,ERR1075141
34049.0,202746,genus,0.00210748,Sulfurimonas,ERR1075141
34049.0,40544,genus,0.00210748,Sutterella,ERR1075141
34049.0,265570,genus,0.00210748,Sulfurovum,ERR1075141
34049.0,1870884,genus,0.00210748,Clostridioides,ERR1075141
34049.0,2742,genus,0.00210748,Marinobacter,ERR1075141
34049.0,29465,genus,0.00210748,Veillonella,ERR1075141
34049.0,79206,genus,0.00210748,Desulfosporosinus,ERR1075141
34049.0,59753,genus,0.00210748,Alcanivorax,ERR1075141
34049.0,61434,genus,0.00210748,Dehalococcoides,ERR1075141
34049.0,581,genus,0.00210748,Morganella,ERR1075141
34049.0,469,genus,0.00210748,Acinetobacter,ERR1075141
34049.0,1082702,genus,0.00210748,Lonsdalea,ERR1075141
34049.0,195950,genus,0.00210748,Tannerella,ERR1075141
34049.0,224465,genus,0.00210748,Kofleria,ERR1075141
34049.0,670486,genus,0.00210748,Dehalogenimonas,ERR1075141
,-1,genus,63.4331,Unknown,ERR1075141
34049.0,816,genus,16.9947,Bacteroides,ERR1075141
34049.0,239934,genus,3.48577,Akkermansia,ERR1075141
34049.0,838,genus,2.99262,Prevotella,ERR1075141
34049.0,904,genus,2.65753,Acidaminococcus,ERR1075141
34049.0,216851,genus,1.84826,Faecalibacterium,ERR1075141
34049.0,165779,genus,0.760801,Anaerococcus,ERR1075141
34049.0,1716,genus,0.657534,Corynebacterium,ERR1075141
34049.0,194,genus,0.644889,Campylobacter,ERR1075141
34049.0,41273,genus,0.573235,Tissierella,ERR1075141
34049.0,1279388,genus,0.547945,Kandleria,ERR1075141
34049.0,375288,genus,0.448894,Parabacteroides,ERR1075141
34049.0,162289,genus,0.440464,Peptoniphilus,ERR1075141
34049.0,836,genus,0.406744,Porphyromonas,ERR1075141
34049.0,239759,genus,0.330875,Alistipes,ERR1075141
34049.0,459786,genus,0.305585,Oscillibacter,ERR1075141
34049.0,39948,genus,0.30137,Dialister,ERR1075141
34049.0,150022,genus,0.263435,Finegoldia,ERR1075141
34049.0,906,genus,0.25079,Megasphaera,ERR1075141
34049.0,1301,genus,0.23393,Streptococcus,ERR1075141
34049.0,848,genus,0.164384,Fusobacterium,ERR1075141
34049.0,590,genus,0.139094,Salmonella,ERR1075141
34049.0,1380,genus,0.126449,Atopobium,ERR1075141
34049.0,572511,genus,0.126449,Blautia,ERR1075141
34049.0,1506553,genus,0.120126,Lachnoclostridium,ERR1075141
34049.0,1257,genus,0.118019,Peptostreptococcus,ERR1075141
34049.0,35832,genus,0.113804,Bilophila,ERR1075141
34049.0,872,genus,0.109589,Desulfovibrio,ERR1075141
34049.0,2701,genus,0.107482,Gardnerella,ERR1075141
34049.0,561,genus,0.0800843,Escherichia,ERR1075141
34049.0,184869,genus,0.0800843,Varibaculum,ERR1075141
34049.0,2093,genus,0.0758693,Mycoplasma,ERR1075141
34049.0,283168,genus,0.0632244,Odoribacter,ERR1075141
34049.0,1654,genus,0.0632244,Actinomyces,ERR1075141
34049.0,168808,genus,0.061117,Sneathia,ERR1075141
34049.0,841,genus,0.0505796,Roseburia,ERR1075141
34049.0,86331,genus,0.0442571,Mogibacterium,ERR1075141
34049.0,1378,genus,0.0400422,Gemella,ERR1075141
34049.0,189330,genus,0.0379347,Dorea,ERR1075141
34049.0,66831,genus,0.0379347,Facklamia,ERR1075141
34049.0,1485,genus,0.0316122,Clostridium,ERR1075141
34049.0,1508657,genus,0.0316122,Ruminiclostridium,ERR1075141
34049.0,33042,genus,0.0316122,Coprococcus,ERR1075141
34049.0,1573535,genus,0.0295047,Holdemanella,ERR1075141
34049.0,577310,genus,0.0295047,Parasutterella,ERR1075141
34049.0,1505663,genus,0.0273973,Erysipelatoclostridium,ERR1075141
34049.0,1279,genus,0.0252898,Staphylococcus,ERR1075141
34049.0,1578,genus,0.0210748,Lactobacillus,ERR1075141
34049.0,46205,genus,0.0210748,Pseudobutyrivibrio,ERR1075141
34049.0,286,genus,0.0210748,Pseudomonas,ERR1075141
34049.0,1386,genus,0.0189673,Bacillus,ERR1075141
34049.0,61170,genus,0.0168599,Holdemania,ERR1075141
34049.0,52784,genus,0.0147524,Anaerofilum,ERR1075141
34049.0,1263,genus,0.0147524,Ruminococcus,ERR1075141
34049.0,2299,genus,0.0126449,Desulfosarcina,ERR1075141
34049.0,497,genus,0.0105374,Psychrobacter,ERR1075141
34049.0,898,genus,0.0105374,Desulfomicrobium,ERR1075141
34049.0,1730,genus,0.0105374,Eubacterium,ERR1075141
34049.0,620,genus,0.00842993,Shigella,ERR1075141
34049.0,397864,genus,0.00842993,Barnesiella,ERR1075141
34049.0,265980,genus,0.00632244,Alkalimonas,ERR1075141
34049.0,724,genus,0.00632244,Haemophilus,ERR1075141
34049.0,577309,genus,0.00632244,Paraprevotella,ERR1075141
34049.0,180541,genus,0.00632244,Salinisphaera,ERR1075141
34049.0,543311,genus,0.00632244,Parvimonas,ERR1075141
34049.0,28453,genus,0.00632244,Sphingobacterium,ERR1075141
34049.0,1827,genus,0.00632244,Rhodococcus,ERR1075141
34049.0,1678,genus,0.00632244,Bifidobacterium,ERR1075141
34049.0,102106,genus,0.00632244,Collinsella,ERR1075141
34049.0,332248,genus,0.00632244,Truepera,ERR1075141
34049.0,413496,genus,0.00632244,Cronobacter,ERR1075141
34049.0,57665,genus,0.00632244,Sulfurospirillum,ERR1075141
34049.0,244127,genus,0.00632244,Anaerotruncus,ERR1075141
34049.0,34037,genus,0.00632244,Rahnella,ERR1075141
34049.0,518753,genus,0.00421496,Luteolibacter,ERR1075141
34049.0,39773,genus,0.00421496,Methylomicrobium,ERR1075141
34049.0,278993,genus,0.00421496,Thermincola,ERR1075141
34049.0,1236988,genus,0.00421496,Geofilum,ERR1075141
34049.0,1350,genus,0.00421496,Enterococcus,ERR1075141
34049.0,2056,genus,0.00210748,Sphaerobacter,ERR1075141
34049.0,133925,genus,0.00210748,Olsenella,ERR1075141
34049.0,22,genus,0.00210748,Shewanella,ERR1075141
34049.0,2740,genus,0.00210748,Peptococcus,ERR1075141
34049.0,84108,genus,0.00210748,Slackia,ERR1075141
34049.0,642,genus,0.00210748,Aeromonas,ERR1075141
34049.0,84111,genus,0.00210748,Eggerthella,ERR1075141
34049.0,596499,genus,0.00210748,Nitriliruptor,ERR1075141
34049.0,157,genus,0.00210748,Treponema,ERR1075141
34049.0,583,genus,0.00210748,Proteus,ERR1075141
34049.0,106633,genus,0.00210748,Thioalkalivibrio,ERR1075141
34049.0,413,genus,0.00210748,Methylococcus,ERR1075141
34049.0,84567,genus,0.00210748,Pedobacter,ERR1075141
34049.0,31983,genus,0.00210748,Helcococcus,ERR1075141
34049.0,84034,genus,0.00210748,Propionispira,ERR1075141
34049.0,626,genus,0.00210748,Xenorhabdus,ERR1075141
34049.0,2735,genus,0.00210748,Verrucomicrobium,ERR1075141
34049.0,1866885,genus,0.00210748,Mycobacterium fortuitum complex,ERR1075141
34049.0,119977,genus,0.00210748,Acidithiobacillus,ERR1075141
34049.0,830,genus,0.00210748,Butyrivibrio,ERR1075141
34049.0,1408818,genus,0.00210748,Youngiibacter,ERR1075141
34049.0,1279384,genus,0.00210748,Eggerthia,ERR1075141
34049.0,1253,genus,0.00210748,Pediococcus,ERR1075141
34049.0,28138,genus,0.00210748,Rikenella,ERR1075141
34049.0,2147,genus,0.00210748,Acholeplasma,ERR1075141
34049.0,207244,genus,0.00210748,Anaerostipes,ERR1075141
34049.0,48463,genus,0.00210748,Prosthecobacter,ERR1075141
34049.0,629,genus,0.00210748,Yersinia,ERR1075141
34049.0,44748,genus,0.00210748,Sporobacter,ERR1075141
34049.0,1357,genus,0.00210748,Lactococcus,ERR1075141
34049.0,37914,genus,0.00210748,Dietzia,ERR1075141
34049.0,2717,genus,0.00210748,Cardiobacterium,ERR1075141
34049.0,55080,genus,0.00210748,Brevibacillus,ERR1075141
34049.0,202746,genus,0.00210748,Sulfurimonas,ERR1075141
34049.0,40544,genus,0.00210748,Sutterella,ERR1075141
34049.0,265570,genus,0.00210748,Sulfurovum,ERR1075141
34049.0,1870884,genus,0.00210748,Clostridioides,ERR1075141
34049.0,2742,genus,0.00210748,Marinobacter,ERR1075141
34049.0,29465,genus,0.00210748,Veillonella,ERR1075141
34049.0,79206,genus,0.00210748,Desulfosporosinus,ERR1075141
34049.0,59753,genus,0.00210748,Alcanivorax,ERR1075141
34049.0,61434,genus,0.00210748,Dehalococcoides,ERR1075141
34049.0,581,genus,0.00210748,Morganella,ERR1075141
34049.0,469,genus,0.00210748,Acinetobacter,ERR1075141
34049.0,1082702,genus,0.00210748,Lonsdalea,ERR1075141
34049.0,195950,genus,0.00210748,Tannerella,ERR1075141
34049.0,224465,genus,0.00210748,Kofleria,ERR1075141
34049.0,670486,genus,0.00210748,Dehalogenimonas,ERR1075141
34049.0,702,genus,0.00210748,Plesiomonas,ERR1075141
34049.0,32207,genus,0.00210748,Rothia,ERR1075141
34049.0,570,genus,0.00210748,Klebsiella,ERR1075141
34049.0,501783,genus,0.00210748,Cloacibacterium,ERR1075141
34049.0,1471399,genus,0.00210748,Draconibacterium,ERR1075141
34049.0,37817,genus,0.00210748,Desulfuromusa,ERR1075141
34049.0,33986,genus,0.00210748,Exiguobacterium,ERR1075141
34049.0,349,genus,0.00210748,Zoogloea,ERR1075141
34049.0,713,genus,0.00210748,Actinobacillus,ERR1075141
34049.0,118747,genus,0.00210748,Bulleidia,ERR1075141
,-1,genus,63.4331,Unknown,ERR1075141
34049.0,816,genus,16.9947,Bacteroides,ERR1075141
34049.0,239934,genus,3.48577,Akkermansia,ERR1075141
34049.0,838,genus,2.99262,Prevotella,ERR1075141
34049.0,904,genus,2.65753,Acidaminococcus,ERR1075141
34049.0,216851,genus,1.84826,Faecalibacterium,ERR1075141
34049.0,165779,genus,0.760801,Anaerococcus,ERR1075141
34049.0,1716,genus,0.657534,Corynebacterium,ERR1075141
34049.0,194,genus,0.644889,Campylobacter,ERR1075141
34049.0,41273,genus,0.573235,Tissierella,ERR1075141
34049.0,1279388,genus,0.547945,Kandleria,ERR1075141
34049.0,375288,genus,0.448894,Parabacteroides,ERR1075141
34049.0,162289,genus,0.440464,Peptoniphilus,ERR1075141
34049.0,836,genus,0.406744,Porphyromonas,ERR1075141
34049.0,239759,genus,0.330875,Alistipes,ERR1075141
34049.0,459786,genus,0.305585,Oscillibacter,ERR1075141
34049.0,39948,genus,0.30137,Dialister,ERR1075141
34049.0,150022,genus,0.263435,Finegoldia,ERR1075141
34049.0,906,genus,0.25079,Megasphaera,ERR1075141
34049.0,1301,genus,0.23393,Streptococcus,ERR1075141
34049.0,848,genus,0.164384,Fusobacterium,ERR1075141
34049.0,590,genus,0.139094,Salmonella,ERR1075141
34049.0,1380,genus,0.126449,Atopobium,ERR1075141
34049.0,572511,genus,0.126449,Blautia,ERR1075141
34049.0,1506553,genus,0.120126,Lachnoclostridium,ERR1075141
34049.0,1257,genus,0.118019,Peptostreptococcus,ERR1075141
34049.0,35832,genus,0.113804,Bilophila,ERR1075141
34049.0,872,genus,0.109589,Desulfovibrio,ERR1075141
34049.0,2701,genus,0.107482,Gardnerella,ERR1075141
34049.0,561,genus,0.0800843,Escherichia,ERR1075141
34049.0,184869,genus,0.0800843,Varibaculum,ERR1075141
34049.0,2093,genus,0.0758693,Mycoplasma,ERR1075141
34049.0,283168,genus,0.0632244,Odoribacter,ERR1075141
34049.0,1654,genus,0.0632244,Actinomyces,ERR1075141
34049.0,168808,genus,0.061117,Sneathia,ERR1075141
34049.0,841,genus,0.0505796,Roseburia,ERR1075141
34049.0,86331,genus,0.0442571,Mogibacterium,ERR1075141
34049.0,1378,genus,0.0400422,Gemella,ERR1075141
34049.0,66831,genus,0.0379347,Facklamia,ERR1075141
34049.0,189330,genus,0.0379347,Dorea,ERR1075141
34049.0,1485,genus,0.0316122,Clostridium,ERR1075141
34049.0,1508657,genus,0.0316122,Ruminiclostridium,ERR1075141
34049.0,33042,genus,0.0316122,Coprococcus,ERR1075141
34049.0,1573535,genus,0.0295047,Holdemanella,ERR1075141
34049.0,577310,genus,0.0295047,Parasutterella,ERR1075141
34049.0,1505663,genus,0.0273973,Erysipelatoclostridium,ERR1075141
34049.0,1279,genus,0.0252898,Staphylococcus,ERR1075141
34049.0,1578,genus,0.0210748,Lactobacillus,ERR1075141
34049.0,46205,genus,0.0210748,Pseudobutyrivibrio,ERR1075141
34049.0,286,genus,0.0210748,Pseudomonas,ERR1075141
34049.0,1386,genus,0.0189673,Bacillus,ERR1075141
34049.0,61170,genus,0.0168599,Holdemania,ERR1075141
34049.0,52784,genus,0.0147524,Anaerofilum,ERR1075141
34049.0,1263,genus,0.0147524,Ruminococcus,ERR1075141
34049.0,2299,genus,0.0126449,Desulfosarcina,ERR1075141
34049.0,497,genus,0.0105374,Psychrobacter,ERR1075141
34049.0,898,genus,0.0105374,Desulfomicrobium,ERR1075141
34049.0,1730,genus,0.0105374,Eubacterium,ERR1075141
34049.0,620,genus,0.00842993,Shigella,ERR1075141
34049.0,397864,genus,0.00842993,Barnesiella,ERR1075141
34049.0,577309,genus,0.00632244,Paraprevotella,ERR1075141
34049.0,724,genus,0.00632244,Haemophilus,ERR1075141
34049.0,180541,genus,0.00632244,Salinisphaera,ERR1075141
34049.0,543311,genus,0.00632244,Parvimonas,ERR1075141
34049.0,1827,genus,0.00632244,Rhodococcus,ERR1075141
34049.0,28453,genus,0.00632244,Sphingobacterium,ERR1075141
34049.0,1678,genus,0.00632244,Bifidobacterium,ERR1075141
34049.0,102106,genus,0.00632244,Collinsella,ERR1075141
34049.0,332248,genus,0.00632244,Truepera,ERR1075141
34049.0,413496,genus,0.00632244,Cronobacter,ERR1075141
34049.0,244127,genus,0.00632244,Anaerotruncus,ERR1075141
34049.0,34037,genus,0.00632244,Rahnella,ERR1075141
34049.0,57665,genus,0.00632244,Sulfurospirillum,ERR1075141
34049.0,265980,genus,0.00632244,Alkalimonas,ERR1075141
34049.0,278993,genus,0.00421496,Thermincola,ERR1075141
34049.0,1236988,genus,0.00421496,Geofilum,ERR1075141
34049.0,1350,genus,0.00421496,Enterococcus,ERR1075141
34049.0,518753,genus,0.00421496,Luteolibacter,ERR1075141
34049.0,39773,genus,0.00421496,Methylomicrobium,ERR1075141
34049.0,1866885,genus,0.00210748,Mycobacterium fortuitum complex,ERR1075141
34049.0,119977,genus,0.00210748,Acidithiobacillus,ERR1075141
34049.0,830,genus,0.00210748,Butyrivibrio,ERR1075141
34049.0,2735,genus,0.00210748,Verrucomicrobium,ERR1075141
34049.0,1408818,genus,0.00210748,Youngiibacter,ERR1075141
34049.0,1279384,genus,0.00210748,Eggerthia,ERR1075141
34049.0,2147,genus,0.00210748,Acholeplasma,ERR1075141
34049.0,1253,genus,0.00210748,Pediococcus,ERR1075141
34049.0,28138,genus,0.00210748,Rikenella,ERR1075141
34049.0,207244,genus,0.00210748,Anaerostipes,ERR1075141
34049.0,48463,genus,0.00210748,Prosthecobacter,ERR1075141
34049.0,44748,genus,0.00210748,Sporobacter,ERR1075141
34049.0,1357,genus,0.00210748,Lactococcus,ERR1075141
34049.0,629,genus,0.00210748,Yersinia,ERR1075141
34049.0,2717,genus,0.00210748,Cardiobacterium,ERR1075141
34049.0,55080,genus,0.00210748,Brevibacillus,ERR1075141
34049.0,202746,genus,0.00210748,Sulfurimonas,ERR1075141
34049.0,40544,genus,0.00210748,Sutterella,ERR1075141
34049.0,37914,genus,0.00210748,Dietzia,ERR1075141
34049.0,1870884,genus,0.00210748,Clostridioides,ERR1075141
34049.0,2742,genus,0.00210748,Marinobacter,ERR1075141
34049.0,29465,genus,0.00210748,Veillonella,ERR1075141
34049.0,265570,genus,0.00210748,Sulfurovum,ERR1075141
34049.0,79206,genus,0.00210748,Desulfosporosinus,ERR1075141
34049.0,59753,genus,0.00210748,Alcanivorax,ERR1075141
34049.0,581,genus,0.00210748,Morganella,ERR1075141
34049.0,469,genus,0.00210748,Acinetobacter,ERR1075141
34049.0,1082702,genus,0.00210748,Lonsdalea,ERR1075141
34049.0,61434,genus,0.00210748,Dehalococcoides,ERR1075141
34049.0,224465,genus,0.00210748,Kofleria,ERR1075141
34049.0,670486,genus,0.00210748,Dehalogenimonas,ERR1075141
34049.0,195950,genus,0.00210748,Tannerella,ERR1075141
34049.0,702,genus,0.00210748,Plesiomonas,ERR1075141
34049.0,32207,genus,0.00210748,Rothia,ERR1075141
34049.0,37817,genus,0.00210748,Desulfuromusa,ERR1075141
34049.0,33986,genus,0.00210748,Exiguobacterium,ERR1075141
34049.0,570,genus,0.00210748,Klebsiella,ERR1075141
34049.0,501783,genus,0.00210748,Cloacibacterium,ERR1075141
34049.0,1471399,genus,0.00210748,Draconibacterium,ERR1075141
34049.0,349,genus,0.00210748,Zoogloea,ERR1075141
34049.0,713,genus,0.00210748,Actinobacillus,ERR1075141
34049.0,118747,genus,0.00210748,Bulleidia,ERR1075141
34049.0,22,genus,0.00210748,Shewanella,ERR1075141
34049.0,2740,genus,0.00210748,Peptococcus,ERR1075141
34049.0,84108,genus,0.00210748,Slackia,ERR1075141
34049.0,2056,genus,0.00210748,Sphaerobacter,ERR1075141
34049.0,133925,genus,0.00210748,Olsenella,ERR1075141
34049.0,157,genus,0.00210748,Treponema,ERR1075141
34049.0,583,genus,0.00210748,Proteus,ERR1075141
34049.0,106633,genus,0.00210748,Thioalkalivibrio,ERR1075141
34049.0,642,genus,0.00210748,Aeromonas,ERR1075141
34049.0,84111,genus,0.00210748,Eggerthella,ERR1075141
34049.0,596499,genus,0.00210748,Nitriliruptor,ERR1075141
34049.0,84034,genus,0.00210748,Propionispira,ERR1075141
34049.0,626,genus,0.00210748,Xenorhabdus,ERR1075141
34049.0,413,genus,0.00210748,Methylococcus,ERR1075141
34049.0,84567,genus,0.00210748,Pedobacter,ERR1075141
34049.0,31983,genus,0.00210748,Helcococcus,ERR1075141
,-1,genus,63.4331,Unknown,ERR1075141
34049.0,816,genus,16.9947,Bacteroides,ERR1075141
34049.0,239934,genus,3.48577,Akkermansia,ERR1075141
34049.0,838,genus,2.99262,Prevotella,ERR1075141
34049.0,904,genus,2.65753,Acidaminococcus,ERR1075141
34049.0,216851,genus,1.84826,Faecalibacterium,ERR1075141
34049.0,165779,genus,0.760801,Anaerococcus,ERR1075141
34049.0,1716,genus,0.657534,Corynebacterium,ERR1075141
34049.0,194,genus,0.644889,Campylobacter,ERR1075141
34049.0,41273,genus,0.573235,Tissierella,ERR1075141
34049.0,1279388,genus,0.547945,Kandleria,ERR1075141
34049.0,375288,genus,0.448894,Parabacteroides,ERR1075141
34049.0,162289,genus,0.440464,Peptoniphilus,ERR1075141
34049.0,836,genus,0.406744,Porphyromonas,ERR1075141
34049.0,239759,genus,0.330875,Alistipes,ERR1075141
34049.0,459786,genus,0.305585,Oscillibacter,ERR1075141
34049.0,39948,genus,0.30137,Dialister,ERR1075141
34049.0,150022,genus,0.263435,Finegoldia,ERR1075141
34049.0,906,genus,0.25079,Megasphaera,ERR1075141
34049.0,1301,genus,0.23393,Streptococcus,ERR1075141
34049.0,848,genus,0.164384,Fusobacterium,ERR1075141
34049.0,590,genus,0.139094,Salmonella,ERR1075141
34049.0,1380,genus,0.126449,Atopobium,ERR1075141
34049.0,572511,genus,0.126449,Blautia,ERR1075141
34049.0,1506553,genus,0.120126,Lachnoclostridium,ERR1075141
34049.0,1257,genus,0.118019,Peptostreptococcus,ERR1075141
34049.0,35832,genus,0.113804,Bilophila,ERR1075141
34049.0,872,genus,0.109589,Desulfovibrio,ERR1075141
34049.0,2701,genus,0.107482,Gardnerella,ERR1075141
34049.0,561,genus,0.0800843,Escherichia,ERR1075141
34049.0,184869,genus,0.0800843,Varibaculum,ERR1075141
34049.0,2093,genus,0.0758693,Mycoplasma,ERR1075141
34049.0,283168,genus,0.0632244,Odoribacter,ERR1075141
34049.0,1654,genus,0.0632244,Actinomyces,ERR1075141
34049.0,168808,genus,0.061117,Sneathia,ERR1075141
34049.0,841,genus,0.0505796,Roseburia,ERR1075141
34049.0,86331,genus,0.0442571,Mogibacterium,ERR1075141
34049.0,1378,genus,0.0400422,Gemella,ERR1075141
34049.0,189330,genus,0.0379347,Dorea,ERR1075141
34049.0,66831,genus,0.0379347,Facklamia,ERR1075141
34049.0,1485,genus,0.0316122,Clostridium,ERR1075141
34049.0,1508657,genus,0.0316122,Ruminiclostridium,ERR1075141
34049.0,33042,genus,0.0316122,Coprococcus,ERR1075141
34049.0,1573535,genus,0.0295047,Holdemanella,ERR1075141
34049.0,577310,genus,0.0295047,Parasutterella,ERR1075141
34049.0,1505663,genus,0.0273973,Erysipelatoclostridium,ERR1075141
34049.0,1279,genus,0.0252898,Staphylococcus,ERR1075141
34049.0,1578,genus,0.0210748,Lactobacillus,ERR1075141
34049.0,46205,genus,0.0210748,Pseudobutyrivibrio,ERR1075141
34049.0,286,genus,0.0210748,Pseudomonas,ERR1075141
34049.0,1386,genus,0.0189673,Bacillus,ERR1075141
34049.0,61170,genus,0.0168599,Holdemania,ERR1075141
34049.0,52784,genus,0.0147524,Anaerofilum,ERR1075141
34049.0,1263,genus,0.0147524,Ruminococcus,ERR1075141
34049.0,2299,genus,0.0126449,Desulfosarcina,ERR1075141
34049.0,497,genus,0.0105374,Psychrobacter,ERR1075141
34049.0,898,genus,0.0105374,Desulfomicrobium,ERR1075141
34049.0,1730,genus,0.0105374,Eubacterium,ERR1075141
34049.0,620,genus,0.00842993,Shigella,ERR1075141
34049.0,397864,genus,0.00842993,Barnesiella,ERR1075141
34049.0,724,genus,0.00632244,Haemophilus,ERR1075141
34049.0,577309,genus,0.00632244,Paraprevotella,ERR1075141
34049.0,180541,genus,0.00632244,Salinisphaera,ERR1075141
34049.0,543311,genus,0.00632244,Parvimonas,ERR1075141
34049.0,28453,genus,0.00632244,Sphingobacterium,ERR1075141
34049.0,1827,genus,0.00632244,Rhodococcus,ERR1075141
34049.0,1678,genus,0.00632244,Bifidobacterium,ERR1075141
34049.0,102106,genus,0.00632244,Collinsella,ERR1075141
34049.0,332248,genus,0.00632244,Truepera,ERR1075141
34049.0,413496,genus,0.00632244,Cronobacter,ERR1075141
34049.0,57665,genus,0.00632244,Sulfurospirillum,ERR1075141
34049.0,244127,genus,0.00632244,Anaerotruncus,ERR1075141
34049.0,34037,genus,0.00632244,Rahnella,ERR1075141
34049.0,265980,genus,0.00632244,Alkalimonas,ERR1075141
34049.0,518753,genus,0.00421496,Luteolibacter,ERR1075141
34049.0,39773,genus,0.00421496,Methylomicrobium,ERR1075141
34049.0,278993,genus,0.00421496,Thermincola,ERR1075141
34049.0,1236988,genus,0.00421496,Geofilum,ERR1075141
34049.0,1350,genus,0.00421496,Enterococcus,ERR1075141
34049.0,642,genus,0.00210748,Aeromonas,ERR1075141
34049.0,84111,genus,0.00210748,Eggerthella,ERR1075141
34049.0,596499,genus,0.00210748,Nitriliruptor,ERR1075141
34049.0,157,genus,0.00210748,Treponema,ERR1075141
34049.0,583,genus,0.00210748,Proteus,ERR1075141
34049.0,106633,genus,0.00210748,Thioalkalivibrio,ERR1075141
34049.0,413,genus,0.00210748,Methylococcus,ERR1075141
34049.0,84567,genus,0.00210748,Pedobacter,ERR1075141
34049.0,31983,genus,0.00210748,Helcococcus,ERR1075141
34049.0,84034,genus,0.00210748,Propionispira,ERR1075141
34049.0,626,genus,0.00210748,Xenorhabdus,ERR1075141
34049.0,2735,genus,0.00210748,Verrucomicrobium,ERR1075141
34049.0,1866885,genus,0.00210748,Mycobacterium fortuitum complex,ERR1075141
34049.0,119977,genus,0.00210748,Acidithiobacillus,ERR1075141
34049.0,830,genus,0.00210748,Butyrivibrio,ERR1075141
34049.0,1408818,genus,0.00210748,Youngiibacter,ERR1075141
34049.0,1279384,genus,0.00210748,Eggerthia,ERR1075141
34049.0,1253,genus,0.00210748,Pediococcus,ERR1075141
34049.0,28138,genus,0.00210748,Rikenella,ERR1075141
34049.0,2147,genus,0.00210748,Acholeplasma,ERR1075141
34049.0,207244,genus,0.00210748,Anaerostipes,ERR1075141
34049.0,48463,genus,0.00210748,Prosthecobacter,ERR1075141
34049.0,629,genus,0.00210748,Yersinia,ERR1075141
34049.0,44748,genus,0.00210748,Sporobacter,ERR1075141
34049.0,1357,genus,0.00210748,Lactococcus,ERR1075141
34049.0,37914,genus,0.00210748,Dietzia,ERR1075141
34049.0,2717,genus,0.00210748,Cardiobacterium,ERR1075141
34049.0,55080,genus,0.00210748,Brevibacillus,ERR1075141
34049.0,202746,genus,0.00210748,Sulfurimonas,ERR1075141
34049.0,40544,genus,0.00210748,Sutterella,ERR1075141
34049.0,265570,genus,0.00210748,Sulfurovum,ERR1075141
34049.0,1870884,genus,0.00210748,Clostridioides,ERR1075141
34049.0,2742,genus,0.00210748,Marinobacter,ERR1075141
34049.0,29465,genus,0.00210748,Veillonella,ERR1075141
34049.0,79206,genus,0.00210748,Desulfosporosinus,ERR1075141
34049.0,59753,genus,0.00210748,Alcanivorax,ERR1075141
34049.0,61434,genus,0.00210748,Dehalococcoides,ERR1075141
34049.0,581,genus,0.00210748,Morganella,ERR1075141
34049.0,469,genus,0.00210748,Acinetobacter,ERR1075141
34049.0,1082702,genus,0.00210748,Lonsdalea,ERR1075141
34049.0,195950,genus,0.00210748,Tannerella,ERR1075141
34049.0,224465,genus,0.00210748,Kofleria,ERR1075141
34049.0,670486,genus,0.00210748,Dehalogenimonas,ERR1075141
34049.0,702,genus,0.00210748,Plesiomonas,ERR1075141
34049.0,32207,genus,0.00210748,Rothia,ERR1075141
34049.0,570,genus,0.00210748,Klebsiella,ERR1075141
34049.0,501783,genus,0.00210748,Cloacibacterium,ERR1075141
34049.0,1471399,genus,0.00210748,Draconibacterium,ERR1075141
34049.0,37817,genus,0.00210748,Desulfuromusa,ERR1075141
34049.0,33986,genus,0.00210748,Exiguobacterium,ERR1075141
34049.0,349,genus,0.00210748,Zoogloea,ERR1075141
34049.0,713,genus,0.00210748,Actinobacillus,ERR1075141
34049.0,118747,genus,0.00210748,Bulleidia,ERR1075141
34049.0,2056,genus,0.00210748,Sphaerobacter,ERR1075141
34049.0,133925,genus,0.00210748,Olsenella,ERR1075141
34049.0,22,genus,0.00210748,Shewanella,ERR1075141
34049.0,2740,genus,0.00210748,Peptococcus,ERR1075141
34049.0,84108,genus,0.00210748,Slackia,ERR1075141
,-1,genus,63.4331,Unknown,ERR1075141
34049.0,816,genus,16.9947,Bacteroides,ERR1075141
34049.0,239934,genus,3.48577,Akkermansia,ERR1075141
34049.0,838,genus,2.99262,Prevotella,ERR1075141
34049.0,904,genus,2.65753,Acidaminococcus,ERR1075141
34049.0,216851,genus,1.84826,Faecalibacterium,ERR1075141
34049.0,165779,genus,0.760801,Anaerococcus,ERR1075141
34049.0,1716,genus,0.657534,Corynebacterium,ERR1075141
34049.0,194,genus,0.644889,Campylobacter,ERR1075141
34049.0,41273,genus,0.573235,Tissierella,ERR1075141
34049.0,1279388,genus,0.547945,Kandleria,ERR1075141
34049.0,375288,genus,0.448894,Parabacteroides,ERR1075141
34049.0,162289,genus,0.440464,Peptoniphilus,ERR1075141
34049.0,836,genus,0.406744,Porphyromonas,ERR1075141
34049.0,239759,genus,0.330875,Alistipes,ERR1075141
34049.0,459786,genus,0.305585,Oscillibacter,ERR1075141
34049.0,39948,genus,0.30137,Dialister,ERR1075141
34049.0,150022,genus,0.263435,Finegoldia,ERR1075141
34049.0,906,genus,0.25079,Megasphaera,ERR1075141
34049.0,1301,genus,0.23393,Streptococcus,ERR1075141
34049.0,848,genus,0.164384,Fusobacterium,ERR1075141
34049.0,590,genus,0.139094,Salmonella,ERR1075141
34049.0,1380,genus,0.126449,Atopobium,ERR1075141
34049.0,572511,genus,0.126449,Blautia,ERR1075141
34049.0,1506553,genus,0.120126,Lachnoclostridium,ERR1075141
34049.0,1257,genus,0.118019,Peptostreptococcus,ERR1075141
34049.0,35832,genus,0.113804,Bilophila,ERR1075141
34049.0,872,genus,0.109589,Desulfovibrio,ERR1075141
34049.0,2701,genus,0.107482,Gardnerella,ERR1075141
34049.0,561,genus,0.0800843,Escherichia,ERR1075141
34049.0,184869,genus,0.0800843,Varibaculum,ERR1075141
34049.0,2093,genus,0.0758693,Mycoplasma,ERR1075141
34049.0,283168,genus,0.0632244,Odoribacter,ERR1075141
34049.0,1654,genus,0.0632244,Actinomyces,ERR1075141
34049.0,168808,genus,0.061117,Sneathia,ERR1075141
34049.0,841,genus,0.0505796,Roseburia,ERR1075141
34049.0,86331,genus,0.0442571,Mogibacterium,ERR1075141
34049.0,1378,genus,0.0400422,Gemella,ERR1075141
34049.0,189330,genus,0.0379347,Dorea,ERR1075141
34049.0,66831,genus,0.0379347,Facklamia,ERR1075141
34049.0,1485,genus,0.0316122,Clostridium,ERR1075141
34049.0,1508657,genus,0.0316122,Ruminiclostridium,ERR1075141
34049.0,33042,genus,0.0316122,Coprococcus,ERR1075141
34049.0,1573535,genus,0.0295047,Holdemanella,ERR1075141
34049.0,577310,genus,0.0295047,Parasutterella,ERR1075141
34049.0,1505663,genus,0.0273973,Erysipelatoclostridium,ERR1075141
34049.0,1279,genus,0.0252898,Staphylococcus,ERR1075141
34049.0,1578,genus,0.0210748,Lactobacillus,ERR1075141
34049.0,46205,genus,0.0210748,Pseudobutyrivibrio,ERR1075141
34049.0,286,genus,0.0210748,Pseudomonas,ERR1075141
34049.0,1386,genus,0.0189673,Bacillus,ERR1075141
34049.0,61170,genus,0.0168599,Holdemania,ERR1075141
34049.0,52784,genus,0.0147524,Anaerofilum,ERR1075141
34049.0,1263,genus,0.0147524,Ruminococcus,ERR1075141
34049.0,2299,genus,0.0126449,Desulfosarcina,ERR1075141
34049.0,497,genus,0.0105374,Psychrobacter,ERR1075141
34049.0,898,genus,0.0105374,Desulfomicrobium,ERR1075141
34049.0,1730,genus,0.0105374,Eubacterium,ERR1075141
34049.0,620,genus,0.00842993,Shigella,ERR1075141
34049.0,397864,genus,0.00842993,Barnesiella,ERR1075141
34049.0,57665,genus,0.00632244,Sulfurospirillum,ERR1075141
34049.0,244127,genus,0.00632244,Anaerotruncus,ERR1075141
34049.0,34037,genus,0.00632244,Rahnella,ERR1075141
34049.0,265980,genus,0.00632244,Alkalimonas,ERR1075141
34049.0,724,genus,0.00632244,Haemophilus,ERR1075141
34049.0,577309,genus,0.00632244,Paraprevotella,ERR1075141
34049.0,180541,genus,0.00632244,Salinisphaera,ERR1075141
34049.0,543311,genus,0.00632244,Parvimonas,ERR1075141
34049.0,28453,genus,0.00632244,Sphingobacterium,ERR1075141
34049.0,1827,genus,0.00632244,Rhodococcus,ERR1075141
34049.0,1678,genus,0.00632244,Bifidobacterium,ERR1075141
34049.0,102106,genus,0.00632244,Collinsella,ERR1075141
34049.0,332248,genus,0.00632244,Truepera,ERR1075141
34049.0,413496,genus,0.00632244,Cronobacter,ERR1075141
34049.0,518753,genus,0.00421496,Luteolibacter,ERR1075141
34049.0,39773,genus,0.00421496,Methylomicrobium,ERR1075141
34049.0,278993,genus,0.00421496,Thermincola,ERR1075141
34049.0,1236988,genus,0.00421496,Geofilum,ERR1075141
34049.0,1350,genus,0.00421496,Enterococcus,ERR1075141
34049.0,349,genus,0.00210748,Zoogloea,ERR1075141
34049.0,713,genus,0.00210748,Actinobacillus,ERR1075141
34049.0,118747,genus,0.00210748,Bulleidia,ERR1075141
34049.0,2056,genus,0.00210748,Sphaerobacter,ERR1075141
34049.0,133925,genus,0.00210748,Olsenella,ERR1075141
34049.0,22,genus,0.00210748,Shewanella,ERR1075141
34049.0,2740,genus,0.00210748,Peptococcus,ERR1075141
34049.0,84108,genus,0.00210748,Slackia,ERR1075141
34049.0,642,genus,0.00210748,Aeromonas,ERR1075141
34049.0,84111,genus,0.00210748,Eggerthella,ERR1075141
34049.0,596499,genus,0.00210748,Nitriliruptor,ERR1075141
34049.0,157,genus,0.00210748,Treponema,ERR1075141
34049.0,583,genus,0.00210748,Proteus,ERR1075141
34049.0,106633,genus,0.00210748,Thioalkalivibrio,ERR1075141
34049.0,413,genus,0.00210748,Methylococcus,ERR1075141
34049.0,84567,genus,0.00210748,Pedobacter,ERR1075141
34049.0,31983,genus,0.00210748,Helcococcus,ERR1075141
34049.0,84034,genus,0.00210748,Propionispira,ERR1075141
34049.0,626,genus,0.00210748,Xenorhabdus,ERR1075141
34049.0,2735,genus,0.00210748,Verrucomicrobium,ERR1075141
34049.0,1866885,genus,0.00210748,Mycobacterium fortuitum complex,ERR1075141
34049.0,119977,genus,0.00210748,Acidithiobacillus,ERR1075141
34049.0,830,genus,0.00210748,Butyrivibrio,ERR1075141
34049.0,1408818,genus,0.00210748,Youngiibacter,ERR1075141
34049.0,1279384,genus,0.00210748,Eggerthia,ERR1075141
34049.0,1253,genus,0.00210748,Pediococcus,ERR1075141
34049.0,28138,genus,0.00210748,Rikenella,ERR1075141
34049.0,2147,genus,0.00210748,Acholeplasma,ERR1075141
34049.0,207244,genus,0.00210748,Anaerostipes,ERR1075141
34049.0,48463,genus,0.00210748,Prosthecobacter,ERR1075141
34049.0,629,genus,0.00210748,Yersinia,ERR1075141
34049.0,44748,genus,0.00210748,Sporobacter,ERR1075141
34049.0,1357,genus,0.00210748,Lactococcus,ERR1075141
34049.0,37914,genus,0.00210748,Dietzia,ERR1075141
34049.0,2717,genus,0.00210748,Cardiobacterium,ERR1075141
34049.0,55080,genus,0.00210748,Brevibacillus,ERR1075141
34049.0,202746,genus,0.00210748,Sulfurimonas,ERR1075141
34049.0,40544,genus,0.00210748,Sutterella,ERR1075141
34049.0,265570,genus,0.00210748,Sulfurovum,ERR1075141
34049.0,1870884,genus,0.00210748,Clostridioides,ERR1075141
34049.0,2742,genus,0.00210748,Marinobacter,ERR1075141
34049.0,29465,genus,0.00210748,Veillonella,ERR1075141
34049.0,79206,genus,0.00210748,Desulfosporosinus,ERR1075141
34049.0,59753,genus,0.00210748,Alcanivorax,ERR1075141
34049.0,61434,genus,0.00210748,Dehalococcoides,ERR1075141
34049.0,581,genus,0.00210748,Morganella,ERR1075141
34049.0,469,genus,0.00210748,Acinetobacter,ERR1075141
34049.0,1082702,genus,0.00210748,Lonsdalea,ERR1075141
34049.0,195950,genus,0.00210748,Tannerella,ERR1075141
34049.0,224465,genus,0.00210748,Kofleria,ERR1075141
34049.0,670486,genus,0.00210748,Dehalogenimonas,ERR1075141
34049.0,702,genus,0.00210748,Plesiomonas,ERR1075141
34049.0,32207,genus,0.00210748,Rothia,ERR1075141
34049.0,570,genus,0.00210748,Klebsiella,ERR1075141
34049.0,501783,genus,0.00210748,Cloacibacterium,ERR1075141
34049.0,1471399,genus,0.00210748,Draconibacterium,ERR1075141
34049.0,37817,genus,0.00210748,Desulfuromusa,ERR1075141
34049.0,33986,genus,0.00210748,Exiguobacterium,ERR1075141
,-1,genus,63.4331,Unknown,ERR1075141
34050.0,816,genus,23.9515,Bacteroides,ERR1075142
34050.0,216851,genus,17.6198,Faecalibacterium,ERR1075142
34050.0,1263,genus,11.5101,Ruminococcus,ERR1075142
34050.0,904,genus,6.64543,Acidaminococcus,ERR1075142
34050.0,1730,genus,3.78843,Eubacterium,ERR1075142
34050.0,33042,genus,2.80392,Coprococcus,ERR1075142
34050.0,1506553,genus,2.25375,Lachnoclostridium,ERR1075142
34050.0,239759,genus,1.75185,Alistipes,ERR1075142
34050.0,375288,genus,1.51537,Parabacteroides,ERR1075142
34050.0,1506577,genus,1.36094,Tyzzerella,ERR1075142
34050.0,459786,genus,0.931422,Oscillibacter,ERR1075142
34050.0,838,genus,0.883162,Prevotella,ERR1075142
34050.0,572511,genus,0.709425,Blautia,ERR1075142
34050.0,1508657,genus,0.632209,Ruminiclostridium,ERR1075142
34050.0,397864,genus,0.593601,Barnesiella,ERR1075142
34050.0,577310,genus,0.501906,Parasutterella,ERR1075142
34050.0,2147,genus,0.434342,Acholeplasma,ERR1075142
34050.0,52225,genus,0.429516,Mitsuokella,ERR1075142
34050.0,1678,genus,0.410212,Bifidobacterium,ERR1075142
34050.0,724,genus,0.361952,Haemophilus,ERR1075142
34050.0,841,genus,0.337822,Roseburia,ERR1075142
34050.0,189330,genus,0.202693,Dorea,ERR1075142
34050.0,29465,genus,0.173737,Veillonella,ERR1075142
34050.0,207244,genus,0.120651,Anaerostipes,ERR1075142
34050.0,1505663,genus,0.110999,Erysipelatoclostridium,ERR1075142
34050.0,1485,genus,0.106172,Clostridium,ERR1075142
34050.0,283168,genus,0.101346,Odoribacter,ERR1075142
34050.0,39948,genus,0.101346,Dialister,ERR1075142
34050.0,35832,genus,0.0868684,Bilophila,ERR1075142
34050.0,836,genus,0.0820424,Porphyromonas,ERR1075142
34050.0,1301,genus,0.0675643,Streptococcus,ERR1075142
34050.0,244127,genus,0.0675643,Anaerotruncus,ERR1075142
34050.0,1716,genus,0.0627383,Corynebacterium,ERR1075142
34050.0,52784,genus,0.0627383,Anaerofilum,ERR1075142
34050.0,44748,genus,0.0579123,Sporobacter,ERR1075142
34050.0,1386,genus,0.0530862,Bacillus,ERR1075142
34050.0,146813,genus,0.0241301,Dendrosporobacter,ERR1075142
34050.0,61170,genus,0.0193041,Holdemania,ERR1075142
34050.0,187144,genus,0.0193041,Caldithrix,ERR1075142
34050.0,61434,genus,0.0144781,Dehalococcoides,ERR1075142
34050.0,1843210,genus,0.00965204,Anaerocolumna,ERR1075142
34050.0,162289,genus,0.00965204,Peptoniphilus,ERR1075142
34050.0,262406,genus,0.00965204,Thermobaculum,ERR1075142
34050.0,653683,genus,0.00965204,Anaerosporobacter,ERR1075142
34050.0,150022,genus,0.00965204,Finegoldia,ERR1075142
34050.0,644652,genus,0.00965204,Gordonibacter,ERR1075142
34050.0,698776,genus,0.00965204,Cellulosilyticum,ERR1075142
34050.0,1524214,genus,0.00482602,Vulgatibacter,ERR1075142
34050.0,184869,genus,0.00482602,Varibaculum,ERR1075142
34050.0,42447,genus,0.00482602,Anaerobranca,ERR1075142
34050.0,467975,genus,0.00482602,Iamia,ERR1075142
34050.0,286,genus,0.00482602,Pseudomonas,ERR1075142
34050.0,1279,genus,0.00482602,Staphylococcus,ERR1075142
34050.0,278993,genus,0.00482602,Thermincola,ERR1075142
34050.0,482,genus,0.00482602,Neisseria,ERR1075142
34050.0,795750,genus,0.00482602,Ignavibacterium,ERR1075142
34050.0,233189,genus,0.00482602,Anaerolinea,ERR1075142
34050.0,1663,genus,0.00482602,Arthrobacter,ERR1075142
34050.0,1654,genus,0.00482602,Actinomyces,ERR1075142
34050.0,1471399,genus,0.00482602,Draconibacterium,ERR1075142
34050.0,32207,genus,0.00482602,Rothia,ERR1075142
34050.0,1548510,genus,0.00482602,Microbacter,ERR1075142
34050.0,1988,genus,0.00482602,Actinomadura,ERR1075142
34050.0,2050,genus,0.00482602,Mobiluncus,ERR1075142
34050.0,36853,genus,0.00482602,Desulfitobacterium,ERR1075142
34050.0,84567,genus,0.00482602,Pedobacter,ERR1075142
34050.0,239934,genus,0.00482602,Akkermansia,ERR1075142
34050.0,84111,genus,0.00482602,Eggerthella,ERR1075142
34050.0,233191,genus,0.00482602,Caldilinea,ERR1075142
34050.0,1243,genus,0.00482602,Leuconostoc,ERR1075142
34050.0,253238,genus,0.00482602,Ethanoligenens,ERR1075142
34050.0,102106,genus,0.00482602,Collinsella,ERR1075142
,-1,genus,17.4123,Unknown,ERR1075142
34050.0,816,genus,23.9515,Bacteroides,ERR1075142
34050.0,216851,genus,17.6198,Faecalibacterium,ERR1075142
34050.0,1263,genus,11.5101,Ruminococcus,ERR1075142
34050.0,904,genus,6.64543,Acidaminococcus,ERR1075142
34050.0,1730,genus,3.78843,Eubacterium,ERR1075142
34050.0,33042,genus,2.80392,Coprococcus,ERR1075142
34050.0,1506553,genus,2.25375,Lachnoclostridium,ERR1075142
34050.0,239759,genus,1.75185,Alistipes,ERR1075142
34050.0,375288,genus,1.51537,Parabacteroides,ERR1075142
34050.0,1506577,genus,1.36094,Tyzzerella,ERR1075142
34050.0,459786,genus,0.931422,Oscillibacter,ERR1075142
34050.0,838,genus,0.883162,Prevotella,ERR1075142
34050.0,572511,genus,0.709425,Blautia,ERR1075142
34050.0,1508657,genus,0.632209,Ruminiclostridium,ERR1075142
34050.0,397864,genus,0.593601,Barnesiella,ERR1075142
34050.0,577310,genus,0.501906,Parasutterella,ERR1075142
34050.0,2147,genus,0.434342,Acholeplasma,ERR1075142
34050.0,52225,genus,0.429516,Mitsuokella,ERR1075142
34050.0,1678,genus,0.410212,Bifidobacterium,ERR1075142
34050.0,724,genus,0.361952,Haemophilus,ERR1075142
34050.0,841,genus,0.337822,Roseburia,ERR1075142
34050.0,189330,genus,0.202693,Dorea,ERR1075142
34050.0,29465,genus,0.173737,Veillonella,ERR1075142
34050.0,207244,genus,0.120651,Anaerostipes,ERR1075142
34050.0,1505663,genus,0.110999,Erysipelatoclostridium,ERR1075142
34050.0,1485,genus,0.106172,Clostridium,ERR1075142
34050.0,39948,genus,0.101346,Dialister,ERR1075142
34050.0,283168,genus,0.101346,Odoribacter,ERR1075142
34050.0,35832,genus,0.0868684,Bilophila,ERR1075142
34050.0,836,genus,0.0820424,Porphyromonas,ERR1075142
34050.0,244127,genus,0.0675643,Anaerotruncus,ERR1075142
34050.0,1301,genus,0.0675643,Streptococcus,ERR1075142
34050.0,52784,genus,0.0627383,Anaerofilum,ERR1075142
34050.0,1716,genus,0.0627383,Corynebacterium,ERR1075142
34050.0,44748,genus,0.0579123,Sporobacter,ERR1075142
34050.0,1386,genus,0.0530862,Bacillus,ERR1075142
34050.0,146813,genus,0.0241301,Dendrosporobacter,ERR1075142
34050.0,61170,genus,0.0193041,Holdemania,ERR1075142
34050.0,187144,genus,0.0193041,Caldithrix,ERR1075142
34050.0,61434,genus,0.0144781,Dehalococcoides,ERR1075142
34050.0,698776,genus,0.00965204,Cellulosilyticum,ERR1075142
34050.0,1843210,genus,0.00965204,Anaerocolumna,ERR1075142
34050.0,162289,genus,0.00965204,Peptoniphilus,ERR1075142
34050.0,262406,genus,0.00965204,Thermobaculum,ERR1075142
34050.0,653683,genus,0.00965204,Anaerosporobacter,ERR1075142
34050.0,150022,genus,0.00965204,Finegoldia,ERR1075142
34050.0,644652,genus,0.00965204,Gordonibacter,ERR1075142
34050.0,84111,genus,0.00482602,Eggerthella,ERR1075142
34050.0,233191,genus,0.00482602,Caldilinea,ERR1075142
34050.0,1243,genus,0.00482602,Leuconostoc,ERR1075142
34050.0,253238,genus,0.00482602,Ethanoligenens,ERR1075142
34050.0,102106,genus,0.00482602,Collinsella,ERR1075142
34050.0,1524214,genus,0.00482602,Vulgatibacter,ERR1075142
34050.0,184869,genus,0.00482602,Varibaculum,ERR1075142
34050.0,42447,genus,0.00482602,Anaerobranca,ERR1075142
34050.0,467975,genus,0.00482602,Iamia,ERR1075142
34050.0,286,genus,0.00482602,Pseudomonas,ERR1075142
34050.0,1279,genus,0.00482602,Staphylococcus,ERR1075142
34050.0,278993,genus,0.00482602,Thermincola,ERR1075142
34050.0,482,genus,0.00482602,Neisseria,ERR1075142
34050.0,795750,genus,0.00482602,Ignavibacterium,ERR1075142
34050.0,233189,genus,0.00482602,Anaerolinea,ERR1075142
34050.0,1663,genus,0.00482602,Arthrobacter,ERR1075142
34050.0,1654,genus,0.00482602,Actinomyces,ERR1075142
34050.0,1471399,genus,0.00482602,Draconibacterium,ERR1075142
34050.0,32207,genus,0.00482602,Rothia,ERR1075142
34050.0,1548510,genus,0.00482602,Microbacter,ERR1075142
34050.0,1988,genus,0.00482602,Actinomadura,ERR1075142
34050.0,2050,genus,0.00482602,Mobiluncus,ERR1075142
34050.0,36853,genus,0.00482602,Desulfitobacterium,ERR1075142
34050.0,84567,genus,0.00482602,Pedobacter,ERR1075142
34050.0,239934,genus,0.00482602,Akkermansia,ERR1075142
,-1,genus,17.4123,Unknown,ERR1075142
34050.0,816,genus,23.9515,Bacteroides,ERR1075142
34050.0,216851,genus,17.6198,Faecalibacterium,ERR1075142
34050.0,1263,genus,11.5101,Ruminococcus,ERR1075142
34050.0,904,genus,6.64543,Acidaminococcus,ERR1075142
34050.0,1730,genus,3.78843,Eubacterium,ERR1075142
34050.0,33042,genus,2.80392,Coprococcus,ERR1075142
34050.0,1506553,genus,2.25375,Lachnoclostridium,ERR1075142
34050.0,239759,genus,1.75185,Alistipes,ERR1075142
34050.0,375288,genus,1.51537,Parabacteroides,ERR1075142
34050.0,1506577,genus,1.36094,Tyzzerella,ERR1075142
34050.0,459786,genus,0.931422,Oscillibacter,ERR1075142
34050.0,838,genus,0.883162,Prevotella,ERR1075142
34050.0,572511,genus,0.709425,Blautia,ERR1075142
34050.0,1508657,genus,0.632209,Ruminiclostridium,ERR1075142
34050.0,397864,genus,0.593601,Barnesiella,ERR1075142
34050.0,577310,genus,0.501906,Parasutterella,ERR1075142
34050.0,2147,genus,0.434342,Acholeplasma,ERR1075142
34050.0,52225,genus,0.429516,Mitsuokella,ERR1075142
34050.0,1678,genus,0.410212,Bifidobacterium,ERR1075142
34050.0,724,genus,0.361952,Haemophilus,ERR1075142
34050.0,841,genus,0.337822,Roseburia,ERR1075142
34050.0,189330,genus,0.202693,Dorea,ERR1075142
34050.0,29465,genus,0.173737,Veillonella,ERR1075142
34050.0,207244,genus,0.120651,Anaerostipes,ERR1075142
34050.0,1505663,genus,0.110999,Erysipelatoclostridium,ERR1075142
34050.0,1485,genus,0.106172,Clostridium,ERR1075142
34050.0,39948,genus,0.101346,Dialister,ERR1075142
34050.0,283168,genus,0.101346,Odoribacter,ERR1075142
34050.0,35832,genus,0.0868684,Bilophila,ERR1075142
34050.0,836,genus,0.0820424,Porphyromonas,ERR1075142
34050.0,244127,genus,0.0675643,Anaerotruncus,ERR1075142
34050.0,1301,genus,0.0675643,Streptococcus,ERR1075142
34050.0,1716,genus,0.0627383,Corynebacterium,ERR1075142
34050.0,52784,genus,0.0627383,Anaerofilum,ERR1075142
34050.0,44748,genus,0.0579123,Sporobacter,ERR1075142
34050.0,1386,genus,0.0530862,Bacillus,ERR1075142
34050.0,146813,genus,0.0241301,Dendrosporobacter,ERR1075142
34050.0,61170,genus,0.0193041,Holdemania,ERR1075142
34050.0,187144,genus,0.0193041,Caldithrix,ERR1075142
34050.0,61434,genus,0.0144781,Dehalococcoides,ERR1075142
34050.0,653683,genus,0.00965204,Anaerosporobacter,ERR1075142
34050.0,150022,genus,0.00965204,Finegoldia,ERR1075142
34050.0,644652,genus,0.00965204,Gordonibacter,ERR1075142
34050.0,698776,genus,0.00965204,Cellulosilyticum,ERR1075142
34050.0,1843210,genus,0.00965204,Anaerocolumna,ERR1075142
34050.0,162289,genus,0.00965204,Peptoniphilus,ERR1075142
34050.0,262406,genus,0.00965204,Thermobaculum,ERR1075142
34050.0,482,genus,0.00482602,Neisseria,ERR1075142
34050.0,795750,genus,0.00482602,Ignavibacterium,ERR1075142
34050.0,233189,genus,0.00482602,Anaerolinea,ERR1075142
34050.0,1663,genus,0.00482602,Arthrobacter,ERR1075142
34050.0,1654,genus,0.00482602,Actinomyces,ERR1075142
34050.0,1471399,genus,0.00482602,Draconibacterium,ERR1075142
34050.0,32207,genus,0.00482602,Rothia,ERR1075142
34050.0,1548510,genus,0.00482602,Microbacter,ERR1075142
34050.0,1988,genus,0.00482602,Actinomadura,ERR1075142
34050.0,2050,genus,0.00482602,Mobiluncus,ERR1075142
34050.0,36853,genus,0.00482602,Desulfitobacterium,ERR1075142
34050.0,84567,genus,0.00482602,Pedobacter,ERR1075142
34050.0,239934,genus,0.00482602,Akkermansia,ERR1075142
34050.0,84111,genus,0.00482602,Eggerthella,ERR1075142
34050.0,233191,genus,0.00482602,Caldilinea,ERR1075142
34050.0,1243,genus,0.00482602,Leuconostoc,ERR1075142
34050.0,253238,genus,0.00482602,Ethanoligenens,ERR1075142
34050.0,102106,genus,0.00482602,Collinsella,ERR1075142
34050.0,1524214,genus,0.00482602,Vulgatibacter,ERR1075142
34050.0,184869,genus,0.00482602,Varibaculum,ERR1075142
34050.0,42447,genus,0.00482602,Anaerobranca,ERR1075142
34050.0,467975,genus,0.00482602,Iamia,ERR1075142
34050.0,286,genus,0.00482602,Pseudomonas,ERR1075142
34050.0,1279,genus,0.00482602,Staphylococcus,ERR1075142
34050.0,278993,genus,0.00482602,Thermincola,ERR1075142
,-1,genus,17.4123,Unknown,ERR1075142
47083.0,838,genus,46.1735,Prevotella,ERR1075182
47083.0,816,genus,9.51543,Bacteroides,ERR1075182
47083.0,216851,genus,9.23952,Faecalibacterium,ERR1075182
47083.0,459786,genus,2.65563,Oscillibacter,ERR1075182
47083.0,375288,genus,2.4418,Parabacteroides,ERR1075182
47083.0,1508657,genus,2.33144,Ruminiclostridium,ERR1075182
47083.0,39948,genus,1.78307,Dialister,ERR1075182
47083.0,1678,genus,1.19331,Bifidobacterium,ERR1075182
47083.0,239759,genus,1.17262,Alistipes,ERR1075182
47083.0,397864,genus,1.01397,Barnesiella,ERR1075182
47083.0,1506553,genus,0.893257,Lachnoclostridium,ERR1075182
47083.0,872,genus,0.876013,Desulfovibrio,ERR1075182
47083.0,244127,genus,0.85532,Anaerotruncus,ERR1075182
47083.0,44748,genus,0.79324,Sporobacter,ERR1075182
47083.0,189330,genus,0.593206,Dorea,ERR1075182
47083.0,572511,genus,0.544922,Blautia,ERR1075182
47083.0,1730,genus,0.475944,Eubacterium,ERR1075182
47083.0,239934,genus,0.382825,Akkermansia,ERR1075182
47083.0,841,genus,0.372478,Roseburia,ERR1075182
47083.0,33042,genus,0.324194,Coprococcus,ERR1075182
47083.0,1263,genus,0.251768,Ruminococcus,ERR1075182
47083.0,904,genus,0.224177,Acidaminococcus,ERR1075182
47083.0,283168,genus,0.224177,Odoribacter,ERR1075182
47083.0,35832,genus,0.217279,Bilophila,ERR1075182
47083.0,253238,genus,0.196586,Ethanoligenens,ERR1075182
47083.0,1485,genus,0.189688,Clostridium,ERR1075182
47083.0,1505663,genus,0.175892,Erysipelatoclostridium,ERR1075182
47083.0,1573535,genus,0.168995,Holdemanella,ERR1075182
47083.0,172900,genus,0.165546,Victivallis,ERR1075182
47083.0,2132,genus,0.124159,Spiroplasma,ERR1075182
47083.0,577310,genus,0.0620797,Parasutterella,ERR1075182
47083.0,84111,genus,0.0379376,Eggerthella,ERR1075182
47083.0,1386,genus,0.0379376,Bacillus,ERR1075182
47083.0,836,genus,0.0379376,Porphyromonas,ERR1075182
47083.0,990721,genus,0.0344887,Christensenella,ERR1075182
47083.0,1716,genus,0.0310398,Corynebacterium,ERR1075182
47083.0,61170,genus,0.0206932,Holdemania,ERR1075182
47083.0,150022,genus,0.0172444,Finegoldia,ERR1075182
47083.0,40544,genus,0.0172444,Sutterella,ERR1075182
47083.0,1357,genus,0.0137955,Lactococcus,ERR1075182
47083.0,1301,genus,0.0137955,Streptococcus,ERR1075182
47083.0,1578,genus,0.0137955,Lactobacillus,ERR1075182
47083.0,165779,genus,0.0137955,Anaerococcus,ERR1075182
47083.0,1506577,genus,0.0137955,Tyzzerella,ERR1075182
47083.0,100883,genus,0.0103466,Coprobacillus,ERR1075182
47083.0,79206,genus,0.0103466,Desulfosporosinus,ERR1075182
47083.0,52784,genus,0.0103466,Anaerofilum,ERR1075182
47083.0,262406,genus,0.0103466,Thermobaculum,ERR1075182
47083.0,162289,genus,0.0103466,Peptoniphilus,ERR1075182
47083.0,44249,genus,0.0103466,Paenibacillus,ERR1075182
47083.0,346096,genus,0.00689774,Paludibacter,ERR1075182
47083.0,1253,genus,0.00689774,Pediococcus,ERR1075182
47083.0,43996,genus,0.00689774,Catonella,ERR1075182
47083.0,848,genus,0.00689774,Fusobacterium,ERR1075182
47083.0,29465,genus,0.00689774,Veillonella,ERR1075182
47083.0,114627,genus,0.00689774,Alkaliphilus,ERR1075182
47083.0,286,genus,0.00689774,Pseudomonas,ERR1075182
47083.0,41273,genus,0.00689774,Tissierella,ERR1075182
47083.0,173479,genus,0.00689774,Gemmatimonas,ERR1075182
47083.0,233191,genus,0.00344887,Caldilinea,ERR1075182
47083.0,400634,genus,0.00344887,Lysinibacillus,ERR1075182
47083.0,36853,genus,0.00344887,Desulfitobacterium,ERR1075182
47083.0,55079,genus,0.00344887,Aneurinibacillus,ERR1075182
47083.0,156973,genus,0.00344887,Dysgonomonas,ERR1075182
47083.0,2086,genus,0.00344887,Anaeroplasma,ERR1075182
47083.0,104264,genus,0.00344887,Cellulophaga,ERR1075182
47083.0,653683,genus,0.00344887,Anaerosporobacter,ERR1075182
47083.0,1847,genus,0.00344887,Pseudonocardia,ERR1075182
47083.0,1696,genus,0.00344887,Brevibacterium,ERR1075182
47083.0,265980,genus,0.00344887,Alkalimonas,ERR1075182
47083.0,180541,genus,0.00344887,Salinisphaera,ERR1075182
47083.0,637,genus,0.00344887,Arsenophonus,ERR1075182
47083.0,2172,genus,0.00344887,Methanobrevibacter,ERR1075182
47083.0,846,genus,0.00344887,Oxalobacter,ERR1075182
47083.0,1234,genus,0.00344887,Nitrospira,ERR1075182
47083.0,577309,genus,0.00344887,Paraprevotella,ERR1075182
47083.0,1378,genus,0.00344887,Gemella,ERR1075182
47083.0,194,genus,0.00344887,Campylobacter,ERR1075182
47083.0,47420,genus,0.00344887,Hydrogenophaga,ERR1075182
47083.0,970,genus,0.00344887,Selenomonas,ERR1075182
47083.0,590,genus,0.00344887,Salmonella,ERR1075182
47083.0,34098,genus,0.00344887,Blattabacterium,ERR1075182
47083.0,375928,genus,0.00344887,Natranaerobius,ERR1075182
47083.0,33882,genus,0.00344887,Microbacterium,ERR1075182
47083.0,270497,genus,0.00344887,Catabacter,ERR1075182
47083.0,267986,genus,0.00344887,Owenweeksia,ERR1075182
47083.0,140458,genus,0.00344887,Thermacetogenium,ERR1075182
47083.0,42447,genus,0.00344887,Anaerobranca,ERR1075182
47083.0,105,genus,0.00344887,Runella,ERR1075182
47083.0,906,genus,0.00344887,Megasphaera,ERR1075182
47083.0,1651,genus,0.00344887,Alloiococcus,ERR1075182
47083.0,55080,genus,0.00344887,Brevibacillus,ERR1075182
47083.0,795750,genus,0.00344887,Ignavibacterium,ERR1075182
47083.0,117563,genus,0.00344887,Granulicatella,ERR1075182
47083.0,1164882,genus,0.00344887,Lachnoanaerobaculum,ERR1075182
47083.0,1017280,genus,0.00344887,Pseudoflavonifractor,ERR1075182
47083.0,278993,genus,0.00344887,Thermincola,ERR1075182
47083.0,44262,genus,0.00344887,Oxalophagus,ERR1075182
47083.0,118966,genus,0.00344887,Anaerorhabdus,ERR1075182
47083.0,670486,genus,0.00344887,Dehalogenimonas,ERR1075182
,-1,genus,13.2885,Unknown,ERR1075182
37567.0,836,genus,27.9843,Porphyromonas,ERR1075183
37567.0,165779,genus,17.8173,Anaerococcus,ERR1075183
37567.0,162289,genus,13.9691,Peptoniphilus,ERR1075183
37567.0,41273,genus,6.45732,Tissierella,ERR1075183
37567.0,838,genus,6.42654,Prevotella,ERR1075183
37567.0,150022,genus,5.07966,Finegoldia,ERR1075183
37567.0,39948,genus,3.78665,Dialister,ERR1075183
37567.0,86331,genus,2.10883,Mogibacterium,ERR1075183
37567.0,1200657,genus,1.40075,Saccharofermentans,ERR1075183
37567.0,194,genus,1.06211,Campylobacter,ERR1075183
37567.0,286,genus,0.523359,Pseudomonas,ERR1075183
37567.0,1716,genus,0.446394,Corynebacterium,ERR1075183
37567.0,1678,genus,0.415608,Bifidobacterium,ERR1075183
37567.0,816,genus,0.307858,Bacteroides,ERR1075183
37567.0,1508657,genus,0.261679,Ruminiclostridium,ERR1075183
37567.0,31983,genus,0.223197,Helcococcus,ERR1075183
37567.0,184869,genus,0.200108,Varibaculum,ERR1075183
37567.0,216851,genus,0.153929,Faecalibacterium,ERR1075183
37567.0,1485,genus,0.13084,Clostridium,ERR1075183
37567.0,1505657,genus,0.115447,Intestinibacter,ERR1075183
37567.0,572511,genus,0.0769645,Blautia,ERR1075183
37567.0,469,genus,0.0769645,Acinetobacter,ERR1075183
37567.0,2740,genus,0.0769645,Peptococcus,ERR1075183
37567.0,375288,genus,0.0769645,Parabacteroides,ERR1075183
37567.0,189330,genus,0.0692681,Dorea,ERR1075183
37567.0,1263,genus,0.0615716,Ruminococcus,ERR1075183
37567.0,1573535,genus,0.0615716,Holdemanella,ERR1075183
37567.0,239934,genus,0.0538752,Akkermansia,ERR1075183
37567.0,1730,genus,0.0538752,Eubacterium,ERR1075183
37567.0,37914,genus,0.0461787,Dietzia,ERR1075183
37567.0,1637257,genus,0.0461787,Mageeibacillus,ERR1075183
37567.0,1578,genus,0.0384823,Lactobacillus,ERR1075183
37567.0,33042,genus,0.0307858,Coprococcus,ERR1075183
37567.0,239759,genus,0.0307858,Alistipes,ERR1075183
37567.0,44748,genus,0.0230894,Sporobacter,ERR1075183
37567.0,1380,genus,0.0230894,Atopobium,ERR1075183
37567.0,1506553,genus,0.0230894,Lachnoclostridium,ERR1075183
37567.0,459786,genus,0.0153929,Oscillibacter,ERR1075183
37567.0,32207,genus,0.0153929,Rothia,ERR1075183
37567.0,1505663,genus,0.0153929,Erysipelatoclostridium,ERR1075183
37567.0,397864,genus,0.0153929,Barnesiella,ERR1075183
37567.0,36853,genus,0.0153929,Desulfitobacterium,ERR1075183
37567.0,29465,genus,0.0153929,Veillonella,ERR1075183
37567.0,133925,genus,0.0153929,Olsenella,ERR1075183
37567.0,1279,genus,0.0153929,Staphylococcus,ERR1075183
37567.0,1505664,genus,0.0153929,Gottschalkia,ERR1075183
37567.0,1370,genus,0.0153929,Marinococcus,ERR1075183
37567.0,1486726,genus,0.00769645,Pseudobacteroides,ERR1075183
37567.0,1573806,genus,0.00769645,Mariniphaga,ERR1075183
37567.0,157,genus,0.00769645,Treponema,ERR1075183
37567.0,44249,genus,0.00769645,Paenibacillus,ERR1075183
37567.0,990721,genus,0.00769645,Christensenella,ERR1075183
37567.0,294702,genus,0.00769645,Proteiniphilum,ERR1075183
37567.0,363276,genus,0.00769645,Ktedonobacter,ERR1075183
37567.0,34098,genus,0.00769645,Blattabacterium,ERR1075183
37567.0,670486,genus,0.00769645,Dehalogenimonas,ERR1075183
37567.0,693074,genus,0.00769645,Caldisericum,ERR1075183
37567.0,1301,genus,0.00769645,Streptococcus,ERR1075183
37567.0,187144,genus,0.00769645,Caldithrix,ERR1075183
37567.0,44013,genus,0.00769645,Polynucleobacter,ERR1075183
37567.0,285105,genus,0.00769645,Tepidimicrobium,ERR1075183
37567.0,55080,genus,0.00769645,Brevibacillus,ERR1075183
37567.0,207599,genus,0.00769645,Solirubrobacter,ERR1075183
37567.0,841,genus,0.00769645,Roseburia,ERR1075183
37567.0,278993,genus,0.00769645,Thermincola,ERR1075183
37567.0,338,genus,0.00769645,Xanthomonas,ERR1075183
37567.0,20,genus,0.00769645,Phenylobacterium,ERR1075183
37567.0,61434,genus,0.00769645,Dehalococcoides,ERR1075183
37567.0,346096,genus,0.00769645,Paludibacter,ERR1075183
37567.0,1827,genus,0.00769645,Rhodococcus,ERR1075183
37567.0,577309,genus,0.00769645,Paraprevotella,ERR1075183
37567.0,848,genus,0.00769645,Fusobacterium,ERR1075183
37567.0,1847,genus,0.00769645,Pseudonocardia,ERR1075183
37567.0,1988,genus,0.00769645,Actinomadura,ERR1075183
37567.0,28196,genus,0.00769645,Arcobacter,ERR1075183
,-1,genus,9.86685,Unknown,ERR1075183
34051.0,816,genus,19.8034,Bacteroides,ERR1075184
34051.0,216851,genus,11.0371,Faecalibacterium,ERR1075184
34051.0,459786,genus,4.42528,Oscillibacter,ERR1075184
34051.0,39948,genus,4.4012,Dialister,ERR1075184
34051.0,1508657,genus,3.12538,Ruminiclostridium,ERR1075184
34051.0,1506553,genus,2.98897,Lachnoclostridium,ERR1075184
34051.0,1730,genus,2.83651,Eubacterium,ERR1075184
34051.0,244127,genus,2.5677,Anaerotruncus,ERR1075184
34051.0,572511,genus,2.43932,Blautia,ERR1075184
34051.0,838,genus,2.38315,Prevotella,ERR1075184
34051.0,1263,genus,2.24674,Ruminococcus,ERR1075184
34051.0,397864,genus,2.06219,Barnesiella,ERR1075184
34051.0,375288,genus,1.74925,Parabacteroides,ERR1075184
34051.0,239759,genus,1.74925,Alistipes,ERR1075184
34051.0,172900,genus,1.07924,Victivallis,ERR1075184
34051.0,33042,genus,1.04313,Coprococcus,ERR1075184
34051.0,904,genus,1.01906,Acidaminococcus,ERR1075184
34051.0,841,genus,0.882648,Roseburia,ERR1075184
34051.0,1678,genus,0.597793,Bifidobacterium,ERR1075184
34051.0,872,genus,0.525577,Desulfovibrio,ERR1075184
34051.0,100175,genus,0.445336,Papillibacter,ERR1075184
34051.0,1505663,genus,0.429288,Erysipelatoclostridium,ERR1075184
34051.0,1485,genus,0.268806,Clostridium,ERR1075184
34051.0,40544,genus,0.204614,Sutterella,ERR1075184
34051.0,44748,genus,0.19659,Sporobacter,ERR1075184
34051.0,35832,genus,0.152457,Bilophila,ERR1075184
34051.0,1573535,genus,0.136409,Holdemanella,ERR1075184
34051.0,189330,genus,0.132397,Dorea,ERR1075184
34051.0,1301,genus,0.128385,Streptococcus,ERR1075184
34051.0,990721,genus,0.0802407,Christensenella,ERR1075184
34051.0,846,genus,0.0601805,Oxalobacter,ERR1075184
34051.0,84111,genus,0.0561685,Eggerthella,ERR1075184
34051.0,836,genus,0.0561685,Porphyromonas,ERR1075184
34051.0,1380,genus,0.0521565,Atopobium,ERR1075184
34051.0,41273,genus,0.0401204,Tissierella,ERR1075184
34051.0,283168,genus,0.0401204,Odoribacter,ERR1075184
34051.0,207244,genus,0.0361083,Anaerostipes,ERR1075184
34051.0,577310,genus,0.0361083,Parasutterella,ERR1075184
34051.0,61170,genus,0.0320963,Holdemania,ERR1075184
34051.0,1505657,genus,0.0200602,Intestinibacter,ERR1075184
34051.0,1578,genus,0.0200602,Lactobacillus,ERR1075184
34051.0,1386,genus,0.0160481,Bacillus,ERR1075184
34051.0,286,genus,0.0160481,Pseudomonas,ERR1075184
34051.0,61434,genus,0.0160481,Dehalococcoides,ERR1075184
34051.0,239934,genus,0.0120361,Akkermansia,ERR1075184
34051.0,577309,genus,0.0120361,Paraprevotella,ERR1075184
34051.0,165779,genus,0.0120361,Anaerococcus,ERR1075184
34051.0,724,genus,0.0120361,Haemophilus,ERR1075184
34051.0,1486726,genus,0.00802407,Pseudobacteroides,ERR1075184
34051.0,100883,genus,0.00802407,Coprobacillus,ERR1075184
34051.0,200677,genus,0.00802407,Meniscus,ERR1075184
34051.0,590,genus,0.00802407,Salmonella,ERR1075184
34051.0,795750,genus,0.00401204,Ignavibacterium,ERR1075184
34051.0,644652,genus,0.00401204,Gordonibacter,ERR1075184
34051.0,2132,genus,0.00401204,Spiroplasma,ERR1075184
34051.0,848,genus,0.00401204,Fusobacterium,ERR1075184
34051.0,1716,genus,0.00401204,Corynebacterium,ERR1075184
34051.0,2147,genus,0.00401204,Acholeplasma,ERR1075184
34051.0,150022,genus,0.00401204,Finegoldia,ERR1075184
34051.0,332102,genus,0.00401204,Fluviicola,ERR1075184
34051.0,445,genus,0.00401204,Legionella,ERR1075184
34051.0,42447,genus,0.00401204,Anaerobranca,ERR1075184
34051.0,57493,genus,0.00401204,Kocuria,ERR1075184
34051.0,1843210,genus,0.00401204,Anaerocolumna,ERR1075184
34051.0,1827,genus,0.00401204,Rhodococcus,ERR1075184
34051.0,28453,genus,0.00401204,Sphingobacterium,ERR1075184
34051.0,233191,genus,0.00401204,Caldilinea,ERR1075184
34051.0,84567,genus,0.00401204,Pedobacter,ERR1075184
34051.0,830,genus,0.00401204,Butyrivibrio,ERR1075184
34051.0,146813,genus,0.00401204,Dendrosporobacter,ERR1075184
34051.0,52784,genus,0.00401204,Anaerofilum,ERR1075184
34051.0,55080,genus,0.00401204,Brevibacillus,ERR1075184
34051.0,1279,genus,0.00401204,Staphylococcus,ERR1075184
34051.0,28138,genus,0.00401204,Rikenella,ERR1075184
34051.0,29465,genus,0.00401204,Veillonella,ERR1075184
34051.0,1883,genus,0.00401204,Streptomyces,ERR1075184
34051.0,970,genus,0.00401204,Selenomonas,ERR1075184
34051.0,42255,genus,0.00401204,Rubrobacter,ERR1075184
34051.0,1378,genus,0.00401204,Gemella,ERR1075184
34051.0,1017280,genus,0.00401204,Pseudoflavonifractor,ERR1075184
34051.0,1210119,genus,0.00401204,Ohtaekwangia,ERR1075184
34051.0,2373,genus,0.00401204,Acetonema,ERR1075184
34051.0,1618113,genus,0.00401204,Saccharicrinis,ERR1075184
34051.0,233189,genus,0.00401204,Anaerolinea,ERR1075184
34051.0,55079,genus,0.00401204,Aneurinibacillus,ERR1075184
34051.0,1357,genus,0.00401204,Lactococcus,ERR1075184
34051.0,270497,genus,0.00401204,Catabacter,ERR1075184
34051.0,117563,genus,0.00401204,Granulicatella,ERR1075184
34051.0,1134403,genus,0.00401204,Melioribacter,ERR1075184
34051.0,13334,genus,0.00401204,Anaerobiospirillum,ERR1075184
,-1,genus,27.5266,Unknown,ERR1075184
34051.0,816,genus,19.8034,Bacteroides,ERR1075184
34051.0,216851,genus,11.0371,Faecalibacterium,ERR1075184
34051.0,459786,genus,4.42528,Oscillibacter,ERR1075184
34051.0,39948,genus,4.4012,Dialister,ERR1075184
34051.0,1508657,genus,3.12538,Ruminiclostridium,ERR1075184
34051.0,1506553,genus,2.98897,Lachnoclostridium,ERR1075184
34051.0,1730,genus,2.83651,Eubacterium,ERR1075184
34051.0,244127,genus,2.5677,Anaerotruncus,ERR1075184
34051.0,572511,genus,2.43932,Blautia,ERR1075184
34051.0,838,genus,2.38315,Prevotella,ERR1075184
34051.0,1263,genus,2.24674,Ruminococcus,ERR1075184
34051.0,397864,genus,2.06219,Barnesiella,ERR1075184
34051.0,375288,genus,1.74925,Parabacteroides,ERR1075184
34051.0,239759,genus,1.74925,Alistipes,ERR1075184
34051.0,172900,genus,1.07924,Victivallis,ERR1075184
34051.0,33042,genus,1.04313,Coprococcus,ERR1075184
34051.0,904,genus,1.01906,Acidaminococcus,ERR1075184
34051.0,841,genus,0.882648,Roseburia,ERR1075184
34051.0,1678,genus,0.597793,Bifidobacterium,ERR1075184
34051.0,872,genus,0.525577,Desulfovibrio,ERR1075184
34051.0,100175,genus,0.445336,Papillibacter,ERR1075184
34051.0,1505663,genus,0.429288,Erysipelatoclostridium,ERR1075184
34051.0,1485,genus,0.268806,Clostridium,ERR1075184
34051.0,40544,genus,0.204614,Sutterella,ERR1075184
34051.0,44748,genus,0.19659,Sporobacter,ERR1075184
34051.0,35832,genus,0.152457,Bilophila,ERR1075184
34051.0,1573535,genus,0.136409,Holdemanella,ERR1075184
34051.0,189330,genus,0.132397,Dorea,ERR1075184
34051.0,1301,genus,0.128385,Streptococcus,ERR1075184
34051.0,990721,genus,0.0802407,Christensenella,ERR1075184
34051.0,846,genus,0.0601805,Oxalobacter,ERR1075184
34051.0,84111,genus,0.0561685,Eggerthella,ERR1075184
34051.0,836,genus,0.0561685,Porphyromonas,ERR1075184
34051.0,1380,genus,0.0521565,Atopobium,ERR1075184
34051.0,41273,genus,0.0401204,Tissierella,ERR1075184
34051.0,283168,genus,0.0401204,Odoribacter,ERR1075184
34051.0,577310,genus,0.0361083,Parasutterella,ERR1075184
34051.0,207244,genus,0.0361083,Anaerostipes,ERR1075184
34051.0,61170,genus,0.0320963,Holdemania,ERR1075184
34051.0,1505657,genus,0.0200602,Intestinibacter,ERR1075184
34051.0,1578,genus,0.0200602,Lactobacillus,ERR1075184
34051.0,61434,genus,0.0160481,Dehalococcoides,ERR1075184
34051.0,1386,genus,0.0160481,Bacillus,ERR1075184
34051.0,286,genus,0.0160481,Pseudomonas,ERR1075184
34051.0,165779,genus,0.0120361,Anaerococcus,ERR1075184
34051.0,724,genus,0.0120361,Haemophilus,ERR1075184
34051.0,239934,genus,0.0120361,Akkermansia,ERR1075184
34051.0,577309,genus,0.0120361,Paraprevotella,ERR1075184
34051.0,1486726,genus,0.00802407,Pseudobacteroides,ERR1075184
34051.0,100883,genus,0.00802407,Coprobacillus,ERR1075184
34051.0,200677,genus,0.00802407,Meniscus,ERR1075184
34051.0,590,genus,0.00802407,Salmonella,ERR1075184
34051.0,117563,genus,0.00401204,Granulicatella,ERR1075184
34051.0,1134403,genus,0.00401204,Melioribacter,ERR1075184
34051.0,270497,genus,0.00401204,Catabacter,ERR1075184
34051.0,13334,genus,0.00401204,Anaerobiospirillum,ERR1075184
34051.0,795750,genus,0.00401204,Ignavibacterium,ERR1075184
34051.0,644652,genus,0.00401204,Gordonibacter,ERR1075184
34051.0,2132,genus,0.00401204,Spiroplasma,ERR1075184
34051.0,848,genus,0.00401204,Fusobacterium,ERR1075184
34051.0,1716,genus,0.00401204,Corynebacterium,ERR1075184
34051.0,2147,genus,0.00401204,Acholeplasma,ERR1075184
34051.0,445,genus,0.00401204,Legionella,ERR1075184
34051.0,150022,genus,0.00401204,Finegoldia,ERR1075184
34051.0,332102,genus,0.00401204,Fluviicola,ERR1075184
34051.0,42447,genus,0.00401204,Anaerobranca,ERR1075184
34051.0,57493,genus,0.00401204,Kocuria,ERR1075184
34051.0,1843210,genus,0.00401204,Anaerocolumna,ERR1075184
34051.0,1827,genus,0.00401204,Rhodococcus,ERR1075184
34051.0,830,genus,0.00401204,Butyrivibrio,ERR1075184
34051.0,28453,genus,0.00401204,Sphingobacterium,ERR1075184
34051.0,233191,genus,0.00401204,Caldilinea,ERR1075184
34051.0,84567,genus,0.00401204,Pedobacter,ERR1075184
34051.0,146813,genus,0.00401204,Dendrosporobacter,ERR1075184
34051.0,1279,genus,0.00401204,Staphylococcus,ERR1075184
34051.0,52784,genus,0.00401204,Anaerofilum,ERR1075184
34051.0,55080,genus,0.00401204,Brevibacillus,ERR1075184
34051.0,29465,genus,0.00401204,Veillonella,ERR1075184
34051.0,28138,genus,0.00401204,Rikenella,ERR1075184
34051.0,970,genus,0.00401204,Selenomonas,ERR1075184
34051.0,1883,genus,0.00401204,Streptomyces,ERR1075184
34051.0,1378,genus,0.00401204,Gemella,ERR1075184
34051.0,42255,genus,0.00401204,Rubrobacter,ERR1075184
34051.0,2373,genus,0.00401204,Acetonema,ERR1075184
34051.0,1017280,genus,0.00401204,Pseudoflavonifractor,ERR1075184
34051.0,1210119,genus,0.00401204,Ohtaekwangia,ERR1075184
34051.0,55079,genus,0.00401204,Aneurinibacillus,ERR1075184
34051.0,1357,genus,0.00401204,Lactococcus,ERR1075184
34051.0,1618113,genus,0.00401204,Saccharicrinis,ERR1075184
34051.0,233189,genus,0.00401204,Anaerolinea,ERR1075184
,-1,genus,27.5266,Unknown,ERR1075184
34051.0,816,genus,19.8034,Bacteroides,ERR1075184
34051.0,216851,genus,11.0371,Faecalibacterium,ERR1075184
34051.0,459786,genus,4.42528,Oscillibacter,ERR1075184
34051.0,39948,genus,4.4012,Dialister,ERR1075184
34051.0,1508657,genus,3.12538,Ruminiclostridium,ERR1075184
34051.0,1506553,genus,2.98897,Lachnoclostridium,ERR1075184
34051.0,1730,genus,2.83651,Eubacterium,ERR1075184
34051.0,244127,genus,2.5677,Anaerotruncus,ERR1075184
34051.0,572511,genus,2.43932,Blautia,ERR1075184
34051.0,838,genus,2.38315,Prevotella,ERR1075184
34051.0,1263,genus,2.24674,Ruminococcus,ERR1075184
34051.0,397864,genus,2.06219,Barnesiella,ERR1075184
34051.0,375288,genus,1.74925,Parabacteroides,ERR1075184
34051.0,239759,genus,1.74925,Alistipes,ERR1075184
34051.0,172900,genus,1.07924,Victivallis,ERR1075184
34051.0,33042,genus,1.04313,Coprococcus,ERR1075184
34051.0,904,genus,1.01906,Acidaminococcus,ERR1075184
34051.0,841,genus,0.882648,Roseburia,ERR1075184
34051.0,1678,genus,0.597793,Bifidobacterium,ERR1075184
34051.0,872,genus,0.525577,Desulfovibrio,ERR1075184
34051.0,100175,genus,0.445336,Papillibacter,ERR1075184
34051.0,1505663,genus,0.429288,Erysipelatoclostridium,ERR1075184
34051.0,1485,genus,0.268806,Clostridium,ERR1075184
34051.0,40544,genus,0.204614,Sutterella,ERR1075184
34051.0,44748,genus,0.19659,Sporobacter,ERR1075184
34051.0,35832,genus,0.152457,Bilophila,ERR1075184
34051.0,1573535,genus,0.136409,Holdemanella,ERR1075184
34051.0,189330,genus,0.132397,Dorea,ERR1075184
34051.0,1301,genus,0.128385,Streptococcus,ERR1075184
34051.0,990721,genus,0.0802407,Christensenella,ERR1075184
34051.0,846,genus,0.0601805,Oxalobacter,ERR1075184
34051.0,84111,genus,0.0561685,Eggerthella,ERR1075184
34051.0,836,genus,0.0561685,Porphyromonas,ERR1075184
34051.0,1380,genus,0.0521565,Atopobium,ERR1075184
34051.0,41273,genus,0.0401204,Tissierella,ERR1075184
34051.0,283168,genus,0.0401204,Odoribacter,ERR1075184
34051.0,577310,genus,0.0361083,Parasutterella,ERR1075184
34051.0,207244,genus,0.0361083,Anaerostipes,ERR1075184
34051.0,61170,genus,0.0320963,Holdemania,ERR1075184
34051.0,1505657,genus,0.0200602,Intestinibacter,ERR1075184
34051.0,1578,genus,0.0200602,Lactobacillus,ERR1075184
34051.0,61434,genus,0.0160481,Dehalococcoides,ERR1075184
34051.0,1386,genus,0.0160481,Bacillus,ERR1075184
34051.0,286,genus,0.0160481,Pseudomonas,ERR1075184
34051.0,165779,genus,0.0120361,Anaerococcus,ERR1075184
34051.0,724,genus,0.0120361,Haemophilus,ERR1075184
34051.0,239934,genus,0.0120361,Akkermansia,ERR1075184
34051.0,577309,genus,0.0120361,Paraprevotella,ERR1075184
34051.0,590,genus,0.00802407,Salmonella,ERR1075184
34051.0,1486726,genus,0.00802407,Pseudobacteroides,ERR1075184
34051.0,100883,genus,0.00802407,Coprobacillus,ERR1075184
34051.0,200677,genus,0.00802407,Meniscus,ERR1075184
34051.0,2373,genus,0.00401204,Acetonema,ERR1075184
34051.0,1017280,genus,0.00401204,Pseudoflavonifractor,ERR1075184
34051.0,1210119,genus,0.00401204,Ohtaekwangia,ERR1075184
34051.0,55079,genus,0.00401204,Aneurinibacillus,ERR1075184
34051.0,1357,genus,0.00401204,Lactococcus,ERR1075184
34051.0,1618113,genus,0.00401204,Saccharicrinis,ERR1075184
34051.0,233189,genus,0.00401204,Anaerolinea,ERR1075184
34051.0,117563,genus,0.00401204,Granulicatella,ERR1075184
34051.0,1134403,genus,0.00401204,Melioribacter,ERR1075184
34051.0,270497,genus,0.00401204,Catabacter,ERR1075184
34051.0,13334,genus,0.00401204,Anaerobiospirillum,ERR1075184
34051.0,795750,genus,0.00401204,Ignavibacterium,ERR1075184
34051.0,644652,genus,0.00401204,Gordonibacter,ERR1075184
34051.0,2132,genus,0.00401204,Spiroplasma,ERR1075184
34051.0,848,genus,0.00401204,Fusobacterium,ERR1075184
34051.0,1716,genus,0.00401204,Corynebacterium,ERR1075184
34051.0,2147,genus,0.00401204,Acholeplasma,ERR1075184
34051.0,445,genus,0.00401204,Legionella,ERR1075184
34051.0,150022,genus,0.00401204,Finegoldia,ERR1075184
34051.0,332102,genus,0.00401204,Fluviicola,ERR1075184
34051.0,42447,genus,0.00401204,Anaerobranca,ERR1075184
34051.0,57493,genus,0.00401204,Kocuria,ERR1075184
34051.0,1843210,genus,0.00401204,Anaerocolumna,ERR1075184
34051.0,1827,genus,0.00401204,Rhodococcus,ERR1075184
34051.0,830,genus,0.00401204,Butyrivibrio,ERR1075184
34051.0,28453,genus,0.00401204,Sphingobacterium,ERR1075184
34051.0,233191,genus,0.00401204,Caldilinea,ERR1075184
34051.0,84567,genus,0.00401204,Pedobacter,ERR1075184
34051.0,146813,genus,0.00401204,Dendrosporobacter,ERR1075184
34051.0,1279,genus,0.00401204,Staphylococcus,ERR1075184
34051.0,52784,genus,0.00401204,Anaerofilum,ERR1075184
34051.0,55080,genus,0.00401204,Brevibacillus,ERR1075184
34051.0,29465,genus,0.00401204,Veillonella,ERR1075184
34051.0,28138,genus,0.00401204,Rikenella,ERR1075184
34051.0,970,genus,0.00401204,Selenomonas,ERR1075184
34051.0,1883,genus,0.00401204,Streptomyces,ERR1075184
34051.0,1378,genus,0.00401204,Gemella,ERR1075184
34051.0,42255,genus,0.00401204,Rubrobacter,ERR1075184
,-1,genus,27.5266,Unknown,ERR1075184
34051.0,816,genus,19.8034,Bacteroides,ERR1075184
34051.0,216851,genus,11.0371,Faecalibacterium,ERR1075184
34051.0,459786,genus,4.42528,Oscillibacter,ERR1075184
34051.0,39948,genus,4.4012,Dialister,ERR1075184
34051.0,1508657,genus,3.12538,Ruminiclostridium,ERR1075184
34051.0,1506553,genus,2.98897,Lachnoclostridium,ERR1075184
34051.0,1730,genus,2.83651,Eubacterium,ERR1075184
34051.0,244127,genus,2.5677,Anaerotruncus,ERR1075184
34051.0,572511,genus,2.43932,Blautia,ERR1075184
34051.0,838,genus,2.38315,Prevotella,ERR1075184
34051.0,1263,genus,2.24674,Ruminococcus,ERR1075184
34051.0,397864,genus,2.06219,Barnesiella,ERR1075184
34051.0,375288,genus,1.74925,Parabacteroides,ERR1075184
34051.0,239759,genus,1.74925,Alistipes,ERR1075184
34051.0,172900,genus,1.07924,Victivallis,ERR1075184
34051.0,33042,genus,1.04313,Coprococcus,ERR1075184
34051.0,904,genus,1.01906,Acidaminococcus,ERR1075184
34051.0,841,genus,0.882648,Roseburia,ERR1075184
34051.0,1678,genus,0.597793,Bifidobacterium,ERR1075184
34051.0,872,genus,0.525577,Desulfovibrio,ERR1075184
34051.0,100175,genus,0.445336,Papillibacter,ERR1075184
34051.0,1505663,genus,0.429288,Erysipelatoclostridium,ERR1075184
34051.0,1485,genus,0.268806,Clostridium,ERR1075184
34051.0,40544,genus,0.204614,Sutterella,ERR1075184
34051.0,44748,genus,0.19659,Sporobacter,ERR1075184
34051.0,35832,genus,0.152457,Bilophila,ERR1075184
34051.0,1573535,genus,0.136409,Holdemanella,ERR1075184
34051.0,189330,genus,0.132397,Dorea,ERR1075184
34051.0,1301,genus,0.128385,Streptococcus,ERR1075184
34051.0,990721,genus,0.0802407,Christensenella,ERR1075184
34051.0,846,genus,0.0601805,Oxalobacter,ERR1075184
34051.0,84111,genus,0.0561685,Eggerthella,ERR1075184
34051.0,836,genus,0.0561685,Porphyromonas,ERR1075184
34051.0,1380,genus,0.0521565,Atopobium,ERR1075184
34051.0,41273,genus,0.0401204,Tissierella,ERR1075184
34051.0,283168,genus,0.0401204,Odoribacter,ERR1075184
34051.0,577310,genus,0.0361083,Parasutterella,ERR1075184
34051.0,207244,genus,0.0361083,Anaerostipes,ERR1075184
34051.0,61170,genus,0.0320963,Holdemania,ERR1075184
34051.0,1505657,genus,0.0200602,Intestinibacter,ERR1075184
34051.0,1578,genus,0.0200602,Lactobacillus,ERR1075184
34051.0,286,genus,0.0160481,Pseudomonas,ERR1075184
34051.0,61434,genus,0.0160481,Dehalococcoides,ERR1075184
34051.0,1386,genus,0.0160481,Bacillus,ERR1075184
34051.0,165779,genus,0.0120361,Anaerococcus,ERR1075184
34051.0,724,genus,0.0120361,Haemophilus,ERR1075184
34051.0,239934,genus,0.0120361,Akkermansia,ERR1075184
34051.0,577309,genus,0.0120361,Paraprevotella,ERR1075184
34051.0,590,genus,0.00802407,Salmonella,ERR1075184
34051.0,1486726,genus,0.00802407,Pseudobacteroides,ERR1075184
34051.0,100883,genus,0.00802407,Coprobacillus,ERR1075184
34051.0,200677,genus,0.00802407,Meniscus,ERR1075184
34051.0,1378,genus,0.00401204,Gemella,ERR1075184
34051.0,42255,genus,0.00401204,Rubrobacter,ERR1075184
34051.0,2373,genus,0.00401204,Acetonema,ERR1075184
34051.0,1017280,genus,0.00401204,Pseudoflavonifractor,ERR1075184
34051.0,1210119,genus,0.00401204,Ohtaekwangia,ERR1075184
34051.0,55079,genus,0.00401204,Aneurinibacillus,ERR1075184
34051.0,1357,genus,0.00401204,Lactococcus,ERR1075184
34051.0,1618113,genus,0.00401204,Saccharicrinis,ERR1075184
34051.0,233189,genus,0.00401204,Anaerolinea,ERR1075184
34051.0,117563,genus,0.00401204,Granulicatella,ERR1075184
34051.0,1134403,genus,0.00401204,Melioribacter,ERR1075184
34051.0,270497,genus,0.00401204,Catabacter,ERR1075184
34051.0,13334,genus,0.00401204,Anaerobiospirillum,ERR1075184
34051.0,795750,genus,0.00401204,Ignavibacterium,ERR1075184
34051.0,644652,genus,0.00401204,Gordonibacter,ERR1075184
34051.0,2132,genus,0.00401204,Spiroplasma,ERR1075184
34051.0,848,genus,0.00401204,Fusobacterium,ERR1075184
34051.0,1716,genus,0.00401204,Corynebacterium,ERR1075184
34051.0,2147,genus,0.00401204,Acholeplasma,ERR1075184
34051.0,445,genus,0.00401204,Legionella,ERR1075184
34051.0,150022,genus,0.00401204,Finegoldia,ERR1075184
34051.0,332102,genus,0.00401204,Fluviicola,ERR1075184
34051.0,42447,genus,0.00401204,Anaerobranca,ERR1075184
34051.0,57493,genus,0.00401204,Kocuria,ERR1075184
34051.0,1843210,genus,0.00401204,Anaerocolumna,ERR1075184
34051.0,1827,genus,0.00401204,Rhodococcus,ERR1075184
34051.0,830,genus,0.00401204,Butyrivibrio,ERR1075184
34051.0,28453,genus,0.00401204,Sphingobacterium,ERR1075184
34051.0,233191,genus,0.00401204,Caldilinea,ERR1075184
34051.0,84567,genus,0.00401204,Pedobacter,ERR1075184
34051.0,146813,genus,0.00401204,Dendrosporobacter,ERR1075184
34051.0,1279,genus,0.00401204,Staphylococcus,ERR1075184
34051.0,52784,genus,0.00401204,Anaerofilum,ERR1075184
34051.0,55080,genus,0.00401204,Brevibacillus,ERR1075184
34051.0,29465,genus,0.00401204,Veillonella,ERR1075184
34051.0,28138,genus,0.00401204,Rikenella,ERR1075184
34051.0,970,genus,0.00401204,Selenomonas,ERR1075184
34051.0,1883,genus,0.00401204,Streptomyces,ERR1075184
,-1,genus,27.5266,Unknown,ERR1075184
46583.0,816,genus,47.4587,Bacteroides,ERR1075201
46583.0,216851,genus,13.0342,Faecalibacterium,ERR1075201
46583.0,1730,genus,3.8056,Eubacterium,ERR1075201
46583.0,33042,genus,2.60531,Coprococcus,ERR1075201
46583.0,239934,genus,2.2547,Akkermansia,ERR1075201
46583.0,1508657,genus,2.13441,Ruminiclostridium,ERR1075201
46583.0,239759,genus,2.00645,Alistipes,ERR1075201
46583.0,1279,genus,1.7019,Staphylococcus,ERR1075201
46583.0,397864,genus,1.44342,Barnesiella,ERR1075201
46583.0,375288,genus,1.16702,Parabacteroides,ERR1075201
46583.0,1506553,genus,0.946921,Lachnoclostridium,ERR1075201
46583.0,459786,genus,0.926447,Oscillibacter,ERR1075201
46583.0,841,genus,0.731945,Roseburia,ERR1075201
46583.0,286,genus,0.591186,Pseudomonas,ERR1075201
46583.0,1505663,genus,0.573271,Erysipelatoclostridium,ERR1075201
46583.0,572511,genus,0.54256,Blautia,ERR1075201
46583.0,577310,genus,0.483698,Parasutterella,ERR1075201
46583.0,1485,genus,0.432513,Clostridium,ERR1075201
46583.0,1386,genus,0.422276,Bacillus,ERR1075201
46583.0,1263,genus,0.404361,Ruminococcus,ERR1075201
46583.0,904,genus,0.37365,Acidaminococcus,ERR1075201
46583.0,244127,genus,0.299432,Anaerotruncus,ERR1075201
46583.0,1301,genus,0.243128,Streptococcus,ERR1075201
46583.0,44748,genus,0.232891,Sporobacter,ERR1075201
46583.0,117563,genus,0.217536,Granulicatella,ERR1075201
46583.0,1678,genus,0.181707,Bifidobacterium,ERR1075201
46583.0,469,genus,0.16891,Acinetobacter,ERR1075201
46583.0,283168,genus,0.115166,Odoribacter,ERR1075201
46583.0,1506577,genus,0.0972514,Tyzzerella,ERR1075201
46583.0,872,genus,0.0793366,Desulfovibrio,ERR1075201
46583.0,66831,genus,0.0614219,Facklamia,ERR1075201
46583.0,990721,genus,0.0537442,Christensenella,ERR1075201
46583.0,660628,genus,0.0537442,Insolitispirillum,ERR1075201
46583.0,442430,genus,0.0435072,Coraliomargarita,ERR1075201
46583.0,1578,genus,0.0409479,Lactobacillus,ERR1075201
46583.0,838,genus,0.0383887,Prevotella,ERR1075201
46583.0,189330,genus,0.0383887,Dorea,ERR1075201
46583.0,61170,genus,0.0281517,Holdemania,ERR1075201
46583.0,1080709,genus,0.0281517,Methanomassiliicoccus,ERR1075201
46583.0,338,genus,0.0281517,Xanthomonas,ERR1075201
46583.0,182709,genus,0.0230332,Oceanobacillus,ERR1075201
46583.0,846,genus,0.020474,Oxalobacter,ERR1075201
46583.0,1716,genus,0.0179147,Corynebacterium,ERR1075201
46583.0,150022,genus,0.0179147,Finegoldia,ERR1075201
46583.0,1505657,genus,0.0179147,Intestinibacter,ERR1075201
46583.0,278993,genus,0.0179147,Thermincola,ERR1075201
46583.0,46205,genus,0.0153555,Pseudobutyrivibrio,ERR1075201
46583.0,724,genus,0.0153555,Haemophilus,ERR1075201
46583.0,29465,genus,0.0153555,Veillonella,ERR1075201
46583.0,1663,genus,0.0153555,Arthrobacter,ERR1075201
46583.0,963,genus,0.0127962,Herbaspirillum,ERR1075201
46583.0,162289,genus,0.0127962,Peptoniphilus,ERR1075201
46583.0,346096,genus,0.010237,Paludibacter,ERR1075201
46583.0,475,genus,0.010237,Moraxella,ERR1075201
46583.0,207244,genus,0.010237,Anaerostipes,ERR1075201
46583.0,82802,genus,0.00767774,Trichococcus,ERR1075201
46583.0,1372,genus,0.00767774,Planococcus,ERR1075201
46583.0,165695,genus,0.00767774,Sphingobium,ERR1075201
46583.0,577309,genus,0.00511849,Paraprevotella,ERR1075201
46583.0,84406,genus,0.00511849,Virgibacillus,ERR1075201
46583.0,233189,genus,0.00511849,Anaerolinea,ERR1075201
46583.0,32207,genus,0.00511849,Rothia,ERR1075201
46583.0,693074,genus,0.00511849,Caldisericum,ERR1075201
46583.0,1380,genus,0.00511849,Atopobium,ERR1075201
46583.0,1843210,genus,0.00511849,Anaerocolumna,ERR1075201
46583.0,59732,genus,0.00511849,Chryseobacterium,ERR1075201
46583.0,795750,genus,0.00511849,Ignavibacterium,ERR1075201
46583.0,79206,genus,0.00511849,Desulfosporosinus,ERR1075201
46583.0,869806,genus,0.00511849,Marivirga,ERR1075201
46583.0,43996,genus,0.00511849,Catonella,ERR1075201
46583.0,274470,genus,0.00255925,Alkalibacter,ERR1075201
46583.0,84111,genus,0.00255925,Eggerthella,ERR1075201
46583.0,84034,genus,0.00255925,Propionispira,ERR1075201
46583.0,55506,genus,0.00255925,Schwartzia,ERR1075201
46583.0,1654,genus,0.00255925,Actinomyces,ERR1075201
46583.0,1253,genus,0.00255925,Pediococcus,ERR1075201
46583.0,715222,genus,0.00255925,Caldicoprobacter,ERR1075201
46583.0,1569,genus,0.00255925,Sporosarcina,ERR1075201
46583.0,28453,genus,0.00255925,Sphingobacterium,ERR1075201
46583.0,42255,genus,0.00255925,Rubrobacter,ERR1075201
46583.0,836,genus,0.00255925,Porphyromonas,ERR1075201
46583.0,1350,genus,0.00255925,Enterococcus,ERR1075201
46583.0,61434,genus,0.00255925,Dehalococcoides,ERR1075201
46583.0,237,genus,0.00255925,Flavobacterium,ERR1075201
46583.0,1279388,genus,0.00255925,Kandleria,ERR1075201
46583.0,100175,genus,0.00255925,Papillibacter,ERR1075201
46583.0,28261,genus,0.00255925,Thermodesulfovibrio,ERR1075201
46583.0,1221880,genus,0.00255925,Psychrobacillus,ERR1075201
46583.0,590,genus,0.00255925,Salmonella,ERR1075201
46583.0,1647,genus,0.00255925,Erysipelothrix,ERR1075201
46583.0,294702,genus,0.00255925,Proteiniphilum,ERR1075201
46583.0,400634,genus,0.00255925,Lysinibacillus,ERR1075201
46583.0,131079,genus,0.00255925,Limnobacter,ERR1075201
,-1,genus,13.0573,Unknown,ERR1075201
35745.0,816,genus,27.7902,Bacteroides,ERR1075202
35745.0,216851,genus,4.89529,Faecalibacterium,ERR1075202
35745.0,572511,genus,1.52978,Blautia,ERR1075202
35745.0,1730,genus,0.719641,Eubacterium,ERR1075202
35745.0,583,genus,0.693786,Proteus,ERR1075202
35745.0,286,genus,0.637766,Pseudomonas,ERR1075202
35745.0,1506553,genus,0.620529,Lachnoclostridium,ERR1075202
35745.0,841,genus,0.564509,Roseburia,ERR1075202
35745.0,39948,genus,0.486943,Dialister,ERR1075202
35745.0,459786,genus,0.361975,Oscillibacter,ERR1075202
35745.0,244127,genus,0.353357,Anaerotruncus,ERR1075202
35745.0,838,genus,0.331811,Prevotella,ERR1075202
35745.0,168808,genus,0.293028,Sneathia,ERR1075202
35745.0,1505657,genus,0.146514,Intestinibacter,ERR1075202
35745.0,61170,genus,0.142205,Holdemania,ERR1075202
35745.0,1508657,genus,0.129277,Ruminiclostridium,ERR1075202
35745.0,1505663,genus,0.0948031,Erysipelatoclostridium,ERR1075202
35745.0,1263,genus,0.0861846,Ruminococcus,ERR1075202
35745.0,1301,genus,0.0689477,Streptococcus,ERR1075202
35745.0,836,genus,0.0603292,Porphyromonas,ERR1075202
35745.0,1485,genus,0.0603292,Clostridium,ERR1075202
35745.0,207244,genus,0.05602,Anaerostipes,ERR1075202
35745.0,40544,genus,0.05602,Sutterella,ERR1075202
35745.0,2129,genus,0.0517108,Ureaplasma,ERR1075202
35745.0,1506577,genus,0.0344738,Tyzzerella,ERR1075202
35745.0,872,genus,0.0344738,Desulfovibrio,ERR1075202
35745.0,1350,genus,0.0301646,Enterococcus,ERR1075202
35745.0,239934,genus,0.0301646,Akkermansia,ERR1075202
35745.0,375288,genus,0.0301646,Parabacteroides,ERR1075202
35745.0,1678,genus,0.0301646,Bifidobacterium,ERR1075202
35745.0,561,genus,0.0258554,Escherichia,ERR1075202
35745.0,84111,genus,0.0258554,Eggerthella,ERR1075202
35745.0,29465,genus,0.0258554,Veillonella,ERR1075202
35745.0,963,genus,0.0215462,Herbaspirillum,ERR1075202
35745.0,724,genus,0.0215462,Haemophilus,ERR1075202
35745.0,239759,genus,0.0172369,Alistipes,ERR1075202
35745.0,590,genus,0.0172369,Salmonella,ERR1075202
35745.0,44748,genus,0.0172369,Sporobacter,ERR1075202
35745.0,189330,genus,0.0129277,Dorea,ERR1075202
35745.0,577309,genus,0.0129277,Paraprevotella,ERR1075202
35745.0,165779,genus,0.0129277,Anaerococcus,ERR1075202
35745.0,397864,genus,0.0129277,Barnesiella,ERR1075202
35745.0,59732,genus,0.0129277,Chryseobacterium,ERR1075202
35745.0,162289,genus,0.0129277,Peptoniphilus,ERR1075202
35745.0,445,genus,0.0129277,Legionella,ERR1075202
35745.0,100883,genus,0.00861846,Coprobacillus,ERR1075202
35745.0,1654,genus,0.00861846,Actinomyces,ERR1075202
35745.0,469,genus,0.00861846,Acinetobacter,ERR1075202
35745.0,2701,genus,0.00861846,Gardnerella,ERR1075202
35745.0,898,genus,0.00861846,Desulfomicrobium,ERR1075202
35745.0,34037,genus,0.00861846,Rahnella,ERR1075202
35745.0,413496,genus,0.00861846,Cronobacter,ERR1075202
35745.0,332248,genus,0.00861846,Truepera,ERR1075202
35745.0,28453,genus,0.00861846,Sphingobacterium,ERR1075202
35745.0,626,genus,0.00861846,Xenorhabdus,ERR1075202
35745.0,1843210,genus,0.00861846,Anaerocolumna,ERR1075202
35745.0,29580,genus,0.00861846,Janthinobacterium,ERR1075202
35745.0,180541,genus,0.00861846,Salinisphaera,ERR1075202
35745.0,106633,genus,0.00861846,Thioalkalivibrio,ERR1075202
35745.0,59753,genus,0.00861846,Alcanivorax,ERR1075202
35745.0,543311,genus,0.00430923,Parvimonas,ERR1075202
35745.0,795750,genus,0.00430923,Ignavibacterium,ERR1075202
35745.0,620,genus,0.00430923,Shigella,ERR1075202
35745.0,767891,genus,0.00430923,Candidatus Puniceispirillum,ERR1075202
35745.0,71655,genus,0.00430923,Brenneria,ERR1075202
35745.0,702,genus,0.00430923,Plesiomonas,ERR1075202
35745.0,84565,genus,0.00430923,Sodalis,ERR1075202
35745.0,34104,genus,0.00430923,Streptobacillus,ERR1075202
35745.0,28138,genus,0.00430923,Rikenella,ERR1075202
35745.0,33042,genus,0.00430923,Coprococcus,ERR1075202
35745.0,44249,genus,0.00430923,Paenibacillus,ERR1075202
35745.0,1017280,genus,0.00430923,Pseudoflavonifractor,ERR1075202
35745.0,1548510,genus,0.00430923,Microbacter,ERR1075202
35745.0,41273,genus,0.00430923,Tissierella,ERR1075202
35745.0,1486726,genus,0.00430923,Pseudobacteroides,ERR1075202
35745.0,53335,genus,0.00430923,Pantoea,ERR1075202
35745.0,442869,genus,0.00430923,Acanthopleuribacter,ERR1075202
35745.0,233191,genus,0.00430923,Caldilinea,ERR1075202
35745.0,1870884,genus,0.00430923,Clostridioides,ERR1075202
35745.0,226,genus,0.00430923,Alteromonas,ERR1075202
35745.0,904,genus,0.00430923,Acidaminococcus,ERR1075202
35745.0,283,genus,0.00430923,Comamonas,ERR1075202
35745.0,84034,genus,0.00430923,Propionispira,ERR1075202
35745.0,55080,genus,0.00430923,Brevibacillus,ERR1075202
35745.0,1578,genus,0.00430923,Lactobacillus,ERR1075202
35745.0,34067,genus,0.00430923,Cycloclasticus,ERR1075202
35745.0,2299,genus,0.00430923,Desulfosarcina,ERR1075202
35745.0,848,genus,0.00430923,Fusobacterium,ERR1075202
35745.0,670486,genus,0.00430923,Dehalogenimonas,ERR1075202
35745.0,1380,genus,0.00430923,Atopobium,ERR1075202
35745.0,420345,genus,0.00430923,Lactonifactor,ERR1075202
35745.0,579,genus,0.00430923,Kluyvera,ERR1075202
35745.0,1030,genus,0.00430923,Thiothrix,ERR1075202
,-1,genus,58.7219,Unknown,ERR1075202
46584.0,816,genus,27.6255,Bacteroides,ERR1075215
46584.0,216851,genus,15.2259,Faecalibacterium,ERR1075215
46584.0,841,genus,9.8494,Roseburia,ERR1075215
46584.0,39948,genus,2.95181,Dialister,ERR1075215
46584.0,577309,genus,2.85643,Paraprevotella,ERR1075215
46584.0,572511,genus,2.75602,Blautia,ERR1075215
46584.0,1506553,genus,2.26406,Lachnoclostridium,ERR1075215
46584.0,33042,genus,1.99799,Coprococcus,ERR1075215
46584.0,1730,genus,1.50602,Eubacterium,ERR1075215
46584.0,239759,genus,1.25502,Alistipes,ERR1075215
46584.0,375288,genus,0.928715,Parabacteroides,ERR1075215
46584.0,1505663,genus,0.908635,Erysipelatoclostridium,ERR1075215
46584.0,1678,genus,0.286145,Bifidobacterium,ERR1075215
46584.0,189330,genus,0.245984,Dorea,ERR1075215
46584.0,459786,genus,0.165663,Oscillibacter,ERR1075215
46584.0,41273,genus,0.165663,Tissierella,ERR1075215
46584.0,1508657,genus,0.160643,Ruminiclostridium,ERR1075215
46584.0,46255,genus,0.150602,Weissella,ERR1075215
46584.0,244127,genus,0.125502,Anaerotruncus,ERR1075215
46584.0,162289,genus,0.110442,Peptoniphilus,ERR1075215
46584.0,836,genus,0.0803213,Porphyromonas,ERR1075215
46584.0,61170,genus,0.0803213,Holdemania,ERR1075215
46584.0,165779,genus,0.0753012,Anaerococcus,ERR1075215
46584.0,838,genus,0.0552209,Prevotella,ERR1075215
46584.0,1485,genus,0.0401606,Clostridium,ERR1075215
46584.0,1263,genus,0.0401606,Ruminococcus,ERR1075215
46584.0,1301,genus,0.0351406,Streptococcus,ERR1075215
46584.0,207244,genus,0.0301205,Anaerostipes,ERR1075215
46584.0,397864,genus,0.0301205,Barnesiella,ERR1075215
46584.0,283168,genus,0.0301205,Odoribacter,ERR1075215
46584.0,84111,genus,0.0251004,Eggerthella,ERR1075215
46584.0,2701,genus,0.0200803,Gardnerella,ERR1075215
46584.0,44748,genus,0.0200803,Sporobacter,ERR1075215
46584.0,150022,genus,0.0200803,Finegoldia,ERR1075215
46584.0,1716,genus,0.0150602,Corynebacterium,ERR1075215
46584.0,1378,genus,0.0150602,Gemella,ERR1075215
46584.0,644652,genus,0.0150602,Gordonibacter,ERR1075215
46584.0,84108,genus,0.0150602,Slackia,ERR1075215
46584.0,906,genus,0.0150602,Megasphaera,ERR1075215
46584.0,1380,genus,0.0150602,Atopobium,ERR1075215
46584.0,84567,genus,0.0100402,Pedobacter,ERR1075215
46584.0,1573534,genus,0.0100402,Faecalitalea,ERR1075215
46584.0,52784,genus,0.0100402,Anaerofilum,ERR1075215
46584.0,990721,genus,0.0100402,Christensenella,ERR1075215
46584.0,1386,genus,0.0100402,Bacillus,ERR1075215
46584.0,55079,genus,0.0100402,Aneurinibacillus,ERR1075215
46584.0,795750,genus,0.0100402,Ignavibacterium,ERR1075215
46584.0,40544,genus,0.0100402,Sutterella,ERR1075215
46584.0,1357,genus,0.0100402,Lactococcus,ERR1075215
46584.0,44259,genus,0.0100402,Filifactor,ERR1075215
46584.0,35832,genus,0.0100402,Bilophila,ERR1075215
46584.0,233189,genus,0.0100402,Anaerolinea,ERR1075215
46584.0,262406,genus,0.00502008,Thermobaculum,ERR1075215
46584.0,100883,genus,0.00502008,Coprobacillus,ERR1075215
46584.0,963,genus,0.00502008,Herbaspirillum,ERR1075215
46584.0,55080,genus,0.00502008,Brevibacillus,ERR1075215
46584.0,28453,genus,0.00502008,Sphingobacterium,ERR1075215
46584.0,100175,genus,0.00502008,Papillibacter,ERR1075215
46584.0,872,genus,0.00502008,Desulfovibrio,ERR1075215
46584.0,649461,genus,0.00502008,Lacibacter,ERR1075215
46584.0,294702,genus,0.00502008,Proteiniphilum,ERR1075215
46584.0,848,genus,0.00502008,Fusobacterium,ERR1075215
46584.0,44249,genus,0.00502008,Paenibacillus,ERR1075215
46584.0,146918,genus,0.00502008,Salinibacter,ERR1075215
46584.0,1350,genus,0.00502008,Enterococcus,ERR1075215
46584.0,501783,genus,0.00502008,Cloacibacterium,ERR1075215
46584.0,577310,genus,0.00502008,Parasutterella,ERR1075215
46584.0,332248,genus,0.00502008,Truepera,ERR1075215
46584.0,83612,genus,0.00502008,Psychroflexus,ERR1075215
46584.0,79206,genus,0.00502008,Desulfosporosinus,ERR1075215
46584.0,61434,genus,0.00502008,Dehalococcoides,ERR1075215
46584.0,1236988,genus,0.00502008,Geofilum,ERR1075215
46584.0,420345,genus,0.00502008,Lactonifactor,ERR1075215
46584.0,1017280,genus,0.00502008,Pseudoflavonifractor,ERR1075215
46584.0,286,genus,0.00502008,Pseudomonas,ERR1075215
46584.0,29465,genus,0.00502008,Veillonella,ERR1075215
46584.0,28138,genus,0.00502008,Rikenella,ERR1075215
46584.0,239934,genus,0.00502008,Akkermansia,ERR1075215
46584.0,233191,genus,0.00502008,Caldilinea,ERR1075215
46584.0,86331,genus,0.00502008,Mogibacterium,ERR1075215
,-1,genus,24.3976,Unknown,ERR1075215
46584.0,816,genus,27.6255,Bacteroides,ERR1075215
46584.0,216851,genus,15.2259,Faecalibacterium,ERR1075215
46584.0,841,genus,9.8494,Roseburia,ERR1075215
46584.0,39948,genus,2.95181,Dialister,ERR1075215
46584.0,577309,genus,2.85643,Paraprevotella,ERR1075215
46584.0,572511,genus,2.75602,Blautia,ERR1075215
46584.0,1506553,genus,2.26406,Lachnoclostridium,ERR1075215
46584.0,33042,genus,1.99799,Coprococcus,ERR1075215
46584.0,1730,genus,1.50602,Eubacterium,ERR1075215
46584.0,239759,genus,1.25502,Alistipes,ERR1075215
46584.0,375288,genus,0.928715,Parabacteroides,ERR1075215
46584.0,1505663,genus,0.908635,Erysipelatoclostridium,ERR1075215
46584.0,1678,genus,0.286145,Bifidobacterium,ERR1075215
46584.0,189330,genus,0.245984,Dorea,ERR1075215
46584.0,459786,genus,0.165663,Oscillibacter,ERR1075215
46584.0,41273,genus,0.165663,Tissierella,ERR1075215
46584.0,1508657,genus,0.160643,Ruminiclostridium,ERR1075215
46584.0,46255,genus,0.150602,Weissella,ERR1075215
46584.0,244127,genus,0.125502,Anaerotruncus,ERR1075215
46584.0,162289,genus,0.110442,Peptoniphilus,ERR1075215
46584.0,836,genus,0.0803213,Porphyromonas,ERR1075215
46584.0,61170,genus,0.0803213,Holdemania,ERR1075215
46584.0,165779,genus,0.0753012,Anaerococcus,ERR1075215
46584.0,838,genus,0.0552209,Prevotella,ERR1075215
46584.0,1485,genus,0.0401606,Clostridium,ERR1075215
46584.0,1263,genus,0.0401606,Ruminococcus,ERR1075215
46584.0,1301,genus,0.0351406,Streptococcus,ERR1075215
46584.0,207244,genus,0.0301205,Anaerostipes,ERR1075215
46584.0,397864,genus,0.0301205,Barnesiella,ERR1075215
46584.0,283168,genus,0.0301205,Odoribacter,ERR1075215
46584.0,84111,genus,0.0251004,Eggerthella,ERR1075215
46584.0,2701,genus,0.0200803,Gardnerella,ERR1075215
46584.0,44748,genus,0.0200803,Sporobacter,ERR1075215
46584.0,150022,genus,0.0200803,Finegoldia,ERR1075215
46584.0,1380,genus,0.0150602,Atopobium,ERR1075215
46584.0,1716,genus,0.0150602,Corynebacterium,ERR1075215
46584.0,1378,genus,0.0150602,Gemella,ERR1075215
46584.0,644652,genus,0.0150602,Gordonibacter,ERR1075215
46584.0,84108,genus,0.0150602,Slackia,ERR1075215
46584.0,906,genus,0.0150602,Megasphaera,ERR1075215
46584.0,1357,genus,0.0100402,Lactococcus,ERR1075215
46584.0,44259,genus,0.0100402,Filifactor,ERR1075215
46584.0,35832,genus,0.0100402,Bilophila,ERR1075215
46584.0,233189,genus,0.0100402,Anaerolinea,ERR1075215
46584.0,84567,genus,0.0100402,Pedobacter,ERR1075215
46584.0,1573534,genus,0.0100402,Faecalitalea,ERR1075215
46584.0,52784,genus,0.0100402,Anaerofilum,ERR1075215
46584.0,990721,genus,0.0100402,Christensenella,ERR1075215
46584.0,1386,genus,0.0100402,Bacillus,ERR1075215
46584.0,55079,genus,0.0100402,Aneurinibacillus,ERR1075215
46584.0,795750,genus,0.0100402,Ignavibacterium,ERR1075215
46584.0,40544,genus,0.0100402,Sutterella,ERR1075215
46584.0,29465,genus,0.00502008,Veillonella,ERR1075215
46584.0,28138,genus,0.00502008,Rikenella,ERR1075215
46584.0,239934,genus,0.00502008,Akkermansia,ERR1075215
46584.0,233191,genus,0.00502008,Caldilinea,ERR1075215
46584.0,86331,genus,0.00502008,Mogibacterium,ERR1075215
46584.0,262406,genus,0.00502008,Thermobaculum,ERR1075215
46584.0,100883,genus,0.00502008,Coprobacillus,ERR1075215
46584.0,963,genus,0.00502008,Herbaspirillum,ERR1075215
46584.0,55080,genus,0.00502008,Brevibacillus,ERR1075215
46584.0,28453,genus,0.00502008,Sphingobacterium,ERR1075215
46584.0,100175,genus,0.00502008,Papillibacter,ERR1075215
46584.0,872,genus,0.00502008,Desulfovibrio,ERR1075215
46584.0,649461,genus,0.00502008,Lacibacter,ERR1075215
46584.0,294702,genus,0.00502008,Proteiniphilum,ERR1075215
46584.0,848,genus,0.00502008,Fusobacterium,ERR1075215
46584.0,44249,genus,0.00502008,Paenibacillus,ERR1075215
46584.0,146918,genus,0.00502008,Salinibacter,ERR1075215
46584.0,1350,genus,0.00502008,Enterococcus,ERR1075215
46584.0,501783,genus,0.00502008,Cloacibacterium,ERR1075215
46584.0,577310,genus,0.00502008,Parasutterella,ERR1075215
46584.0,332248,genus,0.00502008,Truepera,ERR1075215
46584.0,83612,genus,0.00502008,Psychroflexus,ERR1075215
46584.0,79206,genus,0.00502008,Desulfosporosinus,ERR1075215
46584.0,61434,genus,0.00502008,Dehalococcoides,ERR1075215
46584.0,1236988,genus,0.00502008,Geofilum,ERR1075215
46584.0,420345,genus,0.00502008,Lactonifactor,ERR1075215
46584.0,1017280,genus,0.00502008,Pseudoflavonifractor,ERR1075215
46584.0,286,genus,0.00502008,Pseudomonas,ERR1075215
,-1,genus,24.3976,Unknown,ERR1075215
34052.0,283168,genus,13.6129,Odoribacter,ERR1075224
34052.0,816,genus,13.0462,Bacteroides,ERR1075224
34052.0,459786,genus,8.45565,Oscillibacter,ERR1075224
34052.0,239759,genus,7.80958,Alistipes,ERR1075224
34052.0,216851,genus,5.17427,Faecalibacterium,ERR1075224
34052.0,572511,genus,4.64721,Blautia,ERR1075224
34052.0,1263,genus,4.52819,Ruminococcus,ERR1075224
34052.0,397864,genus,2.65231,Barnesiella,ERR1075224
34052.0,1730,genus,2.36894,Eubacterium,ERR1075224
34052.0,44748,genus,2.34627,Sporobacter,ERR1075224
34052.0,1508657,genus,2.23859,Ruminiclostridium,ERR1075224
34052.0,1505663,genus,2.22726,Erysipelatoclostridium,ERR1075224
34052.0,375288,genus,1.65486,Parabacteroides,ERR1075224
34052.0,904,genus,1.00878,Acidaminococcus,ERR1075224
34052.0,1506553,genus,0.923774,Lachnoclostridium,ERR1075224
34052.0,872,genus,0.770757,Desulfovibrio,ERR1075224
34052.0,841,genus,0.759422,Roseburia,ERR1075224
34052.0,244127,genus,0.606404,Anaerotruncus,ERR1075224
34052.0,33042,genus,0.374044,Coprococcus,ERR1075224
34052.0,239934,genus,0.362709,Akkermansia,ERR1075224
34052.0,172900,genus,0.31737,Victivallis,ERR1075224
34052.0,189330,genus,0.311703,Dorea,ERR1075224
34052.0,577310,genus,0.226693,Parasutterella,ERR1075224
34052.0,1573534,genus,0.209691,Faecalitalea,ERR1075224
34052.0,35832,genus,0.204024,Bilophila,ERR1075224
34052.0,207244,genus,0.181354,Anaerostipes,ERR1075224
34052.0,1678,genus,0.164353,Bifidobacterium,ERR1075224
34052.0,84111,genus,0.153018,Eggerthella,ERR1075224
34052.0,1505657,genus,0.153018,Intestinibacter,ERR1075224
34052.0,1485,genus,0.124681,Clostridium,ERR1075224
34052.0,52784,genus,0.102012,Anaerofilum,ERR1075224
34052.0,838,genus,0.0850099,Prevotella,ERR1075224
34052.0,61170,genus,0.0850099,Holdemania,ERR1075224
34052.0,1578,genus,0.0566733,Lactobacillus,ERR1075224
34052.0,46205,genus,0.051006,Pseudobutyrivibrio,ERR1075224
34052.0,836,genus,0.0396713,Porphyromonas,ERR1075224
34052.0,61434,genus,0.034004,Dehalococcoides,ERR1075224
34052.0,990721,genus,0.034004,Christensenella,ERR1075224
34052.0,162289,genus,0.0283366,Peptoniphilus,ERR1075224
34052.0,1386,genus,0.0226693,Bacillus,ERR1075224
34052.0,39948,genus,0.0226693,Dialister,ERR1075224
34052.0,102106,genus,0.0226693,Collinsella,ERR1075224
34052.0,286,genus,0.0226693,Pseudomonas,ERR1075224
34052.0,165779,genus,0.0226693,Anaerococcus,ERR1075224
34052.0,1380,genus,0.017002,Atopobium,ERR1075224
34052.0,346096,genus,0.017002,Paludibacter,ERR1075224
34052.0,233189,genus,0.017002,Anaerolinea,ERR1075224
34052.0,146813,genus,0.017002,Dendrosporobacter,ERR1075224
34052.0,1716,genus,0.017002,Corynebacterium,ERR1075224
34052.0,1200657,genus,0.0113347,Saccharofermentans,ERR1075224
34052.0,724,genus,0.0113347,Haemophilus,ERR1075224
34052.0,670486,genus,0.0113347,Dehalogenimonas,ERR1075224
34052.0,36853,genus,0.0113347,Desulfitobacterium,ERR1075224
34052.0,184869,genus,0.0113347,Varibaculum,ERR1075224
34052.0,233191,genus,0.0113347,Caldilinea,ERR1075224
34052.0,1017280,genus,0.0113347,Pseudoflavonifractor,ERR1075224
34052.0,100883,genus,0.0113347,Coprobacillus,ERR1075224
34052.0,1471399,genus,0.0113347,Draconibacterium,ERR1075224
34052.0,1301,genus,0.0113347,Streptococcus,ERR1075224
34052.0,29465,genus,0.0113347,Veillonella,ERR1075224
34052.0,209,genus,0.00566733,Helicobacter,ERR1075224
34052.0,286130,genus,0.00566733,Sulfuricurvum,ERR1075224
34052.0,44249,genus,0.00566733,Paenibacillus,ERR1075224
34052.0,1843210,genus,0.00566733,Anaerocolumna,ERR1075224
34052.0,1234,genus,0.00566733,Nitrospira,ERR1075224
34052.0,86331,genus,0.00566733,Mogibacterium,ERR1075224
34052.0,1870884,genus,0.00566733,Clostridioides,ERR1075224
34052.0,195950,genus,0.00566733,Tannerella,ERR1075224
34052.0,963,genus,0.00566733,Herbaspirillum,ERR1075224
34052.0,830,genus,0.00566733,Butyrivibrio,ERR1075224
34052.0,1134403,genus,0.00566733,Melioribacter,ERR1075224
34052.0,2299,genus,0.00566733,Desulfosarcina,ERR1075224
34052.0,28138,genus,0.00566733,Rikenella,ERR1075224
34052.0,1506577,genus,0.00566733,Tyzzerella,ERR1075224
34052.0,55080,genus,0.00566733,Brevibacillus,ERR1075224
34052.0,1253,genus,0.00566733,Pediococcus,ERR1075224
34052.0,41273,genus,0.00566733,Tissierella,ERR1075224
34052.0,2747,genus,0.00566733,Carnobacterium,ERR1075224
34052.0,1357,genus,0.00566733,Lactococcus,ERR1075224
34052.0,42255,genus,0.00566733,Rubrobacter,ERR1075224
34052.0,84108,genus,0.00566733,Slackia,ERR1075224
34052.0,1279,genus,0.00566733,Staphylococcus,ERR1075224
34052.0,117563,genus,0.00566733,Granulicatella,ERR1075224
34052.0,590,genus,0.00566733,Salmonella,ERR1075224
34052.0,2740,genus,0.00566733,Peptococcus,ERR1075224
34052.0,929509,genus,0.00566733,Solitalea,ERR1075224
34052.0,644652,genus,0.00566733,Gordonibacter,ERR1075224
34052.0,79206,genus,0.00566733,Desulfosporosinus,ERR1075224
34052.0,84567,genus,0.00566733,Pedobacter,ERR1075224
34052.0,270497,genus,0.00566733,Catabacter,ERR1075224
,-1,genus,21.0938,Unknown,ERR1075224
34052.0,283168,genus,13.6129,Odoribacter,ERR1075224
34052.0,816,genus,13.0462,Bacteroides,ERR1075224
34052.0,459786,genus,8.45565,Oscillibacter,ERR1075224
34052.0,239759,genus,7.80958,Alistipes,ERR1075224
34052.0,216851,genus,5.17427,Faecalibacterium,ERR1075224
34052.0,572511,genus,4.64721,Blautia,ERR1075224
34052.0,1263,genus,4.52819,Ruminococcus,ERR1075224
34052.0,397864,genus,2.65231,Barnesiella,ERR1075224
34052.0,1730,genus,2.36894,Eubacterium,ERR1075224
34052.0,44748,genus,2.34627,Sporobacter,ERR1075224
34052.0,1508657,genus,2.23859,Ruminiclostridium,ERR1075224
34052.0,1505663,genus,2.22726,Erysipelatoclostridium,ERR1075224
34052.0,375288,genus,1.65486,Parabacteroides,ERR1075224
34052.0,904,genus,1.00878,Acidaminococcus,ERR1075224
34052.0,1506553,genus,0.923774,Lachnoclostridium,ERR1075224
34052.0,872,genus,0.770757,Desulfovibrio,ERR1075224
34052.0,841,genus,0.759422,Roseburia,ERR1075224
34052.0,244127,genus,0.606404,Anaerotruncus,ERR1075224
34052.0,33042,genus,0.374044,Coprococcus,ERR1075224
34052.0,239934,genus,0.362709,Akkermansia,ERR1075224
34052.0,172900,genus,0.31737,Victivallis,ERR1075224
34052.0,189330,genus,0.311703,Dorea,ERR1075224
34052.0,577310,genus,0.226693,Parasutterella,ERR1075224
34052.0,1573534,genus,0.209691,Faecalitalea,ERR1075224
34052.0,35832,genus,0.204024,Bilophila,ERR1075224
34052.0,207244,genus,0.181354,Anaerostipes,ERR1075224
34052.0,1678,genus,0.164353,Bifidobacterium,ERR1075224
34052.0,84111,genus,0.153018,Eggerthella,ERR1075224
34052.0,1505657,genus,0.153018,Intestinibacter,ERR1075224
34052.0,1485,genus,0.124681,Clostridium,ERR1075224
34052.0,52784,genus,0.102012,Anaerofilum,ERR1075224
34052.0,838,genus,0.0850099,Prevotella,ERR1075224
34052.0,61170,genus,0.0850099,Holdemania,ERR1075224
34052.0,1578,genus,0.0566733,Lactobacillus,ERR1075224
34052.0,46205,genus,0.051006,Pseudobutyrivibrio,ERR1075224
34052.0,836,genus,0.0396713,Porphyromonas,ERR1075224
34052.0,61434,genus,0.034004,Dehalococcoides,ERR1075224
34052.0,990721,genus,0.034004,Christensenella,ERR1075224
34052.0,162289,genus,0.0283366,Peptoniphilus,ERR1075224
34052.0,39948,genus,0.0226693,Dialister,ERR1075224
34052.0,1386,genus,0.0226693,Bacillus,ERR1075224
34052.0,102106,genus,0.0226693,Collinsella,ERR1075224
34052.0,165779,genus,0.0226693,Anaerococcus,ERR1075224
34052.0,286,genus,0.0226693,Pseudomonas,ERR1075224
34052.0,146813,genus,0.017002,Dendrosporobacter,ERR1075224
34052.0,1716,genus,0.017002,Corynebacterium,ERR1075224
34052.0,1380,genus,0.017002,Atopobium,ERR1075224
34052.0,346096,genus,0.017002,Paludibacter,ERR1075224
34052.0,233189,genus,0.017002,Anaerolinea,ERR1075224
34052.0,233191,genus,0.0113347,Caldilinea,ERR1075224
34052.0,1017280,genus,0.0113347,Pseudoflavonifractor,ERR1075224
34052.0,100883,genus,0.0113347,Coprobacillus,ERR1075224
34052.0,1471399,genus,0.0113347,Draconibacterium,ERR1075224
34052.0,1301,genus,0.0113347,Streptococcus,ERR1075224
34052.0,29465,genus,0.0113347,Veillonella,ERR1075224
34052.0,1200657,genus,0.0113347,Saccharofermentans,ERR1075224
34052.0,724,genus,0.0113347,Haemophilus,ERR1075224
34052.0,670486,genus,0.0113347,Dehalogenimonas,ERR1075224
34052.0,36853,genus,0.0113347,Desulfitobacterium,ERR1075224
34052.0,184869,genus,0.0113347,Varibaculum,ERR1075224
34052.0,1357,genus,0.00566733,Lactococcus,ERR1075224
34052.0,42255,genus,0.00566733,Rubrobacter,ERR1075224
34052.0,84108,genus,0.00566733,Slackia,ERR1075224
34052.0,1279,genus,0.00566733,Staphylococcus,ERR1075224
34052.0,117563,genus,0.00566733,Granulicatella,ERR1075224
34052.0,590,genus,0.00566733,Salmonella,ERR1075224
34052.0,2740,genus,0.00566733,Peptococcus,ERR1075224
34052.0,929509,genus,0.00566733,Solitalea,ERR1075224
34052.0,79206,genus,0.00566733,Desulfosporosinus,ERR1075224
34052.0,644652,genus,0.00566733,Gordonibacter,ERR1075224
34052.0,84567,genus,0.00566733,Pedobacter,ERR1075224
34052.0,270497,genus,0.00566733,Catabacter,ERR1075224
34052.0,209,genus,0.00566733,Helicobacter,ERR1075224
34052.0,44249,genus,0.00566733,Paenibacillus,ERR1075224
34052.0,1843210,genus,0.00566733,Anaerocolumna,ERR1075224
34052.0,1234,genus,0.00566733,Nitrospira,ERR1075224
34052.0,286130,genus,0.00566733,Sulfuricurvum,ERR1075224
34052.0,1870884,genus,0.00566733,Clostridioides,ERR1075224
34052.0,195950,genus,0.00566733,Tannerella,ERR1075224
34052.0,86331,genus,0.00566733,Mogibacterium,ERR1075224
34052.0,963,genus,0.00566733,Herbaspirillum,ERR1075224
34052.0,830,genus,0.00566733,Butyrivibrio,ERR1075224
34052.0,1134403,genus,0.00566733,Melioribacter,ERR1075224
34052.0,2299,genus,0.00566733,Desulfosarcina,ERR1075224
34052.0,28138,genus,0.00566733,Rikenella,ERR1075224
34052.0,55080,genus,0.00566733,Brevibacillus,ERR1075224
34052.0,1506577,genus,0.00566733,Tyzzerella,ERR1075224
34052.0,41273,genus,0.00566733,Tissierella,ERR1075224
34052.0,2747,genus,0.00566733,Carnobacterium,ERR1075224
34052.0,1253,genus,0.00566733,Pediococcus,ERR1075224
,-1,genus,21.0938,Unknown,ERR1075224
34052.0,283168,genus,13.6129,Odoribacter,ERR1075224
34052.0,816,genus,13.0462,Bacteroides,ERR1075224
34052.0,459786,genus,8.45565,Oscillibacter,ERR1075224
34052.0,239759,genus,7.80958,Alistipes,ERR1075224
34052.0,216851,genus,5.17427,Faecalibacterium,ERR1075224
34052.0,572511,genus,4.64721,Blautia,ERR1075224
34052.0,1263,genus,4.52819,Ruminococcus,ERR1075224
34052.0,397864,genus,2.65231,Barnesiella,ERR1075224
34052.0,1730,genus,2.36894,Eubacterium,ERR1075224
34052.0,44748,genus,2.34627,Sporobacter,ERR1075224
34052.0,1508657,genus,2.23859,Ruminiclostridium,ERR1075224
34052.0,1505663,genus,2.22726,Erysipelatoclostridium,ERR1075224
34052.0,375288,genus,1.65486,Parabacteroides,ERR1075224
34052.0,904,genus,1.00878,Acidaminococcus,ERR1075224
34052.0,1506553,genus,0.923774,Lachnoclostridium,ERR1075224
34052.0,872,genus,0.770757,Desulfovibrio,ERR1075224
34052.0,841,genus,0.759422,Roseburia,ERR1075224
34052.0,244127,genus,0.606404,Anaerotruncus,ERR1075224
34052.0,33042,genus,0.374044,Coprococcus,ERR1075224
34052.0,239934,genus,0.362709,Akkermansia,ERR1075224
34052.0,172900,genus,0.31737,Victivallis,ERR1075224
34052.0,189330,genus,0.311703,Dorea,ERR1075224
34052.0,577310,genus,0.226693,Parasutterella,ERR1075224
34052.0,1573534,genus,0.209691,Faecalitalea,ERR1075224
34052.0,35832,genus,0.204024,Bilophila,ERR1075224
34052.0,207244,genus,0.181354,Anaerostipes,ERR1075224
34052.0,1678,genus,0.164353,Bifidobacterium,ERR1075224
34052.0,84111,genus,0.153018,Eggerthella,ERR1075224
34052.0,1505657,genus,0.153018,Intestinibacter,ERR1075224
34052.0,1485,genus,0.124681,Clostridium,ERR1075224
34052.0,52784,genus,0.102012,Anaerofilum,ERR1075224
34052.0,61170,genus,0.0850099,Holdemania,ERR1075224
34052.0,838,genus,0.0850099,Prevotella,ERR1075224
34052.0,1578,genus,0.0566733,Lactobacillus,ERR1075224
34052.0,46205,genus,0.051006,Pseudobutyrivibrio,ERR1075224
34052.0,836,genus,0.0396713,Porphyromonas,ERR1075224
34052.0,61434,genus,0.034004,Dehalococcoides,ERR1075224
34052.0,990721,genus,0.034004,Christensenella,ERR1075224
34052.0,162289,genus,0.0283366,Peptoniphilus,ERR1075224
34052.0,39948,genus,0.0226693,Dialister,ERR1075224
34052.0,1386,genus,0.0226693,Bacillus,ERR1075224
34052.0,102106,genus,0.0226693,Collinsella,ERR1075224
34052.0,165779,genus,0.0226693,Anaerococcus,ERR1075224
34052.0,286,genus,0.0226693,Pseudomonas,ERR1075224
34052.0,146813,genus,0.017002,Dendrosporobacter,ERR1075224
34052.0,1716,genus,0.017002,Corynebacterium,ERR1075224
34052.0,1380,genus,0.017002,Atopobium,ERR1075224
34052.0,346096,genus,0.017002,Paludibacter,ERR1075224
34052.0,233189,genus,0.017002,Anaerolinea,ERR1075224
34052.0,1471399,genus,0.0113347,Draconibacterium,ERR1075224
34052.0,1301,genus,0.0113347,Streptococcus,ERR1075224
34052.0,29465,genus,0.0113347,Veillonella,ERR1075224
34052.0,1200657,genus,0.0113347,Saccharofermentans,ERR1075224
34052.0,724,genus,0.0113347,Haemophilus,ERR1075224
34052.0,670486,genus,0.0113347,Dehalogenimonas,ERR1075224
34052.0,36853,genus,0.0113347,Desulfitobacterium,ERR1075224
34052.0,184869,genus,0.0113347,Varibaculum,ERR1075224
34052.0,233191,genus,0.0113347,Caldilinea,ERR1075224
34052.0,1017280,genus,0.0113347,Pseudoflavonifractor,ERR1075224
34052.0,100883,genus,0.0113347,Coprobacillus,ERR1075224
34052.0,2740,genus,0.00566733,Peptococcus,ERR1075224
34052.0,929509,genus,0.00566733,Solitalea,ERR1075224
34052.0,79206,genus,0.00566733,Desulfosporosinus,ERR1075224
34052.0,644652,genus,0.00566733,Gordonibacter,ERR1075224
34052.0,84567,genus,0.00566733,Pedobacter,ERR1075224
34052.0,270497,genus,0.00566733,Catabacter,ERR1075224
34052.0,209,genus,0.00566733,Helicobacter,ERR1075224
34052.0,44249,genus,0.00566733,Paenibacillus,ERR1075224
34052.0,1843210,genus,0.00566733,Anaerocolumna,ERR1075224
34052.0,1234,genus,0.00566733,Nitrospira,ERR1075224
34052.0,286130,genus,0.00566733,Sulfuricurvum,ERR1075224
34052.0,1870884,genus,0.00566733,Clostridioides,ERR1075224
34052.0,195950,genus,0.00566733,Tannerella,ERR1075224
34052.0,86331,genus,0.00566733,Mogibacterium,ERR1075224
34052.0,963,genus,0.00566733,Herbaspirillum,ERR1075224
34052.0,830,genus,0.00566733,Butyrivibrio,ERR1075224
34052.0,1134403,genus,0.00566733,Melioribacter,ERR1075224
34052.0,2299,genus,0.00566733,Desulfosarcina,ERR1075224
34052.0,28138,genus,0.00566733,Rikenella,ERR1075224
34052.0,55080,genus,0.00566733,Brevibacillus,ERR1075224
34052.0,1506577,genus,0.00566733,Tyzzerella,ERR1075224
34052.0,41273,genus,0.00566733,Tissierella,ERR1075224
34052.0,2747,genus,0.00566733,Carnobacterium,ERR1075224
34052.0,1253,genus,0.00566733,Pediococcus,ERR1075224
34052.0,1357,genus,0.00566733,Lactococcus,ERR1075224
34052.0,42255,genus,0.00566733,Rubrobacter,ERR1075224
34052.0,84108,genus,0.00566733,Slackia,ERR1075224
34052.0,1279,genus,0.00566733,Staphylococcus,ERR1075224
34052.0,117563,genus,0.00566733,Granulicatella,ERR1075224
34052.0,590,genus,0.00566733,Salmonella,ERR1075224
,-1,genus,21.0938,Unknown,ERR1075224
46545.0,816,genus,52.534,Bacteroides,ERR1075228
46545.0,216851,genus,17.3205,Faecalibacterium,ERR1075228
46545.0,239759,genus,4.01689,Alistipes,ERR1075228
46545.0,1263,genus,2.79681,Ruminococcus,ERR1075228
46545.0,459786,genus,1.49695,Oscillibacter,ERR1075228
46545.0,1506553,genus,1.37025,Lachnoclostridium,ERR1075228
46545.0,1730,genus,1.32332,Eubacterium,ERR1075228
46545.0,572511,genus,1.30924,Blautia,ERR1075228
46545.0,375288,genus,1.02769,Parabacteroides,ERR1075228
46545.0,841,genus,0.825903,Roseburia,ERR1075228
46545.0,904,genus,0.71328,Acidaminococcus,ERR1075228
46545.0,44748,genus,0.323792,Sporobacter,ERR1075228
46545.0,244127,genus,0.305021,Anaerotruncus,ERR1075228
46545.0,1506577,genus,0.305021,Tyzzerella,ERR1075228
46545.0,1508657,genus,0.295636,Ruminiclostridium,ERR1075228
46545.0,61170,genus,0.215861,Holdemania,ERR1075228
46545.0,35832,genus,0.211168,Bilophila,ERR1075228
46545.0,1386,genus,0.145472,Bacillus,ERR1075228
46545.0,1017280,genus,0.140779,Pseudoflavonifractor,ERR1075228
46545.0,469,genus,0.08916,Acinetobacter,ERR1075228
46545.0,100883,genus,0.0703895,Coprobacillus,ERR1075228
46545.0,1505663,genus,0.0703895,Erysipelatoclostridium,ERR1075228
46545.0,1505657,genus,0.0610042,Intestinibacter,ERR1075228
46545.0,1301,genus,0.0610042,Streptococcus,ERR1075228
46545.0,838,genus,0.051619,Prevotella,ERR1075228
46545.0,1485,genus,0.0375411,Clostridium,ERR1075228
46545.0,52784,genus,0.0234632,Anaerofilum,ERR1075228
46545.0,1678,genus,0.0234632,Bifidobacterium,ERR1075228
46545.0,29465,genus,0.0187705,Veillonella,ERR1075228
46545.0,795750,genus,0.0187705,Ignavibacterium,ERR1075228
46545.0,590,genus,0.0187705,Salmonella,ERR1075228
46545.0,286,genus,0.0140779,Pseudomonas,ERR1075228
46545.0,990721,genus,0.0140779,Christensenella,ERR1075228
46545.0,207244,genus,0.0140779,Anaerostipes,ERR1075228
46545.0,264995,genus,0.00938527,Anaerofustis,ERR1075228
46545.0,1134403,genus,0.00938527,Melioribacter,ERR1075228
46545.0,1578,genus,0.00938527,Lactobacillus,ERR1075228
46545.0,84567,genus,0.00938527,Pedobacter,ERR1075228
46545.0,61434,genus,0.00938527,Dehalococcoides,ERR1075228
46545.0,233191,genus,0.00469263,Caldilinea,ERR1075228
46545.0,724,genus,0.00469263,Haemophilus,ERR1075228
46545.0,189330,genus,0.00469263,Dorea,ERR1075228
46545.0,33042,genus,0.00469263,Coprococcus,ERR1075228
46545.0,294702,genus,0.00469263,Proteiniphilum,ERR1075228
46545.0,83660,genus,0.00469263,Desulfonispora,ERR1075228
46545.0,84111,genus,0.00469263,Eggerthella,ERR1075228
46545.0,397864,genus,0.00469263,Barnesiella,ERR1075228
46545.0,653683,genus,0.00469263,Anaerosporobacter,ERR1075228
46545.0,156973,genus,0.00469263,Dysgonomonas,ERR1075228
46545.0,76831,genus,0.00469263,Myroides,ERR1075228
46545.0,117563,genus,0.00469263,Granulicatella,ERR1075228
46545.0,848,genus,0.00469263,Fusobacterium,ERR1075228
46545.0,253238,genus,0.00469263,Ethanoligenens,ERR1075228
46545.0,146813,genus,0.00469263,Dendrosporobacter,ERR1075228
46545.0,1350,genus,0.00469263,Enterococcus,ERR1075228
46545.0,28453,genus,0.00469263,Sphingobacterium,ERR1075228
46545.0,1843210,genus,0.00469263,Anaerocolumna,ERR1075228
,-1,genus,10.4833,Unknown,ERR1075228
46545.0,816,genus,52.534,Bacteroides,ERR1075228
46545.0,216851,genus,17.3205,Faecalibacterium,ERR1075228
46545.0,239759,genus,4.01689,Alistipes,ERR1075228
46545.0,1263,genus,2.79681,Ruminococcus,ERR1075228
46545.0,459786,genus,1.49695,Oscillibacter,ERR1075228
46545.0,1506553,genus,1.37025,Lachnoclostridium,ERR1075228
46545.0,1730,genus,1.32332,Eubacterium,ERR1075228
46545.0,572511,genus,1.30924,Blautia,ERR1075228
46545.0,375288,genus,1.02769,Parabacteroides,ERR1075228
46545.0,841,genus,0.825903,Roseburia,ERR1075228
46545.0,904,genus,0.71328,Acidaminococcus,ERR1075228
46545.0,44748,genus,0.323792,Sporobacter,ERR1075228
46545.0,1506577,genus,0.305021,Tyzzerella,ERR1075228
46545.0,244127,genus,0.305021,Anaerotruncus,ERR1075228
46545.0,1508657,genus,0.295636,Ruminiclostridium,ERR1075228
46545.0,61170,genus,0.215861,Holdemania,ERR1075228
46545.0,35832,genus,0.211168,Bilophila,ERR1075228
46545.0,1386,genus,0.145472,Bacillus,ERR1075228
46545.0,1017280,genus,0.140779,Pseudoflavonifractor,ERR1075228
46545.0,469,genus,0.08916,Acinetobacter,ERR1075228
46545.0,100883,genus,0.0703895,Coprobacillus,ERR1075228
46545.0,1505663,genus,0.0703895,Erysipelatoclostridium,ERR1075228
46545.0,1505657,genus,0.0610042,Intestinibacter,ERR1075228
46545.0,1301,genus,0.0610042,Streptococcus,ERR1075228
46545.0,838,genus,0.051619,Prevotella,ERR1075228
46545.0,1485,genus,0.0375411,Clostridium,ERR1075228
46545.0,52784,genus,0.0234632,Anaerofilum,ERR1075228
46545.0,1678,genus,0.0234632,Bifidobacterium,ERR1075228
46545.0,590,genus,0.0187705,Salmonella,ERR1075228
46545.0,29465,genus,0.0187705,Veillonella,ERR1075228
46545.0,795750,genus,0.0187705,Ignavibacterium,ERR1075228
46545.0,286,genus,0.0140779,Pseudomonas,ERR1075228
46545.0,990721,genus,0.0140779,Christensenella,ERR1075228
46545.0,207244,genus,0.0140779,Anaerostipes,ERR1075228
46545.0,264995,genus,0.00938527,Anaerofustis,ERR1075228
46545.0,1134403,genus,0.00938527,Melioribacter,ERR1075228
46545.0,1578,genus,0.00938527,Lactobacillus,ERR1075228
46545.0,84567,genus,0.00938527,Pedobacter,ERR1075228
46545.0,61434,genus,0.00938527,Dehalococcoides,ERR1075228
46545.0,1843210,genus,0.00469263,Anaerocolumna,ERR1075228
46545.0,724,genus,0.00469263,Haemophilus,ERR1075228
46545.0,233191,genus,0.00469263,Caldilinea,ERR1075228
46545.0,189330,genus,0.00469263,Dorea,ERR1075228
46545.0,33042,genus,0.00469263,Coprococcus,ERR1075228
46545.0,294702,genus,0.00469263,Proteiniphilum,ERR1075228
46545.0,83660,genus,0.00469263,Desulfonispora,ERR1075228
46545.0,84111,genus,0.00469263,Eggerthella,ERR1075228
46545.0,397864,genus,0.00469263,Barnesiella,ERR1075228
46545.0,653683,genus,0.00469263,Anaerosporobacter,ERR1075228
46545.0,76831,genus,0.00469263,Myroides,ERR1075228
46545.0,156973,genus,0.00469263,Dysgonomonas,ERR1075228
46545.0,848,genus,0.00469263,Fusobacterium,ERR1075228
46545.0,117563,genus,0.00469263,Granulicatella,ERR1075228
46545.0,253238,genus,0.00469263,Ethanoligenens,ERR1075228
46545.0,146813,genus,0.00469263,Dendrosporobacter,ERR1075228
46545.0,1350,genus,0.00469263,Enterococcus,ERR1075228
46545.0,28453,genus,0.00469263,Sphingobacterium,ERR1075228
,-1,genus,10.4833,Unknown,ERR1075228
47084.0,816,genus,11.7233,Bacteroides,ERR1075245
47084.0,1508657,genus,8.99122,Ruminiclostridium,ERR1075245
47084.0,239759,genus,6.42876,Alistipes,ERR1075245
47084.0,375288,genus,6.2102,Parabacteroides,ERR1075245
47084.0,459786,genus,5.60727,Oscillibacter,ERR1075245
47084.0,216851,genus,3.43294,Faecalibacterium,ERR1075245
47084.0,1730,genus,2.64913,Eubacterium,ERR1075245
47084.0,1263,genus,1.40182,Ruminococcus,ERR1075245
47084.0,1505663,genus,1.37921,Erysipelatoclostridium,ERR1075245
47084.0,572511,genus,1.22847,Blautia,ERR1075245
47084.0,44748,genus,0.889324,Sporobacter,ERR1075245
47084.0,283168,genus,0.565249,Odoribacter,ERR1075245
47084.0,838,genus,0.546407,Prevotella,ERR1075245
47084.0,244127,genus,0.425821,Anaerotruncus,ERR1075245
47084.0,35832,genus,0.373064,Bilophila,ERR1075245
47084.0,1506553,genus,0.365527,Lachnoclostridium,ERR1075245
47084.0,841,genus,0.309003,Roseburia,ERR1075245
47084.0,1301,genus,0.301466,Streptococcus,ERR1075245
47084.0,33042,genus,0.256246,Coprococcus,ERR1075245
47084.0,1485,genus,0.169575,Clostridium,ERR1075245
47084.0,1386,genus,0.154501,Bacillus,ERR1075245
47084.0,189330,genus,0.128123,Dorea,ERR1075245
47084.0,13334,genus,0.120586,Anaerobiospirillum,ERR1075245
47084.0,1505657,genus,0.116818,Intestinibacter,ERR1075245
47084.0,1678,genus,0.105513,Bifidobacterium,ERR1075245
47084.0,1573535,genus,0.0640615,Holdemanella,ERR1075245
47084.0,848,genus,0.0565249,Fusobacterium,ERR1075245
47084.0,172900,genus,0.0489882,Victivallis,ERR1075245
47084.0,397864,genus,0.0489882,Barnesiella,ERR1075245
47084.0,577310,genus,0.0414516,Parasutterella,ERR1075245
47084.0,590,genus,0.0414516,Salmonella,ERR1075245
47084.0,84108,genus,0.0414516,Slackia,ERR1075245
47084.0,1663,genus,0.0414516,Arthrobacter,ERR1075245
47084.0,207244,genus,0.0301466,Anaerostipes,ERR1075245
47084.0,52784,genus,0.0263783,Anaerofilum,ERR1075245
47084.0,233189,genus,0.0263783,Anaerolinea,ERR1075245
47084.0,1578,genus,0.0226099,Lactobacillus,ERR1075245
47084.0,61170,genus,0.0226099,Holdemania,ERR1075245
47084.0,84111,genus,0.0226099,Eggerthella,ERR1075245
47084.0,872,genus,0.0188416,Desulfovibrio,ERR1075245
47084.0,61434,genus,0.0188416,Dehalococcoides,ERR1075245
47084.0,79206,genus,0.0150733,Desulfosporosinus,ERR1075245
47084.0,2132,genus,0.0150733,Spiroplasma,ERR1075245
47084.0,561,genus,0.0150733,Escherichia,ERR1075245
47084.0,102106,genus,0.0150733,Collinsella,ERR1075245
47084.0,990721,genus,0.0150733,Christensenella,ERR1075245
47084.0,28453,genus,0.0150733,Sphingobacterium,ERR1075245
47084.0,1350,genus,0.011305,Enterococcus,ERR1075245
47084.0,233191,genus,0.011305,Caldilinea,ERR1075245
47084.0,904,genus,0.011305,Acidaminococcus,ERR1075245
47084.0,264995,genus,0.00753665,Anaerofustis,ERR1075245
47084.0,156973,genus,0.00753665,Dysgonomonas,ERR1075245
47084.0,1257,genus,0.00753665,Peptostreptococcus,ERR1075245
47084.0,577309,genus,0.00753665,Paraprevotella,ERR1075245
47084.0,286,genus,0.00753665,Pseudomonas,ERR1075245
47084.0,620,genus,0.00753665,Shigella,ERR1075245
47084.0,1378,genus,0.00753665,Gemella,ERR1075245
47084.0,84406,genus,0.00753665,Virgibacillus,ERR1075245
47084.0,187144,genus,0.00753665,Caldithrix,ERR1075245
47084.0,543311,genus,0.00753665,Parvimonas,ERR1075245
47084.0,32207,genus,0.00376832,Rothia,ERR1075245
47084.0,583,genus,0.00376832,Proteus,ERR1075245
47084.0,194,genus,0.00376832,Campylobacter,ERR1075245
47084.0,1645,genus,0.00376832,Renibacterium,ERR1075245
47084.0,1372,genus,0.00376832,Planococcus,ERR1075245
47084.0,1618113,genus,0.00376832,Saccharicrinis,ERR1075245
47084.0,346096,genus,0.00376832,Paludibacter,ERR1075245
47084.0,64,genus,0.00376832,Herpetosiphon,ERR1075245
47084.0,40544,genus,0.00376832,Sutterella,ERR1075245
47084.0,795750,genus,0.00376832,Ignavibacterium,ERR1075245
47084.0,57665,genus,0.00376832,Sulfurospirillum,ERR1075245
47084.0,1506577,genus,0.00376832,Tyzzerella,ERR1075245
47084.0,1279,genus,0.00376832,Staphylococcus,ERR1075245
47084.0,906,genus,0.00376832,Megasphaera,ERR1075245
47084.0,1637,genus,0.00376832,Listeria,ERR1075245
47084.0,898,genus,0.00376832,Desulfomicrobium,ERR1075245
47084.0,447020,genus,0.00376832,Adlercreutzia,ERR1075245
47084.0,84565,genus,0.00376832,Sodalis,ERR1075245
47084.0,53335,genus,0.00376832,Pantoea,ERR1075245
47084.0,1253,genus,0.00376832,Pediococcus,ERR1075245
47084.0,2747,genus,0.00376832,Carnobacterium,ERR1075245
47084.0,79328,genus,0.00376832,Chitinophaga,ERR1075245
47084.0,239934,genus,0.00376832,Akkermansia,ERR1075245
47084.0,379899,genus,0.00376832,Niabella,ERR1075245
47084.0,60892,genus,0.00376832,Desulfobacca,ERR1075245
47084.0,162289,genus,0.00376832,Peptoniphilus,ERR1075245
47084.0,262406,genus,0.00376832,Thermobaculum,ERR1075245
47084.0,283,genus,0.00376832,Comamonas,ERR1075245
47084.0,2086,genus,0.00376832,Anaeroplasma,ERR1075245
47084.0,581,genus,0.00376832,Morganella,ERR1075245
47084.0,1380,genus,0.00376832,Atopobium,ERR1075245
47084.0,44262,genus,0.00376832,Oxalophagus,ERR1075245
47084.0,84567,genus,0.00376832,Pedobacter,ERR1075245
47084.0,469,genus,0.00376832,Acinetobacter,ERR1075245
47084.0,1769729,genus,0.00376832,Hathewaya,ERR1075245
47084.0,570,genus,0.00376832,Klebsiella,ERR1075245
47084.0,1134403,genus,0.00376832,Melioribacter,ERR1075245
47084.0,119977,genus,0.00376832,Acidithiobacillus,ERR1075245
47084.0,2152,genus,0.00376832,Asteroleplasma,ERR1075245
,-1,genus,44.7526,Unknown,ERR1075245
35748.0,816,genus,24.3201,Bacteroides,ERR1075257
35748.0,216851,genus,9.77704,Faecalibacterium,ERR1075257
35748.0,459786,genus,8.38072,Oscillibacter,ERR1075257
35748.0,239759,genus,4.22274,Alistipes,ERR1075257
35748.0,239934,genus,3.99752,Akkermansia,ERR1075257
35748.0,375288,genus,3.38382,Parabacteroides,ERR1075257
35748.0,1263,genus,3.3613,Ruminococcus,ERR1075257
35748.0,830,genus,3.11638,Butyrivibrio,ERR1075257
35748.0,1508657,genus,2.73352,Ruminiclostridium,ERR1075257
35748.0,1730,genus,2.24086,Eubacterium,ERR1075257
35748.0,244127,genus,1.75947,Anaerotruncus,ERR1075257
35748.0,572511,genus,1.17955,Blautia,ERR1075257
35748.0,904,genus,1.1514,Acidaminococcus,ERR1075257
35748.0,44748,genus,0.754462,Sporobacter,ERR1075257
35748.0,33042,genus,0.585553,Coprococcus,ERR1075257
35748.0,1678,genus,0.554586,Bifidobacterium,ERR1075257
35748.0,283168,genus,0.487022,Odoribacter,ERR1075257
35748.0,1485,genus,0.430719,Clostridium,ERR1075257
35748.0,1506553,genus,0.374416,Lachnoclostridium,ERR1075257
35748.0,990721,genus,0.315298,Christensenella,ERR1075257
35748.0,118747,genus,0.309667,Bulleidia,ERR1075257
35748.0,189330,genus,0.216767,Dorea,ERR1075257
35748.0,1505663,genus,0.18017,Erysipelatoclostridium,ERR1075257
35748.0,1505657,genus,0.126682,Intestinibacter,ERR1075257
35748.0,84111,genus,0.121052,Eggerthella,ERR1075257
35748.0,841,genus,0.0872699,Roseburia,ERR1075257
35748.0,838,genus,0.0844547,Prevotella,ERR1075257
35748.0,61170,genus,0.0844547,Holdemania,ERR1075257
35748.0,1386,genus,0.0816396,Bacillus,ERR1075257
35748.0,39948,genus,0.0619335,Dialister,ERR1075257
35748.0,872,genus,0.0563031,Desulfovibrio,ERR1075257
35748.0,2172,genus,0.053488,Methanobrevibacter,ERR1075257
35748.0,86331,genus,0.0478577,Mogibacterium,ERR1075257
35748.0,1357,genus,0.0394122,Lactococcus,ERR1075257
35748.0,44249,genus,0.036597,Paenibacillus,ERR1075257
35748.0,270497,genus,0.0253364,Catabacter,ERR1075257
35748.0,836,genus,0.0225213,Porphyromonas,ERR1075257
35748.0,52784,genus,0.0225213,Anaerofilum,ERR1075257
35748.0,262406,genus,0.0197061,Thermobaculum,ERR1075257
35748.0,1578,genus,0.0197061,Lactobacillus,ERR1075257
35748.0,2316,genus,0.0197061,Methanosphaera,ERR1075257
35748.0,36853,genus,0.0197061,Desulfitobacterium,ERR1075257
35748.0,278993,genus,0.0168909,Thermincola,ERR1075257
35748.0,207244,genus,0.0168909,Anaerostipes,ERR1075257
35748.0,1716,genus,0.0168909,Corynebacterium,ERR1075257
35748.0,187144,genus,0.0168909,Caldithrix,ERR1075257
35748.0,233191,genus,0.0140758,Caldilinea,ERR1075257
35748.0,1754,genus,0.0140758,Thermoanaerobacter,ERR1075257
35748.0,118966,genus,0.0140758,Anaerorhabdus,ERR1075257
35748.0,397864,genus,0.0140758,Barnesiella,ERR1075257
35748.0,233189,genus,0.0112606,Anaerolinea,ERR1075257
35748.0,1301,genus,0.0112606,Streptococcus,ERR1075257
35748.0,862,genus,0.0112606,Syntrophomonas,ERR1075257
35748.0,29465,genus,0.0112606,Veillonella,ERR1075257
35748.0,286,genus,0.00844547,Pseudomonas,ERR1075257
35748.0,46255,genus,0.00844547,Weissella,ERR1075257
35748.0,48463,genus,0.00844547,Prosthecobacter,ERR1075257
35748.0,150022,genus,0.00844547,Finegoldia,ERR1075257
35748.0,84567,genus,0.00844547,Pedobacter,ERR1075257
35748.0,724,genus,0.00844547,Haemophilus,ERR1075257
35748.0,670486,genus,0.00844547,Dehalogenimonas,ERR1075257
35748.0,1506577,genus,0.00844547,Tyzzerella,ERR1075257
35748.0,79206,genus,0.00563031,Desulfosporosinus,ERR1075257
35748.0,194,genus,0.00563031,Campylobacter,ERR1075257
35748.0,100175,genus,0.00563031,Papillibacter,ERR1075257
35748.0,469,genus,0.00563031,Acinetobacter,ERR1075257
35748.0,1134403,genus,0.00563031,Melioribacter,ERR1075257
35748.0,2299,genus,0.00563031,Desulfosarcina,ERR1075257
35748.0,848,genus,0.00563031,Fusobacterium,ERR1075257
35748.0,146813,genus,0.00563031,Dendrosporobacter,ERR1075257
35748.0,795750,genus,0.00563031,Ignavibacterium,ERR1075257
35748.0,577309,genus,0.00563031,Paraprevotella,ERR1075257
35748.0,1279,genus,0.00563031,Staphylococcus,ERR1075257
35748.0,698776,genus,0.00563031,Cellulosilyticum,ERR1075257
35748.0,264995,genus,0.00563031,Anaerofustis,ERR1075257
35748.0,1505652,genus,0.00563031,Terrisporobacter,ERR1075257
35748.0,2740,genus,0.00563031,Peptococcus,ERR1075257
35748.0,1654,genus,0.00563031,Actinomyces,ERR1075257
35748.0,41273,genus,0.00281516,Tissierella,ERR1075257
35748.0,1274351,genus,0.00281516,Kroppenstedtia,ERR1075257
35748.0,162289,genus,0.00281516,Peptoniphilus,ERR1075257
35748.0,150333,genus,0.00281516,Thermobrachium,ERR1075257
35748.0,1835,genus,0.00281516,Saccharopolyspora,ERR1075257
35748.0,68335,genus,0.00281516,Coprothermobacter,ERR1075257
35748.0,253238,genus,0.00281516,Ethanoligenens,ERR1075257
35748.0,133925,genus,0.00281516,Olsenella,ERR1075257
35748.0,165779,genus,0.00281516,Anaerococcus,ERR1075257
35748.0,2701,genus,0.00281516,Gardnerella,ERR1075257
35748.0,1663,genus,0.00281516,Arthrobacter,ERR1075257
35748.0,55080,genus,0.00281516,Brevibacillus,ERR1075257
35748.0,61434,genus,0.00281516,Dehalococcoides,ERR1075257
35748.0,29330,genus,0.00281516,Alicyclobacillus,ERR1075257
35748.0,649462,genus,0.00281516,Gracilimonas,ERR1075257
35748.0,1870884,genus,0.00281516,Clostridioides,ERR1075257
35748.0,2086,genus,0.00281516,Anaeroplasma,ERR1075257
35748.0,1253,genus,0.00281516,Pediococcus,ERR1075257
35748.0,33926,genus,0.00281516,Candidatus Phytoplasma,ERR1075257
35748.0,2093,genus,0.00281516,Mycoplasma,ERR1075257
35748.0,1652133,genus,0.00281516,Halobacteriovorax,ERR1075257
35748.0,2147,genus,0.00281516,Acholeplasma,ERR1075257
35748.0,1769729,genus,0.00281516,Hathewaya,ERR1075257
35748.0,666508,genus,0.00281516,Phycisphaera,ERR1075257
35748.0,156454,genus,0.00281516,Anaeroglobus,ERR1075257
35748.0,46205,genus,0.00281516,Pseudobutyrivibrio,ERR1075257
35748.0,156973,genus,0.00281516,Dysgonomonas,ERR1075257
35748.0,577310,genus,0.00281516,Parasutterella,ERR1075257
35748.0,638847,genus,0.00281516,Pyramidobacter,ERR1075257
35748.0,379899,genus,0.00281516,Niabella,ERR1075257
35748.0,1618113,genus,0.00281516,Saccharicrinis,ERR1075257
35748.0,312278,genus,0.00281516,Emticicia,ERR1075257
35748.0,1827,genus,0.00281516,Rhodococcus,ERR1075257
35748.0,1017280,genus,0.00281516,Pseudoflavonifractor,ERR1075257
,-1,genus,24.1484,Unknown,ERR1075257
35768.0,816,genus,43.4741,Bacteroides,ERR1075275
35768.0,216851,genus,16.0077,Faecalibacterium,ERR1075275
35768.0,577309,genus,7.9652,Paraprevotella,ERR1075275
35768.0,904,genus,3.9594,Acidaminococcus,ERR1075275
35768.0,239759,genus,2.95215,Alistipes,ERR1075275
35768.0,1730,genus,2.1711,Eubacterium,ERR1075275
35768.0,572511,genus,1.63557,Blautia,ERR1075275
35768.0,1506553,genus,1.00725,Lachnoclostridium,ERR1075275
35768.0,283168,genus,0.953117,Odoribacter,ERR1075275
35768.0,841,genus,0.690188,Roseburia,ERR1075275
35768.0,1263,genus,0.668922,Ruminococcus,ERR1075275
35768.0,459786,genus,0.500725,Oscillibacter,ERR1075275
35768.0,375288,genus,0.448526,Parabacteroides,ERR1075275
35768.0,1508657,genus,0.37506,Ruminiclostridium,ERR1075275
35768.0,244127,genus,0.164331,Anaerotruncus,ERR1075275
35768.0,1678,genus,0.144998,Bifidobacterium,ERR1075275
35768.0,1505663,genus,0.0927985,Erysipelatoclostridium,ERR1075275
35768.0,189330,genus,0.0908652,Dorea,ERR1075275
35768.0,795750,genus,0.0831319,Ignavibacterium,ERR1075275
35768.0,1485,genus,0.0753987,Clostridium,ERR1075275
35768.0,35832,genus,0.0676655,Bilophila,ERR1075275
35768.0,44748,genus,0.0657322,Sporobacter,ERR1075275
35768.0,838,genus,0.057999,Prevotella,ERR1075275
35768.0,29465,genus,0.0521991,Veillonella,ERR1075275
35768.0,84111,genus,0.0425326,Eggerthella,ERR1075275
35768.0,40544,genus,0.038666,Sutterella,ERR1075275
35768.0,1301,genus,0.0347994,Streptococcus,ERR1075275
35768.0,1573534,genus,0.0309328,Faecalitalea,ERR1075275
35768.0,52784,genus,0.0270662,Anaerofilum,ERR1075275
35768.0,146813,genus,0.0251329,Dendrosporobacter,ERR1075275
35768.0,207244,genus,0.0231996,Anaerostipes,ERR1075275
35768.0,724,genus,0.0212663,Haemophilus,ERR1075275
35768.0,397864,genus,0.0173997,Barnesiella,ERR1075275
35768.0,100883,genus,0.0135331,Coprobacillus,ERR1075275
35768.0,1017280,genus,0.0135331,Pseudoflavonifractor,ERR1075275
35768.0,61170,genus,0.0135331,Holdemania,ERR1075275
35768.0,286,genus,0.0135331,Pseudomonas,ERR1075275
35768.0,1578,genus,0.00966651,Lactobacillus,ERR1075275
35768.0,990721,genus,0.00966651,Christensenella,ERR1075275
35768.0,1870884,genus,0.0077332,Clostridioides,ERR1075275
35768.0,2172,genus,0.0077332,Methanobrevibacter,ERR1075275
35768.0,1618113,genus,0.0077332,Saccharicrinis,ERR1075275
35768.0,239934,genus,0.0077332,Akkermansia,ERR1075275
35768.0,32207,genus,0.0057999,Rothia,ERR1075275
35768.0,848,genus,0.0057999,Fusobacterium,ERR1075275
35768.0,906,genus,0.0057999,Megasphaera,ERR1075275
35768.0,61434,genus,0.0057999,Dehalococcoides,ERR1075275
35768.0,194,genus,0.0038666,Campylobacter,ERR1075275
35768.0,1505657,genus,0.0038666,Intestinibacter,ERR1075275
35768.0,34098,genus,0.0038666,Blattabacterium,ERR1075275
35768.0,346096,genus,0.0038666,Paludibacter,ERR1075275
35768.0,233191,genus,0.0038666,Caldilinea,ERR1075275
35768.0,1350,genus,0.0038666,Enterococcus,ERR1075275
35768.0,39948,genus,0.0038666,Dialister,ERR1075275
35768.0,264995,genus,0.0038666,Anaerofustis,ERR1075275
35768.0,28453,genus,0.0038666,Sphingobacterium,ERR1075275
35768.0,257820,genus,0.0038666,Kerstersia,ERR1075275
35768.0,283,genus,0.0038666,Comamonas,ERR1075275
35768.0,262406,genus,0.0038666,Thermobaculum,ERR1075275
35768.0,499,genus,0.0019333,Thermomicrobium,ERR1075275
35768.0,545865,genus,0.0019333,Calditerrivibrio,ERR1075275
35768.0,507,genus,0.0019333,Alcaligenes,ERR1075275
35768.0,80865,genus,0.0019333,Delftia,ERR1075275
35768.0,41273,genus,0.0019333,Tissierella,ERR1075275
35768.0,133925,genus,0.0019333,Olsenella,ERR1075275
35768.0,195950,genus,0.0019333,Tannerella,ERR1075275
35768.0,1253,genus,0.0019333,Pediococcus,ERR1075275
35768.0,1386,genus,0.0019333,Bacillus,ERR1075275
35768.0,583,genus,0.0019333,Proteus,ERR1075275
35768.0,33042,genus,0.0019333,Coprococcus,ERR1075275
35768.0,649461,genus,0.0019333,Lacibacter,ERR1075275
35768.0,404,genus,0.0019333,Methylobacillus,ERR1075275
35768.0,1716,genus,0.0019333,Corynebacterium,ERR1075275
35768.0,482,genus,0.0019333,Neisseria,ERR1075275
35768.0,289201,genus,0.0019333,Pontibacillus,ERR1075275
35768.0,561,genus,0.0019333,Escherichia,ERR1075275
35768.0,314318,genus,0.0019333,Prolixibacter,ERR1075275
35768.0,1200657,genus,0.0019333,Saccharofermentans,ERR1075275
35768.0,872,genus,0.0019333,Desulfovibrio,ERR1075275
35768.0,32636,genus,0.0019333,Halothermothrix,ERR1075275
35768.0,698776,genus,0.0019333,Cellulosilyticum,ERR1075275
35768.0,44249,genus,0.0019333,Paenibacillus,ERR1075275
35768.0,2132,genus,0.0019333,Spiroplasma,ERR1075275
35768.0,363276,genus,0.0019333,Ktedonobacter,ERR1075275
35768.0,2316,genus,0.0019333,Methanosphaera,ERR1075275
35768.0,233189,genus,0.0019333,Anaerolinea,ERR1075275
35768.0,1279,genus,0.0019333,Staphylococcus,ERR1075275
35768.0,1843210,genus,0.0019333,Anaerocolumna,ERR1075275
35768.0,43996,genus,0.0019333,Catonella,ERR1075275
35768.0,1839,genus,0.0019333,Nocardioides,ERR1075275
35768.0,292635,genus,0.0019333,Laceyella,ERR1075275
35768.0,294702,genus,0.0019333,Proteiniphilum,ERR1075275
35768.0,577310,genus,0.0019333,Parasutterella,ERR1075275
35768.0,590,genus,0.0019333,Salmonella,ERR1075275
35768.0,1649482,genus,0.0019333,Pseudopedobacter,ERR1075275
35768.0,1835,genus,0.0019333,Saccharopolyspora,ERR1075275
35768.0,180541,genus,0.0019333,Salinisphaera,ERR1075275
35768.0,79328,genus,0.0019333,Chitinophaga,ERR1075275
35768.0,252306,genus,0.0019333,Robiginitalea,ERR1075275
,-1,genus,14.9444,Unknown,ERR1075275
